# Aspose.3D Wavefront OBJ Exporter
# Copyright 2004-2023 Aspose Pty Ltd.
# File created: 06/30/2023 20:41:20


#
# object obj_41345162
#

v 76.34114837646484376 -50.79547500610351568 -23.0625
v 84.11324310302734376 -51.70389938354492184 -23.0625
v 83.69424438476562496 -53.47178268432617184 -23.0625
v 82.87884521484375008 -55.0953826904296875 -23.0625
v 81.71099090576171872 -56.48717117309570312 -23.0625
v 80.25365447998046876 -57.57212448120117184 -23.0625
v 78.58538818359375 -58.29174041748046876 -23.0625
v 76.7961349487304688 -58.6072349548339844 -23.0625
v 74.98235321044921872 -58.50159454345703128 -23.0625
v 73.24182891845703124 -57.98051452636718752 -23.0625
v 71.66838836669921872 -57.07208633422851562 -23.0625
v 70.34685516357421876 -55.82528686523437504 -23.0625
v 69.348480224609375 -54.30732727050781248 -23.0625
v 68.72707366943359376 -52.60004425048828128 -23.0625
v 68.51615142822265624 -50.79547500610351568 -23.0625
v 68.72707366943359376 -48.99090576171875008 -23.0625
v 69.348480224609375 -47.28361892700195312 -23.0625
v 70.34685516357421876 -45.76565933227539056 -23.0625
v 71.66838836669921872 -44.51885986328125 -23.0625
v 73.24182891845703124 -43.61043167114257816 -23.0625
v 74.98235321044921872 -43.08935165405273438 -23.0625
v 76.7961349487304688 -42.98371124267578128 -23.0625
v 78.58538818359375 -43.29920578002929688 -23.0625
v 80.25365447998046876 -44.01882553100585937 -23.0625
v 81.71099090576171872 -45.1037750244140625 -23.0625
v 82.87884521484375008 -46.49556732177734376 -23.0625
v 83.69424438476562496 -48.11916732788085938 -23.0625
v 84.11324310302734376 -49.88704681396484368 -23.0625
v 84.1661529541015625 -50.79547500610351568 -23.0625
v 65.34114837646484376 -50.79547500610351568 -19.88750076293945312
v 65.63765716552734376 -53.33224868774414064 -19.88750076293945312
v 66.51119232177734376 -55.73226547241210944 -19.88750076293945312
v 67.9146652221679688 -57.86613845825195312 -19.88750076293945312
v 69.77240753173828128 -59.61882781982421872 -19.88750076293945312
v 71.98427581787109376 -60.89585113525390624 -19.88750076293945312
v 74.43102264404296872 -61.6283607482910156 -19.88750076293945312
v 76.98074340820312496 -61.7768630981445312 -19.88750076293945312
v 79.49598693847656248 -61.33335876464843752 -19.88750076293945312
v 81.84114837646484368 -60.32175445556640624 -19.88750076293945312
v 83.88980865478515632 -58.79658508300781248 -19.88750076293945312
v 85.53151702880859376 -56.84007263183593744 -19.88750076293945312
v 86.67777252197265624 -54.55769729614257816 -19.88750076293945312
v 87.26677703857421876 -49.51845169067382816 -19.88750076293945312
v 87.34114837646484376 -50.79547500610351568 -19.88750076293945312
v 87.26677703857421876 -52.0724945068359375 -19.88750076293945312
v 86.67777252197265624 -47.03325271606445312 -19.88750076293945312
v 85.53151702880859376 -44.75087356567382816 -19.88750076293945312
v 83.88980865478515632 -42.79436492919921872 -19.88750076293945312
v 81.84114837646484368 -41.269195556640625 -19.88750076293945312
v 79.49598693847656248 -40.25758743286132812 -19.88750076293945312
v 76.98074340820312496 -39.8140830993652344 -19.88750076293945312
v 74.43102264404296872 -39.96258926391601568 -19.88750076293945312
v 71.98427581787109376 -40.69509506225585936 -19.88750076293945312
v 69.77240753173828128 -41.97211837768554688 -19.88750076293945312
v 67.9146652221679688 -43.72481155395507808 -19.88750076293945312
v 66.51119232177734376 -45.85868453979492192 -19.88750076293945312
v 65.63765716552734376 -48.258697509765625 -19.88750076293945312
v 65.51081085205078128 -52.71999740600585936 30.91250038146972656
v 65.3834228515625 -51.75888824462890624 30.91250038146972656
v 65.63765716552734376 -53.33224868774414064 30.91250038146972656
v 66.0441741943359375 -54.66487884521484376 30.91250038146972656
v 65.72958374023437504 -53.69283294677734376 30.91250038146972656
v 66.51119232177734376 -55.73226547241210944 30.91250038146972656
v 66.45676422119140624 -55.6223716735839844 30.91250038146972656
v 67.9146652221679688 -57.86613845825195312 30.91250038146972656
v 66.9669265747070312 -56.55080795288085936 30.91250038146972656
v 69.0357208251953125 -59.01926040649414062 30.91250038146972656
v 69.77240753173828128 -59.61882781982421872 30.91250038146972656
v 71.00887298583984375 -60.41663742065429688 30.91250038146972656
v 71.98427581787109376 -60.89585113525390624 30.91250038146972656
v 69.87494659423828128 -59.6954345703125 30.91250038146972656
v 73.42214965820312496 -61.40110778808593752 30.91250038146972656
v 74.43102264404296872 -61.6283607482910156 30.91250038146972656
v 75.84574890136718752 -61.7843132019042968 30.91250038146972656
v 76.98074340820312496 -61.7768630981445312 30.91250038146972656
v 79.45003509521484376 -61.34766387939453124 30.91250038146972656
v 78.22524261474609376 -61.63291931152343752 30.91250038146972656
v 79.49598693847656248 -61.33335876464843752 30.91250038146972656
v 81.09033966064453124 -60.71743011474609376 30.91250038146972656
v 81.84114837646484368 -60.32175445556640624 30.91250038146972656
v 83.88980865478515632 -58.79658508300781248 30.91250038146972656
v 82.65015411376953128 -59.8063850402832032 30.91250038146972656
v 85.253570556640625 -57.24286270141601564 30.91250038146972656
v 85.53151702880859376 -56.84007263183593744 30.91250038146972656
v 84.05861663818359375 -58.63388824462890624 30.91250038146972656
v 86.19013214111328124 -55.69419860839843752 30.91250038146972656
v 86.67777252197265624 -54.55769729614257816 30.91250038146972656
v 87.22278594970703124 -52.40483856201171872 30.91250038146972656
v 86.84613037109375008 -54.05820083618164062 30.91250038146972656
v 87.26677703857421876 -52.0724945068359375 30.91250038146972656
v 87.26677703857421876 -49.51845169067382816 30.91250038146972656
v 87.34114837646484376 -50.79547500610351568 30.91250038146972656
v 86.79144287109375008 -47.36159896850585936 30.91250038146972656
v 86.83688354492187504 -47.50148010253906248 30.91250038146972656
v 87.22049713134765624 -49.17068862915039062 30.91250038146972656
v 86.69541931152343752 -47.08208847045898438 30.91250038146972656
v 86.74443817138671872 -47.22174072265625 30.91250038146972656
v 86.67777252197265624 -47.03325271606445312 30.91250038146972656
v 85.53151702880859376 -44.75087356567382816 30.91250038146972656
v 86.4197998046875 -46.38846969604492184 30.91250038146972656
v 86.53614044189453128 -46.66482925415039064 30.91250038146972656
v 83.88980865478515632 -42.79436492919921872 30.91250038146972656
v 84.90675354003906256 -43.89399719238281248 30.91250038146972656
v 82.75705718994140624 -41.8603630065917968 30.91250038146972656
v 81.84114837646484368 -41.269195556640625 30.91250038146972656
v 80.20255279541015624 -40.49549484252929688 30.91250038146972656
v 79.49598693847656248 -40.25758743286132812 30.91250038146972656
v 77.53592681884765624 -39.86055374145507808 30.91250038146972656
v 78.86539459228515632 -40.089019775390625 30.91250038146972656
v 76.98074340820312496 -39.8140830993652344 30.91250038146972656
v 74.43102264404296872 -39.96258926391601568 30.91250038146972656
v 76.243927001953125 -39.7959022521972656 30.91250038146972656
v 71.98427581787109376 -40.69509506225585936 30.91250038146972656
v 73.61204528808593752 -40.13939666748046876 30.91250038146972656
v 69.77240753173828128 -41.97211837768554688 30.91250038146972656
v 70.97441864013671872 -41.19348526000976564 30.91250038146972656
v 68.619140625 -42.9615364074707032 30.91250038146972656
v 67.9146652221679688 -43.72481155395507808 30.91250038146972656
v 67.44931793212890624 -44.31972503662109376 30.91250038146972656
v 67.63455963134765624 -44.07141494750976562 30.91250038146972656
v 67.27088165283203124 -44.57212066650390624 30.91250038146972656
v 67.359161376953125 -44.4453697204589844 30.91250038146972656
v 67.10002899169921876 -44.82875823974609376 30.91250038146972656
v 66.93612670898437504 -45.08881759643554688 30.91250038146972656
v 66.51119232177734376 -45.85868453979492192 30.91250038146972656
v 66.024688720703125 -46.97832107543945312 30.91250038146972656
v 66.43197631835937504 -46.01967620849609375 30.91250038146972656
v 65.71535491943359376 -47.95075225830078128 30.91250038146972656
v 65.63765716552734376 -48.258697509765625 30.91250038146972656
v 65.3790283203125 -49.8834114074707032 30.91250038146972656
v 65.34114837646484376 -50.79547500610351568 30.91250038146972656
v 85.255523681640625 -36.74616622924804688 47.90232849121093744
v 87.40379333496093752 -36.89085388183593744 48.03139495849609375
v 85.57494354248046872 -37.64823532104492184 46.13022613525390624
v 102.11164093017578124 -40.72000885009765624 49.44608306884765624
v 102.79950714111328128 -42.05725860595703125 49.106781005859375
v 100.68670654296875 -42.79741287231445312 47.95394134521484368
v 103.91294860839843744 -41.6387977600097656 49.67877197265625
v 97.06304931640625 -26.44192695617675784 56.27320480346679688
v 91.11943817138671876 -26.39194107055664064 56.27162933349609376
v 91.16522979736328124 -25.39547348022460936 56.3125
v 114.97772979736328128 -25.39547348022460936 56.3125
v 120.92220306396484368 -25.82489585876464848 56.31011581420898436
v 120.83453369140624992 -26.8176212310791016 56.28559494018554688
v 120.93085479736328128 -25.39547348022460936 56.3125
v 79.07367706298828125 -39.10207748413085938 39.67724609375
v 80.63632202148437504 -39.19892883300781248 39.81966018676757808
v 79.36894989013671872 -39.49995422363281248 37.59483718872070312
v 76.69235992431640624 -37.12488555908203124 47.7625808715820312
v 78.8291015625 -36.86977386474609376 47.76325988769531248
v 77.61997222900390624 -37.74443435668945312 45.82784271240234368
v 81.96128082275390624 -38.15715408325195312 43.96197509765624992
v 83.79843902587890624 -38.28046035766601564 44.11195755004882812
v 82.13260650634765624 -38.79489898681640624 42.00032806396484375
v 80.97618103027343744 -36.72540283203124992 47.77928161621093744
v 83.1206817626953125 -36.68695068359375 47.82099151611328128
v 81.60575103759765624 -37.47618484497070312 45.89662933349609376
v 83.58423614501953128 -37.51305007934570312 45.98785018920898432
v 79.61424255371093752 -37.55023193359375 45.84818267822265632
v 80.13402557373046876 -38.14454269409179688 43.86411666870117184
v 78.29003143310546876 -38.25547027587890624 43.81021499633789056
v 78.75385284423828128 -38.69679260253906248 41.7497673034667968
v 80.43986511230468752 -38.68474197387695312 41.84987640380859376
v 77.04718780517578125 -38.84403991699218752 41.69254684448242184
v 77.51406097412109376 -39.13768386840820312 39.58049774169921872
v 76.44317626953125 -38.50007247924804688 43.7856407165527344
v 75.33763885498046876 -39.13742828369140624 41.66443634033203128
v 75.92991638183593744 -39.31882095336914064 39.52311706542968752
v 74.61354064941406248 -38.88360595703124992 43.7796707153320312
v 72.51910400390625 -37.96613311767578128 47.78322601318359376
v 74.58280181884765624 -37.49152755737304688 47.77036666870117184
v 73.69273376464843752 -38.50869369506835936 45.83182144165039056
v 75.63933563232421872 -38.06386947631835938 45.82477569580078128
v 71.80226135253906256 -39.073699951171875 45.84550476074218752
v 72.82514190673828128 -39.40546417236328128 43.7852706909179688
v 70.21843719482421876 -39.23992538452148436 46.71975708007812496
v 70.51963043212890624 -38.54080581665039064 47.8012733459472656
v 69.98921966552734368 -39.74843597412109376 45.86604309082031248
v 71.10335540771484376 -40.05870819091796875 43.7990837097167968
v 72.00890350341796875 -40.17728805541992188 41.65903472900390624
v 73.64904022216796872 -39.58231353759765624 41.65543365478515624
v 74.34293365478515624 -39.65714645385742184 39.49298095703125
v 72.78054809570312496 -40.15806198120117188 39.48137664794921872
v 70.44567108154296872 -40.91363906860351568 41.67222595214843752
v 71.27352142333984376 -40.81937408447265632 39.4827232360839844
v 68.9857254028320312 -41.77557754516601568 41.69548797607421872
v 69.3740234375 -41.02628707885742187 43.41090774536132816
v 69.85300445556640624 -41.6306724548339844 39.49452209472656248
v 68.64283752441406248 -42.40410614013671872 40.02024459838867187
v 68.54743957519531248 -42.57365036010742184 39.51736831665039064
v 73.49913787841796872 -40.05984878540039062 37.30099868774414064
v 77.02335357666015625 -39.6312217712402344 35.25566101074218752
v 78.39006042480468752 -39.70547103881835936 35.35130691528320312
v 78.027435302734375 -39.7747879028320312 34.23062515258789064
v 76.46384429931640624 -39.47199630737304688 37.38380813598632816
v 77.9167556762695312 -39.41545104980468752 37.47027587890625
v 78.8397140502929688 -39.61417770385742184 36.47379684448242184
v 74.98287963867187504 -39.68270492553710936 37.33063507080078124
v 75.65264129638671872 -39.70457077026367184 35.187774658203125
v 74.2509765625 -39.93865966796875008 35.14454269409179688
v 75.35212707519531248 -39.78424835205078128 34.0989227294921875
v 77.59298706054687504 -39.85135269165039056 32.0078887939453125
v 76.29599761962890624 -39.78602981567382816 31.97890853881835936
v 76.44773101806640624 -39.7558479309082032 33.06055068969726562
v 76.69243621826171872 -39.70451736450195312 34.15395355224609376
v 77.75927734375 -39.82308959960937504 33.11504745483398438
v 74.99208068847656256 -39.8735466003417968 31.957632064819336
v 75.12989044189453124 -39.84035873413085936 33.02099609375
v 73.77915191650390624 -40.08979034423828125 32.99494171142578128
v 72.42578887939453128 -40.51722717285156248 32.97892379760742192
v 72.84662628173828128 -40.34624862670898436 35.11914825439453124
v 73.97975921630859376 -40.02712631225585937 34.06327438354492188
v 73.65473937988281248 -40.12706756591796876 31.94339370727539056
v 72.31479644775390624 -40.55977249145507816 31.9344539642333984
v 71.47287750244140624 -40.93278884887695312 35.10684967041015624
v 70.64897155761718752 -41.32682418823242188 37.28723907470703124
v 72.04331207275390625 -40.60886001586914064 37.28798675537109376
v 69.349578857421875 -42.20181655883789064 37.29691314697265624
v 70.1655426025390625 -41.69478988647460936 35.10472488403320312
v 68.9598464965820312 -42.61910629272460936 35.11163330078125
v 67.88706207275390624 -43.68344879150390624 35.12817764282226562
v 68.09221649169921876 -43.35106658935546876 36.75141143798828128
v 69.85354614257812496 -41.91863250732421872 32.96842956542968752
v 71.104827880859375 -41.12813186645507812 32.97055435180664064
v 68.70829010009765624 -42.87478637695312496 32.9720573425292968
v 67.75546264648437504 -43.88980865478515632 33.75144577026367184
v 67.70110321044921872 -43.97312927246093744 32.98184204101562496
v 93.96649169921875008 -37.89967727661132816 48.5830726623535156
v 96.1141357421875 -38.45212554931640624 48.7926139831542968
v 93.65730285644531248 -39.31731796264648436 46.96767044067382816
v 90.92169189453124992 -44.07241439819335938 41.3941001892089844
v 91.64462280273437504 -45.33018112182617188 41.38032150268554688
v 90.75484466552734368 -45.5319252014160156 40.4618568420410156
v 97.39212799072265624 -40.8706130981445312 47.44626235961914064
v 95.57191467285156248 -40.03896331787109375 47.20472717285156248
v 98.20061492919921876 -39.11235427856445312 49.00650405883789062
v 95.68617248535156248 -44.31166839599609376 44.76035690307617184
v 94.75839996337890624 -43.10799789428710938 44.73262023925781248
v 96.16608428955078124 -42.71039581298828128 45.76309967041015632
v 99.1002044677734375 -41.79666519165039056 47.6942176818847656
v 100.20491027832031248 -39.87247085571289056 49.22368621826171876
v 98.99906158447265632 -43.34316635131835936 46.95941925048828128
v 97.54592895507812496 -43.78388977050781248 46.04034805297851562
v 94.65012359619140624 -41.71407699584960936 45.49879455566406248
v 93.40676116943359376 -43.46705627441406248 43.66021728515625
v 92.85476684570312496 -45.04291152954101562 42.50608062744140624
v 92.12366485595703124 -43.78828430175781248 42.54698181152343752
v 94.59463500976562496 -44.6035804748535156 43.94243621826171872
v 90.87004089355468752 -42.70345306396484376 42.28175354003906248
v 92.070159912109375 -42.40936279296875 43.39165115356445312
v 89.74554443359375008 -42.96291732788085936 41.13636016845703124
v 90.59732055664062496 -41.45700073242187504 43.13171768188476562
v 93.00902557373046875 -40.8181114196777344 45.24209976196289064
v 91.26268768310546876 -40.0412750244140625 44.99116134643554688
v 89.00997161865234375 -40.63178253173828128 42.87873840332031248
v 89.47536468505859376 -41.7260780334472656 42.02553176879882812
v 88.42405700683593752 -41.96278381347656256 40.88787460327148432
v 87.96218872070312496 -40.87942123413085936 41.77676773071289056
v 86.98051452636718752 -41.09662246704101562 40.64722442626953128
v 88.70859527587890624 -43.18858337402343752 39.95712280273437504
v 87.45455169677734376 -42.16802215576171876 39.72074127197265632
v 87.23444366455078124 -46.24703216552734376 35.08036422729492188
v 86.57373046875 -44.9626426696777344 35.08182144165039062
v 87.17922210693359376 -44.85275650024414064 36.4124183654785156
v 89.81352233886718752 -44.32017517089843752 40.20281600952148436
v 88.74311828613281248 -45.95782470703124992 37.92864990234375008
v 87.92951965332031248 -44.70957565307617184 37.7105064392089844
v 88.81187438964843744 -44.53231048583984376 38.9744796752929688
v 89.70442199707031248 -45.7596511840820312 39.24007415771484376
v 88.24882507324218752 -46.05570220947265625 37.14371871948242188
v 86.94520568847656256 -43.54183959960937504 37.50413894653320312
v 87.77114868164062496 -43.38127136230468752 38.74576950073242192
v 86.24277496337890624 -43.67115020751953128 36.23414993286132812
v 85.67584991455078128 -43.77009201049804688 34.93782424926757808
v 85.84780883789062496 -45.08586502075195312 32.33001327514648436
v 86.12572479248046876 -45.04006195068359375 33.72042083740234376
v 86.62920379638671872 -46.35367584228515624 33.02949142456054687
v 86.81803894042968752 -46.32117080688476564 33.82994079589843744
v 84.99607849121093744 -43.88055801391601568 32.27473449707031248
v 85.25634002685546876 -43.83958053588867184 33.61728286743164064
v 84.61878967285156248 -42.6930503845214844 34.80058288574218752
v 85.14892578125 -42.60426330566406248 36.06381988525390625
v 86.0753173828125 -41.28437423706054688 39.49241638183593752
v 85.80574035644531248 -42.48781204223632816 37.306488037109375
v 86.57803344726562496 -42.34271621704101564 38.52621841430664064
v 84.53612518310546872 -41.57555389404296872 37.11663436889648438
v 85.25703430175781248 -41.44367980957031248 38.314727783203125
v 83.92304992675781248 -41.6810302734375 35.90068817138671872
v 83.42825317382812496 -41.76116180419921872 34.66953659057617184
v 83.98311614990234368 -42.79167556762695312 32.22232437133789064
v 84.22649383544921876 -42.75518035888671872 33.51923370361328128
v 82.83500671386718752 -41.8497200012207032 32.17259597778320312
v 83.06214141845703125 -41.8170242309570312 33.4259033203125
v 85.44532012939453128 -40.38205337524414064 40.41565704345703128
v 89.58638000488281248 -37.12403106689453124 48.19489288330078124
v 91.78207397460937504 -37.45779800415039064 48.38170623779296872
v 89.64456176757812496 -38.23956680297851564 46.51473617553710936
v 89.43767547607421872 -39.39644241333007816 44.74728775024414064
v 91.67227935791015624 -38.71604919433593752 46.73630523681640624
v 87.56451416015625 -38.88972854614257808 44.5146446228027344
v 87.33683013916015624 -39.94904708862304688 42.63404464721679688
v 85.61069488525390624 -39.41657638549804688 42.40159988403320312
v 85.67478942871093752 -38.52023696899414064 44.29989242553710936
v 87.60297393798828128 -37.88615036010742192 46.30967712402343752
v 83.86533355712890624 -39.0343170166015625 42.18762588500976564
v 83.85299682617187504 -39.82840347290039056 40.19667816162109376
v 82.23891448974609376 -39.43642807006835936 39.99567413330078128
v 83.06976318359375 -39.99379730224609376 39.06660079956054688
v 82.36212921142578128 -40.13358688354492188 37.9218826293945312
v 82.13706207275390624 -40.99613189697265632 34.54525375366210936
v 82.59767913818359376 -40.92257690429687504 35.74549865722656256
v 84.60199737548828128 -40.55628967285156248 39.27330780029296876
v 83.168487548828125 -40.82548141479492192 36.93548202514648432
v 83.83982086181640624 -40.70374298095703128 38.11234664916992188
v 81.7390213012695312 -40.24884414672851564 36.76542282104492192
v 80.78202056884765632 -40.4100990295410156 34.42917251586914064
v 81.20934295654296876 -40.34064865112304688 35.60018157958984376
v 81.58487701416015624 -41.07708740234375 32.12572860717773438
v 81.79627990722656256 -41.04726028442382812 33.33766555786132812
v 80.26983642578125 -40.48638916015625 32.08218765258789062
v 80.46591186523437504 -40.45830535888671872 33.25547027587890624
v 79.40052032470703128 -40.00526809692382812 34.32341766357421876
v 79.79523468017578128 -39.9372482299804688 35.4675865173339844
v 80.86045074462890624 -39.73466873168945312 37.7475700378417968
v 80.28459930419921876 -39.84739685058593744 36.61001968383789064
v 78.92752838134765632 -40.080078125 32.04263687133789062
v 79.10858154296875 -40.052520751953125 33.180694580078125
v 110.41600799560546872 -34.19269943237304688 54.45637130737304688
v 114.4234619140625 -36.14430618286132812 54.180206298828125
v 113.46331787109375 -36.82573318481445312 53.8252067565917968
v 115.66263580322265624 -35.16574859619140624 54.6236610412597656
v 108.95175933837890624 -26.58646011352539064 56.27901077270507812
v 103.00751495361328125 -26.50538825988769528 56.27589797973632812
v 103.07147979736328125 -25.39547348022460936 56.3125
v 113.7281417846679688 -30.22551536560058592 55.83720779418945312
v 119.02667236328125 -31.4787654876708984 55.74311065673828128
v 118.72406768798828128 -31.91855812072753904 55.6477088928222656
v 119.48655700683593752 -30.72854423522949216 55.8858642578125
v 114.8944168090820312 -26.6895713806152344 56.28222274780273436
v 109.02460479736328125 -25.39547348022460936 56.3125
v 120.03803253173828125 -29.62813377380371096 56.05319976806640625
v 114.259307861328125 -29.10283088684082032 56.04347991943359375
v 114.6514892578125 -27.92475128173828128 56.19217300415039064
v 120.66259002685546872 -27.75148773193359376 56.23663711547851564
v 120.55368804931640624 -28.17949104309082032 56.20521926879882812
v 108.39647674560546872 -28.79832649230957024 56.01641464233398437
v 108.73936462402343744 -27.72012519836425784 56.17973709106445312
v 107.93209075927734368 -29.82281303405761712 55.79071807861328128
v 113.06813812255859375 -31.29439544677734376 55.57438659667968752
v 112.289398193359375 -32.31096267700195312 55.25600051879882812
v 117.58655548095703128 -33.32210540771484376 55.27937698364257812
v 116.80033111572265632 -34.13599014282226562 55.01627349853515625
v 111.40200042724609376 -33.27662658691406248 54.88301467895507808
v 106.67430114746093752 -31.7171573638916016 55.15870285034179688
v 107.35507965087890624 -30.79523658752441408 55.50428009033203128
v 105.8985671997070312 -32.59005355834960936 54.75554656982421872
v 102.1124114990234375 -29.5163593292236328 55.74552536010742192
v 97.11835479736328124 -25.39547348022460936 56.3125
v 102.82101440429687504 -27.56108856201171872 56.16766357421875
v 102.51999664306640624 -28.56422042846679688 55.9901161193847656
v 96.90180969238281248 -27.4392127990722656 56.15721511840820312
v 96.64162445068359376 -28.3886127471923828 55.96735382080078128
v 96.28943634033203124 -29.29136466979980468 55.7064170837402344
v 101.60617065429687504 -30.4190025329589844 55.43612670898437504
v 101.009124755859375 -31.273590087890625 55.06412887573242188
v 100.329132080078125 -32.08150100708007812 54.6317176818847656
v 105.0366973876953125 -33.41532516479492184 54.29636383056640624
v 95.33670806884765624 -30.9616813659667968 54.98236465454101568
v 95.8521652221679688 -30.14866828918457032 55.37717056274414064
v 94.74995422363281248 -31.73153495788574224 54.52474212646484376
v 99.57404327392578128 -32.84406280517578128 54.14107131958007812
v 104.0975341796875 -34.19430923461914064 53.78269958496093744
v 107.12265777587890624 -40.30248641967773436 51.21113586425781248
v 105.10511016845703124 -39.4743690490722656 51.0120849609375
v 107.98757171630859376 -38.05331802368164062 52.38631820678710936
v 109.341522216796875 -35.0604248046875 53.97699356079101568
v 110.48336791992187504 -38.6375732421875 52.65773010253906248
v 109.358673095703125 -37.274871826171875 52.99982070922851568
v 110.66806793212890624 -36.44991302490234376 53.56338119506835936
v 113.09466552734375 -37.07267379760742188 53.68621826171875
v 106.96771240234375008 -36.65547561645507816 52.86373901367187504
v 108.188690185546875 -35.8809776306152344 53.44580841064453128
v 110.21588897705078124 -38.78257369995117184 52.54787063598632816
v 105.68888854980468752 -37.38496780395507816 52.23172378540039064
v 104.51947021484375 -36.101531982421875 52.73029708862304688
v 105.66008758544921872 -35.37235260009765624 53.33046340942382812
v 103.08995819091796875 -34.92828369140624992 53.21608734130859376
v 103.324737548828125 -36.7869758605957032 52.0802154541015625
v 102.99942016601562496 -38.71294021606445312 50.82169723510742192
v 100.81190490722656256 -38.03091812133789062 50.63539123535156248
v 106.954833984375 -40.37775421142578128 51.13491439819335938
v 98.55544281005859376 -37.43775939941406248 50.45138168334960936
v 100.9053878784179688 -36.266021728515625 51.93022537231445312
v 98.44508361816406248 -35.82560729980468752 51.78241729736328128
v 94.09880828857421876 -32.45932388305664064 54.00703048706054687
v 98.75172424316406256 -33.5625572204589844 53.5943565368652344
v 100.48906707763671872 -34.55052947998046872 53.1031341552734375
v 97.87007141113281248 -34.23821640014648436 52.99374389648437504
v 92.63092041015625 -33.79295349121093744 52.80226898193359376
v 95.96052551269531248 -35.46580505371093752 51.63956832885742184
v 93.46932983398437504 -35.18317413330078124 51.50650024414062496
v 93.39015960693359376 -33.14611434936523438 53.43196105957031248
v 93.90949249267578128 -36.53606033325195312 50.09619903564453124
v 96.24774169921875 -36.93903350830078128 50.27052688598632812
v 91.56239318847656248 -36.22578048706054688 49.93411636352539056
v 90.98847961425781248 -34.9708290100097656 51.38997650146484376
v 89.22731018066406248 -36.00089645385742187 49.7922286987304688
v 79.25897979736328124 -25.39547348022460936 56.3125
v 85.21210479736328124 -25.39547348022460936 56.3125
v 85.1759490966796875 -26.36070823669433592 56.27128219604492188
v 88.66522216796875 -32.221893310546875 53.92877578735351568
v 90.47898101806640624 -29.12875938415527344 55.68364334106445312
v 90.9859542846679688 -27.34567642211914064 56.15111541748046876
v 90.77055358886718752 -28.25764083862304688 55.9540901184082032
v 89.690185546875 -30.7519493103027344 54.93474197387695312
v 90.11695098876953124 -29.95991325378417968 55.34284210205078124
v 89.204376220703125 -31.5056819915771484 54.46237564086914064
v 84.67005157470703128 -29.04603767395019531 55.67877197265625
v 85.07054901123046875 -27.29043006896972656 56.1497955322265625
v 84.90041351318359376 -28.18532943725585936 55.95124053955078128
v 84.0464324951171875 -30.66713523864746096 54.92448425292968752
v 84.3839111328125 -29.87313461303710944 55.33549118041992188
v 83.66205596923828128 -31.42851257324218752 54.44880676269531248
v 83.23520660400390624 -32.15768814086914062 53.9115066528320312
v 87.44976043701171872 -33.54476547241210936 52.69000244140625
v 88.53287506103515624 -34.81864929199218752 51.2987060546875
v 86.089630126953125 -34.726318359375 51.24271774291992188
v 86.92244720458984368 -35.85017395019531248 49.68070220947265624
v 84.63105010986328128 -35.77198791503906256 49.61143875122070312
v 83.64188385009765624 -34.70457077026367184 51.215728759765625
v 82.271881103515625 -33.52091979980468752 52.66423034667968752
v 81.19218444824218752 -34.7594032287597656 51.20713806152343752
v 82.33283996582031248 -35.77792739868164064 49.57706069946289064
v 80.03232574462890625 -35.87516403198242192 49.56503677368164064
v 80.52158355712890624 -32.20011901855468752 53.91331100463867184
v 73.30585479736328124 -25.39547348022460936 56.3125
v 79.23259735107421876 -26.3502197265625 56.27140808105468752
v 78.86333465576171872 -29.05505561828613281 55.68067169189453128
v 79.1556854248046875 -27.27823638916015624 56.15029144287109376
v 79.0315093994140625 -28.17978668212890624 55.95234298706054688
v 78.40782928466796872 -30.727163314819336 54.92840576171875008
v 78.65437316894531248 -29.9041633605957032 55.33835220336914064
v 78.12689208984375 -31.5240421295166016 54.45383071899414064
v 73.0701446533203125 -29.16307830810546876 55.68403244018554688
v 73.24431610107421876 -27.31323814392089844 56.15119171142578124
v 73.26222991943359376 -27.00904083251953125 56.19845962524414064
v 73.0867462158203125 -29.02697372436523437 55.72906875610351568
v 75.1206207275390625 -32.44211959838867184 53.92291259765624992
v 72.44540405273437504 -32.64179229736328128 53.92916870117187504
v 72.77669525146484368 -31.06159400939941406 54.87362289428710944
v 77.81475067138671872 -32.29473495483398436 53.9176139831542968
v 72.79875946044921872 -30.94094848632812496 54.9354362487792968
v 72.94564819335937504 -30.06130218505859375 55.34342193603515624
v 77.10967254638671876 -33.75698471069335936 52.6721839904785156
v 78.74761962890624992 -34.8947677612304688 51.20903015136718752
v 79.68545532226562496 -33.6054039001464844 52.66633605957031248
v 76.31840515136718752 -35.11226654052734376 51.21610641479492188
v 77.73931121826171872 -36.06814193725585938 49.56602478027343752
v 75.46717834472656248 -36.35815048217773436 49.57379913330078128
v 73.91643524169921872 -35.41096496582031248 51.22570419311523436
v 74.55326843261718752 -33.97563934326171872 52.67966842651367184
v 72.33065032958984376 -33.116241455078125 53.59510421752929688
v 72.02530670166015625 -34.25958633422851564 52.68875122070312496
v 71.7513427734375 -35.17557144165039062 51.853515625
v 71.5538330078125 -35.78737258911132816 51.23781585693359376
v 73.231201171875 -36.74306106567382816 49.58524703979492184
v 71.0534515380859375 -37.19921112060546876 49.62302780151367184
v 86.52152252197265624 -46.37179565429687504 32.38880920410156248
v 87.9422531127929688 -46.11494827270507812 36.60112762451171872
v 69.00301361083984375 -41.09897994995117188 45.61098861694335936
v 69.44382476806640624 -39.96907806396484368 47.59495925903320312
v 69.57403564453125 -39.93906784057617184 47.39683532714843752
v 69.72658538818359376 -40.22169113159179688 45.59733581542968752
v 70.23561859130859376 -39.0543670654296875 47.53305435180664064
v 72.183319091796875 -25.39547348022460936 56.7774696350097656
v 72.1673583984375 -26.54771804809570312 56.72859954833984368
v 71.96170806884765632 -26.54451751708984376 56.98238754272460944
v 73.00077056884765625 -26.43080329895019528 56.29531478881835936
v 67.58293151855468752 -44.04911422729492188 37.21808624267578124
v 67.86383819580078128 -43.54021453857421872 39.34467315673828124
v 67.96104431152343744 -43.4449424743652344 39.24744415283203124
v 68.90995025634765632 -40.94280242919921872 46.07606887817382812
v 69.34735870361328124 -39.75559234619140624 48.09941864013671876
v 69.36627960205078128 -39.86016082763671872 47.90616989135742192
v 68.20136260986328124 -42.8812217712402344 41.46394348144531248
v 68.58483123779296872 -42.06865692138671875 43.5593910217285156
v 68.69573974609375 -42.005401611328125 43.40719604492187504
v 68.96034240722656256 -41.07661819458007812 45.74079132080078128
v 68.92933654785156256 -41.02432632446289062 45.89640426635742192
v 69.12291717529296876 -41.05267333984375 45.43427276611328128
v 68.54380035400390624 -42.06304168701171875 43.67282485961914064
v 68.51251220703125 -42.03273773193359375 43.80978775024414064
v 68.1609954833984375 -42.8928298950195312 41.5579261779785156
v 68.30469512939453124 -42.80133056640624992 41.338592529296875
v 67.95211029052734368 -43.25370788574218752 40.59074020385742184
v 67.78849029541015632 -43.58320999145507816 39.50510025024414064
v 68.12827301025390624 -42.88551712036132816 41.67180633544921872
v 68.31556701660156248 -42.47855377197265624 42.7457351684570312
v 68.29239654541015624 -42.43810272216796872 42.89236450195312496
v 68.49095153808593752 -41.97809600830078128 43.96894454956054688
v 69.34134674072265624 -39.61952209472656248 48.31452941894531248
v 68.9019699096679688 -40.83303833007812496 46.27774810791015624
v 68.90216827392578128 -40.7679443359375 46.38614654541015624
v 68.9045486450195312 -40.89138031005859376 46.17429351806640624
v 69.34276580810546876 -39.69138717651367184 48.20440673828125
v 68.48378753662109376 -41.94181060791015632 44.05636978149414062
v 68.47901916503906248 -41.8996505737304688 44.14875411987304688
v 68.47660827636718752 -41.85171508789062496 44.24586486816406248
v 69.34777069091796876 -39.45380401611328128 48.5487709045410156
v 68.90509033203124992 -40.69626998901367184 46.49918746948242184
v 68.90899658203124992 -40.61707305908203128 46.61631393432617184
v 69.34304046630859376 -39.54024124145507816 48.4294395446777344
v 69.35546875 -39.36048507690429688 48.67216873168945312
v 69.1005859375 -40.0303192138671875 47.59362030029296872
v 69.36602783203125 -39.26057052612304688 48.79926300048828128
v 68.91888427734375008 -40.53396224975585936 46.73797225952148432
v 68.47652435302734376 -41.7981033325195312 44.34748458862304688
v 68.47873687744140624 -41.73892974853515632 44.45336151123046872
v 68.27381896972656248 -42.33768463134765624 43.1482696533203125
v 67.92497253417968752 -43.24172592163085936 40.70879364013671872
v 68.1032257080078125 -42.8593788146972656 41.80464935302734368
v 68.2840576171875 -42.40987396240234376 42.97304916381835936
v 68.08580780029296875 -42.81462860107421872 41.95536041259765632
v 68.27787017822265624 -42.37637710571289064 43.05841445922851562
v 67.90444183349609376 -43.21385574340820312 40.84286880493164064
v 67.7591552734375 -43.58494567871093752 39.60765075683593752
v 67.73538970947265632 -43.57350921630859376 39.72415542602539056
v 67.89046478271484368 -43.17026138305664062 40.99195861816406256
v 67.98178863525390624 -42.96585464477539056 41.55848312377929688
v 68.07593536376953125 -42.75157165527343744 42.12270355224609376
v 68.07993316650390625 -42.78536605834960944 42.0370330810546875
v 68.27186584472656248 -42.29386520385742188 43.24241638183593752
v 68.272003173828125 -42.24499893188476564 43.34064865112304688
v 68.07379913330078125 -42.71329498291015624 42.212188720703125
v 68.27419281005859376 -42.19117355346679688 43.4427528381347656
v 68.39997100830078128 -41.88235473632812496 44.12400436401367188
v 68.07349395751953125 -42.67060089111328128 42.30532073974609376
v 67.97845458984375008 -42.93291091918945312 41.64324188232421872
v 67.71717834472656248 -43.54896926879882816 39.85379028320312496
v 67.78858947753906256 -43.32430648803710936 40.55328369140625
v 67.70449066162109376 -43.5114173889160156 39.99565124511718752
v 67.88296508789062496 -43.11116409301757812 41.15493392944335938
v 67.88591766357421872 -43.14263153076171876 41.07178497314453125
v 67.97684478759765632 -42.89582824707031248 41.73149490356445312
v 67.50455474853515624 -44.12643051147460938 37.32956314086914064
v 67.60725402832031248 -43.88883590698242192 38.50395584106445312
v 67.47076416015625 -44.15318679809570312 37.4003257751464844
v 67.1489410400390625 -44.75005340576171872 33.01918792724609375
v 67.3690185546875 -44.410888671875 35.09743881225585938
v 67.45813751220703128 -44.29205322265625 35.05507278442382812
v 67.28763580322265624 -44.51549530029296872 35.16256332397460938
v 67.6754150390625 -43.94058990478515632 37.1490020751953125
v 67.31964111328125 -44.50210952758789064 32.97430801391601568
v 67.038970947265625 -44.89583587646484368 33.91495895385742192
v 66.99235534667968752 -44.98529434204101568 33.08992767333984375
v 67.14878082275390624 -44.68026733398437504 35.35342025756835936
v 67.21417999267578124 -44.60543441772460936 35.24867248535156248
v 67.55780792236328128 -43.88673400878906256 38.71180725097656248
v 67.44060516357421872 -44.17192459106445312 37.48051071166992184
v 67.58024597167968752 -43.89305114746093744 38.60234832763671872
v 67.32450866699218752 -44.32380294799804688 37.095916748046875
v 67.39121246337890624 -44.18517684936523436 37.66702270507812496
v 67.41408538818359376 -44.18259811401367188 37.56960296630859376
v 67.53993988037109376 -43.86990737915039056 38.83161163330078128
v 67.55071258544921872 -43.90154647827148432 38.65824508666992184
v 67.55307006835937504 -43.89662170410156256 38.67609786987304688
v 67.48388671875 -44.03996658325195312 38.14050674438476562
v 67.52034759521484376 -43.96466827392578128 38.42613601684570312
v 67.53895568847656248 -43.9260292053222656 38.5689697265625
v 67.54364776611328128 -43.9162673950195312 38.6046791076660156
v 67.54599761962890624 -43.9113693237304688 38.62253570556640624
v 67.54834747314453128 -43.90646362304687504 38.64038848876953128
v 69.75381469726562496 -39.77032852172851568 47.32094573974609376
v 69.97711944580078128 -39.47062301635742184 47.36853790283203128
v 69.489990234375 -40.60569381713867184 45.42958068847656248
v 67.9007568359375 -43.63335418701171872 37.14441680908203124
v 68.217559814453125 -43.10277175903320312 39.25174713134765624
v 68.37419128417968752 -42.86014938354492192 39.35310363769531248
v 69.23641204833984376 -41.24818420410156248 43.57154464721679688
v 68.78055572509765632 -42.12915420532226562 41.48180007934570312
v 69.02516937255859375 -41.5893592834472656 43.4146728515625
v 68.59661102294921872 -42.42158889770507816 41.348175048828125
v 67.65869140625 -44.01351165771484375 35.04281234741210937
v 67.50390625 -44.24277877807617188 32.96134948730468752
v 67.78156280517578128 -43.80167007446289056 37.12418746948242188
v 68.07933807373046875 -43.29851913452148436 39.21617889404296876
v 69.286712646484375 -40.8862380981445312 45.3734779357910156
v 68.84354400634765632 -41.84418106079101568 43.35866165161132812
v 68.43710327148437504 -42.64713668823242184 41.29970932006835936
v 67.41011047363281248 -44.37379455566406248 32.9636344909667968
v 67.55478668212890624 -44.15944671630859376 35.03666305541992187
v 72.1381988525390625 -33.0869598388671875 53.8164024353027344
v 72.54836273193359376 -25.39547348022460936 56.5048789978027344
v 72.72150421142578128 -25.39547348022460936 56.42396163940429688
v 72.70508575439453128 -26.48770904541015624 56.37786102294921872
v 72.64851379394531248 -31.12861061096191406 54.89725875854492192
v 72.92356109619140624 -29.29622268676757812 55.6690025329589844
v 72.97579193115234368 -25.39547348022460936 56.34719085693359376
v 72.87736511230468752 -28.44500732421875 55.95656204223632816
v 72.95352935791015632 -27.4478092193603516 56.1666259765625
v 72.65727996826171872 -27.56004524230957032 56.24214172363281248
v 72.58030700683593752 -28.6100502014160156 56.02086639404296875
v 72.77443695068359376 -29.42099189758300784 55.66881561279296872
v 72.47645568847656248 -29.63548469543457032 55.71826934814453128
v 72.64688110351562496 -30.37441825866699216 55.30713272094726564
v 72.49687957763671872 -31.30401611328125 54.87529754638671872
v 72.19741058349609376 -31.60470581054687504 54.88674163818359376
v 72.34803771972656248 -30.63431549072265624 55.33873367309570312
v 72.19391632080078124 -29.78741073608398432 55.83926010131835936
v 72.42083740234375 -26.52808380126953128 56.5233802795410156
v 72.37333679199218752 -27.63963508605957032 56.38245773315429688
v 72.29692077636718752 -28.72701644897460944 56.15287017822265624
v 72.12091064453125 -27.67835426330566408 56.58482360839843752
v 72.04619598388671875 -28.78400230407714848 56.35065841674804688
v 71.94554138183593744 -29.86162567138671872 56.0309295654296875
v 72.066741943359375 -30.81830406188964848 55.4464683532714844
v 71.91781616210937504 -31.81748390197753904 54.97947692871093744
v 71.83895874023437504 -33.45380401611328128 53.78358840942382816
v 71.67594146728515624 -31.92234039306640624 55.15514755249023438
v 71.56450653076171872 -33.71329879760742184 53.84319305419921872
v 71.82131958007812496 -30.90852546691894528 55.63069152832031248
v 71.4197998046875 -35.17189788818359376 52.44521331787109376
v 71.24655914306640624 -36.31806564331054688 51.0243988037109375
v 71.71570587158203128 -34.76094436645507808 52.52265930175781248
v 70.95822143554687504 -36.7508621215820312 50.90738296508789056
v 70.7476730346679688 -37.75128936767578128 49.35148620605468752
v 70.47177124023437504 -38.18499374389648436 49.20440673828125
v 70.70290374755859376 -37.058013916015625 50.90214157104492192
v 71.3314208984375 -33.84293746948242192 53.99935913085937504
v 71.15331268310546876 -35.46280288696289064 52.47092819213867184
v 70.93112182617187504 -35.61095046997070312 52.6058998107910156
v 70.49346923828125 -37.21847915649414064 51.01585769653320312
v 70.230926513671875 -38.49441909790039064 49.174072265625
v 70.0357666015625 -38.66148757934570312 49.26778030395507812
v 71.82981109619140624 -25.39547348022460936 57.31565093994140624
v 71.8150711059570312 -26.51903533935546872 57.26762390136718752
v 71.7308273315429688 -26.4742374420166016 57.56485366821289064
v 70.76485443115234368 -35.6049766540527344 52.84585571289062496
v 71.91072845458984368 -25.39547348022460936 57.14250946044921876
v 71.62731170654296872 -30.89616012573242192 55.88265228271484368
v 71.84468078613281248 -28.77512168884277344 56.60397338867187504
v 71.91685485839843744 -27.6721229553222656 56.83844757080078128
v 71.74741363525390624 -29.85065078735351568 56.28371810913085936
v 71.153076171875 -33.83157348632812496 54.24608230590820312
v 71.48668670654296872 -31.90940093994140624 55.40589141845703128
v 71.49437713623046872 -30.7835636138916016 56.18572235107421876
v 71.70298767089843752 -28.70197677612304688 56.89583969116210944
v 71.77212524414062496 -27.62204360961914064 57.12627029418945312
v 71.60971069335937504 -29.75651931762695312 56.58078765869140624
v 71.0372314453125 -33.68179702758789064 54.56781005859375
v 71.35910797119140624 -31.78121948242187504 55.71535110473632816
v 70.66091918945312496 -35.44705963134765624 53.1764068603515625
v 69.89413452148437504 -38.67679595947265624 49.48367309570312496
v 70.33964538574218752 -37.22155380249023436 51.24566268920898436
v 69.81007385253906256 -38.54096221923828128 49.8106765747070312
v 70.246612548828125 -37.06870651245117188 51.57869720458984376
v 70.63269805908203128 -35.31536102294921876 53.36898803710937504
v 70.61978149414062496 -35.15208816528320312 53.57559204101562496
v 70.80831909179687504 -34.29530334472656248 54.287841796875
v 71.7530441284179688 -25.39547348022460936 57.56993865966796872
v 71.70507049560546872 -26.41463279724121096 57.85613250732421872
v 71.42476654052734376 -30.5833110809326172 56.51878738403320312
v 71.62409210205078128 -28.57300949096679688 57.20613098144531248
v 71.68996429443359376 -27.5339412689208984 57.42855834960937504
v 71.53507232666015624 -29.58994102478027344 56.90153503417968752
v 70.98495483398437504 -33.408935546875 54.9423789978027344
v 71.29505920410156248 -31.55177116394042968 56.06195068359375
v 71.41391754150390624 -30.31473159790039064 56.86045074462890624
v 71.60380554199218752 -28.4010639190673828 57.51558685302734376
v 71.66461944580078128 -27.44984436035156248 57.72109985351562496
v 71.50250244140625 -29.5310688018798828 57.16833114624023438
v 70.98129272460937504 -33.23370742797851564 55.14178848266601562
v 71.141265869140625 -32.33184051513671876 55.72483444213867184
v 71.28558349609375 -31.40566825866699216 56.24206161499023436
v 70.99127960205078128 -33.03720474243164062 55.345245361328125
v 71.231903076171875 -31.62978172302246096 56.21693420410156248
v 70.80741882324218752 -34.11026763916015624 54.49659729003906248
v 69.78975677490234368 -38.41924285888671872 50.01021957397460937
v 70.22309875488281248 -36.9374961853027344 51.77764129638671872
v 70.43180084228515624 -36.14360809326171876 52.59743118286132816
v 70.42120361328125 -35.97828674316406256 52.8096809387207032
v 70.21694183349609376 -36.85921478271484368 51.8839035034179688
v 70.21441650390625 -36.7729606628417968 51.9941444396972656
v 69.7849044799804688 -38.34576034545898436 50.11779403686523438
v 70.003082275390625 -37.61977005004882816 51.0212249755859375
v 70.00124359130859375 -37.53522491455078128 51.13296127319335938
v 69.78349304199218752 -38.264251708984375 50.23005676269531248
v 70.00286865234375 -37.44298171997070312 51.24865341186523436
v 70.215423583984375 -36.67911529541015624 52.1079559326171875
v 70.85219573974609376 -33.74654769897460944 54.83085632324218752
v 70.82011413574218752 -33.9020881652832032 54.71109390258789064
v 70.42494964599609376 -35.7834510803222656 53.03448486328125
v 70.52436065673828128 -35.37546157836914064 53.42033004760742184
v 70.62139129638671872 -34.96051788330078128 53.79293823242187504
v 70.21985626220703124 -36.57808303833007816 52.22491455078125
v 70.32337951660156248 -36.18436813354492188 52.6358604431152344
v 70.54054260253906248 -35.15640640258789062 53.64993667602539064
v 70.63649749755859376 -34.74419403076171872 54.01777267456054687
v 70.33075714111328124 -36.07654571533203125 52.75385284423828128
v 70.43191528320312496 -35.67603683471679688 53.1505584716796875
v 70.44208526611328128 -35.56255340576171872 53.26852798461914064
v 70.34133148193359376 -35.9625129699707032 52.87395095825195312
v 70.36656188964843752 -35.86375427246093744 52.97316360473632816
v 70.22759246826171876 -36.47028350830078128 52.34461212158203124
v 70.23850250244140624 -36.35614395141601564 52.46662521362304688
v 70.1146087646484375 -36.9644737243652344 51.80210876464843744
v 70.12262725830078124 -36.85711669921875008 51.92327117919921872
v 69.56491851806640624 -38.87441253662109376 49.4056396484375
v 69.78544616699218752 -38.17504119873046876 50.34662246704101564
v 70.00785064697265625 -37.343414306640625 51.36789703369140624
v 69.79067230224609376 -38.07846832275390625 50.46709060668945312
v 69.57006072998046872 -38.78225708007812496 49.52616500854492184
v 69.57828521728515624 -38.6831092834472656 49.65050125122070312
v 69.79905700683593744 -37.97488403320312496 50.59105682373046872
v 69.90814208984375008 -37.60955047607421872 51.04605484008789062
v 70.1337890625 -36.74331665039062496 52.04695892333984375
v 70.0160675048828125 -37.23691558837890624 51.49027252197265624
v 70.02741241455078125 -37.12388992309570312 51.61537170410156248
v 69.91958618164062496 -37.49771881103515624 51.17228317260742188
v 69.81050872802734368 -37.86466217041015632 50.71811676025390624
v 69.58946990966796872 -38.57729721069335936 49.77826309204101568
v 69.78768157958984368 -37.94012451171875008 50.62228012084960936
v 71.71835327148437504 -25.39547348022460936 57.90000152587890624
v 68.91730499267578128 -45.14514541625976562 51.88809204101562496
v 68.64227294921875 -43.99452972412109376 51.18695068359375
v 68.0624237060546875 -45.8526725769042968 48.9222297668457032
v 68.37521362304687504 -41.86261367797851568 47.25996398925781248
v 68.90737915039062496 -40.44587707519531248 49.37300872802734376
v 71.70515441894531248 -26.76040077209472656 62.6155433654785156
v 71.71835327148437504 -25.39547348022460936 62.66249847412109376
v 71.71835327148437504 -25.39547348022460936 61.07500076293945312
v 71.70082855224609376 -26.53431129455566408 59.44155883789062496
v 71.71835327148437504 -25.39547348022460936 59.48749923706054688
v 66.68241119384765624 -51.14744949340820312 41.64486312866210936
v 66.49542999267578128 -50.29457855224609376 41.42289352416992184
v 66.09302520751953124 -51.32166671752929688 38.78742980957031248
v 70.02185821533203125 -47.28606796264648436 53.22305679321289064
v 69.38096618652343752 -46.25798797607421876 52.5797691345214844
v 68.93661499023437504 -48.41828155517578128 50.2237548828125
v 67.8708419799804688 -48.98690795898437504 47.11920166015625
v 67.49894714355468752 -47.53712081909179688 46.52048873901367184
v 66.97037506103515632 -49.0253753662109375 44.010772705078125
v 68.38694763183593752 -47.15666580200195312 49.57804107666015624
v 68.503662109375 -50.39014816284179688 47.7076454162597656
v 67.38606262207031248 -50.609619140625 44.54001235961914064
v 67.70463562011718752 -51.3878746032714844 44.80376815795898432
v 66.94993591308593744 -51.99797821044921872 41.87001037597656256
v 68.09648895263671876 -52.14366912841796876 45.05930328369140625
v 67.29930877685546876 -52.83534622192382816 42.092742919921875
v 68.91461944580078128 -51.05277633666992188 47.9841423034667968
v 69.69872283935546872 -49.57976150512695312 50.8176231384277344
v 70.64028930664062496 -50.58376693725585936 51.33437347412109376
v 70.7573165893554688 -48.97080230712890624 53.0274200439453125
v 69.90522766113281248 -52.25687789916992188 48.48242950439453128
v 70.47228240966796872 -52.78263092041015632 48.70014190673828128
v 70.54561614990234376 -51.83839416503906256 49.88373565673828128
v 69.38368225097656248 -51.67776870727539064 48.24330139160156248
v 69.08722686767578125 -53.54708862304687504 45.52767562866210936
v 68.55889892578125 -52.86674880981445312 45.30186462402343752
v 67.72977447509765632 -53.64811706542968752 42.30804443359375
v 68.23841094970703124 -54.4246826171875 42.5116004943847656
v 69.67501831054687504 -54.17531967163085938 45.73409271240234368
v 68.82008361816406256 -55.15377426147460938 42.69997024536132816
v 70.35212707519531248 -54.28184890747070312 46.62019348144531248
v 70.31423187255859376 -54.74309158325195312 45.91973495483398432
v 69.46757507324218752 -55.8249549865722656 42.8707199096679688
v 70.18573760986328124 -56.26778030395507812 43.32807540893554688
v 67.41842651367187504 -54.87226486206054688 39.48468780517578128
v 68.09545135498046876 -55.09732818603515624 41.0855560302734375
v 67.96621704101562496 -55.69355392456054688 39.6442298889160156
v 65.99225616455078128 -53.02382659912109375 36.25773620605468752
v 65.78213500976562496 -52.08352279663085938 36.13573837280273438
v 65.66695404052734376 -52.35779953002929688 34.81379699707031248
v 66.58001708984375 -53.12481689453125 39.13990402221679688
v 66.29312896728515624 -52.22412490844726564 38.96238708496093744
v 66.42540740966796872 -53.58163833618164064 37.7622108459472656
v 66.29398345947265624 -53.96286392211914064 36.38151931762695312
v 66.9553298950195312 -54.011749267578125 39.31538391113281248
v 66.8115158081054688 -54.48911666870117184 37.91181182861328128
v 67.2882080078125 -55.36941146850585936 38.05602264404296875
v 66.68923950195312496 -54.88771057128906256 36.50379180908203128
v 66.187957763671875 -54.26512145996093752 35.0019683837890625
v 65.79828643798828128 -53.52157592773437504 33.56336975097656248
v 65.58177185058593752 -52.55717468261718752 33.49987030029296872
v 65.52893829345703128 -52.6788330078125 32.19805908203125
v 65.88075256347656256 -53.31199264526367188 34.90720748901367184
v 66.10951995849609376 -54.48506164550781248 33.62776565551757816
v 65.74713897705078128 -53.64952468872070312 32.23039245605468752
v 66.06087493896484375 -54.61939239501953128 32.26317214965820312
v 66.51758575439453128 -55.4340858459472656 33.69132995605468752
v 67.17748260498046876 -55.78472518920898432 36.6215782165527344
v 66.590576171875 -55.20389556884765624 35.09553909301757812
v 67.08812713623046875 -56.11431884765625 35.18561553955078124
v 67.0220184326171875 -56.35436630249023436 33.75249099731445312
v 66.47230529785156248 -55.57473373413085936 32.29551696777343752
v 66.98100280761718752 -56.5010948181152344 32.32662200927734376
v 67.75553131103515632 -56.64014434814453128 36.73228073120117184
v 68.70090484619140624 -55.84783172607421872 41.25368881225585936
v 68.59316253662109376 -56.46324157714843752 39.79112243652343744
v 67.85236358642578128 -56.20920562744140624 38.19173049926757812
v 68.49822998046875 -56.99564743041992192 38.31640625
v 69.29137420654296876 -57.16997528076171876 39.92330169677734368
v 70.10833740234375 -57.15771865844726562 41.539794921875
v 69.37503051757812496 -56.53779220581054688 41.40550994873046872
v 70.05234527587890625 -57.78806686401367184 40.07921981811523438
v 70.0509185791015625 -57.8039436340332032 40.039642333984375
v 69.21765899658203124 -57.71699523925781248 38.42824554443359376
v 68.41749572753906248 -57.44071960449218752 36.83378982543945312
v 70.00034332275390625 -58.36315155029296872 38.52622985839843752
v 69.15496826171875 -58.17436599731445312 36.92458724975585936
v 68.35233306884765624 -57.79415893554687504 35.34761047363281248
v 67.61955261230468752 -57.23152160644531248 33.80986022949218752
v 67.67738342285156248 -56.98226547241210944 35.27018737792968752
v 68.304107666015625 -58.05172348022460938 33.8623085021972656
v 67.58367919921875 -57.38391876220703128 32.35577774047851564
v 69.066925048828125 -58.80241012573242192 33.90900421142578128
v 68.27419281005859376 -58.20923995971679688 32.38240051269531248
v 69.10436248779296876 -58.53763580322265624 35.4166908264160156
v 69.922607421875 -59.20216751098632812 35.4767417907714844
v 69.9553146362304688 -58.85243606567382816 36.92461395263671872
v 69.04369354248046875 -58.9643592834472656 32.40606689453125
v 69.8809814453125 -59.63851165771484376 32.4265098571777344
v 69.896240234375 -59.48003387451171872 33.89934921264648432
v 68.55207061767578128 -42.84664916992187504 50.52725982666015624
v 68.637451171875 -41.66694259643554688 49.93767166137695312
v 68.0567626953125 -43.23170471191406248 47.7723312377929688
v 66.93280029296875008 -45.056793212890625 37.80136871337890624
v 67.278350830078125 -44.34091567993164064 40.1667022705078125
v 67.68553924560546872 -43.4489097595214844 42.50989913940429688
v 68.1378936767578125 -42.3936729431152344 44.79856491088867184
v 67.85736846923828128 -43.13575363159179688 45.02896499633789062
v 67.3709716796875 -44.25161361694335936 42.70994949340820312
v 67.49248504638671872 -44.64173126220703128 45.48500442504882816
v 66.96316528320312496 -45.88064193725585936 43.10538864135742188
v 66.93340301513671872 -45.19618225097656248 40.33386611938476564
v 66.67027282714843752 -46.06406402587890625 40.49868011474609376
v 66.56227111816406248 -45.95525360107421872 37.93269348144531248
v 66.66550445556640624 -45.58362579345703128 35.44741058349609376
v 66.49307250976562496 -45.9086875915527344 33.13934707641601562
v 66.27530670166015624 -46.51460647583007816 35.53939056396484376
v 66.09024810791015624 -46.86018371582031248 33.18780136108398436
v 65.97859954833984368 -47.45907592773437504 35.63001251220703128
v 66.48757171630859376 -46.93178558349609376 40.66390609741210936
v 66.28012847900390624 -46.86684036254882816 38.062103271484375
v 66.084625244140625 -47.77836990356445312 38.19171142578125
v 65.7733230590820312 -48.40355682373046872 35.72065734863281248
v 65.78420257568359376 -47.82538986206054688 33.23555374145507812
v 66.34943389892578124 -48.6197547912597656 41.01315689086914062
v 67.95658111572265632 -44.55677795410156248 48.31041336059570312
v 67.37831115722656248 -46.101837158203125 45.96603775024414064
v 66.83621978759765632 -47.46263885498046872 43.52360153198242184
v 65.93721771240234368 -49.55361938476562496 38.46535110473632816
v 65.65535736083984376 -49.33570480346679688 35.8134689331054688
v 65.57269287109375 -48.7906570434570312 33.28324127197265624
v 65.61888885498046872 -50.24463272094726564 35.91140365600585936
v 65.45128631591796872 -49.74356842041015632 33.33191680908203124
v 65.39749145507812496 -49.84809112548828128 32.112396240234375
v 65.41379547119140624 -50.67330932617187504 33.3830528259277344
v 65.35973358154296876 -50.78324508666992192 32.13852310180664062
v 65.65959167480468752 -51.15371322631835938 36.01904678344726562
v 65.45563507080078128 -51.60417556762695312 33.43911743164062496
v 65.40187072753906248 -51.71978759765625 32.16710662841796876
v 70.42317962646484376 -35.46342086791992184 54.71890258789062496
v 70.84746551513671872 -33.59855270385742184 56.07835006713867188
v 71.70085906982421872 -26.64890289306640624 61.02795028686523437
v 71.317138671875 -30.98638153076171872 58.39748764038085936
v 71.45571136474609376 -29.89186668395996096 58.78060150146484368
v 71.56730651855468752 -28.78399467468261712 59.08461761474609375
v 71.64974212646484376 -27.664306640625 59.30609130859375
v 71.153778076171875 -32.0659637451171875 57.93869400024414064
v 71.45613861083984376 -30.39140701293945312 60.34972381591796876
v 71.56755065917968752 -29.1490325927734375 60.66190338134765624
v 71.64985656738281248 -27.90080451965332032 60.88910675048828128
v 70.76138305664062496 -34.173828125 56.80767059326171872
v 70.73362731933593744 -34.72654724121093744 57.54800415039062496
v 71.15470123291015624 -32.84967041015624992 59.48383712768554688
v 71.31779479980468752 -31.62570571899414064 59.9559249877929688
v 70.29595947265625 -36.20209884643554688 55.41468811035156248
v 69.43704986572265624 -38.89876174926757808 51.33913040161132812
v 69.94772338867187504 -37.23393249511718752 53.130218505859375
v 69.7750244140625 -38.13681411743164062 53.7869834899902344
v 69.21623992919921876 -39.96345520019531248 51.9520187377929688
v 69.71982574462890624 -39.00623321533203125 54.4631919860839844
v 70.762939453125 -35.25736618041992188 58.31805801391601564
v 70.25511169433593752 -36.91245651245117184 56.12586593627929688
v 70.298248291015625 -37.59559249877929688 56.87883377075195312
v 69.77812194824218752 -39.84479904174804688 55.19267272949218752
v 69.14601898193359376 -40.99030685424804688 52.58765792846679688
v 69.22019195556640624 -41.9847373962402344 53.28632736206054688
v 71.71324157714843752 -26.85844421386718752 64.201690673828125
v 71.71835327148437504 -25.39547348022460936 64.25
v 70.85060119628906256 -35.78348159790039056 59.10523223876953124
v 71.52040100097656248 -30.87046813964843744 61.93647384643554688
v 71.60453796386718752 -29.50032615661621096 62.24942779541015624
v 71.66666412353515624 -28.12948417663574218 62.476806640625
v 71.29254150390625 -33.5984458923339844 61.06581878662109375
v 71.41586303710937504 -32.23737716674804688 61.5409507751464844
v 70.99593353271484368 -36.29227828979492188 59.8884239196777344
v 70.42782592773437504 -38.27381515502929688 57.65598678588867184
v 69.95404052734375008 -40.67952346801757816 55.95317077636718752
v 69.44515228271484376 -42.97787475585937504 54.02196502685546875
v 70.24793243408203124 -41.48654937744140624 56.70656585693359376
v 70.64340972900390624 -38.9295578002929688 58.42756271362304688
v 69.82264709472656256 -43.93817138671875008 54.74916076660156256
v 71.19460296630859376 -36.76851654052734368 60.65199661254882816
v 71.64162445068359376 -31.29514694213867188 63.50124740600585936
v 71.67429351806640624 -29.80938911437988288 63.82468032836914064
v 71.69834136962890624 -28.33069419860839844 64.0588836669921875
v 71.70420074462890624 -27.8530311584472656 64.11528778076171876
v 71.49906158447265624 -35.72935104370117184 62.03364944458007812
v 71.4385986328125 -37.19510650634765624 61.3868408203125
v 71.60123443603515624 -32.7744178771972656 63.09415054321289062
v 70.9388351440429688 -39.54159927368164064 59.171356201171875
v 71.37664794921875 -38.56533050537109376 60.7095947265625
v 71.302032470703125 -40.08655929565429688 59.87437438964843744
v 70.65175628662109376 -42.23735427856445312 57.4241943359375
v 70.34285736083984376 -44.82846832275390624 55.43351364135742184
v 71.14878082275390624 -42.90128707885742192 58.08919143676757812
v 71.18787384033203124 -42.21547698974609376 58.55375671386718752
v 70.81265258789062496 -48.18157958984375 53.79463577270507808
v 70.97726440429687504 -45.71404266357421872 55.96967315673828128
v 71.53081512451171872 -34.89095687866210944 62.3676795959472656
v 69.95732116699218752 -58.83074569702148432 37.00381088256835937
v 85.97786712646484368 -50.02551651000976562 54.37445068359375
v 83.87880706787109376 -52.5000038146972656 51.98679733276367184
v 87.17644500732421876 -52.84078598022460944 52.27991867065429688
v 88.46196746826171872 -51.64665985107421872 53.48564147949218752
v 73.93305969238281248 -51.130279541015625 51.43325805664062496
v 74.59318542480468752 -48.67843627929687504 53.88209533691406256
v 97.11835479736328124 -25.39547348022460936 64.25
v 97.0549774169921875 -27.04500770568847656 64.20589447021484376
v 109.72562408447265632 -27.19140052795410156 64.21036529541015624
v 84.38421630859375 -26.9315109252929688 64.20320129394531248
v 78.20768737792968752 -58.4235877990722656 43.72336578369140624
v 77.44256591796875 -59.15159225463867188 42.21192169189453124
v 79.27558898925781248 -59.35193252563476564 42.50173568725585936
v 93.53862762451171872 -50.72098541259765632 54.97129058837890624
v 92.002227783203125 -51.94883728027343744 53.83901596069335936
v 95.58714294433593752 -52.1898193359375 54.25707626342773436
v 81.83927917480468752 -54.74493026733398432 49.4027099609375
v 80.86276245117187504 -55.77179336547851568 48.04301834106445312
v 83.47251892089843752 -56.05461883544921875 48.35964202880859376
v 89.75588989257812496 -50.3967247009277344 54.6375732421875
v 82.84742736816406256 -53.65305709838867184 50.71811676025390624
v 85.90953063964843744 -53.97574996948242192 51.0223541259765625
v 84.67145538330078128 -55.04816436767578125 49.71492385864257816
v 88.97137451171875008 -54.22792053222656248 51.40529632568359376
v 90.47578430175781248 -53.1187744140625 52.64986801147460936
v 87.50119018554687504 -55.27337646484375 50.10677337646484376
v 86.07744598388671875 -56.25221252441406248 48.75582504272460944
v 79.92632293701171872 -56.72978210449218752 46.64152908325195312
v 79.03845977783203125 -57.61501693725585936 45.20078277587890624
v 81.23346710205078124 -57.85589599609375008 45.5137901306152344
v 82.32305908203125 -56.99168014526367184 46.95856475830078128
v 80.21416473388671876 -58.64380645751953128 44.0274505615234375
v 83.41847991943359376 -57.99822616577148432 45.90290451049804688
v 84.71243286132812496 -57.1614837646484375 47.35400390625
v 82.20796966552734376 -58.75946426391601568 44.4041748046875
v 88.72731018066406256 -56.36021041870117188 49.221832275390625
v 97.36473846435546872 -50.99153900146484368 55.36654281616210936
v 99.20632171630859376 -52.36794662475585936 54.71950531005859376
v 92.07892608642578125 -54.40426254272460936 51.85713195800781248
v 93.82052612304687504 -53.32817077636718752 53.08698272705078125
v 90.37645721435546872 -55.41574096679687504 50.56843185424804688
v 95.220977783203125 -54.50178146362304688 52.35678482055664064
v 96.67959594726562496 -53.74332046508789056 53.25960159301757812
v 92.89833831787109376 -55.66078186035156248 50.8106575012207032
v 91.41034698486328128 -56.3739051818847656 49.73690032958984368
v 85.64617919921875 -58.03847503662109375 46.35896301269531248
v 87.1457672119140625 -57.23526382446289064 47.81832885742187504
v 84.24295806884765624 -58.76740646362304688 44.8448410034179688
v 87.90451049804687504 -57.97002410888671872 46.8626708984375
v 89.59803771972656248 -57.21332550048828124 48.32064437866210936
v 86.30699920654296876 -58.6600303649902344 45.33132171630859376
v 86.81166839599609376 -58.44451904296875 45.8343429565429688
v 81.09331512451171876 -59.44221496582031248 42.8594970703125
v 82.9505691528320312 -59.41960906982421872 43.27711486816406248
v 75.62689971923828128 -60.81302261352539056 37.50065994262695312
v 75.21018981933593752 -61.17963790893554688 35.8806228637695312
v 76.53815460205078128 -61.31722640991210936 36.05040740966796875
v 76.75167083740234368 -59.79510498046875008 40.66914367675781248
v 76.143585205078125 -60.35021591186523436 39.09778976440429688
v 77.68254089355468752 -60.5149497985839844 39.34113693237304688
v 78.42822265625 -59.9768028259277344 40.93887329101562496
v 77.0490264892578125 -60.96290588378906256 37.71086120605468752
v 79.20136260986328124 -60.56032180786132816 39.63929748535156248
v 80.0869598388671875 -60.04349517822265625 41.27061080932617188
v 78.44896697998046872 -60.98973083496093744 37.9673957824707032
v 77.84222412109375008 -61.32876968383789064 36.25679779052734376
v 75.92613220214843744 -61.73130416870117184 32.64873123168945312
v 76.1603851318359375 -61.57448959350585936 34.36220932006835936
v 74.90202331542968752 -61.44620513916015624 34.24059295654296876
v 74.71091461181640624 -61.60890579223632816 32.58354568481445312
v 77.115325927734375 -61.72404098510742192 32.72732543945312496
v 77.3935546875 -61.57450485229492184 34.50944137573242184
v 79.17950439453125 -61.21236801147460936 36.49544143676757816
v 84.37364196777343752 -59.46457672119140624 43.19097518920898436
v 80.75630187988281248 -60.48405456542968752 39.98577499389648432
v 81.78351593017578128 -59.99263763427734368 41.65699768066406248
v 79.88346099853515632 -60.89143371582031248 38.26478576660156248
v 82.33519744873046876 -60.27585220336914064 40.36758422851562496
v 82.57067108154296872 -60.18415832519531248 40.7385139465332032
v 83.50569152832031248 -59.81477355957031248 42.08307647705078125
v 81.19983673095703124 -60.70997619628906248 38.30522918701171876
v 80.53789520263671872 -60.95639801025390624 36.75801467895507808
v 78.336029052734375 -61.58543395996093752 32.81770706176757808
v 78.65888977050781248 -61.44448471069335936 34.67923355102539064
v 79.6505126953125 -61.27696990966796876 33.43671798706054688
v 79.57617950439453128 -61.30311203002929688 32.91696548461914064
v 79.94432067871093744 -61.17234039306640624 34.86587524414062496
v 80.2325439453125 -61.06815338134765625 35.87791442871093744
v 78.39048004150390624 -49.15903091430664062 54.0058135986328125
v 77.24842834472656248 -51.63889694213867184 51.57298278808593752
v 80.56792449951171872 -52.09805679321289062 51.75523376464843744
v 71.89826202392578128 -57.8331413269042968 41.64351654052734376
v 72.14099884033203124 -57.090789794921875 43.13040924072265624
v 73.29002380371093752 -53.3734779357910156 48.80716323852539056
v 72.68541717529296872 -55.37247085571289064 46.03025054931640625
v 72.40431213378906248 -56.26902008056640624 44.59389495849609376
v 75.0925140380859375 -55.91851806640624992 46.18609619140625
v 75.60394287109375 -54.94455718994140624 47.59025192260742184
v 76.1368408203125 -53.9036865234375 48.95822525024414064
v 74.60723114013671872 -56.82108306884765632 44.7490196228027344
v 74.15283203125 -57.64775466918945312 43.28236770629882812
v 73.73406219482421872 -58.39399719238281248 41.7895622253417968
v 71.32131195068359376 -59.53709030151367184 37.08106231689453125
v 71.67887878417968752 -58.49140548706054688 40.13703155517578124
v 71.48562622070312496 -59.06093597412109375 38.61487960815429688
v 71.09061431884765624 -60.19088363647460936 33.99494171142578128
v 71.029754638671875 -60.35947799682617188 32.45109558105468752
v 71.18871307373046876 -59.91525650024414064 35.53968811035156248
v 72.51068878173828128 -60.48405838012695312 35.62818145751953128
v 73.0224761962890625 -59.62705612182617184 38.73959732055664064
v 73.355682373046875 -59.05527496337890625 40.27410888671875
v 72.73921966552734368 -60.1048126220703125 37.18970489501953124
v 72.23676300048828124 -60.92926025390624992 32.48564147949218752
v 72.34162139892578124 -60.76033401489257808 34.05886077880859375
v 75.58969116210937504 -58.8337364196777344 41.97761917114257808
v 82.18873596191406248 -49.61106491088867184 54.16772079467773438
v 78.2366943359375 -55.40158081054687504 47.79055786132812496
v 78.99179840087890624 -54.36284637451171872 49.15456390380859376
v 79.77104187011718752 -53.26028060913085936 50.4770545959472656
v 76.82525634765624992 -57.27071762084960936 44.94952011108398432
v 77.51231384277343752 -56.37228393554687504 46.38790130615234376
v 76.182159423828125 -58.09262847900390624 43.47840499877929688
v 73.86004638671875008 -60.90464019775390624 35.74131774902343744
v 74.58342742919921872 -60.05643081665039062 38.89960861206054688
v 75.0545501708984375 -59.48976516723632816 40.45028686523437504
v 74.18302917480468752 -60.52947235107421872 37.32883834838867188
v 73.47299194335937504 -61.34458923339843752 32.52965545654296872
v 73.62115478515625 -61.177734375 34.14043426513671876
v 81.64193725585937504 -40.76237106323242192 59.98273849487304688
v 82.11264801025390624 -39.26497650146484376 60.7574462890625
v 84.41835021972656248 -25.39547348022460936 64.25
v 83.63633728027343752 -33.1314239501953125 63.12688064575195312
v 84.12404632568359376 -30.02660369873046875 63.83734130859375008
v 84.28469085693359376 -28.4762535095214844 64.0647125244140625
v 83.90653228759765632 -31.57939910888671872 63.52383422851562496
v 82.9547119140625 -36.21993637084960936 62.09325408935546876
v 83.31767272949218752 -34.67938995361328128 62.64914321899414064
v 82.55164337158203128 -37.7496337890625 61.46181869506835936
v 95.66720581054687504 -33.61227416992187504 63.18524169921875
v 96.572021484375 -30.3408184051513672 63.85992431640624992
v 96.87020111083984368 -28.69444465637207032 64.07511138916015625
v 96.16838836669921876 -31.98111534118652336 63.56256866455078128
v 94.40377807617187504 -36.83469772338867184 62.19938278198242188
v 95.07637786865234375 -35.23118972778320312 62.73012924194335936
v 93.65728759765625 -38.41958618164062496 61.59516143798828128
v 92.84479522705078128 -39.98259735107421872 60.91960144042968752
v 79.52690887451171872 -46.49799728393554688 56.23326110839843752
v 80.62230682373046872 -43.68859100341796872 58.232818603515625
v 81.14373779296875 -42.2381591796875 59.14031982421875
v 88.07025146484375 -47.35139846801757812 56.5470008850097656
v 89.093475341796875 -45.94864273071289056 57.54693603515625
v 91.0534820556640625 -43.02964019775390625 59.3630409240722656
v 91.97421264648437504 -41.52040481567382816 60.17484283447265624
v 90.09056854248046876 -44.50687789916992184 58.48634719848632816
v 109.8183517456054688 -25.39547348022460936 64.25
v 122.39752197265625 -27.36117362976074216 64.21662902832031248
v 122.48947906494140624 -26.35652351379394532 64.24210357666015624
v 98.20369720458984376 -40.35889816284179688 61.03751754760742187
v 107.69548034667968752 -34.17763519287109376 63.28252029418945312
v 109.01904296875 -30.72842597961425776 63.89752578735351568
v 109.45528411865234376 -28.96977615356445312 64.09239959716796876
v 108.42857360839843752 -32.46513748168945312 63.62711715698242184
v 105.84776306152343744 -37.52070617675781248 62.37609100341796872
v 106.83135223388671872 -35.86361312866210944 62.86507415771484368
v 99.20418548583984376 -38.77886199951171872 61.6922645568847656
v 103.56854248046875 -40.7385292053222656 61.18873596191406248
v 93.58698272705078128 -46.34511566162109376 57.75164031982421872
v 95.99861145019531248 -43.4249267578125 59.52437591552734376
v 97.13190460205078124 -41.90859603881835936 60.31429290771484376
v 94.81367492675781248 -44.90480804443359376 58.6695594787597656
v 91.0480804443359375 -49.09430313110351562 55.73379898071289056
v 92.32845306396484376 -47.7426834106445312 56.77244567871093744
v 98.08740997314453125 -46.71819305419921872 58.01282882690429687
v 100.95064544677734368 -43.81123352050781248 59.7308387756347656
v 102.296112060546875 -42.29429244995117188 60.49295425415039064
v 99.54383087158203128 -45.28675079345703124 58.9036941528320312
v 95.0729217529296875 -49.43806076049804688 56.0452728271484375
v 96.59315490722656248 -48.102874755859375 57.05957412719726562
v 104.75630187988281248 -39.1464996337890625 61.81687927246093744
v 113.65135192871093752 -42.16248321533203124 61.30256271362304688
v 119.75086975097656256 -34.78863525390624992 63.41947174072265624
v 120.185699462890625 -34.02095413208007812 63.55648040771484376
v 121.34781646728515624 -31.50919151306152344 63.91202163696289056
v 122.04522705078125 -29.28398895263671876 64.1166839599609375
v 122.10126495361328124 -29.04662513732910156 64.1327667236328125
v 120.70687866210937504 -32.99845886230468752 63.71793746948242184
v 117.33985137939453124 -38.23050689697265624 62.62497329711914064
v 118.57830810546875 -36.59724807739257816 63.04022598266601562
v 115.91464996337890624 -39.88021469116210944 62.12910842895507812
v 116.48423767089843752 -39.24499893188476564 62.32957077026367188
v 106.73377990722656256 -47.68936920166015624 58.4628257751464844
v 110.44815063476562496 -44.9279899597167968 60.04890823364257812
v 112.69951629638671872 -43.03160476684570312 60.94048690795898432
v 109.0982513427734375 -45.97734069824218752 59.48970031738281248
v 102.34330749511718752 -50.53708267211914064 56.37737274169921872
v 105.23218536376953124 -48.70651245117187504 57.7772293090820312
v 100.85099029541015632 -51.42649459838867184 55.60813522338867184
v 122.51834869384765624 -25.39547348022460936 64.25
v 99.9256591796875 -44.39789581298828128 47.73322677612304688
v 99.89005279541015632 -44.19875335693359376 47.65176773071289064
v 103.1248016357421875 -43.18657302856445312 49.39772415161132816
v 104.55975341796875 -42.72254943847656256 50.50249099731445312
v 104.88314056396484368 -42.46865463256835936 50.70944595336914064
v 101.54865264892578128 -43.69340133666992184 48.86251449584960944
v 122.05338287353515625 -25.39547348022460936 56.7774696350097656
v 121.93740844726562496 -27.10096359252929688 56.7454872131347656
v 121.68550872802734376 -27.072021484375 56.54000854492187504
v 122.48365783691406248 -25.39547348022460936 57.56993865966796872
v 122.51834869384765624 -25.39547348022460936 57.90000152587890624
v 122.41831970214843752 -26.8834342956542968 57.87034225463867184
v 91.55064392089843752 -46.10474777221679688 41.47673797607421872
v 91.58409118652343752 -46.27079772949218752 41.52293395996093752
v 90.50440216064453128 -46.44731140136718752 40.35192489624023436
v 103.24010467529296876 -42.81089401245117184 49.39836502075195312
v 100.01152801513671875 -43.85489654541015632 47.66274261474609376
v 100.28189849853515624 -43.38113021850585936 47.76512145996093744
v 95.41342163085937504 -45.52596664428710936 44.80057144165039056
v 95.38447570800781248 -45.34247589111328124 44.73855972290039056
v 96.82536315917968752 -45.00734329223632812 45.74832916259765632
v 96.85502624511718752 -45.19647216796875 45.81636428833007808
v 96.93511199951171872 -44.70157623291015624 45.76340484619140624
v 95.48276519775390624 -45.0568695068359375 44.75346755981445312
v 94.018463134765625 -45.63526153564453128 43.69020843505859376
v 94.04795074462890625 -45.81291961669921872 43.74660873413085936
v 92.76834869384765632 -46.06025314331054688 42.65423583984375
v 92.73728942871093744 -45.88845443725585936 42.60307693481445312
v 92.80454254150390624 -45.64312744140625 42.61391830444335936
v 94.10235595703125 -45.36994934082031248 43.70363998413085936
v 91.59976196289062496 -45.87869262695312496 41.4841270446777344
v 95.70393371582031248 -44.67722320556640624 44.84587097167968752
v 103.50883483886718752 -42.28592300415039064 49.4943885803222656
v 97.1786651611328125 -44.28925704956054688 45.86165237426757808
v 92.96788024902343744 -45.32907485961914064 42.6881675720214844
v 94.29640960693359376 -45.02328872680664062 43.78794097900390624
v 91.73003387451171872 -45.5961875915527344 41.54677581787109376
v 90.49828338623046872 -46.07886886596679688 40.31388854980468752
v 87.32814025878906248 -46.56843185424804688 35.21364212036132812
v 87.91502380371093744 -46.48859405517578128 36.5536460876464844
v 87.93729400634765632 -46.65202331542968752 36.56156158447265624
v 87.41300201416015624 -46.86504745483398432 35.24481964111328124
v 88.69505310058593752 -46.70882797241210936 37.8862228393554688
v 88.65200805664062496 -46.55797576904296872 37.85429763793945312
v 89.49868774414062496 -46.43701171875 39.10343551635742188
v 90.46799468994140624 -46.28675079345703124 40.31050872802734376
v 89.53837585449218752 -46.5924644470214844 39.14014434814453124
v 87.9835205078125 -46.79889297485351568 36.58845901489257816
v 88.64580535888671872 -46.38172912597656248 37.84955215454101568
v 89.51026153564453128 -46.24584197998046876 39.102630615234375
v 86.73331451416015632 -46.93476486206054688 32.40987396240234376
v 86.62787628173828128 -46.65470886230468752 32.39501190185546872
v 86.89554595947265632 -46.62318038940429688 33.82802963256835936
v 86.99298095703124992 -46.90959930419921872 33.8528976440429688
v 103.64879608154296872 -43.32003402709960936 49.88423919677734368
v 103.75473022460937504 -43.26511383056640624 49.96036529541015632
v 102.09592437744140624 -43.82746505737304688 49.07951736450195312
v 92.42720031738281248 -46.33100509643554688 42.12266159057617188
v 92.52108764648437504 -46.30354690551757812 42.18331146240234376
v 91.89718627929687504 -46.45206451416015624 41.55360794067382816
v 104.12319183349609376 -43.03765106201171875 50.21466445922851564
v 104.26167297363281248 -42.9419021606445312 50.30723190307617188
v 100.94686126708984368 -44.08218002319335938 48.48045730590820312
v 98.019989013671875 -44.89616012573242192 46.64244079589843752
v 98.30517578125 -44.73724365234375008 46.82155227661132816
v 96.75096130371093744 -45.19300460815429688 45.7302322387695312
v 99.90888214111328128 -44.23759841918945312 47.86591339111328128
v 99.33155822753906248 -44.57857513427734376 47.5001220703125
v 101.234222412109375 -43.90354919433593744 48.6650962829589844
v 96.48690795898437504 -45.32481765747070312 45.5634765625
v 96.99652862548828128 -45.23571014404296876 45.94793701171875008
v 96.24779510498046876 -45.43227386474609376 45.40906524658203128
v 95.0203094482421875 -45.70998001098632816 44.44034957885742184
v 95.25978088378906248 -45.6055335998535156 44.59280395507812496
v 94.54208374023437504 -45.79579544067382816 44.00708389282226562
v 95.74449157714843744 -45.5227622985839844 45.00739288330078125
v 93.63298034667968752 -46.05285263061523438 43.27373123168945312
v 93.84525299072265632 -45.97549819946289056 43.41017913818359376
v 93.1710205078125 -46.14471817016601562 42.80221176147460944
v 93.069671630859375 -46.17885971069335938 42.737060546875
v 94.31594085693359376 -45.88662719726562496 43.8624382019042968
v 92.97303771972656256 -46.20880508422851564 42.67431640625
v 94.90912628173828128 -45.75418853759765632 44.36841583251953128
v 95.51640319824218752 -45.61794662475585936 44.85956573486328128
v 93.20488739013671876 -46.16082382202148438 42.91306686401367184
v 92.8812255859375 -46.23450088500976564 42.61406707763671872
v 93.86996459960937504 -46.00588226318359375 43.50315856933593752
v 93.53453063964843752 -46.084625244140625 43.20943450927734376
v 94.80387115478515632 -45.79293823242187504 44.29950332641601564
v 94.21100616455078124 -45.92457962036132816 43.79423522949218752
v 94.11168670654296876 -45.95745849609375008 43.72892379760742192
v 93.7736892700195312 -46.035858154296875 43.43970489501953128
v 92.33769226074218752 -46.35463333129882812 42.06426239013671875
v 92.56375122070312496 -46.30568313598632812 42.31244277954101564
v 92.25264739990234376 -46.3743934631347656 42.00819778442382812
v 93.44134521484375 -46.11171340942382812 43.14787673950195312
v 93.114837646484375 -46.18505859375 42.85343933105468752
v 92.79434204101562496 -46.25591278076171876 42.55640411376953128
v 92.48004913330078128 -46.32430267333984376 42.25676727294921876
v 97.53043365478515624 -45.131622314453125 46.32392883300781248
v 97.76108551025390624 -45.028045654296875 46.47611618041992184
v 103.86934661865234368 -43.19956588745117188 50.04097366333007812
v 103.99228668212890624 -43.12364959716796876 50.125823974609375
v 102.3289794921875 -43.70134353637695312 49.23984527587890624
v 100.68931579589843752 -44.2271728515625 48.31037521362304688
v 100.8142013549804688 -44.15900039672851562 48.39348602294921872
v 99.08575439453125 -44.70323181152343752 47.33818435668945312
v 100.57252502441406248 -44.28647994995117188 48.23133087158203124
v 102.20822906494140624 -43.7692832946777344 49.15753555297851562
v 100.46409606933593752 -44.33673095703125 48.15655517578125
v 98.97454833984375008 -44.75344085693359376 47.26312255859375
v 97.42626953125 -45.17245101928710938 46.2535400390625
v 98.19345855712890624 -44.96879577636718752 46.76346969604492192
v 98.8714675903320312 -44.79536437988281248 47.19223785400390624
v 98.09354400634765624 -45.00646209716796875 46.69476318359375
v 96.77458190917968752 -45.32859420776367188 45.80119705200195312
v 97.04833221435546875 -45.26997756958007812 45.9947395324707032
v 96.67441558837890624 -45.36468505859375 45.7333908081054688
v 94.70467376708984376 -45.82615280151367184 44.23372268676757812
v 95.77265930175781248 -45.56797409057617184 45.06496810913085938
v 95.41182708740234376 -45.65668487548828128 44.79048538208007808
v 96.40274810791015624 -45.42288970947265624 45.5359535217285156
v 96.138092041015625 -45.47657012939453128 45.33684539794921876
v 95.0557708740234375 -45.74273681640624992 44.51340103149414064
v 96.03521728515625 -45.51443481445312496 45.26813507080078124
v 95.67216491699218752 -45.60326385498046872 44.99774551391601568
v 95.31377410888671876 -45.68940353393554688 44.72478866577148432
v 94.96022796630859376 -45.77289199829101568 44.44927215576171872
v 94.6116943359375 -45.853759765625 44.17119216918945312
v 94.01810455322265625 -45.98520660400390624 43.66660308837890624
v 92.71246337890625 -46.27299499511718752 42.5013999938964844
v 93.35355377197265624 -46.13407516479492188 43.08915328979492188
v 92.0962677001953125 -46.40219497680664064 41.90335464477539056
v 92.950439453125 -46.21990585327148436 42.74252319335937504
v 92.63568878173828128 -46.28572082519531248 42.44913864135742184
v 93.93038940429687504 -46.00776290893554687 43.60737609863281248
v 92.02507781982421875 -46.41018295288085936 41.8547248840332032
v 94.52505493164062496 -45.87570190429687504 44.11202239990234376
v 97.14127349853515624 -45.25386047363281248 46.058685302734375
v 96.95372009277343744 -45.30118942260742188 45.9295768737792968
v 95.75833892822265632 -45.5893516540527344 45.06889724731445312
v 95.9393234252929688 -45.54578399658203128 45.20306396484375
v 95.57850646972656248 -45.63224411010742184 44.93409729003906256
v 96.489013671875 -45.41099166870117184 45.60176086425781248
v 96.3046875 -45.4566078186035156 45.46949768066406248
v 96.12145233154296876 -45.50153732299804688 45.33659744262695312
v 95.222412109375 -45.71603012084960936 44.6626014709472656
v 94.87120056152343744 -45.79716873168945312 44.38857650756835936
v 95.8505935668945312 -45.57053375244140624 45.14176559448242188
v 96.48935699462890624 -45.41644287109375 45.60406494140625
v 96.58170318603515624 -45.3937416076660156 45.66948318481445312
v 96.39727783203125 -45.43897247314453128 45.53849411010742184
v 96.76718902587890624 -45.34781646728515624 45.79984283447265632
v 96.86032867431640624 -45.32459259033203124 45.86478805541992192
v 96.67431640625 -45.37086868286132816 45.7347412109375
v 96.21393585205078124 -45.48350906372070312 45.40687561035156248
v 96.03170013427734375 -45.52736282348632816 45.27463531494140624
v 95.13787078857421876 -45.73649597167968752 44.60403823852539064
v 95.49184417724609376 -45.6548500061035156 44.8741531372070312
v 95.67063140869140624 -45.61302947998046872 45.008270263671875
v 94.7888259887695312 -45.81550979614257808 44.33142471313476564
v 92.87628173828124992 -46.23044967651367188 42.6914024353027344
v 93.19454193115234376 -46.16444015502929688 42.98057556152343744
v 93.84864807128906256 -46.02508163452148437 43.55134582519531248
v 93.77299499511718752 -46.03712081909179687 43.49860382080078128
v 94.44488525390625 -45.89192581176757808 44.05631637573242188
v 93.27125549316406248 -46.15166473388671876 43.033355712890625
v 93.12351226806640624 -46.1723785400390625 42.93089294433593744
v 91.89706420898437504 -46.41423416137695312 41.765380859375
v 92.49777221679687504 -46.29798507690429688 42.35316085815429688
v 92.56410217285156248 -46.29405593872070312 42.39970397949218752
v 92.80759429931640624 -46.23637008666992188 42.64328002929687504
v 90.88421630859375008 -46.63131713867187504 40.63523483276367184
v 91.57623291015625 -46.51495361328125 41.34230804443359376
v 92.17214202880859376 -46.3902549743652344 41.95453643798828128
v 87.73851013183593744 -47.33882141113281248 35.4234580993652344
v 87.63800811767578128 -47.23603820800781248 35.36709594726562496
v 88.264129638671875 -47.13454818725585938 36.7674446105957032
v 88.33116149902343752 -47.17464447021484376 36.80963516235351568
v 91.72853851318359376 -46.49048614501953128 41.44364929199218752
v 89.22857666015625 -47.04294967651367187 38.24782180786132812
v 89.13120269775390624 -47.02534103393554687 38.18470382690429688
v 90.07410430908203125 -46.83968734741210944 39.51918411254882816
v 90.19892883300781248 -46.83659362792968752 39.6010169982910156
v 91.14716339111328124 -46.6165122985839844 40.81255340576171872
v 91.22228240966796876 -46.6049842834472656 40.8619384765625
v 91.81085205078124992 -46.47300720214843752 41.49758529663085936
v 91.30104064941406248 -46.59035491943359376 40.91323089599609376
v 88.40383148193359376 -47.21011734008789064 36.85487365722656256
v 89.0423583984375 -47.00077438354492187 38.126220703125
v 89.96091461181640624 -46.83317947387695312 39.44362258911132816
v 91.00807952880859375 -46.63020706176757816 40.71973800659179688
v 91.07574462890625 -46.62492752075195312 40.7651329040527344
v 91.65030670166015624 -46.50447463989257816 41.39187240600585936
v 86.9411544799804688 -47.48380661010742184 32.45078659057617184
v 86.88959503173828128 -47.34811782836914064 32.44016647338867184
v 87.17583465576171876 -47.30673980712890624 33.92482376098632816
v 87.24638366699218752 -47.42979812622070312 33.9549484252929688
v 87.55014038085937504 -47.12264633178710938 35.31782531738281248
v 88.1472320556640625 -47.04060745239257812 36.6929283142089844
v 88.20280456542968752 -47.0898590087890625 36.72848510742187504
v 90.77593994140624992 -46.61977767944335936 40.55947113037109376
v 88.96217346191406256 -46.96926116943359376 38.07260894775390625
v 89.8596115112304688 -46.81703948974609376 39.37466430664062496
v 88.89077758789062496 -46.93082427978515632 38.02411651611328125
v 89.77043151855468752 -46.7912521362304688 39.31263351440429688
v 86.8377609252929688 -47.211334228515625 32.4295616149902344
v 87.11005401611328124 -47.17891693115234376 33.89730072021484368
v 90.68357849121093752 -46.59556198120117184 40.49287033081054688
v 91.78859710693359376 -46.40230941772460936 41.68704986572265624
v 103.2593994140625 -43.42863845825195312 49.57845306396484376
v 103.31776428222656248 -43.42947769165039064 49.62897872924804688
v 101.7369461059570312 -43.95879745483398432 48.8145751953125
v 100.0029296875 -44.44035720825195312 47.80778503417968752
v 100.11920928955078124 -44.44414520263671872 47.90391540527343744
v 97.24127197265625 -45.23163604736328124 46.12493515014648438
v 97.32981872558593752 -45.20581817626953124 46.18716049194335936
v 103.46420288085937504 -43.39712142944335936 49.7463455200195312
v 103.55185699462890624 -43.36409759521484376 49.81282424926757808
v 101.89785003662109376 -43.91372680664062496 48.93722152709960944
v 100.36431884765625 -44.37775421142578128 48.08624649047851562
v 101.99236297607421872 -43.87567138671875008 49.00600814819335937
v 100.27342987060546876 -44.40940093994140624 48.02059173583984375
v 98.7767410278320312 -44.82887268066406256 47.12569808959960938
v 97.61963653564453128 -45.13533782958984376 46.37887191772460936
v 98.69058227539062496 -44.85385513305664064 47.06366729736328125
v 98.0017852783203125 -45.03613662719726562 46.6303138732910156
v 97.53765869140625 -45.1552276611328125 46.31987380981445312
v 97.91835784912109376 -45.05773162841796875 46.57027816772460936
v 97.16080474853515624 -45.24982070922851564 46.06700515747070312
v 98.61318206787109376 -44.8702278137207032 47.0063018798828125
v 100.19166564941406248 -44.43156433105468752 47.95975875854492192
v 101.8126296997070312 -43.94147491455078128 48.87334823608398432
v 103.38609313964843752 -43.4189491271972656 49.6850013732910156
v 98.54470062255859376 -44.8779258728027344 46.9537391662597656
v 97.84344482421875008 -45.0711669921875 46.51479339599609376
v 97.46406555175781248 -45.1671905517578125 46.26536941528320312
v 97.08856964111328125 -45.26031112670898436 46.0135040283203125
v 97.77719879150390624 -45.07639312744140625 46.46399688720703128
v 97.02469635009765625 -45.26306533813476564 45.96454620361328128
v 96.71711730957031248 -45.35057067871093752 45.75919723510742192
v 96.9738693237304688 -45.29603958129882812 45.93964767456054688
v 94.37129974365234376 -45.90238952636718752 44.00417327880859375
v 92.99883270263671872 -46.17364501953125 42.84115219116210944
v 94.30439758300781248 -45.90706634521484368 43.9556961059570312
v 97.05356597900390625 -45.27870941162109376 45.99703598022460944
v 95.59014892578125 -45.63015747070312496 44.95149993896484368
v 95.7691650390625 -45.588623046875 45.08435821533203125
v 96.40470886230468752 -45.43790817260742184 45.54449462890625
v 96.49661254882812496 -45.41569137573242184 45.60960769653320312
v 96.86687469482421872 -45.3250732421875 45.86851501464843744
v 96.68121337890625 -45.3707313537597656 45.7393684387207032
v 96.7739181518554688 -45.347991943359375 45.80401992797851568
v 96.58878326416015624 -45.39329910278320312 45.6745643615722656
v 95.9493408203125 -45.54641723632812496 45.21659851074218752
v 96.13065338134765624 -45.50352859497070312 45.34822082519531248
v 96.313079833984375 -45.45995330810546872 45.47922515869140624
v 95.06027984619140625 -45.75075149536132816 44.54921340942382816
v 95.41232299804687504 -45.6710166931152344 44.81802368164062496
v 95.69517517089843752 -45.59999847412109376 45.03096389770507812
v 96.32780456542968752 -45.45225524902343752 45.48906326293945312
v 96.41929626464843752 -45.43046188354492184 45.55389404296875
v 96.69539642333984376 -45.36404037475585936 45.74746322631835936
v 96.7879562377929688 -45.341552734375 45.81167602539062496
v 96.51106262207031248 -45.40849685668945312 45.61856842041015624
v 96.60309600830078128 -45.3863563537597656 45.68309402465820312
v 96.0549774169921875 -45.5165977478027344 45.29365539550781248
v 96.23657989501953124 -45.473876953125 45.42407989501953128
v 92.89779663085937504 -46.15535736083984376 42.7647628784179688
v 94.19102478027343752 -45.89895629882812496 43.87009811401367184
v 95.57000732421875 -45.60245895385742184 44.9366416931152344
v 96.28852844238281248 -45.43830108642578128 45.45542526245117184
v 96.65448760986328128 -45.35208892822265624 45.71119308471679688
v 91.7000732421875 -46.3743858337402344 41.62022399902343752
v 96.92253112792968752 -45.24527740478515624 45.8807334899902344
v 103.17317962646484376 -43.39280700683593752 49.49446868896484376
v 98.43508911132812496 -44.86714553833007808 46.86354064941406256
v 90.60740661621093752 -46.55869293212890624 40.43582916259765624
v 87.47509002685546872 -46.99888610839843744 35.27669525146484376
v 88.0535736083984375 -46.9285888671875 36.63276290893554688
v 88.7747802734375 -46.83334732055664064 37.94346618652343744
v 89.62918853759765624 -46.71084976196289064 39.21065139770507812
v 89.69357299804687504 -46.75584030151367184 39.25785827636718752
v 86.78566741943359376 -47.07352447509765625 32.41933441162109376
v 87.0490875244140625 -47.04648208618164062 33.87307357788085936
v 116.87946319580078128 -35.92634963989257808 55.8730430603027344
v 117.05069732666015625 -35.64448547363281248 56.05183029174804688
v 115.76570129394531248 -36.67434692382812496 55.56919097900390624
v 122.32597351074218752 -25.39547348022460936 57.14250946044921876
v 122.40689086914062496 -25.39547348022460936 57.31565093994140624
v 122.29474639892578124 -27.05100059509277344 57.28380966186523436
v 121.01863861083984375 -30.98223686218261712 57.4310874938964844
v 120.22711944580078124 -32.23138427734375 57.17009735107421876
v 120.571533203125 -31.80902481079101568 57.1516571044921875
v 120.1442413330078125 -32.44272613525390624 57.01123046875
v 122.38499450683593752 -26.97836875915527344 57.58016204833984376
v 122.106414794921875 -28.40590667724609376 57.63641357421875
v 122.1266632080078125 -28.30959129333496092 57.7818489074707032
v 121.65594482421875 -29.67540168762207032 57.63521194458007816
v 121.61949157714843752 -29.81451797485351568 57.4863929748535156
v 122.0736846923828125 -28.49342918395996096 57.48778152465820312
v 121.57196044921875 -29.9407958984375 57.33485031127929688
v 120.96096038818359376 -31.15983009338378906 57.27772521972656248
v 122.02774810791015625 -28.57008552551269528 57.33787155151367188
v 121.51300811767578128 -30.05127143859863281 57.18256378173828124
v 120.89410400390624992 -31.32079124450683592 57.12229156494140624
v 120.85726165771484368 -31.39386749267578128 57.04443359375
v 121.96820068359375008 -28.63388824462890624 57.18885803222656248
v 121.44255065917968752 -30.14311027526855468 57.03177261352539062
v 120.81817626953124992 -31.46139526367187504 56.96684646606445312
v 120.00726318359375 -32.7205848693847656 56.77122497558593744
v 120.49362182617187504 -31.98567390441894528 56.99396133422851568
v 119.29373931884765624 -33.42405319213867184 56.85284042358398432
v 118.23082733154296876 -34.56139373779296872 56.47989654541015624
v 118.6519775390625 -34.2520751953125 56.50485610961914064
v 118.09003448486328125 -34.82500839233398432 56.30804824829101564
v 119.68076324462890624 -33.06105804443359375 56.85655212402343744
v 119.18277740478515624 -33.66413116455078128 56.68772506713867184
v 120.05451202392578125 -32.6339149475097656 56.85109710693359376
v 119.57858276367187504 -33.26559829711914064 56.69383621215820312
v 119.06766510009765625 -33.88081741333007808 56.52230453491210936
v 118.5235595703125 -34.47968673706054688 56.33664321899414064
v 117.94809722900390624 -35.06230926513671875 56.13698577880859376
v 117.87723541259765632 -35.16947555541992188 56.05248260498046875
v 119.0089111328125 -33.9788742065429688 56.4401817321777344
v 120.73355102539062496 -31.57808303833007816 56.81369781494140624
v 119.95855712890624992 -32.80059432983398432 56.69186782836914064
v 119.90851593017578128 -32.87343978881835936 56.61332702636718752
v 118.9495925903320312 -34.0692901611328125 56.35884857177734376
v 119.85726928710937504 -32.93863296508789056 56.53591918945312496
v 118.88987731933593744 -34.15149688720703124 56.27862167358398436
v 117.8067626953125 -35.26814651489257812 55.96907806396484368
v 116.71031188964843752 -36.17932510375976562 55.69623947143554688
v 116.62722778320312496 -36.293304443359375 55.60934448242187504
v 117.7369308471679688 -35.35773086547851564 55.8870925903320312
v 116.54553985595703128 -36.39807891845703128 55.52388000488281248
v 118.82997131347656256 -34.22497177124023436 56.19981765747070312
v 117.66797637939453128 -35.43766784667968752 55.80685806274414064
v 116.46555328369140624 -36.4930381774902344 55.44017410278320312
v 120.64091491699218752 -31.6676673889160156 56.66531372070312496
v 119.80496978759765632 -32.9957313537597656 56.4599647521972656
v 122.14426422119140624 -27.09358978271484376 56.99912261962890624
v 121.80860900878906256 -28.71608352661132816 56.90314483642578128
v 121.36090087890625 -30.21376228332519532 56.8848915100097656
v 121.26869201660156248 -30.26112937927246092 56.74441909790039056
v 121.59987640380859376 -28.73008155822753904 56.65010833740234376
v 121.0570831298828125 -30.28073692321777344 56.49236297607421872
v 120.54123687744140624 -31.7275276184082032 56.52421951293945312
v 120.43577575683593752 -31.75580406188964848 56.39287185668945312
v 119.64339447021484376 -33.11466598510742188 56.24399185180664064
v 118.77007293701171872 -34.28922271728515624 56.12276458740234376
v 119.75177001953124992 -33.04433059692382812 56.38577651977539064
v 118.71039581298828128 -34.34380340576171876 56.04778671264648438
v 118.65115356445312496 -34.38832855224609376 55.97520446777343744
v 117.53378295898437504 -35.56657409667968752 55.65294647216796872
v 117.60017395019531248 -35.50743865966796872 55.72870254516601568
v 116.38756561279296872 -36.57761001586914064 55.35855865478515624
v 116.31190490722656248 -36.65126419067382816 55.27936553955078124
v 117.46904754638671872 -35.61466979980468752 55.57992172241210936
v 116.23885345458984376 -36.71352767944335936 55.20291900634765624
v 118.59256744384765624 -34.42247009277343752 55.90533065795898432
v 117.40623474121093752 -35.65138244628906248 55.50992965698242184
v 116.1687164306640625 -36.76398468017578128 55.129547119140625
v 118.47824859619140624 -34.45863342285156248 55.7748908996582032
v 119.53364562988281248 -33.147491455078125 56.11301803588867188
v 119.42413330078125 -33.14170455932617188 55.99509429931640624
v 120.32601165771484376 -31.75152969360351568 56.27353286743164064
v 118.36915588378906248 -34.45109939575195312 55.65866851806640624
v 117.28733062744140624 -35.6896400451660156 55.38022613525390624
v 117.17890167236328124 -35.68011474609375 55.26599502563476564
v 116.101776123046875 -36.80228424072265632 55.05954742431640625
v 116.03830718994140625 -36.82815170288085936 54.99322128295898432
v 115.97854614257812496 -36.84140014648437504 54.93083572387695312
v 115.87107086181640624 -36.82964324951171872 54.81888198852539056
v 115.00487518310546875 -37.64597702026367184 54.8564567565917968
v 110.86469268798828128 -40.02545928955078125 53.40127563476562496
v 111.40562438964843752 -39.45399093627929688 53.79934310913085936
v 109.82560729980468752 -40.28014373779296876 53.10393524169921876
v 115.3687744140625 -37.23292922973632812 55.20117950439453124
v 112.93069458007812496 -38.57820129394531248 54.44239425659179688
v 112.43178558349609376 -39.15468215942382812 54.05258941650390625
v 113.93785095214843744 -38.22429275512695312 54.65292358398437504
v 114.1585845947265625 -37.9545783996582032 54.84042739868164064
v 115.56450653076171872 -36.96918869018554688 55.38355255126953128
v 114.38822174072265624 -37.65194702148437504 55.03252792358398437
v 113.72919464111328128 -38.45579528808593752 54.4725990295410156
v 115.18128204345703124 -37.46019363403320312 55.02460098266601562
v 115.27381896972656248 -37.35144424438476564 55.11200332641601562
v 115.09151458740234376 -37.55855941772460936 54.93930816650390624
v 113.63039398193359376 -38.5556678771972656 54.38595581054687504
v 112.20426940917968752 -39.3863525390625 53.86921310424804688
v 112.097503662109375 -39.48592376708984376 53.78155517578124992
v 110.62123870849609376 -40.25347137451171876 53.21575546264648436
v 113.53579711914062496 -38.64419937133789064 54.30210113525390624
v 111.99595642089843744 -39.57393646240234376 53.697021484375
v 110.50785827636718752 -40.35105895996093752 53.12751007080078124
v 109.25048065185546876 -40.83804702758789056 52.70005798339843752
v 107.89247131347656256 -41.34362030029296876 52.1484832763671875
v 108.20331573486328124 -41.057464599609375 52.35674667358398436
v 105.93553161621093744 -42.29469680786132812 51.1520538330078125
v 107.33836364746093752 -41.80442810058593744 51.7636833190917968
v 107.60291290283203128 -41.59394454956054688 51.94998168945312496
v 108.99456024169921872 -41.0588836669921875 52.51350784301757816
v 108.87612152099609376 -41.15295028686523438 52.42518234252929688
v 110.40060424804687504 -40.43703460693359376 53.04270172119140625
v 108.76460266113281248 -41.23550796508789064 52.34057235717773436
v 107.21659088134765624 -41.89359283447265632 51.67586135864257816
v 105.66645050048828128 -42.49202346801757816 50.96743011474609376
v 105.54315948486328128 -42.5750770568847656 50.88075256347656256
v 107.1023712158203125 -41.97150039672851568 51.5919837951660156
v 105.42790985107421872 -42.64725875854492184 50.79819869995117184
v 110.29990386962890624 -40.51095199584960936 52.96163940429687504
v 114.69638824462890624 -37.8764686584472656 54.55598449707031248
v 113.44580078125 -38.72088241577148432 54.22136688232421876
v 114.84236145019531248 -37.78590393066406256 54.6993980407714844
v 114.92170715332031248 -37.7219161987304688 54.7763786315917968
v 114.76715087890624992 -37.8375358581542968 54.62583160400390624
v 113.36075592041015624 -38.78525543212890624 54.144073486328125
v 113.28101348876953124 -38.83693313598632816 54.070526123046875
v 111.81013488769531248 -39.71340942382812496 53.53861236572265624
v 111.90003967285156256 -39.6499061584472656 53.61593627929687504
v 111.72658538818359376 -39.76407241821289056 53.46535110473632816
v 110.20613861083984376 -40.57241821289062496 52.8846321105957032
v 113.20690155029296876 -38.87558746337890624 54.00102615356445312
v 111.64974212646484376 -39.80158996582031248 53.39643478393554688
v 110.11966705322265624 -40.6210899353027344 52.81196212768554688
v 113.13871002197265624 -38.90095520019531248 53.93584823608398432
v 114.56932067871093752 -37.91523742675781248 54.42856597900390624
v 114.46311950683593752 -37.90102005004882816 54.31916427612304688
v 114.63035583496093752 -37.90243148803710944 54.49013900756835936
v 113.0767059326171875 -38.91286468505859376 53.8752479553222656
v 112.9721603393554688 -38.89597320556640624 53.7686843872070312
v 111.51731109619140624 -39.8363113403320312 53.27268981933593752
v 111.41481018066406248 -39.81655883789062496 53.1692352294921875
v 111.57989501953125 -39.82572555541992192 53.33213424682617188
v 110.04083251953125 -40.65669250488281248 52.7439079284667968
v 109.96991729736328128 -40.67900466918945312 52.6807212829589844
v 109.90719604492187504 -40.68788528442382816 52.62263107299804688
v 109.80714416503906256 -40.66511154174804688 52.52256011962890624
v 108.39553833007812496 -41.44331741333007816 52.0450592041015625
v 108.32421875 -41.46329116821289064 51.98324203491210944
v 106.99611663818359376 -42.03778839111328125 51.51233673095703128
v 108.56394195556640624 -41.36452865600585936 52.18367385864257812
v 108.66040802001953128 -41.30615234375 52.25997161865234376
v 108.47554016113281248 -41.4103355407714844 52.11194992065429688
v 106.8981857299804688 -42.0921478271484375 51.43718338012695312
v 106.80892181396484368 -42.13431167602539062 51.36679077148437504
v 105.22296905517578124 -42.75779724121093744 50.64649963378906248
v 105.32106018066406248 -42.7082557678222656 50.7200279235839844
v 105.1339569091796875 -42.7956657409667968 50.57785034179687504
v 105.0543060302734375 -42.8216667175292968 50.51430130004882816
v 106.7286376953125 -42.16406631469726562 51.30139541625976564
v 104.98427581787109376 -42.83567810058593744 50.4560546875
v 106.65760803222656248 -42.18124771118164064 51.24122238159179688
v 108.26183319091796876 -41.47012710571289064 51.92671585083007808
v 108.16464996337890624 -41.44419860839843752 51.83028793334960944
v 106.59606170654296872 -42.18574905395507812 51.18647384643554688
v 106.50215148925781248 -42.1565704345703125 51.09395217895507812
v 121.68833923339843752 -25.39547348022460936 56.5048789978027344
v 121.40544891357421872 -27.01016044616699218 56.39384841918945312
v 121.1160888671875 -26.92240524291992192 56.31037902832031248
v 114.31867980957031248 -37.7155113220214844 54.16039276123046876
v 115.70903778076171872 -36.6552772521972656 54.65152359008789064
v 119.21224212646484376 -33.01556015014648437 55.80551147460937504
v 120.1002197265625 -31.64639282226562496 56.0782318115234375
v 120.81964874267578128 -30.19893455505371092 56.29242324829101564
v 121.35358428955078124 -28.6737613677978516 56.44673919677734376
v 116.99943542480468752 -35.51932907104492184 55.09054183959960938
v 118.1728973388671875 -34.30638885498046876 55.47575378417968752
v 119.01966094970703125 -32.74973678588867184 55.68476867675781248
v 120.5714111328125 -30.02499580383300781 56.15517044067382812
v 121.08587646484375 -28.55364036560058592 56.30397796630859376
v 119.8774490356445312 -31.42372894287109376 55.94840240478515632
v 116.87615966796875008 -35.18494033813476564 54.99176788330078128
v 118.01392364501953125 -34.00327301025390625 55.36546707153320312
v 115.62226104736328128 -36.29563522338867188 54.5649986267089844
v 114.26796722412109376 -37.33654022216796876 54.08650588989257812
v 108.08367156982421875 -41.23623275756835936 51.70775604248046872
v 109.71201324462890624 -40.45973968505859376 52.39094924926757816
v 111.30418395996093752 -39.61568450927734376 53.02847671508789062
v 112.8449783325195312 -38.70166778564453128 53.61882400512695312
v 106.43377685546875 -41.94772720336914064 50.98031234741210944
v 108.152923583984375 -40.83359527587890624 51.68205261230468752
v 111.320037841796875 -39.21485137939453124 52.97975158691406256
v 112.82880401611328128 -38.30906677246093752 53.55764389038085936
v 109.75656127929687504 -40.05570602416992188 52.35413742065429688
v 106.52323913574218752 -41.55061721801757816 50.96467590332031248
v 114.30678558349609376 -36.79803848266601568 54.09600830078125
v 121.26091003417968752 -25.39547348022460936 56.34719085693359376
v 118.85533142089843744 -32.37216186523437504 55.63418197631835936
v 120.32749176025390624 -29.77811241149902336 56.08322525024414062
v 120.81414031982421872 -28.38319778442382816 56.22489929199218752
v 119.669921875 -31.107574462890625 55.88606643676757808
v 116.81108856201171872 -34.709716796875 54.96951293945312496
v 117.8977127075195312 -33.57259368896484376 55.32838439941406248
v 115.60945892333984376 -35.78450775146484368 54.55842971801757816
v 108.36158752441406248 -40.26433944702148436 51.75050735473632816
v 111.45375061035156248 -38.6461219787597656 53.02067947387695312
v 112.91696166992187504 -37.75148773193359376 53.5831298828125
v 109.9307937622070312 -39.48326873779296872 52.40952301025390624
v 106.75946044921875008 -40.99079513549804688 51.04445648193359375
v 104.20341491699218752 -48.21879577636718752 53.74697113037109376
v 102.45662689208984376 -49.24790191650390624 52.73365783691406256
v 102.91863250732421872 -48.22621917724609376 52.1531219482421875
v 100.16152191162109376 -51.79502868652343744 54.28375244140625
v 102.1031494140625 -50.64884948730468752 55.347381591796875
v 122.51834869384765624 -25.39547348022460936 61.71476364135742184
v 122.41502380371093752 -27.13819313049316406 61.68272399902343752
v 122.4183349609375 -27.032196044921875 60.41454315185546872
v 122.51834869384765624 -25.39547348022460936 62.98238372802734368
v 122.40776824951171872 -27.25297737121582032 62.95027160644531248
v 91.24558258056640624 -54.84291458129882816 44.028289794921875
v 89.96135711669921872 -55.39204025268554688 42.56301879882812496
v 90.76089477539062496 -53.97906494140624992 42.19752883911132812
v 104.88681793212890624 -46.27165603637695312 52.55839538574218752
v 101.55326843261718752 -48.03218460083007812 50.53504562377929688
v 101.72233581542968752 -46.92544937133789056 50.00584793090820312
v 97.32076263427734376 -52.00374984741210937 49.34332656860351564
v 95.69046783447265624 -52.80644607543945312 48.09827423095703124
v 96.33052062988281248 -51.56722259521484376 47.6005859375
v 104.62127685546875 -47.25600051879882812 53.15236282348632812
v 100.71797180175781248 -50.22282791137695312 51.66160964965820312
v 99.00133514404296875 -51.14198684692382812 50.5313148498535156
v 99.55287170410156248 -50.00733184814453125 49.9865684509277344
v 101.22466278076171876 -49.14375686645507812 51.09763717651367188
v 97.91689300537109376 -50.81560516357421872 48.82062530517578128
v 99.91399383544921872 -48.83453750610351568 49.44363403320312496
v 98.31078338623046876 -49.5836753845214844 48.30019760131835936
v 96.7570724487304688 -50.27861785888671876 47.10564041137695312
v 94.12481689453125 -53.54836273193359376 46.7968673706054688
v 92.63831329345703128 -54.22776794433593752 45.43990707397460936
v 93.36233520507812496 -52.8948974609375 45.00166702270507812
v 94.80766296386718752 -52.26078796386718752 46.32729339599609376
v 92.00867462158203125 -53.46813201904296872 43.62471771240234376
v 93.85235595703124992 -51.50190734863281248 44.56707000732421872
v 95.266387939453125 -50.91836547851562496 45.86092376708984368
v 92.52865600585937504 -52.02822494506835937 43.22515487670898436
v 96.98580932617187504 -48.98793029785156256 46.64632034301757816
v 105.0189971923828125 -45.29668807983398436 51.99457550048828128
v 101.76799011230468752 -45.85577392578124992 49.54761505126953128
v 100.10257720947265624 -47.66425704956054688 48.93523788452148432
v 98.51934051513671872 -48.35194015502929688 47.8150634765625
v 98.57817077636718752 -47.15863800048828124 47.40370941162109376
v 97.0515289306640625 -47.73637771606445312 46.26081085205078124
v 94.12100982666015624 -50.10248565673828124 44.16729354858398438
v 95.5152587890625 -49.57164001464843752 45.43003845214843752
v 92.81644439697265632 -50.57987213134765624 42.85919952392578128
v 94.20059967041015624 -48.74360275268554688 43.83829498291015632
v 95.58793640136718752 -48.26475906372070312 45.07197952270507812
v 92.90279388427734368 -49.17272567749023438 42.56086349487304688
v 91.309051513671875 -52.49628829956054688 41.83632659912109376
v 91.61499786376953128 -51.003204345703125 41.50692749023437504
v 86.9078369140625 -56.62581634521484376 37.85698318481445312
v 86.205841064453125 -56.89348602294921872 36.18940353393554688
v 87.1142578125 -55.37155151367187504 36.01149749755859375
v 88.8004226684570312 -55.87339019775390624 41.04520797729492188
v 87.77763366699218752 -56.28522109985351564 39.4760780334472656
v 88.64006042480468752 -54.8083457946777344 39.19725799560546876
v 89.63325500488281248 -54.42626953125 40.72127914428710944
v 87.79563903808593744 -55.12389373779296876 37.6268348693847656
v 89.23735809326171876 -53.25361251831054688 38.9228591918945312
v 90.20734405517578124 -52.90509033203124992 40.4017982482910156
v 88.41293334960937504 -53.54086685180664064 37.4008750915527344
v 87.74786376953124992 -53.7658805847167968 35.8372840881347656
v 85.68640899658203128 -57.08658981323242188 34.47494125366210936
v 85.36416625976562496 -57.20355224609375 32.71534729003906248
v 86.29744720458984376 -55.6579551696777344 32.65256881713867184
v 86.61015319824218752 -55.54999923706054688 34.35284423828125
v 86.95082855224609376 -54.0254364013671875 32.59144973754882816
v 87.25593566894531248 -53.92770767211914064 34.23360443115234376
v 88.1096954345703125 -52.14432144165039062 35.68105697631835936
v 91.70780181884765624 -49.5519447326660156 41.24082565307617188
v 89.57529449462890624 -51.68535232543945312 38.6747398376464844
v 90.53012084960937504 -51.3718910217285156 40.11168670654296876
v 88.76399993896484368 -51.94301223754882816 37.19740676879882812
v 89.67958831787109376 -50.15997695922851562 38.4777183532714844
v 90.62895202636718752 -49.88108825683593744 39.87936782836914064
v 88.8730392456054688 -50.38845443725585936 37.03713607788085937
v 88.22264862060546876 -50.56637191772460936 35.55894470214843752
v 87.32574462890625 -52.3757362365722656 32.53708648681640624
v 87.62581634521484376 -52.28873062133789064 34.1271209716796875
v 87.4434814453125 -50.76998901367187504 32.49519729614257816
v 87.74171447753906256 -50.69358825683593752 34.04449844360351562
v 102.92071533203124992 -49.94685363769531248 54.85442733764648432
v 101.051910400390625 -51.06590652465820312 53.80953216552734368
v 101.82850646972656256 -50.206298828125 53.29100799560546876
v 86.30022430419921876 -58.64812469482421872 43.49916839599609376
v 92.64964294433593752 -55.76197814941406256 49.39231872558593752
v 94.45831298828125 -54.86667251586914064 50.71017074584960936
v 96.32363128662109376 -53.90579986572265632 51.96490478515624992
v 98.22988128662109376 -52.88129043579101568 53.15618896484375
v 89.26575469970703124 -57.348052978515625 46.56898880004882816
v 90.9134597778320312 -56.58976745605468752 48.0117645263671875
v 87.72261810302734368 -58.03484344482421875 45.06456756591796875
v 93.81364440917968752 -54.9448127746582032 49.0060577392578125
v 97.35542297363281248 -53.128631591796875 51.53197097778320312
v 99.191864013671875 -52.1271209716796875 52.7019615173339844
v 95.5576171875 -54.06851959228515625 50.29986953735351564
v 90.54879760742187504 -56.49858856201171872 46.23528289794921876
v 92.1388702392578125 -55.75551605224609376 47.6510047912597656
v 89.05907440185546875 -57.1719818115234375 44.75955963134765632
v 87.68544006347656248 -57.77363204956054688 43.224609375
v 82.14362335205078124 -60.32636642456054688 36.64476013183593752
v 82.92025756835937504 -60.02697372436523437 38.4453125
v 83.88275146484375008 -59.64617156982421872 40.18861007690429688
v 85.0148468017578125 -59.18590164184570312 41.87355804443359376
v 81.21265411376953124 -60.67340087890625 32.87693786621093744
v 81.56906127929687504 -60.54245376586914064 34.78818511962890624
v 83.66864013671875 -59.42183685302734376 36.51219558715820312
v 85.34975433349609376 -58.75346755981445312 39.9807052612304688
v 86.44371032714843752 -58.30147552490234376 41.63131713867187504
v 84.41944885253906248 -59.12758636474609376 38.27390670776367188
v 82.7684326171875 -59.7630729675292968 32.82985687255859376
v 83.1130828857421875 -59.63429260253906248 34.69699478149414064
v 88.92411804199218752 -56.67481613159179688 42.91045761108398432
v 103.63139343261718752 -49.12675857543945312 54.31925582885742188
v 94.8425216674804688 -53.9473915100097656 48.57253646850585936
v 98.26145935058593752 -52.19589996337890624 51.05207443237304688
v 100.03374481201171875 -51.22993850708007812 52.20183181762695312
v 96.52614593505859376 -53.10234451293945312 49.84214401245117184
v 91.68988037109375 -55.44558334350585936 45.85671997070312496
v 93.22542572021484376 -54.7291221618652344 47.24383544921875
v 90.25102996826171876 -56.09480667114257812 44.41196060180664064
v 85.0429534912109375 -58.263397216796875 36.35910415649414064
v 86.66748046875 -57.61928558349609376 39.74137878417968752
v 87.72447204589843744 -57.18363189697265624 41.35321807861328124
v 85.76852416992187504 -57.97984313964843744 38.076202392578125
v 84.17293548583984376 -58.5921669006347656 32.77547836303710944
v 84.50604248046875 -58.46810150146484376 34.59162902832031248
v 114.71499633789062496 -41.08974456787109375 60.99394226074218752
v 120.85977172851562496 -32.58475875854492184 62.47075653076171872
v 119.98381042480468752 -34.28038787841796876 62.18384170532226564
v 121.56477355957031248 -30.84797477722167968 62.69423675537109376
v 122.0853118896484375 -29.07057380676269531 62.8541374206542968
v 117.7726974487304688 -37.5454063415527344 61.42007827758789064
v 118.9503173828125 -35.9342002868652344 61.83359527587890624
v 116.20124816894531248 -39.52286529541015624 61.54319381713867184
v 116.46434020996093752 -39.11311721801757812 60.94332885742187504
v 120.15001678466796876 -33.70779037475585936 60.92164993286132816
v 121.6273193359375 -30.50363159179687504 61.4279136657714844
v 122.1137237548828125 -28.8409461975097656 61.58694839477539064
v 120.96855163574218752 -32.12602996826171876 61.206024169921875
v 118.08383941650390625 -36.74745941162109376 60.16669082641601562
v 119.18428039550781248 -35.24845504760742188 60.57510757446289064
v 116.68766021728515624 -38.66813278198242184 60.32722091674804688
v 116.8611984252929688 -38.20411300659179688 59.6966514587402344
v 115.03867340087890625 -40.63632583618164064 60.40336608886718752
v 115.3140869140625 -40.13957977294921876 59.79307174682617184
v 107.83650207519531248 -46.86836242675781248 58.15329360961914062
v 111.43377685546875 -44.079498291015625 59.70235061645507816
v 113.12108612060546876 -42.60904312133789064 60.38032913208007816
v 109.66741943359375 -45.49974822998046872 58.95999908447265632
v 111.88943481445312496 -43.5446815490722656 59.1338043212890625
v 113.50917816162109376 -42.11391830444335938 59.80018997192382816
v 110.193115234375 -44.92730331420898432 58.40421676635742184
v 108.43403625488281248 -46.26036834716796876 57.61143493652343752
v 104.0395355224609375 -49.44454193115234376 56.34692001342773436
v 105.95562744140624992 -48.18382644653320312 57.28224945068359376
v 104.78363037109375008 -48.77176666259765632 55.83646392822265632
v 106.62616729736328128 -47.54238510131835936 56.7554969787597656
v 108.9483642578125 -45.56955337524414064 57.03587722778320312
v 115.52890777587890624 -39.61763763427734376 59.16524124145507812
v 112.279266357421875 -42.9481124877929688 58.53842544555664064
v 113.84027862548828128 -41.56661224365234376 59.19678115844726564
v 110.64419555664062496 -44.28286361694335936 57.81809234619140624
v 112.58582305908203128 -42.31166458129882812 57.91921234130859376
v 114.09955596923828124 -40.98714828491210944 58.57268524169921872
v 111.00048828125 -43.59011077880859376 57.20506668090820312
v 109.35646057128906248 -44.82133102416992192 56.4304847717285156
v 105.42827606201171872 -47.9930343627929688 55.28629302978515624
v 107.20518493652343752 -46.8067741394042968 56.19189453125
v 105.94464874267578128 -47.13703536987304688 54.70112228393554688
v 107.66677856445312496 -46.00408172607421875 55.59573745727539064
v 122.51834869384765624 -25.39547348022460936 60.4471473693847656
v 122.41883850097656248 -26.94706916809082032 59.14729690551757812
v 115.67865753173828128 -39.08744049072265625 58.52652359008789064
v 120.22747039794921876 -33.14776229858398438 59.64515686035156248
v 121.65607452392578128 -30.17638587951660156 60.15613555908203124
v 122.1267242431640625 -28.62583541870117184 60.31727981567382812
v 121.01885986328125 -31.68375205993652344 59.93185806274414064
v 118.23151397705078124 -35.94464874267578128 58.8871955871582032
v 119.29425048828125 -34.56816482543945312 59.29671478271484376
v 116.98147583007812496 -37.73593902587890624 59.05709457397460938
v 117.051605224609375 -37.27681350708007812 58.41724395751953128
v 115.7668533325195312 -38.5642127990722656 57.88749313354492192
v 109.64842987060546872 -44.04151153564453125 55.80683517456054688
v 112.80222320556640624 -41.65658187866210936 57.28530120849609376
v 114.28141021728515624 -40.3945884704589844 57.9357833862304688
v 111.25366973876953124 -42.87253952026367184 56.5755043029785156
v 106.319244384765625 -46.23435592651367188 54.09476089477539062
v 107.99931335449218752 -45.16247940063476562 54.97975921630859376
v 109.82803344726562496 -43.25482940673828124 55.18311691284179688
v 112.93241882324218752 -41.00255584716796875 56.65111160278320312
v 114.3896484375 -39.80631637573242192 57.29857254028320312
v 111.40768432617187504 -42.15229034423828124 55.94574356079101568
v 108.20613098144531248 -44.30943298339843752 54.3638916015625
v 115.8049392700195312 -38.0609588623046875 57.26203918457031248
v 120.24027252197265624 -32.65782165527343752 58.3892173767089844
v 121.66058349609375 -29.90090751647949216 58.89226913452148432
v 122.12872314453125 -28.44875717163085936 59.05123519897460938
v 121.02693939208984375 -31.30383872985839844 58.67130279541015624
v 118.25761413574218752 -35.21979904174804688 57.64515304565429688
v 119.31301116943359376 -33.96308135986328128 58.04688262939453125
v 117.08124542236328125 -36.83790969848632816 57.7885665893554688
v 115.81211090087890624 -37.58812332153320312 56.66687774658203128
v 109.91249084472656256 -42.48349380493164064 54.58296966552734376
v 112.99114227294921872 -40.3668251037597656 56.03551483154296875
v 114.43741607666015624 -39.23736572265625 56.67742919921875
v 111.4786376953125 -41.44899368286132816 55.33709716796875
v 108.30533599853515624 -43.46990966796875 53.77395248413085936
v 109.93190002441406256 -41.74601745605468752 54.0345458984375
v 113.0034637451171875 -39.76348495483398432 55.46110153198242184
v 114.44692993164062496 -38.69990539550781248 56.09200668334960938
v 111.49424743652343752 -40.77886581420898432 54.77499771118164064
v 105.05280303955078125 -44.35748291015625 51.49575042724609376
v 108.32904815673828124 -42.66489410400390624 53.24060440063476564
v 117.08649444580078125 -36.42811203002929688 57.18487167358398436
v 122.51834869384765624 -25.39547348022460936 59.17953109741210938
v 87.32347106933593752 -49.14889144897460938 32.46750640869140624
v 87.62357330322265624 -49.08327484130859375 33.98923492431640624
v 88.1074981689453125 -48.97352600097656256 35.47621536254882816
v 88.76187133789062496 -48.81935119628906256 36.92703628540039056
v 89.57325744628906248 -48.62047195434570312 38.34034729003906248
v 90.52818298339843752 -48.37663269042968752 39.71484375
v 91.61317443847656248 -48.08758544921875 41.04928207397460938
v 92.81474304199218752 -47.75309753417968752 42.34246444702148436
v 94.1194305419921875 -47.37293624877929688 43.59323883056640624
v 95.51380920410156248 -46.94688415527343744 44.80051422119140624
v 96.9844894409179688 -46.47472381591796872 45.96322250366210944
v 98.51815032958984376 -45.95623016357421872 47.08036041259765625
v 101.72138977050781248 -44.77935028076171872 49.17404937744140624
v 105.018280029296875 -43.41438293457031248 51.07421112060546875
v 111.47827911376953128 -40.1116943359375 54.26686096191406248
v 108.30481719970703124 -41.85927200317382816 52.77397537231445312
v 112.9908523559570312 -39.1649017333984375 54.93378448486328128
v 114.43718719482421872 -38.1689453125 55.5466880798339844
v 115.80476379394531248 -37.12342071533203124 56.104827880859375
v 117.08110809326171875 -36.0278778076171875 56.60745620727539064
v 118.25379943847656248 -34.8818359375 57.05384063720703125
v 119.3104248046875 -33.68476867675781248 57.4432373046875
v 120.23860168457031248 -32.43610763549804688 57.77488708496093744
v 121.02594757080078125 -31.13524055480957032 58.04803848266601562
v 121.66005706787109376 -29.7814960479736328 58.26190948486328124
v 122.12850189208984376 -28.3741512298583984 58.41570281982421872
v 122.41878509521484376 -26.91242599487304688 58.50860595703125
v 122.51834869384765624 -25.39547348022460936 58.53976440429687504
v 122.51834869384765624 0.00452606286853551 57.90000152587890624
v 122.51834869384765624 0.00452606286853551 64.25
v 71.71835327148437504 0.00452606286853551 64.25
v 71.71835327148437504 0.00452606286853551 57.90000152587890624
v 122.358642578125 2.848423719406128 57.90000152587890624
v 122.20563507080078124 3.977961540222168 64.25
v 121.27518463134765624 7.85355758666992192 64.25
v 121.88152313232421872 5.65655755996704104 57.90000152587890624
v 122.20563507080078124 3.977961540222168 57.90000152587890624
v 119.74991607666015632 11.5358848571777344 64.25
v 121.092987060546875 8.3936138153076172 57.90000152587890624
v 120.002960205078125 11.02517318725585937 57.90000152587890624
v 121.27518463134765624 7.85355758666992192 57.90000152587890624
v 119.74991607666015632 11.5358848571777344 57.90000152587890624
v 118.62514495849609376 13.51814079284667968 57.90000152587890624
v 117.66738128662109376 14.9342718124389648 64.25
v 115.07886505126953125 17.96503829956054688 64.25
v 116.97686767578124992 15.84116744995117184 57.90000152587890624
v 117.66738128662109376 14.9342718124389648 57.90000152587890624
v 115.07886505126953125 17.96503829956054688 57.90000152587890624
v 112.95499420166015632 19.863046646118164 57.90000152587890624
v 112.048095703125 20.55355834960937504 64.25
v 108.64971160888671872 22.63609123229980472 64.25
v 110.63196563720703128 21.51132011413574216 57.90000152587890624
v 112.048095703125 20.55355834960937504 57.90000152587890624
v 104.96738433837890624 24.1613616943359375 64.25
v 108.13899993896484376 22.88913536071777344 57.90000152587890624
v 105.50743865966796872 23.97916221618652336 57.90000152587890624
v 108.64971160888671872 22.63609123229980472 57.90000152587890624
v 104.96738433837890624 24.1613616943359375 57.90000152587890624
v 102.7703857421875 24.7676944732666016 57.90000152587890624
v 101.09178924560546876 25.09181022644042968 64.25
v 97.11835479736328124 25.40452575683593752 64.25
v 99.96224975585937504 25.24481582641601564 57.90000152587890624
v 101.09178924560546876 25.09181022644042968 57.90000152587890624
v 97.11835479736328124 25.40452575683593752 57.90000152587890624
v 94.27445220947265624 25.24481582641601564 57.90000152587890624
v 93.1449127197265625 25.09181022644042968 64.25
v 89.269317626953125 24.1613616943359375 64.25
v 91.46632385253906248 24.7676944732666016 57.90000152587890624
v 93.1449127197265625 25.09181022644042968 57.90000152587890624
v 85.58699035644531248 22.63609123229980472 64.25
v 88.72926330566406256 23.97916221618652336 57.90000152587890624
v 86.0977020263671875 22.88913536071777344 57.90000152587890624
v 89.269317626953125 24.1613616943359375 57.90000152587890624
v 85.58699035644531248 22.63609123229980472 57.90000152587890624
v 83.604736328125 21.51132011413574216 57.90000152587890624
v 82.18860626220703124 20.55355834960937504 64.25
v 79.1578369140625 17.96503829956054688 64.25
v 81.281707763671875 19.863046646118164 57.90000152587890624
v 82.18860626220703124 20.55355834960937504 57.90000152587890624
v 79.1578369140625 17.96503829956054688 57.90000152587890624
v 77.25983428955078124 15.84116744995117184 57.90000152587890624
v 76.56932067871093752 14.9342718124389648 64.25
v 74.48678588867187504 11.5358848571777344 64.25
v 75.61155700683593752 13.51814079284667968 57.90000152587890624
v 76.56932067871093752 14.9342718124389648 57.90000152587890624
v 74.23374176025390624 11.02517318725585937 57.90000152587890624
v 73.14371490478515624 8.3936138153076172 57.90000152587890624
v 72.96151733398437504 7.85355758666992192 64.25
v 74.48678588867187504 11.5358848571777344 57.90000152587890624
v 72.96151733398437504 7.85355758666992192 57.90000152587890624
v 72.35518646240234376 5.65655755996704104 57.90000152587890624
v 72.03106689453125 3.977961540222168 64.25
v 71.8780593872070312 2.848423719406128 57.90000152587890624
v 72.03106689453125 3.977961540222168 57.90000152587890624
v 122.32597351074218752 0.00452606286853551 57.14250946044921876
v 122.44065093994140624 0.00452606286853551 57.40943527221679688
v 122.05338287353515625 0.00452606286853551 56.7774696350097656
v 122.21516418457031248 0.00452606286853551 56.96689224243164064
v 121.86396026611328128 0.00452606286853551 56.61568450927734376
v 121.68833923339843752 0.00452606286853551 56.5048789978027344
v 121.42141723632812496 0.00452606286853551 56.39019775390625
v 120.93085479736328128 0.00452606286853551 56.3125
v 71.79605102539062496 0.00452606286853551 57.40943527221679688
v 72.43093109130859376 5.63926839828491208 57.40943527221679688
v 71.95526885986328128 2.83972430229187008 57.40943527221679688
v 73.21705627441406248 8.36795234680175784 57.40943527221679688
v 75.67734527587890624 13.4768028259277344 57.40943527221679688
v 74.30374908447265624 10.9914608001708984 57.40943527221679688
v 77.32057952880859376 15.79272365570068352 57.40943527221679688
v 79.21278381347656248 17.91009712219238288 57.40943527221679688
v 83.64607238769531248 21.44553184509277344 57.40943527221679688
v 81.33015441894531248 19.80229949951171872 57.40943527221679688
v 86.13141632080078124 22.81913185119628912 57.40943527221679688
v 91.48361206054687504 24.69194602966308592 57.40943527221679688
v 88.75492858886718752 23.90582466125488288 57.40943527221679688
v 94.28314971923828124 25.16760635375976562 57.40943527221679688
v 97.11835479736328124 25.32682800292968752 57.40943527221679688
v 102.75309753417968752 24.69194602966308592 57.40943527221679688
v 99.95355224609375008 25.16760635375976562 57.40943527221679688
v 105.48178100585937504 23.90582466125488288 57.40943527221679688
v 110.59062957763671872 21.44553184509277344 57.40943527221679688
v 108.10528564453125 22.81913185119628912 57.40943527221679688
v 112.90654754638671872 19.80229949951171872 57.40943527221679688
v 115.02392578125 17.91009712219238288 57.40943527221679688
v 118.55935668945312496 13.4768028259277344 57.40943527221679688
v 116.91612243652343744 15.79272365570068352 57.40943527221679688
v 119.93296051025390624 10.9914608001708984 57.40943527221679688
v 121.80577087402343744 5.63926839828491208 57.40943527221679688
v 121.0196533203125 8.36795234680175784 57.40943527221679688
v 122.28143310546875 2.83972430229187008 57.40943527221679688
v 72.17934417724609376 2.81447768211364752 56.96689224243164064
v 72.02153778076171875 0.00452606286853551 56.96689224243164064
v 71.91072845458984368 0.00452606286853551 57.14250946044921876
v 72.65076446533203128 5.58909273147583008 56.96689224243164064
v 73.42988586425781248 8.29347801208496092 56.96689224243164064
v 74.50690460205078128 10.8936262130737304 56.96689224243164064
v 75.86827087402343744 13.35683631896972656 56.96689224243164064
v 77.49687194824218752 15.65213394165039064 56.96689224243164064
v 79.37222290039062496 17.75065422058105472 56.96689224243164064
v 81.47074127197265624 19.62600517272949216 56.96689224243164064
v 83.76604461669921872 21.2546062469482422 56.96689224243164064
v 86.22925567626953124 22.61597442626953128 56.96689224243164064
v 88.82939910888671872 23.6929912567138672 56.96689224243164064
v 91.53378295898437504 24.4721107482910156 56.96689224243164064
v 94.30840301513671876 24.94353675842285152 56.96689224243164064
v 97.11835479736328124 25.10134124755859376 56.96689224243164064
v 99.92830657958984368 24.94353675842285152 56.96689224243164064
v 102.70291900634765624 24.4721107482910156 56.96689224243164064
v 105.40730285644531248 23.6929912567138672 56.96689224243164064
v 108.00745391845703125 22.61597442626953128 56.96689224243164064
v 110.47066497802734376 21.2546062469482422 56.96689224243164064
v 112.76596069335937504 19.62600517272949216 56.96689224243164064
v 114.86447906494140624 17.75065422058105472 56.96689224243164064
v 116.73983001708984368 15.65213394165039064 56.96689224243164064
v 118.36843109130859376 13.35683631896972656 56.96689224243164064
v 119.72979736328124992 10.8936262130737304 56.96689224243164064
v 120.80681610107421872 8.29347801208496092 56.96689224243164064
v 121.5859375 5.58909273147583008 56.96689224243164064
v 122.05736541748046875 2.81447768211364752 56.96689224243164064
v 72.52833557128906248 2.77515530586242672 56.61568450927734376
v 72.37274169921875 0.00452606286853551 56.61568450927734376
v 72.183319091796875 0.00452606286853551 56.7774696350097656
v 72.9931640625 5.51094198226928712 56.61568450927734376
v 73.76138305664062496 8.17748260498046876 56.61568450927734376
v 74.82332611083984368 10.74124336242675776 56.61568450927734376
v 76.1656494140625 13.1699838638305664 56.61568450927734376
v 77.77145385742187504 15.4331607818603516 56.61568450927734376
v 79.62056732177734376 17.5023136138916016 56.61568450927734376
v 81.68972015380859376 19.35142135620117188 56.61568450927734376
v 83.95289611816406256 20.95723152160644528 56.61568450927734376
v 86.38163757324218752 22.29954910278320312 56.61568450927734376
v 88.94539642333984368 23.36149406433105472 56.61568450927734376
v 91.6119384765625 24.12971115112304688 56.61568450927734376
v 94.34772491455078124 24.5945396423339844 56.61568450927734376
v 97.11835479736328124 24.75013542175292976 56.61568450927734376
v 99.88898468017578128 24.5945396423339844 56.61568450927734376
v 102.62477111816406248 24.12971115112304688 56.61568450927734376
v 105.29130554199218752 23.36149406433105472 56.61568450927734376
v 107.85507202148437504 22.29954910278320312 56.61568450927734376
v 110.28380584716796876 20.95723152160644528 56.61568450927734376
v 112.54698944091796872 19.35142135620117188 56.61568450927734376
v 114.61614227294921872 17.5023136138916016 56.61568450927734376
v 116.46524810791015624 15.4331607818603516 56.61568450927734376
v 118.0710601806640625 13.1699838638305664 56.61568450927734376
v 119.41337585449218752 10.74124336242675776 56.61568450927734376
v 120.47531890869140624 8.17748260498046876 56.61568450927734376
v 121.24353790283203124 5.51094198226928712 56.61568450927734376
v 121.70836639404296872 2.77515530586242672 56.61568450927734376
v 72.96810150146484368 2.72560596466064448 56.39019775390625
v 72.81528472900390624 0.00452606286853551 56.39019775390625
v 72.54836273193359376 0.00452606286853551 56.5048789978027344
v 73.42461395263671872 5.41246652603149416 56.39019775390625
v 74.1790924072265625 8.03131961822509765 56.39019775390625
v 75.2220458984375 10.54923057556152344 56.39019775390625
v 76.54035949707031248 12.93453598022460944 56.39019775390625
v 78.11745452880859376 15.15723896026611328 56.39019775390625
v 79.93348693847656256 17.18938827514648436 56.39019775390625
v 81.96563720703124992 19.00542640686035156 56.39019775390625
v 84.18833923339843752 20.58251953125 56.39019775390625
v 86.57364654541015624 21.90083122253417968 56.39019775390625
v 89.09156036376953124 22.94378280639648432 56.39019775390625
v 91.71041107177734376 23.69826126098632816 56.39019775390625
v 94.39727020263671872 24.15477752685546876 56.39019775390625
v 97.11835479736328124 24.30759048461914064 56.39019775390625
v 99.83943176269531248 24.15477752685546876 56.39019775390625
v 102.52629089355468752 23.69826126098632816 56.39019775390625
v 105.1451416015625 22.94378280639648432 56.39019775390625
v 107.66305541992187504 21.90083122253417968 56.39019775390625
v 110.04836273193359375 20.58251953125 56.39019775390625
v 112.27106475830078124 19.00542640686035156 56.39019775390625
v 114.30321502685546876 17.18938827514648436 56.39019775390625
v 116.11925506591796876 15.15723896026611328 56.39019775390625
v 117.69634246826171872 12.93453598022460944 56.39019775390625
v 119.01465606689453125 10.54923057556152344 56.39019775390625
v 120.05760955810546875 8.03131961822509765 56.39019775390625
v 120.81208801269531248 5.41246652603149416 56.39019775390625
v 73.30585479736328124 0.00452606286853551 56.3125
v 73.45558166503906248 2.67068004608154296 56.3125
v 73.90287780761718752 5.30330562591552736 56.3125
v 74.64212799072265624 7.86929607391357424 56.3125
v 75.66403198242187504 10.33638286590576172 56.3125
v 76.95573425292968752 12.67354011535644528 56.3125
v 78.50099182128906248 14.8513765335083008 56.3125
v 80.28037261962890624 16.84250640869140624 56.3125
v 82.27149963378906248 18.6218891143798828 56.3125
v 84.4493408203125 20.16714668273925782 56.3125
v 86.7864990234375 21.45884704589843752 56.3125
v 89.25357818603515624 22.48074722290039064 56.3125
v 91.8195724487304688 23.21999740600585936 56.3125
v 94.45219421386718752 23.66729736328125 56.3125
v 97.11835479736328124 23.817026138305664 56.3125
v 99.78450775146484368 23.66729736328125 56.3125
v 102.41712951660156248 23.21999740600585936 56.3125
v 104.98312377929687504 22.48074722290039064 56.3125
v 107.45021057128906248 21.45884704589843752 56.3125
v 109.78736877441406256 20.16714668273925782 56.3125
v 111.9652023315429688 18.6218891143798828 56.3125
v 113.95632934570312496 16.84250640869140624 56.3125
v 115.7357177734375 14.8513765335083008 56.3125
v 117.280975341796875 12.67354011535644528 56.3125
v 118.57266998291015624 10.33638286590576172 56.3125
v 119.59457397460937504 7.86929607391357424 56.3125
v 120.33382415771484376 5.30330562591552736 56.3125
v 121.26860046386718752 2.72560596466064448 56.39019775390625
v 120.7811203002929688 2.67068004608154296 56.3125
v 92.79703521728515632 7.37553024291992184 56.3125
v 101.43966674804687504 7.37553024291992184 56.3125
v 102.11435699462890624 6.05138111114501953 56.3125
v 103.1652069091796875 5.00053024291992187 56.3125
v 93.02951812744140625 8.84336090087890624 56.3125
v 101.207183837890625 8.84336090087890624 56.3125
v 86.81168365478515632 4.32584238052368164 56.3125
v 85.48753356933593752 -4.99147796630859376 56.3125
v 84.43668365478515624 -6.0423288345336914 56.3125
v 84.43668365478515624 6.05138111114501953 56.3125
v 101.43966674804687504 10.31119155883789064 56.3125
v 92.122344970703125 -6.0423288345336914 56.3125
v 105.95718383789062496 4.09336090087890624 56.3125
v 104.48935699462890624 -4.31679010391235352 56.3125
v 86.81168365478515632 -4.31679010391235352 56.3125
v 88.27951812744140624 4.09336090087890624 56.3125
v 83.76200103759765632 7.37553024291992184 56.3125
v 102.11435699462890624 11.63534069061279296 56.3125
v 104.48935699462890624 13.36087894439697264 56.3125
v 103.1652069091796875 12.68619155883789064 56.3125
v 92.122344970703125 6.05138111114501953 56.3125
v 104.48935699462890624 4.32584238052368164 56.3125
v 91.07149505615234375 5.00053024291992187 56.3125
v 89.74734497070312496 4.32584238052368164 56.3125
v 89.74734497070312496 -4.31679010391235352 56.3125
v 88.27951812744140624 -4.08430862426757812 56.3125
v 91.07149505615234375 -4.99147796630859376 56.3125
v 105.95718383789062496 -4.08430862426757812 56.3125
v 107.42501831054687504 4.32584238052368164 56.3125
v 107.42501831054687504 -4.31679010391235352 56.3125
v 85.48753356933593752 5.00053024291992187 56.3125
v 83.52951812744140624 8.84336090087890624 56.3125
v 85.48753356933593752 -12.67713928222656248 56.3125
v 86.81168365478515632 -13.35182762145996092 56.3125
v 83.76200103759765632 -7.36647796630859376 56.3125
v 92.79703521728515632 -7.36647796630859376 56.3125
v 91.07149505615234375 12.68619155883789064 56.3125
v 89.74734497070312496 13.36087894439697264 56.3125
v 88.27951812744140624 -13.58430862426757816 56.3125
v 109.80001831054687504 6.05138111114501953 56.3125
v 110.47470855712890624 7.37553024291992184 56.3125
v 93.02951812744140625 -8.83430862426757808 56.3125
v 108.74916839599609376 5.00053024291992187 56.3125
v 109.80001831054687504 -6.0423288345336914 56.3125
v 108.74916839599609376 -4.99147796630859376 56.3125
v 85.48753356933593752 12.68619155883789064 56.3125
v 92.122344970703125 11.63534069061279296 56.3125
v 83.52951812744140624 -8.83430862426757808 56.3125
v 110.70718383789062496 8.84336090087890624 56.3125
v 84.43668365478515624 11.63534069061279296 56.3125
v 86.81168365478515632 13.36087894439697264 56.3125
v 88.27951812744140624 13.59336090087890624 56.3125
v 107.42501831054687504 13.36087894439697264 56.3125
v 84.43668365478515624 -11.62628841400146488 56.3125
v 83.76200103759765632 -10.30213928222656248 56.3125
v 110.70718383789062496 -8.83430862426757808 56.3125
v 110.47470855712890624 -7.36647796630859376 56.3125
v 105.95718383789062496 13.59336090087890624 56.3125
v 108.74916839599609376 12.68619155883789064 56.3125
v 109.80001831054687504 11.63534069061279296 56.3125
v 110.47470855712890624 10.31119155883789064 56.3125
v 103.1652069091796875 -12.67713928222656248 56.3125
v 104.48935699462890624 -13.35182762145996092 56.3125
v 89.74734497070312496 -13.35182762145996092 56.3125
v 101.43966674804687504 -10.30213928222656248 56.3125
v 102.11435699462890624 -11.62628841400146488 56.3125
v 92.79703521728515632 -10.30213928222656248 56.3125
v 103.1652069091796875 -4.99147796630859376 56.3125
v 102.11435699462890624 -6.0423288345336914 56.3125
v 83.76200103759765632 10.31119155883789064 56.3125
v 92.79703521728515632 10.31119155883789064 56.3125
v 101.43966674804687504 -7.36647796630859376 56.3125
v 101.207183837890625 -8.83430862426757808 56.3125
v 91.07149505615234375 -12.67713928222656248 56.3125
v 92.122344970703125 -11.62628841400146488 56.3125
v 110.47470855712890624 -10.30213928222656248 56.3125
v 107.42501831054687504 -13.35182762145996092 56.3125
v 109.80001831054687504 -11.62628841400146488 56.3125
v 108.74916839599609376 -12.67713928222656248 56.3125
v 105.95718383789062496 -13.58430862426757816 56.3125
v 83.76200103759765632 10.31119155883789064 59.48749923706054688
v 83.52951812744140624 8.84336090087890624 59.48749923706054688
v 84.43668365478515624 11.63534069061279296 59.48749923706054688
v 85.48753356933593752 12.68619155883789064 59.48749923706054688
v 86.81168365478515632 13.36087894439697264 59.48749923706054688
v 88.27951812744140624 13.59336090087890624 59.48749923706054688
v 89.74734497070312496 13.36087894439697264 59.48749923706054688
v 91.07149505615234375 12.68619155883789064 59.48749923706054688
v 92.122344970703125 11.63534069061279296 59.48749923706054688
v 92.79703521728515632 10.31119155883789064 59.48749923706054688
v 93.02951812744140625 8.84336090087890624 59.48749923706054688
v 92.79703521728515632 7.37553024291992184 59.48749923706054688
v 92.122344970703125 6.05138111114501953 59.48749923706054688
v 91.07149505615234375 5.00053024291992187 59.48749923706054688
v 89.74734497070312496 4.32584238052368164 59.48749923706054688
v 88.27951812744140624 4.09336090087890624 59.48749923706054688
v 86.81168365478515632 4.32584238052368164 59.48749923706054688
v 85.48753356933593752 5.00053024291992187 59.48749923706054688
v 84.43668365478515624 6.05138111114501953 59.48749923706054688
v 83.76200103759765632 7.37553024291992184 59.48749923706054688
v 88.27951812744140624 10.9433612823486328 59.48749923706054688
v 87.63058471679687504 10.8405799865722656 59.48749923706054688
v 88.92845153808593744 10.8405799865722656 59.48749923706054688
v 88.27951812744140624 6.74336099624633792 59.48749923706054688
v 88.92845153808593744 6.84614229202270512 59.48749923706054688
v 87.63058471679687504 6.84614229202270512 59.48749923706054688
v 87.045166015625 10.5422964096069336 59.48749923706054688
v 89.51386260986328128 10.5422964096069336 59.48749923706054688
v 89.97845458984375008 10.07771015167236328 59.48749923706054688
v 90.2767333984375 8.1944255828857422 59.48749923706054688
v 90.3795166015625 8.84336090087890624 59.48749923706054688
v 89.97845458984375008 7.6090116500854492 59.48749923706054688
v 89.51386260986328128 7.1444249153137207 59.48749923706054688
v 87.045166015625 7.1444249153137207 59.48749923706054688
v 86.58058166503906248 7.6090116500854492 59.48749923706054688
v 86.28229522705078124 8.1944255828857422 59.48749923706054688
v 86.1795196533203125 8.84336090087890624 59.48749923706054688
v 86.28229522705078124 9.49229621887207032 59.48749923706054688
v 86.58058166503906248 10.07771015167236328 59.48749923706054688
v 90.2767333984375 9.49229621887207032 59.48749923706054688
v 86.28229522705078124 9.49229621887207032 64.25
v 86.1795196533203125 8.84336090087890624 64.25
v 86.58058166503906248 10.07771015167236328 64.25
v 87.045166015625 10.5422964096069336 64.25
v 87.63058471679687504 10.8405799865722656 64.25
v 88.27951812744140624 10.9433612823486328 64.25
v 88.92845153808593744 10.8405799865722656 64.25
v 89.51386260986328128 10.5422964096069336 64.25
v 89.97845458984375008 10.07771015167236328 64.25
v 90.2767333984375 9.49229621887207032 64.25
v 90.3795166015625 8.84336090087890624 64.25
v 90.2767333984375 8.1944255828857422 64.25
v 89.97845458984375008 7.6090116500854492 64.25
v 89.51386260986328128 7.1444249153137207 64.25
v 88.92845153808593744 6.84614229202270512 64.25
v 88.27951812744140624 6.74336099624633792 64.25
v 87.63058471679687504 6.84614229202270512 64.25
v 87.045166015625 7.1444249153137207 64.25
v 86.58058166503906248 7.6090116500854492 64.25
v 86.28229522705078124 8.1944255828857422 64.25
v 101.43966674804687504 10.31119155883789064 59.48749923706054688
v 101.207183837890625 8.84336090087890624 59.48749923706054688
v 102.11435699462890624 11.63534069061279296 59.48749923706054688
v 103.1652069091796875 12.68619155883789064 59.48749923706054688
v 104.48935699462890624 13.36087894439697264 59.48749923706054688
v 105.95718383789062496 13.59336090087890624 59.48749923706054688
v 107.42501831054687504 13.36087894439697264 59.48749923706054688
v 108.74916839599609376 12.68619155883789064 59.48749923706054688
v 109.80001831054687504 11.63534069061279296 59.48749923706054688
v 110.47470855712890624 10.31119155883789064 59.48749923706054688
v 110.70718383789062496 8.84336090087890624 59.48749923706054688
v 110.47470855712890624 7.37553024291992184 59.48749923706054688
v 109.80001831054687504 6.05138111114501953 59.48749923706054688
v 108.74916839599609376 5.00053024291992187 59.48749923706054688
v 107.42501831054687504 4.32584238052368164 59.48749923706054688
v 105.95718383789062496 4.09336090087890624 59.48749923706054688
v 104.48935699462890624 4.32584238052368164 59.48749923706054688
v 103.1652069091796875 5.00053024291992187 59.48749923706054688
v 102.11435699462890624 6.05138111114501953 59.48749923706054688
v 101.43966674804687504 7.37553024291992184 59.48749923706054688
v 105.95718383789062496 10.9433612823486328 59.48749923706054688
v 105.30825042724609376 10.8405799865722656 59.48749923706054688
v 106.60612487792968752 10.8405799865722656 59.48749923706054688
v 107.65612030029296872 7.6090116500854492 59.48749923706054688
v 107.95440673828124992 8.1944255828857422 59.48749923706054688
v 107.19153594970703124 7.1444249153137207 59.48749923706054688
v 105.95718383789062496 6.74336099624633792 59.48749923706054688
v 106.60612487792968752 6.84614229202270512 59.48749923706054688
v 105.30825042724609376 6.84614229202270512 59.48749923706054688
v 103.8571853637695312 8.84336090087890624 59.48749923706054688
v 103.9599685668945312 8.1944255828857422 59.48749923706054688
v 103.9599685668945312 9.49229621887207032 59.48749923706054688
v 104.25824737548828124 10.07771015167236328 59.48749923706054688
v 104.72283935546875008 10.5422964096069336 59.48749923706054688
v 107.19153594970703124 10.5422964096069336 59.48749923706054688
v 107.65612030029296872 10.07771015167236328 59.48749923706054688
v 108.05718994140625 8.84336090087890624 59.48749923706054688
v 104.72283935546875008 7.1444249153137207 59.48749923706054688
v 104.25824737548828124 7.6090116500854492 59.48749923706054688
v 107.95440673828124992 9.49229621887207032 59.48749923706054688
v 103.9599685668945312 9.49229621887207032 64.25
v 103.8571853637695312 8.84336090087890624 64.25
v 104.25824737548828124 10.07771015167236328 64.25
v 104.72283935546875008 10.5422964096069336 64.25
v 105.30825042724609376 10.8405799865722656 64.25
v 105.95718383789062496 10.9433612823486328 64.25
v 106.60612487792968752 10.8405799865722656 64.25
v 107.19153594970703124 10.5422964096069336 64.25
v 107.65612030029296872 10.07771015167236328 64.25
v 107.95440673828124992 9.49229621887207032 64.25
v 108.05718994140625 8.84336090087890624 64.25
v 107.95440673828124992 8.1944255828857422 64.25
v 107.65612030029296872 7.6090116500854492 64.25
v 107.19153594970703124 7.1444249153137207 64.25
v 106.60612487792968752 6.84614229202270512 64.25
v 105.95718383789062496 6.74336099624633792 64.25
v 105.30825042724609376 6.84614229202270512 64.25
v 104.72283935546875008 7.1444249153137207 64.25
v 104.25824737548828124 7.6090116500854492 64.25
v 103.9599685668945312 8.1944255828857422 64.25
v 83.76200103759765632 -7.36647796630859376 59.48749923706054688
v 83.52951812744140624 -8.83430862426757808 59.48749923706054688
v 84.43668365478515624 -6.0423288345336914 59.48749923706054688
v 85.48753356933593752 -4.99147796630859376 59.48749923706054688
v 86.81168365478515632 -4.31679010391235352 59.48749923706054688
v 88.27951812744140624 -4.08430862426757812 59.48749923706054688
v 89.74734497070312496 -4.31679010391235352 59.48749923706054688
v 91.07149505615234375 -4.99147796630859376 59.48749923706054688
v 92.122344970703125 -6.0423288345336914 59.48749923706054688
v 92.79703521728515632 -7.36647796630859376 59.48749923706054688
v 93.02951812744140625 -8.83430862426757808 59.48749923706054688
v 92.79703521728515632 -10.30213928222656248 59.48749923706054688
v 92.122344970703125 -11.62628841400146488 59.48749923706054688
v 91.07149505615234375 -12.67713928222656248 59.48749923706054688
v 89.74734497070312496 -13.35182762145996092 59.48749923706054688
v 88.27951812744140624 -13.58430862426757816 59.48749923706054688
v 86.81168365478515632 -13.35182762145996092 59.48749923706054688
v 85.48753356933593752 -12.67713928222656248 59.48749923706054688
v 84.43668365478515624 -11.62628841400146488 59.48749923706054688
v 83.76200103759765632 -10.30213928222656248 59.48749923706054688
v 88.27951812744140624 -6.73430871963500976 59.48749923706054688
v 87.63058471679687504 -6.83709001541137696 59.48749923706054688
v 88.92845153808593744 -6.83709001541137696 59.48749923706054688
v 89.51386260986328128 -7.13537311553955078 59.48749923706054688
v 89.97845458984375008 -7.59995985031127928 59.48749923706054688
v 90.2767333984375 -9.48324394226074216 59.48749923706054688
v 90.3795166015625 -8.83430862426757808 59.48749923706054688
v 89.97845458984375008 -10.06865787506103516 59.48749923706054688
v 86.58058166503906248 -10.06865787506103516 59.48749923706054688
v 86.28229522705078124 -9.48324394226074216 59.48749923706054688
v 86.1795196533203125 -8.83430862426757808 59.48749923706054688
v 86.28229522705078124 -8.18537330627441408 59.48749923706054688
v 86.58058166503906248 -7.59995985031127928 59.48749923706054688
v 87.045166015625 -7.13537311553955078 59.48749923706054688
v 90.2767333984375 -8.18537330627441408 59.48749923706054688
v 89.51386260986328128 -10.53324413299560544 59.48749923706054688
v 88.27951812744140624 -10.93430900573730464 59.48749923706054688
v 88.92845153808593744 -10.83152770996093744 59.48749923706054688
v 87.63058471679687504 -10.83152770996093744 59.48749923706054688
v 87.045166015625 -10.53324413299560544 59.48749923706054688
v 86.28229522705078124 -8.18537330627441408 64.25
v 86.1795196533203125 -8.83430862426757808 64.25
v 86.58058166503906248 -7.59995985031127928 64.25
v 87.045166015625 -7.13537311553955078 64.25
v 87.63058471679687504 -6.83709001541137696 64.25
v 88.27951812744140624 -6.73430871963500976 64.25
v 88.92845153808593744 -6.83709001541137696 64.25
v 89.51386260986328128 -7.13537311553955078 64.25
v 89.97845458984375008 -7.59995985031127928 64.25
v 90.2767333984375 -8.18537330627441408 64.25
v 90.3795166015625 -8.83430862426757808 64.25
v 90.2767333984375 -9.48324394226074216 64.25
v 89.97845458984375008 -10.06865787506103516 64.25
v 89.51386260986328128 -10.53324413299560544 64.25
v 88.92845153808593744 -10.83152770996093744 64.25
v 88.27951812744140624 -10.93430900573730464 64.25
v 87.63058471679687504 -10.83152770996093744 64.25
v 87.045166015625 -10.53324413299560544 64.25
v 86.58058166503906248 -10.06865787506103516 64.25
v 86.28229522705078124 -9.48324394226074216 64.25
v 105.95718383789062496 -6.73430871963500976 64.25
v 105.30825042724609376 -6.83709001541137696 64.25
v 106.60612487792968752 -6.83709001541137696 64.25
v 104.25824737548828124 -7.59995985031127928 64.25
v 104.72283935546875008 -7.13537311553955078 64.25
v 103.9599685668945312 -8.18537330627441408 64.25
v 107.19153594970703124 -10.53324413299560544 64.25
v 107.65612030029296872 -7.59995985031127928 64.25
v 107.95440673828124992 -8.18537330627441408 64.25
v 107.19153594970703124 -7.13537311553955078 64.25
v 107.65612030029296872 -10.06865787506103516 64.25
v 103.8571853637695312 -8.83430862426757808 64.25
v 103.9599685668945312 -9.48324394226074216 64.25
v 107.95440673828124992 -9.48324394226074216 64.25
v 108.05718994140625 -8.83430862426757808 64.25
v 104.25824737548828124 -10.06865787506103516 64.25
v 104.72283935546875008 -10.53324413299560544 64.25
v 105.95718383789062496 -10.93430900573730464 64.25
v 105.30825042724609376 -10.83152770996093744 64.25
v 106.60612487792968752 -10.83152770996093744 64.25
v 103.8571853637695312 -8.83430862426757808 59.48749923706054688
v 103.9599685668945312 -8.18537330627441408 59.48749923706054688
v 104.25824737548828124 -7.59995985031127928 59.48749923706054688
v 104.72283935546875008 -7.13537311553955078 59.48749923706054688
v 105.30825042724609376 -6.83709001541137696 59.48749923706054688
v 105.95718383789062496 -6.73430871963500976 59.48749923706054688
v 106.60612487792968752 -6.83709001541137696 59.48749923706054688
v 107.19153594970703124 -7.13537311553955078 59.48749923706054688
v 107.65612030029296872 -7.59995985031127928 59.48749923706054688
v 107.95440673828124992 -8.18537330627441408 59.48749923706054688
v 108.05718994140625 -8.83430862426757808 59.48749923706054688
v 107.95440673828124992 -9.48324394226074216 59.48749923706054688
v 107.65612030029296872 -10.06865787506103516 59.48749923706054688
v 107.19153594970703124 -10.53324413299560544 59.48749923706054688
v 106.60612487792968752 -10.83152770996093744 59.48749923706054688
v 105.95718383789062496 -10.93430900573730464 59.48749923706054688
v 105.30825042724609376 -10.83152770996093744 59.48749923706054688
v 104.72283935546875008 -10.53324413299560544 59.48749923706054688
v 104.25824737548828124 -10.06865787506103516 59.48749923706054688
v 103.9599685668945312 -9.48324394226074216 59.48749923706054688
v 105.95718383789062496 -4.08430862426757812 59.48749923706054688
v 107.42501831054687504 -4.31679010391235352 59.48749923706054688
v 108.74916839599609376 -4.99147796630859376 59.48749923706054688
v 109.80001831054687504 -6.0423288345336914 59.48749923706054688
v 101.207183837890625 -8.83430862426757808 59.48749923706054688
v 101.43966674804687504 -7.36647796630859376 59.48749923706054688
v 102.11435699462890624 -6.0423288345336914 59.48749923706054688
v 103.1652069091796875 -4.99147796630859376 59.48749923706054688
v 104.48935699462890624 -4.31679010391235352 59.48749923706054688
v 110.47470855712890624 -7.36647796630859376 59.48749923706054688
v 105.95718383789062496 -13.58430862426757816 59.48749923706054688
v 104.48935699462890624 -13.35182762145996092 59.48749923706054688
v 109.80001831054687504 -11.62628841400146488 59.48749923706054688
v 108.74916839599609376 -12.67713928222656248 59.48749923706054688
v 107.42501831054687504 -13.35182762145996092 59.48749923706054688
v 103.1652069091796875 -12.67713928222656248 59.48749923706054688
v 102.11435699462890624 -11.62628841400146488 59.48749923706054688
v 101.43966674804687504 -10.30213928222656248 59.48749923706054688
v 110.70718383789062496 -8.83430862426757808 59.48749923706054688
v 110.47470855712890624 -10.30213928222656248 59.48749923706054688
# 2404 vertices

vn 0 0 -1
vn -0.70470398664474488 -0.08236808329820633 -0.70470398664474488
vn -0.6667132377624512 -0.24266377091407776 -0.70470398664474488
vn -0.59277975559234616 -0.38987740874290464 -0.70470398664474488
vn -0.48688942193984984 -0.5160726308822632 -0.70470398664474488
vn -0.35475069284439088 -0.61444622278213504 -0.70470398664474488
vn -0.203487291932106 -0.67969489097595216 -0.70470398664474488
vn -0.04125383868813514 -0.70830106735229496 -0.70470398664474488
vn 0.12320362776517868 -0.69872248172760008 -0.70470398664474488
vn 0.28101915121078492 -0.6514756083488464 -0.70470398664474488
vn 0.42368486523628232 -0.56910753250122072 -0.70470398664474488
vn 0.54350960254669192 -0.45605871081352232 -0.70470398664474488
vn 0.63403362035751344 -0.31842365860939024 -0.70470398664474488
vn 0.69037669897079464 -0.16362228989601136 -0.70470398664474488
vn 0.70650786161422728 0.04114939644932747 -0.70650786161422728
vn 0.70650786161422728 -0.04114939644932747 -0.70650786161422728
vn 0.69037669897079464 0.16362228989601136 -0.70470398664474488
vn 0.63403362035751344 0.31842365860939024 -0.70470398664474488
vn 0.54350960254669192 0.45605871081352232 -0.70470398664474488
vn 0.42368486523628232 0.56910753250122072 -0.70470398664474488
vn 0.28101915121078492 0.6514756083488464 -0.70470398664474488
vn 0.12320362776517868 0.69872248172760008 -0.70470398664474488
vn -0.04125383868813514 0.70830106735229496 -0.70470398664474488
vn -0.203487291932106 0.67969489097595216 -0.70470398664474488
vn -0.35475069284439088 0.61444622278213504 -0.70470398664474488
vn -0.48688942193984984 0.5160726308822632 -0.70470398664474488
vn -0.59277975559234616 0.38987740874290464 -0.70470398664474488
vn -0.6667132377624512 0.24266377091407776 -0.70470398664474488
vn -0.70470398664474488 0.08236808329820633 -0.70470398664474488
vn -0.99132937192916864 -0.13139741122722626 -0.0008916521910578
vn -0.99323743581771856 -0.11609280109405518 -0.00137521035503596
vn -0.97920608520507808 -0.20286814868450164 0
vn -0.9396916031837464 -0.34201979637145996 -0.00145244784653186
vn -0.95141464471817024 -0.30791234970092772 -0.000463899748865515
vn -0.89612042903900144 -0.44381096959114072 0
vn -0.91836637258529664 -0.39573118090629576 -0.0001278412528336048
vn -0.81132936477661136 -0.58458930253982544 0
vn -0.83548706769943232 -0.54950845241546632 -0.00135901605244725
vn -0.68624097108840944 -0.72737294435501104 -0.00136683112941682
vn -0.63123285770416256 -0.77559334039688112 0
vn -0.49999949336051944 -0.86602449417114256 -0.00143090891651809
vn -0.44095468521118168 -0.89752936363220208 0
vn -0.53667205572128296 -0.84379088878631584 -0.00018912945233751088
vn -0.28680294752120972 -0.9579885601997376 -0.00141026091296225
vn -0.2197488099336624 -0.97555649280548096 0
vn -0.05814476683735847 -0.99830710887908928 -0.00144548015668988
vn 0.00656297290697693 -0.99997848272323616 0
vn 0.22682763636112212 -0.97393089532852176 -0.00279712141491472
vn 0.2972659170627594 -0.95479470491409296 0
vn 0.1736481785774231 -0.98480772972106928 -0.00012027462071273476
vn 0.1148994192481041 -0.993377149105072 0
vn 0.396079421043396 -0.91821533441543584 -0.00129793677479028
vn 0.46621924638748168 -0.88466924428939824 0
vn 0.6315637230873108 -0.77532398700714112 0
vn 0.59715801477432248 -0.80212241411209104 -0.00137229054234921
vn 0.76604413986206048 -0.6427873373031616 -0.00090525951236486
vn 0.82305747270584112 -0.56795811653137208 0
vn 0.75854349136352544 -0.65162229537963864 -0.00043368316255509853
vn 0.89363169670104976 -0.44879868626594544 -0.00146251323167234
vn 0.91898053884506224 -0.39430296421051024 0
vn 0.97501927614212032 -0.2221194952726364 -0.00060886261053383
vn 0.99135398864746096 -0.1312146931886673 0
vn 0.97304439544677728 -0.23061576485633852 -0.00095732253976166
vn 0.99830818176269536 0.05814483016729355 0
vn 0.99830818176269536 -0.05814483016729355 0
vn 0.95106405019760128 0.30896508693695068 -0.00421886844560503
vn 0.974593997001648 0.22397802770137788 -0.00064540846506133
vn 0.99126076698303216 0.13191710412502288 0
vn 0.94353336095809936 0.33123558759689332 -0.00527390418574214
vn 0.94790089130401616 0.31853142380714416 -0.00465463055297732
vn 0.94049727916717536 0.33980122208595276 0
vn 0.97304487228393552 0.23061586916446684 -0.0001162717308034189
vn 0.87900984287261968 0.47680363059043888 0
vn 0.8936320543289184 0.44879886507987976 -0.00115844851825386
vn 0.92166525125503536 0.3879859745502472 -0.0002442231052555144
vn 0.73416996002197264 0.6789657473564148 0
vn 0.7660436630249024 0.64278697967529296 -0.00142120500095188
vn 0.59715795516967776 0.80212235450744624 -0.00143205607309937
vn 0.54229807853698728 0.84018617868423456 0
vn 0.3960794806480408 0.91821545362472528 -0.00120882445480674
vn 0.31910327076911928 0.94771993160247808 0
vn 0.16936507821083068 0.9855529069900512 -0.0009494456462562
vn 0.17364807426929474 0.9848071336746216 -0.00111237843520939
vn 0.0834072083234787 0.99651557207107536 0
vn -0.0915573239326477 0.99579977989196784 0
vn -0.05814478546380997 0.99830746650695808 -0.00120062637142837
vn -0.3230789601802826 0.94637203216552736 0
vn -0.28680300712585448 0.95798873901367184 -0.0012894581304863
vn -0.54367482662200928 0.83929592370986944 0
vn -0.49999949336051944 0.86602449417114256 -0.00144311308395117
vn -0.68624097108840944 0.72737294435501104 -0.00141223927494138
vn -0.7348421216011048 0.6782382130622864 0
vn -0.80153191089630128 0.59795194864273072 -0.00033970235381275415
vn -0.82057750225067136 0.57153463363647464 -0.00086630851728841
vn -0.81246650218963616 0.58300751447677616 -0.00061487953644245
vn -0.83548694849014288 0.54950839281082152 -0.00145640154369175
vn -0.84599149227142336 0.533195436000824 -0.00100390857551246
vn -0.87549090385437008 0.48323458433151248 0
vn -0.83241707086563104 0.55414813756942752 -0.00130634615197777
vn -0.920379102230072 0.39102718234062192 -0.0001959892106242478
vn -0.95294636487960816 0.30313867330551148 -0.0003801138955168426
vn -0.9396916031837464 0.34201976656913756 -0.00146107003092765
vn -0.9696142673492432 0.24463889002799988 0
vn -0.99323743581771856 0.11609280854463578 -0.00134376203641295
vn -0.99913877248764032 0.04149313271045685 0
vn -0.98756593465805056 0.1572055071592331 0
vn -0.89726322889328 0.44149601459503176 0
vn -0.77777540683746336 0.62854224443435672 0
vn -0.651134729385376 0.75896215438842768 0
vn -0.44256240129470824 0.89673769474029536 0
vn -0.21102732419967652 0.97748017311096192 0
vn 0.02466705627739429 0.9996957182884216 0
vn 0.2582537531852722 0.96607714891433712 0
vn 0.42696920037269592 0.90426617860794064 0
vn 0.63617092370986936 0.7715481519699096 0
vn 0.80802887678146368 0.58914285898208616 0
vn 0.93340504169464112 0.35882446169853212 0
vn 0.94761747121810912 -0.31940749287605284 0
vn 0.86699092388153072 -0.4983239471912384 0
vn 0.69395411014556888 -0.7200192213058472 0
vn 0.53728365898132328 -0.84340161085128784 0
vn 0.36036300659179688 -0.93281215429306032 0
vn -0.10957181453704834 -0.99397885799407952 0
vn -0.33151814341545104 -0.94344884157180784 0
vn -0.59849470853805544 -0.80112677812576288 0
vn -0.71700561046600344 -0.69706737995147704 0
vn -0.87371015548706048 -0.48644691705703736 0
vn -0.96900492906570432 -0.24704135954380036 0
vn -0.999038815498352 -0.04383368045091629 0
vn 0.08662018179893494 0.89405763149261472 -0.43949732184410096
vn 0.33249980211257936 0.389021635055542 -0.8591309785842896
vn 0.30615094304084776 0.37905395030975344 -0.8732638359069824
vn 0.00060927215963602 0.0409541018307209 -0.9991608262062072
vn 0.0013735982356593 0.02456892654299736 -0.99969720840454096
vn 0 0.00555587699636817 -0.9999845623970032
vn 0.07691151648759842 0.98127633333206176 -0.17658253014087678
vn -0.11090116202831268 0.92981475591659552 -0.35092091560363768
vn 0.08830280601978302 0.9495306611061096 -0.30098864436149596
vn -0.00937840715050697 0.92773997783660896 -0.37310931086540224
vn 0.08918745815753937 0.92538654804229744 -0.3683819770812988
vn 0.04068685322999954 0.91475933790206912 -0.40194526314735416
vn 0.03265475854277611 0.94463467597961424 -0.3264950215816498
vn -0.02838370762765407 0.95549315214157104 -0.29364463686943056
vn -0.06004967540502548 0.93256402015686032 -0.35597524046897888
vn -0.09049319475889206 0.9578450322151184 -0.27266073226928712
vn -0.05215178057551384 0.97402256727218624 -0.22036387026309968
vn 0.08405104279518127 0.96786814928054816 -0.2369951456785202
vn 0.02038502320647239 0.96643698215484624 -0.25609377026557924
vn 0.00434117345139384 0.98152810335159296 -0.19126877188682556
vn -0.07978052645921707 0.98475843667984016 -0.15455061197280884
vn -0.1261785626411438 0.97240942716598512 -0.19621133804321288
vn -0.1656850129365921 0.97775095701217648 -0.12865281105041504
vn -0.2010735869407654 0.96208626031875616 -0.18428094685077668
vn -0.209819957613945 0.90212839841842656 -0.37701445817947384
vn -0.15317095816135406 0.95225954055786128 -0.26408416032791136
vn -0.16116297245025634 0.91968244314193728 -0.3580651581287384
vn -0.21552789211273192 0.93893158435821536 -0.26824456453323364
vn -0.27637183666229248 0.91781592369079584 -0.28501325845718384
vn -0.3328009843826294 0.83149331808090208 -0.44481721520423888
vn -0.3207596242427826 0.84912073612213136 -0.41965126991271976
vn -0.33430853486061096 0.8887553811073304 -0.313610702753067
vn -0.34906169772148132 0.91584533452987664 -0.19845220446586608
vn -0.25253114104270936 0.96081620454788208 -0.11428120732307434
vn -0.27581730484962464 0.94323557615280144 -0.18501736223697664
vn -0.33909067511558532 0.93407404422760016 -0.11190731078386306
vn -0.42381051182746888 0.89755111932754512 -0.12160039693117142
vn -0.49505677819252016 0.83174294233322144 -0.25124189257621764
vn -0.58362329006195072 0.7923176884651184 -0.17781053483486176
vn -0.57986658811569216 0.79897075891494752 -0.15937520563602448
vn -0.30441054701805116 0.95080405473709104 -0.05749689787626266
vn 0.05971165373921394 0.99493527412414544 -0.08086012303829193
vn -0.10954320430755616 0.98912310600280768 -0.09816206246614456
vn 0.07586917281150818 0.98900133371353152 -0.12696558237075806
vn 0.06896421313285828 0.98867392539978032 -0.13329583406448364
vn -0.01436490565538406 0.99098742008209232 -0.13318264484405518
vn -0.03379903361201286 0.995942771434784 -0.0834004282951355
vn -0.13877475261688232 0.98887962102890016 -0.05346592888236046
vn -0.20662942528724672 0.975715696811676 -0.07268516719341278
vn -0.24564553797245024 0.96885764598846432 -0.03119556233286857
vn -0.16385795176029206 0.98611611127853392 -0.02693628892302513
vn 0.05105014145374298 0.99808216094970704 -0.03501302003860473
vn -0.05084314942359924 0.99739921092987056 -0.05108659341931343
vn 0.05571788176894188 0.9968435168266296 -0.05655499175190926
vn -0.05796157568693161 0.99774426221847536 -0.0338653139770031
vn -0.06658575683832169 0.99752694368362432 -0.02250253222882747
vn 0.05016737803816795 0.9987231492996216 0.00593901425600051
vn 0.08340046554803848 0.99643498659133904 -0.01271370612084865
vn -0.09149907529354096 0.99516624212265008 -0.03566538169980049
vn -0.18145358562469484 0.9833733439445496 -0.0071735642850399
vn -0.28810936212539672 0.95739209651947024 -0.01983213983476162
vn -0.27857539057731628 0.96037495136260992 -0.00869906786829233
vn -0.173860102891922 0.98464977741241456 -0.0154111972078681
vn -0.3011876344680786 0.95356315374374384 0.00183003523852676
vn -0.18639828264713288 0.98233783245086672 0.016372075304389
vn -0.32300892472267152 0.9461668729782104 -0.02081975154578685
vn -0.39269471168518064 0.91966122388839728 0.00374687346629798
vn -0.4954407513141632 0.86661082506179808 -0.05936482548713684
vn -0.35266661643981932 0.93558835983276368 -0.01734055019915104
vn -0.40130722522735592 0.91440612077713008 -0.05304700136184692
vn -0.45775091648101808 0.88899523019790656 -0.01231323275715112
vn -0.55856353044509888 0.82930552959442144 -0.01609599962830543
vn -0.58470052480697632 0.80768430233001712 -0.07596942037343979
vn -0.70363426208496096 0.7083430886268616 -0.05611490085721016
vn -0.60838055610656736 0.79362499713897712 0.0056952154263854
vn -0.41534867882728576 0.90955621004104608 0.01389307342469692
vn -0.41978248953819272 0.9075925946235656 0.00763807399198412
vn -0.50356400012969968 0.86392307281494144 0.0077589638531208
vn -0.53409302234649656 0.84539675712585456 0.00699718715623021
vn -0.65113008022308352 0.75895673036575312 -0.00378305232152342
vn -0.72770714759826656 0.68587857484817504 0.00359592190943658
vn -0.7369579672813416 0.67560958862304688 -0.0210871435701847
vn -0.7348382472991944 0.67823463678359984 0.00324048870243132
vn -0.7369964718818664 0.67587774991989136 0.00504489801824092
vn 0.24618710577487944 0.70463496446609496 -0.6654934287071228
vn 0.62632477283477784 0.367524653673172 -0.6874903440475464
vn 0.34473296999931336 0.52937382459640504 -0.77519196271896368
vn 0.4847566485404968 0.355228990316391 -0.7992642521858216
vn 0.36023944616317748 0.44491112232208248 -0.81992781162261968
vn 0.4146215915679932 0.36826604604721072 -0.83214724063873296
vn 0.3765433430671692 0.3773649334907532 -0.84605604410171504
vn 0.42649561166763304 0.43917754292488096 -0.7907114624977112
vn 0.47798606753349304 0.45131996273994448 -0.75355130434036256
vn 0.4366464018821716 0.4591510593891144 -0.7736408710479736
vn 0.56167769432067872 0.35171964764595032 -0.74887347221374512
vn 0.49461764097213744 0.36305132508277896 -0.78965002298355104
vn 0.58614540100097656 0.36514267325401304 -0.72325956821441648
vn 0.54243934154510496 0.4540239870548248 -0.70683926343917848
vn 0.58004152774810792 0.4584737718105316 -0.67331540584564208
vn 0.47063857316970824 0.53670805692672728 -0.70031690597534176
vn 0.3204825520515442 0.61307132244110104 -0.7221041917800904
vn 0.40673720836639408 0.53228926658630368 -0.74245065450668336
vn 0.37615841627120968 0.62450259923934936 -0.68447160720825192
vn 0.43251100182533264 0.63605338335037232 -0.63903856277465824
vn 0.51103687286376952 0.55778163671493528 -0.65400379896163944
vn 0.5441438555717468 0.56485003232955936 -0.6203643083572388
vn 0.46573230624198912 0.65876168012619016 -0.59086918830871584
vn 0.4935390055179596 0.6676907539367676 -0.55732244253158568
vn 0.57703590393066408 0.57462435960769656 -0.58037608861923216
vn 0.8130348324775696 0.41870224475860592 -0.404552549123764
vn 0.61819672584533688 0.46622690558433536 -0.63282328844070432
vn 0.73298925161361696 0.37904509902000424 -0.5648464560508728
vn 0.68928408622741696 0.36595007777214048 -0.62527436017990112
vn 0.7772216200828552 0.3917014300823212 -0.4924394190311432
vn 0.7526467442512512 0.39904439449310304 -0.52372360229492184
vn 0.69407224655151368 0.4922069311141968 -0.52535331249237064
vn 0.65646159648895264 0.47751376032829288 -0.58398520946502688
vn 0.72984623908996576 0.50968468189239504 -0.4555721580982208
vn 0.76213616132736208 0.52870070934295656 -0.3736630380153656
vn 0.8791582584381104 0.43696013092994688 -0.1901225745677948
vn 0.86554801464080816 0.44872912764549256 -0.22241587936878204
vn 0.84599637985229488 0.43554833531379696 -0.3075513243675232
vn 0.87596464157104496 0.47515180706977848 -0.08316687494516373
vn 0.80798029899597168 0.56298869848251344 -0.17381468415260314
vn 0.78890305757522576 0.54731839895248416 -0.27941817045211792
vn 0.81679481267929072 0.57506310939788816 -0.04635310545563698
vn 0.69329774379730224 0.63764935731887816 -0.33577013015747072
vn 0.52052265405654904 0.678523063659668 -0.51832669973373416
vn 0.6400107741355896 0.6024577617645264 -0.47689712047576904
vn 0.60922628641128544 0.58723133802413944 -0.53291904926300048
vn 0.66843342781066896 0.6196522116661072 -0.41137322783470152
vn 0.57002151012420656 0.70576852560043336 -0.4206735789775848
vn 0.54621249437332152 0.69129848480224608 -0.47303095459938048
vn 0.59125375747680664 0.72133833169937136 -0.3606799840927124
vn 0.60914307832717896 0.73703628778457648 -0.29278361797332764
vn 0.72700864076614384 0.66884595155715944 -0.15525336563587188
vn 0.7132578492164612 0.65475666522979736 -0.25011393427848816
vn 0.73311394453048704 0.67798912525177 -0.05361656844615936
vn 0.63199818134307864 0.76321899890899664 -0.13444367051124572
vn 0.622933566570282 0.75153237581253056 -0.21714717149734496
vn 0.63550263643264768 0.77073764801025392 -0.04582376778125763
vn 0.4304431080818176 0.77461820840835568 -0.46334150433540344
vn 0.17119874060153962 0.82351666688919072 -0.54084306955337528
vn 0.34021222591400148 0.74672031402587888 -0.57154566049575808
vn 0.21122550964355468 0.76958250999450688 -0.60259979963302616
vn 0.29264447093009948 0.72720694541931152 -0.62090998888015744
vn 0.24749524891376496 0.79714167118072512 -0.55073702335357664
vn 0.2835955023765564 0.82042217254638672 -0.49646854400634768
vn 0.4197078049182892 0.75134396553039552 -0.50924217700958248
vn 0.38507941365242008 0.75190818309783936 -0.53511482477188112
vn 0.31837752461433412 0.84185856580734256 -0.43578651547431944
vn 0.21993738412857056 0.87923282384872432 -0.42258393764495848
vn 0.12874458730220794 0.86492562294006352 -0.48510664701461792
vn 0.19623073935508728 0.85407900810241696 -0.48170796036720272
vn 0.14229223132133484 0.89658659696578976 -0.41938698291778568
vn 0.1534438282251358 0.92187523841857904 -0.35581046342849732
vn 0.24152690172195436 0.90082967281341552 -0.36079168319702152
vn 0.16187052428722382 0.94231837987899776 -0.29297444224357604
vn 0.28832274675369264 0.91266244649887088 -0.28968471288681032
vn 0.26081264019012452 0.91277509927749632 -0.31435388326644896
vn 0.51145148277282712 0.8231317400932312 -0.24672147631645204
vn 0.34983083605766296 0.85255324840545648 -0.38829281926155088
vn 0.48491334915161136 0.79743528366088864 -0.35910442471504212
vn 0.45148330926895144 0.78715538978576656 -0.4201776087284088
vn 0.49960827827453616 0.81048589944839472 -0.30578446388244628
vn 0.37678599357604984 0.87450861930847168 -0.30539640784263612
vn 0.36408415436744688 0.8636223673820496 -0.34871071577072144
vn 0.3876768946647644 0.8849051594734192 -0.25816571712493896
vn 0.40331137180328368 0.89290875196456912 -0.20013457536697388
vn 0.52545022964477536 0.84336566925048832 -0.11241168528795242
vn 0.5201221704483032 0.8344514966011048 -0.18210878968238832
vn 0.5418506860733032 0.8394930362701416 -0.04061111435294151
vn 0.41055944561958312 0.9073487520217896 -0.09032835811376572
vn 0.4079890549182892 0.90109276771545408 -0.14689046144485474
vn 0.41039988398551944 0.9113886952400208 -0.03070203773677349
vn 0.28874224424362184 0.9446497559547424 -0.15577132999897004
vn 0.16732186079025268 0.9587498307228088 -0.22978727519512176
vn 0.2752124071121216 0.9306755065917968 -0.2410418540239334
vn 0.28055855631828308 0.93845462799072272 -0.20146907866001128
vn 0.17105691134929656 0.96820396184921264 -0.18253926932811736
vn 0.17130900919437408 0.97373712062835696 -0.14996397495269776
vn 0.17105628550052642 0.97826933860778816 -0.11717019975185394
vn 0.29088848829269408 0.95423793792724608 -0.06938215345144272
vn 0.29031443595886232 0.95018136501312256 -0.11345858126878738
vn 0.31899768114089964 0.94740629196166992 -0.02572469413280487
vn 0.28983399271965028 0.9570661783218384 -0.00454079452902078
vn 0.16998988389968872 0.98414313793182368 -0.05065285414457321
vn 0.1709958165884018 0.98171776533126832 -0.08361021429300308
vn 0.16934040188789368 0.98540931940078736 -0.01709772832691669
vn 0.10235904157161712 0.34234875440597536 -0.93398070335388176
vn 0.08868832886219025 0.31579047441482544 -0.9446749687194824
vn 0.00097234203713014 0.03290344029664993 -0.99945807456970208
vn 0.02829738520085811 0.19327306747436524 -0.98073685169219968
vn 0.02343212813138962 0.1729969084262848 -0.98464357852935792
vn 0.00102678104303777 0.02804403938353061 -0.99960613250732416
vn 0.01267472468316555 0.121060810983181 -0.99256414175033568
vn 0.00534740928560495 0.07186161726713181 -0.99740028381347664
vn 0.00168889027554541 0.05204243212938309 -0.99864345788955696
vn 0.0146759832277894 0.14313112199306488 -0.9895949363708496
vn 0.01214866526424884 0.14598123729228974 -0.98921275138854976
vn 0.00508230132982134 0.08628928661346436 -0.99625718593597408
vn 0.01360630337148904 0.17445863783359528 -0.98457050323486336
vn 0.02344781532883644 0.2250312715768814 -0.97406935691833504
vn 0.05382699519395828 0.25969597697257996 -0.96418911218643184
vn 0.0539882630109787 0.26054635643959044 -0.9639506340026856
vn 0.06935932487249374 0.2875739336013794 -0.95524370670318608
vn 0.05017409101128578 0.31939560174942016 -0.94629222154617312
vn 0.03570563718676567 0.27367722988128664 -0.96115863323211664
vn 0.06662995368242264 0.36142456531524656 -0.93001759052276608
vn 0.02172358706593513 0.27060604095458984 -0.9624450206756592
vn 0.00085302360821515 0.03748027235269546 -0.99929702281951904
vn 0.00599209452047944 0.14790438115596772 -0.98898351192474368
vn 0.00474791880697011 0.10115787386894226 -0.99485903978347776
vn 0.01272612158209085 0.20962016284465788 -0.9777000546455384
vn 0.00529545918107032 0.1727418452501297 -0.98495292663574224
vn 0.00153679377399384 0.10172031819820404 -0.99481183290481568
vn 0.0110539412125945 0.24435101449489592 -0.969623863697052
vn 0.01853957585990429 0.3148731291294098 -0.94895267486572272
vn 0.04554818198084831 0.38521856069564816 -0.9217005968093872
vn 0.03275137767195701 0.32951456308364868 -0.94358229637146
vn 0.05984725430607796 0.4368819892406464 -0.89752572774887088
vn 0.03745532035827636 0.44686388969421384 -0.89381754398345952
vn 0.02744577266275882 0.38278877735137936 -0.92342811822891232
vn 0.04826424270868301 0.5062255263328552 -0.86104953289031984
vn 0.07539743930101395 0.48398348689079288 -0.87182289361953728
vn 0.24205215275287628 0.3745776116847992 -0.89504319429397584
vn 0.08485224097967148 0.3992639482021332 -0.91290110349655152
vn 0.16410376131534576 0.36545550823211672 -0.91624897718429568
vn 0.13185803592205048 0.32936879992485048 -0.93494898080825808
vn 0.13881821930408478 0.40194699168205264 -0.90507906675338752
vn 0.1596137285232544 0.41984176635742184 -0.8934519290924072
vn 0.17305314540863038 0.37178662419319152 -0.91204565763473504
vn 0.18609550595283508 0.436425507068634 -0.88028472661972048
vn 0.1542576551437378 0.472777396440506 -0.8675748705863952
vn 0.1238299012184143 0.41077077388763424 -0.90329039096832272
vn 0.11179221421480178 0.48190215229988096 -0.86906433105468752
vn 0.15066121518611908 0.52928566932678224 -0.83495980501174928
vn 0.1254231482744217 0.50612539052963256 -0.85329133272171024
vn 0.1794770210981369 0.49401432275772096 -0.85072785615921024
vn 0.22839727997779848 0.5052287578582764 -0.83221304416656496
vn 0.2545858323574066 0.40167081356048584 -0.87968552112579344
vn 0.24082797765731812 0.37117549777030944 -0.89678907394409184
vn 0.23723949491977692 0.43944188952445984 -0.86637651920318608
vn 0.29707622528076172 0.44692519307136536 -0.84380304813385008
vn 0.28512513637542724 0.52217352390289304 -0.8037651777267456
vn 0.21458446979522704 0.57034105062484744 -0.79288375377655024
vn 0.2664077877998352 0.59667921066284176 -0.75696814060211184
vn 0.15908800065517426 0.63501513004302976 -0.75594097375869744
vn 0.05960089713335037 0.56037622690200808 -0.82609093189239504
vn 0.11922816932201386 0.57993441820144656 -0.80589127540588384
vn 0.11082050204277038 0.50751549005508424 -0.8544862866401672
vn 0.09647995978593826 0.5739697217941284 -0.81317299604415888
vn 0.10703020542860032 0.62736845016479496 -0.77133220434188848
vn 0.08422102034091949 0.67627459764480592 -0.7318193316459656
vn 0.11787986010313034 0.71417862176895144 -0.68996614217758176
vn 0.07123730331659317 0.60915660858154296 -0.78984397649765008
vn 0.11903375387191772 0.73481154441833504 -0.66774469614028928
vn 0.20153436064720152 0.67524003982543944 -0.70953136682510376
vn 0.14061446487903594 0.68853795528411864 -0.7114373445510864
vn 0.1754666119813919 0.73460650444030768 -0.6554118990898132
vn 0.14535605907440186 0.78489577770233152 -0.60233730077743528
vn 0.09560204297304154 0.77229386568069456 -0.62803065776824952
vn 0.11309562623500824 0.82456231117248528 -0.5543522238731384
vn 0 0.0426628477871418 -0.99908953905105584
vn 0.05168160796165466 0.66480970382690432 -0.74522280693054192
vn 0.03831285983324051 0.61798423528671264 -0.78525644540786736
vn 0 0.04098205640912056 -0.99915987253189088
vn 0.0135314455255866 0.35246390104293824 -0.93572759628295904
vn 0.00409447308629751 0.19501546025276184 -0.98079162836074832
vn 0.00123322347644716 0.11532945185899734 -0.99332654476165776
vn 0.00829998310655355 0.2746804654598236 -0.96149975061416624
vn 0.02575115300714969 0.4962265491485596 -0.86781108379364016
vn 0.01945636980235576 0.42673385143280032 -0.90416795015335088
vn 0.03212101012468338 0.5601118206977844 -0.82779401540756224
vn 0.00614630058407783 0.37707856297492984 -0.9261608719825744
vn 0.00218577892519533 0.21068049967288972 -0.9775525331497192
vn 0.00071593734901398 0.12526270747184754 -0.9921233654022216
vn 0.0041004535742104 0.29524537920951844 -0.95541268587112432
vn 0.00945903919637203 0.5266268849372864 -0.85004389286041264
vn 0.00802300218492746 0.45459580421447752 -0.8906617164611816
vn 0.010221429169178 0.59245419502258304 -0.80553930997848512
vn 0.01035819388926029 0.6784018874168396 -0.73461800813674928
vn 0.07172384858131409 0.80044156312942512 -0.59510415792465208
vn 0.04992559552192688 0.73768126964569088 -0.67330068349838256
vn 0.07115767896175385 0.76264554262161248 -0.64289063215255736
vn 0.04407400265336036 0.82193404436111456 -0.5678749084472656
vn 0.08072357624769211 0.85342168807983392 -0.51493215560913088
vn 0.04443192481994629 0.87482082843780512 -0.48240467905998232
vn 0.01347448118031025 0.83629077672958368 -0.54812061786651608
vn 0.006719087716192 0.77151501178741456 -0.63617563247680664
vn 0.01382580492645502 0.78064054250717168 -0.62482726573944088
vn -0.01697213388979435 0.84255981445312496 -0.53833532333374024
vn 0.00455466099083423 0.88889479637146 -0.45808872580528256
vn -0.03549970686435699 0.89490288496017456 -0.44484674930572512
vn -0.01110826153308153 0.67925202846527096 -0.73382103443145744
vn 0 0.04300078749656677 -0.99907505512237552
vn -0.00089831562945619 0.38360145688056944 -0.92349827289581296
vn 0.00036445321165956557 0.21653953194618224 -0.976273775100708
vn 0.0002078820252791047 0.12954528629779816 -0.99157351255416864
vn 0.00010635246871970594 0.30177846550941468 -0.95337808132171632
vn -0.00625382922589778 0.53211098909378048 -0.84665155410766608
vn -0.00293828453868627 0.46068605780601504 -0.88755828142166144
vn -0.00986632332205772 0.596915066242218 -0.80224376916885376
vn -0.01108460687100887 0.60017299652099608 -0.79979342222213744
vn -0.00753929978236556 0.3754951357841492 -0.92679369449615472
vn -0.00141941232141107 0.21464478969573976 -0.97669112682342528
vn -0.00105975370388478 0.15360753238201142 -0.98813134431838992
vn -0.00642114598304033 0.31483417749404908 -0.94912499189376832
vn -0.04072536528110504 0.51888251304626464 -0.85387492179870608
vn -0.03332336992025375 0.5798670053482056 -0.81402939558029168
vn -0.02077647298574447 0.51696211099624632 -0.85575610399246208
vn -0.01677534729242324 0.54114091396331784 -0.84076458215713504
vn -0.01315164938569069 0.4489774703979492 -0.8934462666511536
vn -0.03749555349349975 0.65837019681930544 -0.75175982713699344
vn -0.04700496047735214 0.84133672714233392 -0.53846365213394168
vn -0.02465595118701458 0.671684205532074 -0.74042719602584832
vn -0.02570289000868797 0.77101719379425056 -0.6362954378128052
vn -0.04635100439190865 0.76275426149368288 -0.64502519369125368
vn -0.07617246359586716 0.8329341411590576 -0.5481044054031372
vn -0.07538078725337982 0.89342391490936272 -0.44284465909004208
vn -0.11446397751569748 0.88467752933502192 -0.4519332647323608
vn -0.10393349826335906 0.81757795810699456 -0.56636041402816776
vn -0.06569261103868484 0.64294928312301632 -0.76308625936508176
vn -0.07370941340923309 0.63153547048568728 -0.77183538675308224
vn -0.06591188162565231 0.74800735712051392 -0.66040945053100584
vn -0.13169807195663452 0.68913573026657104 -0.7125640511512756
vn -0.11869416385889054 0.72311121225357056 -0.68045711517333984
vn -0.12978264689445496 0.79556244611740112 -0.59180808067321776
vn -0.15195775032043458 0.86871373653411872 -0.47142896056175232
vn -0.18579445779323576 0.84557181596755984 -0.50048846006393432
vn -0.23873665928840636 0.81401687860488896 -0.52951043844223024
vn -0.1975654363632202 0.84562337398529056 -0.4958719611167908
vn -0.17145608365535736 0.76739913225173952 -0.61781984567642208
vn -0.08414088934659958 0.72730892896652224 -0.6811329126358032
vn -0.09332671016454696 0.72868126630783088 -0.67846423387527464
vn -0.04537004232406616 0.582436203956604 -0.81160926818847664
vn -0.1401187926530838 0.79646635055542 -0.58822453022003176
vn -0.15273082256317138 0.86876600980758672 -0.47108268737792968
vn -0.10533273965120316 0.88345664739608768 -0.4565187692642212
vn -0.10633398592472076 0.81794017553329472 -0.5653910040855408
vn -0.06895089149475098 0.74865674972534176 -0.65936243534088136
vn -0.04268050938844681 0.76173299551010128 -0.64648371934890744
vn -0.04049290716648102 0.65912175178527832 -0.75094532966613776
vn -0.07022877037525177 0.83165287971496576 -0.55083703994750976
vn -0.05709918960928917 0.6413913369178772 -0.7650861740112304
vn -0.01726032607257366 0.4230588376522064 -0.90593779087066656
vn -0.08255890011787415 0.46635428071022032 -0.88073700666427616
vn -0.00655156839638948 0.29757359623908996 -0.95467638969421392
vn -0.00218490371480584 0.12958937883377076 -0.9915653467178344
vn 0.00241578207351267 0.23895813524723052 -0.9710268378257752
vn -0.01062431093305349 0.35583767294883728 -0.93448740243911744
vn -0.02146170102059841 0.57683604955673216 -0.81657797098159792
vn -0.0053825550712645 0.44714716076850888 -0.894444227218628
vn -0.00965266395360231 0.51416170597076416 -0.857638955116272
vn -0.00077348150080069 0.2965674102306366 -0.95501160621643072
vn 0.00018354112398810685 0.12939666211605072 -0.99159288406372064
vn 1.9519955458235927E-05 0.21445594727993012 -0.97673368453979488
vn -0.0024909924250096 0.37443640828132632 -0.92724925279617312
vn 0.00442139478400349 0.07038001716136932 -0.99751043319702144
vn -0.02252153307199478 0.6710137128829956 -0.74110281467437744
vn -0.0564301609992981 0.88954114913940432 -0.4533565640449524
vn -0.0069124698638916 0.8867806196212768 -0.46213895082473752
vn -0.0325336679816246 0.83722442388534544 -0.54589086771011352
vn -0.01492703706026077 0.76729696989059456 -0.6411181688308716
vn 0.0060905241407454 0.8342670798301696 -0.55132693052291872
vn 0.04265915602445602 0.87461608648300176 -0.48293569684028624
vn 0.08832650631666183 0.85384428501129152 -0.51297986507415768
vn 0.04520599544048309 0.82217139005661008 -0.56744217872619632
vn 0.04350714385509491 0.75348263978958128 -0.65602672100067136
vn 0.08108016103506088 0.80189782381057744 -0.59193402528762816
vn 0.00678013870492577 0.67240440845489504 -0.740152895450592
vn 0.00953997671604156 0.58955478668212888 -0.80767202377319328
vn 0.00848203245550394 0.45684123039245608 -0.88950783014297488
vn 0.00941110961139202 0.52640730142593384 -0.85018044710159296
vn 0.00507985102012753 0.30056443810462952 -0.95374798774719232
vn 0.00142987200524657 0.12940894067287446 -0.99159026145935056
vn 0.00313486368395388 0.21603646874427796 -0.9763802886009216
vn 0.00695645529776811 0.38127329945564272 -0.92443621158599856
vn 0.03702902421355247 0.57896065711975096 -0.81451421976089472
vn 0.02416431158781051 0.44757676124572752 -0.8939189910888672
vn 0.03065985068678856 0.51652228832244872 -0.8557246327400208
vn 0.01194243319332599 0.29283076524734496 -0.956089735031128
vn 0.00299834134057164 0.12494774162769318 -0.99215877056121824
vn 0.00688526313751936 0.20961524546146392 -0.97775971889495856
vn 0.01781828515231609 0.37266463041305544 -0.92779499292373664
vn 0.00028222499531693757 0.04265229776501655 -0.99908995628356928
vn 0.04783129319548607 0.65897607803344728 -0.7506415247917176
vn 5.49808464711532E-05 0.0429992713034153 -0.99907511472702032
vn 0.12935225665569306 0.8246022462844848 -0.5507259964942932
vn 0.11240767687559128 0.7741195559501648 -0.62297946214675904
vn 0.16995218396186828 0.783476173877716 -0.59773010015487672
vn 0.20774228870868684 0.73052608966827392 -0.65051883459091184
vn 0.1711868941783905 0.68838340044021608 -0.70485699176788328
vn 0.24042922258377076 0.66729795932769776 -0.7049164175987244
vn 0.1430000513792038 0.73614543676376336 -0.66154426336288456
vn 0.08251526951789856 0.64375406503677368 -0.76077061891555792
vn 0.0934951901435852 0.70842272043228152 -0.69956839084625248
vn 0.13535377383232116 0.63157910108566288 -0.76340502500534064
vn 0.1031196042895317 0.58228647708892824 -0.80641722679138176
vn 0.15227308869361878 0.58273983001708984 -0.79826515913009648
vn 0.07055201381444931 0.59659278392791752 -0.79943698644638064
vn 0.195403128862381 0.63231694698333744 -0.74966186285018928
vn 0.22227704524993896 0.6094990968704224 -0.76098865270614624
vn 0.17364460229873658 0.57655280828475952 -0.79839491844177248
vn 0.23727549612522124 0.54054814577102664 -0.80716049671173088
vn 0.24693311750888824 0.47114807367324832 -0.846784234046936
vn 0.19068890810012816 0.45459151268005368 -0.87004846334457392
vn 0.3034988045692444 0.3729568719863892 -0.8768076300621032
vn 0.18406589329242708 0.51569318771362304 -0.83676773309707648
vn 0.15514770150184632 0.4773540198802948 -0.86490595340728752
vn 0.1655777096748352 0.52939724922180176 -0.83205926418304448
vn 0.12371043115854264 0.4943827986717224 -0.8603960871696472
vn 0.13161961734294892 0.4545665383338928 -0.88093447685241696
vn 0.16001544892787934 0.4215891063213348 -0.8925568461418152
vn 0.18980687856674196 0.37937009334564208 -0.90556704998016352
vn 0.1354496031999588 0.4032564163208008 -0.90500700473785408
vn 0.13445159792900086 0.39843577146530152 -0.90728813409805296
vn 0.14108210802078248 0.36848294734954832 -0.91886675357818608
vn 0.10768826305866242 0.45354607701301576 -0.88470286130905152
vn 0.19423818588256836 0.39456370472908024 -0.8981041312217712
vn 0.09267665445804596 0.53359627723693848 -0.84064620733261104
vn 0.05867789685726166 0.54326272010803224 -0.83750975131988528
vn 0.03606610000133514 0.4179455041885376 -0.90775591135025024
vn 0.04709569364786148 0.4836376905441284 -0.8740003108978272
vn 0.07553824037313461 0.48557361960411072 -0.87092608213424688
vn 0.04462919384241104 0.37234726548194888 -0.92701983451843264
vn 0.05943084508180618 0.43170592188835144 -0.90005445480346672
vn 0.02590245194733143 0.34685772657394408 -0.9375600218772888
vn 0.01695434190332889 0.2715299129486084 -0.96228063106536864
vn 0.00411871168762445 0.11486825346946716 -0.99337220191955568
vn 0.00958088226616382 0.1935618370771408 -0.98104131221771248
vn 0.0202071126550436 0.24063366651535036 -0.97040563821792608
vn 0.00170733034610748 0.08691783249378204 -0.9962140321731568
vn 0.01122151128947734 0.17100831866264344 -0.98520570993423456
vn 0 0.03295942768454551 -0.99945670366287232
vn 0.03144584223628044 0.30826160311698912 -0.95078176259994512
vn 0.08673764765262604 0.41367259621620176 -0.90628451108932496
vn 0.05003033578395844 0.31795555353164672 -0.94678467512130736
vn 0.06742782890796661 0.36833497881889344 -0.92724478244781488
vn 0.09236930310726166 0.33696165680885316 -0.93697637319564816
vn 0.03746692836284637 0.22513616085052492 -0.97360664606094368
vn 0.07147379964590073 0.30155065655708312 -0.95076745748519904
vn 0.0348355583846569 0.26330813765525816 -0.96408259868621824
vn 0.02212655544281005 0.2055141031742096 -0.97840398550033568
vn 0.00179449433926492 0.07235930860042572 -0.99737703800201424
vn 0.00634963205084204 0.12314173579216004 -0.99236875772476192
vn 0.02317815274000168 0.17003913223743438 -0.98516470193862912
vn 0.00529757421463727 0.07167304307222366 -0.99741411209106448
vn 0.00660221837460994 0.1020369902253151 -0.9947587251663208
vn 0 0.0233895443379879 -0.99972641468048096
vn 0.03661853820085525 0.21723388135433196 -0.97543245553970336
vn 0 0.0281068030744791 -0.99960494041442864
vn 0.1207035779953003 0.36132922768592832 -0.92459279298782352
vn 0.16933360695838928 0.98541033267974848 -0.01710584573447704
vn 0.17048238217830658 0.98176091909408576 -0.08415032178163528
vn 0.1698174774646759 0.98416298627853392 -0.05084541812539101
vn 0.25819218158721924 0.96584677696228032 -0.0218359250575304
vn 0.28749889135360716 0.95067226886749264 -0.1164756566286087
vn 0.28930306434631348 0.95458626747131344 -0.07119572907686234
vn 0.17205119132995606 0.9782134294509888 -0.11617586016654968
vn 0.17288924753665924 0.97369009256362912 -0.14844822883605958
vn 0.17328983545303344 0.96819657087326048 -0.18046055734157564
vn 0.28596448898315428 0.93792647123336784 -0.19626069068908692
vn 0.28186625242233276 0.93026131391525264 -0.23487290740013124
vn 0.17415167391300202 0.95777028799057008 -0.22879527509212492
vn 0.28463321924209596 0.9452021718025208 -0.15992756187915802
vn 0.42637088894844056 0.90299904346466064 -0.05292074754834175
vn 0.40327784419059752 0.90236353874206544 -0.15201003849506378
vn 0.40785694122314456 0.90824615955352784 -0.0934966504573822
vn 0.5262277126312256 0.85002058744430544 -0.02343902736902237
vn 0.51395916938781736 0.83675861358642576 -0.1888940930366516
vn 0.52195072174072264 0.84496408700942992 -0.11663258075714112
vn 0.39654865860939024 0.89437329769134528 -0.20699177682399748
vn 0.39643934369087216 0.88342052698135376 -0.24980802834033968
vn 0.37639427185058592 0.8625971674919128 -0.33801403641700744
vn 0.3874172568321228 0.87317192554473872 -0.29576799273490904
vn 0.48802861571311952 0.81337636709213264 -0.31661802530288696
vn 0.46777585148811344 0.78468662500381472 -0.40675872564315792
vn 0.47084277868270872 0.80023348331451424 -0.37139397859573368
vn 0.3635923266410828 0.85199928283691408 -0.37669333815574648
vn 0.5025469660758972 0.82586401700973504 -0.2557247579097748
vn 0.2770521342754364 0.91561907529830928 -0.29134830832481384
vn 0.17151227593421936 0.9409103393554688 -0.2920125126838684
vn 0.26223328709602356 0.8957792520523072 -0.35890567302703856
vn 0.16549097001552582 0.92020350694656368 -0.3547368049621582
vn 0.15622183680534362 0.8949787020683288 -0.41786110401153568
vn 0.22056667506694792 0.84932881593704224 -0.4795736372470856
vn 0.14405514299869538 0.86384952068328864 -0.48271334171295168
vn 0.2430085986852646 0.87396305799484256 -0.42087456583976744
vn 0.3485732078552246 0.83120524883270256 -0.4331218600273132
vn 0.42519086599349976 0.74864584207534784 -0.5086670517921448
vn 0.31633108854293824 0.80965268611907952 -0.4943654537200928
vn 0.28114959597587584 0.78754091262817376 -0.54839235544204712
vn 0.33396437764167784 0.7112756967544556 -0.61851006746292112
vn 0.24460428953170776 0.7622824311256408 -0.59924471378326416
vn 0.38065448403358456 0.72890979051589968 -0.5690279006958008
vn 0.1959635615348816 0.82005530595779424 -0.53768724203109744
vn 0.44863703846931456 0.7727050185203552 -0.44905650615692136
vn 0.63479840755462648 0.77125895023345952 -0.04680401831865311
vn 0.6157991290092468 0.75505208969116208 -0.22513951361179352
vn 0.62803453207015992 0.76559752225875856 -0.13940277695655822
vn 0.73238611221313472 0.67868739366531376 -0.05471749603748322
vn 0.7056525349617004 0.659572958946228 -0.25887826085090636
vn 0.72290718555450432 0.67200946807861328 -0.16065037250518798
vn 0.59867781400680544 0.74132621288299568 -0.30334851145744324
vn 0.57750642299652096 0.72604799270629888 -0.37328356504440304
vn 0.52666449546813968 0.69588673114776608 -0.48822757601737976
vn 0.5532081127166748 0.71057140827178952 -0.43479770421981808
vn 0.65327411890029904 0.62650632858276368 -0.42511501908302304
vn 0.58735454082489016 0.59454315900802616 -0.54912024736404416
vn 0.62130671739578248 0.60972887277603152 -0.49214702844619752
vn 0.49863857030868528 0.68260240554809568 -0.53424108028411864
vn 0.68191236257553104 0.64369249343872072 -0.3473549783229828
vn 0.80663591623306272 0.58812725543975832 -0.05869270488619804
vn 0.78131532669067376 0.55341416597366336 -0.28858116269111632
vn 0.80403721332550048 0.56687259674072264 -0.17938672006130218
vn 0.8850931525230408 0.46068346500396728 -0.066187784075737
vn 0.8487703800201416 0.43269529938697816 -0.3039138615131378
vn 0.87734019756317136 0.45232069492340088 -0.16025029122829438
vn 0.75048947334289552 0.53656750917434696 -0.38582488894462584
vn 0.7140812873840332 0.51886063814163208 -0.4699697494506836
vn 0.63330143690109256 0.4879518449306488 -0.60069316625595096
vn 0.6744094491004944 0.50223684310913088 -0.54123014211654664
vn 0.77912837266922 0.39867985248565672 -0.4837492108345032
vn 0.66540974378585816 0.37949299812316896 -0.64281797409057616
vn 0.71258562803268432 0.39234063029289248 -0.58162748813629152
vn 0.59203279018402096 0.4766342043876648 -0.64985924959182736
vn 0.80574589967727664 0.4255023002624512 -0.41197246313095096
vn 0.5524543523788452 0.58161234855651856 -0.59709399938583376
vn 0.46974518895149232 0.67097991704940792 -0.5736945271492004
vn 0.44045513868331912 0.66099590063095096 -0.6075226068496704
vn 0.51734131574630736 0.57116037607192992 -0.63728630542755128
vn 0.48250088095664976 0.56307578086853024 -0.67092365026474
vn 0.38668605685234072 0.66180771589279176 -0.64224946498870848
vn 0.32921284437179564 0.64774829149246216 -0.6870524287223816
vn 0.35626649856567384 0.56322425603866576 -0.7455552220344544
vn 0.27423983812332152 0.63178277015686032 -0.7250124216079712
vn 0.4217441380023956 0.57060444355010984 -0.7046576738357544
vn 0.55140089988708496 0.4684187471866608 -0.69031947851181032
vn 0.51184689998626712 0.46308889985084536 -0.72357541322708128
vn 0.60242217779159544 0.35409116744995116 -0.71533697843551632
vn 0.52218753099441528 0.35300222039222716 -0.7763437628746032
vn 0.53426611423492432 0.36963066458702088 -0.7602189779281616
vn 0.49589371681213376 0.43596091866493224 -0.75101763010025024
vn 0.37434878945350648 0.47766479849815368 -0.79479515552520752
vn 0.43736842274665832 0.34802848100662232 -0.82920747995376592
vn 0.30812710523605348 0.47725188732147216 -0.82297527790069584
vn 0.4522985219955444 0.37203395366668704 -0.81056571006774896
vn 0.29472637176513672 0.55485373735427856 -0.77799338102340704
vn 0.64564281702041624 0.3572779893875122 -0.67490577697753904
vn 0.286848783493042 0.69214171171188352 -0.66231238842010496
vn -0.7777662873268128 0.62853491306304928 -0.00484380219131708
vn -0.70407563447952272 0.70905435085296632 -0.03897980228066444
vn -0.64086788892745968 0.76763272285461424 0.00532163120806217
vn -0.54367482662200928 0.83929586410522464 -0.00037853550747968256
vn -0.53405487537384032 0.8453835844993592 -0.01058313064277172
vn -0.44256237149238584 0.89673763513565056 -0.0004329834191594273
vn -0.64083153009414672 0.76750689744949344 -0.01637287065386772
vn -0.66915398836135864 0.74278312921524048 -0.02249763906002044
vn -0.64527845382690432 0.75649815797805792 -0.1064247116446495
vn -0.60800457000732424 0.7927709817886352 -0.04294867441058159
vn -0.50323534011840824 0.86347585916519168 -0.03411222249269485
vn -0.45646750926971432 0.88656795024871824 -0.0750642791390419
vn -0.39218550920486448 0.919259250164032 -0.03395519778132438
vn -0.55687648057937624 0.826015055179596 -0.08710737526416779
vn -0.41967511177062992 0.90761142969131472 -0.01068852748721838
vn -0.30730929970741272 0.95160871744155888 0.00134755054023116
vn -0.21102640032768248 0.97747594118118288 -0.00294906878843903
vn -0.3072587549686432 0.95160639286041264 -0.00611232686787843
vn -0.18109984695911408 0.98317998647689824 -0.02366347797214985
vn -0.301175057888031 0.9535686373710632 0.00062016473384574
vn -0.18610805273056032 0.98244577646255488 -0.01280937530100345
vn -0.06687003374099731 0.99774378538131712 -0.00597341265529394
vn 0.0246657058596611 0.99964106082916256 -0.01045998185873031
vn -0.0634210929274559 0.99780696630477904 -0.01894664764404297
vn -0.06278540939092636 0.9972659945487976 -0.03896811231970787
vn 0.05355113744735718 0.99683362245559696 -0.05877887457609177
vn -0.0569426529109478 0.99673628807067872 -0.05722133815288544
vn 0.05255831405520439 0.99806016683578496 -0.03337019681930542
vn -0.17321527004241944 0.98418587446212768 -0.03707561269402504
vn -0.27775871753692628 0.95969218015670784 -0.04290676116943359
vn -0.24391932785511016 0.9661847352981568 -0.08360841125249863
vn -0.1625937819480896 0.98481380939483648 -0.06086926534771919
vn -0.04892005398869514 0.99497985839843744 -0.08730380237102509
vn -0.03043719753623008 0.9902207255363464 -0.13614881038665772
vn 0.06129102036356926 0.99255228042602544 -0.10527785122394562
vn -0.13640427589416504 0.98511779308319088 -0.10457928478717804
vn 0.05715380609035492 0.99487936496734624 -0.08335786312818527
vn -0.35131746530532836 0.933347761631012 -0.07374243438243866
vn -0.50486856698989872 0.85128647089004512 -0.1428954303264618
vn -0.43978700041770936 0.87209552526474 -0.21456176042556764
vn -0.49135169386863712 0.8581503033638 -0.14883404970169068
vn -0.39835542440414432 0.90751647949218752 -0.1331419050693512
vn -0.33412703871726988 0.91982364654541008 -0.20562960207462312
vn -0.30185765027999876 0.9445104598999024 -0.12954500317573548
vn -0.41674634814262392 0.88069981336593632 -0.22514523565769196
vn -0.39894977211952208 0.85052096843719488 -0.34271439909934996
vn -0.25574156641960144 0.87704002857208256 -0.40669038891792296
vn -0.33927255868911744 0.88765579462051392 -0.31138610839843752
vn -0.26903402805328368 0.91887801885604864 -0.28858938813209532
vn -0.20753252506256104 0.90220183134078976 -0.37810322642326352
vn -0.19617839157581328 0.94019949436187744 -0.27845820784568788
vn -0.2647685408592224 0.87613958120346064 -0.40283623337745664
vn -0.24868886172771452 0.94794464111328128 -0.19888384640216828
vn -0.20397496223449708 0.96912759542465216 -0.13851316273212432
vn -0.16225649416446686 0.965128481388092 -0.2054259330034256
vn -0.10641782730817794 0.98136925697326656 -0.15996764600276948
vn -0.01039956603199243 0.98105484247207648 -0.193450927734375
vn 0.00840360857546329 0.96615201234817504 -0.25783658027648924
vn 0.08161986619234085 0.9680097699165344 -0.23726627230644228
vn -0.0762520506978035 0.97132170200347904 -0.2252105474472046
vn -0.12229715287685394 0.95168757438659664 -0.28166326880455016
vn -0.0865514874458313 0.92702579498291008 -0.36487263441085816
vn -0.04862432181835175 0.9532413482666016 -0.29827275872230528
vn 0.02408266440033912 0.94437772035598752 -0.32797986268997192
vn 0.03562432527542114 0.9144653677940368 -0.40309298038482664
vn 0.09214315563440322 0.92525297403335568 -0.36798983812332152
vn -0.02523197419941425 0.92563641071319584 -0.37757194042205808
vn 0.08854230493307114 0.94951641559600832 -0.30096313357353212
vn -0.14767681062221528 0.91916406154632576 -0.36514249444007872
vn 0.07231925427913666 0.98150038719177248 -0.17727647721767426
vn 0.00107035634573549 0.02332066372036934 -0.99972748756408688
vn 0 0.03752530366182327 -0.99929565191268928
vn 0.36858782172203064 0.36213156580924984 -0.85615634918212896
vn 0.09207072108983994 0.89400780200958256 -0.43848949670791624
vn -0.60733985900878904 0.74080550670623776 -0.28695899248123168
vn -0.83563965559005744 0.53908139467239376 -0.1053452491760254
vn -0.84732586145401008 0.52136963605880736 -0.10105737298727036
vn -0.77616393566131584 0.03744455426931381 -0.62941837310791016
vn -0.19749972224235536 0.07442261278629303 -0.97747385501861568
vn -0.73126780986785888 0.6789026856422424 -0.06586771458387375
vn -0.12607701122760772 0.86726570129394528 -0.481616884469986
vn -0.65177243947982792 0.73967486619949344 -0.16755211353302002
vn -0.46007671952247616 0.80991739034652704 -0.36381760239601136
vn -0.555062472820282 0.76981776952743536 -0.31509718298912048
vn -0.62321573495864872 0.7484634518623352 -0.226725772023201
vn -0.47554370760917664 0.82736670970916752 -0.29886871576309204
vn -0.323182612657547 0.8757363557815552 -0.35866254568099976
vn -0.51990973949432376 0.82300800085067744 -0.22880493104457856
vn -0.6896255016326904 0.71535688638687136 -0.1126108318567276
vn -0.67063230276107792 0.73189151287078864 -0.12077722698450088
vn -0.672638475894928 0.73013818264007568 -0.1202319785952568
vn -0.51243126392364504 0.83490943908691408 -0.2008492946624756
vn -0.55067235231399536 0.80784839391708368 -0.2100975066423416
vn -0.64025425910949704 0.7474074959754944 -0.17735995352268218
vn -0.23837301135063172 0.9081758260726928 -0.3440856635570526
vn 0.01890867203474044 0.85712784528732304 -0.51475656032562256
vn -0.11031757295131684 0.90054714679718016 -0.420529305934906
vn -0.08856110274791718 0.86667454242706304 -0.4909503161907196
vn -0.20124424993991852 0.8632152676582336 -0.4629904329776764
vn 0.20397099852561952 0.8210449814796448 -0.53318005800247192
vn 0.09610352665185928 0.88398772478103632 -0.45752573013305664
vn 0.23880887031555176 0.84837472438812256 -0.47247287631034848
vn 0.37899038195610048 0.79303687810897824 -0.47692641615867616
vn 0.30091363191604616 0.78531104326248176 -0.54105228185653688
vn 0.14569953083992004 0.83383303880691536 -0.5324416756629944
vn -0.41718646883964536 0.81294667720794672 -0.40629190206527712
vn 0.62977743148803712 0.58437108993530272 -0.511752724647522
vn 0.50105816125869752 0.6950936317443848 -0.51554393768310544
vn 0.22289802134037016 0.84896963834762576 -0.47913154959678648
vn 0.09355980157852172 0.88060849905014032 -0.46451613306999208
vn 0.73780596256256096 0.527955949306488 -0.42060062289237976
vn 0.21305467188358308 0.87821036577224736 -0.42819884419441224
vn -0.38513517379760744 0.88904100656509392 -0.24754190444946288
vn -0.05874345451593399 0.92029303312301632 -0.38679444789886472
vn -0.30382159352302552 0.90502870082855232 -0.2976834774017334
vn -0.14900389313697814 0.92845761775970464 -0.3402414619922638
vn -0.01864684000611305 0.93028521537780768 -0.36636275053024288
vn 0.07359818369150162 0.90870857238769536 -0.41089171171188352
vn -0.20697425305843352 0.9310903549194336 -0.30038714408874512
vn -0.47423669695854184 0.85827898979187008 -0.19610391557216644
vn -0.33954304456710816 0.909195363521576 -0.2409861385822296
vn -0.2476941794157028 0.92339444160461424 -0.2932409644126892
vn -0.2083459198474884 0.93088078498840336 -0.30008831620216368
vn 0.06402035057544708 0.92934024333953856 -0.3636318743228912
vn 0.23136696219444276 0.87091451883316048 -0.43356344103813168
vn 0.1155228167772293 0.91419672966003424 -0.38845691084861752
vn 0.35153385996818544 0.82812225818634032 -0.43662050366401672
vn 0.25451537966728212 0.87875574827194208 -0.40374535322189328
vn 0.39004123210906984 0.82420867681503296 -0.41054591536521912
vn 0.37038919329643248 0.8183923363685608 -0.4393698573112488
vn 0.2157646417617798 0.88787412643432624 -0.40635597705841064
vn 0.1967129409313202 0.90316015481948848 -0.38158324360847472
vn -0.15473951399326324 0.94424223899841312 -0.29062396287918092
vn -0.21563167870044708 0.93589454889297488 -0.278575599193573
vn -0.2724469304084778 0.92383158206939696 -0.26890116930007936
vn 0.1170147955417633 0.93020325899124144 -0.34789279103279112
vn 0.32981538772583008 0.85856366157531744 -0.3925432562828064
vn 0.10002057254314422 0.92872101068496704 -0.3570338785648346
vn 0.23156532645225524 0.89837527275085456 -0.37322828173637392
vn -0.7381319999694824 0.67089056968688968 -0.07118254899978638
vn -0.71436369419097904 0.69538950920104984 -0.07821754366159439
vn -0.80207633972167968 0.5970905423164368 -0.01250834390521049
vn -0.79375004768371584 0.60805463790893552 -0.01517936959862709
vn -0.64967024326324464 0.75316888093948368 -0.10327253490686416
vn -0.7703741788864136 0.63684117794036864 -0.03093330934643745
vn -0.7351405024528504 0.676226019859314 -0.04782061278820038
vn -0.82384353876113888 0.56681358814239504 -0.00204956321977078
vn -0.8235175013542176 0.56722283363342288 -0.00878476817160844
vn -0.83412533998489376 0.55142968893051144 -0.01265725959092378
vn -0.77633368968963616 0.6293469667434692 -0.03504899889230728
vn -0.34656837582588196 0.9115589261054992 -0.22124792635440828
vn -0.70048552751541136 0.71062403917312624 -0.06582985818386078
vn -0.66533088684082032 0.74259376525878912 -0.07674163579940796
vn -0.47096708416938784 0.86342298984527584 -0.1808059513568878
vn -0.58507943153381344 0.80107915401458736 -0.12631018459796906
vn -0.7841507196426392 0.61874979734420776 -0.04750029742717743
vn -0.7060478925704956 0.70514363050460816 -0.06533657014369965
vn -0.6035001277923584 0.7881556153297424 -0.12082360684871674
vn -0.17761576175689698 0.94729167222976688 -0.2666291296482086
vn -0.53687602281570432 0.82879805564880368 -0.15766409039497376
vn -0.65701562166213992 0.74636739492416384 -0.10614227503538132
vn -0.63284856081008912 0.76617783308029168 -0.111688032746315
vn -0.55221754312515256 0.82083469629287712 -0.14589795470237732
vn -0.53750586509704592 0.8290355801582336 -0.15423189103603364
vn -0.53618240356445312 0.82949984073638912 -0.15632793307304382
vn -0.53616172075271608 0.82941508293151856 -0.15684759616851806
vn -0.53627395629882816 0.82928395271301264 -0.1571570336818695
vn -0.53651213645935056 0.8290782570838928 -0.15742924809455872
vn -0.34600690007209776 0.91718333959579472 -0.19762079417705536
vn -0.42548397183418272 0.88522750139236448 -0.18797783553600312
vn -0.42373639345169064 0.88605630397796624 -0.18802055716514588
vn -0.42179581522941592 0.8869630694389344 -0.18810859322547912
vn -0.42781740427017208 0.88410139083862304 -0.18798141181468964
vn -0.4196593165397644 0.88794761896133424 -0.18824200332164764
vn -0.41615042090415952 0.88954073190689088 -0.18851022422313692
vn -0.40227633714675904 0.89561527967453008 -0.189860537648201
vn -0.46021160483360288 0.87003606557846064 -0.17675553262233734
vn -0.83309412002563472 0.55311053991317752 -0.0047847363166511
vn -0.77944093942642208 0.60598301887512208 -0.15892256796360016
vn -0.83562231063842768 0.54915893077850344 -0.01264433376491069
vn -0.83773624897003168 0.54593837261199952 -0.01221854612231254
vn -0.8213529586791992 0.55759739875793456 -0.12026817351579666
vn -0.85876339673995968 0.51154792308807376 -0.02905433438718319
vn -0.86342042684555056 0.50241446495056152 -0.04566024616360664
vn -0.86101126670837408 0.50837904214859008 -0.01450323592871427
vn -0.84877258539199824 0.52840119600296024 -0.01942312903702259
vn -0.84005016088485712 0.54066568613052368 -0.04468042030930519
vn -0.83394706249237056 0.5466927886009216 -0.07522821426391602
vn -0.83444130420684816 0.55038708448410032 -0.02795920707285404
vn -0.82148385047912592 0.5701895356178284 -0.00694214971736073
vn -0.809605360031128 0.5869576930999756 -0.00444572838023304
vn -0.830797016620636 0.55655324459075928 -0.00498234294354915
vn -0.80153143405914304 0.59795159101486208 -0.00110299920197576
vn -0.8145344853401184 0.57964026927948 -0.02346761524677276
vn -0.7148117423057556 0.6668352484703064 -0.21065348386764528
vn -0.80491924285888672 0.58919841051101688 -0.070357546210289
vn -0.79459160566329952 0.59739923477172848 -0.10834366083145142
vn -0.8125214576721192 0.58139842748641968 -0.0422457717359066
vn -0.74875044822692864 0.65411126613616944 -0.10729039460420608
vn -0.7318056225776672 0.66374421119689944 -0.15460976958274842
vn -0.76536756753921504 0.63992273807525632 -0.06863929331302643
vn -0.7812963128089904 0.62296438217163088 -0.03861887753009796
vn -0.81315004825592048 0.58204400539398192 -0.00343536864966154
vn -0.81434297561645504 0.58027994632720944 -0.01098716910928487
vn -0.81312811374664304 0.58208477497100832 -0.00019813753897324204
vn -0.80843442678451536 0.58856946229934696 -0.00443918630480766
vn -0.79596531391143792 0.6050968170166016 -0.01723689027130603
vn -0.8172647356987 0.57626241445541384 0.00019340886501595378
vn -0.56218820810317992 0.60072302818298336 -0.56839799880981448
vn -0.5896760821342468 0.5554460287094116 -0.58631205558776856
vn -0.42297396063804624 0.04455791786313057 -0.90504562854766848
vn -0.02254734188318252 0.39092111587524416 -0.92014795541763312
vn -0.24742476642131804 0.37333971261978152 -0.89409083127975456
vn -0.28877389430999756 0.0409603975713253 -0.95652073621749872
vn -0.29484552145004272 0.25400802493095396 -0.92116558551788336
vn -0.08119083195924759 0.12883323431015014 -0.98833698034286496
vn -0.16286949813365936 0.30783411860466004 -0.93739622831344608
vn -0.205180287361145 0.32991850376129152 -0.92144173383712768
vn -0.31800124049186708 0.21862331032752992 -0.922539472579956
vn -0.29021316766738892 0.13339108228683472 -0.94761973619461056
vn -0.35745698213577272 0.29859453439712524 -0.88491004705429072
vn -0.40576684474945072 0.37113010883331296 -0.83523392677307136
vn -0.39354667067527768 0.47517970204353336 -0.78697222471237184
vn -0.49385371804237368 0.51468217372894288 -0.70086431503295896
vn -0.48964893817901608 0.51594704389572144 -0.70288157463073728
vn -0.576854944229126 0.3890816569328308 -0.7182296514511108
vn -0.3905309438705444 0.43893012404441832 -0.80921316146850592
vn -0.53603035211563112 0.50818723440170288 -0.67410475015640256
vn -0.459468811750412 0.43410554528236392 -0.7748811841011048
vn -0.5242406725883484 0.3605453073978424 -0.77147829532623296
vn -0.59744518995285032 0.05419816449284554 -0.8000761270523072
vn -0.48036938905715944 0.214436411857605 -0.8504482507705688
vn -0.46648240089416504 0.13149841129779816 -0.87470126152038576
vn -0.50009387731552128 0.29129868745803832 -0.81550669670104976
vn -0.6312576532363892 0.20244073867797852 -0.74868655204772944
vn -0.63016700744628904 0.12410219013690948 -0.76647776365280144
vn -0.63321322202682496 0.2754265069961548 -0.72331267595291136
vn -0.63601267337799072 0.34203058481216432 -0.69173908233642576
vn -0.588764488697052 0.4952470064163208 -0.63881671428680416
vn -0.55126100778579712 0.42106473445892336 -0.72028869390487672
vn -0.64229190349578856 0.47854626178741456 -0.59871077537536624
vn -0.63962602615356448 0.40165123343467712 -0.65540432929992672
vn -0.64392441511154176 0.56173241138458248 -0.5194401144981384
vn -0.79484802484512336 0.55702364444732664 -0.24070990085601808
vn -0.63620787858963016 0.56587654352188112 -0.5244265794754028
vn -0.687541663646698 0.60028779506683352 -0.40858417749404904
vn -0.71802783012390136 0.57387030124664304 -0.39383873343467712
vn -0.71272194385528568 0.58587372303009032 -0.38571929931640624
vn -0.7654699683189392 0.58337962627410888 -0.27152156829833984
vn -0.83184850215911872 0.53440475463867184 -0.14979863166809082
vn -0.79984301328659056 0.57126647233963016 -0.18413537740707396
vn -0.72938060760498048 0.61153280735015872 -0.30664563179016112
vn -0.65340214967727664 0.55628949403762816 -0.51342737674713136
vn -0.691462516784668 0.59754240512847904 -0.405983567237854
vn -0.66682499647140504 0.60969108343124392 -0.42851051688194272
vn -0.68190491199493408 0.64315730333328248 -0.34835952520370484
vn -0.75821405649185184 0.61217242479324344 -0.22440217435359956
vn -0.69805759191513064 0.6609748005867004 -0.27536869049072264
vn -0.96084988117218016 0.0244070328772068 -0.27599248290061952
vn -0.68540400266647336 0.54009884595870968 -0.48837956786155704
vn -0.90553838014602656 0.0299734715372324 -0.423204243183136
vn -0.74489015340805056 0.31353965401649476 -0.58892405033111576
vn -0.76634460687637328 0.18225419521331788 -0.61603516340255736
vn -0.77296298742294304 0.1111859530210495 -0.62463265657424928
vn -0.7567915320396424 0.24989627301692964 -0.6040019989013672
vn -0.71343231201171872 0.45080876350402832 -0.53645670413970944
vn -0.73128557205200192 0.3727843165397644 -0.57118582725524904
vn -0.83797550201416016 0.27669209241867064 -0.47036001086235048
vn -0.87279182672500608 0.15546324849128724 -0.46267226338386536
vn -0.88281661272048944 0.09386929869651794 -0.46024268865585328
vn -0.85780972242355344 0.21639467775821684 -0.46619287133216856
vn -0.7735229134559632 0.4204091429710388 -0.47425565123558048
vn -0.81344258785247808 0.33622154593467712 -0.47462224960327152
vn -0.70441180467605592 0.52839928865432736 -0.47391790151596072
vn -0.615942656993866 0.6767790913581848 -0.40321797132492064
vn -0.6374667286872864 0.62019634246826168 -0.4571571946144104
vn -0.6051897406578064 0.7168636322021484 -0.34619638323783876
vn -0.51036101579666136 0.71860307455062864 -0.47237831354141232
vn -0.63055163621902464 0.6234548091888428 -0.46228647232055664
vn -0.44252547621726992 0.78214740753173824 -0.43865320086479184
vn -0.6894434690475464 0.5467132925987244 -0.47515496611595152
vn -0.7234604358673096 0.515855610370636 -0.45880061388015744
vn -0.80577194690704352 0.46690487861633304 -0.36432322859764096
vn -0.99550837278366096 0.02093368023633957 -0.09233035147190094
vn -0.91584199666976928 0.22956831753253936 -0.32944169640541076
vn -0.94837415218353264 0.12308276444673538 -0.29229620099067688
vn -0.95677995681762688 0.07331250607967377 -0.28142037987709044
vn -0.93505114316940304 0.1748456358909607 -0.30839639902114868
vn -0.83761388063430784 0.37924322485923768 -0.39316353201866152
vn -0.8894140124320984 0.28796470165252684 -0.35499167442321776
vn -0.9710847735404968 0.17172932624816894 -0.16584134101867676
vn -0.98975497484207152 0.08698151260614395 -0.11322227120399476
vn -0.99358117580413824 0.05128303170204163 -0.1008288636803627
vn -0.98205024003982544 0.13003003597259522 -0.1366363912820816
vn -0.85916525125503536 0.3764550685882568 -0.3465784788131714
vn -0.95083177089691168 0.26011067628860472 -0.16811110079288482
vn -0.93891555070877072 0.2414376437664032 -0.24524563550949096
vn -0.94912719726562496 0.23221009969711304 -0.21268776059150696
vn -0.81588858366012576 0.398796021938324 -0.41867354512214664
vn -0.7861968874931336 0.46077167987823488 -0.41180568933486936
vn -0.37125039100646976 0.75435698032379152 -0.54140436649322512
vn -0.55111587047576904 0.66515195369720456 -0.50382947921752928
vn -0.75520306825637824 0.54772341251373288 -0.36009356379508972
vn -0.59053963422775272 0.62210410833358768 -0.51405197381973264
vn -0.46959319710731504 0.69008821249008176 -0.55069094896316528
vn -0.5047810077667236 0.680791974067688 -0.53077155351638792
vn -0.32531404495239256 0.77391493320465088 -0.54334741830825808
vn -0.78013080358505248 0.56024795770645144 -0.27842071652412416
vn -0.22056837379932404 0.82254105806350704 -0.52419060468673704
vn -0.06009905785322189 0.82297646999359136 -0.56488746404647824
vn -0.28548982739448548 0.75161719322204592 -0.59461510181427
vn -0.15500780940055848 0.7865766286849976 -0.59772044420242312
vn 0.0614248551428318 0.80805754661560064 -0.58589249849319456
vn -0.2040690779685974 0.75618422031402592 -0.6217244267463684
vn -0.83909869194030768 0.42047560214996336 -0.34512850642204284
vn -0.76338756084442144 0.4855162501335144 -0.4260438680648804
vn -0.55389970541000368 0.63372069597244264 -0.53999364376068112
vn -0.64384222030639648 0.602695107460022 -0.47140830755233768
vn -0.68555718660354616 0.5486586689949036 -0.47852376103401184
vn -0.37442237138748168 0.70868277549743656 -0.59797716140747072
vn -0.42810365557670592 0.69911623001098632 -0.572681188583374
vn -0.5009785294532776 0.68450266122817992 -0.52960038185119632
vn -0.51839941740036008 0.6333743333816528 -0.57454246282577512
vn -0.6842361092567444 0.54795551300048832 -0.4812127947807312
vn -0.30551511049270628 0.70791649818420408 -0.63680040836334232
vn -0.40176668763160704 0.67701292037963864 -0.61663359403610232
vn -0.44712552428245544 0.66970032453536984 -0.5929419994354248
vn -0.19875094294548036 0.71939444541931152 -0.66555970907211304
vn -0.30347767472267152 0.70813059806823728 -0.63753610849380496
vn -0.2242998331785202 0.73129326105117792 -0.64412713050842288
vn -0.1196921169757843 0.73034930229187008 -0.67250549793243408
vn -0.11376738548278808 0.7473300099372864 -0.65464097261428832
vn 0.03055973351001739 0.82250237464904784 -0.56794005632400512
vn -0.64935457706451416 0.6833961009979248 -0.33362904191017152
vn -0.14759936928749084 0.7866171002388 -0.59953981637954712
vn -0.14099273085594178 0.76281690597534176 -0.63105577230453488
vn -0.39286038279533384 0.73340564966201776 -0.55477643013000488
vn -0.03912945091724396 0.78046655654907232 -0.62397181987762448
vn 0.08811520040035248 0.78947997093200688 -0.60741835832595824
vn 0.17874452471733094 0.79344588518142704 -0.58180242776870728
vn 0.22178854048252104 0.75518161058425904 -0.61685538291931152
vn 0.14314396679401398 0.75468415021896368 -0.64028245210647584
vn -0.12451207637786866 0.78325068950653072 -0.60911005735397336
vn 0.00906324759125709 0.73546910285949712 -0.67749762535095216
vn -0.01040218770503997 0.7546541094779968 -0.65604037046432496
vn 0.12400352954864502 0.7306489944458008 -0.67139792442321776
vn 0.22248017787933348 0.71964639425277712 -0.6577321887016296
vn 0.3044128715991974 0.7057873606681824 -0.63968509435653688
vn 0.35941913723945616 0.7029845714569092 -0.61370235681533816
vn 0.40697619318962096 0.68051886558532712 -0.60931473970413208
vn 0.3133563995361328 0.74793130159378048 -0.58515512943267824
vn 0.44468024373054504 0.68581664562225344 -0.57612067461013792
vn 0.56531679630279544 0.61027806997299192 -0.55495727062225344
vn 0.44538986682891848 0.68543958663940432 -0.57602125406265256
vn 0.3704224228858948 0.68487048149108888 -0.62748676538467408
vn 0.35629183053970336 0.6831200122833252 -0.63749754428863528
vn 0.27463242411613464 0.70094555616378784 -0.65821909904479984
vn 0.1755337417125702 0.716535210609436 -0.67510384321212768
vn 0.03696052357554435 0.74673813581466672 -0.66409039497375488
vn 0.05841455236077309 0.72642725706100464 -0.6847562789916992
vn 0.13276802003383636 0.74323552846908576 -0.65572369098663328
vn 0.34963932633399964 0.70716190338134768 -0.61455219984054568
vn 0.31386366486549376 0.74773424863815312 -0.58513516187667848
vn 0.21290391683578492 0.7578222155570984 -0.61674743890762328
vn 0.07280421257019043 0.76406085491180416 -0.64102303981781008
vn -0.17744173109531402 0.74806547164916992 -0.63946264982223512
vn -0.0491112507879734 0.78128951787948608 -0.62223368883132936
vn 0.08027035742998123 0.790911078453064 -0.60664349794387816
vn -0.07043635845184326 0.7434759140014648 -0.66504305601119992
vn -0.07462729513645172 0.72643530368804928 -0.68317091464996336
vn -0.18626707792282104 0.73105520009994512 -0.65640145540237424
vn -0.24196256697177888 0.70960110425949096 -0.66175550222396848
vn -0.39978772401809696 0.67710411548614504 -0.61781859397888184
vn -0.33726513385772704 0.70535993576049808 -0.62347376346588136
vn -0.6614477038383484 0.55737447738647464 -0.50181728601455688
vn -0.5306648015975952 0.63161814212799072 -0.56520211696624752
vn -0.40536603331565856 0.69414687156677248 -0.59484326839447024
vn -0.66664767265319824 0.5563645362854004 -0.49602356553077696
vn -0.56840890645980832 0.61929506063461304 -0.5416502356529236
vn -0.81482821702957152 0.43644228577613832 -0.3815404176712036
vn -0.28283715248107912 0.75190120935440064 -0.59552305936813352
vn -0.17117823660373688 0.82407778501510624 -0.53999423980712888
vn -0.23944403231143952 0.78424525260925296 -0.57238614559173584
vn -0.35159367322921752 0.7437394857406616 -0.56853622198104856
vn -0.26104751229286192 0.81840461492538448 -0.51192581653594968
vn -0.36753803491592408 0.80241060256958 -0.47016271948814392
vn -0.3524010479450226 0.74360257387161248 -0.56821537017822264
vn -0.44744762778282168 0.69457155466079712 -0.56334799528121952
vn -0.56469422578811648 0.62997430562973024 -0.53315359354019168
vn -0.59424000978469848 0.62065511941909792 -0.51153302192687992
vn -0.4678888022899628 0.73252433538436896 -0.4944574534893036
vn -0.77676415443420416 0.46594941616058352 -0.42370817065238952
vn -0.8921846151351928 0.3459700644016266 -0.290364146232605
vn -0.95214033126831056 0.24808250367641448 -0.17856048047542572
vn -0.93473070859909056 0.25198572874069212 -0.250562846660614
vn -0.90471225976943968 0.306321382522583 -0.29607927799224852
vn -0.98030531406402592 0.1302737146615982 -0.14842604100704194
vn -0.99379742145538336 0.05167553201317787 -0.09846974909305572
vn -0.989999771118164 0.08724333345890045 -0.11085601150989532
vn -0.97266644239425664 0.17146892845630646 -0.15658356249332428
vn -0.8878134489059448 0.2881653606891632 -0.35881468653678896
vn -0.82870107889175408 0.38389801979064944 -0.4072797894477844
vn -0.93446910381317136 0.17472383379936218 -0.31022432446479796
vn -0.95658063888549808 0.07317496091127396 -0.28213283419609068
vn -0.94802242517471312 0.12292688339948654 -0.29350036382675172
vn -0.91487979888916016 0.22955352067947388 -0.3321146070957184
vn -0.99437028169631952 0.017459187656641 -0.1045125275850296
vn -0.743735671043396 0.4866419434547424 -0.45829778909683224
vn -0.51950395107269288 0.75785750150680544 -0.39467415213584896
vn -0.59544467926025392 0.63588994741439816 -0.49100875854492184
vn -0.5642962455749512 0.70091885328292848 -0.43621388077735904
vn -0.64319062232971192 0.696929395198822 -0.31716749072074892
vn -0.66198492050170896 0.61042350530624392 -0.43492427468299864
vn -0.64699673652648928 0.6624988913536072 -0.37747904658317568
vn -0.68313431739807128 0.5363198518753052 -0.49566978216171264
vn -0.81009894609451296 0.33627569675445556 -0.48026901483535768
vn -0.761397123336792 0.42468899488449096 -0.48980981111526488
vn -0.85598647594451904 0.21604087948799132 -0.46969506144523624
vn -0.8820316791534424 0.0935211256146431 -0.46181583404541016
vn -0.8715160489082336 0.15505708754062652 -0.46520650386810304
vn -0.83548432588577264 0.27649199962615968 -0.4748874306678772
vn -0.72636979818344112 0.37257266044616696 -0.57756084203720096
vn -0.69965970516204832 0.45420798659324648 -0.55151736736297608
vn -0.75359570980072016 0.24926722049713136 -0.60824286937713624
vn -0.77148413658142096 0.11066919565200806 -0.62654972076416016
vn -0.763989806175232 0.18160685896873476 -0.61914336681365968
vn -0.74085074663162224 0.31306052207946776 -0.59425020217895504
vn -0.88819110393524176 0.02453061752021312 -0.45881888270378112
vn -0.66667169332504272 0.54630094766616824 -0.50705432891845704
vn -0.95711159706115728 0.02107020281255245 -0.28895226120948792
vn -0.71698230504989624 0.64529150724411008 -0.26369532942771912
vn -0.76529461145401008 0.6050733923912048 -0.21956856548786164
vn -0.70040982961654664 0.62954914569854736 -0.33629438281059264
vn -0.68452626466751096 0.59830951690673832 -0.41647267341613768
vn -0.7018935680389404 0.59025490283966064 -0.39867854118347168
vn -0.66977894306182864 0.54723662137985232 -0.50192457437515256
vn -0.73816078901290896 0.60402023792266848 -0.30046334862709044
vn -0.80104160308837888 0.56987279653549192 -0.1832410991191864
vn -0.82917428016662592 0.537930965423584 -0.15198789536952972
vn -0.76869732141494752 0.58025950193405152 -0.26907867193222044
vn -0.7182695269584656 0.58172106742858888 -0.38169291615486144
vn -0.7577697038650512 0.5679525136947632 -0.32127091288566588
vn -0.64412868022918704 0.56165242195129392 -0.51927334070205688
vn -0.79354143142700192 0.5584251880645752 -0.24177120625972748
vn -0.65561842918396 0.55537134408950808 -0.5115927457809448
vn -0.64577662944793704 0.39818429946899416 -0.6514766216278076
vn -0.65664577484130856 0.4718568921089172 -0.58835989236831664
vn -0.55649602413177488 0.41842252016067504 -0.7177985906600952
vn -0.60076308250427248 0.49037560820579528 -0.63136005401611328
vn -0.64131051301956176 0.33921325206756592 -0.68822610378265384
vn -0.6375315189361572 0.27327102422714232 -0.72033083438873288
vn -0.6321643590927124 0.12324728816747666 -0.76496952772140496
vn -0.63447248935699464 0.2009461671113968 -0.74636805057525632
vn -0.50413721799850464 0.28959745168685912 -0.81362092494964592
vn -0.46844306588172912 0.13079234957695008 -0.87375879287719728
vn -0.48347070813179016 0.21323245763778688 -0.84899234771728512
vn -0.63064199686050416 0.04160152748227119 -0.77495807409286496
vn -0.52899777889251712 0.35836023092269896 -0.76924592256546016
vn -0.46356365084648136 0.43223172426223752 -0.77348852157592768
vn -0.54554635286331176 0.5048509240150452 -0.6689579486846924
vn -0.3111397624015808 0.37318700551986696 -0.8740271925926208
vn -0.41340112686157224 0.52943748235702512 -0.74080729484558112
vn -0.40961039066314696 0.369581401348114 -0.83404374122619632
vn -0.36077603697776792 0.29739099740982056 -0.88396787643432624
vn -0.29180544614791872 0.13288703560829162 -0.9472014904022216
vn -0.32055020332336424 0.21776977181434632 -0.92185890674591072
vn -0.24811440706253052 0.2979324460029602 -0.92177844047546384
vn -0.12580996751785278 0.15955854952335358 -0.97913885116577152
vn -0.15061384439468384 0.21477964520454408 -0.964979350566864
vn -0.27658236026763916 0.04467520117759704 -0.9599512219429016
vn -0.34096980094909668 0.44179725646972656 -0.82979202270507808
vn -0.45957460999488832 0.03724916279315948 -0.88735771179199216
vn -0.63519698381423952 0.56625348329544064 -0.525244414806366
vn -0.8205778002738952 0.57153487205505368 -1.9370912696103915E-07
vn -0.80903077125549312 0.58758300542831424 -0.0146761666983366
vn -0.81741315126419072 0.57603967189788816 -0.00374329788610339
vn -0.81246668100357056 0.58300763368606568 -0.0001611667830729857
vn -0.8154336214065552 0.57875043153762816 -0.01076710689812898
vn -0.8145402669906616 0.5800975561141968 -0.0033231284469366
vn -0.7970572710037232 0.60295015573501584 -0.03392394259572029
vn -0.78279179334640496 0.61919409036636352 -0.06193339452147484
vn -0.7506858706474304 0.64460271596908568 -0.14476916193962098
vn -0.7671361565589904 0.63382148742675784 -0.09885577112436294
vn -0.811364471912384 0.58297735452651976 -0.04272108525037765
vn -0.79855263233184816 0.59250754117965696 -0.10605888813734054
vn -0.80744993686676032 0.58587604761123656 -0.06909254938364029
vn -0.73385483026504512 0.64928001165390016 -0.19973139464855196
vn -0.81464827060699456 0.57948178052902224 -0.02343219518661499
vn -0.80710411071777344 0.59040540456771848 -0.00208953488618135
vn -0.8206652998924256 0.57125544548034664 -0.01325331255793571
vn -0.80691045522689824 0.59063291549682616 -0.00694562215358018
vn -0.84100544452667232 0.54044675827026368 -0.02504231221973896
vn -0.83153766393661504 0.55014061927795408 -0.076749287545681
vn -0.83570176362991328 0.5471647381782532 -0.04704573377966881
vn -0.85178619623184208 0.52367538213729856 -0.01497919205576181
vn -0.86191242933273312 0.50489139556884768 -0.04681490734219551
vn -0.85643720626831056 0.51535332202911376 -0.03043492883443832
vn -0.82073217630386352 0.55841690301895144 -0.12070348113775254
vn -0.85430055856704704 0.51975041627883912 -0.00548179913312196
vn -0.78490918874740608 0.59979957342147824 -0.15542872250080108
vn -0.8459919095039368 0.53319567441940304 -0.0002794511674437672
vn -0.6074644923210144 0.78494721651077264 -0.12183920294046402
vn -0.537609338760376 0.82826620340347296 -0.15795998275279998
vn -0.46507930755615232 0.86446744203567504 -0.19078072905540468
vn -0.64797937870025632 0.75473618507385248 -0.102449931204319
vn -0.68479955196380616 0.72332954406738288 -0.08856634050607681
vn -0.60566896200180056 0.784578800201416 -0.13266953825950622
vn -0.78860294818878176 0.6141048073768616 -0.03131569921970367
vn -0.54484975337982176 0.82329088449478144 -0.15915678441524506
vn -0.78816771507263184 0.61471384763717648 -0.03030823729932308
vn -0.83241742849349968 0.55414837598800656 0.00087016663746908
vn -0.7959391474723816 0.60494291782379152 -0.02291285060346126
vn -0.80274915695190432 0.59608137607574464 -0.01675442419946193
vn -0.7436696887016296 0.66575098037719728 -0.06108226627111435
vn -0.82387065887451168 0.56677281856536864 -0.00237797247245907
vn -0.56160992383956912 0.81425631046295168 -0.1469046175479889
vn 0.0542466789484024 0.93452084064483648 -0.35175001621246336
vn -0.06352006644010544 0.94197052717208864 -0.32963120937347412
vn 0.1672610193490982 0.910030484199524 -0.3792996406555176
vn -0.01656458526849746 0.9445819854736328 -0.32785737514495848
vn -0.402339905500412 0.88752931356430048 -0.22453124821186064
vn 0.04016552120447159 0.93185317516326912 -0.36060559749603272
vn 0.5140807628631592 0.75417077541351312 -0.40859189629554752
vn 0.30585432052612304 0.84396010637283328 -0.44066366553306576
vn 0.08727928251028061 0.91667640209198 -0.38998290896415712
vn -0.0351872518658638 0.92909479141235344 -0.3681640028953552
vn 0.09969476610422134 0.90287828445434576 -0.41817665100097656
vn -0.14712385833263398 0.9277480840682984 -0.34298405051231384
vn 0.48048996925354 0.7612361907958984 -0.43548694252967832
vn -0.06385358422994614 0.93801009654998784 -0.34067541360855104
vn -0.50692713260650632 0.8416805267333984 -0.18600744009017944
vn -0.58444881439208984 0.79673397541046144 -0.15373539924621582
vn -0.39540165662765504 0.88534563779830928 -0.24458265304565428
vn -0.14188140630722046 0.91795057058334352 -0.3704542815685272
vn -0.28400844335556032 0.9097065329551696 -0.30294102430343628
vn -0.43414232134819032 0.86487114429473872 -0.25202843546867372
vn -0.24405142664909364 0.90721786022186272 -0.3426290452480316
vn -0.50923043489456176 0.83660125732421872 -0.20194710791110992
vn -0.02641362510621547 0.91770803928375248 -0.39637640118598936
vn 0.8257107138633728 0.41753527522087096 -0.37929692864418032
vn 0.50774693489074704 0.72158998250961296 -0.47063884139060976
vn 0.61327183246612552 0.64468693733215336 -0.45637303590774536
vn 0.47221267223358152 0.70488423109054568 -0.52929520606994632
vn 0.58760273456573488 0.62733536958694456 -0.5110512375831604
vn -0.029621671885252 0.89602363109588624 -0.44301712512969968
vn -0.1420729011297226 0.89772421121597296 -0.41702097654342648
vn -0.24151848256587984 0.8890963792800904 -0.38881412148475648
vn 0.0594530925154686 0.85275954008102416 -0.51890891790390016
vn -0.3614464104175568 0.86574232578277584 -0.34618893265724184
vn 0.3418274223804474 0.77115422487258912 -0.53709882497787472
vn -0.36711075901985168 0.88018763065338128 -0.30083131790161132
vn -0.41337725520133976 0.8645697832107544 -0.28572431206703188
vn -0.60177725553512576 0.78209328651428224 -0.16184628009796142
vn -0.73916012048721312 0.6682459115982056 -0.08420073240995407
vn -0.63066387176513672 0.75547468662261968 -0.17754185199737548
vn -0.48878392577171328 0.82157409191131584 -0.29343870282173156
vn -0.5803058743476868 0.7756211757659912 -0.24830815196037292
vn -0.67295008897781376 0.71387344598770144 -0.193708136677742
vn -0.40604618191719056 0.82628738880157472 -0.39035326242446896
vn -0.7035667300224304 0.697607696056366 -0.13541555404663086
vn -0.32670792937278748 0.84690308570861824 -0.41954389214515688
vn -0.7739799618721008 0.631689727306366 -0.04385335370898247
vn -0.10441168397665024 0.0472569428384304 -0.99341076612472528
vn -0.80033892393112176 0.0477740578353405 -0.59764140844345096
vn -0.85166817903518672 0.5179627537727356 -0.07984927296638489
vn -0.65196871757507328 0.71398496627807616 -0.25526905059814452
vn -0.95610451698303216 -0.05291361734271049 0.28820878267288208
vn -0.928797960281372 0.37030792236328128 -0.0143650472164154
vn -0.93553811311721808 0.35270318388938904 -0.01920829154551029
vn -0.99995326995849616 0.00966936163604259 0
vn -0.9998816847801208 0.01538420096039772 0
vn -0.96524959802627568 -0.15729925036430358 0.20868679881095888
vn -0.86500895023345952 -0.27778181433677672 0.41784775257110592
vn -0.95197284221649168 -0.12964901328086854 0.2773786187171936
vn -0.92083555459976192 -0.16367876529693604 0.3539366126060486
vn -0.95309615135192864 -0.09221139550209046 0.28827905654907228
vn -0.91054451465606688 -0.2164379209280014 0.35222622752189636
vn -0.90313941240310672 -0.2659384310245514 0.33706963062286376
vn -0.90578001737594608 -0.2564411759376526 0.3373432755470276
vn -0.95267713069915776 -0.16459760069847106 0.2555657923221588
vn -0.95545959472656256 -0.14215478301048278 0.25862902402877808
vn -0.91559946537017824 -0.27554461359977724 0.29283577203750612
vn -0.8812954425811768 -0.34931716322898864 0.31827011704444884
vn -0.84960788488388064 -0.3701491057872772 0.37570747733116152
vn -0.74876636266708368 -0.45329037308692936 0.48360812664031984
vn -0.78042376041412352 -0.3968001306056976 0.48320636153221128
vn -0.84376907348632816 -0.3422580361366272 0.41341650485992432
vn -0.84083491563796992 -0.34873908758163452 0.41397783160209656
vn -0.6888970732688904 -0.54522627592086792 0.477649599313736
vn -0.7516412734985352 -0.46324050426483152 0.46951428055763248
vn -0.74347287416458128 -0.47530293464660648 0.4704627692699432
vn -0.75247681140899664 -0.50127512216567992 0.4272024035453796
vn -0.83942872285842896 -0.42189255356788632 0.3425873816013336
vn -0.80451250076293952 -0.4370021224021912 0.40222975611686704
vn -0.79002684354782112 -0.49217262864112856 0.36554571986198424
vn -0.73334836959838864 -0.55901676416397096 0.38691130280494688
vn -0.68477898836135864 -0.56939923763275144 0.45482116937637328
vn -0.66521376371383664 -0.60655987262725832 0.43540292978286744
vn -0.6538532376289368 -0.63414877653121952 0.41271212697029112
vn -0.84023165702819824 -0.45751005411148072 0.29102456569671632
vn -0.8231027722358704 -0.4949001967906952 0.27852395176887512
vn -0.971478283405304 -0.20070181787014008 0.12628847360610962
vn -0.91483658552169792 -0.31422245502471924 0.2536499798297882
vn -0.96904337406158448 -0.18266847729682924 0.16609400510787964
vn -0.9438669085502624 -0.23559738695621492 0.23153656721115112
vn -0.95077389478683472 -0.25204160809516908 0.18028889596462248
vn -0.94480639696121216 -0.28148320317268372 0.16765472292900086
vn -0.91373181343078608 -0.34380662441253664 0.21654373407363892
vn -0.87788677215576176 -0.39215207099914552 0.27483001351356508
vn -0.87459731101989744 -0.4246263802051544 0.23403410613536836
vn -0.91478300094604496 -0.35853740572929384 0.1860724538564682
vn -0.87483811378479008 -0.44085046648979184 0.2007712572813034
vn -0.91598337888717648 -0.37140151858329776 0.15177398920059204
vn -0.9748071432113648 -0.21492727100849152 0.05964314937591553
vn -0.94797414541244512 -0.28623342514038084 0.13933952152729034
vn -0.9733501076698304 -0.20881685614585876 0.0947897881269455
vn -0.94956839084625248 -0.2956741750240326 0.1043868139386177
vn -0.95081049203872688 -0.30275946855545044 0.0655449777841568
vn -0.97900432348251344 -0.20282635092735292 0.02029874734580516
vn -0.97546154260635376 -0.21832096576690672 0.02847385592758655
vn -0.95143687725067136 -0.30700138211250304 0.02275964990258217
vn -0.91806834936141968 -0.38999003171920776 0.07112167775630951
vn -0.87536007165908816 -0.45499178767204288 0.16348470747470856
vn -0.91715222597122192 -0.38203567266464232 0.11349258571863174
vn -0.8759806156158448 -0.46665418148040768 0.1220320463180542
vn -0.87648057937622064 -0.47534778714179992 0.0763300359249115
vn -0.91846984624862672 -0.39472231268882752 0.02464550733566284
vn -0.87656658887863152 -0.48034048080444336 0.03006670624017715
vn -0.89583247900009152 -0.4436683654785156 0.0253478642553091
vn -0.82618987560272224 -0.53572648763656616 0.1743772178888321
vn -0.71729212999343872 -0.60328847169876096 0.34861868619918824
vn -0.82716548442840576 -0.50306409597396848 0.2504470944404602
vn -0.7775880694389344 -0.53502315282821656 0.3303135335445404
vn -0.77418810129165648 -0.55735802650451664 0.29997465014457704
vn -0.77168452739715584 -0.57787322998046872 0.26564168930053712
vn -0.82646012306213376 -0.52053064107894896 0.21450278162956236
vn -0.76994419097900384 -0.59630936384201048 0.22715860605239868
vn -0.70865625143051144 -0.64783161878585816 0.27950060367584228
vn -0.64542222023010256 -0.672318696975708 0.3625158071517944
vn -0.71242535114288328 -0.62652027606964112 0.31610509753227232
vn -0.635334312915802 -0.69986659288406376 0.32640022039413452
vn -0.63716959953308104 -0.70712935924530032 0.30656638741493224
vn -0.6388317346572876 -0.71180534362792968 0.29193705320358276
vn -0.70584046840667728 -0.66695851087570192 0.23865360021591188
vn -0.63494455814361576 -0.7313541173934936 0.24893081188201904
vn -0.70381522178649904 -0.68354457616806032 0.19341906905174256
vn -0.82619190216064448 -0.55751597881317136 0.08113505691289902
vn -0.7688104510307312 -0.61232072114944456 0.1843741238117218
vn -0.8261719346046448 -0.54822903871536256 0.12994161248207092
vn -0.76810061931610112 -0.6254640221595764 0.13717208802700042
vn -0.76760613918304448 -0.63519173860549928 0.0855114683508873
vn -0.8112946152687072 -0.58456420898437504 0.00925743114203214
vn -0.70138317346572872 -0.70715010166168216 0.08944502472877502
vn -0.62680029869079592 -0.75404834747314448 0.19629701972007752
vn -0.63318675756454464 -0.7473649382591248 0.20129624009132384
vn -0.70239704847335816 -0.69713073968887328 0.14369107782840728
vn -0.62992906570434568 -0.76213097572326656 0.1494847685098648
vn -0.62593704462051392 -0.77468168735504144 0.08983943611383438
vn -0.70056122541427616 -0.71296358108520504 0.02994808554649353
vn -0.63091236352920536 -0.77519953250885008 0.03186411038041115
vn -0.62727808952331544 -0.7780143022537232 0.03487070277333259
vn -0.97676253318786624 0.14811302721500396 0.15491136908531188
vn -0.88650655746459968 0.46259695291519168 -0.01049853302538394
vn -0.885780930519104 0.46393609046936032 -0.0124688921496272
vn -0.8905785083770752 0.45461049675941464 -0.01411393471062183
vn -0.96554762125015264 0.24876423180103304 0.07638193666934967
vn -0.89825767278671264 0.43877097964286808 -0.02476260438561439
vn -0.9035916924476624 0.42754459381103512 -0.02697556652128696
vn -0.92453664541244512 0.38103005290031432 0.00693092821165919
vn -0.90762907266616816 0.41826248168945312 -0.03558005392551422
vn -0.93325251340866096 0.35871464014053344 0.01906570233404636
vn -0.89172625541687008 0.45224812626838688 -0.01720183715224266
vn -0.89023083448410032 0.45499998331069944 -0.0215411726385355
vn -0.8970715403556824 0.44133082032203672 -0.02213133126497268
vn -0.89588427543640144 0.44384139776229856 -0.01990318484604358
vn -0.92907756567001344 0.36929586529731752 0.02086704596877098
vn -0.96320730447769168 0.25709491968154908 0.0783192440867424
vn -0.96403515338897712 0.25377953052520752 0.07894393056631088
vn -0.96298271417617792 0.25911182165145876 0.07433276623487473
vn -0.94889098405838016 0.30387595295906068 0.08523645251989365
vn -0.95282250642776496 0.29890406131744384 0.05277862772345543
vn -0.88188785314559936 0.47144746780395504 -0.00332867540419101
vn -0.87990295886993408 0.4751519858837128 -0.0011822780361399
vn -0.92577511072158816 0.37749129533767704 0.02099574171006679
vn -0.883709728717804 0.4680147469043732 -0.00439688051119446
vn -0.92332005500793456 0.38356086611747744 0.01900244690477848
vn -0.92167407274246208 0.3877030611038208 0.01425453089177608
vn -0.87964421510696416 0.47563219070434568 0.00010083937377203256
vn -0.87548482418060304 0.48323121666908264 0.00372618623077869
vn -0.92075282335281376 0.39010310173034664 0.00581757351756095
vn -0.95274072885513312 0.30224353075027464 0.03056088462471962
vn -0.97186619043350224 0.22042809426784516 0.08299146592617035
vn -0.95259511470794672 0.30106344819068908 0.04385567456483841
vn -0.97352117300033568 0.21839916706085204 0.06751542538404465
vn -0.97522312402725216 0.21637296676635744 0.04607109725475311
vn -0.95299673080444336 0.30275318026542664 0.01173810474574566
vn -0.96949726343154912 0.24460938572883604 0.01553290244191885
vn -0.9865120649337768 0.10646115243434906 0.12433800846338272
vn -0.97368097305297856 0.05113663151860237 0.22210441529750824
vn -0.9802128672599792 0.126742422580719 0.15204957127571106
vn -0.97805613279342656 0.13750547170639038 0.15651962161064148
vn -0.98309379816055296 0.11628135293722152 0.14143989980220794
vn -0.97640210390090944 0.00135182042140513 0.21595618128776552
vn -0.97440314292907712 0.02584509924054146 0.22331702709198
vn -0.97956109046936032 -0.02175520360469818 0.19996707141399384
vn -0.98364949226379392 -0.04296034201979637 0.17489443719387054
vn -0.9894943833351136 0.13125622272491456 0.06060238182544708
vn -0.98685950040817264 0.13389430940151214 0.09044676274061204
vn -0.98856759071350096 0.09954236447811126 0.11324962228536606
vn -0.99610245227813728 0.04794330522418022 0.07403615862131119
vn -0.98786616325378416 0.15511494874954224 0.00773601559922099
vn -0.98751080036163328 0.15719673037528992 0.01056467182934284
vn -0.99828040599822992 0.04247578233480453 0.04039802029728889
vn -0.99906957149505616 0.04073371365666389 0.01417083106935024
vn -0.99565303325653072 -0.03432272747159004 0.08658523112535477
vn -0.99092310667037968 -0.02881574817001819 0.13130511343479156
vn -0.98676097393035888 -0.05947086215019226 0.15088388323783874
vn -0.990100622177124 -0.10227421671152114 0.09612872451543808
vn -0.98859834671020512 -0.12554164230823516 0.08314221352338791
vn -0.99800729751586912 -0.04202466458082199 0.04706818982958794
vn -0.9988821148872376 -0.04445460438728332 0.01607378013432026
vn -0.99037474393844608 -0.12766863405704498 0.05346596613526344
vn -0.9912420511245728 -0.13073380291461944 0.01865040883421898
vn -0.96861118078231808 0.24606879055500032 -0.03524955362081527
vn -0.976738691329956 0.21247513592243196 -0.02891116961836815
vn -0.97405791282653808 0.22426137328147888 -0.03029924444854259
vn -0.99990260601043696 0.01395497191697359 0
vn -0.99205285310745232 0.12582007050514222 -0.00063580519054085
vn -0.9973084926605224 0.07331783324480057 0.0005613868124783
vn -0.99898332357406624 0.04507466033101082 0.00073197908932343
vn -0.99499779939651488 0.0998893827199936 0.00123211415484547
vn -0.98150837421417232 0.1913786232471466 0.00394624331966042
vn -0.9799612164497376 0.1944076716899872 -0.04337780922651291
vn -0.9899031519889832 0.14145399630069732 -0.00908233691006898
vn -0.99293124675750736 0.1130189225077629 0.03625340387225151
vn -0.99790054559707648 0.06404341757297516 0.00963914487510919
vn -0.99918007850646976 0.04038001224398613 0.00293502095155417
vn -0.99623793363571168 0.08439409732818604 0.01968876272439956
vn -0.98679578304290768 0.1453309953212738 0.071505106985569
vn -0.9866635203361512 0.14492931962013244 0.07409828156232834
vn -0.99044048786163328 0.12747228145599366 0.05271139368414879
vn -0.982334554195404 0.16573093831539154 0.08690253645181656
vn -0.94618314504623408 0.32195684313774108 -0.03288275375962257
vn -0.94729959964752192 0.3192390501499176 -0.02664283290505409
vn -0.94619441032409664 0.32104259729385376 -0.04059264436364174
vn -0.95386022329330448 0.29889854788780212 -0.02846558764576912
vn -0.95568305253982544 0.2926979959011078 -0.03158696740865707
vn -0.9800366163253784 0.19510841369628908 0.03822288662195205
vn -0.95771777629852288 0.28592169284820556 -0.03202278912067413
vn -0.95674133300781248 0.2869543731212616 -0.04799233749508858
vn -0.95680189132690432 0.28755155205726624 -0.04294411092996597
vn -0.96446239948272704 0.2624531090259552 -0.03050658479332924
vn -0.96651637554168704 0.2544710636138916 -0.03302458301186561
vn -0.97505146265029904 0.21602694690227508 0.05105927214026451
vn -0.97097706794738768 0.23095040023326872 0.06217281520366669
vn -0.9377634525299072 0.3466883599758148 -0.02017171308398246
vn -0.94473099708557136 0.3268974721431732 -0.02492808550596237
vn -0.9678316116333008 0.24144951999187468 0.07073976099491119
vn -0.9772251844406128 0.16542142629623414 0.13291621208190918
vn -0.98295366764068608 0.13175207376480102 0.128231942653656
vn -0.97917520999908448 0.16897395253181458 0.11253303289413452
vn -0.97908282279968256 0.11959560960531234 0.16460177302360534
vn -0.97611397504806512 0.0999491885304451 0.19290331006050108
vn -0.976449966430664 0.1578260064125061 0.14709310233592988
vn -0.97426766157150272 0.07633264362812042 0.21207498013973236
vn -0.99999392032623296 0.003492615185678 0
vn -0.9813156127929688 0.0905153974890709 0.1697840392589569
vn -0.99367117881774896 0.089876689016819 0.06737802177667618
vn -0.99895679950714112 0.04250312969088554 0.01669817045331001
vn -0.99960744380950928 0.02762925066053867 0.00464451964944601
vn -0.996035635471344 0.07909426838159561 0.04070815816521644
vn -0.9832258820533752 0.08081282675266266 0.16351194679737092
vn -0.98818325996398928 0.08605961501598358 0.1268366426229477
vn -0.99073463678359984 0.09433374553918838 0.09770386666059494
vn -0.97678446769714352 0.04379062727093696 0.20970100164413452
vn -0.96708685159683232 0.02672622725367546 0.25303909182548524
vn -0.97415763139724736 0.06257286667823792 0.217028945684433
vn -0.96087807416915888 -0.01271115709096193 0.27667984366416932
vn -0.94825297594070432 -0.05308184400200844 0.31304723024368288
vn -0.96322101354598992 -0.00050061894580721 0.26871001720428468
vn -0.93367207050323488 -0.1086057424545288 0.34126427769660948
vn -0.9688857197761536 -0.0075298803858459 0.24739401042461396
vn -0.99463999271392816 0.04985414445400238 0.09058613330125808
vn -0.99968332052230832 0.01283251401036977 0.0216472465544939
vn -0.99948543310165408 0.02622468769550323 0.01847117953002452
vn -0.99972653388977056 0.0097510777413845 0.02125621028244495
vn -0.99735218286514288 0.04896501451730728 0.05376795679330826
vn -0.97403305768966672 0.00836015492677688 0.22625131905078888
vn -0.97153079509735104 -0.02812331169843673 0.23523809015750884
vn -0.9589998126029968 -0.08036939799785614 0.2717721164226532
vn -0.99015539884567264 0.0432448536157608 0.13312458992004394
vn -0.94276607036590576 -0.08518283069133759 0.32239100337028504
vn -0.92118006944656368 -0.15159231424331666 0.35839512944221496
vn -0.917854368686676 -0.13793128728866578 0.37218046188354496
vn -0.94525772333145136 -0.06853730231523514 0.31904619932174684
vn -0.8902104496955872 -0.20902565121650696 0.40476369857788088
vn -0.87479752302169792 -0.22525466978549956 0.42894008755683896
vn -0.887178122997284 -0.1806945651769638 0.42457556724548336
vn -0.87636381387710576 -0.23488830029964448 0.4204925000667572
vn -0.78446626663208 -0.37981259822845456 0.49026018381118776
vn -0.82821071147918704 -0.3110904097557068 0.46614348888397216
vn -0.92270570993423456 -0.16627128422260284 0.34780460596084596
vn -0.82643365859985344 -0.30582758784294128 0.47273343801498416
vn -0.862891674041748 -0.2709888219833374 0.42659464478492736
vn -0.91860657930374144 -0.1413474678993225 0.36902964115142824
vn -0.88961446285247808 -0.2067953199148178 0.40721219778060912
vn -0.95956802368164064 -0.0886559933423996 0.26715031266212464
vn -0.98703014850616448 -0.02175213582813739 0.15905465185642242
vn -0.98742938041687008 -0.02479851618409157 0.1561032384634018
vn -0.99689942598342896 0.00481939641758799 0.07853874564170837
vn -0.99994713068008416 0.00860083103179931 0.0056311241351068
vn -0.99800384044647216 0.03670546784996986 0.05139150097966194
vn -0.99314373731613152 -0.00502427853643894 0.11679152399301528
vn -0.9470447301864624 -0.07885022461414337 0.31126981973648072
vn -0.9196252822875976 -0.16026759147644042 0.358613520860672
vn -0.94991976022720336 -0.0595516674220562 0.3067670166492462
vn -0.93396610021591184 -0.10956402868032456 0.34015148878097536
vn -0.9557951092720032 -0.05212860181927681 0.28937569260597228
vn -0.9695639610290528 0.01812081411480903 0.244166761636734
vn -0.9620052576065064 -0.01601767912507057 0.27256062626838684
vn -0.96600991487503056 -0.01386290788650512 0.25813299417495728
vn -0.99252510070800784 0.05127065628767014 0.11074882745742798
vn -0.98029571771621712 0.02214475907385349 0.19629040360450744
vn -0.99729537963867184 0.04866151884198189 0.05508141964673996
vn -0.99911177158355712 0.03890807181596756 0.01618200540542602
vn -0.99758684635162352 0.05916368588805199 0.03633398562669754
vn -0.99526685476303104 0.05243945866823196 0.08181709051132202
vn -0.97779393196105952 0.04716819897294044 0.20419158041477204
vn -0.99993896484375008 0.00947364140301942 0.00568503281101584
vn -0.97415643930435184 0.05004018917679787 0.22026158869266512
vn -0.97779750823974608 0.14592809975147248 0.1503896564245224
vn -0.9760627746582032 0.07150737941265106 0.20539768040180208
vn -0.97918969392776496 0.09011412411928176 0.18184337019920348
vn -0.98053777217864992 0.15548697113990784 0.11987286061048508
vn -0.98330444097518928 0.10314060002565384 0.1499146968126297
vn -0.97861117124557488 0.15243452787399292 0.13814456760883332
vn -0.96676260232925408 0.24597318470478056 0.06976556032896042
vn -0.93690586090087888 0.34835270047187804 -0.02928932197391987
vn -0.96988034248352048 0.23595835268497468 0.06046256422996521
vn -0.97395503520965584 0.22151218354701996 0.04841459915041924
vn -0.95670717954635616 0.28863859176635744 -0.03740539401769638
vn -0.97898346185684208 0.20101656019687652 0.03440471366047859
vn -0.94568532705307008 0.32373023033142088 -0.0296303890645504
vn -0.9835747480392456 0.1527857780456543 0.0961107537150383
vn -0.99227529764175408 0.11039786040782928 0.05658704414963722
vn -0.98802447319030768 0.10688281804323196 0.11128198355436326
vn -0.99530637264251712 0.09213446080684662 0.02960533648729324
vn -0.99899315834045408 0.04435982555150985 0.00669856229797005
vn -0.99739867448806768 0.07019118964672089 0.01640189625322818
vn -0.99430751800537104 0.09842821210622788 0.04079814255237579
vn -0.98890578746795648 0.1485208123922348 0.00263589480891823
vn -0.98478513956069952 0.1726296991109848 0.01993152312934398
vn -0.9957393407821656 0.09183360636234284 -0.00834834482520818
vn -0.99920880794525152 0.03956738859415054 -0.00402317335829138
vn -0.99783515930175776 0.06536227464675903 -0.00726043106988072
vn -0.99309152364730832 0.11677750200033188 -0.01149876974523067
vn -0.9998817443847656 0.01533876825124025 0.00112620112486183
vn -0.96835422515869136 0.24596817791461944 -0.04230611398816108
vn -0.99116587638854976 -0.1313757449388504 0.01818241365253925
vn -0.99019867181777952 -0.12951003015041352 0.05228523164987564
vn -0.99891763925552368 -0.04382836446166038 0.01557474583387375
vn -0.99798762798309328 -0.04349680989980697 0.04613752663135529
vn -0.98709261417388912 -0.11627216637134552 0.11013153195381164
vn -0.98285943269729616 -0.11106926947832108 0.1471426784992218
vn -0.9955413937568664 -0.03959232196211815 0.08561444282531738
vn -0.99903047084808352 0.0414886325597763 0.01472551561892032
vn -0.99835234880447392 0.04141835495829582 0.03971220180392265
vn -0.99123740196228032 0.12796536087989808 0.03276025876402855
vn -0.99632781744003296 0.04420802742242813 0.07332522422075272
vn -0.99261689186096192 0.05165086314082146 0.1097446009516716
vn -0.98979407548904416 0.12918132543563842 0.06016521155834198
vn -0.98357921838760368 -0.05538606271147728 0.17176811397075654
vn -0.97952461242675776 -0.036972526460886 0.19790038466453552
vn -0.97433316707611088 0.00504035176709294 0.22505438327789308
vn -0.97636204957962032 -0.0166382472962141 0.21550020575523376
vn -0.98402762413024896 0.10956179350614548 0.14030638337135314
vn -0.97923189401626592 0.12829326093196868 0.15698973834514618
vn -0.98127579689025872 0.11881904304027558 0.15159116685390472
vn -0.9735766053199768 0.02750875987112522 0.22669784724712372
vn -0.98729449510574336 0.10090161114931106 0.12275353074073792
vn -0.97637671232223504 0.21500396728515624 0.02148903533816337
vn -0.95287919044494624 0.30311727523803712 0.01188303809612989
vn -0.97531431913375856 0.2159811705350876 0.04597954452037811
vn -0.97359663248062128 0.21807397902011872 0.06747801601886749
vn -0.95187824964523312 0.30327773094177248 0.04416347667574882
vn -0.97190594673156736 0.2202530801296234 0.08299026638269424
vn -0.95233386754989632 0.30349025130271912 0.03088521212339401
vn -0.92036134004592896 0.39101964235305784 0.00621493672952055
vn -0.89726012945175168 0.44149452447891232 0.00261171674355864
vn -0.92049479484558112 0.39046448469161984 0.01505868416279554
vn -0.92139279842376704 0.38812965154647824 0.01976567320525646
vn -0.88204550743103024 0.47110566496849064 -0.00742431357502937
vn -0.92315495014190672 0.38383507728576664 0.02134428173303604
vn -0.87968653440475456 0.47555038332939144 -0.00185487850103527
vn -0.95180892944335936 0.30210000276565552 0.05287148803472519
vn -0.9705306887626648 0.222132608294487 0.09341983497142792
vn -0.9631035923957824 0.25727549195289612 0.07899849861860275
vn -0.96239048242568976 0.26002249121665956 0.07869503647089005
vn -0.92582172155380256 0.37740612030029296 0.02046369947493076
vn -0.89084506034851072 0.45395156741142272 -0.01797342486679554
vn -0.92941844463348384 0.3686088025569916 0.01757418550550937
vn -0.93397378921508784 0.35710486769676208 0.01300280168652534
vn -0.8974843621253968 0.44020757079124448 -0.02718750387430191
vn -0.96453273296356208 0.2527891993522644 0.07598841935396194
vn -0.88560920953750608 0.46433866024017336 -0.00927114859223365
vn -0.9780351519584656 0.13754361867904664 0.15661747753620148
vn -0.59817874431610104 -0.8007038831710816 0.03248890861868858
vn -0.7169480919837952 -0.69701147079467776 0.01266757491976022
vn -0.62934809923172 -0.77155476808547968 0.0928666889667511
vn -0.62497621774673464 -0.76695472002029424 0.1455514281988144
vn -0.69881516695022584 -0.70136326551437376 0.14052385091781616
vn -0.63060384988784792 -0.74431562423706048 0.21984778344631196
vn -0.6990996599197388 -0.70967763662338256 0.08727714419364929
vn -0.7670103311538696 -0.64050245285034176 0.03810277208685875
vn -0.82600671052932736 -0.56296378374099728 0.02801290340721607
vn -0.76561462879180912 -0.63787436485290528 0.08336997777223587
vn -0.76500463485717776 -0.62991559505462648 0.13406802713871002
vn -0.82361161708831792 -0.55276101827621456 0.12696106731891632
vn -0.76472914218902592 -0.61851745843887328 0.18062539398670196
vn -0.8245288133621216 -0.56026893854141232 0.07906335592269897
vn -0.69905292987823488 -0.68948596715927128 0.18956276774406432
vn -0.62830513715744016 -0.73852038383483888 0.24458175897598268
vn -0.69997310638427736 -0.67461270093917848 0.23438283801078796
vn -0.63092696666717528 -0.7206584215164184 0.28737178444862364
vn -0.6438714861869812 -0.69000482559204104 0.33064004778862
vn -0.70444291830062864 -0.6376420259475708 0.31172549724578856
vn -0.63853698968887328 -0.67540293931961056 0.36891919374465944
vn -0.70172458887100216 -0.65720891952514648 0.27506193518638612
vn -0.76495593786239632 -0.604230523109436 0.22304226458072664
vn -0.82240587472915648 -0.52848041057586672 0.2106110453605652
vn -0.76583594083786016 -0.58750659227371216 0.26140263676643372
vn -0.76750123500823968 -0.56870353221893312 0.29583463072776796
vn -0.77006644010543824 -0.54809510707855224 0.32648038864135744
vn -0.82244831323623664 -0.51266938447952272 0.24647295475006104
vn -0.70825088024139408 -0.61619019508361816 0.34451457858085632
vn -0.8228450417518616 -0.54198873043060304 0.17080490291118622
vn -0.87341952323913568 -0.48628512024879456 0.02578920125961303
vn -0.91810309886932368 -0.39561775326728824 0.02394289895892143
vn -0.87516134977340704 -0.47808128595352176 0.07436958700418472
vn -0.87397253513336176 -0.47112196683883664 0.11923147737979888
vn -0.9156803488731384 -0.3862972855567932 0.11092308908700942
vn -0.87276327610015872 -0.46112427115440368 0.1601519137620926
vn -0.91708755493164064 -0.39261481165885928 0.0693107470870018
vn -0.95118182897567744 -0.30783700942993164 0.02212384901940822
vn -0.96879088878631584 -0.24698679149150848 0.02101858332753181
vn -0.95014339685440064 -0.30519193410873412 0.06391753256320953
vn -0.9485872387886048 -0.29959857463836668 0.10209271311759948
vn -0.97278952598571776 -0.21229070425033568 0.09280750900506974
vn -0.94674336910247808 -0.29155665636062624 0.13664446771144866
vn -0.97441250085830688 -0.21709404885768892 0.05822783708572388
vn -0.91410392522811888 -0.37721541523933408 0.14873647689819336
vn -0.87171936035156256 -0.44858741760253904 0.1971667855978012
vn -0.91255044937133792 -0.365831196308136 0.18280917406082152
vn -0.87099808454513552 -0.4339202046394348 0.23038136959075928
vn -0.86819183826446528 -0.41314449906349184 0.27487191557884216
vn -0.91117966175079344 -0.35252249240875244 0.21325935423374176
vn -0.94524008035659792 -0.2629893124103546 0.19328176975250244
vn -0.93915164470672608 -0.25344675779342652 0.23185969889163972
vn -0.96687936782836912 -0.19463759660720824 0.16510745882987976
vn -0.90777903795242304 -0.33390450477600096 0.2538602650165558
vn -0.97079682350158688 -0.20538780093193056 0.12397350370883942
vn -0.8316940069198608 -0.46535167098045352 0.3028743267059326
vn -0.6707733869552612 -0.62423217296600344 0.400496244430542
vn -0.69447684288024904 -0.56406384706497192 0.446692168712616
vn -0.71042400598526 -0.5863240957260132 0.3892579674720764
vn -0.77083599567413328 -0.51984840631484984 0.36819767951965336
vn -0.78140628337860112 -0.47090449929237368 0.40945467352867128
vn -0.82398337125778192 -0.44914814829826352 0.34542340040206908
vn -0.7245357632637024 -0.53520637750625608 0.43428340554237368
vn -0.7218793034553528 -0.49941048026084896 0.47904008626937864
vn -0.79693830013275152 -0.41680949926376344 0.43721756339073184
vn -0.7891807556152344 -0.39875352382659912 0.46710741519927976
vn -0.83120846748352048 -0.40312591195106504 0.38286033272743224
vn -0.8694390654563904 -0.37540364265441896 0.32116633653640748
vn -0.90703064203262336 -0.29978790879249572 0.29567310214042664
vn -0.93681520223617552 -0.22341121733188628 0.2691926062107086
vn -0.87363201379776 -0.33299320936203004 0.35479947924613952
vn -0.89885342121124272 -0.25627315044403076 0.3555089235305786
vn -0.9487847089767456 -0.12325172871351242 0.29088932275772096
vn -0.90778362751007088 -0.2095438539981842 0.36334586143493656
vn -0.9481725096702576 -0.15638598799705506 0.27660858631134032
vn -0.84007179737091072 -0.33176115155220032 0.42920151352882384
vn -0.96249705553054816 -0.17288550734519958 0.20906934142112732
vn -0.999912679195404 0.01310550887137651 -0.00168375321663916
vn -0.99989777803421024 0.01381694432348013 0.00367525080218911
vn -0.928232491016388 0.37137988209724424 -0.02148134633898735
vn -0.95133024454116816 -0.08825878798961639 0.29526448249816896
vn -0.13303719460964202 -0.62743991613388064 0.7672159075737
vn -0.1355583518743515 -0.62790286540985104 0.76639544963836672
vn -0.10749128460884094 -0.68794220685958864 0.71776121854782104
vn -0.1071513369679451 -0.68915295600891112 0.7166497111320496
vn -0.00066102569689974 -0.02670376934111118 0.99964314699172976
vn -0.0003095398424193263 -0.03300267830491066 0.99945521354675296
vn -0.17151574790477752 -0.85084122419357296 0.4966402351856232
vn -0.13276533782482148 -0.57701337337493896 0.8058714866638184
vn -0.1597532480955124 -0.72917515039443968 0.66541904211044312
vn -0.12996350228786468 -0.5958406925201416 0.7925171256065368
vn -0.1430078148841858 -0.67178159952163696 0.72681373357772832
vn -0.15187157690525054 -0.70019859075546264 0.69760805368423464
vn -0.14661546051502228 -0.65635317564010624 0.74007052183151248
vn -0.13879026472568512 -0.62567675113677976 0.76763653755187984
vn -0.15298476815223694 -0.68811392784118656 0.70929181575775144
vn -0.15731494128704072 -0.72113674879074096 0.67469531297683712
vn -0.17073777318000794 -0.78909897804260256 0.59006053209304808
vn -0.16621831059455872 -0.75880819559097296 0.629747211933136
vn -0.17270863056182862 -0.81989848613739008 0.54583716392517088
vn -0.15684506297111512 -0.79096621274948128 0.59141528606414792
vn -0.15888342261314392 -0.75547415018081664 0.63562166690826416
vn -0.1503031849861145 -0.8271309733390808 0.541537880897522
vn -0.14858892560005188 -0.71977871656417848 0.67811501026153568
vn -0.13203397393226624 -0.56086689233779904 0.81730985641479488
vn -0.14570562541484832 -0.6445565223693848 0.7505443096160888
vn -0.14011526107788086 -0.6099494695663452 0.77995473146438592
vn -0.1488289088010788 -0.68112164735794064 0.71688443422317504
vn -0.14018192887306214 -0.63824403285980224 0.75696337223052976
vn -0.13042843341827392 -0.59899985790252688 0.79005545377731328
vn -0.13514609634876252 -0.6846429705619812 0.716239869594574
vn -0.13292299211025238 -0.72754019498825072 0.67306518554687504
vn -0.13359510898590088 -0.8023120760917664 0.58176255226135256
vn -0.1439070999622345 -0.76037818193435664 0.63333702087402344
vn -0.11654508113861084 -0.84433472156524656 0.52298772335052488
vn -0.098984494805336 -0.82530289888381952 0.55594706535339352
vn -0.11984828859567642 -0.77619785070419312 0.61899375915527344
vn -0.06860081106424332 -0.87256962060928352 0.48364883661270144
vn -0.09402328729629516 -0.87749445438385008 0.4702797830104828
vn -0.09208156168460846 -0.88448542356491088 0.45739093422889712
vn -0.13143965601921082 -0.95906221866607664 0.25084510445594788
vn -0.13847090303897858 -0.8630585074424744 0.48575279116630552
vn -0.15795233845710754 -0.91027206182479856 0.38269546627998352
vn -0.16665783524513244 -0.88128238916397088 0.44222909212112424
vn -0.14580148458480834 -0.93661725521087648 0.3185749650001526
vn -0.09810637682676316 -0.92836862802505488 0.35847848653793336
vn -0.1209498792886734 -0.89737433195114128 0.424370676279068
vn -0.07142771035432816 -0.95436096191406256 0.28998839855194092
vn -0.04364971071481704 -0.97422432899475104 0.22131790220737456
vn -0.11094917356967926 -0.98819917440414432 0.1056060940027237
vn -0.11702056974172592 -0.9765490293502808 0.18071579933166504
vn -0.10201354324817658 -0.99416446685791008 0.03507565706968307
vn -0.01018318720161914 -0.9963127374649048 0.08518969267606735
vn -0.03205563500523567 -0.98857855796813968 0.14725790917873382
vn 0.00420215772464871 -0.99957686662673952 0.02878209948539734
vn 0.0542244054377079 -0.98296904563903808 0.17558930814266204
vn -0.04283541440963745 -0.9218361973762512 0.3852053880691528
vn -0.02326899766921997 -0.94933646917343136 0.31339880824089052
vn -0.06044970452785492 -0.92028582096099856 0.38654869794845584
vn 0.01634781435132026 -0.97018247842788704 0.24182376265525816
vn 0.06906840950250626 -0.96778458356857296 0.24212084710597992
vn 0.02525500580668449 -0.97408699989318848 0.22475913166999816
vn 0.01816788874566555 -0.946653425693512 0.32174086570739748
vn 0.09184728562831878 -0.98340719938278192 0.15644268691539764
vn 0.16285724937915802 -0.98015826940536496 0.1129925400018692
vn 0.09421590715646744 -0.9938074350357056 0.05890759453177452
vn 0.06715181469917297 -0.99193239212036128 0.10752104222774506
vn 0.1114681288599968 -0.99359983205795296 0.01828296482563018
vn 0.21164488792419432 -0.97663688659667968 0.03724081814289093
vn 0.22060391306877136 -0.97520643472671504 0.01750320382416248
vn 0.19710694253444672 -0.97798687219619744 0.06848736852407455
vn 0.1664753407239914 -0.9845686554908752 0.053949024528265
vn 0.22137410938739776 -0.97515821456909184 0.00774286407977342
vn -0.1321188360452652 -0.6624939441680908 0.73732376098632816
vn -0.3361448049545288 -0.8195527791976928 0.46404728293418888
vn -0.13489817082881928 -0.68179678916931152 0.71899628639221192
vn -0.18806506693363188 -0.79156821966171264 0.5814217925071716
vn -0.20873193442821504 -0.77159726619720464 0.60088986158370968
vn -0.15004386007785798 -0.73331016302108768 0.66313123703002928
vn -0.14307582378387452 -0.74393630027770992 0.65275424718856808
vn -0.28381332755088808 -0.82024973630905152 0.49662896990776064
vn -0.21286849677562712 -0.7648345828056336 0.6080420017242432
vn -0.20801888406276704 -0.7717981338500976 0.60087919235229496
vn -0.17083585262298584 -0.72813564538955696 0.66380238533020016
vn -0.23950029909610748 -0.80187553167343136 0.5473894476890564
vn -0.26525139808654784 -0.819551169872284 0.50791490077972416
vn -0.29230228066444396 -0.83569294214248656 0.46494802832603456
vn -0.45713812112808224 -0.8621206879615784 0.21856948733329772
vn -0.45668774843215944 -0.8550132513046264 0.24574095010757448
vn -0.38380381464958192 -0.86193168163299568 0.33131319284439088
vn -0.34547296166419984 -0.85672163963317872 0.38298359513282776
vn -0.37325698137283328 -0.82894432544708256 0.41657000780105592
vn -0.42206364870071408 -0.8631958365440368 0.2770473062992096
vn -0.51474797725677488 -0.851837694644928 0.09698992222547532
vn -0.51434206962585448 -0.84307092428207392 0.15711015462875366
vn -0.53179502487182616 -0.84619295597076416 0.03393466770648956
vn -0.39672094583511352 -0.88302081823348992 0.2507721483707428
vn -0.34761869907379152 -0.8628395199775696 0.36697304248809816
vn -0.32006296515464784 -0.85015290975570672 0.41809061169624328
vn -0.37369903922080992 -0.87375825643539424 0.31128045916557312
vn -0.42675185203552248 -0.89705491065979008 0.11478393524885178
vn -0.4149440228939056 -0.89077961444854736 0.1852921098470688
vn -0.44061407446861264 -0.89683604240417488 0.03929857164621353
vn -0.24779248237609864 -0.83698219060897824 0.48791363835334776
vn -0.13096003234386444 -0.64498639106750488 0.7528891563415528
vn -0.17850562930107116 -0.74829155206680304 0.63890177011489872
vn -0.1614152193069458 -0.71097755432128904 0.6844385266304016
vn -0.15867103636264802 -0.71035957336425784 0.68572068214416504
vn -0.21241644024848936 -0.79359954595565792 0.57015699148178104
vn -0.19514806568622588 -0.77116990089416496 0.60598206520080568
vn -0.23008178174495696 -0.81555819511413568 0.5309681296348572
vn -0.16688935458660126 -0.73770308494567872 0.6541728377342224
vn -0.14348147809505462 -0.68604940176010128 0.7132666110992432
vn -0.15521198511123658 -0.71187198162078856 0.68494343757629392
vn -0.18910828232765196 -0.7897155284881592 0.58359867334365848
vn -0.17828826606273652 -0.76363462209701536 0.6205444931983948
vn -0.19896745681762696 -0.81592863798141472 0.54283738136291504
vn -0.207410529255867 -0.84215641021728512 0.4977484345436096
vn -0.30710408091545104 -0.91351002454757696 0.26680797338485716
vn -0.28120729327201844 -0.87767052650451664 0.38809397816658024
vn -0.26505085825920104 -0.85775238275527952 0.44046437740325928
vn -0.29549160599708556 -0.89641994237899776 0.3303270637989044
vn -0.31491500139236452 -0.94066464900970464 0.12640619277954102
vn -0.31537771224975584 -0.9282108545303344 0.197386771440506
vn -0.31955355405807496 -0.94658619165420528 0.04312833771109581
vn -0.21868181228637696 -0.93874490261077888 0.26633867621421812
vn -0.21812082827091216 -0.8934054374694824 0.39274680614471432
vn -0.21394488215446472 -0.86813569068908688 0.44784823060035704
vn -0.2196684032678604 -0.9172616600990296 0.33223006129264832
vn -0.21262744069099428 -0.96976876258850096 0.1197419986128807
vn -0.21580155193805696 -0.95668572187423712 0.195402592420578
vn -0.2195643186569214 -0.97473746538162224 0.04096864908933639
vn -0.04051830619573593 -0.47935238480567936 0.87668669223785408
vn -0.03336357697844505 -0.4509625434875488 0.89191907644271856
vn -0.00048502656864002347 -0.03044196963310241 0.99953639507293696
vn -0.01048462651669979 -0.2650544047355652 0.96417647600173952
vn -0.00373290618881583 -0.15637336671352386 0.98769098520278928
vn -0.00061788863968104 -0.08654183149337769 0.99624800682067872
vn -0.00041821820195764303 -0.0892663449048996 0.99600768089294432
vn -0.00672582769766449 -0.21256139874458312 0.977124571800232
vn -0.0206522848457098 -0.3693711757659912 0.92905241250991824
vn -0.01676963455975055 -0.32409965991973876 0.945874273777008
vn -0.02626585587859153 -0.40267133712768552 0.91496771574020384
vn -0.02095277979969978 -0.37674933671951296 0.92607825994491584
vn -0.0145097766071558 -0.24538983404636384 0.9693158864974976
vn -0.00544382026419043 -0.14455154538154602 0.98948228359222416
vn -0.00236825761385262 -0.08914146572351456 0.9960161447525024
vn -0.00953838601708412 -0.19661329686641692 0.98043471574783328
vn -0.02665491960942745 -0.33373627066612244 0.94228959083557136
vn -0.02024454064667225 -0.2910296618938446 0.95649981498718256
vn -0.03367557004094124 -0.3737444579601288 0.92692017555236816
vn -0.04126032069325447 -0.41130304336547848 0.91056430339813232
vn -0.07934129983186722 -0.5968191623687744 0.79844337701797488
vn -0.05889029800891876 -0.55755847692489624 0.82804614305496208
vn -0.05126737430691719 -0.5244585871696472 0.84989106655120848
vn -0.04084844514727592 -0.48489564657211304 0.87361752986907952
vn -0.08216416835784912 -0.63888138532638552 0.76490497589111328
vn -0.10326971113681794 -0.65382385253906248 0.74956637620925904
vn -0.08584615588188171 -0.55528789758682248 0.82721567153930672
vn -0.07656140625476837 -0.54112005233764648 0.83745294809341424
vn -0.05801504477858543 -0.48006728291511536 0.87531119585037232
vn -0.04937908798456192 -0.44666257500648496 0.89333879947662352
vn -0.06716196984052658 -0.51175004243850712 0.8565052151679992
vn -0.0893142968416214 -0.60256558656692504 0.7930559515953064
vn -0.10617245733737946 -0.61119043827056888 0.78433007001876832
vn -0.00078940199455246 -0.02202517539262771 0.99975711107254032
vn -0.00129103858489543 -0.02523402124643326 0.99968075752258304
vn -0.04674996808171272 -0.37573647499084472 0.925546646118164
vn -0.01822938583791256 -0.22001451253890992 0.9753262400627136
vn -0.00699300738051533 -0.12835270166397094 0.99170392751693728
vn -0.00309131992980837 -0.07869661599397659 0.99689382314682
vn -0.01211058255285024 -0.17547619342803956 0.98440921306610112
vn -0.03279444575309753 -0.3016304075717926 0.95286077260971072
vn -0.02517217397689819 -0.26202231645584108 0.9647334814071656
vn -0.03439825028181076 -0.33091655373573304 0.94303286075592048
vn -0.03847651183605194 -0.34009212255477904 0.93960464000701904
vn -0.05139382556080818 -0.3543676733970642 0.93369281291961664
vn -0.08355763554573059 -0.50279659032821656 0.86035674810409552
vn -0.06451524049043655 -0.44191130995750424 0.89473581314086912
vn -0.05544818937778473 -0.40960031747817992 0.91057842969894416
vn -0.07390128821134567 -0.47290000319480896 0.87801152467727664
vn -0.11278032511472702 -0.57189089059829712 0.81254011392593376
vn -0.11285308003425598 -0.57191443443298336 0.8125134110450744
vn -0.0934312641620636 -0.53182905912399288 0.84168189764022832
vn -0.09039966017007828 -0.47934803366661072 0.87295669317245488
vn -0.07042577862739563 -0.41895613074302672 0.90527123212814336
vn -0.06075333431363106 -0.38730835914611816 0.91994631290435792
vn -0.08033475279808044 -0.44955220818519592 0.88963425159454352
vn -0.1106041744351387 -0.5375860333442688 0.83592343330383296
vn -0.10052765905857086 -0.50860333442687992 0.8551121950149536
vn -0.12048128992319108 -0.56657135486602784 0.81515711545944208
vn -0.05713818222284317 -0.32924506068229676 0.94251412153244016
vn -0.02071706764400005 -0.18869569897651672 0.98181706666946416
vn -0.01614967174828052 -0.16680017113685608 0.98585844039916992
vn -0.00801875349134206 -0.10816598683595658 0.99410051107406624
vn -0.00356266880407929 -0.06564512103796005 0.99783664941787712
vn -0.00374729954637587 -0.06672883778810501 0.9977641105651856
vn -0.01379613298922777 -0.1492532193660736 0.98870277404785152
vn -0.03709530085325241 -0.26250764727592468 0.96421658992767328
vn -0.02865525521337986 -0.22638021409511568 0.973617434501648
vn -0.04621864482760429 -0.2970266044139862 0.95374995470046992
vn -0.03931489959359169 -0.26848560571670532 0.96248108148574832
vn -0.09699506312608718 -0.45288929343223568 0.8862749338150024
vn -0.07683119177818298 -0.39235579967498776 0.91659909486770624
vn -0.06566348671913147 -0.362131267786026 0.929811418056488
vn -0.08592570573091507 -0.4235906898975372 0.90176922082901008
vn -0.11643635481595994 -0.51333701610565184 0.85025155544281008
vn -0.10597080737352372 -0.4837345778942108 0.86877560615539552
vn -0.11974486708641052 -0.54050463438034056 0.83277601003646848
vn -0.12419778108596802 -0.5453927516937256 0.82892805337905888
vn -0.12363483756780624 -0.52230131626129152 0.84375101327896112
vn -0.0970701277256012 -0.4537702202796936 0.885815978050232
vn -0.10617876052856446 -0.49285042285919192 0.86361134052276608
vn -0.07662513852119446 -0.39035537838935856 0.91747003793716432
vn -0.05722559988498688 -0.32988229393959044 0.9422860145568848
vn -0.06553638726472855 -0.35977825522422792 0.93073338270187376
vn -0.08588125556707382 -0.42256307601928712 0.90225541591644288
vn -0.03644720092415809 -0.25092646479606628 0.96731978654861456
vn -0.02088646590709686 -0.19219088554382324 0.9811352491378784
vn -0.02862500213086605 -0.22586713731288908 0.9737374782562256
vn -0.00910591799765825 -0.12537072598934174 0.99206817150115968
vn -0.00115689344238489 -0.04949125647544861 0.99877387285232544
vn -0.00417398521676659 -0.09028857201337814 0.99590688943862912
vn -0.01378940138965845 -0.1490941345691681 0.9887268543243408
vn -0.046342633664608 -0.29920461773872376 0.9530629515647888
vn -0.11124219000339508 -0.55632841587066648 0.82348275184631344
vn -0.09123283624649048 -0.49601301550865176 0.86350893974304192
vn -0.10128279775381088 -0.526115357875824 0.8443603515625
vn -0.07136364281177521 -0.43510729074478152 0.8975460529327392
vn -0.05242521315813065 -0.37165236473083496 0.92689055204391472
vn -0.06173723936080933 -0.40381279587745664 0.91275614500045776
vn -0.08122481405735016 -0.46576085686683656 0.88117498159408576
vn -0.08457545191049576 -0.51955533027648928 0.85024070739746096
vn -0.09440597891807556 -0.54882925748825072 0.83058649301528928
vn -0.0656086802482605 -0.45919251441955568 0.88591068983078
vn -0.04792439937591553 -0.39500567317008976 0.91742777824401856
vn -0.05658134445548058 -0.4276810586452484 0.90215712785720832
vn -0.07495701313018799 -0.4897470474243164 0.86863642930984496
vn -0.04350623115897178 -0.338419109582901 0.93998920917510992
vn -0.04126135259866714 -0.300101637840271 0.9530144333839416
vn -0.01873595453798771 -0.23124106228351592 0.97271603345870976
vn -0.0255234781652689 -0.26896190643310548 0.96281254291534416
vn -0.00769745372235775 -0.15128888189792634 0.9884596467018128
vn -0.00111458799801766 -0.06601602584123611 0.99781793355941776
vn -0.00375499948859214 -0.10921372473239898 0.99401122331619264
vn -0.01274684444069862 -0.19200579822063448 0.98131102323532112
vn -0.03969075158238411 -0.36096635460853576 0.93173384666442864
vn 0 -0.00821443833410739 0.99996626377105712
vn -0.10715138912200928 -0.5750828385353088 0.81104767322540288
vn -0.05809292197227478 -0.48122230172157288 0.87467151880264288
vn -0.04156218469142914 -0.4163382947444916 0.9082593321800232
vn -0.04956115409731865 -0.44950884580612184 0.8918999433517456
vn -0.06715591996908188 -0.51166397333145144 0.85655707120895392
vn -0.10302434116601944 -0.6122164726257324 0.78394961357116704
vn -0.05154044926166534 -0.51632457971572872 0.85484063625335696
vn -0.0593142919242382 -0.563387393951416 0.82406097650527952
vn -0.0341065376996994 -0.38152351975440976 0.92372971773147584
vn -0.0272158719599247 -0.34488028287887572 0.93825203180313104
vn -0.01528489310294389 -0.26542726159095764 0.96400970220565792
vn -0.02092513814568519 -0.30623361468315124 0.95172637701034544
vn -0.00625036703422665 -0.17688250541687012 0.9842121005058288
vn -0.00091886194422841 -0.0789388045668602 0.99687904119491584
vn -0.00305662490427494 -0.12905628979206086 0.99163258075714112
vn -0.01036366447806358 -0.22233614325523376 0.97491496801376336
vn -0.02809936180710792 -0.44189563393592832 0.89662629365921024
vn -0.01128448732197284 -0.2927570641040802 0.95612025260925296
vn -0.01645836792886257 -0.33594015240669252 0.941739559173584
vn -0.00443959468975663 -0.1973067671060562 0.98033171892166144
vn -0.00181628065183758 -0.11725199967622756 0.99310052394866944
vn -0.00213420600630342 -0.14488910138607026 0.9894456267356872
vn -0.00749889202415943 -0.24655507504940032 0.96909976005554192
vn 0 -0.02672915533185005 0.99964272975921632
vn -0.03102840296924114 -0.41390731930732728 0.9097900390625
vn -0.2105248272418976 -0.97647583484649664 0.04662882909178734
vn -0.21508187055587768 -0.95674145221710208 0.1959224045276642
vn -0.21229521930217744 -0.96981132030487056 0.11998633295297622
vn -0.21530692279338836 -0.91713649034500128 0.33541557192802428
vn -0.20610809326171876 -0.8668912053108216 0.4538932144641876
vn -0.21188585460186004 -0.8928436636924744 0.39740979671478272
vn -0.21626606583595276 -0.93880867958068848 0.26808071136474608
vn -0.33133590221405028 -0.94293022155761712 0.03315353021025657
vn -0.3068687617778778 -0.92955213785171504 0.20436334609985352
vn -0.3199903666973114 -0.93950587511062624 0.12220847606658936
vn -0.28166088461875916 -0.89657074213027952 0.3418012261390686
vn -0.24874858558177948 -0.85529476404190064 0.45452722907066344
vn -0.26579532027244568 -0.8766254782676696 0.40109923481941224
vn -0.29559785127639772 -0.914496660232544 0.27625679969787596
vn -0.19832870364189148 -0.84002268314361568 0.50500255823135376
vn -0.18900240957736968 -0.81275832653045648 0.55109167098999024
vn -0.16746903955936432 -0.75818997621536256 0.63016033172607424
vn -0.17858289182186126 -0.78542333841323856 0.59263670444488528
vn -0.14438000321388244 -0.70418852567672728 0.69517832994461056
vn -0.13283716142177582 -0.677329421043396 0.72358769178390496
vn -0.15598505735397338 -0.7311179637908936 0.66418004035949704
vn -0.2135794162750244 -0.81011801958084112 0.54597860574722288
vn -0.17969439923763276 -0.76304578781127936 0.6208631992340088
vn -0.19633825123310088 -0.78675729036331184 0.58520442247390744
vn -0.13448746502399444 -0.68997550010681152 0.7112292051315308
vn -0.1637955904006958 -0.73902261257171632 0.65346503257751464
vn -0.11144660413265228 -0.6394663453102112 0.76069867610931392
vn -0.2311726063489914 -0.83302587270736688 0.50262022018432616
vn -0.42752358317375184 -0.90265089273452752 0.04944681003689766
vn -0.39850294589996336 -0.89498502016067504 0.20049236714839936
vn -0.41633090376853944 -0.90065455436706544 0.12445849180221558
vn -0.34956809878349304 -0.8754515647888184 0.3337464928627014
vn -0.29399573802948 -0.84695625305175776 0.44298034906387328
vn -0.32190853357315064 -0.86218714714050288 0.391162633895874
vn -0.3756491839885712 -0.88647592067718512 0.27027413249015808
vn -0.53627204895019528 -0.84316194057464592 0.03860306367278099
vn -0.48932814598083496 -0.85263812541961664 0.1832106113433838
vn -0.52992385625839232 -0.84052628278732304 0.11267776042222976
vn -0.45115903019905088 -0.83749270439147952 0.30832046270370484
vn -0.38153895735740664 -0.85308241844177248 0.35591906309127808
vn -0.41367447376251224 -0.83420974016189568 0.36464712023735048
vn -0.48477825522422792 -0.83888304233551024 0.24751830101013184
vn -0.26678255200386048 -0.83003324270248416 0.48976716399192808
vn -0.24088154733181 -0.81167602539062496 0.53212600946426392
vn -0.216634139418602 -0.79210776090621952 0.57064431905746456
vn -0.1389545053243637 -0.71855187416076664 0.68145054578781128
vn -0.17355218529701232 -0.74999529123306272 0.63826847076416016
vn -0.29012855887413024 -0.81120878458023072 0.50770634412765504
vn -0.23843806982040404 -0.80219697952270512 0.54738223552703856
vn -0.1835108995437622 -0.76286840438842768 0.6199641823768616
vn -0.23897854983806612 -0.80500036478042608 0.54301345348358152
vn -0.1087394654750824 -0.67018330097198488 0.73418670892715456
vn -0.31186288595199584 -0.8451646566390992 0.43409472703933712
vn -0.1097630262374878 -0.6542882323265076 0.74823725223541264
vn 0.22681458294391632 -0.9738748669624328 0.01108416263014078
vn 0.17265932261943818 -0.98284131288528448 0.06489763408899307
vn 0.20286408066749572 -0.97874879837036128 0.02994830347597599
vn 0.11487553268671036 -0.99317061901092528 0.02038842812180519
vn 0.08595792949199677 -0.98939663171768192 0.1170705109834671
vn 0.10771793872117996 -0.99196046590805056 0.06641775369644165
vn 0.1328466385602951 -0.98605740070343024 0.1002124398946762
vn 0.1296735256910324 -0.9776223301887512 0.16564826667308808
vn -0.01131614297628402 -0.95085668563842768 0.3094245195388794
vn 0.04138575494289398 -0.97042709589004512 0.23782034218311308
vn -0.00405347580090165 -0.97263789176940912 0.2322910875082016
vn -0.07412425428628922 -0.92218846082687376 0.379570871591568
vn -0.04092761501669883 -0.95149213075637824 0.30493870377540588
vn -0.00563277117908001 -0.92161959409713744 0.38805362582206728
vn 0.03321593254804611 -0.98563909530639648 0.1655665636062622
vn 0.0065599768422544 -0.99952197074890144 0.03021283447742462
vn -0.01847780682146549 -0.98779433965682976 0.1546640396118164
vn 5.900415635551326E-05 -0.99583911895751952 0.09112884849309922
vn -0.10952279716730118 -0.9935341477394104 0.02990983799099922
vn -0.12373977154493332 -0.97649246454238896 0.17649634182453156
vn -0.1054110825061798 -0.98841398954391472 0.10920743644237518
vn -0.05786476284265518 -0.97516226768493648 0.21379953622817992
vn -0.08414190262556076 -0.95535159111022944 0.28323739767074584
vn -0.12739816308021546 -0.89825063943862912 0.42061319947242736
vn -0.10797211527824402 -0.92935293912887568 0.35305115580558776
vn -0.15021994709968566 -0.93685960769653328 0.31579747796058656
vn -0.16627469658851624 -0.88122463226318352 0.44248831272125248
vn -0.16002723574638366 -0.9104740619659424 0.3813505470752716
vn -0.14152063429355622 -0.86363267898559568 0.48384964466094968
vn -0.13760387897491456 -0.95919126272201536 0.24701669812202452
vn -0.10138413310050964 -0.88612461090087888 0.45222172141075136
vn -0.08265705406665802 -0.86857044696807856 0.48862379789352416
vn -0.12247548997402192 -0.77711629867553712 0.61732482910156248
vn -0.10567457973957062 -0.82710617780685424 0.55202192068099976
vn -0.1217012032866478 -0.84554445743560784 0.51984935998916624
vn -0.14251990616321564 -0.75981438159942624 0.63432657718658448
vn -0.13515469431877136 -0.80279970169067376 0.58072876930236816
vn -0.13528725504875184 -0.72864425182342528 0.67139774560928344
vn -0.13531602919101716 -0.68468976020812992 0.71616303920745848
vn -0.13480745255947114 -0.6007515788078308 0.78798764944076544
vn -0.13827192783355712 -0.63689136505126952 0.75845253467559808
vn -0.14332596957683564 -0.67768651247024536 0.72124803066253664
vn -0.13227187097072602 -0.60320240259170536 0.7865437269210816
vn -0.13885498046875 -0.63947921991348264 0.75616502761840816
vn -0.12624745070934296 -0.55532664060592648 0.82199382781982416
vn -0.1448754370212555 -0.71787875890731808 0.68092674016952512
vn -0.1503170132637024 -0.82713454961776736 0.54152864217758176
vn -0.1543504148721695 -0.75351524353027344 0.6390545964241028
vn -0.154326930642128 -0.79011332988739008 0.59321504831314088
vn -0.16815125942230224 -0.81857186555862432 0.54924058914184568
vn -0.15898717939853668 -0.75541436672210688 0.63566678762435912
vn -0.16465863585472106 -0.78681194782257088 0.59482306241989136
vn -0.15123352408409118 -0.71788853406906128 0.679532527923584
vn -0.14574846625328064 -0.68346601724624632 0.71528422832489016
vn -0.13014036417007446 -0.61814647912979128 0.77521508932113648
vn -0.1385444551706314 -0.65026068687438968 0.7469715476036072
vn -0.14324261248111724 -0.69438087940216064 0.70520687103271488
vn -0.13402418792247772 -0.66473990678787232 0.73495471477508544
vn -0.12093792110681534 -0.58691781759262088 0.80056321620941168
vn -0.15169090032577514 -0.72458708286285408 0.67228227853775024
vn -0.12421216815710068 -0.56862950325012208 0.81316161155700688
vn -0.16887098550796508 -0.85027134418487552 0.49851909279823304
vn 0 -0.03045274131000042 0.99953621625900272
vn 0 -0.02206592261791229 0.99975651502609248
vn -0.13886946439743042 -0.71219617128372192 0.688107430934906
vn -0.11439413577318192 -0.60661655664443968 0.78672122955322272
vn 0.5184935927391052 -0.24270124733448028 -0.81991493701934816
vn -0.42416703701019288 -0.18271078169345856 0.88696062564849856
vn 0.62989789247512816 -0.0282815471291542 -0.77616286277770992
vn 0.99244201183319088 -0.064640112221241 -0.10430985689163208
vn 0.73755359649658208 -0.03896835818886757 -0.674163281917572
vn 0.49522152543067936 -0.09602520614862442 -0.86344355344772336
vn 0.59190094470977784 -0.1726927012205124 -0.78729313611984256
vn 0.505801260471344 -0.15157303214073182 -0.8492294549942016
vn 0.554729163646698 -0.20322182774543764 -0.80683112144470208
vn 0.55064684152603152 -0.15722578763961792 -0.81979757547378544
vn 0.59132868051528928 -0.16226905584335328 -0.78993612527847296
vn 0.65808850526809696 -0.1264456957578659 -0.74224728345870976
vn 0.62160593271255496 -0.1414540708065033 -0.77045232057571408
vn 0.69615882635116576 -0.0863567516207695 -0.71267485618591312
vn 0.65441668033599856 -0.1696198433637619 -0.73686355352401728
vn 0.62080132961273192 -0.17374104261398316 -0.76447349786758416
vn 0.69170713424682616 -0.15847937762737274 -0.70457470417022704
vn 0.58891248703002928 -0.14977051317691802 -0.79419827461242672
vn 0.49492001533508304 -0.06288650631904602 -0.86665993928909296
vn 0.47598522901535032 -0.01402636617422104 -0.87934142351150512
vn 0.5459004044532776 -0.12505660951137542 -0.82846462726593024
vn 0.55522936582565304 -0.11209827661514282 -0.8241081833839416
vn 0.53064805269241336 -0.03857074677944183 -0.84671419858932496
vn 0.58873963356018064 -0.14678522944450378 -0.79488348960876464
vn 0.65159338712692264 -0.18589718639850616 -0.73543751239776608
vn 0.620303213596344 -0.1605212539434433 -0.76776093244552608
vn 0.68734651803970336 -0.19186685979366304 -0.70052969455718992
vn 0.65322595834732056 -0.19483329355716704 -0.73166650533676144
vn 0.61764293909072872 -0.15506315231323242 -0.77102053165435792
vn 0.69219309091567992 -0.20984116196632384 -0.69053268432617184
vn 0.72591674327850336 -0.1819569021463394 -0.66327714920043944
vn 0.73214060068130496 -0.16461297869682312 -0.66096347570419312
vn 0.90871101617813104 0.1042444333434105 -0.40419974923133848
vn 0.89490586519241328 0.21490894258022308 -0.39109802246093752
vn 0.7328909039497376 -0.13747669756412506 -0.66631156206130984
vn 0.81726372241973872 0.11362792551517486 -0.564950168132782
vn 0.78090143203735344 0.01600603945553302 -0.62444919347763064
vn 0.85522204637527472 0.18017026782035828 -0.48593610525131224
vn 0.8246451020240784 -0.05232506990432739 -0.56322515010833744
vn 0.777682900428772 -0.10323646664619446 -0.62012219429016112
vn 0.87446677684783936 0.01775657385587692 -0.48476031422615048
vn 0.92369973659515376 0.33821257948875428 -0.1799752563238144
vn 0.92836171388626096 0.23535220324993132 -0.28766962885856628
vn 0.93171781301498416 0.35817581415176392 -0.06009988114237785
vn 0.916230857372284 -0.01588968373835086 -0.40033552050590512
vn 0.80738341808319088 -0.1620277464389801 -0.56734383106231688
vn 0.77678501605987552 -0.13638727366924286 -0.61481994390487672
vn 0.87068229913711552 -0.00094130763318389 -0.49184492230415344
vn 0.87113076448440544 -0.00237692450173199 -0.49104538559913632
vn 0.91099202632904048 0.37187042832374576 -0.17834216356277466
vn 0.92438638210296624 0.34388193488121032 -0.16509084403514862
vn 0.91733556985855104 0.23743622004985808 -0.31956145167350768
vn 0.91954880952835088 0.38709503412246704 -0.0677306205034256
vn -0.12111254036426544 -0.7173840403556824 0.68606984615325928
vn -0.35919860005378724 0.9229715466499328 0.13820229470729828
vn -0.38097110390663144 -0.29585719108581544 0.87597346305847168
vn -0.60270321369171144 0.21573373675346376 0.76824986934661872
vn -0.49873128533363344 -0.08130542933940887 0.86293482780456544
vn -0.49701252579689024 -0.09232264757156372 0.8628181219100952
vn -0.40360844135284424 -0.23795677721500396 0.8834459781646728
vn -0.55636179447174072 0.05236677825450897 0.82928842306137088
vn -0.55751478672027584 0.06799763441085815 0.82737749814987184
vn -0.60272246599197384 0.34714698791503908 0.7184807062149048
vn -0.60800772905349728 0.29209399223327636 0.7382463812828064
vn -0.60251307487487792 0.57777506113052368 0.5505942106246948
vn -0.60323929786682128 0.52491033077239992 0.60047602653503416
vn -0.60942763090133664 0.50423222780227664 0.6118396520614624
vn -0.50925236940383912 0.78828662633895872 0.3453494906425476
vn -0.47308629751205448 0.82754039764404304 0.30226847529411316
vn -0.56687140464782712 0.68674260377883912 0.4550180733203888
vn -0.45211017131805416 0.854596734046936 0.25546202063560484
vn -0.41171336174011232 0.8865540027618408 0.21098369359970092
vn -0.58513945341110232 0.61889761686325072 0.52400147914886472
vn -0.61664605140686032 0.38720625638961792 0.68543338775634768
vn -0.60715413093566896 0.51444858312606808 0.60556292533874512
vn -0.59707939624786376 0.54737246036529544 0.58641248941421512
vn -0.40503716468811032 0.88873088359832768 0.21471457183361052
vn -0.37178283929824832 0.91110932826995856 0.17792485654354096
vn -0.4897160232067108 0.80216825008392336 0.34162017703056336
vn -0.47523075342178344 0.81828814744949344 0.32335776090621948
vn -0.56528592109680176 0.6632253527641296 0.49049356579780576
vn -0.5019802451133728 0.78185361623764032 0.3697577118873596
vn -0.4566679000854492 0.83870899677276608 0.29668444395065308
vn -0.30373969674110412 0.94853311777114864 0.08959410339593887
vn -0.24799971282482148 0.96812915802001952 0.03495758771896362
vn -0.40443906188011168 0.88728159666061408 0.22172160446643828
vn -0.34658205509185792 0.92645096778869632 0.14686544239521026
vn -0.28464466333389284 0.95576924085617072 0.07404424995183945
vn -0.2202298790216446 0.97543561458587648 0.00491153402253985
vn -0.58817195892333984 0.13920801877975464 0.79666489362716672
vn -0.2743350863456726 -0.48427498340606688 0.83079361915588384
vn -0.4613937139511108 -0.20665059983730316 0.8627927899360656
vn -0.45870000123977664 -0.215422585606575 0.86208319664001472
vn -0.36379444599151608 -0.3737530708312988 0.85320705175399776
vn -0.52190351486206056 0.18925289809703828 0.83174520730972288
vn -0.54081553220748904 -0.02578862756490707 0.84074580669403072
vn -0.43338078260421752 -0.28569024801254272 0.85472929477691648
vn -0.2149047553539276 -0.58550482988357544 0.78166490793228144
vn -0.35089224576950072 -0.40133693814277648 0.84605157375335696
vn -0.29434907436370848 -0.51304322481155392 0.80631583929061888
vn -0.38400772213935856 -0.40567332506179808 0.82943791151046752
vn -0.53845095634460448 -0.07347626984119415 0.83944731950759888
vn -0.57725667953491208 0.27799367904663084 0.76778525114059456
vn -0.45138156414031984 -0.30689075589179992 0.83789783716201776
vn -0.51283788681030272 -0.17335370182991028 0.84080070257186896
vn -0.5940396785736084 0.25327187776565552 0.76352483034133904
vn -0.59256571531295776 0.16219721734523774 0.78902339935302736
vn -0.53250342607498168 0.7249097228050232 0.43697360157966616
vn -0.59288436174392704 0.52284884452819824 0.61246806383132936
vn -0.59843170642852784 0.50189036130905152 0.62448823451995848
vn -0.59873998165130616 0.384269654750824 0.70274269580841064
vn -0.60880178213119504 0.33613869547843932 0.71858972311019896
vn -0.60813045501708984 0.2790178954601288 0.74318659305572512
vn -0.5525057911872864 0.67214560508728024 0.4929072856903076
vn -0.55151444673538208 0.67415714263916016 0.49126771092414856
vn -0.60545587539672848 0.43157938122749328 0.66870200634002688
vn -0.59221863746643064 0.529463529586792 0.60740882158279416
vn -0.56697773933410648 0.62744027376174928 0.53371798992156984
vn -0.52859199047088624 0.72064131498336784 0.44862750172615048
vn -0.47262543439865112 0.8110486268997192 0.34471040964126588
vn -0.2489696741104126 0.96756190061569216 0.04287266358733177
vn -0.3204355835914612 0.9394684433937072 0.12132643908262252
vn -0.41167411208152768 0.87703275680542 0.24766495823860168
vn -0.4437275230884552 0.84842699766159056 0.28857848048210144
vn -0.07753240317106247 0.98800349235534672 -0.13355815410614014
vn -0.18399408459663392 0.98243063688278192 -0.03124407865107059
vn -0.1537158191204071 0.9859503507614136 -0.06537126749753952
vn -0.04758196324110031 0.98433542251586912 -0.16976377367973328
vn -0.3447454869747162 0.92526835203170784 0.15820558369159698
vn 0.09816155582666398 0.94901853799819952 -0.2995465397834778
vn -0.35130393505096436 0.92010301351547248 0.17319360375404358
vn -0.57026827335357664 0.03165912255644798 0.82084822654724128
vn -0.56641340255737304 -0.0035281244199723 0.82411372661590576
vn -0.5640200972557068 0.60181272029876712 0.56542271375656128
vn -0.57403105497360232 0.57523852586746216 0.58274263143539432
vn -0.5993041396141052 0.34188529849052428 0.72384321689605712
vn -0.60390365123748776 0.30436217784881592 0.73665732145309456
vn -0.59076946973800656 0.47044527530670168 0.65549421310424808
vn -0.5985252261161804 0.4366774260997772 0.6716251373291016
vn -0.5061336159706116 0.75246036052703856 0.4214642643928528
vn -0.55917143821716312 0.6341135501861572 0.53406679630279544
vn -0.43476009368896488 0.84989756345748896 0.29775452613830568
vn -0.53870439529418944 0.67166560888290408 0.50858914852142336
vn -0.5998049974441528 0.27955248951911928 0.7497228384017944
vn -0.60140311717987064 0.27899870276451112 0.74864810705184944
vn -0.59419870376586912 0.2173587828874588 0.77439206838607792
vn -0.59270697832107544 0.16417963802814484 0.78850710391998288
vn -0.59422880411148072 0.18087302148342132 0.78369450569152832
vn -0.59595710039138792 0.18062619864940644 0.78243803977966304
vn -0.59302598237991336 0.45635920763015744 0.66336750984191896
vn -0.60185199975967408 0.34835684299468996 0.71862488985061648
vn -0.57241559028625488 0.56619143486022952 0.59310007095336912
vn -0.31081631779670716 0.94297331571578976 0.11914080381393432
vn -0.43310365080833432 0.84763717651367184 0.30648404359817504
vn -0.49235299229621888 0.76615643501281744 0.4130288660526276
vn -0.19084987044334412 0.98081827163696288 -0.03964722156524658
vn 0.06017284840345383 0.95674943923950192 -0.28462207317352296
vn 0.12716877460479736 0.9117469787597656 -0.3905707597732544
vn -0.18471837043762208 0.9821990132331848 -0.03412123769521713
vn 0.23384678363800048 0.85097634792327888 -0.4702710807323456
vn 0.30593258142471312 0.82465898990631104 -0.47575500607490536
vn 0.25464746356010436 0.86326438188552864 -0.43580877780914304
vn 0.25565215945243836 0.84543228149414064 -0.46892029047012328
vn 0.12217868119478226 0.93443632125854496 -0.33451634645462036
vn 0.29417070746421812 0.8214189410209656 -0.48860466480255128
vn 0.32272258400917052 0.83123975992202752 -0.4526484310626984
vn 0.06602515280246735 0.96466380357742304 -0.25507736206054688
vn -0.0573304183781147 0.98771452903747552 -0.14537285268306732
vn 0.75710272789001472 0.53341943025588992 -0.37717261910438536
vn 0.63372874259948728 0.68857043981552128 -0.35250338912010192
vn -0.24198797345161436 0.96995204687118528 0.02519569732248783
vn 0.40928861498832704 0.81854814291000368 -0.4030654728412628
vn 0.18071471154689788 0.93309080600738528 -0.3109401762485504
vn -0.06944232434034348 0.98966956138610832 -0.12542690336704254
vn -0.25038248300552368 0.96784746646881104 0.02408041805028915
vn -0.30746477842330932 0.94748854637146 0.08792565017938614
vn -0.19036541879177092 0.98132854700088496 -0.02748237550258636
vn 0.5959268808364868 0.68385219573974608 -0.42097184062004088
vn 0.49722772836685184 0.74677491188049312 -0.4416920244693756
vn 0.31278750300407408 0.86419242620468144 -0.39412617683410648
vn 0.079176165163517 0.96977233886718752 -0.23080888390541076
vn 0.02449388243257999 0.97733306884765632 -0.21028584241867064
vn -0.15943072736263276 0.98582506179809568 -0.05225683003664017
vn 0.11350074410438538 0.95325237512588496 -0.2800491154193878
vn 0.64752519130706784 0.62733304500579832 -0.4326249957084656
vn 0.92301177978515632 0.33609312772750856 -0.18732517957687376
vn 0.85821586847305296 0.41963663697242736 -0.29558518528938292
vn 0.94914066791534416 0.30834025144577028 -0.06370481103658676
vn 0.80430102348327632 0.45959702134132384 -0.37665686011314392
vn 0.73738884925842288 0.56718879938125608 -0.36681684851646424
vn 0.4555411338806152 0.70491886138916016 -0.54366505146026608
vn 0.57863116264343264 0.66211152076721192 -0.4762292802333832
vn 0.44297423958778384 0.7620270252227784 -0.47232264280319216
vn 0.6945247650146484 0.56673431396484376 -0.44322404265403744
vn 0.64919734001159664 0.5689396262168884 -0.50482714176177976
vn 0.55641466379165648 0.63488042354583744 -0.53603124618530272
vn 0.73590683937072752 0.50360000133514408 -0.4525794982910156
vn 0.92453819513320928 0.33646157383918764 -0.17894884943962098
vn 0.87555313110351568 0.38888728618621824 -0.28665894269943236
vn 0.94618135690689088 0.31795361638069152 -0.06038497760891914
vn 0.58613234758377072 0.51476502418518064 -0.6256723403930664
vn 0.51500648260116576 -0.60728001594543456 -0.60496228933334352
vn 0.5107082724571228 -0.64094913005828856 -0.5730281472206116
vn 0.5315037369728088 -0.52639067173004152 -0.66363888978958128
vn -0.41899636387825016 -0.455753356218338 0.78532218933105472
vn 0.21992433071136476 -0.9576764702796936 0.18571217358112336
vn -0.27944251894950868 -0.60213452577590944 0.74789434671401984
vn 0.02562695927917957 -0.86592394113540656 0.49951878190040592
vn -0.194589763879776 -0.67179566621780392 0.71472054719924928
vn -0.01600941270589828 -0.86543667316436768 0.5007624626159668
vn -0.04050575569272041 -0.87697875499725344 0.4788188934326172
vn -0.32476642727851868 -0.57423645257949832 0.75151795148849488
vn -0.52032798528671264 -0.14807558059692382 0.84103053808212288
vn -0.32657301425933836 -0.61330687999725344 0.7191694974899292
vn 0.08547124266624451 -0.95967298746109008 0.26781034469604492
vn 0.36330801248550416 -0.9104140400886536 -0.1978725492954254
vn 0.46774229407310488 -0.78675717115402224 -0.40277826786041256
vn 0.45666489005088808 -0.8007578253746032 -0.38761329650878904
vn 0.4462503492832184 -0.83206921815872192 -0.32942599058151244
vn 0.36683958768844608 -0.91656178236007696 -0.1591954380273819
vn 0.48109820485115048 -0.74910396337509152 -0.45539849996566776
vn 0.52743464708328248 -0.60262000560760496 -0.5988838076591492
vn 0.51619893312454224 -0.66883915662765504 -0.53496992588043216
vn 0.54818147420883176 -0.56571125984191896 -0.61600959300994872
vn 0.5701961517333984 -0.46204513311386112 -0.6792573928833008
vn 0.55622535943984984 -0.4839719235897064 -0.6755623817443848
vn 0.56556284427642824 -0.47376146912574768 -0.67504721879959104
vn 0.5686984062194824 -0.43737822771072384 -0.69662213325500488
vn 0.58037149906158448 -0.41606873273849488 -0.70003980398178104
vn 0.58066248893737792 -0.40942528843879696 -0.70370590686798096
vn 0.23944836854934692 0.82957786321640016 -0.50444525480270384
vn 0.65261161327362064 -0.06552115082740784 -0.75485432147979744
vn 0.4283775985240936 0.62608480453491208 -0.65154469013214112
vn 0.52164077758789064 -0.67617875337600712 -0.52026259899139408
vn 0.13626214861869812 0.87835431098937984 -0.45817717909812928
vn -0.59879010915756224 0.2974867820739746 0.74360740184783936
vn -0.48663580417633056 -0.3144230842590332 0.81506055593490608
vn -0.45844212174415592 -0.37773799896240232 0.8044531345367432
vn -0.55228751897811888 -0.10901103913784028 0.82649564743042
vn -0.51781767606735232 -0.2286754548549652 0.82436180114746096
vn -0.58484023809432984 0.06006614491343498 0.80892145633697504
vn -0.05703090876340866 0.96973186731338496 -0.23741868138313292
vn -0.30010962486267088 0.9483838081359864 0.10248128324747086
vn -0.56151211261749264 0.57653957605361936 0.59355390071868896
vn 0.06680924445390701 0.92056012153625488 -0.38484492897987368
vn 0.4898681342601776 0.45253133773803712 -0.74514734745025632
vn 0.1884842664003372 0.8520819544792176 -0.4882929623126984
vn 0.26723438501358032 0.77062469720840448 -0.57855278253555296
vn 0.18100680410861968 0.84668773412704464 -0.50035631656646728
vn 0.58955353498458864 -0.5271335244178772 -0.61201053857803344
vn 0.53569114208221432 0.34163343906402588 -0.772218644618988
vn 0.55038672685623168 0.2114562541246414 -0.80768847465515136
vn 0.58561736345291136 0.08470939844846725 -0.80614924430847168
vn 0.62005633115768432 -0.3146119713783264 -0.71871376037597656
vn 0.5970584750175476 -0.18357619643211364 -0.78091037273406976
vn 0.57848948240280152 -0.46253865957260128 -0.67186897993087768
vn 0.56105715036392208 -0.5484231114387512 -0.62003785371780392
vn 0.5943379998207092 -0.31846868991851808 -0.73847138881683344
vn 0.58830159902572632 -0.39002746343612672 -0.70836418867111208
vn 0.59706771373748776 -0.24929529428482056 -0.76247096061706544
vn 0.59130835533142088 -0.01113195624202489 -0.80636876821517952
vn 0.57673418521881104 0.06176024675369263 -0.81459397077560432
vn 0.58874100446701048 -0.03758445382118225 -0.80744749307632448
vn 0.59489858150482176 -0.12200778722763062 -0.79448711872100832
vn 0.64356887340545656 0.24816136062145232 -0.72404080629348752
vn 0.45014947652816776 0.62851428985595704 -0.63429898023605344
vn 0.52978724241256712 0.51369065046310424 -0.67486840486526488
vn 0.61368489265441896 0.19879433512687684 -0.76411497592926032
vn 0.60408937931060792 0.0511472299695015 -0.79527354240417488
vn 0.60343480110168456 -0.21131330728530884 -0.76890385150909424
vn 0.60207235813140872 -0.19747035205364228 -0.773637056350708
vn 0.59908896684646608 -0.18928100168704988 -0.77798783779144288
vn 0.5975050330162048 -0.19392029941082 -0.77806341648101808
vn 0.59355974197387696 -0.25682049989700316 -0.76271229982376096
vn 0.58705961704254152 -0.28730791807174684 -0.7568455338478088
vn 0.59385013580322264 -0.2687141001224518 -0.75837641954422
vn 0.59541296958923336 -0.27345809340476988 -0.75544959306716912
vn 0.59628027677536008 -0.2082398235797882 -0.77529740333557136
vn 0.58704471588134768 -0.28739678859710692 -0.75682336091995232
vn 0.63319373130798336 0.2891560196876526 -0.71795159578323368
vn 0.59520298242568968 -0.25888386368751524 -0.76073157787322992
vn 0.58310979604721072 -0.223617285490036 -0.78101104497909552
vn 0.593528151512146 -0.24726383388042448 -0.7658883333206176
vn 0.60162812471389768 -0.16045475006103516 -0.78249466419219968
vn 0.52893084287643432 -0.37455183267593384 -0.76153993606567376
vn 0.54894459247589112 -0.42755371332168576 -0.71823233366012576
vn 0.56435573101043704 -0.43683871626853944 -0.70048165321350096
vn 0.56543904542922976 -0.37912717461586 -0.732489824295044
vn 0.54848021268844608 -0.4996725022792816 -0.67044526338577272
vn 0.55135935544967648 -0.33677628636360168 -0.76327228546142576
vn 0.64929240942001344 -0.00015014319797046483 -0.7605388164520264
vn 0.62014502286911008 -0.08765842020511627 -0.77957433462142944
vn 0.68119871616363528 0.07911862432956696 -0.72781080007553104
vn 0.71588158607482912 0.14797663688659668 -0.68236094713211056
vn 0.84172588586807248 0.38451510667800904 -0.3790061175823212
vn 0.72996324300765984 0.42725601792335512 -0.53348475694656376
vn 0.71132099628448488 0.4632947146892548 -0.5285645127296448
vn 0.66365158557891848 0.3417135179042816 -0.66543102264404296
vn 0.64353692531585696 0.49876204133033752 -0.58060020208358768
vn 0.70337635278701784 0.36915919184684752 -0.60743987560272216
vn 0.78654056787490848 0.40917918086051944 -0.46252170205116272
vn 0.92533868551254272 0.33688870072364808 -0.17393754422664642
vn 0.88999950885772704 0.35809171199798584 -0.28226086497306824
vn 0.94194173812866208 0.3306768536567688 -0.05829735845327377
vn 0.86901432275772096 0.31161326169967652 -0.38433223962783816
vn 0.79213881492614752 0.25154489278793336 -0.55609464645385744
vn 0.75310635566711424 0.2054801434278488 -0.62498700618743896
vn 0.83153545856475824 0.28663215041160584 -0.47580546140670776
vn 0.925438106060028 0.33739912509918212 -0.17241264879703522
vn 0.90149813890457152 0.3278435468673706 -0.28252384066581728
vn 0.93890506029129024 0.33922594785690308 -0.0581640712916851
vn 0.19883552193641664 -0.60822719335556032 0.768455684185028
vn 0.9046648740768432 -0.0531514473259449 -0.42279598116874696
vn 0.68474584817886352 -0.53686118125915528 0.4928520917892456
vn 0.72340971231460576 -0.57309865951538088 0.385014683008194
vn 0.95551657676696784 -0.06142269819974899 -0.28847071528434752
vn 0.93858277797698976 -0.33313003182411192 0.0899261087179184
vn 0.97917699813842768 -0.19727362692356108 -0.04791110381484032
vn 0.9813697934150696 -0.19189001619815828 -0.00956820789724588
vn 0.86453390121459968 -0.454963892698288 0.21351586282253264
vn 0.94554412364959712 -0.32505902647972108 -0.01682097651064396
vn 0.8880383968353272 -0.44960683584213256 0.0961328148841858
vn 0.94113397598266608 -0.31265833973884584 -0.1284976750612259
vn 0.95234364271163936 -0.18070366978645324 -0.24573925137519836
vn 0.96276921033859248 -0.17650485038757324 -0.20474745333194732
vn 0.89901947975158688 -0.43679624795913696 -0.03119335323572159
vn 0.89905238151550288 -0.43759149312973024 -0.01478048600256443
vn 0.9239716529846192 -0.29565986990928648 -0.24261413514614104
vn 0.89451128244400032 -0.41554909944534304 -0.1648285984992981
vn 0.84444206953048704 -0.50321501493453976 -0.18355439603328704
vn 0.84453058242797856 -0.52702140808105472 0.09495528787374496
vn 0.400465190410614 -0.60105323791503904 0.69163763523101808
vn 0.4350246489048004 -0.64314752817153928 0.630170464515686
vn 0.54310750961303712 -0.58520436286926272 0.6021379232406616
vn 0.58213078975677488 -0.6259600520133972 0.51893901824951168
vn 0.82340800762176512 -0.5321770906448364 0.19694365561008452
vn 0.77032107114791872 -0.5787362456321716 0.26771214604377748
vn 0.71020328998565672 -0.61710107326507568 0.33881786465644836
vn 0.64468997716903688 -0.64653003215789792 0.40788936614990232
vn 0.32500708103179932 -0.63213157653808592 0.703406035900116
vn 0.57578969001770016 -0.6669301986694336 0.47293800115585328
vn 0.50557392835617064 -0.67881041765213016 0.53255182504653928
vn 0.39917886257171632 -0.68117600679397584 0.61372268199920656
vn 0.70228296518325808 -0.70334804058074952 0.11000053584575654
vn 0.62831896543502808 -0.68511933088302616 0.3685468137264252
vn 0.84573298692703248 -0.52979612350463864 -0.06365352869033813
vn 0.8457610607147216 -0.53158873319625856 -0.04584395512938499
vn 0.78829103708267216 -0.6136745810508728 -0.04473025351762771
vn 0.7483453750610352 -0.62151277065277096 0.23173482716083528
vn 0.83557426929473872 -0.546630859375 0.05486687272787094
vn 0.7445279955863952 -0.64036643505096432 0.1887032687664032
vn 0.76544743776321408 -0.63542234897613528 0.1016300693154335
vn 0.7807887196540832 -0.62472659349441528 0.00925168022513389
vn 0.6652976870536804 -0.70962351560592648 0.23197726905345916
vn 0.46091935038566592 -0.71705865859985352 0.52285772562026976
vn 0.63094520568847656 -0.70510500669479368 0.32362797856330872
vn 0.50559741258621216 -0.73835438489913936 0.44632276892662048
vn 0.5508064031600952 -0.75499600172042848 0.3557996451854706
vn 0.6951913237571716 -0.706865668296814 0.13057553768157958
vn 0.59429299831390384 -0.76419240236282352 0.25065073370933532
vn 0.8393807411193848 -0.4945872724056244 -0.22544053196907044
vn 0.84227514266967776 -0.49842250347137448 -0.20529881119728088
vn 0.80075734853744512 -0.03519616276025772 -0.59795391559600832
vn 0.87278687953948976 -0.26105716824531556 -0.412422388792038
vn 0.89149641990661616 -0.26199519634246828 -0.3695843815803528
vn 0.88275676965713504 -0.155512735247612 -0.44334667921066288
vn 0.87264537811279296 -0.38562771677970888 -0.29963535070419312
vn 0.83330923318862912 -0.34776359796524048 -0.42971640825271608
vn 0.76088857650756832 -0.20256218314170836 -0.61645531654357912
vn 0.770850956439972 -0.12249097228050232 -0.6251278519630432
vn 0.7459931373596192 -0.27929174900054932 -0.604557991027832
vn 0.77590316534042352 -0.288991779088974 -0.56076556444168088
vn 0.758438527584076 -0.38461601734161376 -0.52615725994110104
vn 0.7184245586395264 -0.695279598236084 0.02127094194293022
vn 0.80946600437164304 -0.4450325667858124 -0.38302841782569888
vn 0.78937351703643792 -0.60776358842849728 -0.08667716383934021
vn 0.79035043716430672 -0.5843999981880188 -0.18390983343124388
vn 0.77708196640014656 -0.5376151204109192 -0.32728219032287596
vn 0.78161466121673584 -0.5448142886161804 -0.3037366271018982
vn 0.7375100255012512 -0.64258337020874024 -0.20776323974132536
vn 0.63299393653869632 -0.76284623146057136 0.13184967637062072
vn 0.73298603296279904 -0.67387646436691288 -0.0928550586104393
vn 0.66342610120773312 -0.74823719263076784 0.00262509658932685
vn 0.68249911069869992 -0.71896398067474368 -0.13147544860839844
vn 0.731640875339508 -0.60239928960800168 -0.3190874457359314
vn 0.68848311901092528 -0.67569738626480104 -0.2634844183921814
vn 0.70539522171020504 -0.52925461530685424 -0.47149458527565
vn 0.68765521049499512 -0.31511253118515016 -0.6540904641151428
vn 0.73386228084564208 -0.46029379963874816 -0.4995755851268768
vn 0.66544777154922488 -0.3695087432861328 -0.64856964349746704
vn 0.6419939398765564 -0.41596832871437072 -0.64406067132949832
vn 0.6741284728050232 -0.59037744998931888 -0.44385275244712832
vn 0.67983889579772952 -0.604874849319458 -0.4146630764007568
vn 0.61841315031051632 -0.45411622524261472 -0.64136075973510744
vn 0.53846442699432376 -0.80849409103393552 0.2374727427959442
vn -0.13032908737659454 -0.48067134618759152 0.86716169118881232
vn 0.33195072412490844 -0.71291279792785648 0.6177087426185608
vn 0.03343340381979942 -0.5795259475708008 0.81426769495010368
vn 0.03982727974653244 -0.59212577342987064 0.80486077070236208
vn 0.09033741056919098 -0.57404506206512448 0.8138251900672912
vn 0.26946270465850832 -0.66618657112121584 0.69540297985076904
vn 0.15475775301456452 -0.63702422380447384 0.75514912605285648
vn -0.05629124864935875 -0.52536773681640624 0.84901118278503424
vn 0.13408932089805604 -0.68135541677474976 0.719565749168396
vn 0.43201911449432376 -0.77317065000534064 0.464291512966156
vn 0.25883966684341432 -0.72929173707962032 0.63335263729095456
vn 0.25653919577598572 -0.72718012332916256 0.63670766353607176
vn 0.38012486696243288 -0.74429106712341312 0.54912281036376952
vn 0.3172132670879364 -0.76977217197418208 0.5539193153381348
vn 0.48587331175804136 -0.79611855745315552 0.36072477698326112
vn 0.37750402092933656 -0.80609667301177984 0.4557399153709412
vn 0.21099588274955748 -0.75126254558563232 0.6253681778907776
vn 0.04071075841784477 -0.64441192150115968 0.76359409093856816
vn 0.11465294659137726 -0.72283917665481568 0.68143832683563232
vn 0.27438879013061524 -0.7994016408920288 0.5344789624214172
vn 0.17890752851963044 -0.78104621171951296 0.5982966423034668
vn -0.04276135563850403 -0.60267925262451168 0.79683703184127808
vn -0.3112086057662964 -0.31460309028625488 0.8967575430870056
vn -0.19761607050895692 -0.43295970559120176 0.87948495149612432
vn -0.2004176825284958 -0.42480748891830448 0.8828201293945312
vn -0.36940881609916688 -0.19238893687725068 0.90913343429565424
vn -0.29669615626335144 -0.37762486934661864 0.87713789939880368
vn -0.19006183743476868 -0.50586098432540896 0.84141618013381952
vn 0.0273596178740263 -0.6877606511116028 0.72542178630828864
vn -0.11884336173534394 -0.55676186084747312 0.82212680578231808
vn -0.05276646092534065 -0.64743739366531376 0.76028978824615472
vn 0.091244176030159 -0.75469785928726192 0.64969658851623536
vn 0.01022422593086957 -0.72240579128265376 0.69139379262924192
vn -0.12805068492889404 -0.60165619850158688 0.78842425346374512
vn -0.258786678314209 -0.44786021113395688 0.85583335161209104
vn -0.25474080443382264 -0.45597705245018008 0.85275554656982416
vn -0.20101222395896912 -0.54858064651489256 0.81157463788986208
vn -0.06608843803405762 -0.6846312880516052 0.72588723897933952
vn -0.14013190567493438 -0.64016026258468624 0.75535279512405392
vn 0.17077314853668212 -0.82440823316574096 0.53961801528930664
vn 0.64473557472229 -0.67831599712371824 -0.35242503881454468
vn 0.3454260230064392 -0.84190773963928224 0.41457468271255496
vn 0.6205947399139404 -0.78217548131942752 -0.05535005033016205
vn 0.44093808531761168 -0.83363419771194464 0.33260726928710936
vn 0.58511859178543088 -0.80516564846038816 0.09666691720485688
vn 0.50246804952621456 -0.844734251499176 0.1842550039291382
vn 0.55484765768051144 -0.83178752660751344 0.01653929241001606
vn 0.6408527493476868 -0.73877072334289552 -0.2086278945207596
vn 0.59096032381057736 -0.7911280393600464 -0.15774129331111908
vn 0.48847264051437376 -0.86882370710372928 0.08086945861577988
vn 0.25498315691947936 -0.83758711814880368 0.48314735293388368
vn 0.41966059803962704 -0.86902886629104608 0.2620568573474884
vn 0.33985981345176696 -0.88122844696044928 0.32852956652641296
vn 0.42435184121131896 -0.89534044265747072 0.13524413108825684
vn 0.5412394404411316 -0.83312654495239264 -0.113842211663723
vn 0.49412187933921816 -0.86573320627212528 -0.07968414574861526
vn 0.5709208846092224 -0.7643016576766968 -0.29982042312622072
vn 0.59570926427841184 -0.48380449414253232 -0.64114248752593992
vn 0.6072387099266052 -0.7260547280311584 -0.32265418767929076
vn 0.63426649570465088 -0.60710960626602176 -0.47866883873939512
vn 0.6052343249320984 -0.64562779664993288 -0.46567818522453312
vn 0.57474726438522336 -0.50501227378845216 -0.64391630887985232
vn 0.55625438690185544 -0.51775842905044552 -0.65000563859939576
vn 0.5376306176185608 -0.7930735349655152 -0.28633493185043336
vn 0.57650971412658688 -0.65341740846633912 -0.4905937314033508
vn 0.55391967296600344 -0.66879856586456296 -0.49586436152458192
vn 0.54083430767059328 -0.52203798294067384 -0.65952605009078976
vn 0.51919227838516232 -0.78123664855957024 -0.34656700491905212
vn 0.0191781036555767 -0.78091388940811152 0.6243441700935364
vn 0.36484545469284056 -0.9138976335525512 0.17798556387424468
vn 0.09255801141262054 -0.8050341606140136 0.58596336841583248
vn 0.26498493552207948 -0.88471353054046624 0.38349053263664248
vn 0.19591729342937468 -0.88252604007720944 0.42750933766365048
vn 0.31193625926971436 -0.92713850736618048 0.20762936770915984
vn 0.45197147130966184 -0.89014905691146848 -0.05793461948633194
vn 0.41721850633621216 -0.90734022855758672 -0.05159831047058105
vn 0.26768729090690612 -0.93754756450653072 0.2221442461013794
vn 0.13289618492126464 -0.87720847129821776 0.46135014295578
vn -0.05118979513645172 -0.75220417976379392 0.65693867206573488
vn 0.07597675174474716 -0.8709350228309632 0.4854891300201416
vn 0.43135792016983032 -0.88428682088851936 -0.17879371345043182
vn 0.23511141538619996 -0.94728803634643552 0.21764183044433592
vn 0.42990571260452272 -0.87110173702239984 -0.23740853369235992
vn 0.49177411198616024 -0.77023208141326912 -0.40607970952987672
vn 0.52898633480072024 -0.5177873373031616 -0.6723613739013672
vn 0.5012401342391968 -0.78311359882354736 -0.36809155344963072
vn 0.53566360473632816 -0.67320740222930912 -0.50976109504699704
vn 0.52268630266189576 -0.6654644012451172 -0.53287535905838016
vn 0.52112072706222536 -0.50488215684890744 -0.68813312053680416
vn 0.51723307371139528 -0.45475694537162784 -0.72502827644348144
vn 0.518521785736084 -0.58409941196441648 -0.62447017431259152
vn 0.51132190227508544 -0.68538069725036624 -0.51846230030059816
vn 0.49204722046852112 -0.73821085691452032 -0.4614479839801788
vn 0.28177133202552796 0.01659964397549629 -0.95933800935745232
vn 0.51005607843399048 -0.29451578855514528 -0.8081480264663696
vn 0.57614165544509888 -0.21668046712875368 -0.78810554742813104
vn 0.6106577515602112 -0.13482539355754852 -0.78033280372619632
vn 0.6230042576789856 -0.08381819725036621 -0.77771472930908208
vn 0.59444510936737064 -0.17946302890777588 -0.78385460376739504
vn 0.53954350948333744 -0.2685536742210388 -0.79797977209091184
vn 0.55739563703536984 -0.24624916911125184 -0.79288804531097408
vn 0.52355331182479856 -0.28434276580810548 -0.80314451456069952
vn 0.4276306927204132 -0.09835662692785264 -0.898586630821228
vn 0.44689032435417176 -0.06618139147758484 -0.89213734865188592
vn 0.45518887042999264 -0.04253989458084106 -0.88937813043594368
vn 0.43710801005363464 -0.08475489169359207 -0.89540672302246096
vn 0.414264053106308 -0.11400283873081208 -0.90298873186111456
vn 0.41976168751716616 -0.10775581002235412 -0.90121519565582272
vn 0.4114689528942108 -0.11814330518245698 -0.90373414754867552
vn 0.41142851114273072 -0.12107055634260178 -0.90336507558822624
vn 0.48597496747970584 -0.2954091429710388 -0.82253372669219968
vn 0.49182268977165224 -0.3015179932117462 -0.81682151556015008
vn 0.49941837787628176 -0.29997161030769348 -0.81277197599411008
vn 0.48733797669410704 -0.29982542991638184 -0.82012587785720832
vn 0.49595758318901064 -0.27070420980453492 -0.82507288455963136
vn 0.48772630095481872 -0.2886260151863098 -0.82390415668487552
vn 0.43632355332374576 -0.13186195492744446 -0.89007538557052608
vn 0.41917032003402712 -0.1258765310049057 -0.89913922548294064
vn 0.41404688358306888 -0.1234799548983574 -0.90184140205383296
vn 0.4266406297683716 -0.12860198318958282 -0.89523142576217648
vn 0.47004073858261112 -0.142784982919693 -0.87101900577545168
vn 0.44812160730361936 -0.13574561476707458 -0.88360631465911872
vn 0.3384467363357544 -0.00779803143814206 -0.94095325469970704
vn 0.0936882346868515 0.01631203480064869 -0.9954679608345032
vn 0.08931291103363037 0.01553900260478258 -0.9958823919296264
vn 0.29395097494125368 -0.0001204342843266204 -0.95582050085067744
vn 0.28159013390541076 -0.00141522346530109 -0.95953375101089472
vn 0.27842473983764648 -0.001723846886307 -0.96045649051666256
vn 0.2867654263973236 -0.00065808882936835 -0.95800060033798224
vn 0.31349262595176696 -0.00154103175736963 -0.94958937168121344
vn 0.3029446005821228 -0.0003074846463277936 -0.95300811529159552
vn 0.32537734508514404 -0.00400456506758928 -0.94557577371597296
vn 0.18735399842262268 0.08340023458003998 -0.97874557971954352
vn 0.16770100593566894 0.08755917847156525 -0.98194181919097904
vn 0.12216513603925704 0.06047173961997032 -0.99066585302352912
vn 0.08898799121379852 0.03984123468399048 -0.995235562324524
vn 0.1101321503520012 0.04487057775259018 -0.99290359020233152
vn 0.14999927580356598 0.07204155623912811 -0.98605793714523312
vn 0.23279806971549988 0.08333612233400345 -0.96894794702529904
vn 0.20610241591930388 0.08869897574186325 -0.97450208663940432
vn 0.25845101475715636 0.07928647845983505 -0.96276515722274784
vn 0.2829458713531494 0.07268161326646805 -0.9563781023025512
vn 0.4015328586101532 -0.03714415803551674 -0.91509109735488896
vn 0.36784306168556216 -0.01958152465522289 -0.929681658744812
vn 0.35261359810829164 -0.01297822501510381 -0.93567901849746704
vn 0.38413906097412112 -0.02763274125754833 -0.92286163568496704
vn 0.45070847868919376 -0.06790947169065475 -0.8900843262672424
vn 0.42007470130920408 -0.04810726642608643 -0.90621352195739744
vn 0.37391731142997744 0.03088028728961944 -0.926947832107544
vn 0.39932185411453248 -0.00637815613299608 -0.916788637638092
vn 0.32736337184906004 0.05753355473279953 -0.94314533472061152
vn 0.316048264503479 0.06104715168476105 -0.94677704572677616
vn 0.30286499857902528 0.0697944164276123 -0.9504743814468384
vn 0.36281746625900272 0.03622743114829063 -0.93115574121475216
vn 0.4353618323802948 -0.01539679616689682 -0.90012389421463008
vn 0.43352231383323672 -0.0052002971060574 -0.90112781524658208
vn 0.41241806745529176 0.00298091792501509 -0.91098982095718384
vn 0.35031253099441528 0.04567844793200493 -0.93551838397979744
vn 0.30293789505958556 0.06836352497339249 -0.95055514574050896
vn 0.35039782524108888 0.03053272143006325 -0.9361031651496888
vn 0.39883810281753544 0.01158941350877285 -0.91694813966751104
vn 0.41983744502067568 -0.04488842189311981 -0.90648859739303584
vn 0.44986602663993832 -0.0628630518913269 -0.8908808827400208
vn 0.38353386521339416 -0.02373543940484524 -0.9232217669487
vn 0.35151052474975584 -0.00882477313280105 -0.93614232540130608
vn 0.36700424551963808 -0.01550890039652586 -0.93008995056152336
vn 0.40112870931625368 -0.03352503105998039 -0.91540801525115968
vn 0.28176614642143248 0.07661371678113937 -0.95641946792602544
vn 0.25688543915748596 0.08329053223133087 -0.9628461003303528
vn 0.2149590849876404 0.07653995603322983 -0.9736191630363464
vn 0.22776301205158232 0.09330298751592636 -0.96923607587814336
vn 0.14295488595962524 0.07839109003543854 -0.98661983013153072
vn 0.10006873309612274 0.03370676189661026 -0.99440944194793696
vn 0.13107138872146606 0.0548078641295433 -0.98985677957534784
vn 0.1708252727985382 0.08211869746446609 -0.98187333345413216
vn 0.323677659034729 1.3941217730462085E-05 -0.94616740942001344
vn 0.30067947506904604 0.00308936508372426 -0.95372027158737184
vn 0.31149056553840636 0.00223621726036071 -0.95024663209915168
vn 0.2843414545059204 0.00153968075755983 -0.95872181653976448
vn 0.27688375115394592 -0.00100528670009225 -0.96090286970138544
vn 0.27943962812423708 3.0211867851903662E-05 -0.96016329526901248
vn 0.291518896818161 0.00274597108364105 -0.95656114816665648
vn 0.10452785342931748 0.00342018995434045 -0.99451607465744016
vn 0.33705338835716248 -0.00365943787619471 -0.94147843122482304
vn 0.44788494706153872 -0.1334671825170517 -0.88407331705093376
vn 0.46964195370674136 -0.14012345671653748 -0.87166613340377808
vn 0.42611628770828248 -0.12575574219226838 -0.89588528871536256
vn 0.41323471069335936 -0.12067829817533494 -0.90259283781051632
vn 0.4184967577457428 -0.12298671156167984 -0.89985263347625728
vn 0.43594813346862792 -0.12921065092086792 -0.89064800739288336
vn 0.48941814899444584 -0.29330801963806152 -0.82124310731887824
vn 0.49866324663162232 -0.28261086344718932 -0.81943035125732416
vn 0.48914203047752384 -0.30358532071113588 -0.81766498088836672
vn 0.50145655870437624 -0.3030990958213806 -0.81035315990448
vn 0.49373126029968264 -0.30494511127471924 -0.81439417600631712
vn 0.48770609498023984 -0.2995736300945282 -0.81999903917312624
vn 0.41050070524215696 -0.11847249418497086 -0.90413129329681392
vn 0.41046264767646792 -0.11584728956222534 -0.9044886827468872
vn 0.41876643896102904 -0.10626320540904998 -0.90185517072677616
vn 0.4132311642169952 -0.1120855137705803 -0.90370172262191776
vn 0.43638506531715392 -0.08408190310001373 -0.89582270383834832
vn 0.45487636327743528 -0.04238678887486458 -0.88954532146453856
vn 0.44636905193328856 -0.06581752747297287 -0.8924251794815064
vn 0.42674177885055544 -0.09729418158531188 -0.89912474155426032
vn 0.52586781978607176 -0.2868337631225586 -0.80074304342269904
vn 0.55983018875122072 -0.24790762364864348 -0.79065287113189696
vn 0.541955292224884 -0.27065739035606384 -0.795631229877472
vn 0.5965363383293152 -0.1801491677761078 -0.7821065783500672
vn 0.62407928705215456 -0.08381646126508713 -0.77685248851776128
vn 0.61232352256774904 -0.13509432971477508 -0.77897971868515008
vn 0.57848215103149416 -0.21785211563110352 -0.78606539964675904
vn 0.4592110514640808 -0.01938485354185104 -0.888115644454956
vn 0.51223629713058472 -0.29734119772911072 -0.80573081970214848
vn 0.34609901905059816 -0.0102086653932929 -0.93814241886138912
vn 0.47245803475379944 -0.79691928625106816 -0.37643462419509888
vn 0.51641410589218136 -0.60450243949890136 -0.6065421104431152
vn 0.52009868621826168 -0.50660580396652224 -0.6876394152641296
vn 0.52378666400909424 -0.52668660879135128 -0.66951382160186768
vn 0.51950931549072264 -0.70100587606430056 -0.48857024312019352
vn 0.5340255498886108 -0.70339792966842648 -0.46909275650978088
vn 0.48757833242416384 -0.8209111094474792 -0.29727485775947572
vn 0.53217470645904544 -0.53725320100784304 -0.65433102846145632
vn 0.47466781735420224 -0.81716626882553104 -0.32700109481811524
vn 0.38219809532165528 -0.9182924032211304 -0.1032649651169777
vn 0.31164157390594484 -0.94829571247100832 0.06012299656867981
vn 0.39270141720771792 -0.91738718748092656 -0.06470169126987457
vn 0.15696465969085694 -0.92141348123550416 0.35547056794166564
vn 0.01421540323644876 -0.8201884627342224 0.5719167590141296
vn 0.1958032101392746 -0.91421014070510864 0.35479703545570372
vn 0.32625529170036316 -0.94042688608169552 0.09568038582801818
vn 0.44736447930336 -0.88203907012939456 -0.14789223670959472
vn 0.47461763024330136 -0.8691330552101136 -0.1390894204378128
vn 0.3571138381958008 -0.92833864688873296 0.10323308408260346
vn 0.2460995763540268 -0.90887016057968144 0.3367343842983246
vn 0.30534768104553224 -0.902314841747284 0.30428725481033324
vn 0.13848638534545898 -0.84419262409210208 0.51784199476242064
vn 0.39953199028968808 -0.91227334737777712 0.09017498791217804
vn 0.07340015470981598 -0.83243262767791744 0.54924339056015016
vn 0.50922048091888424 -0.81220650672912592 -0.28463137149810792
vn 0.54454529285430912 -0.53914761543273928 -0.64248758554458616
vn 0.5538978576660156 -0.6942991018295288 -0.45950618386268616
vn 0.57802814245224 -0.67482382059097288 -0.45879876613616944
vn 0.54404783248901368 -0.76726317405700688 -0.33958676457405092
vn 0.56044965982437136 -0.53255718946456912 -0.63425475358963016
vn 0.57935202121734616 -0.5175791382789612 -0.6296531558036804
vn 0.60236233472824096 -0.62783819437026976 -0.49292886257171632
vn 0.63030934333801272 -0.59257036447525024 -0.50156807899475096
vn 0.60766714811325072 -0.70777744054794312 -0.36026617884635924
vn 0.60061347484588624 -0.49423578381538392 -0.6284858584403992
vn 0.5741180777549744 -0.74257409572601312 -0.34492331743240356
vn 0.51026487350463864 -0.8471988439559936 -0.14793191850185394
vn 0.55178064107894896 -0.81629258394241328 -0.17089344561100006
vn 0.45038959383964536 -0.89076608419418336 0.06070404872298241
vn 0.37199008464813232 -0.8914853930473328 0.25860631465911864
vn 0.44441941380500792 -0.87313747406005856 0.20030564069747924
vn 0.28823697566986084 -0.85828298330307008 0.424581915140152
vn 0.50710403919219968 -0.86170476675033568 0.01761847175657749
vn 0.59675157070159912 -0.77582228183746336 -0.2049080729484558
vn 0.64276051521301272 -0.72515845298767088 -0.24699015915393828
vn 0.5670467019081116 -0.82287150621414192 -0.03661287203431129
vn 0.52038735151290896 -0.84392678737640384 0.13032487034797668
vn 0.59672605991363528 -0.8008471727371216 0.05061443522572517
vn 0.4625506401062012 -0.84036654233932496 0.2825438380241394
vn 0.62730604410171512 -0.77242904901504512 -0.09919943660497666
vn 0.37291941046714784 -0.85514271259307856 0.3600861132144928
vn 0.64292824268341064 -0.66314560174942016 -0.38325074315071104
vn 0.2099875509738922 -0.8535987734794616 0.4767330586910248
vn -0.09266258031129838 -0.70395171642303464 0.70417726039886472
vn -0.02375172823667526 -0.73594701290130608 0.67662239074707032
vn -0.16714094579219818 -0.60199880599975584 0.78080815076828
vn -0.21912620961666108 -0.51958167552948 0.82584416866302496
vn -0.0958944857120514 -0.647041380405426 0.75640046596527104
vn 0.04835087433457375 -0.76382535696029664 0.64360934495925904
vn 0.12570741772651672 -0.7877894043922424 0.60298049449920656
vn -0.02226988412439823 -0.68594098091125488 0.7273163199424744
vn -0.10060027241706848 -0.5855267643928528 0.80438673496246336
vn 0.05626653879880905 -0.72015804052352904 0.69152474403381344
vn -0.17187309265136718 -0.53784608840942384 0.82533705234527584
vn -0.24825668334960936 -0.40911796689033512 0.87806099653244016
vn -0.16708283126354218 -0.48667520284652712 0.85745584964752192
vn -0.2944985330104828 -0.34980127215385436 0.88933104276657104
vn -0.02453989349305629 -0.62837105989456176 0.77752661705017088
vn 0.20987235009670256 -0.8067163825035096 0.55241495370864872
vn 0.30164414644241332 -0.8181635737419128 0.48950907588005064
vn 0.14189670979976654 -0.74953818321228032 0.64657390117645264
vn 0.05883526057004929 -0.66707593202590944 0.74266284704208368
vn 0.23625175654888152 -0.77237141132354736 0.58959943056106568
vn 0.40051087737083432 -0.8183401823043824 0.41220191121101376
vn 0.50392705202102664 -0.80241948366165168 0.31965681910514832
vn 0.33983576297760008 -0.7852339148521424 0.51760923862457272
vn 0.39902442693710328 -0.75626933574676512 0.51849412918090824
vn 0.21433632075786592 -0.69109946489334104 0.69024741649627688
vn 0.45106944441795352 -0.78300309181213376 0.42830187082290648
vn 0.15192970633506774 -0.70086699724197384 0.69692385196685792
vn -0.05069616064429283 -0.5380820035934448 0.8413665294647216
vn 0.1682111918926239 -0.65177422761917112 0.73952376842498784
vn 0.282821387052536 -0.67861872911453248 0.67785596847534176
vn 0.10057775676250458 -0.58647948503494264 0.80369520187377936
vn -0.00243572588078677 -0.53459692001342776 0.84510368108749392
vn 0.3499611020088196 -0.72591000795364384 0.59209960699081424
vn -0.12518107891082764 -0.49387073516845704 0.8604774475097656
vn 0.55403828620910648 -0.80989629030227664 0.19263850152492524
vn 0.62347275018692016 -0.46252036094665528 -0.630362331867218
vn 0.65911239385604856 -0.5480250716209412 -0.51501393318176272
vn 0.64703297615051272 -0.42247003316879272 -0.63471841812133792
vn 0.67026311159133912 -0.37425965070724488 -0.64084094762802128
vn 0.72859680652618416 -0.45428335666656496 -0.51261419057846072
vn 0.69202607870101928 -0.3183046281337738 -0.64790594577789304
vn 0.70020937919616696 -0.5208681225776672 -0.48826548457145688
vn 0.68742287158966064 -0.66407364606857296 -0.29403412342071532
vn 0.7285619974136352 -0.5930205583572388 -0.34281787276268004
vn 0.68477904796600344 -0.70942175388336184 -0.16672861576080322
vn 0.66949838399887088 -0.74196767807006832 -0.03543886169791221
vn 0.73465633392333984 -0.6671810746192932 -0.12308313697576522
vn 0.64266979694366456 -0.76045036315917968 0.09322413802146912
vn 0.73655009269714352 -0.63415849208831784 -0.23523810505867004
vn 0.7644509673118592 -0.51320064067840576 -0.39017921686172488
vn 0.78901475667953488 -0.57849204540252688 -0.20688821375370024
vn 0.78993779420852656 -0.60300832986831664 -0.11126165091991424
vn 0.8051117062568664 -0.44099110364913944 -0.3966383934020996
vn 0.72290641069412224 -0.6908676624298096 -0.0104039330035448
vn 0.75351935625076288 -0.38066875934600832 -0.53600358963012696
vn 0.70743727684021 -0.25347664952278136 -0.6597591042518616
vn 0.76891052722930912 -0.12256759405136108 -0.62749803066253664
vn 0.75775933265686032 -0.20213066041469572 -0.62043851613998416
vn 0.82928150892257696 -0.34542772173881532 -0.43928566575050352
vn 0.86947995424270624 -0.38356566429138184 -0.31125870347023012
vn 0.88077825307846064 -0.15575863420963288 -0.44717890024185184
vn 0.84618711471557616 -0.24720142781734468 -0.47207921743392944
vn 0.77487945556640624 -0.04086669161915779 -0.630786657333374
vn 0.83104950189590448 -0.4795280396938324 -0.28179708123207092
vn 0.60685586929321288 -0.76559919118881232 0.21350377798080444
vn 0.70231425762176512 -0.70497375726699832 0.09882642328739166
vn 0.56528490781784056 -0.7596301436424256 0.32158195972442628
vn 0.52103227376937864 -0.74540561437606816 0.41580745577812192
vn 0.64187169075012208 -0.70778846740722656 0.29501906037330628
vn 0.47652301192283632 -0.72570693492889408 0.4962612688541412
vn 0.67461711168289184 -0.71017444133758544 0.2013554871082306
vn 0.78334522247314448 -0.62137705087661744 -0.01614964567124843
vn 0.76990777254104608 -0.63358873128890992 0.07620585709810257
vn 0.75065821409225456 -0.640022337436676 0.1639624685049057
vn 0.83770930767059328 -0.54497188329696656 0.03533783182501793
vn 0.69569569826126096 -0.65805947780609128 0.28803688287734984
vn 0.84558826684951776 -0.51968008279800416 -0.12211932986974716
vn 0.57067465782165528 -0.70687872171401976 0.41791501641273496
vn 0.41166216135025024 -0.69073885679244992 0.59448641538619992
vn 0.5090700387954712 -0.68252545595169064 0.52441078424453736
vn 0.57890236377716064 -0.67002767324447632 0.46468806266784664
vn 0.33574643731117248 -0.64148592948913576 0.68976092338562008
vn 0.64731967449188232 -0.64901602268218992 0.39969420433044432
vn 0.71228003501892088 -0.61901974678039552 0.33086511492729188
vn 0.77182042598724368 -0.58016645908355712 0.2601924240589142
vn 0.82435768842697136 -0.5332205295562744 0.19002707302570344
vn 0.64974510669708248 -0.6028558015823364 0.46302935481071472
vn 0.50174278020858768 -0.6355076432228088 0.58684259653091432
vn 0.80257898569107056 -0.57702034711837768 0.15137524902820588
vn 0.89271634817123408 -0.41406029462814328 -0.17779664695262908
vn 0.92192983627319328 -0.29496654868125916 -0.25107795000076292
vn 0.89896625280380256 -0.43108242750167848 -0.07763773947954178
vn 0.93779003620147712 -0.17548955976963044 -0.29958844184875488
vn 0.94000607728958128 -0.31226366758346556 -0.137404203414917
vn 0.88933110237121584 -0.44964516162872312 0.08312294632196426
vn 0.9453687071800232 -0.32498937845230104 -0.02568882331252098
vn 0.86701244115829472 -0.45567566156387328 0.20161624252796172
vn 0.975771963596344 -0.19437786936759948 -0.1004304587841034
vn 0.93926542997360224 -0.3333643078804016 0.0815398246049881
vn 0.95889949798583984 -0.05962138995528221 -0.27741137146949768
vn 0.78304916620254512 -0.53222018480300904 0.32183170318603516
vn 0.8861395716667176 -0.05597949773073196 -0.4600249230861664
vn 0.20955348014831544 -0.6193750500679016 0.75661212205886848
vn 0.93536049127578736 0.34896591305732728 -0.05764995142817497
vn 0.89399480819702144 0.34730851650238036 -0.28310781717300416
vn 0.92000472545623776 0.35153660178184508 -0.17324350774288178
vn 0.82367706298828128 0.30871891975402832 -0.47565612196922304
vn 0.74851262569427488 0.2212776392698288 -0.62511205673217776
vn 0.7856136560440064 0.2715274691581726 -0.55595332384109496
vn 0.8607447743415832 0.33360663056373596 -0.38448023796081544
vn 0.93517851829528816 0.34907093644142152 -0.05992159247398376
vn 0.85890460014343264 0.42683884501457216 -0.28300446271896364
vn 0.90596348047256464 0.38477686047554016 -0.17656999826431274
vn 0.736775815486908 0.50200849771499632 -0.45293360948562624
vn 0.66418910026550296 0.45686203241348264 -0.59171777963638304
vn 0.55268526077270504 0.64005160331726072 -0.53373485803604128
vn 0.62627953290939328 0.43143466114997864 -0.6493366360664368
vn 0.62878584861755368 0.60025894641876224 -0.4942849576473236
vn 0.8003259897232056 0.46749502420425416 -0.37540203332901
vn 0.7134689688682556 0.15758191049098968 -0.68273711204528808
vn 0.68086683750152584 0.08069825917482376 -0.7279478907585144
vn 0.62246698141098024 -0.1053863987326622 -0.77551823854446416
vn 0.65061813592910768 -0.00797370821237564 -0.75936317443847664
vn 0.57056277990341184 -0.2448057234287262 -0.78391849994659424
vn 0.57813805341720584 -0.2838362455368042 -0.76497930288314816
vn 0.54517614841461184 -0.49192342162132264 -0.67881828546524048
vn 0.53070616722106936 -0.43204438686370848 -0.72916978597640992
vn 0.58708089590072632 -0.25233682990074156 -0.76919573545455936
vn 0.60110342502593992 0.37648558616638184 -0.70493495464324952
vn 0.58731281757354736 -0.30673852562904356 -0.7489827275276184
vn 0.59179580211639408 -0.30384454131126404 -0.74662989377975456
vn 0.60057765245437624 -0.0877656415104866 -0.79473501443862912
vn 0.5990058779716492 0.07771415263414383 -0.79696452617645264
vn 0.59220027923583984 0.27156853675842284 -0.7586497068405152
vn 0.5285325050354004 0.54781693220138552 -0.64849829673767088
vn 0.59526020288467408 -0.12330067902803422 -0.79401654005050656
vn 0.58896428346633912 -0.03896627202630043 -0.80721914768218992
vn 0.56807214021682736 0.12405313551425934 -0.8135753273963928
vn 0.59765017032623288 -0.25224363803863524 -0.76104360818862912
vn 0.58877950906753544 -0.39457136392593384 -0.70544463396072384
vn 0.5949155688285828 -0.32224881649017332 -0.73636347055435184
vn 0.55010634660720824 -0.59730660915374752 -0.5836161375045776
vn 0.57877063751220704 -0.46771484613418576 -0.66803246736526488
vn 0.5975631475448608 -0.1856810450553894 -0.78002613782882688
vn 0.10757166147232056 0.89933031797409056 -0.42383167147636416
vn 0.11965710669755936 0.89599645137786864 -0.42763596773147584
vn 0.3385314643383026 0.7079263925552368 -0.6198682188987732
vn -0.05840665847063065 0.9700968265533448 -0.2355860471725464
vn -0.5664750933647156 0.56257295608520504 0.60217744112014768
vn -0.45901656150817872 0.80982071161270144 0.36536857485771176
vn -0.22468082606792448 0.97433918714523312 -0.01347776781767606
vn -0.5848446488380432 0.06081196293234825 0.80886256694793696
vn -0.51744884252548216 -0.23214410245418548 0.82362359762191776
vn -0.55211091041564944 -0.11135809868574142 0.82630074024200432
vn -0.43453887104988096 -0.43554443120956424 0.78833812475204464
vn -0.48623245954513552 -0.318091481924057 0.81387698650360112
vn -0.59963417053222656 0.29059621691703796 0.74564915895462032
vn 0.04258198291063308 0.93400400876998896 -0.35471576452255248
vn 0.50168412923812864 -0.72710275650024416 -0.46865186095237728
vn 0.48959603905677792 0.53593850135803224 -0.68779766559600832
vn 0.5887393951416016 -0.32957565784454344 -0.73808252811431888
vn 0.58036410808563232 -0.3447619080543518 -0.73777824640274048
vn 0.54693686962127688 -0.54884272813797 -0.6321642994880676
vn 0.56372869014739992 -0.51082789897918704 -0.64904916286468504
vn 0.53589040040969848 -0.61963909864425656 -0.5734708905220032
vn 0.46597287058830264 -0.78715252876281744 -0.4040547311306
vn 0.4858388602733612 -0.74112820625305168 -0.46334612369537352
vn 0.4250923991203308 -0.85564982891082768 -0.29522839188575744
vn 0.23457498848438264 -0.96621519327163696 0.10678387433290482
vn 0.39095467329025272 -0.90336078405380256 -0.17633415758609772
vn 0.30683845281600952 -0.94943076372146608 -0.06656838953495026
vn 0.37676581740379336 -0.899764597415924 -0.22016163170337676
vn 0.25853067636489868 -0.96593052148818976 -0.01183937862515449
vn 0.29117584228515624 -0.95470756292343136 -0.06123817712068558
vn -0.36510309576988224 -0.53127568960189816 0.76449060440063472
vn -0.2186080515384674 -0.730087161064148 0.6474435925483704
vn 0.22596143186092376 -0.97106760740280144 0.07726025581359863
vn 0.14448554813861846 -0.9546828866004944 0.26020079851150512
vn -0.08594697713851929 -0.80261969566345216 0.59026664495468136
vn 0.1351156085729599 -0.93390882015228272 0.3309955894947052
vn -0.11963251233100892 -0.80784314870834352 0.57712870836257936
vn 0.32112219929695128 -0.94688367843627936 -0.0170837752521038
vn -0.39498034119606016 -0.50685739517211912 0.76621544361114496
vn 0.48249384760856632 -0.75327479839324944 -0.44696393609046936
vn 0.47901734709739688 0.67557036876678464 -0.56048828363418576
vn 0.93486148118972784 0.34935110807418824 -0.06314928084611893
vn 0.81363582611083984 0.50641483068466184 -0.28555351495742796
vn 0.88960021734237664 0.41839873790740968 -0.18317729234695436
vn 0.63381588459014896 0.65173703432083128 -0.41655284166336056
vn 0.39295953512191776 0.80827850103378288 -0.43848446011543272
vn 0.5196542739868164 0.73022556304931648 -0.44354259967803952
vn 0.55000054836273192 0.7396548986434936 -0.38782724738121032
vn 0.20906737446784972 0.924541175365448 -0.31861326098442076
vn 0.39220854640007016 0.837702751159668 -0.3800348937511444
vn 0.2430288791656494 0.88880801200866704 -0.38853216171264648
vn 0.68706357479095456 0.63496601581573488 -0.35321635007858276
vn 0.93439567089080816 0.34981065988540648 -0.06735929101705551
vn 0.7589498162269592 0.58278536796569824 -0.29044166207313536
vn 0.87088692188262944 0.45202359557151792 -0.19295236468315124
vn 0.45912924408912656 0.81412631273269648 -0.3555259108543396
vn -0.03284252434968948 0.98664939403533936 -0.15951283276081086
vn -0.01459703594446182 0.9824607968330384 -0.1858971267938614
vn -0.11824613064527512 0.98902589082717888 -0.08857540041208267
vn -0.00709143746644258 0.98638164997100832 -0.16431955993175506
vn 0.26015764474868776 0.91411352157592768 -0.31098943948745728
vn 0.36642384529113768 0.87305372953414912 -0.3217308819293976
vn -0.05560362339019775 0.9877175688743592 -0.14602118730545044
vn -0.18950554728507996 0.98145610094070432 -0.02883607894182205
vn -0.12570984661579132 0.98808902502059936 -0.08875340968370438
vn -0.13851386308670044 0.98795020580291744 -0.06905309855937958
vn 0.13622565567493438 0.96013426780700688 -0.24409978091716768
vn -0.10958297550678254 0.98877197504043584 -0.10159507393836976
vn 0.57312363386154176 0.74845439195632928 -0.33368447422981264
vn 0.27093765139579772 0.87157088518142704 -0.40860363841056824
vn 0.23126812279224396 0.86920136213302608 -0.43704009056091312
vn 0.04606292396783829 0.9630242586135864 -0.26544779539108276
vn 0.1860254555940628 0.89350944757461552 -0.40869960188865664
vn 0.092095248401165 0.95141482353210448 -0.29381671547889708
vn 0.0524720661342144 0.95460659265518192 -0.29321148991584776
vn 0.00655555306002497 0.96968442201614384 -0.24427267909049988
vn -0.1050422191619873 0.98515927791595456 -0.13574737310409546
vn -0.02077569253742694 0.97820204496383664 -0.20661358535289764
vn -0.0698774978518486 0.98026442527770992 -0.18492905795574188
vn -0.4657970070838928 0.80367439985275264 0.37032496929168704
vn -0.33045214414596556 0.93158978223800656 0.15146562457084656
vn -0.18920065462589264 0.98103576898574832 -0.04209424555301666
vn -0.56097877025604248 0.60089904069900512 0.56940597295761112
vn -0.59946179389953616 0.36949104070663456 0.71001541614532472
vn -0.58708447217941288 0.48490628600120544 0.64822655916213992
vn -0.5778867602348328 0.05131171271204948 0.81450229883193968
vn -0.60122936964035032 0.2467152327299118 0.76003611087799072
vn -0.52009040117263792 0.70971357822418216 0.475197434425354
vn -0.37009987235069272 0.90586566925048832 0.20599386096000672
vn -0.53023290634155272 0.6990841627120972 0.47972321510314944
vn -0.45910036563873288 0.81817555427551264 0.3461439609527588
vn -0.60495322942733768 0.37718498706817624 0.70125824213027952
vn -0.60357028245925904 0.25734838843345644 0.75463551282882688
vn -0.59153491258621216 0.50540357828140256 0.62821465730667112
vn -0.5511125922203064 -0.06233019009232521 0.83209967613220208
vn -0.16636666655540466 0.98414462804794304 -0.06149419024586678
vn -0.06172873079776764 0.98681992292404176 -0.14958591759204864
vn -0.1936776638031006 0.98078423738479616 -0.02347884327173233
vn -0.21170835196971892 0.977323830127716 0.00420731818303465
vn -0.0318065844476223 0.982772707939148 -0.18206086754798888
vn -0.3190045654773712 0.94026750326156624 0.11888276040554046
vn -0.17305007576942444 0.9837454557418824 -0.04794328659772873
vn -0.36092096567153928 0.91374772787094112 0.1865506023168564
vn -0.49704968929290768 0.77060490846633904 0.39888554811477664
vn -0.54615974426269528 0.67478275299072264 0.49636456370353696
vn -0.57997381687164304 0.570589542388916 0.58142751455307008
vn -0.59924668073654176 0.46456101536750792 0.65198659896850584
vn -0.5935581922531128 0.54284304380416872 0.59414654970169064
vn -0.60619580745697024 0.36200299859046936 0.70815289020538328
vn -0.61090409755706784 0.38546946644783024 0.69152694940567016
vn -0.46468847990036008 0.82072043418884272 0.3323892056941986
vn -0.57378935813903808 0.05512991920113564 0.81714534759521488
vn -0.49555617570877072 -0.2324451506137848 0.83689504861831664
vn -0.424787163734436 -0.37567284703254696 0.82366609573364256
vn -0.49712392687797544 -0.17072771489620208 0.85071724653244016
vn -0.3167695999145508 -0.53981953859329224 0.77990502119064336
vn -0.23306186497211456 -0.61638396978378296 0.75216555595397952
vn -0.31550320982933044 -0.47416451573371888 0.82196456193923952
vn -0.1610722541809082 -0.66589474678039552 0.72845035791397088
vn -0.40243723988533024 -0.36423274874687192 0.83986830711364752
vn -0.53861540555953976 -0.03735547512769699 0.8417232632637024
vn -0.31651693582534792 -0.40454569458961488 0.8579975366592408
vn -0.47734615206718448 -0.15488754212856292 0.86495691537857056
vn -0.239019975066185 -0.54708087444305416 0.80222940444946288
vn -0.5887635350227356 0.15292713046073914 0.7937069535255432
vn -0.15850836038589478 0.98589831590652464 -0.0536622442305088
vn -0.22740493714809416 0.9736639857292176 0.01629109866917133
vn -0.29509299993515016 0.95107430219650272 0.09153052419424058
vn -0.35971567034721376 0.91737228631973264 0.17038995027542114
vn -0.369149386882782 0.91311573982238768 0.17305590212345124
vn -0.4193077385425568 0.87253761291503904 0.25071713328361512
vn -0.47206556797027584 0.81742841005325312 0.33009830117225648
vn -0.52084660530090336 0.74481731653213504 0.41709232330322264
vn -0.54267650842666624 0.71843051910400392 0.43515491485595704
vn -0.4684303402900696 0.82802587747573856 0.30813330411911012
vn -0.58207237720489504 0.59447258710861208 0.55479192733764648
vn -0.61049377918243408 0.42285719513893128 0.6696932911872864
vn -0.5537244081497192 0.68800461292266848 0.46908307075500488
vn -0.31753847002983092 0.94236505031585696 0.10543937236070632
vn -0.37287759780883792 0.91331779956817632 0.16374626755714416
vn -0.532859206199646 0.74079757928848272 0.40899881720542904
vn -0.42942816019058224 0.86873197555542 0.24677166342735292
vn -0.61930400133132936 0.35411059856414796 0.70076262950897216
vn -0.58331614732742312 0.62371808290481568 0.52030575275421144
vn -0.59020620584487912 0.16103735566139222 0.79102694988250736
vn -0.5530152916908264 0.03585328906774521 0.832399308681488
vn -0.38393476605415344 -0.28889212012290956 0.8770036697387696
vn -0.50616914033889768 -0.05140677094459534 0.86090075969696048
vn -0.60302114486694336 0.24942542612552644 0.75772845745086672
vn -0.34552130103111268 -0.37645667791366576 0.859590232372284
vn -0.25527060031890868 0.96633404493331904 0.03217897936701774
vn -0.03926492854952812 -0.80929744243621824 0.58608520030975344
vn 0.93477869033813472 0.35008671879768372 -0.06023408100008965
vn 0.94202685356140144 0.15020154416561126 -0.3000415563583374
vn 0.94181662797927856 0.24316492676734924 -0.23206089437007904
vn 0.84760737419128416 -0.09724775701761246 -0.5216364860534668
vn 0.76171249151229856 -0.189694806933403 -0.61952400207519528
vn 0.82443815469741824 -0.08485376089811325 -0.5595548152923584
vn 0.90041798353195184 0.08562546223402023 -0.42651587724685672
vn 0.9353181719779968 0.34907835721969604 -0.05765577405691147
vn 0.9118556380271912 0.28450921177864076 -0.29592865705490112
vn 0.93680334091186528 0.30359402298927308 -0.17386814951896668
vn 0.86388623714447024 0.09374365210533142 -0.49488648772239688
vn 0.7817710638046264 -0.04997454211115837 -0.6215597987174988
vn 0.82705807685852048 0.0140099273994565 -0.56194186210632328
vn 0.86345654726028448 0.14406432211399078 -0.48341313004493712
vn 0.77574354410171504 0.04950791224837303 -0.62910330295562744
vn 0.8239166736602784 0.07780913263559341 -0.56134390830993656
vn 0.73692518472671504 -0.09650099277496338 -0.66905069351196288
vn 0.8960776329040528 0.21044500172138216 -0.39084243774414064
vn 0.72500377893447872 -0.18734467029571532 -0.66277563571929928
vn 0.6875571012496948 -0.1764194667339325 -0.70437306165695192
vn 0.61828249692916872 -0.15042103826999664 -0.77142745256423952
vn 0.65169340372085568 -0.20674912631511688 -0.72976058721542352
vn 0.69166439771652224 -0.1629168838262558 -0.70360392332077024
vn 0.61864143610000608 -0.17390766739845276 -0.76618462800979616
vn 0.65437555313110352 -0.16592127084732056 -0.73774170875549312
vn 0.58790087699890136 -0.15706939995288848 -0.79353749752044672
vn 0.5276004076004028 -0.09274621307849884 -0.8444145917892456
vn 0.54620343446731568 -0.13298897445201874 -0.8270282745361328
vn 0.46880933642387392 -0.04135356098413467 -0.88233083486557008
vn 0.58800607919692992 -0.15832903981208802 -0.7932091355323792
vn 0.6949453353881836 -0.12788143754005432 -0.70759969949722288
vn 0.62226563692092896 -0.1579427421092987 -0.76670694351196288
vn 0.65670883655548096 -0.1473366767168045 -0.73961168527603152
vn 0.69294124841690064 -0.06028145924210548 -0.71846961975097656
vn 0.62399947643280032 -0.16004759073257446 -0.76485908031463616
vn 0.65537583827972416 -0.10427013784646988 -0.74807101488113408
vn 0.59049034118652344 -0.17308148741722106 -0.78826642036437984
vn 0.55098748207092288 -0.16855451464653016 -0.81731402873992912
vn 0.55751955509185792 -0.22697725892066956 -0.79853194952011104
vn 0.50599759817123416 -0.15385884046554566 -0.84870129823684688
vn 0.59408473968505856 -0.18814806640148164 -0.78208923339843744
vn 0.49517181515693664 -0.09552771598100662 -0.863527238368988
vn 0.73354810476303104 -0.00895419809967279 -0.67957854270935056
vn 0.9936388731002808 -0.06254071742296219 -0.09365072101354598
vn 0.5982298254966736 -0.01779698766767978 -0.80112689733505248
vn -0.41348475217819216 -0.21296192705631256 0.88525563478469856
vn 0.52120113372802736 -0.25917932391166688 -0.81312698125839232
vn 0.63665342330932616 -0.57797443866729736 -0.51050746440887448
vn 0.52204948663711544 -0.8522116541862488 -0.03463562205433845
vn 0.99824672937393184 -0.05914430320262909 -0.00233716471120715
vn 0.99954897165298464 -0.03003074415028095 0
vn 0.9980101585388184 -0.0590309239923954 -0.02215966768562793
vn 0.72760945558547968 -0.52571302652359008 -0.44069293141365048
vn 0.621942400932312 -0.41309818625450136 -0.66523498296737672
vn 0.66123270988464352 -0.54749286174774168 -0.51285755634307864
vn 0.63288408517837528 -0.51797264814376832 -0.57546681165695192
vn 0.62685739994049072 -0.50889480113983152 -0.58997958898544312
vn 0.64325517416000368 -0.56220704317092896 -0.51975572109222416
vn 0.63848257064819336 -0.57005906105041504 -0.51708090305328368
vn 0.6508691310882568 -0.55462902784347536 -0.51841682195663456
vn 0.6439498662948608 -0.47568321228027344 -0.5992112159729004
vn 0.65466248989105224 -0.4620555341243744 -0.5982655882835388
vn 0.66860890388488768 -0.44899854063987728 -0.59275835752487184
vn 0.68979066610336304 -0.5350642800331116 -0.48774480819702152
vn 0.6742485165596008 -0.54093450307846072 -0.50277113914489744
vn 0.7076736092567444 -0.52996957302093504 -0.46725830435752872
vn 0.70601755380630496 -0.4250808656215668 -0.56643223762512208
vn 0.68574887514114376 -0.43663716316223144 -0.5823199152946472
vn 0.7292847633361816 -0.4144305884838104 -0.5444180369377136
vn 0.66436988115310672 -0.35231563448905944 -0.65915578603744504
vn 0.60262888669967648 -0.33583417534828188 -0.7239156365394592
vn 0.63501256704330448 -0.39160582423210144 -0.6658858060836792
vn 0.64788991212844848 -0.37159678339958192 -0.664946973323822
vn 0.62073647975921632 -0.33096235990524292 -0.71073913574218752
vn 0.61526066064834592 -0.3230988383293152 -0.71906983852386472
vn 0.65075170993804928 -0.25452029705047608 -0.7153611779212952
vn 0.70814025402069088 -0.3162831962108612 -0.63127040863037112
vn 0.6844569444656372 -0.33385136723518372 -0.64812189340591432
vn 0.7353475689888 -0.29969385266304016 -0.6078219413757324
vn 0.69885855913162232 -0.20671370625495912 -0.68473803997039792
vn 0.67284613847732544 -0.23005242645740508 -0.70310306549072264
vn 0.7287538647651672 -0.18452975153923036 -0.6594441533088684
vn 0.76587551832199104 -0.2841816246509552 -0.5767802596092224
vn 0.81539261341094976 -0.51711350679397584 -0.26024705171585084
vn 0.75529646873474128 -0.4047822952270508 -0.51544010639190672
vn 0.7716489434242248 -0.51980787515640256 -0.36654832959175112
vn 0.749155044555664 -0.52232748270034792 -0.4073582887649536
vn 0.79414963722229008 -0.518103301525116 -0.31764030456542968
vn 0.81341588497161872 -0.38884931802749632 -0.43260928988456728
vn 0.78359472751617424 -0.39622730016708376 -0.47852194309234616
vn 0.84357845783233648 -0.3827195167541504 -0.37669774889945984
vn 0.8723898530006408 -0.37789303064346312 -0.31005284190177916
vn 0.8475844264030456 -0.5167100429534912 -0.1208772286772728
vn 0.8338004350662232 -0.51669865846633912 -0.19442065060138704
vn 0.85532683134078976 -0.51748842000961304 -0.024935282766819
vn 0.82246053218841552 -0.56754618883132936 -0.03807856515049934
vn 0.9167132377624512 -0.37232330441474912 -0.14495579898357392
vn 0.89763307571411136 -0.3744119107723236 -0.23253075778484344
vn 0.91790324449539184 -0.39384073019027712 -0.04840518534183502
vn 0.92748034000396736 -0.3724325597286224 -0.03277540951967239
vn 0.90599185228347776 -0.23601223528385164 -0.35139289498329164
vn 0.76236695051193232 -0.16355782747268676 -0.62613528966903688
vn 0.83478206396102912 -0.25692570209503172 -0.48695802688598632
vn 0.79928839206695552 -0.26987156271934508 -0.5369426608085632
vn 0.8710218667984008 -0.24555227160453796 -0.4254703521728516
vn 0.8387023210525512 -0.12578238546848298 -0.52986526489257816
vn 0.79928809404373168 -0.14391043782234192 -0.58346235752105712
vn 0.87918937206268304 -0.10947951674461364 -0.46372434496879576
vn 0.91852432489395136 -0.09544316679239274 -0.38367131352424624
vn 0.96055442094802864 -0.22374100983142852 -0.16515181958675384
vn 0.93694084882736208 -0.22862084209918976 -0.26433756947517396
vn 0.97346866130828864 -0.22176626324653624 -0.05637781322002411
vn 0.98052215576171872 -0.0766092911362648 -0.1808515340089798
vn 0.95358282327651984 -0.08425616472959518 -0.2891032099723816
vn 0.99597799777984624 -0.07432965189218521 -0.05002935603260994
vn 0.98954588174819952 -0.1309753805398941 -0.06036914139986038
vn 0.6086861491203308 -0.73303198814392096 -0.30358728766441344
vn 0.39118528366088864 -0.92028194665908816 -0.0074262898415327
vn 0.56843566894531248 -0.80491304397583008 -0.17028169333934784
vn 0.45279204845428464 -0.89147633314132688 -0.01578837446868419
vn 0.48463672399520872 -0.874399483203888 -0.02351261489093303
vn 0.48509821295738224 -0.87431526184082032 -0.01589200273156166
vn 0.4529942572116852 -0.8914289474487304 -0.01227443479001522
vn 0.41404807567596432 -0.91021502017974848 -0.00853433459997177
vn 0.42647263407707216 -0.90444880723953248 -0.00966470316052436
vn 0.41395178437232968 -0.91025370359420784 -0.00906259194016456
vn 0.40454423427581784 -0.91448378562927248 -0.00795843359082937
vn 0.53026825189590456 -0.8321224451065064 -0.16244331002235412
vn 0.5466124415397644 -0.82007080316543584 -0.1694069504737854
vn 0.5567694902420044 -0.8129534125328064 -0.17062970995903016
vn 0.53782004117965696 -0.82642138004302976 -0.16666501760482788
vn 0.51847565174102784 -0.84189736843109136 -0.14963878691196442
vn 0.52385067939758304 -0.83726036548614496 -0.15676583349704742
vn 0.51406329870224 -0.84607577323913568 -0.14104869961738586
vn 0.51054149866104128 -0.84982144832611088 -0.13096152245998382
vn 0.36931458115577696 -0.9292921423912048 -0.00477574113756418
vn 0.3839596509933472 -0.9233319759368896 -0.00575198186561465
vn 0.37668108940124512 -0.92631292343139648 -0.007465953938663
vn 0.39079576730728152 -0.920466423034668 -0.00450271693989634
vn 0.36952260136604312 -0.92918872833251952 -0.00783517956733703
vn 0.36132398247718808 -0.93243378400802608 -0.00349550344981253
vn 0.35871496796607972 -0.93343144655227664 -0.00540952663868665
vn 0.36473378539085392 -0.9310746788978576 -0.0083168065175414
vn 0.36322915554046632 -0.93169134855270384 -0.00397054199129343
vn 0.36036297678947448 -0.93281209468841552 -0.00034203872201032937
vn 0.297264963388443 -0.95479172468185424 0.00251408340409398
vn 0.50394910573959352 -0.86053335666656496 -0.07428082823753357
vn 0.5058951377868652 -0.8560501337051392 -0.1060578003525734
vn 0.50784182548522952 -0.85314643383026128 -0.1193225383758545
vn 0.50462639331817624 -0.85852026939392096 -0.09107733517885208
vn 0.5039315223693848 -0.86304050683975216 -0.0348430685698986
vn 0.50375962257385256 -0.8620548844337464 -0.05556640028953552
vn 0.50517201423645016 -0.86298912763595584 0.00714365951716899
vn 0.46619951725006104 -0.8846317529678344 -0.00919935572892427
vn 0.6071312427520752 -0.7551249861717224 -0.24734164774417876
vn 0.63004219532012936 -0.6552714705467224 -0.41673266887664792
vn 0.59623223543167112 -0.74502307176589968 -0.29907816648483276
vn 0.59891146421432496 -0.7396724224090576 -0.30690342187881468
vn 0.6028305888175964 -0.73660010099411008 -0.30661964416503908
vn 0.59676384925842288 -0.74243414402008064 -0.30440840125083924
vn 0.59940743446350096 -0.75004220008850096 -0.27954858541488648
vn 0.59716516733169552 -0.74753761291503904 -0.29082858562469484
vn 0.60279226303100584 -0.75257003307342528 -0.26510342955589296
vn 0.63859814405441288 -0.6474802494049072 -0.4158867001533508
vn 0.62968754768371584 -0.65129435062408448 -0.4234492778778076
vn 0.6286358833312988 -0.6533610820770264 -0.42182490229606632
vn 0.63305419683456424 -0.64928013086318968 -0.42151829600334168
vn 0.65562045574188232 -0.6449808478355408 -0.39263409376144408
vn 0.6461753249168396 -0.64601761102676392 -0.40634801983833312
vn 0.66672742366790768 -0.644425630569458 -0.3744197189807892
vn 0.67922556400299072 -0.64437305927276608 -0.35133454203605652
vn 0.62894064188003544 -0.764685332775116 -0.14032113552093506
vn 0.61774903535842896 -0.76018649339675904 -0.20125252008438112
vn 0.61220431327819824 -0.75768184661865232 -0.22610636055469512
vn 0.62345159053802488 -0.76255679130554192 -0.1726711243391037
vn 0.63751870393753048 -0.76771104335784912 -0.06472740322351456
vn 0.63378798961639408 -0.76644694805145264 -0.10426826030015946
vn 0.63141852617263792 -0.77514570951461792 -0.02144288644194603
vn 0.63999122381210328 -0.76827281713485712 -0.01296464912593364
vn 0.73391801118850704 -0.64816671609878544 -0.203086718916893
vn 0.70682406425476072 -0.64566147327423096 -0.28899994492530824
vn 0.69275242090225216 -0.6448054313659668 -0.32298621535301208
vn 0.720809817314148 -0.646833062171936 -0.2490786612033844
vn 0.75363534688949584 -0.6505679488182068 -0.09378238767385482
vn 0.74520725011825568 -0.64947581291198728 -0.15115343034267426
vn 0.75815653800964352 -0.65128988027572632 -0.03193932399153709
vn 0.71008449792861936 -0.70411646366119384 -0.00018008281767833978
vn 0.99823224544525152 -0.05943293869495392 0.00033056747633963823
vn 0.89275085926055904 -0.4488215744495392 -0.03943520411849022
vn 0.8906483054161072 -0.45241162180900576 -0.04548945650458336
vn 0.95401477813720704 -0.29967179894447328 0.00725544895976781
vn 0.98493540287017824 -0.17278915643692016 -0.00679243961349129
vn 0.98466724157333376 -0.17421001195907592 -0.00901715271174907
vn 0.92758345603942864 -0.3718165159225464 -0.03662575036287307
vn 0.80193758010864256 -0.59527951478958128 -0.05038241669535637
vn 0.84198540449142464 -0.5382844805717468 -0.03620019927620888
vn 0.78053879737854 -0.61983084678649904 -0.08104892820119858
vn 0.77092319726943968 -0.63470602035522464 -0.0531574971973896
vn 0.74969279766082768 -0.66078960895538328 -0.03630067408084869
vn 0.89102715253829952 -0.44592830538749696 -0.08496185392141342
vn 0.95998919010162352 -0.27859917283058168 -0.02834178879857063
vn 0.98466724157333376 -0.1741848737001419 -0.00949221849441528
vn 0.92762035131454464 -0.36956241726875304 -0.05425997450947762
vn 0.81614035367965696 -0.55742740631103512 -0.15228140354156494
vn 0.85314339399337776 -0.50809663534164432 -0.11825445294380188
vn 0.79512000083923344 -0.57183182239532472 -0.201971635222435
vn 0.78113108873367312 -0.6051015257835388 -0.15390375256538392
vn 0.749219298362732 -0.6372332572937012 -0.18056634068489076
vn 0.59285992383956912 -0.8049760460853576 -0.02303615771234035
vn 0.739633858203888 -0.66476768255233768 -0.10500359535217286
vn 0.64848136901855472 -0.76099646091461184 -0.01887602917850017
vn 0.70046108961105344 -0.71130311489105224 -0.05832723528146744
vn 0.6399148106575012 -0.766373097896576 -0.05640371516346931
vn 0.68086498975753784 -0.72041600942611696 -0.13199862837791442
vn 0.70871669054031376 -0.69532924890518192 -0.11932289600372314
vn 0.65597271919250488 -0.74113398790359504 -0.14289917051792144
vn 0.63384866714477536 -0.75838083028793328 -0.15196837484836578
vn 0.54119169712066648 -0.84071785211563104 -0.01746492274105548
vn 0.58758020401000976 -0.80767989158630368 -0.04901698976755142
vn 0.540723979473114 -0.84047687053680416 -0.03487439453601837
vn 0.59698337316513064 -0.78518009185791008 -0.16463005542755126
vn 0.61426448822021488 -0.7728737592697144 -0.15920202434062958
vn 0.58177727460861208 -0.79574447870254512 -0.168302983045578
vn 0.65530073642730712 -0.7077646255493164 -0.26391327381134032
vn 0.75138425827026368 -0.6104949116706848 -0.2504350244998932
vn 0.69556707143783568 -0.6815108060836792 -0.22744114696979524
vn 0.7206682562828064 -0.66221415996551512 -0.20520630478858948
vn 0.67383563518524168 -0.6963568329811096 -0.24704791605472564
vn 0.70004397630691528 -0.64180326461791992 -0.31309261918067932
vn 0.72380810976028448 -0.62910908460617064 -0.28341415524482728
vn 0.68004184961318968 -0.6499624848365784 -0.33925187587738036
vn 0.66364902257919312 -0.65471994876861576 -0.361817330121994
vn 0.6269394755363464 -0.72336626052856448 -0.28928905725479124
vn 0.6397453546524048 -0.7165507674217224 -0.27799439430236816
vn 0.61665719747543336 -0.72872549295425408 -0.29781371355056764
vn 0.6408721208572388 -0.6574755907058716 -0.39624333381652832
vn 0.65066426992416384 -0.65698450803756712 -0.3807982802391052
vn 0.63406276702880856 -0.6567575931549072 -0.40820816159248352
vn 0.99813580513000496 -0.06092056632041931 -0.00369540485553443
vn 0.74713063240051264 -0.58689355850219728 -0.31201237440109252
vn 0.88958746194839472 -0.43568199872970584 -0.13716913759708404
vn 0.959867775440216 -0.27607953548431396 -0.0493355318903923
vn 0.98470526933670048 -0.1731613576412201 -0.01925390399992466
vn 0.9270095229148864 -0.36413106322288512 -0.08978834003210068
vn 0.81261712312698368 -0.53128606081008912 -0.23955896496772768
vn 0.85066264867782592 -0.49092146754264832 -0.18806691467761992
vn 0.78648310899734496 -0.53938752412796024 -0.30084112286567688
vn 0.77873164415359504 -0.5669593811035156 -0.26857790350914
vn 0.7378976941108704 -0.56854677200317384 -0.36367785930633544
vn 0.661632776260376 -0.60355162620544432 -0.44493535161018368
vn 0.6961349248886108 -0.60458403825759888 -0.38713604211807248
vn 0.71954083442687992 -0.59881728887557984 -0.35168004035949708
vn 0.67688107490539552 -0.60574436187744144 -0.41821736097335816
vn 0.64234399795532224 -0.59284234046936032 -0.4857284426689148
vn 0.650191068649292 -0.59899491071701048 -0.46739348769187928
vn 0.63789069652557376 -0.5856846570968628 -0.50006890296936032
vn 0.65195792913436888 -0.55686593055725096 -0.51463693380355832
vn 0.6859160661697388 -0.57232415676116944 -0.44940426945686344
vn 0.70962488651275632 -0.5736674666404724 -0.40906983613967896
vn 0.66674500703811648 -0.56625974178314208 -0.48456269502639768
vn 0.6358342170715332 -0.54716151952743528 -0.54436123371124264
vn 0.6252045035362244 -0.5331624746322632 -0.56996238231658936
vn 0.641343891620636 -0.5452221632003784 -0.53982478380203248
vn 0.72519892454147344 -0.5573477745056152 -0.40428951382637024
vn 0.88085061311721808 -0.44399598240852352 -0.16422489285469056
vn 0.95692318677902224 -0.28437229990959168 -0.0585692785680294
vn 0.98364949226379392 -0.17856405675411224 -0.02342024073004722
vn 0.92141699790954592 -0.37363800406455992 -0.10670232027769088
vn 0.7971328496932984 -0.52863436937332152 -0.29176181554794312
vn 0.83854889869689936 -0.49521231651306152 -0.227157324552536
vn 0.75258243083953856 -0.57549250125885008 -0.32004392147064208
vn 0.75934851169586176 -0.54978770017623904 -0.3480278253555298
vn 0.71043592691421512 -0.55517268180847168 -0.43250909447669984
vn 0.63671505451202392 -0.51573705673217776 -0.57324445247650144
vn 0.67121207714080808 -0.5467171669006348 -0.5005744099617004
vn 0.69574242830276488 -0.55552595853805544 -0.4553387463092804
vn 0.6515899300575256 -0.53292250633239744 -0.53983718156814576
vn 0.61777615547180176 -0.45474833250045776 -0.64152675867080688
vn 0.62636083364486696 -0.49638661742210392 -0.60105943679809568
vn 0.6172136664390564 -0.47990444302558896 -0.62348937988281248
vn 0.65342229604721072 -0.5289267897605896 -0.5415494441986084
vn 0.67931854724884032 -0.54604107141494752 -0.49027076363563536
vn 0.63276815414428712 -0.506230354309082 -0.5859482288360596
vn 0.59708195924758912 -0.39292725920677184 -0.69935780763626096
vn 0.60653209686279296 -0.45146077871322632 -0.65444785356521608
vn 0.59590893983840944 -0.48924976587295536 -0.63681018352508544
vn 0.59047907590866088 -0.4577617049217224 -0.6646718978881836
vn 0.62237900495529176 -0.54633593559265136 -0.56050109863281248
vn 0.66939836740493776 -0.58558309078216552 -0.45716324448585512
vn 0.64323294162750248 -0.56919854879379272 -0.51211756467819216
vn 0.60668128728866576 -0.51912015676498416 -0.60203993320465088
vn 0.61713212728500368 -0.52417552471160888 -0.58684575557708744
vn 0.61068034172058104 -0.50233048200607296 -0.61215490102767944
vn 0.64269280433654784 -0.56275558471679688 -0.5198577642440796
vn 0.68742454051971432 -0.5857087969779968 -0.42940971255302432
vn 0.66256928443908688 -0.57700479030609128 -0.47756403684616088
vn 0.62762475013732912 -0.5446942448616028 -0.55623310804367064
vn 0.70088380575180056 -0.59296774864196776 -0.39642292261123656
vn 0.73260867595672608 -0.5661001205444336 -0.37790897488594056
vn 0.82280015945434576 -0.532259464263916 -0.19924794137477876
vn 0.77851086854934688 -0.5694153308868408 -0.26398304104804992
vn 0.91303628683090208 -0.39918714761734008 -0.08375155180692673
vn 0.98191690444946288 -0.18891234695911408 -0.01229965314269065
vn 0.9522687196731568 -0.30252104997634888 -0.04080757871270179
vn 0.86860358715057376 -0.47593992948532104 -0.13787321746349334
vn 0.71729212999343872 -0.5867376923561096 -0.375806987285614
vn 0.63399565219879152 -0.5641285181045532 -0.52896928787231448
vn 0.63176405429840088 -0.51825779676437376 -0.57644003629684448
vn 0.65968787670135496 -0.58672666549682616 -0.46964207291603088
vn 0.70308154821395872 -0.59469377994537352 -0.38989177346229552
vn 0.67908316850662232 -0.59324288368225096 -0.43232959508895872
vn 0.64473193883895872 -0.57663369178771976 -0.50181102752685544
vn 0.63292402029037472 -0.59522330760955808 -0.49509236216545104
vn 0.645285964012146 -0.60970741510391232 -0.46028566360473632
vn 0.63739913702011112 -0.60297334194183352 -0.47973480820655824
vn 0.67213958501815792 -0.61745542287826536 -0.4086284041404724
vn 0.7151353359222412 -0.61099082231521608 -0.339516818523407
vn 0.69153499603271488 -0.61662149429321288 -0.3762410581111908
vn 0.65679270029067992 -0.6148042678833008 -0.4366223216056824
vn 0.73172175884246832 -0.58923685550689696 -0.34261223673820496
vn 0.76576358079910272 -0.58085489273071288 -0.27606847882270812
vn 0.8420952558517456 -0.5108234882354736 -0.17301708459854126
vn 0.8024805784225464 -0.55261349678039552 -0.22504059970378876
vn 0.92241197824478144 -0.37854519486427304 -0.07654832303524017
vn 0.98372530937194832 -0.17924967408180236 -0.0124138118699193
vn 0.95728391408920288 -0.2865421772003174 -0.03874387592077255
vn 0.88291096687316896 -0.45328554511070248 -0.12247612327337266
vn 0.74298363924026496 -0.59895080327987672 -0.29871934652328492
vn 0.99794960021972656 -0.06400445103645325 0
vn 0.63241553306579592 -0.65939325094223024 -0.40651088953018192
vn 0.64895862340927128 -0.66008102893829344 -0.37834611535072328
vn 0.63919466733932496 -0.66033577919006344 -0.39419129490852352
vn 0.61939781904220584 -0.72519910335540768 -0.30072012543678284
vn 0.64229458570480344 -0.71284133195877072 -0.28162899613380432
vn 0.62959617376327512 -0.71972990036010744 -0.292570561170578
vn 0.6619234085083008 -0.65805137157440184 -0.35892316699028016
vn 0.67831152677536008 -0.65350985527038576 -0.33588439226150512
vn 0.72214430570602416 -0.63293892145156864 -0.27909845113754272
vn 0.69833171367645264 -0.64552539587020872 -0.30924063920974732
vn 0.676114559173584 -0.69261485338211056 -0.25130417943000792
vn 0.7226250767707824 -0.65858560800552368 -0.20994751155376436
vn 0.69769012928009032 -0.6778079867362976 -0.23195862770080568
vn 0.74980664253234864 -0.61433768272399904 -0.2457217127084732
vn 0.65772277116775512 -0.70402002334594728 -0.2678741216659546
vn 0.59025955200195312 -0.78746819496154784 -0.17744703590869904
vn 0.62244987487792968 -0.763828694820404 -0.17065125703811646
vn 0.6053544878959656 -0.7764912247657776 -0.17494933307170868
vn 0.52291351556777952 -0.85187566280364992 -0.02948467805981636
vn 0.570645809173584 -0.82055437564849856 -0.03246276080608368
vn 0.56445479393005368 -0.82421576976776128 -0.04537752270698547
vn 0.64177370071411136 -0.74904787540435792 -0.16448044776916504
vn 0.66356146335601808 -0.73159474134445184 -0.1563819944858551
vn 0.71539545059204104 -0.6856825947761536 -0.13434545695781708
vn 0.68803948163986208 -0.71076655387878416 -0.14633038640022278
vn 0.62256163358688352 -0.78174740076065056 -0.03588908910751343
vn 0.68168020248413088 -0.73065453767776496 -0.03815823420882225
vn 0.66867685317993168 -0.7414355278015136 -0.05607709661126137
vn 0.745731234550476 -0.65525674819946288 -0.12051351368427276
vn 0.6126729249954224 -0.78857928514480592 -0.0526745431125164
vn 0.75100058317184448 -0.63371270895004272 -0.18548929691314696
vn 0.7813137769699096 -0.5959501266479492 -0.185451477766037
vn 0.85310775041580208 -0.508171021938324 -0.11819197982549668
vn 0.8160380721092224 -0.55761682987213136 -0.15213581919670104
vn 0.9277303218841552 -0.36923876404762272 -0.05458201095461845
vn 0.98474961519241328 -0.1736844927072525 -0.0100928358733654
vn 0.96011537313461296 -0.2781091034412384 -0.02887474000453949
vn 0.8910725712776184 -0.44581848382949832 -0.08506228029727936
vn 0.77681499719619744 -0.62508285045623776 -0.07635372132062912
vn 0.85187894105911248 -0.52097898721694944 -0.05369514599442482
vn 0.81361365318298336 -0.5775853395462036 -0.06654338538646698
vn 0.9192396402359008 -0.39329719543457032 -0.01777005568146705
vn 0.97333967685699456 -0.22923429310321808 -0.00784526765346527
vn 0.9599609375 -0.27963027358055116 -0.01678873598575592
vn 0.87229740619659424 -0.4876388609409332 -0.03613225370645523
vn 0.99824690818786624 -0.05918728187680244 0
vn 0.73385471105575568 -0.67715448141098024 -0.05402879789471626
vn 0.75790393352508544 -0.651566743850708 -0.0322863906621933
vn 0.7441017031669616 -0.65050435066223144 -0.15217342972755432
vn 0.75291496515274048 -0.65128409862518312 -0.09459451586008072
vn 0.71922749280929568 -0.64823079109191896 -0.25001737475395204
vn 0.69101792573928832 -0.64638251066207888 -0.323548823595047
vn 0.70513409376144408 -0.64716386795043944 -0.2897668480873108
vn 0.73252588510513312 -0.64941352605819704 -0.2041272670030594
vn 0.69371128082275392 -0.7197673320770264 -0.02645114064216614
vn 0.63421851396560672 -0.76613712310791008 -0.10392669588327408
vn 0.63772350549697872 -0.76755744218826288 -0.06453116983175278
vn 0.62446105480194088 -0.76184588670730592 -0.17216038703918458
vn 0.61382997035980224 -0.75648796558380128 -0.22569604218006136
vn 0.619070827960968 -0.75924217700958256 -0.20075514912605284
vn 0.6296464204788208 -0.76418763399124144 -0.13986669480800628
vn 0.67748969793319704 -0.646007776260376 -0.35168394446372984
vn 0.66501539945602416 -0.6461113095283508 -0.37455934286117552
vn 0.6445331573486328 -0.6478185057640076 -0.40608894824981688
vn 0.6539432406425476 -0.64671939611434936 -0.3925713896751404
vn 0.63145726919174192 -0.65125817060470584 -0.4208616018295288
vn 0.62703484296798704 -0.65561395883560184 -0.42071086168289184
vn 0.62809491157531736 -0.65339624881744384 -0.42257565259933472
vn 0.63698410987854 -0.64935922622680664 -0.41543209552764896
vn 0.60495120286941528 -0.75084596872329712 -0.265074223279953
vn 0.5997101664543152 -0.74527382850646976 -0.29140102863311768
vn 0.60177993774414064 -0.7480469346046448 -0.27979761362075804
vn 0.59952753782272336 -0.7396628260612488 -0.30572155117988588
vn 0.60565227270126344 -0.73339545726776128 -0.30873361229896544
vn 0.60172319412231448 -0.73667263984680176 -0.30861401557922364
vn 0.59890758991241456 -0.74249875545501712 -0.30000871419906616
vn 0.6284219026565552 -0.65770304203033448 -0.41534644365310672
vn 0.60903918743133544 -0.7536696791648864 -0.24708962440490724
vn 0.53723031282424928 -0.8433178663253784 -0.01409238763153553
vn 0.50591474771499632 -0.86088663339614864 -0.0540786013007164
vn 0.50521093606948856 -0.86233460903167728 -0.03377856314182281
vn 0.50847649574279784 -0.85641932487487792 -0.08942911773920059
vn 0.51320070028305056 -0.85007101297378544 -0.1183401271700859
vn 0.510529100894928 -0.85346871614456176 -0.1046481505036354
vn 0.5069677829742432 -0.8589020371437072 -0.07260151207447052
vn 0.35909762978553772 -0.93329888582229616 -0.00144011829979717
vn 0.36117765307426456 -0.932471752166748 -0.00686309766024351
vn 0.35903143882751464 -0.93331509828567504 -0.00440084841102361
vn 0.37634068727493288 -0.92646557092666624 -0.00540749123319983
vn 0.38361090421676632 -0.92345446348190304 -0.00863175932317972
vn 0.37591478228569032 -0.9266047477722168 -0.00957990624010562
vn 0.36476886272430416 -0.93106567859649664 -0.00776917580515146
vn 0.51655822992324832 -0.84623754024505616 -0.1305743008852005
vn 0.52066534757614136 -0.84196954965591424 -0.14140324294567108
vn 0.53139317035675048 -0.8320777416229248 -0.15895900130271912
vn 0.52558696269989016 -0.8372570872306824 -0.15086036920547486
vn 0.54598778486251832 -0.82014882564544672 -0.17103564739227294
vn 0.56524819135665896 -0.80562770366668704 -0.1773652732372284
vn 0.55497455596923832 -0.8132633566856384 -0.17494568228721618
vn 0.53816294670104984 -0.82639372348785408 -0.16569256782531738
vn 0.40218794345855712 -0.91548764705657952 -0.01128106284886598
vn 0.43951532244682312 -0.89812266826629632 -0.01421295572072267
vn 0.42615827918052672 -0.90457850694656368 -0.01126514375209808
vn 0.46937277913093568 -0.8827312588691712 -0.02178791724145412
vn 0.50364965200424192 -0.86334872245788576 -0.03108020685613155
vn 0.4702904224395752 -0.88231623172760016 -0.01857471093535423
vn 0.43978467583656312 -0.89800852537155152 -0.01304154749959707
vn 0.57695406675338744 -0.79709464311599728 -0.17822501063346862
vn 0.40280911326408384 -0.91525381803512576 -0.00743657443672418
vn 0.61148297786712648 -0.72965055704116816 -0.30610230565071104
vn 0.99629461765289312 -0.05802755430340767 -0.06348078697919846
vn 0.95132714509963984 -0.0908888354897499 -0.29447555541992188
vn 0.97949916124343872 -0.0807243213057518 -0.18456687033176424
vn 0.97309911251068112 -0.22305046021938324 -0.0576772429049015
vn 0.9341593980789184 -0.23436948657035828 -0.2691044509410858
vn 0.9591024518013 -0.22739948332309724 -0.16855832934379578
vn 0.91488832235336304 -0.10438092797994614 -0.38997951149940488
vn 0.87421804666519168 -0.12052183598279954 -0.47033745050430296
vn 0.7921415567398072 -0.15871497988700866 -0.58933967351913456
vn 0.83254832029342656 -0.13876447081565856 -0.53629070520401
vn 0.86566919088363648 -0.25472292304039 -0.43096762895584104
vn 0.79210948944091792 -0.28176361322402956 -0.54145348072052
vn 0.82841038703918464 -0.26751881837844848 -0.49210759997367856
vn 0.75441306829452512 -0.1801169365644455 -0.6312042474746704
vn 0.9018594622612 -0.24358494579792024 -0.35681354999542236
vn 0.94629627466201776 -0.31896218657493592 -0.0527866967022419
vn 0.89483410120010368 -0.3787444531917572 -0.23627229034900664
vn 0.91512531042098992 -0.37514013051986696 -0.14770101010799408
vn 0.86618721485137936 -0.49786198139190672 -0.04304896295070648
vn 0.83157145977020256 -0.5193607211112976 -0.1968587338924408
vn 0.84623932838439936 -0.51847869157791136 -0.12271473556756974
vn 0.86845111846923824 -0.38349771499633792 -0.31420084834098816
vn 0.838665783405304 -0.38940471410751344 -0.3807934820652008
vn 0.77732378244400032 -0.4046949744224548 -0.48165312409400936
vn 0.80772858858108528 -0.39647388458251952 -0.43632894754409792
vn 0.79052484035491936 -0.52207463979721072 -0.320169597864151
vn 0.7447277307510376 -0.52723896503448488 -0.40914505720138552
vn 0.767554759979248 -0.52427893877029416 -0.36876988410949704
vn 0.74860358238220208 -0.4140344262123108 -0.51784956455230712
vn 0.81239086389541632 -0.52049469947814944 -0.262880802154541
vn 0.75807857513427728 -0.29729661345481872 -0.58045810461044312
vn 0.72015297412872312 -0.20282110571861268 -0.6635082960128784
vn 0.66331720352172848 -0.25188761949539184 -0.7046721577644348
vn 0.68974167108535768 -0.22675356268882752 -0.68763309717178344
vn 0.72708702087402336 -0.31399646401405336 -0.61053311824798584
vn 0.67559736967086792 -0.35054928064346312 -0.64860111474990848
vn 0.69953536987304688 -0.33177146315574644 -0.632912278175354
vn 0.64089316129684448 -0.27821940183639528 -0.71543687582015992
vn 0.6325567364692688 -0.28010207414627076 -0.7220905423164368
vn 0.63870501518249512 -0.39085516333580016 -0.66278815269470216
vn 0.62573081254959104 -0.41223186254501344 -0.66221284866333008
vn 0.59508335590362552 -0.39356803894042968 -0.70069962739944456
vn 0.65532231330871584 -0.37026616930961608 -0.65837347507476808
vn 0.72229635715484624 -0.42443931102752688 -0.54602128267288208
vn 0.6784231662750244 -0.44816872477531432 -0.5821398496627808
vn 0.69882720708847048 -0.43584296107292176 -0.567169725894928
vn 0.70288014411926272 -0.53567737340927128 -0.46798425912857056
vn 0.66932004690170288 -0.54743713140487672 -0.50231790542602536
vn 0.68491131067276 -0.54116308689117432 -0.48789238929748536
vn 0.66119420528411864 -0.46133023500442504 -0.5916051268577576
vn 0.64719128608703616 -0.47522801160812376 -0.59607195854187008
vn 0.63644593954086304 -0.48974245786666872 -0.59589338302612304
vn 0.64589989185333248 -0.56201386451721192 -0.51667565107345584
vn 0.63350367546081544 -0.57845866680145264 -0.51386636495590208
vn 0.63827884197235104 -0.57008177042007448 -0.51730740070343016
vn 0.6365142464637756 -0.4897306263446808 -0.59583014249801632
vn 0.65627753734588624 -0.55442178249359128 -0.51177752017974856
vn 0.61395961046218872 -0.45588108897209168 -0.64438033103942872
vn 0.7229584455490112 -0.53103029727935792 -0.44197052717208864
vn 0.99583661556243904 -0.09115559607744216 0.0002703903301153332
vn 0.9981381297111512 -0.06099432334303856 0
vn 0.50625509023666384 -0.8620587587356568 -0.02367291040718555
vn 0.63167691230773928 -0.58693134784698488 -0.5064542293548584
vn 0.99617469310760496 0.05802056938409805 -0.06534168869256973
vn 0.99590349197387696 0.07281249016523361 -0.05361452326178551
vn 0.97897976636886592 0.06919819861650467 -0.19186002016067504
vn 0.9499803185462952 0.05917096510529518 -0.30665323138237
vn 0.91239774227142336 0.04482808709144592 -0.40684252977371216
vn 0.8662128448486328 0.01526031270623207 -0.49944213032722472
vn 0.82183474302291872 -0.00725414929911494 -0.5696797966957092
vn 0.7788511514663696 -0.03160819038748741 -0.62641179561614992
vn 0.73873972892761232 -0.05749213695526123 -0.67153429985046384
vn 0.70230579376220704 -0.0847759023308754 -0.7068094611167908
vn 0.66992318630218504 -0.11345389485359192 -0.733710527420044
vn 0.64171761274337768 -0.14359894394874572 -0.75337761640548704
vn 0.61769396066665648 -0.1753251999616623 -0.76662588119506832
vn 0.59831380844116208 -0.1800936758518219 -0.78076046705245968
vn 0.57497078180313112 -0.2459213137626648 -0.78034049272537232
vn 0.56846851110458376 -0.31828498840332032 -0.75864237546920784
vn 0.59954071044921872 -0.47580018639564512 -0.6435565948486328
vn 0.5690142512321472 -0.43960979580879208 -0.69495755434036256
vn 0.60781681537628176 -0.47187584638595584 -0.6386641263961792
vn 0.63015848398208616 -0.50574868917465208 -0.58916765451431272
vn 0.65816849470138552 -0.53350496292114256 -0.53121250867843624
vn 0.69174611568450928 -0.5520823001861572 -0.46550241112709048
vn 0.73049426078796384 -0.55806201696395872 -0.39363053441047672
vn 0.77361464500427248 -0.54797673225402832 -0.31818529963493348
vn 0.8197775483131408 -0.51872146129608152 -0.24267853796482088
vn 0.8669589757919312 -0.46802696585655216 -0.1712685078382492
vn 0.91228336095809936 -0.394979864358902 -0.10830479860305786
vn 0.95200634002685552 -0.30058294534683228 -0.05773933231830597
vn 0.98186403512954704 -0.18825298547744752 -0.02244730480015277
vn 0.9979480504989624 -0.06393052637577057 -0.00355392904020845
vn 0.97230648994445808 0.22345232963562012 -0.06847719103097916
vn 0.9550665020942688 0.21726326644420624 -0.20160515606403352
vn 0.92432147264480592 0.20416870713233948 -0.32240495085716248
vn 0.88453805446624752 0.18585407733917236 -0.42784428596496584
vn 0.8401305079460144 0.16373620927333832 -0.51707947254180912
vn 0.79461622238159184 0.13895797729492188 -0.59099555015563968
vn 0.7504242062568664 0.11229749768972396 -0.6513468623161316
vn 0.71826773881912232 0.08808836340904236 -0.69016796350479128
vn 0.71964269876480104 0.08743322640657425 -0.6888176798820496
vn 0.68215495347976688 0.05726503953337669 -0.72896182537078864
vn 0.68100917339324952 0.05781252682209015 -0.72998923063278192
vn 0.6499566435813904 0.02512816339731216 -0.75955575704574592
vn 0.64630973339080808 0.02690447494387626 -0.76260071992874144
vn 0.60782992839813232 -0.007843978703022 -0.7940285205841064
vn 0.58228081464767456 -0.04150321707129478 -0.81192767620086672
vn 0.56657898426055912 -0.08379790931940079 -0.81973540782928464
vn 0.56082653999328616 -0.07703767716884613 -0.82434141635894768
vn 0.53995072841644288 -0.15162543952465058 -0.82792687416076656
vn 0.5324921011924744 -0.23728640377521516 -0.81249451637268064
vn 0.55740350484848024 -0.38287979364395144 -0.7366847395896912
vn 0.52300018072128296 -0.340402752161026 -0.7814069390296936
vn 0.57588839530944824 -0.43043899536132816 -0.69503587484359744
vn 0.60030049085617064 -0.47645753622055056 -0.64236092567443848
vn 0.63099145889282224 -0.51619189977645872 -0.5791335701942444
vn 0.66777282953262328 -0.54572463035583496 -0.50622534751892088
vn 0.71010076999664304 -0.56076133251190184 -0.4257976412773132
vn 0.7570044994354248 -0.55715107917785648 -0.34136024117469788
vn 0.80698859691619872 -0.5314738750457764 -0.25749751925468444
vn 0.85786843299865728 -0.48157206177711488 -0.1793043315410614
vn 0.90657246112823488 -0.40700593590736392 -0.1116805374622345
vn 0.94908982515335088 -0.309503436088562 -0.05861838534474373
vn 0.98086917400360112 -0.19335953891277312 -0.02253242023289203
vn 0.99785095453262336 -0.06542009115219116 -0.00369585934095084
vn 0.99774789810180672 -0.06707590073347092 0
vn 0.97979485988616944 -0.199765682220459 -0.00978493597358465
vn 0.94599890708923344 -0.32221394777297972 -0.03555572777986526
vn 0.90081924200057984 -0.42709255218505856 -0.07820872217416763
vn 0.84944027662277216 -0.50972998142242432 -0.13647928833961486
vn 0.7964021563529968 -0.56808412075042728 -0.20742231607437132
vn 0.7450163960456848 -0.6021650433540344 -0.28696313500404356
vn 0.69742184877395632 -0.61349862813949584 -0.37043505907058712
vn 0.65490251779556272 -0.60477936267852784 -0.45314964652061464
vn 0.61818885803222656 -0.57956784963607792 -0.5309836268424988
vn 0.5876483917236328 -0.54189372062683104 -0.60084986686706544
vn 0.56338286399841312 -0.49577912688255312 -0.66091060638427736
vn 0.5452881455421448 -0.44480931758880616 -0.7104966640472412
vn 0.52962058782577512 -0.33782312273979188 -0.77806013822555536
vn 0.53575569391250608 -0.23612256348133088 -0.81068611145019536
vn 0.54914730787277224 -0.14858035743236542 -0.82241177558898928
vn 0.60160374641418456 -0.06394509971141815 -0.79623109102249152
vn 0.62542265653610232 -0.02780092321336269 -0.77979069948196416
vn 0.632310688495636 -0.00021708122221753 -0.77471488714218144
vn 0.66477483510971072 0.03265874460339546 -0.74632954597473152
vn 0.70130908489227296 0.06412318348884583 -0.70996743440628048
vn 0.76120853424072272 0.1004730686545372 -0.64067673683166504
vn 0.80355173349380496 0.12884660065174102 -0.58112233877182008
vn 0.8471291661262512 0.1552884578704834 -0.50819063186645504
vn 0.88956058025360112 0.17907613515853882 -0.42025434970855712
vn 0.92744588851928704 0.19913186132907868 -0.31652900576591492
vn 0.9565582871437072 0.21410465240478516 -0.19787730276584624
vn 0.97256243228912352 0.2226267009973526 -0.06752532720565796
vn 0.99785280227661136 -0.06549613177776337 0
vn 0.98091900348663328 -0.19412688910961152 -0.01061438862234354
vn 0.94937443733215328 -0.3119651973247528 -0.03695830330252647
vn 0.90748333930969232 -0.41260778903961184 -0.0789230540394783
vn 0.85999041795730592 -0.49225679039955136 -0.13453520834445954
vn 0.81100773811340336 -0.5495867133140564 -0.20055145025253296
vn 0.76356273889541632 -0.58515518903732296 -0.2730664610862732
vn 0.71964579820632936 -0.60081601142883304 -0.34803736209869384
vn 0.68045717477798464 -0.59926974773406984 -0.42172718048095704
vn 0.64665406942367552 -0.58369904756546024 -0.4910539388656616
vn 0.6185292601585388 -0.55742985010147096 -0.55379921197891232
vn 0.59612679481506344 -0.52362477779388424 -0.60864603519439696
vn 0.57959705591201784 -0.39531353116035464 -0.7125970125198364
vn 0.56339645385742184 -0.40133857727050784 -0.72215771675109856
vn 0.56883853673934936 -0.31816914677619936 -0.75841355323791504
vn 0.59151774644851688 -0.24137820303440092 -0.76931351423263552
vn 0.62783020734786984 -0.14692661166191102 -0.76435708999633792
vn 0.6513652801513672 -0.11776457726955414 -0.7495697140693664
vn 0.6789909601211548 -0.09005293995141983 -0.72860258817672736
vn 0.71068435907363888 -0.06370692700147629 -0.7006205916404724
vn 0.74629801511764528 -0.03869206085801124 -0.66448640823364256
vn 0.78543788194656368 -0.01505896169692278 -0.61875724792480472
vn 0.82728826999664304 0.0070136827416718 -0.56173384189605712
vn 0.87038761377334592 0.02716937661170959 -0.4916169345378876
vn 0.90958154201507568 0.03539135307073593 -0.41401547193527224
vn 0.94846367835998528 0.05233366042375565 -0.31253445148468016
vn 0.97848767042160032 0.06506747007369995 -0.19577565789222716
vn 0.98901075124740608 0.13161768019199372 -0.06733879446983337
vn 1 0 0
vn -1 0 0
vn 0.9984267950057984 0.05607044696807861 0
vn 0.9968668222427368 0.0784551203250885 0.01006438862532377
vn 0.97229897975921632 0.23342832922935484 0.01207801140844822
vn 0.98186427354812624 0.18958508968353272 0
vn 0.92386269569396976 0.38267645239830016 0.00603781500831246
vn 0.94752955436706544 0.31966814398765564 0
vn 0.869741141796112 0.49350821971893312 0
vn 0.8525779843330384 0.52246046066284176 0.01207801140844822
vn 0.76036745309829712 0.64941513538360592 0.01006438862532377
vn 0.79562455415725712 0.60579001903533936 0
vn 0.66634654998779296 0.7456421852111816 0
vn 0.64941513538360592 0.76036745309829712 0.01006438862532377
vn 0.52246046066284176 0.8525779843330384 0.01207801140844822
vn 0.56022602319717408 0.82833981513977056 0
vn 0.38267645239830016 0.92386269569396976 0.00603781500831246
vn 0.44396507740020752 0.89604407548904416 0
vn 0.26603683829307556 0.96396285295486448 0
vn 0.23342832922935484 0.97229897975921632 0.01207801140844822
vn 0.0784551203250885 0.9968668222427368 0.01006438862532377
vn 0.1342332661151886 0.99094974994659424 0
vn -0.05607044696807861 0.9984267950057984 0
vn -0.0784551203250885 0.9968668222427368 0.01006438862532377
vn -0.23342832922935484 0.97229897975921632 0.01207801140844822
vn -0.18958508968353272 0.98186427354812624 0
vn -0.38267645239830016 0.92386269569396976 0.00603781500831246
vn -0.31966814398765564 0.94752955436706544 0
vn -0.49350821971893312 0.869741141796112 0
vn -0.52246046066284176 0.8525779843330384 0.01207801140844822
vn -0.64941513538360592 0.76036745309829712 0.01006438862532377
vn -0.60579001903533936 0.79562455415725712 0
vn -0.7456421852111816 0.66634654998779296 0
vn -0.76036745309829712 0.64941513538360592 0.01006438862532377
vn -0.8525779843330384 0.52246046066284176 0.01207801140844822
vn -0.82833981513977056 0.56022602319717408 0
vn -0.92386269569396976 0.38267645239830016 0.00603781500831246
vn -0.89604407548904416 0.44396507740020752 0
vn -0.96396285295486448 0.26603683829307556 0
vn -0.97229897975921632 0.23342832922935484 0.01207801140844822
vn -0.9968668222427368 0.0784551203250885 0.01006438862532377
vn -0.99094974994659424 0.1342332661151886 0
vn -0.9984267950057984 0.05607044696807861 0
vn -0.98186427354812624 0.18958508968353272 0
vn -0.94752955436706544 0.31966814398765564 0
vn -0.869741141796112 0.49350821971893312 0
vn -0.79562455415725712 0.60579001903533936 0
vn -0.66634654998779296 0.7456421852111816 0
vn -0.56022602319717408 0.82833981513977056 0
vn -0.44396507740020752 0.89604407548904416 0
vn -0.26603683829307556 0.96396285295486448 0
vn -0.1342332661151886 0.99094974994659424 0
vn 0.05607044696807861 0.9984267950057984 0
vn 0.18958508968353272 0.98186427354812624 0
vn 0.31966814398765564 0.94752955436706544 0
vn 0.49350821971893312 0.869741141796112 0
vn 0.60579001903533936 0.79562455415725712 0
vn 0.7456421852111816 0.66634654998779296 0
vn 0.82833981513977056 0.56022602319717408 0
vn 0.89604407548904416 0.44396507740020752 0
vn 0.96396285295486448 0.26603683829307556 0
vn 0.99094974994659424 0.1342332661151886 0
vn 0.91879117488861088 0.00023621974105481058 -0.39474385976791384
vn 0.95732408761978144 -0.0002053840726148337 -0.28901642560958864
vn 0.76040595769882208 0 -0.649448037147522
vn 0.80125367641448976 -0.00064143363852053 -0.59832447767257688
vn 0.59832447767257688 -0.00064143363852053 -0.80125367641448976
vn 0.53361451625823976 0 -0.84572780132293696
vn 0.34611698985099792 -0.00059860298642888 -0.93819117546081536
vn 0.15643443167209626 0.00068382447352632 -0.98768812417984016
vn 0.99452191591262816 0 -0.10452846437692642
vn 0.98768812417984016 0.00068382447352632 -0.15643443167209626
vn 0.10452846437692642 0 -0.99452191591262816
vn 0.39474385976791384 0 -0.91879123449325568
vn 0.649448037147522 0 -0.76040595769882208
vn 0.84572780132293696 0 -0.53361451625823976
vn 0.90594542026519776 0 -0.42339447140693664
vn -0.98617243766784672 0.05538225919008255 -0.15619437396526336
vn -0.9594414830207824 0.16301566362380982 -0.22999554872512816
vn -0.97875553369522096 0.1325814425945282 -0.1563960462808609
vn -0.95211833715438848 0.2627679705619812 -0.15628080070018768
vn -0.94035559892654416 0.2709117829799652 -0.20576232671737672
vn -0.91254013776779168 0.37798649072647096 -0.15619437396526336
vn -0.85649538040161136 0.4733682572841644 -0.20576232671737672
vn -0.8850136399269104 0.43849977850914 -0.1564248651266098
vn -0.81815290451049808 0.55333638191223144 -0.15634801983833312
vn -0.79369705915451056 0.56315809488296512 -0.22999554872512816
vn -0.73649042844772336 0.65816807746887208 -0.15619437396526336
vn -0.65816807746887208 0.73649042844772336 -0.15619437396526336
vn -0.56315809488296512 0.79369705915451056 -0.22999554872512816
vn -0.5983354449272156 0.78583395481109616 -0.1563960462808609
vn -0.48744431138038632 0.85905432701110832 -0.15628080070018768
vn -0.4733682572841644 0.85649538040161136 -0.20576232671737672
vn -0.37798649072647096 0.91254013776779168 -0.15619437396526336
vn -0.2709117829799652 0.94035559892654416 -0.20576232671737672
vn -0.31573298573493956 0.93586534261703488 -0.1564248651266098
vn -0.18725357949733736 0.96978932619094848 -0.15634801983833312
vn -0.16301566362380982 0.9594414830207824 -0.22999554872512816
vn -0.05538225919008255 0.98617243766784672 -0.15619437396526336
vn 0.05538225919008255 0.98617243766784672 -0.15619437396526336
vn 0.16301566362380982 0.9594414830207824 -0.22999554872512816
vn 0.1325814425945282 0.97875553369522096 -0.1563960462808609
vn 0.2627679705619812 0.95211833715438848 -0.15628080070018768
vn 0.2709117829799652 0.94035559892654416 -0.20576232671737672
vn 0.37798649072647096 0.91254013776779168 -0.15619437396526336
vn 0.4733682572841644 0.85649538040161136 -0.20576232671737672
vn 0.43849977850914 0.8850136399269104 -0.1564248651266098
vn 0.55333638191223144 0.81815290451049808 -0.15634801983833312
vn 0.56315809488296512 0.79369705915451056 -0.22999554872512816
vn 0.65816807746887208 0.73649042844772336 -0.15619437396526336
vn 0.73649042844772336 0.65816807746887208 -0.15619437396526336
vn 0.79369705915451056 0.56315809488296512 -0.22999554872512816
vn 0.78583395481109616 0.5983354449272156 -0.1563960462808609
vn 0.85905432701110832 0.48744431138038632 -0.15628080070018768
vn 0.85649538040161136 0.4733682572841644 -0.20576232671737672
vn 0.91254013776779168 0.37798649072647096 -0.15619437396526336
vn 0.94035559892654416 0.2709117829799652 -0.20576232671737672
vn 0.93586534261703488 0.31573298573493956 -0.1564248651266098
vn 0.96978932619094848 0.18725357949733736 -0.15634801983833312
vn 0.9594414830207824 0.16301566362380982 -0.22999554872512816
vn 0.98617243766784672 0.05538225919008255 -0.15619437396526336
vn -0.84477555751800544 0.04744157567620277 -0.53301370143890384
vn -0.88941913843154912 0.05667463317513466 -0.45356538891792296
vn -0.87870222330093376 0.14929752051830292 -0.45342323184013368
vn -0.85646110773086544 0.24674220383167268 -0.45342323184013368
vn -0.8234495520591736 0.34108397364616396 -0.45342323184013368
vn -0.78008258342742912 0.43113639950752256 -0.45342323184013368
vn -0.7269055843353272 0.51576703786849976 -0.45342323184013368
vn -0.66458737850189208 0.59391158819198608 -0.45342323184013368
vn -0.59391158819198608 0.66458737850189208 -0.45342323184013368
vn -0.51576703786849976 0.7269055843353272 -0.45342323184013368
vn -0.43113639950752256 0.78008258342742912 -0.45342323184013368
vn -0.34108397364616396 0.8234495520591736 -0.45342323184013368
vn -0.24674220383167268 0.85646110773086544 -0.45342323184013368
vn -0.14929752051830292 0.87870222330093376 -0.45342323184013368
vn -0.04997532814741135 0.88989317417144768 -0.45342323184013368
vn 0.04997532814741135 0.88989317417144768 -0.45342323184013368
vn 0.14929752051830292 0.87870222330093376 -0.45342323184013368
vn 0.24674220383167268 0.85646110773086544 -0.45342323184013368
vn 0.34108397364616396 0.8234495520591736 -0.45342323184013368
vn 0.43113639950752256 0.78008258342742912 -0.45342323184013368
vn 0.51576703786849976 0.7269055843353272 -0.45342323184013368
vn 0.59391158819198608 0.66458737850189208 -0.45342323184013368
vn 0.66458737850189208 0.59391158819198608 -0.45342323184013368
vn 0.7269055843353272 0.51576703786849976 -0.45342323184013368
vn 0.78008258342742912 0.43113639950752256 -0.45342323184013368
vn 0.8234495520591736 0.34108397364616396 -0.45342323184013368
vn 0.85646110773086544 0.24674220383167268 -0.45342323184013368
vn 0.87870222330093376 0.14929752051830292 -0.45342323184013368
vn 0.88941913843154912 0.05667463317513466 -0.45356538891792296
vn 0.91757059097290032 0.0515296570956707 -0.39421942830085752
vn -0.64901649951934816 0.03644798696041107 -0.75990068912506096
vn -0.70594543218612672 0.04664197936654091 -0.70672881603240968
vn -0.69766461849212648 0.11853799223899842 -0.70654994249343872
vn -0.68000584840774536 0.19590631127357484 -0.70654994249343872
vn -0.65379554033279416 0.27081099152565004 -0.70654994249343872
vn -0.6193634271621704 0.34231007099151612 -0.70654994249343872
vn -0.57714241743087768 0.40950438380241392 -0.70654994249343872
vn -0.52766352891922 0.4715489447116852 -0.70654994249343872
vn -0.4715489447116852 0.52766352891922 -0.70654994249343872
vn -0.40950438380241392 0.57714241743087768 -0.70654994249343872
vn -0.34231007099151612 0.6193634271621704 -0.70654994249343872
vn -0.27081099152565004 0.65379554033279416 -0.70654994249343872
vn -0.19590631127357484 0.68000584840774536 -0.70654994249343872
vn -0.11853799223899842 0.69766461849212648 -0.70654994249343872
vn -0.03967899084091186 0.70654994249343872 -0.70654994249343872
vn 0.03967899084091186 0.70654994249343872 -0.70654994249343872
vn 0.11853799223899842 0.69766461849212648 -0.70654994249343872
vn 0.19590631127357484 0.68000584840774536 -0.70654994249343872
vn 0.27081099152565004 0.65379554033279416 -0.70654994249343872
vn 0.34231007099151612 0.6193634271621704 -0.70654994249343872
vn 0.40950438380241392 0.57714241743087768 -0.70654994249343872
vn 0.4715489447116852 0.52766352891922 -0.70654994249343872
vn 0.52766352891922 0.4715489447116852 -0.70654994249343872
vn 0.57714241743087768 0.40950438380241392 -0.70654994249343872
vn 0.6193634271621704 0.34231007099151612 -0.70654994249343872
vn 0.65379554033279416 0.27081099152565004 -0.70654994249343872
vn 0.68000584840774536 0.19590631127357484 -0.70654994249343872
vn 0.69766461849212648 0.11853799223899842 -0.70654994249343872
vn 0.70594543218612672 0.04664197936654091 -0.70672881603240968
vn 0.75971359014511104 0.04266459867358207 -0.64885669946670536
vn -0.45384302735328672 0.02548727765679359 -0.89071708917617792
vn -0.39451733231544496 0.03387344256043434 -0.91826397180557248
vn -0.4481356739997864 0.07614131271839142 -0.89071708917617792
vn -0.4367927610874176 0.12583783268928528 -0.89071708917617792
vn -0.41995695233345032 0.17395186424255372 -0.89071708917617792
vn -0.39783990383148192 0.21987834572792052 -0.89071708917617792
vn -0.3707198202610016 0.2630397379398346 -0.89071708917617792
vn -0.33893769979476928 0.3028932511806488 -0.89071708917617792
vn -0.3028932511806488 0.33893769979476928 -0.89071708917617792
vn -0.2630397379398346 0.3707198202610016 -0.89071708917617792
vn -0.21987834572792052 0.39783990383148192 -0.89071708917617792
vn -0.17395186424255372 0.41995695233345032 -0.89071708917617792
vn -0.12583783268928528 0.4367927610874176 -0.89071708917617792
vn -0.07614131271839142 0.4481356739997864 -0.89071708917617792
vn -0.02548727765679359 0.45384302735328672 -0.89071708917617792
vn 0.02548727765679359 0.45384302735328672 -0.89071708917617792
vn 0.07614131271839142 0.4481356739997864 -0.89071708917617792
vn 0.12583783268928528 0.4367927610874176 -0.89071708917617792
vn 0.17395186424255372 0.41995695233345032 -0.89071708917617792
vn 0.21987834572792052 0.39783990383148192 -0.89071708917617792
vn 0.2630397379398346 0.3707198202610016 -0.89071708917617792
vn 0.3028932511806488 0.33893769979476928 -0.89071708917617792
vn 0.33893769979476928 0.3028932511806488 -0.89071708917617792
vn 0.3707198202610016 0.2630397379398346 -0.89071708917617792
vn 0.39783990383148192 0.21987834572792052 -0.89071708917617792
vn 0.41995695233345032 0.17395186424255372 -0.89071708917617792
vn 0.4367927610874176 0.12583783268928528 -0.89071708917617792
vn 0.4481356739997864 0.07614131271839142 -0.89071708917617792
vn 0.39451733231544496 0.03387344256043434 -0.91826397180557248
vn 0.53337508440017704 0.02995370142161846 -0.8453483581542968
vn -0.15642842650413514 0.00878483243286609 -0.98765021562576288
vn -0.15446124970912934 0.02624402195215225 -0.98765021562576288
vn -0.15055163204669952 0.04337317869067192 -0.98765021562576288
vn -0.1447487473487854 0.05995688959956169 -0.98765021562576288
vn -0.13712555170059204 0.07578661292791367 -0.98765021562576288
vn -0.12777791917324066 0.09066326916217804 -0.98765021562576288
vn -0.11682341992855072 0.10439978539943696 -0.98765021562576288
vn -0.10439978539943696 0.11682341992855072 -0.98765021562576288
vn -0.09066326916217804 0.12777791917324066 -0.98765021562576288
vn -0.07578661292791367 0.13712555170059204 -0.98765021562576288
vn -0.05995688959956169 0.1447487473487854 -0.98765021562576288
vn -0.04337317869067192 0.15055163204669952 -0.98765021562576288
vn -0.02624402195215225 0.15446124970912934 -0.98765021562576288
vn -0.00878483243286609 0.15642842650413514 -0.98765021562576288
vn 0.00878483243286609 0.15642842650413514 -0.98765021562576288
vn 0.02624402195215225 0.15446124970912934 -0.98765021562576288
vn 0.04337317869067192 0.15055163204669952 -0.98765021562576288
vn 0.05995688959956169 0.1447487473487854 -0.98765021562576288
vn 0.07578661292791367 0.13712555170059204 -0.98765021562576288
vn 0.09066326916217804 0.12777791917324066 -0.98765021562576288
vn 0.10439978539943696 0.11682341992855072 -0.98765021562576288
vn 0.11682341992855072 0.10439978539943696 -0.98765021562576288
vn 0.12777791917324066 0.09066326916217804 -0.98765021562576288
vn 0.13712555170059204 0.07578661292791367 -0.98765021562576288
vn 0.1447487473487854 0.05995688959956169 -0.98765021562576288
vn 0.15055163204669952 0.04337317869067192 -0.98765021562576288
vn 0.15446124970912934 0.02624402195215225 -0.98765021562576288
vn 0.15642842650413514 0.00878483243286609 -0.98765021562576288
vn 0.45384302735328672 0.02548727765679359 -0.89071708917617792
vn -0.53337508440017704 0.02995370142161846 -0.8453483581542968
vn 0.64901649951934816 0.03644798696041107 -0.75990068912506096
vn -0.75971359014511104 0.04266459867358207 -0.64885669946670536
vn 0.84477555751800544 0.04744157567620277 -0.53301370143890384
vn -0.91757059097290032 0.0515296570956707 -0.39421942830085752
vn 0.97875553369522096 0.1325814425945282 -0.1563960462808609
vn 0.95211833715438848 0.2627679705619812 -0.15628080070018768
vn 0.8850136399269104 0.43849977850914 -0.1564248651266098
vn 0.81815290451049808 0.55333638191223144 -0.15634801983833312
vn 0.5983354449272156 0.78583395481109616 -0.1563960462808609
vn 0.48744431138038632 0.85905432701110832 -0.15628080070018768
vn 0.31573298573493956 0.93586534261703488 -0.1564248651266098
vn 0.18725357949733736 0.96978932619094848 -0.15634801983833312
vn -0.1325814425945282 0.97875553369522096 -0.1563960462808609
vn -0.2627679705619812 0.95211833715438848 -0.15628080070018768
vn -0.43849977850914 0.8850136399269104 -0.1564248651266098
vn -0.55333638191223144 0.81815290451049808 -0.15634801983833312
vn -0.78583395481109616 0.5983354449272156 -0.1563960462808609
vn -0.85905432701110832 0.48744431138038632 -0.15628080070018768
vn -0.93586534261703488 0.31573298573493956 -0.1564248651266098
vn -0.96978932619094848 0.18725357949733736 -0.15634801983833312
vn -0.90594542026519776 0 -0.42339447140693664
vn -0.91879117488861088 0.00023621974105481058 -0.39474385976791384
vn -0.80125367641448976 -0.00064143363852053 -0.59832447767257688
vn -0.84572780132293696 0 -0.53361451625823976
vn -0.649448037147522 0 -0.76040595769882208
vn -0.59832447767257688 -0.00064143363852053 -0.80125367641448976
vn -0.39474385976791384 0.00023621974105481058 -0.91879117488861088
vn -0.28901642560958864 -0.0002053840726148337 -0.95732408761978144
vn -0.98768812417984016 0.00068382447352632 -0.15643443167209626
vn -0.10452846437692642 0 -0.99452191591262816
vn -0.15643443167209626 0.00068382447352632 -0.98768812417984016
vn -0.99452191591262816 0 -0.10452846437692642
vn -0.42339447140693664 0 -0.90594542026519776
vn -0.53361451625823976 0 -0.84572780132293696
vn -0.76040595769882208 0 -0.649448037147522
vn -0.95732408761978144 -0.0002053840726148337 -0.28901642560958864
vn 0.9876883625984192 -0.15643446147441864 0
vn 0.8910065293312072 -0.45399048924446104 0
vn 0.7071067690849304 -0.7071067690849304 0
vn 0.45399048924446104 -0.8910065293312072 0
vn 0.15643446147441864 -0.9876883625984192 0
vn -0.15643446147441864 -0.9876883625984192 0
vn -0.45399048924446104 -0.8910065293312072 0
vn -0.7071067690849304 -0.7071067690849304 0
vn -0.8910065293312072 -0.45399048924446104 0
vn -0.9876883625984192 -0.15643446147441864 0
vn -0.9876883625984192 0.15643446147441864 0
vn -0.8910065293312072 0.45399048924446104 0
vn -0.7071067690849304 0.7071067690849304 0
vn -0.45399048924446104 0.8910065293312072 0
vn -0.15643446147441864 0.9876883625984192 0
vn 0.15643446147441864 0.9876883625984192 0
vn 0.45399048924446104 0.8910065293312072 0
vn 0.7071067690849304 0.7071067690849304 0
vn 0.8910065293312072 0.45399048924446104 0
vn 0.9876883625984192 0.15643446147441864 0
vn 0 0 1
# 3936 vertex normals

g obj_41345162
s 1
f 1//1 2//1 3//1
f 3//1 4//1 1//1
f 4//1 5//1 1//1
f 5//1 6//1 1//1
f 6//1 7//1 1//1
f 7//1 8//1 1//1
f 8//1 9//1 1//1
f 9//1 10//1 1//1
f 10//1 11//1 1//1
f 11//1 12//1 1//1
f 12//1 13//1 1//1
f 13//1 14//1 1//1
f 14//1 15//1 1//1
f 15//1 16//1 1//1
f 16//1 17//1 1//1
f 17//1 18//1 1//1
f 18//1 19//1 1//1
f 19//1 20//1 1//1
f 20//1 21//1 1//1
f 21//1 22//1 1//1
f 22//1 23//1 1//1
f 23//1 24//1 1//1
f 24//1 25//1 1//1
f 25//1 26//1 1//1
f 26//1 27//1 1//1
f 27//1 28//1 1//1
f 28//1 29//1 1//1
f 29//1 2//1 1//1
f 30//2 15//2 14//2
f 31//3 14//3 13//3
f 32//4 13//4 12//4
f 33//5 12//5 11//5
f 34//6 11//6 10//6
f 35//7 10//7 9//7
f 36//8 9//8 8//8
f 37//9 8//9 7//9
f 38//10 7//10 6//10
f 39//11 6//11 5//11
f 40//12 5//12 4//12
f 41//13 4//13 3//13
f 42//14 3//14 2//14
f 43//15 44//15 29//15
f 45//16 2//16 29//16
f 29//16 44//16 45//16
f 43//17 28//17 27//17
f 46//18 27//18 26//18
f 47//19 26//19 25//19
f 48//20 25//20 24//20
f 49//21 24//21 23//21
f 50//22 23//22 22//22
f 51//23 22//23 21//23
f 52//24 21//24 20//24
f 53//25 20//25 19//25
f 54//26 19//26 18//26
f 55//27 18//27 17//27
f 56//28 17//28 16//28
f 57//29 16//29 15//29
f 15//29 30//29 57//29
f 16//28 57//28 56//28
f 17//27 56//27 55//27
f 18//26 55//26 54//26
f 19//25 54//25 53//25
f 20//24 53//24 52//24
f 21//23 52//23 51//23
f 22//22 51//22 50//22
f 23//21 50//21 49//21
f 24//20 49//20 48//20
f 25//19 48//19 47//19
f 26//18 47//18 46//18
f 27//17 46//17 43//17
f 29//15 28//15 43//15
f 2//14 45//14 42//14
f 3//13 42//13 41//13
f 4//12 41//12 40//12
f 5//11 40//11 39//11
f 6//10 39//10 38//10
f 7//9 38//9 37//9
f 8//8 37//8 36//8
f 9//7 36//7 35//7
f 10//6 35//6 34//6
f 11//5 34//5 33//5
f 12//4 33//4 32//4
f 13//3 32//3 31//3
f 14//2 31//2 30//2
f 31//30 58//30 59//30
f 59//31 30//31 31//31
f 31//32 60//32 58//32
f 31//33 32//33 61//33
f 61//34 62//34 31//34
f 32//35 63//35 64//35
f 64//36 61//36 32//36
f 33//37 65//37 66//37
f 66//38 32//38 33//38
f 33//39 34//39 67//39
f 34//40 68//40 67//40
f 34//41 35//41 69//41
f 35//42 70//42 69//42
f 69//43 71//43 34//43
f 35//44 36//44 72//44
f 36//45 73//45 72//45
f 36//46 37//46 74//46
f 37//47 75//47 74//47
f 37//48 76//48 77//48
f 38//49 78//49 76//49
f 76//50 37//50 38//50
f 77//51 75//51 37//51
f 38//52 39//52 79//52
f 39//53 80//53 79//53
f 40//54 81//54 82//54
f 82//55 39//55 40//55
f 40//56 41//56 83//56
f 41//57 84//57 83//57
f 83//58 85//58 40//58
f 41//59 42//59 86//59
f 42//60 87//60 86//60
f 45//61 88//61 89//61
f 45//62 90//62 88//62
f 89//63 42//63 45//63
f 91//64 92//64 44//64
f 45//65 44//65 92//65
f 92//65 90//65 45//65
f 43//66 93//66 94//66
f 94//67 95//67 43//67
f 95//68 91//68 43//68
f 43//69 96//69 97//69
f 97//70 93//70 43//70
f 46//71 98//71 96//71
f 96//72 43//72 46//72
f 47//73 99//73 100//73
f 100//74 46//74 47//74
f 100//75 101//75 46//75
f 48//76 102//76 103//76
f 103//77 47//77 48//77
f 48//78 49//78 104//78
f 49//79 105//79 104//79
f 49//80 50//80 106//80
f 50//81 107//81 106//81
f 51//82 108//82 109//82
f 109//83 50//83 51//83
f 51//84 110//84 108//84
f 52//85 111//85 112//85
f 112//86 51//86 52//86
f 53//87 113//87 114//87
f 114//88 52//88 53//88
f 54//89 115//89 116//89
f 116//90 53//90 54//90
f 54//91 55//91 117//91
f 55//92 118//92 117//92
f 55//93 119//93 120//93
f 55//94 121//94 122//94
f 122//95 119//95 55//95
f 55//96 56//96 123//96
f 56//97 124//97 123//97
f 56//98 125//98 124//98
f 123//99 121//99 55//99
f 56//100 126//100 127//100
f 57//101 128//101 126//101
f 126//102 56//102 57//102
f 57//103 129//103 128//103
f 57//104 30//104 130//104
f 30//105 131//105 130//105
f 130//106 129//106 57//106
f 127//107 125//107 56//107
f 120//108 118//108 55//108
f 117//109 115//109 54//109
f 116//110 113//110 53//110
f 114//111 111//111 52//111
f 112//112 110//112 51//112
f 109//113 107//113 50//113
f 106//114 105//114 49//114
f 104//115 102//115 48//115
f 103//116 99//116 47//116
f 101//117 98//117 46//117
f 44//64 43//64 91//64
f 89//118 87//118 42//118
f 86//119 84//119 41//119
f 85//120 81//120 40//120
f 82//121 80//121 39//121
f 79//122 78//122 38//122
f 74//123 73//123 36//123
f 72//124 70//124 35//124
f 71//125 68//125 34//125
f 67//126 65//126 33//126
f 66//127 63//127 32//127
f 62//128 60//128 31//128
f 59//129 131//129 30//129
f 132//130 133//130 134//130
f 135//131 136//131 137//131
f 135//132 138//132 136//132
f 139//133 140//133 141//133
f 142//134 143//134 144//134
f 142//135 145//135 143//135
f 146//136 147//136 148//136
f 149//137 150//137 151//137
f 152//138 153//138 154//138
f 155//139 156//139 157//139
f 158//140 134//140 153//140
f 156//141 132//141 158//141
f 157//142 158//142 152//142
f 159//143 157//143 160//143
f 150//144 155//144 159//144
f 151//145 159//145 161//145
f 161//146 160//146 162//146
f 163//147 154//147 147//147
f 160//148 152//148 163//148
f 162//149 163//149 146//149
f 164//150 162//150 165//150
f 166//151 161//151 164//151
f 167//152 164//152 168//152
f 169//153 166//153 167//153
f 170//154 171//154 172//154
f 173//155 151//155 166//155
f 171//156 149//156 173//156
f 172//157 173//157 169//157
f 174//158 172//158 175//158
f 174//159 176//159 177//159
f 174//160 178//160 176//160
f 178//161 174//161 179//161
f 179//162 175//162 180//162
f 181//163 167//163 182//163
f 175//164 169//164 181//164
f 180//165 181//165 183//165
f 184//166 180//166 185//166
f 184//167 186//167 187//167
f 188//168 189//168 186//168
f 188//169 190//169 189//169
f 183//170 182//170 191//170
f 192//171 193//171 194//171
f 168//172 165//172 195//172
f 192//173 196//173 197//173
f 196//174 148//174 197//174
f 165//175 146//175 196//175
f 195//176 196//176 192//176
f 198//177 195//177 199//177
f 182//178 168//178 198//178
f 191//179 198//179 200//179
f 200//180 199//180 201//180
f 202//181 203//181 204//181
f 199//182 192//182 205//182
f 205//183 194//183 206//183
f 201//184 205//184 204//184
f 203//185 207//185 208//185
f 203//186 202//186 110//186
f 202//187 108//187 110//187
f 112//188 111//188 207//188
f 209//189 208//189 207//189
f 210//190 211//190 212//190
f 211//191 200//191 212//191
f 212//192 201//192 208//192
f 210//193 209//193 213//193
f 213//194 207//194 111//194
f 114//195 113//195 214//195
f 215//196 211//196 210//196
f 188//197 185//197 216//197
f 217//198 191//198 211//198
f 185//199 183//199 217//199
f 216//200 217//200 215//200
f 218//201 216//201 219//201
f 190//202 188//202 218//202
f 220//203 221//203 222//203
f 220//204 219//204 223//204
f 224//205 214//205 113//205
f 224//206 210//206 214//206
f 219//207 215//207 224//207
f 223//208 224//208 116//208
f 115//209 117//209 225//209
f 220//210 225//210 226//210
f 225//211 227//211 226//211
f 225//212 117//212 118//212
f 118//213 227//213 225//213
f 228//214 229//214 230//214
f 231//215 232//215 233//215
f 234//216 235//216 236//216
f 237//217 238//217 239//217
f 240//218 234//218 241//218
f 240//219 242//219 243//219
f 240//220 137//220 242//220
f 239//221 244//221 234//221
f 244//222 238//222 245//222
f 244//223 239//223 238//223
f 246//224 247//224 245//224
f 238//225 237//225 248//225
f 247//226 246//226 232//226
f 247//227 249//227 250//227
f 231//228 251//228 249//228
f 250//229 252//229 253//229
f 235//230 230//230 229//230
f 244//231 253//231 235//231
f 253//232 254//232 230//232
f 252//233 255//233 254//233
f 249//234 256//234 252//234
f 251//235 257//235 256//235
f 256//236 258//236 255//236
f 257//237 259//237 258//237
f 260//238 261//238 257//238
f 262//239 263//239 264//239
f 265//240 260//240 251//240
f 266//241 267//241 268//241
f 269//242 268//242 265//242
f 264//243 267//243 270//243
f 267//244 266//244 270//244
f 267//245 271//245 272//245
f 268//246 272//246 260//246
f 264//247 273//247 271//247
f 263//248 274//248 273//248
f 275//249 276//249 277//249
f 276//250 278//250 277//250
f 263//251 262//251 278//251
f 100//252 99//252 275//252
f 275//253 279//253 280//253
f 276//254 280//254 274//254
f 279//255 275//255 99//255
f 274//256 281//256 282//256
f 261//257 283//257 259//257
f 271//258 284//258 285//258
f 272//259 285//259 261//259
f 273//260 282//260 284//260
f 284//261 286//261 287//261
f 285//262 287//262 283//262
f 282//263 288//263 286//263
f 281//264 289//264 288//264
f 279//265 290//265 291//265
f 280//266 291//266 281//266
f 103//267 102//267 290//267
f 290//268 292//268 293//268
f 291//269 293//269 289//269
f 102//270 104//270 292//270
f 294//271 259//271 283//271
f 295//272 296//272 297//272
f 298//273 254//273 255//273
f 296//274 228//274 299//274
f 299//275 230//275 254//275
f 297//276 299//276 298//276
f 300//277 298//277 301//277
f 301//278 258//278 259//278
f 301//279 255//279 258//279
f 302//280 301//280 294//280
f 303//281 300//281 302//281
f 133//282 295//282 304//282
f 304//283 297//283 300//283
f 134//284 304//284 303//284
f 153//285 303//285 305//285
f 305//286 302//286 306//286
f 154//287 305//287 307//287
f 307//288 308//288 309//288
f 307//289 306//289 308//289
f 289//290 310//290 311//290
f 306//291 294//291 312//291
f 286//292 313//292 314//292
f 312//293 283//293 287//293
f 288//294 311//294 313//294
f 309//295 314//295 313//295
f 308//296 312//296 314//296
f 315//297 313//297 311//297
f 310//298 316//298 317//298
f 292//299 318//299 319//299
f 293//300 319//300 310//300
f 292//301 104//301 105//301
f 318//302 320//302 321//302
f 319//303 321//303 316//303
f 106//304 320//304 318//304
f 316//305 322//305 323//305
f 147//306 307//306 324//306
f 324//307 309//307 315//307
f 325//308 315//308 317//308
f 148//309 324//309 325//309
f 197//310 325//310 323//310
f 193//311 323//311 322//311
f 320//312 326//312 327//312
f 321//313 327//313 322//313
f 320//314 106//314 107//314
f 107//315 326//315 320//315
f 326//316 202//316 206//316
f 327//317 206//317 194//317
f 109//318 108//318 202//318
f 328//319 329//319 330//319
f 328//320 331//320 329//320
f 332//321 333//321 334//321
f 335//322 336//322 337//322
f 335//323 338//323 336//323
f 339//324 332//324 340//324
f 341//325 342//325 343//325
f 339//326 344//326 345//326
f 339//327 144//327 344//327
f 342//328 341//328 338//328
f 342//329 346//329 347//329
f 343//330 347//330 332//330
f 346//331 342//331 335//331
f 348//332 335//332 349//332
f 350//333 351//333 352//333
f 351//334 350//334 349//334
f 353//335 352//335 331//335
f 354//336 350//336 353//336
f 355//337 349//337 350//337
f 356//338 353//338 328//338
f 357//339 348//339 355//339
f 333//340 139//340 358//340
f 359//341 347//341 346//341
f 347//342 359//342 333//342
f 360//343 346//343 348//343
f 361//344 359//344 360//344
f 139//345 333//345 359//345
f 362//346 360//346 357//346
f 363//347 357//347 364//347
f 365//348 354//348 356//348
f 364//349 355//349 354//349
f 366//350 356//350 367//350
f 368//351 365//351 366//351
f 369//352 364//352 365//352
f 370//353 366//353 371//353
f 371//354 367//354 372//354
f 373//355 374//355 375//355
f 367//356 328//356 376//356
f 377//357 378//357 379//357
f 330//358 380//358 379//358
f 379//359 376//359 330//359
f 378//360 381//360 382//360
f 378//361 377//361 383//361
f 375//362 384//362 381//362
f 381//363 385//363 386//363
f 376//364 382//364 386//364
f 386//365 372//365 376//365
f 387//366 385//366 388//366
f 387//367 386//367 385//367
f 384//368 388//368 385//368
f 389//369 390//369 388//369
f 374//370 391//370 138//370
f 374//371 373//371 391//371
f 374//372 389//372 384//372
f 135//373 241//373 389//373
f 241//374 236//374 390//374
f 390//375 392//375 393//375
f 236//376 229//376 392//376
f 394//377 393//377 392//377
f 395//378 371//378 396//378
f 397//379 387//379 393//379
f 372//380 387//380 397//380
f 397//381 396//381 372//381
f 398//382 397//382 394//382
f 399//383 398//383 400//383
f 400//384 401//384 399//384
f 402//385 396//385 398//385
f 401//386 400//386 403//386
f 404//387 392//387 229//387
f 400//388 394//388 404//388
f 403//389 404//389 228//389
f 405//390 403//390 296//390
f 406//391 401//391 405//391
f 407//392 405//392 295//392
f 408//393 409//393 410//393
f 411//394 402//394 399//394
f 411//395 395//395 402//395
f 409//396 141//396 140//396
f 412//397 363//397 369//397
f 413//398 361//398 362//398
f 140//399 139//399 361//399
f 414//400 362//400 363//400
f 415//401 368//401 370//401
f 416//402 369//402 368//402
f 417//403 370//403 395//403
f 418//404 412//404 416//404
f 419//405 413//405 414//405
f 410//406 140//406 413//406
f 420//407 414//407 412//407
f 421//408 415//408 417//408
f 422//409 416//409 415//409
f 423//410 417//410 411//410
f 424//411 411//411 425//411
f 426//412 406//412 407//412
f 425//413 399//413 406//413
f 406//414 426//414 425//414
f 427//415 426//415 428//415
f 428//416 407//416 133//416
f 429//417 428//417 132//417
f 430//418 427//418 429//418
f 431//419 425//419 427//419
f 427//420 430//420 431//420
f 432//421 430//421 433//421
f 433//422 429//422 156//422
f 434//423 433//423 155//423
f 435//424 424//424 431//424
f 436//425 408//425 437//425
f 438//426 418//426 422//426
f 439//427 419//427 420//427
f 437//428 410//428 419//428
f 440//429 420//429 418//429
f 441//430 421//430 423//430
f 442//431 422//431 421//431
f 423//432 424//432 435//432
f 435//433 443//433 423//433
f 444//434 438//434 442//434
f 445//435 439//435 440//435
f 439//436 445//436 446//436
f 438//437 444//437 447//437
f 448//438 449//438 450//438
f 443//439 451//439 448//439
f 452//440 441//440 443//440
f 448//441 452//441 443//441
f 453//442 442//442 441//442
f 448//443 451//443 454//443
f 455//444 432//444 434//444
f 451//445 435//445 456//445
f 456//446 431//446 432//446
f 454//447 456//447 455//447
f 457//448 455//448 458//448
f 458//449 434//449 150//449
f 459//450 458//450 149//450
f 460//451 457//451 459//451
f 448//452 461//452 462//452
f 461//453 463//453 462//453
f 461//454 454//454 457//454
f 460//455 464//455 463//455
f 460//456 465//456 464//456
f 465//457 460//457 466//457
f 466//458 459//458 171//458
f 467//459 466//459 170//459
f 170//460 177//460 467//460
f 171//461 170//461 466//461
f 466//462 467//462 465//462
f 463//463 461//463 460//463
f 457//464 460//464 461//464
f 462//465 449//465 448//465
f 459//466 466//466 460//466
f 149//467 171//467 459//467
f 150//468 149//468 458//468
f 458//469 459//469 457//469
f 455//470 457//470 454//470
f 432//471 455//471 456//471
f 456//472 454//472 451//472
f 434//473 458//473 455//473
f 454//474 461//474 448//474
f 441//475 452//475 453//475
f 450//476 452//476 448//476
f 447//477 440//477 438//477
f 446//478 437//478 439//478
f 440//479 447//479 445//479
f 442//480 453//480 444//480
f 435//481 451//481 443//481
f 421//482 441//482 442//482
f 423//483 443//483 441//483
f 418//484 438//484 440//484
f 419//485 439//485 437//485
f 420//486 440//486 439//486
f 422//487 442//487 438//487
f 437//488 446//488 436//488
f 431//489 456//489 435//489
f 155//490 150//490 434//490
f 156//491 155//491 433//491
f 433//492 434//492 432//492
f 430//493 432//493 431//493
f 429//494 433//494 430//494
f 132//495 156//495 429//495
f 133//496 132//496 428//496
f 428//497 429//497 427//497
f 426//498 427//498 425//498
f 407//499 428//499 426//499
f 425//500 431//500 424//500
f 411//501 424//501 423//501
f 415//502 421//502 422//502
f 417//503 423//503 421//503
f 412//504 418//504 420//504
f 413//505 419//505 410//505
f 414//506 420//506 419//506
f 416//507 422//507 418//507
f 395//508 411//508 417//508
f 368//509 415//509 416//509
f 370//510 417//510 415//510
f 363//511 412//511 414//511
f 361//512 413//512 140//512
f 362//513 414//513 413//513
f 369//514 416//514 412//514
f 140//515 410//515 409//515
f 399//516 425//516 411//516
f 410//517 437//517 408//517
f 295//518 133//518 407//518
f 405//519 407//519 406//519
f 296//520 295//520 405//520
f 228//521 296//521 403//521
f 404//522 403//522 400//522
f 229//523 228//523 404//523
f 403//524 405//524 401//524
f 398//525 399//525 402//525
f 401//526 406//526 399//526
f 394//527 400//527 398//527
f 397//528 398//528 396//528
f 393//529 394//529 397//529
f 396//530 402//530 395//530
f 392//531 404//531 394//531
f 392//532 390//532 236//532
f 393//533 388//533 390//533
f 390//534 389//534 241//534
f 389//535 374//535 135//535
f 384//536 375//536 374//536
f 138//537 135//537 374//537
f 388//538 384//538 389//538
f 385//539 381//539 384//539
f 388//540 393//540 387//540
f 386//541 387//541 372//541
f 386//542 382//542 381//542
f 381//543 378//543 375//543
f 383//544 375//544 378//544
f 382//545 379//545 378//545
f 379//546 382//546 376//546
f 379//547 380//547 377//547
f 376//548 372//548 367//548
f 375//549 383//549 373//549
f 372//550 396//550 371//550
f 371//551 395//551 370//551
f 365//552 368//552 369//552
f 366//553 370//553 368//553
f 367//554 371//554 366//554
f 354//555 365//555 364//555
f 356//556 366//556 365//556
f 364//557 369//557 363//557
f 357//558 363//558 362//558
f 359//559 361//559 139//559
f 360//560 362//560 361//560
f 348//561 357//561 360//561
f 333//562 332//562 347//562
f 346//563 360//563 359//563
f 358//564 334//564 333//564
f 355//565 364//565 357//565
f 328//566 367//566 356//566
f 350//567 354//567 355//567
f 353//568 356//568 354//568
f 331//569 328//569 353//569
f 349//570 337//570 351//570
f 352//571 353//571 350//571
f 349//572 355//572 348//572
f 335//573 348//573 346//573
f 332//574 339//574 343//574
f 347//575 343//575 342//575
f 338//576 335//576 342//576
f 345//577 343//577 339//577
f 343//578 345//578 341//578
f 340//579 142//579 339//579
f 337//580 349//580 335//580
f 334//581 340//581 332//581
f 330//582 376//582 328//582
f 202//583 326//583 109//583
f 194//584 322//584 327//584
f 206//585 327//585 326//585
f 107//586 109//586 326//586
f 322//587 316//587 321//587
f 327//588 321//588 320//588
f 322//589 194//589 193//589
f 323//590 193//590 197//590
f 325//591 197//591 148//591
f 317//592 323//592 325//592
f 315//593 325//593 324//593
f 324//594 148//594 147//594
f 323//595 317//595 316//595
f 318//596 105//596 106//596
f 316//597 310//597 319//597
f 321//598 319//598 318//598
f 105//599 318//599 292//599
f 310//600 289//600 293//600
f 319//601 293//601 292//601
f 317//602 311//602 310//602
f 311//603 317//603 315//603
f 314//604 309//604 308//604
f 313//605 315//605 309//605
f 313//606 286//606 288//606
f 287//607 314//607 312//607
f 314//608 287//608 286//608
f 312//609 308//609 306//609
f 311//610 288//610 289//610
f 309//611 324//611 307//611
f 307//612 147//612 154//612
f 306//613 307//613 305//613
f 305//614 154//614 153//614
f 303//615 153//615 134//615
f 300//616 303//616 304//616
f 304//617 134//617 133//617
f 302//618 305//618 303//618
f 294//619 306//619 302//619
f 259//620 294//620 301//620
f 301//621 302//621 300//621
f 298//622 300//622 297//622
f 254//623 298//623 299//623
f 299//624 297//624 296//624
f 255//625 301//625 298//625
f 297//626 304//626 295//626
f 283//627 312//627 294//627
f 292//628 290//628 102//628
f 289//629 281//629 291//629
f 293//630 291//630 290//630
f 290//631 279//631 103//631
f 281//632 274//632 280//632
f 291//633 280//633 279//633
f 288//634 282//634 281//634
f 286//635 284//635 282//635
f 283//636 261//636 285//636
f 287//637 285//637 284//637
f 284//638 271//638 273//638
f 261//639 260//639 272//639
f 285//640 272//640 271//640
f 259//641 257//641 261//641
f 282//642 273//642 274//642
f 99//643 103//643 279//643
f 274//644 263//644 276//644
f 280//645 276//645 275//645
f 275//646 468//646 100//646
f 278//647 276//647 263//647
f 277//648 468//648 275//648
f 273//649 264//649 263//649
f 271//650 267//650 264//650
f 260//651 265//651 268//651
f 272//652 268//652 267//652
f 270//653 469//653 264//653
f 265//654 233//654 269//654
f 268//655 269//655 266//655
f 251//656 231//656 265//656
f 264//657 469//657 262//657
f 257//658 251//658 260//658
f 258//659 256//659 257//659
f 255//660 252//660 256//660
f 256//661 249//661 251//661
f 252//662 250//662 249//662
f 254//663 253//663 252//663
f 230//664 235//664 253//664
f 235//665 234//665 244//665
f 229//666 236//666 235//666
f 253//667 244//667 250//667
f 249//668 247//668 231//668
f 250//669 245//669 247//669
f 232//670 231//670 247//670
f 248//671 245//671 238//671
f 245//672 248//672 246//672
f 245//673 250//673 244//673
f 234//674 240//674 239//674
f 243//675 239//675 240//675
f 241//676 135//676 240//676
f 239//677 243//677 237//677
f 236//678 241//678 234//678
f 233//679 265//679 231//679
f 230//680 299//680 228//680
f 118//681 120//681 227//681
f 226//682 221//682 220//682
f 225//683 223//683 115//683
f 116//684 115//684 223//684
f 224//685 223//685 219//685
f 113//686 116//686 224//686
f 223//687 225//687 220//687
f 222//688 218//688 220//688
f 218//689 222//689 190//689
f 219//690 220//690 218//690
f 215//691 219//691 216//691
f 217//692 216//692 185//692
f 211//693 215//693 217//693
f 216//694 218//694 188//694
f 210//695 224//695 215//695
f 214//696 213//696 114//696
f 111//697 114//697 213//697
f 213//698 214//698 210//698
f 208//699 209//699 212//699
f 212//700 209//700 210//700
f 207//701 213//701 209//701
f 207//702 203//702 112//702
f 110//703 112//703 203//703
f 208//704 204//704 203//704
f 204//705 208//705 201//705
f 206//706 204//706 205//706
f 205//707 201//707 199//707
f 204//708 206//708 202//708
f 201//709 212//709 200//709
f 200//710 211//710 191//710
f 198//711 191//711 182//711
f 199//712 200//712 198//712
f 192//713 199//713 195//713
f 196//714 195//714 165//714
f 197//715 193//715 192//715
f 195//716 198//716 168//716
f 194//717 205//717 192//717
f 191//718 217//718 183//718
f 186//719 184//719 188//719
f 187//720 179//720 184//720
f 185//721 188//721 184//721
f 183//722 185//722 180//722
f 181//723 180//723 175//723
f 182//724 183//724 181//724
f 180//725 184//725 179//725
f 179//726 187//726 178//726
f 177//727 170//727 174//727
f 175//728 179//728 174//728
f 169//729 175//729 172//729
f 173//730 172//730 171//730
f 166//731 169//731 173//731
f 172//732 174//732 170//732
f 167//733 181//733 169//733
f 168//734 182//734 167//734
f 164//735 167//735 166//735
f 165//736 168//736 164//736
f 146//737 165//737 162//737
f 163//738 162//738 160//738
f 147//739 146//739 163//739
f 162//740 164//740 161//740
f 161//741 166//741 151//741
f 159//742 151//742 150//742
f 160//743 161//743 159//743
f 152//744 160//744 157//744
f 158//745 157//745 156//745
f 153//746 152//746 158//746
f 157//747 159//747 155//747
f 154//748 163//748 152//748
f 151//749 173//749 149//749
f 148//750 196//750 146//750
f 144//751 339//751 142//751
f 141//752 358//752 139//752
f 137//753 240//753 135//753
f 134//754 158//754 132//754
f 470//755 471//755 472//755
f 473//756 474//756 176//756
f 474//757 177//757 176//757
f 475//758 476//758 477//758
f 436//759 446//759 478//759
f 479//760 480//760 481//760
f 482//761 483//761 484//761
f 485//762 486//762 487//762
f 471//763 488//763 489//763
f 471//764 470//764 488//764
f 486//765 470//765 490//765
f 491//766 488//766 470//766
f 492//767 489//767 488//767
f 493//768 491//768 486//768
f 480//769 485//769 494//769
f 485//770 480//770 495//770
f 480//771 496//771 495//771
f 495//772 497//772 493//772
f 493//773 497//773 498//773
f 498//774 491//774 493//774
f 499//775 500//775 492//775
f 501//776 502//776 503//776
f 500//777 482//777 489//777
f 483//778 504//778 502//778
f 483//779 482//779 504//779
f 502//780 501//780 505//780
f 506//781 504//781 482//781
f 507//782 502//782 504//782
f 508//783 503//783 502//783
f 509//784 510//784 511//784
f 512//785 503//785 510//785
f 513//786 511//786 514//786
f 514//787 515//787 513//787
f 511//788 516//788 514//788
f 510//789 517//789 518//789
f 503//790 508//790 517//790
f 516//791 511//791 518//791
f 519//792 508//792 507//792
f 520//793 521//793 497//793
f 522//794 506//794 500//794
f 521//795 499//795 498//795
f 523//796 522//796 499//796
f 523//797 524//797 522//797
f 524//798 507//798 506//798
f 525//799 523//799 521//799
f 526//800 520//800 495//800
f 527//801 525//801 520//801
f 525//802 528//802 529//802
f 529//803 523//803 525//803
f 529//804 530//804 531//804
f 517//805 532//805 533//805
f 531//806 519//806 524//806
f 532//807 517//807 508//807
f 530//808 532//808 519//808
f 534//809 533//809 532//809
f 533//810 535//810 536//810
f 533//811 534//811 537//811
f 538//812 534//812 530//812
f 539//813 528//813 525//813
f 528//814 539//814 540//814
f 539//815 541//815 540//815
f 540//816 542//816 543//816
f 544//817 537//817 534//817
f 543//818 538//818 529//818
f 542//819 544//819 538//819
f 496//820 545//820 546//820
f 545//821 547//821 546//821
f 548//822 549//822 550//822
f 548//823 551//823 549//823
f 545//824 496//824 480//824
f 549//825 479//825 552//825
f 551//826 545//826 479//826
f 123//827 548//827 553//827
f 551//828 548//828 554//828
f 548//829 555//829 554//829
f 554//830 556//830 557//830
f 558//831 539//831 527//831
f 557//832 547//832 545//832
f 557//833 559//833 547//833
f 560//834 527//834 526//834
f 559//835 560//835 546//835
f 557//836 556//836 561//836
f 561//837 559//837 557//837
f 561//838 562//838 563//838
f 564//839 541//839 539//839
f 560//840 565//840 566//840
f 559//841 563//841 567//841
f 567//842 560//842 559//842
f 567//843 568//843 560//843
f 568//844 569//844 560//844
f 569//845 570//845 560//845
f 570//846 571//846 560//846
f 571//847 572//847 560//847
f 572//848 565//848 560//848
f 564//849 568//849 567//849
f 564//850 566//850 565//850
f 565//851 572//851 564//851
f 572//852 571//852 564//852
f 564//853 558//853 566//853
f 571//854 570//854 564//854
f 570//855 569//855 564//855
f 569//856 568//856 564//856
f 567//857 562//857 564//857
f 124//858 555//858 548//858
f 573//859 574//859 575//859
f 222//860 576//860 577//860
f 577//861 578//861 222//861
f 574//862 474//862 473//862
f 579//863 187//863 186//863
f 187//864 579//864 473//864
f 580//865 186//865 189//865
f 189//866 578//866 580//866
f 581//867 579//867 580//867
f 575//868 473//868 579//868
f 578//869 577//869 582//869
f 583//870 221//870 226//870
f 226//871 584//871 583//871
f 583//872 576//872 222//872
f 120//873 119//873 584//873
f 576//874 585//874 586//874
f 472//875 573//875 587//875
f 588//876 581//876 582//876
f 587//877 575//877 581//877
f 577//878 586//878 589//878
f 487//879 588//879 589//879
f 490//880 587//880 588//880
f 494//881 589//881 586//881
f 481//882 586//882 585//882
f 584//883 590//883 591//883
f 583//884 591//884 585//884
f 590//885 584//885 119//885
f 550//886 591//886 590//886
f 552//887 585//887 591//887
f 553//888 590//888 122//888
f 592//889 462//889 463//889
f 592//890 449//890 462//890
f 593//891 594//891 595//891
f 596//892 597//892 453//892
f 597//893 444//893 453//893
f 594//894 598//894 478//894
f 445//895 447//895 599//895
f 600//896 478//896 446//896
f 597//897 599//897 447//897
f 447//898 444//898 597//898
f 601//899 600//899 599//899
f 595//900 478//900 600//900
f 602//901 599//901 603//901
f 604//902 603//902 605//902
f 596//903 452//903 450//903
f 606//904 596//904 449//904
f 449//905 592//905 606//905
f 597//906 596//906 605//906
f 596//907 606//907 605//907
f 607//908 606//908 592//908
f 608//909 605//909 606//909
f 609//910 604//910 608//910
f 475//911 593//911 610//911
f 611//912 601//912 602//912
f 610//913 595//913 601//913
f 612//914 602//914 604//914
f 613//915 611//915 612//915
f 476//916 610//916 611//916
f 614//917 612//917 609//917
f 615//918 609//918 616//918
f 617//919 607//919 618//919
f 616//920 608//920 607//920
f 619//921 617//921 620//921
f 621//922 616//922 617//922
f 620//923 618//923 622//923
f 623//924 465//924 467//924
f 618//925 592//925 624//925
f 623//926 624//926 464//926
f 624//927 463//927 464//927
f 622//928 624//928 623//928
f 625//929 623//929 626//929
f 626//930 467//930 177//930
f 627//931 626//931 474//931
f 628//932 625//932 627//932
f 629//933 620//933 630//933
f 630//934 622//934 625//934
f 631//935 630//935 628//935
f 632//936 628//936 633//936
f 633//937 627//937 574//937
f 634//938 633//938 573//938
f 635//939 636//939 637//939
f 629//940 631//940 638//940
f 636//941 635//941 639//941
f 615//942 621//942 640//942
f 613//943 614//943 641//943
f 476//944 613//944 642//944
f 614//945 615//945 643//945
f 619//946 629//946 644//946
f 621//947 619//947 645//947
f 643//948 640//948 646//948
f 642//949 641//949 647//949
f 477//950 642//950 648//950
f 641//951 643//951 649//951
f 645//952 644//952 650//952
f 640//953 645//953 651//953
f 644//954 638//954 652//954
f 653//955 654//955 632//955
f 654//956 638//956 631//956
f 471//957 653//957 634//957
f 655//958 656//958 654//958
f 638//959 654//959 656//959
f 484//960 655//960 653//960
f 657//961 658//961 659//961
f 650//962 652//962 657//962
f 659//963 650//963 657//963
f 660//964 637//964 661//964
f 649//965 646//965 662//965
f 648//966 647//966 663//966
f 636//967 648//967 664//967
f 647//968 649//968 665//968
f 651//969 650//969 666//969
f 646//970 651//970 667//970
f 665//971 662//971 668//971
f 664//972 663//972 669//972
f 637//973 664//973 670//973
f 671//974 669//974 663//974
f 666//975 672//975 673//975
f 673//976 667//976 666//976
f 662//977 667//977 674//977
f 674//978 668//978 662//978
f 675//979 676//979 673//979
f 666//980 659//980 677//980
f 678//981 679//981 656//981
f 656//982 679//982 680//982
f 680//983 652//983 656//983
f 657//984 680//984 681//984
f 680//985 682//985 683//985
f 680//986 679//986 682//986
f 678//987 684//987 685//987
f 685//988 679//988 678//988
f 483//989 678//989 655//989
f 505//990 684//990 678//990
f 686//991 683//991 682//991
f 687//992 686//992 685//992
f 501//993 687//993 684//993
f 688//994 689//994 683//994
f 672//995 677//995 690//995
f 677//996 691//996 690//996
f 658//997 681//997 692//997
f 692//998 693//998 658//998
f 659//999 658//999 694//999
f 681//1000 689//1000 695//1000
f 681//1001 683//1001 689//1001
f 695//1002 696//1002 681//1002
f 697//1003 698//1003 694//1003
f 677//1004 694//1004 698//1004
f 699//1005 700//1005 692//1005
f 693//1006 700//1006 701//1006
f 693//1007 692//1007 700//1007
f 699//1008 702//1008 703//1008
f 703//1009 700//1009 699//1009
f 696//1010 695//1010 704//1010
f 699//1011 704//1011 705//1011
f 695//1012 706//1012 707//1012
f 501//1013 512//1013 708//1013
f 708//1014 687//1014 501//1014
f 686//1015 687//1015 709//1015
f 688//1016 710//1016 706//1016
f 706//1017 689//1017 688//1017
f 688//1018 709//1018 711//1018
f 709//1019 708//1019 712//1019
f 708//1020 512//1020 509//1020
f 711//1021 712//1021 713//1021
f 711//1022 714//1022 715//1022
f 715//1023 710//1023 711//1023
f 704//1024 707//1024 716//1024
f 706//1025 710//1025 717//1025
f 707//1026 717//1026 718//1026
f 717//1027 715//1027 719//1027
f 715//1028 714//1028 720//1028
f 714//1029 713//1029 721//1029
f 721//1030 722//1030 714//1030
f 712//1031 509//1031 513//1031
f 713//1032 513//1032 515//1032
f 515//1033 721//1033 713//1033
f 513//1034 713//1034 712//1034
f 722//1035 720//1035 714//1035
f 720//1036 719//1036 715//1036
f 719//1037 718//1037 717//1037
f 718//1038 716//1038 707//1038
f 717//1039 707//1039 706//1039
f 716//1040 705//1040 704//1040
f 715//1041 717//1041 710//1041
f 713//1042 714//1042 711//1042
f 509//1043 712//1043 708//1043
f 712//1044 711//1044 709//1044
f 711//1045 710//1045 688//1045
f 706//1046 695//1046 689//1046
f 709//1047 688//1047 686//1047
f 708//1048 709//1048 687//1048
f 707//1049 704//1049 695//1049
f 705//1050 702//1050 699//1050
f 704//1051 699//1051 696//1051
f 703//1052 701//1052 700//1052
f 701//1053 697//1053 693//1053
f 692//1054 696//1054 699//1054
f 698//1055 691//1055 677//1055
f 694//1056 693//1056 697//1056
f 696//1057 692//1057 681//1057
f 694//1058 677//1058 659//1058
f 693//1059 694//1059 658//1059
f 690//1060 675//1060 672//1060
f 683//1061 686//1061 688//1061
f 684//1062 505//1062 501//1062
f 685//1063 684//1063 687//1063
f 682//1064 685//1064 686//1064
f 678//1065 483//1065 505//1065
f 655//1066 484//1066 483//1066
f 685//1067 682//1067 679//1067
f 683//1068 681//1068 680//1068
f 681//1069 658//1069 657//1069
f 680//1070 657//1070 652//1070
f 656//1071 655//1071 678//1071
f 677//1072 672//1072 666//1072
f 673//1073 672//1073 675//1073
f 676//1074 674//1074 673//1074
f 674//1075 676//1075 668//1075
f 673//1076 674//1076 667//1076
f 663//1077 665//1077 671//1077
f 670//1078 661//1078 637//1078
f 669//1079 670//1079 664//1079
f 668//1080 671//1080 665//1080
f 667//1081 662//1081 646//1081
f 666//1082 667//1082 651//1082
f 665//1083 663//1083 647//1083
f 664//1084 637//1084 636//1084
f 663//1085 664//1085 648//1085
f 662//1086 665//1086 649//1086
f 661//1087 723//1087 660//1087
f 659//1088 666//1088 650//1088
f 653//1089 471//1089 484//1089
f 656//1090 652//1090 638//1090
f 654//1091 653//1091 655//1091
f 634//1092 472//1092 471//1092
f 631//1093 632//1093 654//1093
f 632//1094 634//1094 653//1094
f 652//1095 650//1095 644//1095
f 651//1096 646//1096 640//1096
f 650//1097 651//1097 645//1097
f 649//1098 647//1098 641//1098
f 648//1099 636//1099 477//1099
f 647//1100 648//1100 642//1100
f 646//1101 649//1101 643//1101
f 645//1102 640//1102 621//1102
f 644//1103 645//1103 619//1103
f 643//1104 641//1104 614//1104
f 642//1105 477//1105 476//1105
f 641//1106 642//1106 613//1106
f 640//1107 643//1107 615//1107
f 639//1108 477//1108 636//1108
f 638//1109 644//1109 629//1109
f 637//1110 660//1110 635//1110
f 573//1111 472//1111 634//1111
f 574//1112 573//1112 633//1112
f 633//1113 634//1113 632//1113
f 628//1114 632//1114 631//1114
f 625//1115 628//1115 630//1115
f 630//1116 631//1116 629//1116
f 627//1117 633//1117 628//1117
f 474//1118 574//1118 627//1118
f 177//1119 474//1119 626//1119
f 626//1120 627//1120 625//1120
f 623//1121 625//1121 622//1121
f 464//1122 465//1122 623//1122
f 624//1123 622//1123 618//1123
f 467//1124 626//1124 623//1124
f 622//1125 630//1125 620//1125
f 617//1126 619//1126 621//1126
f 620//1127 629//1127 619//1127
f 607//1128 617//1128 616//1128
f 618//1129 620//1129 617//1129
f 616//1130 621//1130 615//1130
f 609//1131 615//1131 614//1131
f 611//1132 613//1132 476//1132
f 612//1133 614//1133 613//1133
f 604//1134 609//1134 612//1134
f 601//1135 611//1135 610//1135
f 602//1136 612//1136 611//1136
f 610//1137 476//1137 475//1137
f 608//1138 616//1138 609//1138
f 606//1139 607//1139 608//1139
f 592//1140 618//1140 607//1140
f 605//1141 603//1141 597//1141
f 450//1142 449//1142 596//1142
f 605//1143 608//1143 604//1143
f 603//1144 604//1144 602//1144
f 600//1145 601//1145 595//1145
f 599//1146 602//1146 601//1146
f 597//1147 603//1147 599//1147
f 446//1148 445//1148 600//1148
f 599//1149 600//1149 445//1149
f 478//1150 595//1150 594//1150
f 453//1151 452//1151 596//1151
f 595//1152 610//1152 593//1152
f 463//1153 624//1153 592//1153
f 122//1154 121//1154 553//1154
f 591//1155 550//1155 552//1155
f 590//1156 553//1156 550//1156
f 119//1157 122//1157 590//1157
f 585//1158 576//1158 583//1158
f 591//1159 583//1159 584//1159
f 585//1160 552//1160 481//1160
f 586//1161 481//1161 494//1161
f 588//1162 487//1162 490//1162
f 589//1163 494//1163 487//1163
f 589//1164 582//1164 577//1164
f 581//1165 588//1165 587//1165
f 582//1166 589//1166 588//1166
f 587//1167 490//1167 472//1167
f 586//1168 577//1168 576//1168
f 584//1169 227//1169 120//1169
f 222//1170 221//1170 583//1170
f 226//1171 227//1171 584//1171
f 582//1172 580//1172 578//1172
f 579//1173 581//1173 575//1173
f 580//1174 582//1174 581//1174
f 189//1175 190//1175 578//1175
f 473//1176 178//1176 187//1176
f 186//1177 580//1177 579//1177
f 473//1178 575//1178 574//1178
f 578//1179 190//1179 222//1179
f 575//1180 587//1180 573//1180
f 548//1181 123//1181 124//1181
f 567//1182 563//1182 562//1182
f 566//1183 558//1183 560//1183
f 539//1184 558//1184 564//1184
f 561//1185 563//1185 559//1185
f 546//1186 547//1186 559//1186
f 526//1187 546//1187 560//1187
f 545//1188 551//1188 557//1188
f 527//1189 560//1189 558//1189
f 554//1190 557//1190 551//1190
f 553//1191 121//1191 123//1191
f 479//1192 549//1192 551//1192
f 552//1193 550//1193 549//1193
f 480//1194 479//1194 545//1194
f 550//1195 553//1195 548//1195
f 546//1196 526//1196 496//1196
f 538//1197 543//1197 542//1197
f 529//1198 528//1198 543//1198
f 534//1199 538//1199 544//1199
f 540//1200 543//1200 528//1200
f 525//1201 527//1201 539//1201
f 530//1202 529//1202 538//1202
f 537//1203 535//1203 533//1203
f 536//1204 518//1204 533//1204
f 532//1205 530//1205 534//1205
f 519//1206 531//1206 530//1206
f 508//1207 519//1207 532//1207
f 524//1208 523//1208 531//1208
f 533//1209 518//1209 517//1209
f 529//1210 531//1210 523//1210
f 520//1211 526//1211 527//1211
f 495//1212 496//1212 526//1212
f 521//1213 520//1213 525//1213
f 506//1214 522//1214 524//1214
f 499//1215 521//1215 523//1215
f 498//1216 497//1216 521//1216
f 500//1217 499//1217 522//1217
f 497//1218 495//1218 520//1218
f 507//1219 524//1219 519//1219
f 518//1220 536//1220 516//1220
f 517//1221 510//1221 503//1221
f 518//1222 511//1222 510//1222
f 510//1223 509//1223 512//1223
f 511//1224 513//1224 509//1224
f 502//1225 507//1225 508//1225
f 504//1226 506//1226 507//1226
f 482//1227 500//1227 506//1227
f 502//1228 505//1228 483//1228
f 489//1229 492//1229 500//1229
f 503//1230 512//1230 501//1230
f 492//1231 498//1231 499//1231
f 498//1232 492//1232 491//1232
f 495//1233 493//1233 485//1233
f 494//1234 481//1234 480//1234
f 486//1235 485//1235 493//1235
f 488//1236 491//1236 492//1236
f 470//1237 486//1237 491//1237
f 490//1238 487//1238 486//1238
f 489//1239 484//1239 471//1239
f 487//1240 494//1240 485//1240
f 484//1241 489//1241 482//1241
f 481//1242 552//1242 479//1242
f 478//1243 598//1243 436//1243
f 477//1244 639//1244 475//1244
f 176//1245 178//1245 473//1245
f 472//1246 490//1246 470//1246
f 724//1247 725//1247 726//1247
f 727//1248 728//1248 514//1248
f 728//1249 515//1249 514//1249
f 729//1250 730//1250 731//1250
f 732//1251 733//1251 723//1251
f 734//1252 735//1252 736//1252
f 737//1253 738//1253 739//1253
f 740//1254 741//1254 742//1254
f 738//1255 724//1255 743//1255
f 743//1256 726//1256 741//1256
f 739//1257 743//1257 740//1257
f 744//1258 740//1258 745//1258
f 745//1259 746//1259 744//1259
f 745//1260 742//1260 735//1260
f 735//1261 734//1261 745//1261
f 746//1262 745//1262 747//1262
f 748//1263 746//1263 749//1263
f 750//1264 744//1264 748//1264
f 751//1265 752//1265 753//1265
f 753//1266 737//1266 751//1266
f 751//1267 739//1267 744//1267
f 744//1268 750//1268 751//1268
f 754//1269 755//1269 756//1269
f 752//1270 751//1270 757//1270
f 757//1271 754//1271 752//1271
f 754//1272 757//1272 758//1272
f 759//1273 748//1273 760//1273
f 757//1274 750//1274 759//1274
f 758//1275 759//1275 761//1275
f 762//1276 758//1276 763//1276
f 754//1277 762//1277 764//1277
f 762//1278 765//1278 764//1278
f 762//1279 766//1279 767//1279
f 760//1280 768//1280 769//1280
f 768//1281 770//1281 769//1281
f 771//1282 772//1282 773//1282
f 749//1283 747//1283 774//1283
f 775//1284 736//1284 772//1284
f 747//1285 734//1285 775//1285
f 775//1286 771//1286 776//1286
f 771//1287 777//1287 776//1287
f 778//1288 774//1288 776//1288
f 760//1289 749//1289 778//1289
f 768//1290 778//1290 779//1290
f 779//1291 776//1291 777//1291
f 780//1292 779//1292 781//1292
f 781//1293 777//1293 782//1293
f 783//1294 784//1294 785//1294
f 777//1295 771//1295 786//1295
f 786//1296 773//1296 784//1296
f 782//1297 786//1297 783//1297
f 787//1298 783//1298 788//1298
f 785//1299 58//1299 60//1299
f 60//1300 788//1300 785//1300
f 789//1301 788//1301 62//1301
f 790//1302 787//1302 789//1302
f 791//1303 781//1303 792//1303
f 792//1304 782//1304 787//1304
f 793//1305 792//1305 790//1305
f 794//1306 790//1306 795//1306
f 795//1307 789//1307 61//1307
f 796//1308 795//1308 63//1308
f 795//1309 64//1309 63//1309
f 797//1310 791//1310 793//1310
f 766//1311 763//1311 798//1311
f 770//1312 768//1312 780//1312
f 763//1313 761//1313 769//1313
f 798//1314 769//1314 770//1314
f 799//1315 770//1315 800//1315
f 800//1316 780//1316 791//1316
f 801//1317 800//1317 797//1317
f 802//1318 799//1318 801//1318
f 803//1319 767//1319 766//1319
f 804//1320 798//1320 799//1320
f 802//1321 805//1321 803//1321
f 802//1322 806//1322 805//1322
f 806//1323 802//1323 807//1323
f 807//1324 801//1324 808//1324
f 809//1325 807//1325 810//1325
f 810//1326 808//1326 811//1326
f 812//1327 794//1327 796//1327
f 808//1328 797//1328 813//1328
f 813//1329 793//1329 794//1329
f 811//1330 813//1330 812//1330
f 814//1331 812//1331 815//1331
f 66//1332 65//1332 815//1332
f 816//1333 814//1333 817//1333
f 818//1334 819//1334 820//1334
f 820//1335 810//1335 818//1335
f 818//1336 811//1336 814//1336
f 819//1337 818//1337 816//1337
f 821//1338 822//1338 823//1338
f 67//1339 821//1339 817//1339
f 821//1340 67//1340 68//1340
f 68//1341 822//1341 821//1341
f 824//1342 825//1342 826//1342
f 827//1343 828//1343 564//1343
f 564//1344 562//1344 827//1344
f 828//1345 541//1345 564//1345
f 825//1346 728//1346 727//1346
f 829//1347 830//1347 535//1347
f 830//1348 536//1348 535//1348
f 727//1349 516//1349 830//1349
f 516//1350 536//1350 830//1350
f 831//1351 830//1351 829//1351
f 828//1352 829//1352 542//1352
f 542//1353 540//1353 828//1353
f 829//1354 537//1354 544//1354
f 544//1355 542//1355 829//1355
f 832//1356 829//1356 828//1356
f 833//1357 831//1357 832//1357
f 826//1358 727//1358 831//1358
f 834//1359 832//1359 835//1359
f 835//1360 836//1360 834//1360
f 836//1361 835//1361 837//1361
f 838//1362 556//1362 554//1362
f 554//1363 839//1363 838//1363
f 835//1364 828//1364 827//1364
f 838//1365 827//1365 561//1365
f 837//1366 827//1366 838//1366
f 840//1367 838//1367 839//1367
f 839//1368 555//1368 124//1368
f 124//1369 125//1369 839//1369
f 841//1370 839//1370 127//1370
f 842//1371 840//1371 841//1371
f 843//1372 836//1372 844//1372
f 844//1373 837//1373 840//1373
f 845//1374 844//1374 842//1374
f 846//1375 842//1375 847//1375
f 847//1376 841//1376 126//1376
f 847//1377 128//1377 129//1377
f 848//1378 843//1378 845//1378
f 725//1379 824//1379 849//1379
f 850//1380 833//1380 834//1380
f 849//1381 826//1381 833//1381
f 851//1382 834//1382 843//1382
f 741//1383 850//1383 851//1383
f 726//1384 849//1384 850//1384
f 742//1385 851//1385 848//1385
f 735//1386 848//1386 852//1386
f 853//1387 846//1387 854//1387
f 845//1388 846//1388 853//1388
f 853//1389 852//1389 845//1389
f 855//1390 853//1390 856//1390
f 854//1391 129//1391 857//1391
f 129//1392 130//1392 857//1392
f 858//1393 856//1393 857//1393
f 859//1394 857//1394 130//1394
f 860//1395 855//1395 858//1395
f 852//1396 855//1396 860//1396
f 860//1397 736//1397 852//1397
f 860//1398 861//1398 773//1398
f 861//1399 784//1399 773//1399
f 861//1400 858//1400 859//1400
f 59//1401 862//1401 859//1401
f 784//1402 861//1402 862//1402
f 785//1403 862//1403 59//1403
f 863//1404 864//1404 691//1404
f 864//1405 675//1405 690//1405
f 690//1406 691//1406 864//1406
f 865//1407 731//1407 733//1407
f 866//1408 867//1408 671//1408
f 868//1409 869//1409 670//1409
f 869//1410 732//1410 661//1410
f 867//1411 868//1411 669//1411
f 864//1412 870//1412 676//1412
f 676//1413 675//1413 864//1413
f 668//1414 676//1414 870//1414
f 871//1415 867//1415 866//1415
f 872//1416 873//1416 869//1416
f 873//1417 865//1417 732//1417
f 871//1418 872//1418 868//1418
f 870//1419 874//1419 875//1419
f 875//1420 876//1420 870//1420
f 877//1421 866//1421 870//1421
f 875//1422 874//1422 878//1422
f 879//1423 719//1423 720//1423
f 879//1424 880//1424 718//1424
f 718//1425 719//1425 879//1425
f 880//1426 716//1426 718//1426
f 880//1427 705//1427 716//1427
f 874//1428 864//1428 863//1428
f 880//1429 863//1429 701//1429
f 701//1430 703//1430 880//1430
f 703//1431 702//1431 880//1431
f 863//1432 697//1432 701//1432
f 863//1433 698//1433 697//1433
f 878//1434 863//1434 880//1434
f 881//1435 880//1435 879//1435
f 728//1436 879//1436 721//1436
f 879//1437 722//1437 721//1437
f 882//1438 879//1438 728//1438
f 883//1439 881//1439 882//1439
f 884//1440 875//1440 885//1440
f 885//1441 878//1441 881//1441
f 886//1442 885//1442 883//1442
f 887//1443 883//1443 888//1443
f 888//1444 882//1444 825//1444
f 889//1445 888//1445 824//1445
f 890//1446 891//1446 730//1446
f 892//1447 884//1447 886//1447
f 893//1448 871//1448 877//1448
f 894//1449 895//1449 873//1449
f 895//1450 729//1450 865//1450
f 894//1451 872//1451 871//1451
f 876//1452 884//1452 892//1452
f 892//1453 896//1453 876//1453
f 897//1454 877//1454 876//1454
f 898//1455 892//1455 899//1455
f 900//1456 887//1456 889//1456
f 899//1457 886//1457 887//1457
f 901//1458 889//1458 725//1458
f 902//1459 900//1459 901//1459
f 903//1460 899//1460 900//1460
f 904//1461 901//1461 724//1461
f 905//1462 898//1462 903//1462
f 906//1463 893//1463 897//1463
f 907//1464 908//1464 895//1464
f 729//1465 895//1465 909//1465
f 895//1466 908//1466 909//1466
f 907//1467 894//1467 893//1467
f 896//1468 898//1468 910//1468
f 910//1469 898//1469 905//1469
f 905//1470 911//1470 910//1470
f 912//1471 897//1471 896//1471
f 905//1472 913//1472 914//1472
f 913//1473 915//1473 914//1473
f 916//1474 902//1474 904//1474
f 913//1475 903//1475 902//1475
f 917//1476 904//1476 738//1476
f 918//1477 916//1477 917//1477
f 913//1478 916//1478 919//1478
f 916//1479 918//1479 919//1479
f 737//1480 920//1480 921//1480
f 921//1481 917//1481 737//1481
f 919//1482 915//1482 913//1482
f 917//1483 921//1483 918//1483
f 738//1484 737//1484 917//1484
f 902//1485 916//1485 913//1485
f 904//1486 917//1486 916//1486
f 914//1487 911//1487 905//1487
f 896//1488 922//1488 912//1488
f 910//1489 922//1489 896//1489
f 893//1490 906//1490 907//1490
f 909//1491 890//1491 729//1491
f 895//1492 894//1492 907//1492
f 897//1493 912//1493 906//1493
f 903//1494 913//1494 905//1494
f 724//1495 738//1495 904//1495
f 900//1496 902//1496 903//1496
f 901//1497 904//1497 902//1497
f 725//1498 724//1498 901//1498
f 887//1499 900//1499 899//1499
f 889//1500 901//1500 900//1500
f 899//1501 903//1501 898//1501
f 876//1502 896//1502 897//1502
f 892//1503 898//1503 896//1503
f 871//1504 893//1504 894//1504
f 865//1505 873//1505 895//1505
f 873//1506 872//1506 894//1506
f 877//1507 897//1507 893//1507
f 886//1508 899//1508 892//1508
f 730//1509 729//1509 890//1509
f 824//1510 725//1510 889//1510
f 825//1511 824//1511 888//1511
f 888//1512 889//1512 887//1512
f 883//1513 887//1513 886//1513
f 881//1514 883//1514 885//1514
f 885//1515 886//1515 884//1515
f 882//1516 888//1516 883//1516
f 728//1517 825//1517 882//1517
f 721//1518 515//1518 728//1518
f 879//1519 882//1519 881//1519
f 880//1520 881//1520 878//1520
f 702//1521 705//1521 880//1521
f 863//1522 878//1522 874//1522
f 720//1523 722//1523 879//1523
f 878//1524 885//1524 875//1524
f 870//1525 876//1525 877//1525
f 875//1526 884//1526 876//1526
f 868//1527 867//1527 871//1527
f 732//1528 869//1528 873//1528
f 869//1529 868//1529 872//1529
f 866//1530 877//1530 871//1530
f 870//1531 866//1531 668//1531
f 864//1532 874//1532 870//1532
f 669//1533 671//1533 867//1533
f 661//1534 670//1534 869//1534
f 670//1535 669//1535 868//1535
f 671//1536 668//1536 866//1536
f 733//1537 732//1537 865//1537
f 691//1538 698//1538 863//1538
f 59//1539 58//1539 785//1539
f 862//1540 785//1540 784//1540
f 859//1541 131//1541 59//1541
f 859//1542 862//1542 861//1542
f 773//1543 772//1543 860//1543
f 860//1544 772//1544 736//1544
f 858//1545 861//1545 860//1545
f 130//1546 131//1546 859//1546
f 857//1547 859//1547 858//1547
f 857//1548 856//1548 854//1548
f 856//1549 858//1549 855//1549
f 853//1550 855//1550 852//1550
f 854//1551 856//1551 853//1551
f 852//1552 736//1552 735//1552
f 848//1553 735//1553 742//1553
f 850//1554 741//1554 726//1554
f 851//1555 742//1555 741//1555
f 843//1556 848//1556 851//1556
f 833//1557 850//1557 849//1557
f 834//1558 851//1558 850//1558
f 849//1559 726//1559 725//1559
f 845//1560 852//1560 848//1560
f 129//1561 854//1561 847//1561
f 126//1562 128//1562 847//1562
f 847//1563 854//1563 846//1563
f 842//1564 846//1564 845//1564
f 840//1565 842//1565 844//1565
f 844//1566 845//1566 843//1566
f 841//1567 847//1567 842//1567
f 127//1568 126//1568 841//1568
f 125//1569 127//1569 839//1569
f 839//1570 841//1570 840//1570
f 838//1571 840//1571 837//1571
f 561//1572 556//1572 838//1572
f 827//1573 837//1573 835//1573
f 554//1574 555//1574 839//1574
f 837//1575 844//1575 836//1575
f 836//1576 843//1576 834//1576
f 831//1577 833//1577 826//1577
f 832//1578 834//1578 833//1578
f 828//1579 835//1579 832//1579
f 540//1580 541//1580 828//1580
f 829//1581 832//1581 831//1581
f 830//1582 831//1582 727//1582
f 535//1583 537//1583 829//1583
f 727//1584 826//1584 825//1584
f 562//1585 561//1585 827//1585
f 826//1586 849//1586 824//1586
f 68//1587 71//1587 822//1587
f 817//1588 65//1588 67//1588
f 823//1589 816//1589 821//1589
f 816//1590 823//1590 819//1590
f 814//1591 816//1591 818//1591
f 820//1592 923//1592 810//1592
f 817//1593 821//1593 816//1593
f 815//1594 65//1594 817//1594
f 815//1595 796//1595 66//1595
f 815//1596 817//1596 814//1596
f 812//1597 814//1597 811//1597
f 794//1598 812//1598 813//1598
f 813//1599 811//1599 808//1599
f 796//1600 815//1600 812//1600
f 811//1601 818//1601 810//1601
f 810//1602 923//1602 809//1602
f 808//1603 810//1603 807//1603
f 807//1604 809//1604 806//1604
f 803//1605 804//1605 802//1605
f 799//1606 802//1606 804//1606
f 766//1607 804//1607 803//1607
f 801//1608 807//1608 802//1608
f 797//1609 808//1609 801//1609
f 791//1610 797//1610 800//1610
f 800//1611 801//1611 799//1611
f 770//1612 799//1612 798//1612
f 769//1613 798//1613 763//1613
f 780//1614 800//1614 770//1614
f 798//1615 804//1615 766//1615
f 793//1616 813//1616 797//1616
f 63//1617 66//1617 796//1617
f 61//1618 64//1618 795//1618
f 795//1619 796//1619 794//1619
f 790//1620 794//1620 793//1620
f 787//1621 790//1621 792//1621
f 792//1622 793//1622 791//1622
f 789//1623 795//1623 790//1623
f 62//1624 61//1624 789//1624
f 60//1625 62//1625 788//1625
f 788//1626 789//1626 787//1626
f 783//1627 787//1627 782//1627
f 784//1628 783//1628 786//1628
f 786//1629 782//1629 777//1629
f 785//1630 788//1630 783//1630
f 782//1631 792//1631 781//1631
f 781//1632 791//1632 780//1632
f 777//1633 781//1633 779//1633
f 779//1634 780//1634 768//1634
f 778//1635 768//1635 760//1635
f 776//1636 779//1636 778//1636
f 776//1637 774//1637 775//1637
f 775//1638 774//1638 747//1638
f 772//1639 771//1639 775//1639
f 774//1640 778//1640 749//1640
f 773//1641 786//1641 771//1641
f 769//1642 761//1642 760//1642
f 767//1643 765//1643 762//1643
f 764//1644 755//1644 754//1644
f 763//1645 766//1645 762//1645
f 761//1646 763//1646 758//1646
f 759//1647 758//1647 757//1647
f 760//1648 761//1648 759//1648
f 758//1649 762//1649 754//1649
f 756//1650 752//1650 754//1650
f 750//1651 757//1651 751//1651
f 753//1652 920//1652 737//1652
f 748//1653 759//1653 750//1653
f 749//1654 760//1654 748//1654
f 747//1655 749//1655 746//1655
f 734//1656 747//1656 745//1656
f 746//1657 748//1657 744//1657
f 740//1658 744//1658 739//1658
f 741//1659 740//1659 743//1659
f 743//1660 739//1660 738//1660
f 742//1661 745//1661 740//1661
f 739//1662 751//1662 737//1662
f 736//1663 775//1663 734//1663
f 723//1664 661//1664 732//1664
f 731//1665 865//1665 729//1665
f 514//1666 516//1666 727//1666
f 726//1667 743//1667 724//1667
f 924//1668 925//1668 926//1668
f 926//1669 927//1669 924//1669
f 928//1670 929//1670 753//1670
f 929//1671 920//1671 753//1671
f 930//1672 931//1672 932//1672
f 891//1673 890//1673 933//1673
f 934//1674 935//1674 936//1674
f 937//1675 938//1675 939//1675
f 940//1676 941//1676 942//1676
f 943//1677 927//1677 938//1677
f 925//1678 944//1678 945//1678
f 944//1679 940//1679 946//1679
f 926//1680 945//1680 947//1680
f 927//1681 926//1681 948//1681
f 945//1682 946//1682 949//1682
f 946//1683 942//1683 950//1683
f 951//1684 952//1684 953//1684
f 941//1685 951//1685 954//1685
f 952//1686 934//1686 955//1686
f 954//1687 953//1687 956//1687
f 942//1688 954//1688 957//1688
f 953//1689 955//1689 958//1689
f 949//1690 950//1690 959//1690
f 960//1691 939//1691 961//1691
f 948//1692 947//1692 962//1692
f 938//1693 948//1693 963//1693
f 947//1694 949//1694 964//1694
f 963//1695 962//1695 965//1695
f 966//1696 961//1696 939//1696
f 967//1697 965//1697 962//1697
f 964//1698 959//1698 968//1698
f 957//1699 956//1699 969//1699
f 950//1700 957//1700 970//1700
f 956//1701 958//1701 971//1701
f 970//1702 969//1702 972//1702
f 959//1703 970//1703 973//1703
f 969//1704 971//1704 974//1704
f 974//1705 975//1705 969//1705
f 958//1706 976//1706 977//1706
f 978//1707 979//1707 980//1707
f 955//1708 936//1708 976//1708
f 981//1709 982//1709 983//1709
f 935//1710 981//1710 984//1710
f 982//1711 978//1711 985//1711
f 984//1712 983//1712 986//1712
f 936//1713 984//1713 987//1713
f 983//1714 985//1714 988//1714
f 985//1715 980//1715 989//1715
f 990//1716 991//1716 992//1716
f 979//1717 992//1717 991//1717
f 74//1718 990//1718 993//1718
f 994//1719 995//1719 991//1719
f 995//1720 989//1720 980//1720
f 75//1721 994//1721 990//1721
f 988//1722 989//1722 996//1722
f 997//1723 974//1723 971//1723
f 987//1724 986//1724 998//1724
f 976//1725 987//1725 999//1725
f 986//1726 988//1726 1000//1726
f 999//1727 998//1727 1001//1727
f 1001//1728 1002//1728 999//1728
f 977//1729 999//1729 1003//1729
f 1004//1730 1001//1730 998//1730
f 1000//1731 996//1731 1005//1731
f 1006//1732 1007//1732 995//1732
f 1007//1733 996//1733 989//1733
f 77//1734 1006//1734 994//1734
f 1007//1735 1006//1735 1008//1735
f 1006//1736 1009//1736 1008//1736
f 996//1737 1007//1737 1010//1737
f 1010//1738 1011//1738 996//1738
f 76//1739 1009//1739 1006//1739
f 1012//1740 1013//1740 1014//1740
f 803//1741 1015//1741 1016//1741
f 929//1742 928//1742 1013//1742
f 1017//1743 755//1743 764//1743
f 764//1744 1018//1744 1017//1744
f 1017//1745 928//1745 756//1745
f 928//1746 752//1746 756//1746
f 765//1747 767//1747 1019//1747
f 1018//1748 1020//1748 1021//1748
f 1021//1749 1017//1749 1018//1749
f 928//1750 1017//1750 1022//1750
f 1018//1751 1019//1751 1023//1751
f 1019//1752 1016//1752 1024//1752
f 1016//1753 1015//1753 1025//1753
f 1026//1754 820//1754 819//1754
f 1026//1755 923//1755 820//1755
f 1027//1756 806//1756 809//1756
f 1015//1757 803//1757 805//1757
f 805//1758 1027//1758 1015//1758
f 1028//1759 809//1759 923//1759
f 1029//1760 823//1760 822//1760
f 819//1761 823//1761 1029//1761
f 1030//1762 822//1762 71//1762
f 1026//1763 1031//1763 1032//1763
f 1027//1764 1028//1764 1033//1764
f 1015//1765 1027//1765 1034//1765
f 1028//1766 1026//1766 1035//1766
f 1029//1767 1030//1767 1036//1767
f 1031//1768 1029//1768 1037//1768
f 1030//1769 69//1769 70//1769
f 1024//1770 1025//1770 1038//1770
f 1039//1771 1014//1771 925//1771
f 1022//1772 1021//1772 1040//1772
f 1013//1773 1022//1773 1041//1773
f 1041//1774 1042//1774 1013//1774
f 1020//1775 1023//1775 1043//1775
f 1021//1776 1020//1776 1044//1776
f 1023//1777 1024//1777 1045//1777
f 1041//1778 1040//1778 941//1778
f 1014//1779 1042//1779 944//1779
f 1042//1780 1041//1780 940//1780
f 1044//1781 1043//1781 952//1781
f 1040//1782 1044//1782 951//1782
f 1043//1783 1045//1783 934//1783
f 1045//1784 1038//1784 935//1784
f 1035//1785 1032//1785 1046//1785
f 1034//1786 1033//1786 1047//1786
f 1025//1787 1034//1787 1048//1787
f 1033//1788 1035//1788 1049//1788
f 1050//1789 1051//1789 1037//1789
f 1032//1790 1037//1790 1051//1790
f 72//1791 1050//1791 1036//1791
f 1049//1792 1046//1792 979//1792
f 1048//1793 1047//1793 982//1793
f 1038//1794 1048//1794 981//1794
f 1047//1795 1049//1795 978//1795
f 993//1796 992//1796 1051//1796
f 1046//1797 1051//1797 992//1797
f 1050//1798 72//1798 73//1798
f 914//1799 915//1799 1052//1799
f 1052//1800 1053//1800 914//1800
f 1054//1801 933//1801 931//1801
f 906//1802 912//1802 1055//1802
f 908//1803 907//1803 1056//1803
f 933//1804 890//1804 909//1804
f 909//1805 1057//1805 933//1805
f 907//1806 906//1806 1058//1806
f 922//1807 910//1807 1059//1807
f 912//1808 922//1808 1060//1808
f 910//1809 911//1809 1061//1809
f 1061//1810 1059//1810 910//1810
f 1058//1811 1055//1811 1062//1811
f 1057//1812 1056//1812 1063//1812
f 933//1813 1057//1813 1064//1813
f 1056//1814 1058//1814 1065//1814
f 1060//1815 1059//1815 1066//1815
f 1055//1816 1060//1816 1067//1816
f 1059//1817 1061//1817 1068//1817
f 1061//1818 1053//1818 1069//1818
f 918//1819 921//1819 1070//1819
f 919//1820 918//1820 1071//1820
f 915//1821 919//1821 1072//1821
f 1072//1822 1052//1822 915//1822
f 1070//1823 921//1823 929//1823
f 921//1824 920//1824 929//1824
f 1071//1825 1070//1825 1073//1825
f 1073//1826 1074//1826 1071//1826
f 1052//1827 1072//1827 1075//1827
f 1053//1828 1052//1828 1076//1828
f 1072//1829 1071//1829 1077//1829
f 1073//1830 1070//1830 1039//1830
f 1070//1831 1012//1831 1039//1831
f 1078//1832 932//1832 1079//1832
f 1079//1833 1080//1833 1078//1833
f 1068//1834 1069//1834 1081//1834
f 1065//1835 1062//1835 1082//1835
f 1064//1836 1063//1836 1083//1836
f 931//1837 1064//1837 1084//1837
f 1063//1838 1065//1838 1085//1838
f 1067//1839 1066//1839 1086//1839
f 1062//1840 1067//1840 1087//1840
f 1086//1841 1066//1841 1088//1841
f 1066//1842 1068//1842 1088//1842
f 1088//1843 1081//1843 1089//1843
f 1077//1844 1074//1844 1090//1844
f 1076//1845 1075//1845 1091//1845
f 1069//1846 1076//1846 1092//1846
f 1075//1847 1077//1847 1093//1847
f 1073//1848 924//1848 943//1848
f 943//1849 1094//1849 1073//1849
f 1074//1850 1073//1850 1095//1850
f 1093//1851 1090//1851 1096//1851
f 1092//1852 1091//1852 1097//1852
f 1081//1853 1092//1853 1098//1853
f 1091//1854 1093//1854 1099//1854
f 1095//1855 1094//1855 1100//1855
f 1090//1856 1095//1856 1101//1856
f 1094//1857 943//1857 937//1857
f 1102//1858 1089//1858 1103//1858
f 1085//1859 1082//1859 1104//1859
f 1104//1860 1105//1860 1085//1860
f 1084//1861 1083//1861 1106//1861
f 932//1862 1084//1862 1107//1862
f 1107//1863 1108//1863 932//1863
f 1083//1864 1085//1864 1109//1864
f 1087//1865 1086//1865 1110//1865
f 1082//1866 1087//1866 1111//1866
f 1086//1867 1102//1867 1112//1867
f 1112//1868 1113//1868 1086//1868
f 1099//1869 1096//1869 1114//1869
f 1098//1870 1097//1870 1115//1870
f 1089//1871 1098//1871 1116//1871
f 1097//1872 1099//1872 1117//1872
f 1101//1873 1100//1873 1118//1873
f 1096//1874 1101//1874 1119//1874
f 1118//1875 1100//1875 960//1875
f 1100//1876 937//1876 960//1876
f 960//1877 1120//1877 1118//1877
f 1119//1878 1114//1878 1096//1878
f 1118//1879 1119//1879 1101//1879
f 1117//1880 1115//1880 1097//1880
f 1116//1881 1103//1881 1089//1881
f 1115//1882 1116//1882 1098//1882
f 1114//1883 1117//1883 1099//1883
f 1113//1884 1110//1884 1086//1884
f 1111//1885 1104//1885 1082//1885
f 1110//1886 1111//1886 1087//1886
f 1109//1887 1106//1887 1083//1887
f 1108//1888 1079//1888 932//1888
f 1106//1889 1107//1889 1084//1889
f 1105//1890 1109//1890 1085//1890
f 1103//1891 1112//1891 1102//1891
f 937//1892 1100//1892 1094//1892
f 1101//1893 1096//1893 1090//1893
f 1100//1894 1101//1894 1095//1894
f 1099//1895 1097//1895 1091//1895
f 1098//1896 1089//1896 1081//1896
f 1097//1897 1098//1897 1092//1897
f 1096//1898 1099//1898 1093//1898
f 1095//1899 1090//1899 1074//1899
f 1094//1900 1095//1900 1073//1900
f 1093//1901 1091//1901 1075//1901
f 1092//1902 1081//1902 1069//1902
f 1091//1903 1092//1903 1076//1903
f 1090//1904 1093//1904 1077//1904
f 1089//1905 1102//1905 1088//1905
f 1088//1906 1102//1906 1086//1906
f 1087//1907 1082//1907 1062//1907
f 1086//1908 1087//1908 1067//1908
f 1085//1909 1083//1909 1063//1909
f 1084//1910 932//1910 931//1910
f 1083//1911 1084//1911 1064//1911
f 1082//1912 1085//1912 1065//1912
f 1081//1913 1088//1913 1068//1913
f 1080//1914 1121//1914 1078//1914
f 1039//1915 924//1915 1073//1915
f 1077//1916 1075//1916 1072//1916
f 1076//1917 1069//1917 1053//1917
f 1075//1918 1076//1918 1052//1918
f 1074//1919 1077//1919 1071//1919
f 929//1920 1012//1920 1070//1920
f 1071//1921 1072//1921 919//1921
f 1070//1922 1071//1922 918//1922
f 1069//1923 1068//1923 1061//1923
f 1068//1924 1066//1924 1059//1924
f 1067//1925 1062//1925 1055//1925
f 1066//1926 1067//1926 1060//1926
f 1065//1927 1063//1927 1056//1927
f 1064//1928 931//1928 933//1928
f 1063//1929 1064//1929 1057//1929
f 1062//1930 1065//1930 1058//1930
f 911//1931 914//1931 1061//1931
f 1060//1932 1055//1932 912//1932
f 1059//1933 1060//1933 922//1933
f 1058//1934 1056//1934 907//1934
f 909//1935 908//1935 1057//1935
f 1056//1936 1057//1936 908//1936
f 1055//1937 1058//1937 906//1937
f 931//1938 930//1938 1054//1938
f 1053//1939 1061//1939 914//1939
f 73//1940 993//1940 1050//1940
f 992//1941 979//1941 1046//1941
f 1051//1942 1050//1942 993//1942
f 978//1943 982//1943 1047//1943
f 981//1944 935//1944 1038//1944
f 982//1945 981//1945 1048//1945
f 979//1946 978//1946 1049//1946
f 1036//1947 70//1947 72//1947
f 1051//1948 1046//1948 1032//1948
f 1037//1949 1036//1949 1050//1949
f 1049//1950 1047//1950 1033//1950
f 1048//1951 1038//1951 1025//1951
f 1047//1952 1048//1952 1034//1952
f 1046//1953 1049//1953 1035//1953
f 935//1954 934//1954 1045//1954
f 934//1955 952//1955 1043//1955
f 951//1956 941//1956 1040//1956
f 952//1957 951//1957 1044//1957
f 940//1958 944//1958 1042//1958
f 944//1959 925//1959 1014//1959
f 941//1960 940//1960 1041//1960
f 1045//1961 1043//1961 1023//1961
f 1044//1962 1040//1962 1021//1962
f 1043//1963 1044//1963 1020//1963
f 1042//1964 1014//1964 1013//1964
f 1040//1965 1041//1965 1022//1965
f 925//1966 924//1966 1039//1966
f 1038//1967 1045//1967 1024//1967
f 70//1968 1036//1968 1030//1968
f 1037//1969 1032//1969 1031//1969
f 1036//1970 1037//1970 1029//1970
f 1035//1971 1033//1971 1028//1971
f 1034//1972 1025//1972 1015//1972
f 1033//1973 1034//1973 1027//1973
f 1032//1974 1035//1974 1026//1974
f 71//1975 69//1975 1030//1975
f 1029//1976 1031//1976 819//1976
f 822//1977 1030//1977 1029//1977
f 923//1978 1026//1978 1028//1978
f 805//1979 806//1979 1027//1979
f 809//1980 1028//1980 1027//1980
f 819//1981 1031//1981 1026//1981
f 1025//1982 1024//1982 1016//1982
f 1024//1983 1023//1983 1019//1983
f 1023//1984 1020//1984 1018//1984
f 1022//1985 1013//1985 928//1985
f 1021//1986 1022//1986 1017//1986
f 767//1987 1016//1987 1019//1987
f 1019//1988 1018//1988 765//1988
f 756//1989 755//1989 1017//1989
f 764//1990 765//1990 1018//1990
f 1013//1991 1012//1991 929//1991
f 1016//1992 767//1992 803//1992
f 1014//1993 1039//1993 1012//1993
f 1006//1994 77//1994 76//1994
f 1011//1995 1005//1995 996//1995
f 1008//1996 1010//1996 1007//1996
f 994//1997 75//1997 77//1997
f 989//1998 995//1998 1007//1998
f 995//1999 994//1999 1006//1999
f 1005//2000 1004//2000 1000//2000
f 998//2001 1000//2001 1004//2001
f 1003//2002 997//2002 977//2002
f 1002//2003 1003//2003 999//2003
f 1000//2004 998//2004 986//2004
f 999//2005 977//2005 976//2005
f 998//2006 999//2006 987//2006
f 971//2007 977//2007 997//2007
f 996//2008 1000//2008 988//2008
f 990//2009 74//2009 75//2009
f 980//2010 991//2010 995//2010
f 991//2011 990//2011 994//2011
f 993//2012 73//2012 74//2012
f 991//2013 980//2013 979//2013
f 992//2014 993//2014 990//2014
f 989//2015 988//2015 985//2015
f 988//2016 986//2016 983//2016
f 987//2017 976//2017 936//2017
f 986//2018 987//2018 984//2018
f 985//2019 983//2019 982//2019
f 984//2020 936//2020 935//2020
f 983//2021 984//2021 981//2021
f 976//2022 958//2022 955//2022
f 980//2023 985//2023 978//2023
f 977//2024 971//2024 958//2024
f 975//2025 972//2025 969//2025
f 973//2026 968//2026 959//2026
f 972//2027 973//2027 970//2027
f 971//2028 969//2028 956//2028
f 970//2029 959//2029 950//2029
f 969//2030 970//2030 957//2030
f 968//2031 967//2031 964//2031
f 962//2032 964//2032 967//2032
f 939//2033 963//2033 966//2033
f 965//2034 966//2034 963//2034
f 964//2035 962//2035 947//2035
f 963//2036 939//2036 938//2036
f 962//2037 963//2037 948//2037
f 961//2038 1120//2038 960//2038
f 959//2039 964//2039 949//2039
f 958//2040 956//2040 953//2040
f 957//2041 950//2041 942//2041
f 956//2042 957//2042 954//2042
f 955//2043 953//2043 952//2043
f 954//2044 942//2044 941//2044
f 953//2045 954//2045 951//2045
f 950//2046 949//2046 946//2046
f 949//2047 947//2047 945//2047
f 948//2048 938//2048 927//2048
f 947//2049 948//2049 926//2049
f 946//2050 945//2050 944//2050
f 945//2051 926//2051 925//2051
f 938//2052 937//2052 943//2052
f 942//2053 946//2053 940//2053
f 939//2054 960//2054 937//2054
f 936//2055 955//2055 934//2055
f 933//2056 1054//2056 891//2056
f 932//2057 1078//2057 930//2057
f 753//2058 752//2058 928//2058
f 927//2059 943//2059 924//2059
f 1122//2060 1123//2060 1124//2060
f 1125//2061 1126//2061 1127//2061
f 1128//2062 1129//2062 1130//2062
f 1131//2063 1132//2063 1133//2063
f 1134//2064 1135//2064 1136//2064
f 1137//2065 1138//2065 1139//2065
f 1140//2066 1141//2066 1142//2066
f 1124//2067 1123//2067 1138//2067
f 1143//2068 1142//2068 1123//2068
f 1123//2069 1142//2069 1144//2069
f 1142//2070 1141//2070 1145//2070
f 1146//2071 1147//2071 1148//2071
f 1147//2072 1146//2072 1141//2072
f 1149//2073 1148//2073 1135//2073
f 1150//2074 1151//2074 1146//2074
f 1151//2075 1145//2075 1141//2075
f 1152//2076 1150//2076 1149//2076
f 1144//2077 1145//2077 1153//2077
f 1139//2078 137//2078 136//2078
f 136//2079 1154//2079 1139//2079
f 1138//2080 1144//2080 1155//2080
f 1155//2081 243//2081 242//2081
f 242//2082 1139//2082 1155//2082
f 237//2083 243//2083 1155//2083
f 1156//2084 1157//2084 1151//2084
f 1145//2085 1151//2085 1157//2085
f 1158//2086 1156//2086 1150//2086
f 246//2087 248//2087 1157//2087
f 1153//2088 1157//2088 248//2088
f 1158//2089 232//2089 246//2089
f 233//2090 232//2090 1158//2090
f 1152//2091 1159//2091 233//2091
f 1160//2092 1161//2092 1162//2092
f 1162//2093 1163//2093 1160//2093
f 1159//2094 1152//2094 1134//2094
f 1164//2095 1165//2095 1166//2095
f 1167//2096 1136//2096 1168//2096
f 1169//2097 1162//2097 1165//2097
f 1170//2098 1171//2098 1166//2098
f 1171//2099 1159//2099 1167//2099
f 1170//2100 1165//2100 1162//2100
f 1172//2101 1173//2101 1174//2101
f 1160//2102 1163//2102 1175//2102
f 98//2103 101//2103 1173//2103
f 469//2104 1161//2104 1160//2104
f 266//2105 269//2105 1171//2105
f 1159//2106 1171//2106 269//2106
f 1161//2107 469//2107 270//2107
f 270//2108 1170//2108 1161//2108
f 1174//2109 1173//2109 277//2109
f 1173//2110 468//2110 277//2110
f 1174//2111 278//2111 262//2111
f 101//2112 100//2112 468//2112
f 1176//2113 1177//2113 1178//2113
f 1179//2114 1180//2114 1181//2114
f 1182//2115 1183//2115 1184//2115
f 1185//2116 1186//2116 1187//2116
f 1188//2117 1189//2117 1184//2117
f 1184//2118 1190//2118 1188//2118
f 1183//2119 1125//2119 1190//2119
f 1189//2120 1188//2120 1186//2120
f 1186//2121 1185//2121 1189//2121
f 1185//2122 1191//2122 1192//2122
f 1191//2123 1193//2123 1192//2123
f 1194//2124 1195//2124 1196//2124
f 1187//2125 1195//2125 1197//2125
f 1195//2126 1194//2126 1197//2126
f 1198//2127 1199//2127 1200//2127
f 1200//2128 1201//2128 1198//2128
f 1202//2129 1196//2129 1199//2129
f 1201//2130 1200//2130 1180//2130
f 1203//2131 1201//2131 1179//2131
f 1204//2132 1194//2132 1202//2132
f 1193//2133 1191//2133 1197//2133
f 1205//2134 1197//2134 1194//2134
f 1194//2135 1204//2135 1205//2135
f 1198//2136 1203//2136 1206//2136
f 1203//2137 1207//2137 1206//2137
f 1202//2138 1198//2138 1208//2138
f 1198//2139 1209//2139 1208//2139
f 1210//2140 1204//2140 1211//2140
f 1212//2141 1211//2141 1208//2141
f 1213//2142 1208//2142 1209//2142
f 1203//2143 1214//2143 1215//2143
f 1214//2144 1216//2144 1215//2144
f 1217//2145 1209//2145 1206//2145
f 1218//2146 1206//2146 1207//2146
f 1219//2147 1207//2147 1215//2147
f 1220//2148 1215//2148 1216//2148
f 1221//2149 1222//2149 1192//2149
f 1223//2150 1224//2150 1225//2150
f 1226//2151 1227//2151 1189//2151
f 1189//2152 1228//2152 1226//2152
f 1227//2153 1226//2153 1225//2153
f 1225//2154 1182//2154 1227//2154
f 1228//2155 1189//2155 1222//2155
f 1229//2156 1226//2156 1228//2156
f 1177//2157 1223//2157 1230//2157
f 1230//2158 1225//2158 1226//2158
f 1178//2159 1230//2159 1229//2159
f 1231//2160 1229//2160 1232//2160
f 1221//2161 1233//2161 1234//2161
f 1234//2162 1228//2162 1221//2162
f 1235//2163 1232//2163 1234//2163
f 1236//2164 1234//2164 1233//2164
f 1221//2165 1237//2165 1238//2165
f 1237//2166 1239//2166 1238//2166
f 1240//2167 1210//2167 1212//2167
f 1193//2168 1205//2168 1241//2168
f 1205//2169 1242//2169 1241//2169
f 1193//2170 1243//2170 1237//2170
f 1193//2171 1244//2171 1243//2171
f 1237//2172 1192//2172 1193//2172
f 1205//2173 1210//2173 1245//2173
f 1210//2174 1240//2174 1245//2174
f 1246//2175 1244//2175 1241//2175
f 1247//2176 1241//2176 1242//2176
f 1248//2177 1242//2177 1245//2177
f 1249//2178 1245//2178 1240//2178
f 1250//2179 1240//2179 1251//2179
f 1252//2180 1253//2180 1218//2180
f 1253//2181 1217//2181 1218//2181
f 1253//2182 1251//2182 1213//2182
f 1251//2183 1212//2183 1213//2183
f 1254//2184 1252//2184 1220//2184
f 1252//2185 1219//2185 1220//2185
f 1253//2186 1252//2186 1255//2186
f 1252//2187 1256//2187 1255//2187
f 1257//2188 1251//2188 1253//2188
f 1254//2189 1258//2189 1256//2189
f 1259//2190 1250//2190 1257//2190
f 1233//2191 1238//2191 1260//2191
f 1238//2192 1261//2192 1260//2192
f 1247//2193 1262//2193 1263//2193
f 1247//2194 1264//2194 1262//2194
f 1243//2195 1265//2195 1239//2195
f 1243//2196 1266//2196 1265//2196
f 1246//2197 1267//2197 1266//2197
f 1246//2198 1263//2198 1267//2198
f 1268//2199 1248//2199 1249//2199
f 1264//2200 1247//2200 1248//2200
f 1269//2201 1249//2201 1250//2201
f 1270//2202 1263//2202 1262//2202
f 1265//2203 1271//2203 1272//2203
f 1265//2204 1273//2204 1271//2204
f 1239//2205 1274//2205 1275//2205
f 1275//2206 1238//2206 1239//2206
f 1239//2207 1276//2207 1274//2207
f 1239//2208 1272//2208 1276//2208
f 1277//2209 1266//2209 1267//2209
f 1273//2210 1265//2210 1266//2210
f 1278//2211 1267//2211 1263//2211
f 1279//2212 1268//2212 1269//2212
f 1280//2213 1264//2213 1268//2213
f 1281//2214 1262//2214 1264//2214
f 1282//2215 1269//2215 1259//2215
f 1255//2216 1283//2216 1284//2216
f 1285//2217 1286//2217 1287//2217
f 1285//2218 1257//2218 1288//2218
f 1284//2219 1289//2219 1286//2219
f 1258//2220 1290//2220 1291//2220
f 1291//2221 1292//2221 1258//2221
f 1283//2222 1293//2222 1289//2222
f 1256//2223 1292//2223 1283//2223
f 1292//2224 1291//2224 1293//2224
f 1294//2225 1258//2225 1295//2225
f 1295//2226 1258//2226 1254//2226
f 1254//2227 1296//2227 1295//2227
f 1297//2228 1298//2228 1299//2228
f 1299//2229 1300//2229 1297//2229
f 1216//2230 1214//2230 1301//2230
f 1302//2231 1303//2231 1304//2231
f 1305//2232 1304//2232 1306//2232
f 1306//2233 1307//2233 1305//2233
f 1308//2234 1181//2234 1309//2234
f 1214//2235 1179//2235 1308//2235
f 1301//2236 1308//2236 1307//2236
f 1310//2237 1300//2237 1303//2237
f 1303//2238 1311//2238 1312//2238
f 1304//2239 1312//2239 1313//2239
f 1313//2240 1314//2240 1304//2240
f 1306//2241 1314//2241 1315//2241
f 1296//2242 1216//2242 1315//2242
f 1314//2243 1313//2243 1295//2243
f 1300//2244 1299//2244 1311//2244
f 1316//2245 1317//2245 1318//2245
f 1319//2246 1318//2246 1298//2246
f 94//2247 93//2247 1317//2247
f 1298//2248 1320//2248 1321//2248
f 1321//2249 1322//2249 1298//2249
f 1294//2250 1323//2250 1290//2250
f 1311//2251 1324//2251 1325//2251
f 1312//2252 1325//2252 1294//2252
f 1299//2253 1322//2253 1324//2253
f 1324//2254 1326//2254 1327//2254
f 1325//2255 1327//2255 1323//2255
f 1322//2256 1321//2256 1326//2256
f 1317//2257 1328//2257 1329//2257
f 1318//2258 1329//2258 1320//2258
f 93//2259 97//2259 1328//2259
f 1323//2260 1330//2260 1331//2260
f 1332//2261 1333//2261 1334//2261
f 1334//2262 1335//2262 1332//2262
f 1334//2263 1336//2263 1335//2263
f 1337//2264 1338//2264 1260//2264
f 1339//2265 1340//2265 1341//2265
f 1342//2266 1231//2266 1235//2266
f 1340//2267 1176//2267 1343//2267
f 1343//2268 1178//2268 1231//2268
f 1341//2269 1343//2269 1342//2269
f 1344//2270 1342//2270 1345//2270
f 1345//2271 1235//2271 1236//2271
f 1236//2272 1338//2272 1346//2272
f 1338//2273 1337//2273 1346//2273
f 1347//2274 1345//2274 1348//2274
f 1346//2275 1349//2275 1350//2275
f 1337//2276 1351//2276 1349//2276
f 1347//2277 1352//2277 1353//2277
f 1354//2278 1334//2278 1355//2278
f 1344//2279 1353//2279 1354//2279
f 1353//2280 1336//2280 1334//2280
f 1352//2281 1356//2281 1336//2281
f 1350//2282 1357//2282 1352//2282
f 1349//2283 1358//2283 1357//2283
f 1351//2284 1359//2284 1358//2284
f 1357//2285 1360//2285 1356//2285
f 1361//2286 1360//2286 1358//2286
f 1360//2287 1357//2287 1358//2287
f 1362//2288 1359//2288 1363//2288
f 1359//2289 1351//2289 1363//2289
f 1364//2290 1287//2290 1286//2290
f 1286//2291 1365//2291 1364//2291
f 1365//2292 1366//2292 1364//2292
f 1367//2293 1363//2293 1351//2293
f 1281//2294 1368//2294 1369//2294
f 1271//2295 1370//2295 1371//2295
f 1372//2296 1261//2296 1275//2296
f 1367//2297 1260//2297 1261//2297
f 1373//2298 1274//2298 1276//2298
f 1374//2299 1275//2299 1274//2299
f 1375//2300 1276//2300 1272//2300
f 1278//2301 1376//2301 1377//2301
f 1277//2302 1377//2302 1378//2302
f 1273//2303 1378//2303 1370//2303
f 1270//2304 1369//2304 1376//2304
f 1364//2305 1379//2305 1282//2305
f 1379//2306 1279//2306 1282//2306
f 1279//2307 1379//2307 1380//2307
f 1280//2308 1380//2308 1368//2308
f 1366//2309 1381//2309 1379//2309
f 1379//2310 1364//2310 1366//2310
f 1381//2311 1369//2311 1368//2311
f 1368//2312 1380//2312 1381//2312
f 1380//2313 1379//2313 1381//2313
f 1370//2314 1382//2314 1383//2314
f 1374//2315 1384//2315 1385//2315
f 1372//2316 1385//2316 1363//2316
f 1375//2317 1386//2317 1387//2317
f 1373//2318 1387//2318 1384//2318
f 1371//2319 1383//2319 1386//2319
f 1381//2320 1388//2320 1376//2320
f 1388//2321 1377//2321 1376//2321
f 1377//2322 1388//2322 1389//2322
f 1378//2323 1389//2323 1382//2323
f 1331//2324 1365//2324 1291//2324
f 1365//2325 1289//2325 1293//2325
f 1293//2326 1291//2326 1365//2326
f 1365//2327 1390//2327 1391//2327
f 1366//2328 1391//2328 1392//2328
f 1392//2329 1393//2329 1388//2329
f 1393//2330 1389//2330 1388//2330
f 1393//2331 1382//2331 1389//2331
f 1393//2332 1383//2332 1382//2332
f 1393//2333 1394//2333 1386//2333
f 1394//2334 1362//2334 1384//2334
f 1384//2335 1387//2335 1394//2335
f 1387//2336 1386//2336 1394//2336
f 1386//2337 1383//2337 1393//2337
f 1362//2338 1394//2338 1361//2338
f 1331//2339 1395//2339 1390//2339
f 1140//2340 1143//2340 1393//2340
f 1143//2341 1396//2341 1394//2341
f 1394//2342 1393//2342 1143//2342
f 1393//2343 1392//2343 1140//2343
f 1335//2344 1122//2344 1397//2344
f 1356//2345 1398//2345 1335//2345
f 1396//2346 1398//2346 1360//2346
f 1398//2347 1356//2347 1360//2347
f 1143//2348 1122//2348 1398//2348
f 1122//2349 1335//2349 1398//2349
f 1390//2350 1148//2350 1147//2350
f 1391//2351 1147//2351 1140//2351
f 1395//2352 1135//2352 1148//2352
f 1399//2353 1136//2353 1135//2353
f 1320//2354 1400//2354 1401//2354
f 1326//2355 1402//2355 1403//2355
f 1403//2356 1404//2356 1326//2356
f 1330//2357 1399//2357 1395//2357
f 1327//2358 1404//2358 1330//2358
f 1404//2359 1403//2359 1399//2359
f 1321//2360 1401//2360 1402//2360
f 1328//2361 1405//2361 1406//2361
f 1329//2362 1406//2362 1400//2362
f 97//2363 96//2363 1405//2363
f 1400//2364 1163//2364 1169//2364
f 1402//2365 1164//2365 1168//2365
f 1403//2366 1168//2366 1136//2366
f 1401//2367 1169//2367 1164//2367
f 1405//2368 1172//2368 1175//2368
f 1406//2369 1175//2369 1163//2369
f 1405//2370 96//2370 98//2370
f 1407//2371 1408//2371 1409//2371
f 1410//2372 1411//2372 1412//2372
f 1413//2373 1414//2373 1415//2373
f 1414//2374 1416//2374 1415//2374
f 1411//2375 1131//2375 1417//2375
f 1418//2376 1419//2376 1420//2376
f 1417//2377 1133//2377 1419//2377
f 1419//2378 1418//2378 1417//2378
f 1421//2379 1420//2379 1413//2379
f 1422//2380 1418//2380 1421//2380
f 1423//2381 1421//2381 1424//2381
f 1425//2382 1422//2382 1423//2382
f 1412//2383 1417//2383 1422//2383
f 1422//2384 1425//2384 1412//2384
f 1426//2385 1423//2385 1427//2385
f 1427//2386 1428//2386 1426//2386
f 1429//2387 1425//2387 1426//2387
f 1430//2388 1426//2388 1431//2388
f 1432//2389 1428//2389 1433//2389
f 1428//2390 1427//2390 1433//2390
f 1434//2391 1435//2391 1436//2391
f 1435//2392 1437//2392 1436//2392
f 1414//2393 1434//2393 1438//2393
f 1434//2394 1439//2394 1438//2394
f 1427//2395 1424//2395 1415//2395
f 1433//2396 1415//2396 1416//2396
f 1440//2397 1416//2397 1438//2397
f 1441//2398 1438//2398 1439//2398
f 1437//2399 1435//2399 1408//2399
f 1442//2400 1439//2400 1436//2400
f 1443//2401 1436//2401 1437//2401
f 1444//2402 1437//2402 1407//2402
f 1445//2403 1446//2403 1443//2403
f 1446//2404 1442//2404 1443//2404
f 1447//2405 1431//2405 1448//2405
f 1448//2406 1449//2406 1447//2406
f 1446//2407 1432//2407 1441//2407
f 1432//2408 1440//2408 1441//2408
f 1431//2409 1428//2409 1432//2409
f 1448//2410 1432//2410 1446//2410
f 1449//2411 1448//2411 1450//2411
f 1451//2412 1449//2412 1452//2412
f 1452//2413 1450//2413 1453//2413
f 1445//2414 1444//2414 1454//2414
f 1450//2415 1446//2415 1445//2415
f 1453//2416 1445//2416 1455//2416
f 1456//2417 1453//2417 1457//2417
f 1458//2418 1452//2418 1456//2418
f 1459//2419 1456//2419 1460//2419
f 1461//2420 1447//2420 1451//2420
f 1451//2421 1462//2421 1461//2421
f 1128//2422 1410//2422 1463//2422
f 1464//2423 1429//2423 1430//2423
f 1430//2424 1465//2424 1464//2424
f 1463//2425 1412//2425 1429//2425
f 1465//2426 1430//2426 1447//2426
f 1466//2427 1465//2427 1461//2427
f 1467//2428 1464//2428 1466//2428
f 1129//2429 1463//2429 1464//2429
f 1468//2430 1466//2430 1469//2430
f 1469//2431 1470//2431 1468//2431
f 1470//2432 1469//2432 1471//2432
f 1472//2433 1458//2433 1459//2433
f 1469//2434 1461//2434 1473//2434
f 1462//2435 1451//2435 1458//2435
f 1473//2436 1462//2436 1472//2436
f 1471//2437 1473//2437 1474//2437
f 1474//2438 1475//2438 1471//2438
f 1475//2439 1474//2439 1476//2439
f 1477//2440 1459//2440 1478//2440
f 1474//2441 1472//2441 1477//2441
f 1476//2442 1477//2442 1479//2442
f 1480//2443 1476//2443 1481//2443
f 1482//2444 1475//2444 1480//2444
f 1483//2445 1480//2445 1484//2445
f 1485//2446 1482//2446 1483//2446
f 1486//2447 1487//2447 1488//2447
f 1486//2448 1471//2448 1482//2448
f 1485//2449 1489//2449 1487//2449
f 1490//2450 1491//2450 1489//2450
f 1490//2451 1483//2451 1492//2451
f 1492//2452 1493//2452 1490//2452
f 1494//2453 1495//2453 1491//2453
f 1479//2454 1478//2454 1496//2454
f 1497//2455 1498//2455 1499//2455
f 1455//2456 1454//2456 1500//2456
f 1501//2457 1502//2457 1503//2457
f 1503//2458 1504//2458 1501//2458
f 1505//2459 1409//2459 1506//2459
f 1454//2460 1407//2460 1505//2460
f 1500//2461 1505//2461 1504//2461
f 1502//2462 1501//2462 1498//2462
f 1507//2463 1503//2463 1502//2463
f 1460//2464 1457//2464 1508//2464
f 1508//2465 1509//2465 1503//2465
f 1503//2466 1507//2466 1508//2466
f 1457//2467 1455//2467 1509//2467
f 1510//2468 1508//2468 1507//2468
f 1478//2469 1460//2469 1510//2469
f 1496//2470 1510//2470 1511//2470
f 1511//2471 1507//2471 1512//2471
f 1512//2472 1502//2472 1497//2472
f 1513//2473 1512//2473 1514//2473
f 1515//2474 1511//2474 1513//2474
f 1516//2475 1513//2475 1517//2475
f 1514//2476 1497//2476 1518//2476
f 1519//2477 1520//2477 1126//2477
f 1518//2478 1499//2478 1520//2478
f 1520//2479 1519//2479 1518//2479
f 1519//2480 1125//2480 1521//2480
f 1125//2481 1183//2481 1521//2481
f 1522//2482 1523//2482 1521//2482
f 1517//2483 1514//2483 1524//2483
f 1524//2484 1518//2484 1523//2484
f 1525//2485 1524//2485 1522//2485
f 1526//2486 1517//2486 1525//2486
f 1527//2487 1525//2487 1528//2487
f 1528//2488 1522//2488 1529//2488
f 1529//2489 1521//2489 1183//2489
f 1183//2490 1182//2490 1529//2490
f 1530//2491 1529//2491 1224//2491
f 1531//2492 1528//2492 1530//2492
f 1532//2493 1530//2493 1223//2493
f 1533//2494 1526//2494 1527//2494
f 1493//2495 1492//2495 1534//2495
f 1535//2496 1515//2496 1516//2496
f 1484//2497 1481//2497 1536//2497
f 1537//2498 1496//2498 1515//2498
f 1481//2499 1479//2499 1537//2499
f 1536//2500 1537//2500 1535//2500
f 1538//2501 1536//2501 1539//2501
f 1492//2502 1484//2502 1538//2502
f 1534//2503 1538//2503 1540//2503
f 1540//2504 1539//2504 1541//2504
f 1542//2505 1516//2505 1526//2505
f 1539//2506 1535//2506 1542//2506
f 1541//2507 1542//2507 1533//2507
f 1543//2508 1541//2508 1544//2508
f 1545//2509 1540//2509 1543//2509
f 1546//2510 1543//2510 1547//2510
f 1548//2511 1545//2511 1546//2511
f 1549//2512 1550//2512 1495//2512
f 1551//2513 1534//2513 1545//2513
f 1494//2514 1493//2514 1551//2514
f 1549//2515 1551//2515 1548//2515
f 1552//2516 1553//2516 1550//2516
f 1554//2517 1555//2517 1553//2517
f 1556//2518 1546//2518 1557//2518
f 1556//2519 1554//2519 1552//2519
f 1558//2520 1559//2520 1554//2520
f 1559//2521 1560//2521 1555//2521
f 1561//2522 1562//2522 1558//2522
f 1563//2523 1531//2523 1532//2523
f 1547//2524 1544//2524 1564//2524
f 1565//2525 1527//2525 1531//2525
f 1544//2526 1533//2526 1565//2526
f 1564//2527 1565//2527 1563//2527
f 1566//2528 1564//2528 1567//2528
f 1557//2529 1547//2529 1566//2529
f 1561//2530 1566//2530 1568//2530
f 1568//2531 1567//2531 1569//2531
f 1567//2532 1563//2532 1570//2532
f 1570//2533 1532//2533 1177//2533
f 1569//2534 1570//2534 1176//2534
f 1571//2535 1572//2535 1573//2535
f 1571//2536 1569//2536 1340//2536
f 1339//2537 1355//2537 1572//2537
f 1572//2538 1574//2538 1575//2538
f 1576//2539 1577//2539 1560//2539
f 1573//2540 1575//2540 1562//2540
f 1562//2541 1576//2541 1559//2541
f 1575//2542 1578//2542 1576//2542
f 1578//2543 1579//2543 1577//2543
f 1332//2544 1397//2544 1579//2544
f 1332//2545 1578//2545 1574//2545
f 1578//2546 1575//2546 1574//2546
f 1355//2547 1333//2547 1574//2547
f 1580//2548 1581//2548 1582//2548
f 1550//2549 1583//2549 1584//2549
f 1487//2550 1585//2550 1586//2550
f 1468//2551 1587//2551 1588//2551
f 1467//2552 1588//2552 1130//2552
f 1488//2553 1586//2553 1587//2553
f 1491//2554 1589//2554 1590//2554
f 1489//2555 1590//2555 1585//2555
f 1495//2556 1584//2556 1589//2556
f 1586//2557 1585//2557 1591//2557
f 1588//2558 1587//2558 1592//2558
f 1130//2559 1588//2559 1593//2559
f 1587//2560 1586//2560 1594//2560
f 1590//2561 1589//2561 1595//2561
f 1585//2562 1590//2562 1596//2562
f 1589//2563 1584//2563 1597//2563
f 1584//2564 1583//2564 1598//2564
f 1577//2565 1599//2565 1600//2565
f 1555//2566 1601//2566 1602//2566
f 1553//2567 1602//2567 1583//2567
f 1560//2568 1600//2568 1601//2568
f 1397//2569 1124//2569 1603//2569
f 1579//2570 1603//2570 1599//2570
f 1600//2571 1599//2571 1604//2571
f 1602//2572 1601//2572 1605//2572
f 1583//2573 1602//2573 1606//2573
f 1601//2574 1600//2574 1607//2574
f 1603//2575 1124//2575 1137//2575
f 1599//2576 1603//2576 1608//2576
f 1597//2577 1598//2577 1609//2577
f 1582//2578 144//2578 143//2578
f 143//2579 1610//2579 1582//2579
f 1594//2580 1591//2580 1611//2580
f 1593//2581 1592//2581 1612//2581
f 1581//2582 1593//2582 1613//2582
f 1592//2583 1594//2583 1614//2583
f 1596//2584 1595//2584 1615//2584
f 1591//2585 1596//2585 1616//2585
f 1595//2586 1597//2586 1617//2586
f 1611//2587 337//2587 336//2587
f 336//2588 1614//2588 1611//2588
f 341//2589 345//2589 1613//2589
f 1582//2590 1613//2590 344//2590
f 1613//2591 345//2591 344//2591
f 1612//2592 1614//2592 338//2592
f 1616//2593 1615//2593 352//2593
f 351//2594 337//2594 1611//2594
f 1615//2595 1617//2595 331//2595
f 1617//2596 1609//2596 329//2596
f 1607//2597 1604//2597 1618//2597
f 1606//2598 1605//2598 1619//2598
f 1598//2599 1606//2599 1620//2599
f 1605//2600 1607//2600 1621//2600
f 1608//2601 1137//2601 1154//2601
f 1604//2602 1608//2602 1622//2602
f 383//2603 1621//2603 1618//2603
f 1618//2604 373//2604 383//2604
f 380//2605 1620//2605 1619//2605
f 1620//2606 380//2606 330//2606
f 330//2607 1609//2607 1620//2607
f 1621//2608 383//2608 377//2608
f 1622//2609 1154//2609 138//2609
f 138//2610 391//2610 1622//2610
f 391//2611 373//2611 1622//2611
f 377//2612 1619//2612 1621//2612
f 330//2613 329//2613 1609//2613
f 1619//2614 377//2614 380//2614
f 1618//2615 1622//2615 373//2615
f 1622//2616 1618//2616 1604//2616
f 1154//2617 1622//2617 1608//2617
f 1621//2618 1619//2618 1605//2618
f 1620//2619 1609//2619 1598//2619
f 1619//2620 1620//2620 1606//2620
f 1618//2621 1621//2621 1607//2621
f 329//2622 331//2622 1617//2622
f 331//2623 352//2623 1615//2623
f 1611//2624 1616//2624 351//2624
f 352//2625 351//2625 1616//2625
f 338//2626 341//2626 1612//2626
f 344//2627 144//2627 1582//2627
f 1613//2628 1612//2628 341//2628
f 336//2629 338//2629 1614//2629
f 1617//2630 1615//2630 1595//2630
f 1616//2631 1611//2631 1591//2631
f 1615//2632 1616//2632 1596//2632
f 1614//2633 1612//2633 1592//2633
f 1613//2634 1582//2634 1581//2634
f 1612//2635 1613//2635 1593//2635
f 1611//2636 1614//2636 1594//2636
f 143//2637 145//2637 1610//2637
f 1609//2638 1617//2638 1597//2638
f 1608//2639 1604//2639 1599//2639
f 1137//2640 1608//2640 1603//2640
f 1607//2641 1605//2641 1601//2641
f 1606//2642 1598//2642 1583//2642
f 1605//2643 1606//2643 1602//2643
f 1604//2644 1607//2644 1600//2644
f 1599//2645 1577//2645 1579//2645
f 1603//2646 1579//2646 1397//2646
f 1601//2647 1555//2647 1560//2647
f 1583//2648 1550//2648 1553//2648
f 1602//2649 1553//2649 1555//2649
f 1600//2650 1560//2650 1577//2650
f 1598//2651 1597//2651 1584//2651
f 1597//2652 1595//2652 1589//2652
f 1596//2653 1591//2653 1585//2653
f 1595//2654 1596//2654 1590//2654
f 1594//2655 1592//2655 1587//2655
f 1593//2656 1581//2656 1130//2656
f 1592//2657 1593//2657 1588//2657
f 1591//2658 1594//2658 1586//2658
f 1589//2659 1491//2659 1495//2659
f 1585//2660 1487//2660 1489//2660
f 1590//2661 1489//2661 1491//2661
f 1587//2662 1468//2662 1488//2662
f 1130//2663 1129//2663 1467//2663
f 1588//2664 1467//2664 1468//2664
f 1586//2665 1488//2665 1487//2665
f 1581//2666 1580//2666 1130//2666
f 1584//2667 1495//2667 1550//2667
f 1582//2668 1610//2668 1580//2668
f 1574//2669 1572//2669 1355//2669
f 1574//2670 1333//2670 1332//2670
f 1579//2671 1578//2671 1332//2671
f 1577//2672 1576//2672 1578//2672
f 1576//2673 1562//2673 1575//2673
f 1559//2674 1558//2674 1562//2674
f 1562//2675 1561//2675 1573//2675
f 1560//2676 1559//2676 1576//2676
f 1575//2677 1573//2677 1572//2677
f 1572//2678 1571//2678 1339//2678
f 1340//2679 1339//2679 1571//2679
f 1573//2680 1568//2680 1571//2680
f 1176//2681 1340//2681 1569//2681
f 1177//2682 1176//2682 1570//2682
f 1570//2683 1569//2683 1567//2683
f 1569//2684 1571//2684 1568//2684
f 1568//2685 1573//2685 1561//2685
f 1566//2686 1561//2686 1557//2686
f 1567//2687 1568//2687 1566//2687
f 1563//2688 1567//2688 1564//2688
f 1565//2689 1564//2689 1544//2689
f 1531//2690 1563//2690 1565//2690
f 1564//2691 1566//2691 1547//2691
f 1532//2692 1570//2692 1563//2692
f 1558//2693 1557//2693 1561//2693
f 1555//2694 1554//2694 1559//2694
f 1554//2695 1556//2695 1558//2695
f 1552//2696 1548//2696 1556//2696
f 1557//2697 1558//2697 1556//2697
f 1553//2698 1552//2698 1554//2698
f 1550//2699 1549//2699 1552//2699
f 1548//2700 1552//2700 1549//2700
f 1551//2701 1549//2701 1494//2701
f 1545//2702 1548//2702 1551//2702
f 1495//2703 1494//2703 1549//2703
f 1546//2704 1556//2704 1548//2704
f 1547//2705 1557//2705 1546//2705
f 1543//2706 1546//2706 1545//2706
f 1544//2707 1547//2707 1543//2707
f 1533//2708 1544//2708 1541//2708
f 1542//2709 1541//2709 1539//2709
f 1526//2710 1533//2710 1542//2710
f 1541//2711 1543//2711 1540//2711
f 1540//2712 1545//2712 1534//2712
f 1538//2713 1534//2713 1492//2713
f 1539//2714 1540//2714 1538//2714
f 1535//2715 1539//2715 1536//2715
f 1537//2716 1536//2716 1481//2716
f 1515//2717 1535//2717 1537//2717
f 1536//2718 1538//2718 1484//2718
f 1516//2719 1542//2719 1535//2719
f 1534//2720 1551//2720 1493//2720
f 1527//2721 1565//2721 1533//2721
f 1223//2722 1177//2722 1532//2722
f 1530//2723 1532//2723 1531//2723
f 1224//2724 1223//2724 1530//2724
f 1182//2725 1224//2725 1529//2725
f 1529//2726 1530//2726 1528//2726
f 1528//2727 1531//2727 1527//2727
f 1525//2728 1527//2728 1526//2728
f 1522//2729 1528//2729 1525//2729
f 1523//2730 1522//2730 1524//2730
f 1524//2731 1525//2731 1517//2731
f 1521//2732 1529//2732 1522//2732
f 1521//2733 1523//2733 1519//2733
f 1519//2734 1523//2734 1518//2734
f 1126//2735 1125//2735 1519//2735
f 1518//2736 1524//2736 1514//2736
f 1517//2737 1526//2737 1516//2737
f 1513//2738 1516//2738 1515//2738
f 1514//2739 1517//2739 1513//2739
f 1497//2740 1514//2740 1512//2740
f 1512//2741 1513//2741 1511//2741
f 1511//2742 1515//2742 1496//2742
f 1510//2743 1496//2743 1478//2743
f 1507//2744 1511//2744 1510//2744
f 1509//2745 1508//2745 1457//2745
f 1509//2746 1500//2746 1503//2746
f 1508//2747 1510//2747 1460//2747
f 1502//2748 1512//2748 1507//2748
f 1498//2749 1497//2749 1502//2749
f 1504//2750 1503//2750 1500//2750
f 1505//2751 1500//2751 1454//2751
f 1506//2752 1504//2752 1505//2752
f 1504//2753 1506//2753 1501//2753
f 1500//2754 1509//2754 1455//2754
f 1499//2755 1518//2755 1497//2755
f 1496//2756 1537//2756 1479//2756
f 1491//2757 1490//2757 1494//2757
f 1493//2758 1494//2758 1490//2758
f 1489//2759 1485//2759 1490//2759
f 1487//2760 1486//2760 1485//2760
f 1482//2761 1485//2761 1486//2761
f 1488//2762 1470//2762 1486//2762
f 1483//2763 1490//2763 1485//2763
f 1484//2764 1492//2764 1483//2764
f 1480//2765 1483//2765 1482//2765
f 1481//2766 1484//2766 1480//2766
f 1479//2767 1481//2767 1476//2767
f 1477//2768 1476//2768 1474//2768
f 1478//2769 1479//2769 1477//2769
f 1476//2770 1480//2770 1475//2770
f 1475//2771 1482//2771 1471//2771
f 1472//2772 1474//2772 1473//2772
f 1458//2773 1472//2773 1462//2773
f 1473//2774 1471//2774 1469//2774
f 1459//2775 1477//2775 1472//2775
f 1471//2776 1486//2776 1470//2776
f 1470//2777 1488//2777 1468//2777
f 1464//2778 1467//2778 1129//2778
f 1466//2779 1468//2779 1467//2779
f 1461//2780 1469//2780 1466//2780
f 1447//2781 1461//2781 1465//2781
f 1429//2782 1464//2782 1463//2782
f 1465//2783 1466//2783 1464//2783
f 1463//2784 1129//2784 1128//2784
f 1462//2785 1473//2785 1461//2785
f 1460//2786 1478//2786 1459//2786
f 1456//2787 1459//2787 1458//2787
f 1457//2788 1460//2788 1456//2788
f 1455//2789 1457//2789 1453//2789
f 1445//2790 1453//2790 1450//2790
f 1454//2791 1455//2791 1445//2791
f 1453//2792 1456//2792 1452//2792
f 1452//2793 1458//2793 1451//2793
f 1450//2794 1452//2794 1449//2794
f 1446//2795 1450//2795 1448//2795
f 1432//2796 1448//2796 1431//2796
f 1441//2797 1442//2797 1446//2797
f 1449//2798 1451//2798 1447//2798
f 1443//2799 1444//2799 1445//2799
f 1407//2800 1454//2800 1444//2800
f 1437//2801 1444//2801 1443//2801
f 1436//2802 1443//2802 1442//2802
f 1408//2803 1407//2803 1437//2803
f 1439//2804 1442//2804 1441//2804
f 1438//2805 1441//2805 1440//2805
f 1416//2806 1440//2806 1433//2806
f 1415//2807 1433//2807 1427//2807
f 1438//2808 1416//2808 1414//2808
f 1436//2809 1439//2809 1434//2809
f 1433//2810 1440//2810 1432//2810
f 1431//2811 1447//2811 1430//2811
f 1426//2812 1430//2812 1429//2812
f 1428//2813 1431//2813 1426//2813
f 1425//2814 1429//2814 1412//2814
f 1423//2815 1426//2815 1425//2815
f 1424//2816 1427//2816 1423//2816
f 1421//2817 1423//2817 1422//2817
f 1413//2818 1424//2818 1421//2818
f 1418//2819 1422//2819 1417//2819
f 1420//2820 1421//2820 1418//2820
f 1417//2821 1412//2821 1411//2821
f 1415//2822 1424//2822 1413//2822
f 1412//2823 1463//2823 1410//2823
f 1409//2824 1505//2824 1407//2824
f 98//2825 1172//2825 1405//2825
f 1163//2826 1400//2826 1406//2826
f 1175//2827 1406//2827 1405//2827
f 1164//2828 1402//2828 1401//2828
f 1136//2829 1399//2829 1403//2829
f 1168//2830 1403//2830 1402//2830
f 1169//2831 1401//2831 1400//2831
f 1405//2832 1328//2832 97//2832
f 1400//2833 1320//2833 1329//2833
f 1406//2834 1329//2834 1328//2834
f 1402//2835 1326//2835 1321//2835
f 1399//2836 1330//2836 1404//2836
f 1330//2837 1323//2837 1327//2837
f 1395//2838 1331//2838 1330//2838
f 1404//2839 1327//2839 1326//2839
f 1401//2840 1321//2840 1320//2840
f 1135//2841 1395//2841 1399//2841
f 1148//2842 1390//2842 1395//2842
f 1140//2843 1392//2843 1391//2843
f 1147//2844 1391//2844 1390//2844
f 1398//2845 1396//2845 1143//2845
f 1360//2846 1361//2846 1396//2846
f 1335//2847 1336//2847 1356//2847
f 1397//2848 1332//2848 1335//2848
f 1396//2849 1361//2849 1394//2849
f 1390//2850 1365//2850 1331//2850
f 1361//2851 1359//2851 1362//2851
f 1362//2852 1385//2852 1384//2852
f 1388//2853 1381//2853 1392//2853
f 1392//2854 1381//2854 1366//2854
f 1391//2855 1366//2855 1365//2855
f 1291//2856 1290//2856 1331//2856
f 1382//2857 1370//2857 1378//2857
f 1389//2858 1378//2858 1377//2858
f 1376//2859 1369//2859 1381//2859
f 1386//2860 1375//2860 1371//2860
f 1384//2861 1374//2861 1373//2861
f 1387//2862 1373//2862 1375//2862
f 1363//2863 1367//2863 1372//2863
f 1385//2864 1372//2864 1374//2864
f 1383//2865 1371//2865 1370//2865
f 1368//2866 1281//2866 1280//2866
f 1380//2867 1280//2867 1279//2867
f 1282//2868 1287//2868 1364//2868
f 1376//2869 1278//2869 1270//2869
f 1370//2870 1271//2870 1273//2870
f 1378//2871 1273//2871 1277//2871
f 1377//2872 1277//2872 1278//2872
f 1272//2873 1371//2873 1375//2873
f 1274//2874 1373//2874 1374//2874
f 1276//2875 1375//2875 1373//2875
f 1261//2876 1372//2876 1367//2876
f 1275//2877 1374//2877 1372//2877
f 1371//2878 1272//2878 1271//2878
f 1369//2879 1270//2879 1281//2879
f 1351//2880 1337//2880 1367//2880
f 1286//2881 1289//2881 1365//2881
f 1363//2882 1385//2882 1362//2882
f 1358//2883 1359//2883 1361//2883
f 1356//2884 1352//2884 1357//2884
f 1358//2885 1349//2885 1351//2885
f 1357//2886 1350//2886 1349//2886
f 1352//2887 1347//2887 1350//2887
f 1336//2888 1353//2888 1352//2888
f 1334//2889 1354//2889 1353//2889
f 1354//2890 1341//2890 1344//2890
f 1355//2891 1339//2891 1354//2891
f 1353//2892 1344//2892 1347//2892
f 1349//2893 1346//2893 1337//2893
f 1350//2894 1348//2894 1346//2894
f 1348//2895 1350//2895 1347//2895
f 1346//2896 1348//2896 1236//2896
f 1236//2897 1348//2897 1345//2897
f 1345//2898 1347//2898 1344//2898
f 1342//2899 1344//2899 1341//2899
f 1231//2900 1342//2900 1343//2900
f 1343//2901 1341//2901 1340//2901
f 1235//2902 1345//2902 1342//2902
f 1341//2903 1354//2903 1339//2903
f 1260//2904 1367//2904 1337//2904
f 1333//2905 1355//2905 1334//2905
f 1331//2906 1290//2906 1323//2906
f 1328//2907 1317//2907 93//2907
f 1320//2908 1298//2908 1318//2908
f 1329//2909 1318//2909 1317//2909
f 1326//2910 1324//2910 1322//2910
f 1323//2911 1294//2911 1325//2911
f 1327//2912 1325//2912 1324//2912
f 1324//2913 1311//2913 1299//2913
f 1294//2914 1313//2914 1312//2914
f 1325//2915 1312//2915 1311//2915
f 1290//2916 1258//2916 1294//2916
f 1322//2917 1299//2917 1298//2917
f 1317//2918 1316//2918 94//2918
f 1298//2919 1297//2919 1319//2919
f 1318//2920 1319//2920 1316//2920
f 1311//2921 1303//2921 1300//2921
f 1295//2922 1315//2922 1314//2922
f 1315//2923 1295//2923 1296//2923
f 1315//2924 1301//2924 1306//2924
f 1314//2925 1306//2925 1304//2925
f 1312//2926 1304//2926 1303//2926
f 1303//2927 1302//2927 1310//2927
f 1307//2928 1306//2928 1301//2928
f 1308//2929 1301//2929 1214//2929
f 1309//2930 1307//2930 1308//2930
f 1307//2931 1309//2931 1305//2931
f 1304//2932 1305//2932 1302//2932
f 1301//2933 1315//2933 1216//2933
f 1300//2934 1310//2934 1297//2934
f 1295//2935 1313//2935 1294//2935
f 1293//2936 1283//2936 1292//2936
f 1283//2937 1255//2937 1256//2937
f 1289//2938 1284//2938 1283//2938
f 1292//2939 1256//2939 1258//2939
f 1286//2940 1285//2940 1284//2940
f 1288//2941 1284//2941 1285//2941
f 1287//2942 1259//2942 1285//2942
f 1284//2943 1288//2943 1255//2943
f 1259//2944 1287//2944 1282//2944
f 1264//2945 1280//2945 1281//2945
f 1268//2946 1279//2946 1280//2946
f 1269//2947 1282//2947 1279//2947
f 1263//2948 1270//2948 1278//2948
f 1266//2949 1277//2949 1273//2949
f 1267//2950 1278//2950 1277//2950
f 1275//2951 1261//2951 1238//2951
f 1272//2952 1239//2952 1265//2952
f 1262//2953 1281//2953 1270//2953
f 1250//2954 1259//2954 1269//2954
f 1248//2955 1268//2955 1264//2955
f 1249//2956 1269//2956 1268//2956
f 1266//2957 1243//2957 1246//2957
f 1239//2958 1237//2958 1243//2958
f 1263//2959 1246//2959 1247//2959
f 1260//2960 1338//2960 1233//2960
f 1257//2961 1285//2961 1259//2961
f 1256//2962 1252//2962 1254//2962
f 1253//2963 1288//2963 1257//2963
f 1255//2964 1288//2964 1253//2964
f 1220//2965 1296//2965 1254//2965
f 1213//2966 1217//2966 1253//2966
f 1218//2967 1219//2967 1252//2967
f 1251//2968 1257//2968 1250//2968
f 1240//2969 1250//2969 1249//2969
f 1245//2970 1249//2970 1248//2970
f 1242//2971 1248//2971 1247//2971
f 1241//2972 1247//2972 1246//2972
f 1245//2973 1242//2973 1205//2973
f 1244//2974 1246//2974 1243//2974
f 1241//2975 1244//2975 1193//2975
f 1212//2976 1251//2976 1240//2976
f 1238//2977 1233//2977 1221//2977
f 1233//2978 1338//2978 1236//2978
f 1234//2979 1236//2979 1235//2979
f 1234//2980 1232//2980 1228//2980
f 1232//2981 1235//2981 1231//2981
f 1229//2982 1231//2982 1178//2982
f 1226//2983 1229//2983 1230//2983
f 1230//2984 1178//2984 1177//2984
f 1228//2985 1232//2985 1229//2985
f 1222//2986 1221//2986 1228//2986
f 1225//2987 1224//2987 1182//2987
f 1227//2988 1184//2988 1189//2988
f 1225//2989 1230//2989 1223//2989
f 1192//2990 1237//2990 1221//2990
f 1216//2991 1296//2991 1220//2991
f 1215//2992 1220//2992 1219//2992
f 1207//2993 1219//2993 1218//2993
f 1206//2994 1218//2994 1217//2994
f 1215//2995 1207//2995 1203//2995
f 1209//2996 1217//2996 1213//2996
f 1208//2997 1213//2997 1212//2997
f 1211//2998 1212//2998 1210//2998
f 1208//2999 1211//2999 1202//2999
f 1206//3000 1209//3000 1198//3000
f 1204//3001 1210//3001 1205//3001
f 1197//3002 1205//3002 1193//3002
f 1202//3003 1211//3003 1204//3003
f 1179//3004 1214//3004 1203//3004
f 1180//3005 1179//3005 1201//3005
f 1199//3006 1198//3006 1202//3006
f 1201//3007 1203//3007 1198//3007
f 1197//3008 1191//3008 1187//3008
f 1196//3009 1202//3009 1194//3009
f 1192//3010 1222//3010 1185//3010
f 1185//3011 1222//3011 1189//3011
f 1190//3012 1184//3012 1183//3012
f 1190//3013 1127//3013 1188//3013
f 1187//3014 1191//3014 1185//3014
f 1184//3015 1227//3015 1182//3015
f 1181//3016 1308//3016 1179//3016
f 1178//3017 1343//3017 1176//3017
f 468//3018 1173//3018 101//3018
f 262//3019 1160//3019 1174//3019
f 277//3020 278//3020 1174//3020
f 270//3021 266//3021 1170//3021
f 269//3022 233//3022 1159//3022
f 1171//3023 1170//3023 266//3023
f 1160//3024 262//3024 469//3024
f 1173//3025 1172//3025 98//3025
f 1175//3026 1174//3026 1160//3026
f 1174//3027 1175//3027 1172//3027
f 1162//3028 1161//3028 1170//3028
f 1167//3029 1166//3029 1171//3029
f 1166//3030 1165//3030 1170//3030
f 1165//3031 1164//3031 1169//3031
f 1168//3032 1166//3032 1167//3032
f 1166//3033 1168//3033 1164//3033
f 1134//3034 1167//3034 1159//3034
f 1162//3035 1169//3035 1163//3035
f 1158//3036 1152//3036 233//3036
f 246//3037 1156//3037 1158//3037
f 248//3038 237//3038 1153//3038
f 1157//3039 1156//3039 246//3039
f 1150//3040 1152//3040 1158//3040
f 1157//3041 1153//3041 1145//3041
f 1151//3042 1150//3042 1156//3042
f 1155//3043 1153//3043 237//3043
f 242//3044 137//3044 1139//3044
f 1155//3045 1139//3045 1138//3045
f 136//3046 138//3046 1154//3046
f 1153//3047 1155//3047 1144//3047
f 1149//3048 1134//3048 1152//3048
f 1141//3049 1146//3049 1151//3049
f 1146//3050 1149//3050 1150//3050
f 1135//3051 1134//3051 1149//3051
f 1141//3052 1140//3052 1147//3052
f 1148//3053 1149//3053 1146//3053
f 1145//3054 1144//3054 1142//3054
f 1144//3055 1138//3055 1123//3055
f 1123//3056 1122//3056 1143//3056
f 1138//3057 1137//3057 1124//3057
f 1142//3058 1143//3058 1140//3058
f 1139//3059 1154//3059 1137//3059
f 1136//3060 1167//3060 1134//3060
f 1133//3061 1417//3061 1131//3061
f 1130//3062 1580//3062 1128//3062
f 1127//3063 1190//3063 1125//3063
f 1124//3064 1397//3064 1122//3064
f 1623//3065 1624//3065 1625//3065
f 1626//3066 1627//3066 1120//3066
f 1628//3067 1629//3067 1630//3067
f 1631//3068 1121//3068 1080//3068
f 1080//3069 1632//3069 1631//3069
f 1633//3070 1634//3070 1635//3070
f 1636//3071 1637//3071 1638//3071
f 1639//3072 1640//3072 1641//3072
f 1636//3073 1642//3073 1625//3073
f 1625//3074 1637//3074 1636//3074
f 1643//3075 1644//3075 1645//3075
f 1624//3076 1643//3076 1646//3076
f 1644//3077 1639//3077 1647//3077
f 1646//3078 1645//3078 1648//3078
f 1645//3079 1647//3079 1649//3079
f 1647//3080 1641//3080 1650//3080
f 1651//3081 1652//3081 1653//3081
f 1640//3082 1651//3082 1654//3082
f 1652//3083 1633//3083 1655//3083
f 1654//3084 1653//3084 1656//3084
f 1641//3085 1654//3085 1657//3085
f 1653//3086 1655//3086 1658//3086
f 1649//3087 1650//3087 1659//3087
f 1660//3088 1638//3088 1661//3088
f 1637//3089 1648//3089 1662//3089
f 1648//3090 1649//3090 1663//3090
f 1661//3091 1638//3091 1662//3091
f 1662//3092 1664//3092 1661//3092
f 1663//3093 1659//3093 1665//3093
f 1657//3094 1656//3094 1666//3094
f 1650//3095 1657//3095 1667//3095
f 1656//3096 1658//3096 1668//3096
f 1667//3097 1666//3097 1669//3097
f 1659//3098 1667//3098 1670//3098
f 1666//3099 1668//3099 1671//3099
f 1658//3100 1672//3100 1673//3100
f 1674//3101 1675//3101 1676//3101
f 1655//3102 1635//3102 1672//3102
f 1677//3103 1678//3103 1679//3103
f 1634//3104 1677//3104 1680//3104
f 1678//3105 1674//3105 1681//3105
f 1680//3106 1679//3106 1682//3106
f 1635//3107 1680//3107 1683//3107
f 1679//3108 1681//3108 1684//3108
f 1681//3109 1676//3109 1685//3109
f 1686//3110 1687//3110 1688//3110
f 1675//3111 1686//3111 1689//3111
f 1688//3112 1687//3112 84//3112
f 1687//3113 83//3113 84//3113
f 1689//3114 1688//3114 1690//3114
f 1676//3115 1689//3115 1691//3115
f 1688//3116 86//3116 87//3116
f 87//3117 1690//3117 1688//3117
f 1684//3118 1685//3118 1692//3118
f 1668//3119 1673//3119 1693//3119
f 1683//3120 1682//3120 1694//3120
f 1672//3121 1683//3121 1695//3121
f 1682//3122 1684//3122 1696//3122
f 1695//3123 1694//3123 1697//3123
f 1673//3124 1695//3124 1698//3124
f 1694//3125 1696//3125 1699//3125
f 1696//3126 1692//3126 1700//3126
f 1691//3127 1690//3127 1701//3127
f 1685//3128 1691//3128 1702//3128
f 1690//3129 89//3129 88//3129
f 1702//3130 1701//3130 1703//3130
f 1692//3131 1702//3131 1704//3131
f 1703//3132 1701//3132 90//3132
f 1701//3133 88//3133 90//3133
f 1705//3134 1706//3134 1707//3134
f 974//3135 997//3135 1708//3135
f 1627//3136 1626//3136 1706//3136
f 1709//3137 1710//3137 967//3137
f 1711//3138 1712//3138 966//3138
f 961//3139 966//3139 1712//3139
f 965//3140 967//3140 1710//3140
f 973//3141 972//3141 1713//3141
f 968//3142 973//3142 1714//3142
f 1715//3143 1713//3143 972//3143
f 972//3144 975//3144 1715//3144
f 1710//3145 1709//3145 1716//3145
f 1712//3146 1711//3146 1717//3146
f 1626//3147 1712//3147 1718//3147
f 1711//3148 1710//3148 1719//3148
f 1714//3149 1713//3149 1720//3149
f 1709//3150 1714//3150 1721//3150
f 1713//3151 1715//3151 1722//3151
f 1715//3152 1708//3152 1723//3152
f 1724//3153 1725//3153 1004//3153
f 1726//3154 1727//3154 1003//3154
f 1003//3155 1002//3155 1726//3155
f 1727//3156 1708//3156 997//3156
f 1001//3157 1004//3157 1725//3157
f 1728//3158 1729//3158 1010//3158
f 1010//3159 1008//3159 1728//3159
f 1724//3160 1005//3160 1011//3160
f 1011//3161 1729//3161 1724//3161
f 1009//3162 78//3162 79//3162
f 1009//3163 76//3163 78//3163
f 1725//3164 1724//3164 1730//3164
f 1727//3165 1726//3165 1731//3165
f 1708//3166 1727//3166 1732//3166
f 1726//3167 1725//3167 1733//3167
f 1729//3168 1728//3168 1734//3168
f 1724//3169 1729//3169 1735//3169
f 1734//3170 1728//3170 80//3170
f 1728//3171 79//3171 80//3171
f 1722//3172 1723//3172 1736//3172
f 1737//3173 1707//3173 1624//3173
f 1719//3174 1716//3174 1738//3174
f 1718//3175 1717//3175 1739//3175
f 1706//3176 1718//3176 1740//3176
f 1717//3177 1719//3177 1741//3177
f 1721//3178 1720//3178 1742//3178
f 1716//3179 1721//3179 1743//3179
f 1720//3180 1722//3180 1744//3180
f 1741//3181 1738//3181 1640//3181
f 1740//3182 1739//3182 1644//3182
f 1707//3183 1740//3183 1643//3183
f 1739//3184 1741//3184 1639//3184
f 1743//3185 1742//3185 1652//3185
f 1738//3186 1743//3186 1651//3186
f 1742//3187 1744//3187 1633//3187
f 1744//3188 1736//3188 1634//3188
f 1733//3189 1730//3189 1745//3189
f 1732//3190 1731//3190 1746//3190
f 1723//3191 1732//3191 1747//3191
f 1731//3192 1733//3192 1748//3192
f 1735//3193 1734//3193 1749//3193
f 1730//3194 1735//3194 1750//3194
f 1734//3195 82//3195 81//3195
f 81//3196 1749//3196 1734//3196
f 1748//3197 1745//3197 1675//3197
f 1747//3198 1746//3198 1678//3198
f 1736//3199 1747//3199 1677//3199
f 1746//3200 1748//3200 1674//3200
f 1750//3201 1749//3201 1687//3201
f 1745//3202 1750//3202 1686//3202
f 1749//3203 85//3203 83//3203
f 1112//3204 1103//3204 1751//3204
f 1631//3205 1632//3205 1629//3205
f 1752//3206 1109//3206 1105//3206
f 1105//3207 1753//3207 1752//3207
f 1107//3208 1106//3208 1754//3208
f 1632//3209 1079//3209 1108//3209
f 1108//3210 1755//3210 1632//3210
f 1752//3211 1754//3211 1106//3211
f 1111//3212 1110//3212 1756//3212
f 1104//3213 1111//3213 1757//3213
f 1110//3214 1758//3214 1759//3214
f 1758//3215 1110//3215 1113//3215
f 1113//3216 1112//3216 1758//3216
f 1752//3217 1753//3217 1760//3217
f 1755//3218 1754//3218 1761//3218
f 1632//3219 1755//3219 1762//3219
f 1754//3220 1752//3220 1763//3220
f 1757//3221 1756//3221 1764//3221
f 1753//3222 1757//3222 1765//3222
f 1756//3223 1766//3223 1767//3223
f 1756//3224 1759//3224 1766//3224
f 1759//3225 1768//3225 1769//3225
f 1117//3226 1114//3226 1770//3226
f 1758//3227 1751//3227 1768//3227
f 1116//3228 1115//3228 1771//3228
f 1772//3229 1751//3229 1103//3229
f 1773//3230 1771//3230 1115//3230
f 1772//3231 1771//3231 1774//3231
f 1751//3232 1772//3232 1775//3232
f 1771//3233 1773//3233 1776//3233
f 1773//3234 1770//3234 1777//3234
f 1119//3235 1118//3235 1778//3235
f 1779//3236 1770//3236 1114//3236
f 1627//3237 1778//3237 1118//3237
f 1779//3238 1778//3238 1780//3238
f 1770//3239 1779//3239 1781//3239
f 1778//3240 1627//3240 1705//3240
f 1776//3241 1777//3241 1782//3241
f 1766//3242 1769//3242 1783//3242
f 1775//3243 1774//3243 1784//3243
f 1768//3244 1775//3244 1785//3244
f 1774//3245 1776//3245 1786//3245
f 1785//3246 1784//3246 1787//3246
f 1769//3247 1785//3247 1788//3247
f 1784//3248 1786//3248 1789//3248
f 1786//3249 1782//3249 1790//3249
f 1781//3250 1780//3250 1791//3250
f 1777//3251 1781//3251 1792//3251
f 1780//3252 1705//3252 1737//3252
f 1792//3253 1791//3253 1793//3253
f 1782//3254 1792//3254 1794//3254
f 1791//3255 1737//3255 1623//3255
f 1795//3256 1630//3256 1796//3256
f 1767//3257 1783//3257 1797//3257
f 1763//3258 1760//3258 1798//3258
f 1762//3259 1761//3259 1799//3259
f 1629//3260 1762//3260 1800//3260
f 1761//3261 1763//3261 1801//3261
f 1765//3262 1764//3262 1802//3262
f 1760//3263 1765//3263 1803//3263
f 1764//3264 1804//3264 1805//3264
f 1764//3265 1767//3265 1804//3265
f 1804//3266 1797//3266 1806//3266
f 1789//3267 1790//3267 1807//3267
f 1788//3268 1787//3268 1808//3268
f 1783//3269 1788//3269 1809//3269
f 1787//3270 1789//3270 1810//3270
f 1794//3271 1793//3271 1811//3271
f 1790//3272 1794//3272 1812//3272
f 1793//3273 1623//3273 1642//3273
f 1810//3274 1807//3274 1813//3274
f 1809//3275 1808//3275 1814//3275
f 1797//3276 1809//3276 1815//3276
f 1808//3277 1810//3277 1816//3277
f 1817//3278 1812//3278 1811//3278
f 1811//3279 1636//3279 1817//3279
f 1807//3280 1812//3280 1817//3280
f 1805//3281 1806//3281 1818//3281
f 1801//3282 1798//3282 1819//3282
f 1800//3283 1799//3283 1820//3283
f 1630//3284 1800//3284 1821//3284
f 1799//3285 1801//3285 1822//3285
f 1803//3286 1802//3286 1823//3286
f 1798//3287 1803//3287 1824//3287
f 1823//3288 1802//3288 1825//3288
f 1802//3289 1805//3289 1825//3289
f 1825//3290 1818//3290 1826//3290
f 1816//3291 1813//3291 1827//3291
f 1815//3292 1814//3292 1828//3292
f 1806//3293 1815//3293 1829//3293
f 1814//3294 1816//3294 1830//3294
f 1817//3295 1636//3295 1660//3295
f 1813//3296 1817//3296 1831//3296
f 1830//3297 1827//3297 1832//3297
f 1829//3298 1828//3298 1833//3298
f 1818//3299 1829//3299 1834//3299
f 1828//3300 1830//3300 1835//3300
f 1831//3301 1660//3301 1836//3301
f 1827//3302 1831//3302 1837//3302
f 1837//3303 1832//3303 1827//3303
f 1836//3304 1837//3304 1831//3304
f 1835//3305 1833//3305 1828//3305
f 1834//3306 1826//3306 1818//3306
f 1833//3307 1834//3307 1829//3307
f 1832//3308 1835//3308 1830//3308
f 1831//3309 1827//3309 1813//3309
f 1660//3310 1831//3310 1817//3310
f 1830//3311 1828//3311 1814//3311
f 1829//3312 1818//3312 1806//3312
f 1828//3313 1829//3313 1815//3313
f 1827//3314 1830//3314 1816//3314
f 1826//3315 1838//3315 1825//3315
f 1825//3316 1838//3316 1823//3316
f 1824//3317 1819//3317 1798//3317
f 1823//3318 1824//3318 1803//3318
f 1822//3319 1820//3319 1799//3319
f 1821//3320 1796//3320 1630//3320
f 1820//3321 1821//3321 1800//3321
f 1819//3322 1822//3322 1801//3322
f 1818//3323 1825//3323 1805//3323
f 1817//3324 1813//3324 1807//3324
f 1811//3325 1642//3325 1636//3325
f 1816//3326 1814//3326 1808//3326
f 1815//3327 1806//3327 1797//3327
f 1814//3328 1815//3328 1809//3328
f 1813//3329 1816//3329 1810//3329
f 1642//3330 1811//3330 1793//3330
f 1812//3331 1807//3331 1790//3331
f 1811//3332 1812//3332 1794//3332
f 1810//3333 1808//3333 1787//3333
f 1809//3334 1797//3334 1783//3334
f 1808//3335 1809//3335 1788//3335
f 1807//3336 1810//3336 1789//3336
f 1806//3337 1805//3337 1804//3337
f 1805//3338 1802//3338 1764//3338
f 1803//3339 1798//3339 1760//3339
f 1802//3340 1803//3340 1765//3340
f 1801//3341 1799//3341 1761//3341
f 1800//3342 1630//3342 1629//3342
f 1799//3343 1800//3343 1762//3343
f 1798//3344 1801//3344 1763//3344
f 1797//3345 1804//3345 1767//3345
f 1796//3346 1839//3346 1795//3346
f 1623//3347 1793//3347 1791//3347
f 1794//3348 1790//3348 1782//3348
f 1793//3349 1794//3349 1792//3349
f 1737//3350 1791//3350 1780//3350
f 1792//3351 1782//3351 1777//3351
f 1791//3352 1792//3352 1781//3352
f 1790//3353 1789//3353 1786//3353
f 1789//3354 1787//3354 1784//3354
f 1788//3355 1783//3355 1769//3355
f 1787//3356 1788//3356 1785//3356
f 1786//3357 1784//3357 1774//3357
f 1785//3358 1769//3358 1768//3358
f 1784//3359 1785//3359 1775//3359
f 1783//3360 1767//3360 1766//3360
f 1782//3361 1786//3361 1776//3361
f 1705//3362 1780//3362 1778//3362
f 1781//3363 1777//3363 1770//3363
f 1780//3364 1781//3364 1779//3364
f 1118//3365 1120//3365 1627//3365
f 1114//3366 1119//3366 1779//3366
f 1778//3367 1779//3367 1119//3367
f 1777//3368 1776//3368 1773//3368
f 1776//3369 1774//3369 1771//3369
f 1775//3370 1768//3370 1751//3370
f 1774//3371 1775//3371 1772//3371
f 1115//3372 1117//3372 1773//3372
f 1103//3373 1116//3373 1772//3373
f 1771//3374 1772//3374 1116//3374
f 1768//3375 1759//3375 1758//3375
f 1770//3376 1773//3376 1117//3376
f 1769//3377 1766//3377 1759//3377
f 1767//3378 1764//3378 1756//3378
f 1765//3379 1760//3379 1753//3379
f 1764//3380 1765//3380 1757//3380
f 1763//3381 1761//3381 1754//3381
f 1762//3382 1629//3382 1632//3382
f 1761//3383 1762//3383 1755//3383
f 1760//3384 1763//3384 1752//3384
f 1759//3385 1756//3385 1110//3385
f 1757//3386 1753//3386 1104//3386
f 1756//3387 1757//3387 1111//3387
f 1106//3388 1109//3388 1752//3388
f 1108//3389 1107//3389 1755//3389
f 1754//3390 1755//3390 1107//3390
f 1105//3391 1104//3391 1753//3391
f 1629//3392 1628//3392 1631//3392
f 1751//3393 1758//3393 1112//3393
f 83//3394 1687//3394 1749//3394
f 1686//3395 1675//3395 1745//3395
f 1687//3396 1686//3396 1750//3396
f 1674//3397 1678//3397 1746//3397
f 1677//3398 1634//3398 1736//3398
f 1678//3399 1677//3399 1747//3399
f 1675//3400 1674//3400 1748//3400
f 81//3401 85//3401 1749//3401
f 1750//3402 1745//3402 1730//3402
f 1749//3403 1750//3403 1735//3403
f 1748//3404 1746//3404 1731//3404
f 1747//3405 1736//3405 1723//3405
f 1746//3406 1747//3406 1732//3406
f 1745//3407 1748//3407 1733//3407
f 1634//3408 1633//3408 1744//3408
f 1633//3409 1652//3409 1742//3409
f 1651//3410 1640//3410 1738//3410
f 1652//3411 1651//3411 1743//3411
f 1639//3412 1644//3412 1739//3412
f 1643//3413 1624//3413 1707//3413
f 1644//3414 1643//3414 1740//3414
f 1640//3415 1639//3415 1741//3415
f 1744//3416 1742//3416 1720//3416
f 1743//3417 1738//3417 1716//3417
f 1742//3418 1743//3418 1721//3418
f 1741//3419 1739//3419 1717//3419
f 1740//3420 1707//3420 1706//3420
f 1739//3421 1740//3421 1718//3421
f 1738//3422 1741//3422 1719//3422
f 1624//3423 1623//3423 1737//3423
f 1736//3424 1744//3424 1722//3424
f 80//3425 82//3425 1734//3425
f 1735//3426 1730//3426 1724//3426
f 1734//3427 1735//3427 1729//3427
f 1733//3428 1731//3428 1726//3428
f 1732//3429 1723//3429 1708//3429
f 1731//3430 1732//3430 1727//3430
f 1730//3431 1733//3431 1725//3431
f 79//3432 1728//3432 1009//3432
f 1011//3433 1010//3433 1729//3433
f 1008//3434 1009//3434 1728//3434
f 1725//3435 1726//3435 1001//3435
f 997//3436 1003//3436 1727//3436
f 1002//3437 1001//3437 1726//3437
f 1004//3438 1005//3438 1724//3438
f 1723//3439 1722//3439 1715//3439
f 1722//3440 1720//3440 1713//3440
f 1721//3441 1716//3441 1709//3441
f 1720//3442 1721//3442 1714//3442
f 1719//3443 1717//3443 1711//3443
f 1718//3444 1706//3444 1626//3444
f 1717//3445 1718//3445 1712//3445
f 1716//3446 1719//3446 1710//3446
f 975//3447 974//3447 1715//3447
f 1714//3448 1709//3448 968//3448
f 1713//3449 1714//3449 973//3449
f 1710//3450 1711//3450 965//3450
f 1712//3451 1626//3451 961//3451
f 966//3452 965//3452 1711//3452
f 967//3453 968//3453 1709//3453
f 1706//3454 1705//3454 1627//3454
f 1708//3455 1715//3455 974//3455
f 1707//3456 1737//3456 1705//3456
f 90//3457 92//3457 1703//3457
f 1704//3458 1700//3458 1692//3458
f 1703//3459 1704//3459 1702//3459
f 88//3460 1701//3460 1690//3460
f 1702//3461 1692//3461 1685//3461
f 1701//3462 1702//3462 1691//3462
f 1700//3463 1699//3463 1696//3463
f 1699//3464 1697//3464 1694//3464
f 1698//3465 1693//3465 1673//3465
f 1697//3466 1698//3466 1695//3466
f 1696//3467 1694//3467 1682//3467
f 1695//3468 1673//3468 1672//3468
f 1694//3469 1695//3469 1683//3469
f 1693//3470 1671//3470 1668//3470
f 1692//3471 1696//3471 1684//3471
f 87//3472 89//3472 1690//3472
f 1691//3473 1685//3473 1676//3473
f 1690//3474 1691//3474 1689//3474
f 84//3475 86//3475 1688//3475
f 1689//3476 1676//3476 1675//3476
f 1688//3477 1689//3477 1686//3477
f 1685//3478 1684//3478 1681//3478
f 1684//3479 1682//3479 1679//3479
f 1683//3480 1672//3480 1635//3480
f 1682//3481 1683//3481 1680//3481
f 1681//3482 1679//3482 1678//3482
f 1680//3483 1635//3483 1634//3483
f 1679//3484 1680//3484 1677//3484
f 1672//3485 1658//3485 1655//3485
f 1676//3486 1681//3486 1674//3486
f 1673//3487 1668//3487 1658//3487
f 1671//3488 1669//3488 1666//3488
f 1670//3489 1665//3489 1659//3489
f 1669//3490 1670//3490 1667//3490
f 1668//3491 1666//3491 1656//3491
f 1667//3492 1659//3492 1650//3492
f 1666//3493 1667//3493 1657//3493
f 1665//3494 1664//3494 1663//3494
f 1662//3495 1663//3495 1664//3495
f 1663//3496 1662//3496 1648//3496
f 1662//3497 1638//3497 1637//3497
f 1661//3498 1836//3498 1660//3498
f 1659//3499 1663//3499 1649//3499
f 1658//3500 1656//3500 1653//3500
f 1657//3501 1650//3501 1641//3501
f 1656//3502 1657//3502 1654//3502
f 1655//3503 1653//3503 1652//3503
f 1654//3504 1641//3504 1640//3504
f 1653//3505 1654//3505 1651//3505
f 1650//3506 1649//3506 1647//3506
f 1649//3507 1648//3507 1645//3507
f 1648//3508 1637//3508 1646//3508
f 1647//3509 1645//3509 1644//3509
f 1646//3510 1625//3510 1624//3510
f 1645//3511 1646//3511 1643//3511
f 1625//3512 1646//3512 1637//3512
f 1641//3513 1647//3513 1639//3513
f 1638//3514 1660//3514 1636//3514
f 1635//3515 1655//3515 1633//3515
f 1080//3516 1079//3516 1632//3516
f 1630//3517 1795//3517 1628//3517
f 1120//3518 961//3518 1626//3518
f 1625//3519 1642//3519 1623//3519
f 1703//3520 92//3520 91//3520
f 91//3521 1840//3521 1703//3521
f 1704//3522 1703//3522 1840//3522
f 1700//3523 1704//3523 1841//3523
f 1699//3524 1700//3524 1842//3524
f 1843//3525 1844//3525 1697//3525
f 1844//3526 1845//3526 1698//3526
f 1845//3527 1846//3527 1693//3527
f 1846//3528 1847//3528 1671//3528
f 1847//3529 1848//3529 1669//3529
f 1848//3530 1849//3530 1670//3530
f 1849//3531 1850//3531 1665//3531
f 1850//3532 1851//3532 1664//3532
f 1661//3533 1664//3533 1851//3533
f 1836//3534 1661//3534 1852//3534
f 1837//3535 1836//3535 1853//3535
f 1854//3536 1835//3536 1832//3536
f 1832//3537 1855//3537 1854//3537
f 1833//3538 1835//3538 1854//3538
f 1834//3539 1833//3539 1856//3539
f 1826//3540 1834//3540 1857//3540
f 1838//3541 1826//3541 1858//3541
f 1823//3542 1838//3542 1859//3542
f 1824//3543 1823//3543 1860//3543
f 1819//3544 1824//3544 1861//3544
f 1822//3545 1819//3545 1862//3545
f 1820//3546 1822//3546 1863//3546
f 1821//3547 1820//3547 1864//3547
f 1796//3548 1821//3548 1865//3548
f 1839//3549 1796//3549 1866//3549
f 95//3550 94//3550 1316//3550
f 1840//3551 1316//3551 1319//3551
f 1841//3552 1319//3552 1297//3552
f 1842//3553 1297//3553 1310//3553
f 1843//3554 1310//3554 1302//3554
f 1844//3555 1302//3555 1305//3555
f 1845//3556 1305//3556 1309//3556
f 1847//3557 1846//3557 1181//3557
f 1846//3558 1309//3558 1181//3558
f 1848//3559 1847//3559 1200//3559
f 1847//3560 1180//3560 1200//3560
f 1849//3561 1848//3561 1196//3561
f 1848//3562 1199//3562 1196//3562
f 1849//3563 1195//3563 1187//3563
f 1850//3564 1187//3564 1186//3564
f 1852//3565 1851//3565 1188//3565
f 1851//3566 1186//3566 1188//3566
f 1853//3567 1852//3567 1127//3567
f 1855//3568 1853//3568 1126//3568
f 1854//3569 1855//3569 1499//3569
f 1855//3570 1520//3570 1499//3570
f 1856//3571 1854//3571 1498//3571
f 1857//3572 1856//3572 1501//3572
f 1858//3573 1857//3573 1506//3573
f 1859//3574 1858//3574 1409//3574
f 1860//3575 1859//3575 1408//3575
f 1861//3576 1860//3576 1435//3576
f 1862//3577 1861//3577 1434//3577
f 1863//3578 1862//3578 1414//3578
f 1864//3579 1863//3579 1413//3579
f 1865//3580 1864//3580 1420//3580
f 1866//3581 1865//3581 1419//3581
f 1867//3582 1866//3582 1133//3582
f 1133//3583 1132//3583 1867//3583
f 1419//3584 1133//3584 1866//3584
f 1420//3585 1419//3585 1865//3585
f 1413//3586 1420//3586 1864//3586
f 1414//3587 1413//3587 1863//3587
f 1434//3588 1414//3588 1862//3588
f 1435//3589 1434//3589 1861//3589
f 1408//3590 1435//3590 1860//3590
f 1409//3591 1408//3591 1859//3591
f 1506//3592 1409//3592 1858//3592
f 1501//3593 1506//3593 1857//3593
f 1498//3594 1501//3594 1856//3594
f 1499//3595 1498//3595 1854//3595
f 1126//3596 1520//3596 1855//3596
f 1127//3597 1126//3597 1853//3597
f 1188//3598 1127//3598 1852//3598
f 1186//3599 1851//3599 1850//3599
f 1187//3600 1850//3600 1849//3600
f 1196//3601 1195//3601 1849//3601
f 1200//3602 1199//3602 1848//3602
f 1181//3603 1180//3603 1847//3603
f 1309//3604 1846//3604 1845//3604
f 1305//3605 1845//3605 1844//3605
f 1302//3606 1844//3606 1843//3606
f 1310//3607 1843//3607 1842//3607
f 1297//3608 1842//3608 1841//3608
f 1319//3609 1841//3609 1840//3609
f 1316//3610 1840//3610 95//3610
f 1866//3611 1867//3611 1839//3611
f 1865//3612 1866//3612 1796//3612
f 1864//3613 1865//3613 1821//3613
f 1863//3614 1864//3614 1820//3614
f 1862//3615 1863//3615 1822//3615
f 1861//3616 1862//3616 1819//3616
f 1860//3617 1861//3617 1824//3617
f 1859//3618 1860//3618 1823//3618
f 1858//3619 1859//3619 1838//3619
f 1857//3620 1858//3620 1826//3620
f 1856//3621 1857//3621 1834//3621
f 1854//3622 1856//3622 1833//3622
f 1832//3623 1837//3623 1855//3623
f 1853//3624 1855//3624 1837//3624
f 1852//3625 1853//3625 1836//3625
f 1851//3626 1852//3626 1661//3626
f 1664//3627 1665//3627 1850//3627
f 1665//3628 1670//3628 1849//3628
f 1670//3629 1669//3629 1848//3629
f 1669//3630 1671//3630 1847//3630
f 1671//3631 1693//3631 1846//3631
f 1693//3632 1698//3632 1845//3632
f 1698//3633 1697//3633 1844//3633
f 1697//3634 1699//3634 1843//3634
f 1842//3635 1843//3635 1699//3635
f 1841//3636 1842//3636 1700//3636
f 1840//3637 1841//3637 1704//3637
f 91//3638 95//3638 1840//3638
f 1868//3639 1795//3639 1839//3639
f 1869//3639 1628//3639 1795//3639
f 1795//3639 1868//3639 1869//3639
f 1869//3639 1631//3639 1628//3639
f 1869//3639 1121//3639 1631//3639
f 1839//3639 1867//3639 1868//3639
f 1867//3639 1132//3639 1868//3639
f 1870//3640 1871//3640 731//3640
f 731//3640 730//3640 1870//3640
f 1871//3640 723//3640 733//3640
f 733//3640 731//3640 1871//3640
f 730//3640 891//3640 1870//3640
f 1869//3641 1868//3641 1872//3641
f 1872//3642 1873//3642 1869//3642
f 1874//3643 1873//3643 1875//3643
f 1873//3644 1876//3644 1875//3644
f 1877//3645 1874//3645 1878//3645
f 1878//3645 1879//3645 1877//3645
f 1874//3646 1880//3646 1878//3646
f 1877//3647 1881//3647 1882//3647
f 1882//3648 1883//3648 1877//3648
f 1884//3649 1883//3649 1885//3649
f 1883//3650 1886//3650 1885//3650
f 1884//3651 1887//3651 1888//3651
f 1888//3652 1889//3652 1884//3652
f 1890//3653 1889//3653 1891//3653
f 1889//3654 1892//3654 1891//3654
f 1893//3655 1890//3655 1894//3655
f 1894//3655 1895//3655 1893//3655
f 1890//3656 1896//3656 1894//3656
f 1893//3657 1897//3657 1898//3657
f 1898//3658 1899//3658 1893//3658
f 1900//3659 1899//3659 1901//3659
f 1899//3660 1902//3660 1901//3660
f 1900//3661 1903//3661 1904//3661
f 1904//3662 1905//3662 1900//3662
f 1906//3663 1905//3663 1907//3663
f 1905//3664 1908//3664 1907//3664
f 1909//3665 1906//3665 1910//3665
f 1910//3665 1911//3665 1909//3665
f 1906//3666 1912//3666 1910//3666
f 1909//3667 1913//3667 1914//3667
f 1914//3668 1915//3668 1909//3668
f 1916//3669 1915//3669 1917//3669
f 1915//3670 1918//3670 1917//3670
f 1916//3671 1919//3671 1920//3671
f 1920//3672 1921//3672 1916//3672
f 1922//3673 1921//3673 1923//3673
f 1921//3674 1924//3674 1923//3674
f 1922//3675 1925//3675 1926//3675
f 1926//3675 1927//3675 1922//3675
f 1922//3676 1928//3676 1925//3676
f 1927//3677 1929//3677 1930//3677
f 1930//3678 1931//3678 1927//3678
f 1870//3679 1931//3679 1932//3679
f 1931//3680 1933//3680 1932//3680
f 1932//3681 1871//3681 1870//3681
f 1930//3682 1933//3682 1931//3682
f 1926//3683 1929//3683 1927//3683
f 1923//3684 1928//3684 1922//3684
f 1920//3685 1924//3685 1921//3685
f 1917//3686 1919//3686 1916//3686
f 1914//3687 1918//3687 1915//3687
f 1911//3688 1913//3688 1909//3688
f 1907//3689 1912//3689 1906//3689
f 1904//3690 1908//3690 1905//3690
f 1901//3691 1903//3691 1900//3691
f 1898//3692 1902//3692 1899//3692
f 1895//3693 1897//3693 1893//3693
f 1891//3694 1896//3694 1890//3694
f 1888//3695 1892//3695 1889//3695
f 1885//3696 1887//3696 1884//3696
f 1882//3697 1886//3697 1883//3697
f 1879//3698 1881//3698 1877//3698
f 1875//3699 1880//3699 1874//3699
f 1872//3700 1876//3700 1873//3700
f 1934//3701 1935//3701 1411//3701
f 1935//3702 1131//3702 1411//3702
f 1128//3703 1936//3703 1937//3703
f 1937//3704 1410//3704 1128//3704
f 1128//3705 1580//3705 1938//3705
f 1580//3706 1939//3706 1938//3706
f 1580//3707 1610//3707 1940//3707
f 1941//3708 1940//3708 1610//3708
f 1868//3709 1132//3709 1131//3709
f 1131//3710 1935//3710 1868//3710
f 1610//3711 145//3711 1941//3711
f 1940//3712 1939//3712 1580//3712
f 1938//3713 1936//3713 1128//3713
f 1937//3714 1934//3714 1410//3714
f 1411//3715 1410//3715 1934//3715
f 1942//3716 1871//3716 1932//3716
f 1943//3717 1944//3717 1933//3717
f 1944//3718 1932//3718 1933//3718
f 1943//3719 1930//3719 1929//3719
f 1929//3720 1945//3720 1943//3720
f 1945//3721 1926//3721 1925//3721
f 1946//3722 1947//3722 1928//3722
f 1947//3723 1925//3723 1928//3723
f 1946//3724 1923//3724 1924//3724
f 1924//3725 1948//3725 1946//3725
f 1948//3726 1920//3726 1919//3726
f 1949//3727 1919//3727 1917//3727
f 1950//3728 1951//3728 1918//3728
f 1951//3729 1917//3729 1918//3729
f 1950//3730 1914//3730 1913//3730
f 1913//3731 1952//3731 1950//3731
f 1952//3732 1911//3732 1910//3732
f 1953//3733 1954//3733 1912//3733
f 1954//3734 1910//3734 1912//3734
f 1953//3735 1907//3735 1908//3735
f 1908//3736 1955//3736 1953//3736
f 1955//3737 1904//3737 1903//3737
f 1956//3738 1903//3738 1901//3738
f 1957//3739 1958//3739 1902//3739
f 1958//3740 1901//3740 1902//3740
f 1957//3741 1898//3741 1897//3741
f 1897//3742 1959//3742 1957//3742
f 1959//3743 1895//3743 1894//3743
f 1960//3744 1961//3744 1896//3744
f 1961//3745 1894//3745 1896//3745
f 1960//3746 1891//3746 1892//3746
f 1892//3747 1962//3747 1960//3747
f 1962//3748 1888//3748 1887//3748
f 1963//3749 1887//3749 1885//3749
f 1964//3750 1965//3750 1886//3750
f 1965//3751 1885//3751 1886//3751
f 1964//3752 1882//3752 1881//3752
f 1881//3753 1966//3753 1964//3753
f 1966//3754 1879//3754 1878//3754
f 1967//3755 1968//3755 1880//3755
f 1968//3756 1878//3756 1880//3756
f 1967//3757 1875//3757 1876//3757
f 1876//3758 1969//3758 1967//3758
f 1969//3759 1872//3759 1868//3759
f 1970//3760 1971//3760 1972//3760
f 1972//3761 1944//3761 1970//3761
f 1970//3762 1944//3762 1943//3762
f 1973//3763 1943//3763 1945//3763
f 1974//3764 1945//3764 1947//3764
f 1975//3765 1947//3765 1946//3765
f 1976//3766 1946//3766 1948//3766
f 1977//3767 1948//3767 1949//3767
f 1978//3768 1949//3768 1951//3768
f 1979//3769 1951//3769 1950//3769
f 1980//3770 1950//3770 1952//3770
f 1981//3771 1952//3771 1954//3771
f 1982//3772 1954//3772 1953//3772
f 1983//3773 1953//3773 1955//3773
f 1984//3774 1955//3774 1956//3774
f 1985//3775 1956//3775 1958//3775
f 1986//3776 1958//3776 1957//3776
f 1987//3777 1957//3777 1959//3777
f 1988//3778 1959//3778 1961//3778
f 1989//3779 1961//3779 1960//3779
f 1990//3780 1960//3780 1962//3780
f 1991//3781 1962//3781 1963//3781
f 1992//3782 1963//3782 1965//3782
f 1993//3783 1965//3783 1964//3783
f 1994//3784 1964//3784 1966//3784
f 1995//3785 1966//3785 1968//3785
f 1996//3786 1968//3786 1967//3786
f 1997//3787 1967//3787 1969//3787
f 1998//3788 1969//3788 1934//3788
f 1969//3789 1935//3789 1934//3789
f 1999//3790 2000//3790 2001//3790
f 2001//3791 1970//3791 1999//3791
f 1999//3792 1970//3792 1973//3792
f 2002//3793 1973//3793 1974//3793
f 2003//3794 1974//3794 1975//3794
f 2004//3795 1975//3795 1976//3795
f 2005//3796 1976//3796 1977//3796
f 2006//3797 1977//3797 1978//3797
f 2007//3798 1978//3798 1979//3798
f 2008//3799 1979//3799 1980//3799
f 2009//3800 1980//3800 1981//3800
f 2010//3801 1981//3801 1982//3801
f 2011//3802 1982//3802 1983//3802
f 2012//3803 1983//3803 1984//3803
f 2013//3804 1984//3804 1985//3804
f 2014//3805 1985//3805 1986//3805
f 2015//3806 1986//3806 1987//3806
f 2016//3807 1987//3807 1988//3807
f 2017//3808 1988//3808 1989//3808
f 2018//3809 1989//3809 1990//3809
f 2019//3810 1990//3810 1991//3810
f 2020//3811 1991//3811 1992//3811
f 2021//3812 1992//3812 1993//3812
f 2022//3813 1993//3813 1994//3813
f 2023//3814 1994//3814 1995//3814
f 2024//3815 1995//3815 1996//3815
f 2025//3816 1996//3816 1997//3816
f 2026//3817 1997//3817 1998//3817
f 2027//3818 1998//3818 1936//3818
f 1998//3819 1937//3819 1936//3819
f 1999//3820 2028//3820 2029//3820
f 2029//3821 2030//3821 1999//3821
f 2028//3822 1999//3822 2002//3822
f 2031//3823 2002//3823 2003//3823
f 2032//3824 2003//3824 2004//3824
f 2033//3825 2004//3825 2005//3825
f 2034//3826 2005//3826 2006//3826
f 2035//3827 2006//3827 2007//3827
f 2036//3828 2007//3828 2008//3828
f 2037//3829 2008//3829 2009//3829
f 2038//3830 2009//3830 2010//3830
f 2039//3831 2010//3831 2011//3831
f 2040//3832 2011//3832 2012//3832
f 2041//3833 2012//3833 2013//3833
f 2042//3834 2013//3834 2014//3834
f 2043//3835 2014//3835 2015//3835
f 2044//3836 2015//3836 2016//3836
f 2045//3837 2016//3837 2017//3837
f 2046//3838 2017//3838 2018//3838
f 2047//3839 2018//3839 2019//3839
f 2048//3840 2019//3840 2020//3840
f 2049//3841 2020//3841 2021//3841
f 2050//3842 2021//3842 2022//3842
f 2051//3843 2022//3843 2023//3843
f 2052//3844 2023//3844 2024//3844
f 2053//3845 2024//3845 2025//3845
f 2054//3846 2025//3846 2026//3846
f 2055//3847 2026//3847 2027//3847
f 2027//3848 1939//3848 1940//3848
f 2027//3849 1938//3849 1939//3849
f 2056//3850 2029//3850 2028//3850
f 2057//3851 2028//3851 2031//3851
f 2058//3852 2031//3852 2032//3852
f 2059//3853 2032//3853 2033//3853
f 2060//3854 2033//3854 2034//3854
f 2061//3855 2034//3855 2035//3855
f 2062//3856 2035//3856 2036//3856
f 2063//3857 2036//3857 2037//3857
f 2064//3858 2037//3858 2038//3858
f 2065//3859 2038//3859 2039//3859
f 2066//3860 2039//3860 2040//3860
f 2067//3861 2040//3861 2041//3861
f 2068//3862 2041//3862 2042//3862
f 2069//3863 2042//3863 2043//3863
f 2070//3864 2043//3864 2044//3864
f 2071//3865 2044//3865 2045//3865
f 2072//3866 2045//3866 2046//3866
f 2073//3867 2046//3867 2047//3867
f 2074//3868 2047//3868 2048//3868
f 2075//3869 2048//3869 2049//3869
f 2076//3870 2049//3870 2050//3870
f 2077//3871 2050//3871 2051//3871
f 2078//3872 2051//3872 2052//3872
f 2079//3873 2052//3873 2053//3873
f 2080//3874 2053//3874 2054//3874
f 2081//3875 2054//3875 2055//3875
f 2082//3876 2055//3876 2083//3876
f 2084//3877 2083//3877 1940//3877
f 1940//3877 1941//3877 2084//3877
f 2083//3876 2084//3876 2082//3876
f 2055//3875 2082//3875 2081//3875
f 2054//3874 2081//3874 2080//3874
f 2053//3873 2080//3873 2079//3873
f 2052//3872 2079//3872 2078//3872
f 2051//3871 2078//3871 2077//3871
f 2050//3870 2077//3870 2076//3870
f 2049//3869 2076//3869 2075//3869
f 2048//3868 2075//3868 2074//3868
f 2047//3867 2074//3867 2073//3867
f 2046//3866 2073//3866 2072//3866
f 2045//3865 2072//3865 2071//3865
f 2044//3864 2071//3864 2070//3864
f 2043//3863 2070//3863 2069//3863
f 2042//3862 2069//3862 2068//3862
f 2041//3861 2068//3861 2067//3861
f 2040//3860 2067//3860 2066//3860
f 2039//3859 2066//3859 2065//3859
f 2038//3858 2065//3858 2064//3858
f 2037//3857 2064//3857 2063//3857
f 2036//3856 2063//3856 2062//3856
f 2035//3855 2062//3855 2061//3855
f 2034//3854 2061//3854 2060//3854
f 2033//3853 2060//3853 2059//3853
f 2032//3852 2059//3852 2058//3852
f 2031//3851 2058//3851 2057//3851
f 2028//3850 2057//3850 2056//3850
f 1940//3878 2083//3878 2027//3878
f 2027//3847 2083//3847 2055//3847
f 2026//3846 2055//3846 2054//3846
f 2025//3845 2054//3845 2053//3845
f 2024//3844 2053//3844 2052//3844
f 2023//3843 2052//3843 2051//3843
f 2022//3842 2051//3842 2050//3842
f 2021//3841 2050//3841 2049//3841
f 2020//3840 2049//3840 2048//3840
f 2019//3839 2048//3839 2047//3839
f 2018//3838 2047//3838 2046//3838
f 2017//3837 2046//3837 2045//3837
f 2016//3836 2045//3836 2044//3836
f 2015//3835 2044//3835 2043//3835
f 2014//3834 2043//3834 2042//3834
f 2013//3833 2042//3833 2041//3833
f 2012//3832 2041//3832 2040//3832
f 2011//3831 2040//3831 2039//3831
f 2010//3830 2039//3830 2038//3830
f 2009//3829 2038//3829 2037//3829
f 2008//3828 2037//3828 2036//3828
f 2007//3827 2036//3827 2035//3827
f 2006//3826 2035//3826 2034//3826
f 2005//3825 2034//3825 2033//3825
f 2004//3824 2033//3824 2032//3824
f 2003//3823 2032//3823 2031//3823
f 2002//3822 2031//3822 2028//3822
f 2030//3879 2000//3879 1999//3879
f 1936//3880 1938//3880 2027//3880
f 1998//3817 2027//3817 2026//3817
f 1997//3816 2026//3816 2025//3816
f 1996//3815 2025//3815 2024//3815
f 1995//3814 2024//3814 2023//3814
f 1994//3813 2023//3813 2022//3813
f 1993//3812 2022//3812 2021//3812
f 1992//3811 2021//3811 2020//3811
f 1991//3810 2020//3810 2019//3810
f 1990//3809 2019//3809 2018//3809
f 1989//3808 2018//3808 2017//3808
f 1988//3807 2017//3807 2016//3807
f 1987//3806 2016//3806 2015//3806
f 1986//3805 2015//3805 2014//3805
f 1985//3804 2014//3804 2013//3804
f 1984//3803 2013//3803 2012//3803
f 1983//3802 2012//3802 2011//3802
f 1982//3801 2011//3801 2010//3801
f 1981//3800 2010//3800 2009//3800
f 1980//3799 2009//3799 2008//3799
f 1979//3798 2008//3798 2007//3798
f 1978//3797 2007//3797 2006//3797
f 1977//3796 2006//3796 2005//3796
f 1976//3795 2005//3795 2004//3795
f 1975//3794 2004//3794 2003//3794
f 1974//3793 2003//3793 2002//3793
f 1973//3792 2002//3792 1999//3792
f 2001//3881 1971//3881 1970//3881
f 1934//3882 1937//3882 1998//3882
f 1969//3787 1998//3787 1997//3787
f 1967//3786 1997//3786 1996//3786
f 1968//3785 1996//3785 1995//3785
f 1966//3784 1995//3784 1994//3784
f 1964//3783 1994//3783 1993//3783
f 1965//3782 1993//3782 1992//3782
f 1963//3781 1992//3781 1991//3781
f 1962//3780 1991//3780 1990//3780
f 1960//3779 1990//3779 1989//3779
f 1961//3778 1989//3778 1988//3778
f 1959//3777 1988//3777 1987//3777
f 1957//3776 1987//3776 1986//3776
f 1958//3775 1986//3775 1985//3775
f 1956//3774 1985//3774 1984//3774
f 1955//3773 1984//3773 1983//3773
f 1953//3772 1983//3772 1982//3772
f 1954//3771 1982//3771 1981//3771
f 1952//3770 1981//3770 1980//3770
f 1950//3769 1980//3769 1979//3769
f 1951//3768 1979//3768 1978//3768
f 1949//3767 1978//3767 1977//3767
f 1948//3766 1977//3766 1976//3766
f 1946//3765 1976//3765 1975//3765
f 1947//3764 1975//3764 1974//3764
f 1945//3763 1974//3763 1973//3763
f 1943//3762 1973//3762 1970//3762
f 1972//3883 1942//3883 1944//3883
f 1868//3759 1935//3759 1969//3759
f 1876//3884 1872//3884 1969//3884
f 1880//3885 1875//3885 1967//3885
f 1878//3754 1968//3754 1966//3754
f 1881//3886 1879//3886 1966//3886
f 1886//3887 1882//3887 1964//3887
f 1885//3749 1965//3749 1963//3749
f 1887//3748 1963//3748 1962//3748
f 1892//3888 1888//3888 1962//3888
f 1896//3889 1891//3889 1960//3889
f 1894//3743 1961//3743 1959//3743
f 1897//3890 1895//3890 1959//3890
f 1902//3891 1898//3891 1957//3891
f 1901//3738 1958//3738 1956//3738
f 1903//3737 1956//3737 1955//3737
f 1908//3892 1904//3892 1955//3892
f 1912//3893 1907//3893 1953//3893
f 1910//3732 1954//3732 1952//3732
f 1913//3894 1911//3894 1952//3894
f 1918//3895 1914//3895 1950//3895
f 1917//3727 1951//3727 1949//3727
f 1919//3726 1949//3726 1948//3726
f 1924//3896 1920//3896 1948//3896
f 1928//3897 1923//3897 1946//3897
f 1925//3721 1947//3721 1945//3721
f 1929//3898 1926//3898 1945//3898
f 1933//3899 1930//3899 1943//3899
f 1932//3716 1944//3716 1942//3716
f 1972//3900 639//3900 635//3900
f 635//3901 1942//3901 1972//3901
f 475//3902 639//3902 1971//3902
f 639//3903 1972//3903 1971//3903
f 475//3904 2001//3904 2000//3904
f 2000//3905 593//3905 475//3905
f 2030//3906 2029//3906 594//3906
f 2029//3907 598//3907 594//3907
f 1871//3908 1942//3908 660//3908
f 2056//3909 436//3909 598//3909
f 598//3910 2029//3910 2056//3910
f 660//3911 723//3911 1871//3911
f 594//3912 593//3912 2030//3912
f 2000//3913 2030//3913 593//3913
f 1971//3914 2001//3914 475//3914
f 635//3915 660//3915 1942//3915
f 2085//1 2086//1 2087//1
f 2087//1 2088//1 2085//1
f 2086//1 2085//1 2089//1
f 2089//1 2090//1 2086//1
f 2091//1 2092//1 2093//1
f 2094//1 2057//1 2058//1
f 2089//1 2095//1 2090//1
f 2096//1 2097//1 2098//1
f 2091//1 2099//1 2092//1
f 2099//1 2091//1 2100//1
f 2094//1 2056//1 2057//1
f 2101//1 2058//1 2059//1
f 2089//1 2102//1 2095//1
f 2089//1 2103//1 2104//1
f 2105//1 2085//1 2106//1
f 2097//1 2096//1 2107//1
f 2108//1 2109//1 2110//1
f 2108//1 2096//1 2111//1
f 2097//1 2112//1 2098//1
f 2113//1 2114//1 2112//1
f 2100//1 2110//1 2099//1
f 2056//1 2094//1 2115//1
f 2059//1 2116//1 2101//1
f 2104//1 2102//1 2089//1
f 2107//1 2105//1 2097//1
f 2111//1 2109//1 2108//1
f 2112//1 2097//1 2113//1
f 408//1 2117//1 2118//1
f 2119//1 2115//1 2091//1
f 2058//1 2101//1 2094//1
f 2106//1 2097//1 2105//1
f 2110//1 2100//1 2108//1
f 2098//1 2120//1 2096//1
f 2121//1 2122//1 2068//1
f 409//1 2118//1 2123//1
f 2118//1 409//1 408//1
f 2124//1 2125//1 2082//1
f 2115//1 2119//1 2056//1
f 2108//1 2107//1 2096//1
f 2098//1 2126//1 2120//1
f 2127//1 2128//1 2129//1
f 2063//1 2064//1 2130//1
f 2068//1 2069//1 2121//1
f 2131//1 2121//1 2071//1
f 408//1 436//1 2117//1
f 436//1 2056//1 2132//1
f 2125//1 2133//1 2081//1
f 2082//1 2084//1 2124//1
f 2088//1 2106//1 2085//1
f 2129//1 2114//1 2127//1
f 2134//1 2062//1 2063//1
f 2064//1 2065//1 2135//1
f 2066//1 2136//1 2135//1
f 2069//1 2070//1 2121//1
f 2071//1 2072//1 2131//1
f 2131//1 2073//1 2103//1
f 2074//1 2075//1 2137//1
f 436//1 2138//1 2117//1
f 2132//1 2139//1 436//1
f 2084//1 1941//1 2124//1
f 1941//1 2140//1 2127//1
f 2113//1 2127//1 2114//1
f 2127//1 2140//1 2141//1
f 2135//1 2130//1 2064//1
f 2135//1 2065//1 2066//1
f 2122//1 2136//1 2067//1
f 2072//1 2073//1 2131//1
f 2073//1 2142//1 2103//1
f 2142//1 2073//1 2074//1
f 2076//1 2143//1 2137//1
f 2077//1 2078//1 2144//1
f 2080//1 2133//1 2145//1
f 358//1 2146//1 2147//1
f 2148//1 2149//1 2150//1
f 2149//1 2151//1 2126//1
f 2126//1 2152//1 2153//1
f 2139//1 2138//1 436//1
f 2127//1 2124//1 1941//1
f 2141//1 2128//1 2127//1
f 2062//1 2134//1 2154//1
f 2066//1 2067//1 2136//1
f 2070//1 2071//1 2121//1
f 2103//1 2089//1 2155//1
f 2137//1 2075//1 2076//1
f 2143//1 2076//1 2077//1
f 2078//1 2079//1 2145//1
f 2145//1 2079//1 2080//1
f 2147//1 334//1 358//1
f 141//1 2123//1 2148//1
f 2126//1 2156//1 2157//1
f 2126//1 2098//1 2152//1
f 2149//1 2158//1 2159//1
f 2056//1 2119//1 2132//1
f 2093//1 2119//1 2091//1
f 2060//1 2061//1 2154//1
f 2130//1 2134//1 2063//1
f 2103//1 2155//1 2131//1
f 2144//1 2143//1 2077//1
f 2080//1 2081//1 2133//1
f 145//1 2160//1 2140//1
f 142//1 340//1 2161//1
f 358//1 141//1 2146//1
f 2150//1 141//1 2148//1
f 2153//1 2156//1 2126//1
f 2149//1 2148//1 2158//1
f 2081//1 2082//1 2125//1
f 2116//1 2059//1 2060//1
f 2067//1 2068//1 2122//1
f 2145//1 2144//1 2078//1
f 145//1 2162//1 2160//1
f 2163//1 145//1 142//1
f 340//1 334//1 2164//1
f 2150//1 2146//1 141//1
f 2159//1 2151//1 2149//1
f 2154//1 2116//1 2060//1
f 2137//1 2142//1 2074//1
f 145//1 2163//1 2162//1
f 2164//1 2161//1 340//1
f 2126//1 2157//1 2149//1
f 2154//1 2061//1 2062//1
f 2161//1 2163//1 142//1
f 2123//1 141//1 409//1
f 2147//1 2164//1 334//1
f 2140//1 1941//1 145//1
f 2165//3916 2166//3916 2116//3916
f 2167//3917 2165//3917 2154//3917
f 2168//3918 2167//3918 2134//3918
f 2169//3919 2168//3919 2130//3919
f 2170//3920 2169//3920 2135//3920
f 2171//3921 2170//3921 2136//3921
f 2172//3922 2171//3922 2122//3922
f 2173//3923 2172//3923 2121//3923
f 2174//3924 2173//3924 2131//3924
f 2175//3925 2174//3925 2155//3925
f 2176//3926 2175//3926 2089//3926
f 2177//3927 2176//3927 2085//3927
f 2178//3928 2177//3928 2105//3928
f 2179//3929 2178//3929 2107//3929
f 2180//3930 2179//3930 2108//3930
f 2181//3931 2180//3931 2100//3931
f 2182//3932 2181//3932 2091//3932
f 2183//3933 2182//3933 2115//3933
f 2184//3934 2183//3934 2094//3934
f 2166//3935 2184//3935 2101//3935
f 2101//3935 2116//3935 2166//3935
f 2094//3934 2101//3934 2184//3934
f 2115//3933 2094//3933 2183//3933
f 2091//3932 2115//3932 2182//3932
f 2100//3931 2091//3931 2181//3931
f 2108//3930 2100//3930 2180//3930
f 2107//3929 2108//3929 2179//3929
f 2105//3928 2107//3928 2178//3928
f 2085//3927 2105//3927 2177//3927
f 2089//3926 2085//3926 2176//3926
f 2155//3925 2089//3925 2175//3925
f 2131//3924 2155//3924 2174//3924
f 2121//3923 2131//3923 2173//3923
f 2122//3922 2121//3922 2172//3922
f 2136//3921 2122//3921 2171//3921
f 2135//3920 2136//3920 2170//3920
f 2130//3919 2135//3919 2169//3919
f 2134//3918 2130//3918 2168//3918
f 2154//3917 2134//3917 2167//3917
f 2116//3916 2154//3916 2165//3916
f 2170//1 2185//1 2186//1
f 2170//1 2171//1 2187//1
f 2180//1 2188//1 2189//1
f 2181//1 2190//1 2188//1
f 2169//1 2186//1 2191//1
f 2187//1 2185//1 2170//1
f 2172//1 2192//1 2187//1
f 2172//1 2173//1 2193//1
f 2176//1 2194//1 2195//1
f 2176//1 2177//1 2196//1
f 2178//1 2197//1 2196//1
f 2179//1 2189//1 2197//1
f 2188//1 2180//1 2181//1
f 2181//1 2182//1 2198//1
f 2183//1 2199//1 2198//1
f 2183//1 2184//1 2200//1
f 2166//1 2201//1 2200//1
f 2166//1 2165//1 2202//1
f 2167//1 2203//1 2202//1
f 2167//1 2168//1 2191//1
f 2186//1 2169//1 2170//1
f 2193//1 2192//1 2172//1
f 2173//1 2174//1 2204//1
f 2175//1 2195//1 2204//1
f 2196//1 2194//1 2176//1
f 2197//1 2178//1 2179//1
f 2198//1 2190//1 2181//1
f 2200//1 2199//1 2183//1
f 2202//1 2201//1 2166//1
f 2191//1 2203//1 2167//1
f 2187//1 2171//1 2172//1
f 2204//1 2174//1 2175//1
f 2196//1 2177//1 2178//1
f 2198//1 2182//1 2183//1
f 2202//1 2165//1 2167//1
f 2204//1 2193//1 2173//1
f 2189//1 2179//1 2180//1
f 2191//1 2168//1 2169//1
f 2200//1 2184//1 2166//1
f 2195//1 2175//1 2176//1
f 2205//3916 2206//3916 2201//3916
f 2207//3917 2205//3917 2202//3917
f 2208//3918 2207//3918 2203//3918
f 2209//3919 2208//3919 2191//3919
f 2210//3920 2209//3920 2186//3920
f 2211//3921 2210//3921 2185//3921
f 2212//3922 2211//3922 2187//3922
f 2213//3923 2212//3923 2192//3923
f 2214//3924 2213//3924 2193//3924
f 2215//3925 2214//3925 2204//3925
f 2216//3926 2215//3926 2195//3926
f 2217//3927 2216//3927 2194//3927
f 2218//3928 2217//3928 2196//3928
f 2219//3929 2218//3929 2197//3929
f 2220//3930 2219//3930 2189//3930
f 2221//3931 2220//3931 2188//3931
f 2222//3932 2221//3932 2190//3932
f 2223//3933 2222//3933 2198//3933
f 2224//3934 2223//3934 2199//3934
f 2206//3935 2224//3935 2200//3935
f 2200//3935 2201//3935 2206//3935
f 2199//3934 2200//3934 2224//3934
f 2198//3933 2199//3933 2223//3933
f 2190//3932 2198//3932 2222//3932
f 2188//3931 2190//3931 2221//3931
f 2189//3930 2188//3930 2220//3930
f 2197//3929 2189//3929 2219//3929
f 2196//3928 2197//3928 2218//3928
f 2194//3927 2196//3927 2217//3927
f 2195//3926 2194//3926 2216//3926
f 2204//3925 2195//3925 2215//3925
f 2193//3924 2204//3924 2214//3924
f 2192//3923 2193//3923 2213//3923
f 2187//3922 2192//3922 2212//3922
f 2185//3921 2187//3921 2211//3921
f 2186//3920 2185//3920 2210//3920
f 2191//3919 2186//3919 2209//3919
f 2203//3918 2191//3918 2208//3918
f 2202//3917 2203//3917 2207//3917
f 2201//3916 2202//3916 2205//3916
f 2225//3916 2226//3916 2090//3916
f 2227//3917 2225//3917 2095//3917
f 2228//3918 2227//3918 2102//3918
f 2229//3919 2228//3919 2104//3919
f 2230//3920 2229//3920 2103//3920
f 2231//3921 2230//3921 2142//3921
f 2232//3922 2231//3922 2137//3922
f 2233//3923 2232//3923 2143//3923
f 2234//3924 2233//3924 2144//3924
f 2235//3925 2234//3925 2145//3925
f 2236//3926 2235//3926 2133//3926
f 2237//3927 2236//3927 2125//3927
f 2238//3928 2237//3928 2124//3928
f 2239//3929 2238//3929 2127//3929
f 2240//3930 2239//3930 2113//3930
f 2241//3931 2240//3931 2097//3931
f 2242//3932 2241//3932 2106//3932
f 2243//3933 2242//3933 2088//3933
f 2244//3934 2243//3934 2087//3934
f 2226//3935 2244//3935 2086//3935
f 2086//3935 2090//3935 2226//3935
f 2087//3934 2086//3934 2244//3934
f 2088//3933 2087//3933 2243//3933
f 2106//3932 2088//3932 2242//3932
f 2097//3931 2106//3931 2241//3931
f 2113//3930 2097//3930 2240//3930
f 2127//3929 2113//3929 2239//3929
f 2124//3928 2127//3928 2238//3928
f 2125//3927 2124//3927 2237//3927
f 2133//3926 2125//3926 2236//3926
f 2145//3925 2133//3925 2235//3925
f 2144//3924 2145//3924 2234//3924
f 2143//3923 2144//3923 2233//3923
f 2137//3922 2143//3922 2232//3922
f 2142//3921 2137//3921 2231//3921
f 2103//3920 2142//3920 2230//3920
f 2104//3919 2103//3919 2229//3919
f 2102//3918 2104//3918 2228//3918
f 2095//3917 2102//3917 2227//3917
f 2090//3916 2095//3916 2225//3916
f 2230//1 2245//1 2246//1
f 2231//1 2247//1 2245//1
f 2237//1 2248//1 2249//1
f 2237//1 2238//1 2250//1
f 2240//1 2251//1 2252//1
f 2241//1 2253//1 2251//1
f 2226//1 2254//1 2255//1
f 2226//1 2225//1 2256//1
f 2225//1 2227//1 2257//1
f 2227//1 2228//1 2258//1
f 2229//1 2246//1 2258//1
f 2245//1 2230//1 2231//1
f 2232//1 2259//1 2247//1
f 2232//1 2233//1 2260//1
f 2236//1 2249//1 2261//1
f 2250//1 2248//1 2237//1
f 2251//1 2240//1 2241//1
f 2241//1 2242//1 2262//1
f 2242//1 2243//1 2263//1
f 2243//1 2244//1 2255//1
f 2256//1 2254//1 2226//1
f 2258//1 2257//1 2227//1
f 2246//1 2229//1 2230//1
f 2260//1 2259//1 2232//1
f 2249//1 2236//1 2237//1
f 2238//1 2239//1 2252//1
f 2262//1 2253//1 2241//1
f 2255//1 2263//1 2243//1
f 2257//1 2256//1 2225//1
f 2247//1 2231//1 2232//1
f 2233//1 2234//1 2264//1
f 2235//1 2261//1 2264//1
f 2252//1 2250//1 2238//1
f 2263//1 2262//1 2242//1
f 2258//1 2228//1 2229//1
f 2264//1 2234//1 2235//1
f 2252//1 2239//1 2240//1
f 2264//1 2260//1 2233//1
f 2255//1 2244//1 2226//1
f 2261//1 2235//1 2236//1
f 2265//3916 2266//3916 2254//3916
f 2267//3917 2265//3917 2256//3917
f 2268//3918 2267//3918 2257//3918
f 2269//3919 2268//3919 2258//3919
f 2270//3920 2269//3920 2246//3920
f 2271//3921 2270//3921 2245//3921
f 2272//3922 2271//3922 2247//3922
f 2273//3923 2272//3923 2259//3923
f 2274//3924 2273//3924 2260//3924
f 2275//3925 2274//3925 2264//3925
f 2276//3926 2275//3926 2261//3926
f 2277//3927 2276//3927 2249//3927
f 2278//3928 2277//3928 2248//3928
f 2279//3929 2278//3929 2250//3929
f 2280//3930 2279//3930 2252//3930
f 2281//3931 2280//3931 2251//3931
f 2282//3932 2281//3932 2253//3932
f 2283//3933 2282//3933 2262//3933
f 2284//3934 2283//3934 2263//3934
f 2266//3935 2284//3935 2255//3935
f 2255//3935 2254//3935 2266//3935
f 2263//3934 2255//3934 2284//3934
f 2262//3933 2263//3933 2283//3933
f 2253//3932 2262//3932 2282//3932
f 2251//3931 2253//3931 2281//3931
f 2252//3930 2251//3930 2280//3930
f 2250//3929 2252//3929 2279//3929
f 2248//3928 2250//3928 2278//3928
f 2249//3927 2248//3927 2277//3927
f 2261//3926 2249//3926 2276//3926
f 2264//3925 2261//3925 2275//3925
f 2260//3924 2264//3924 2274//3924
f 2259//3923 2260//3923 2273//3923
f 2247//3922 2259//3922 2272//3922
f 2245//3921 2247//3921 2271//3921
f 2246//3920 2245//3920 2270//3920
f 2258//3919 2246//3919 2269//3919
f 2257//3918 2258//3918 2268//3918
f 2256//3917 2257//3917 2267//3917
f 2254//3916 2256//3916 2265//3916
f 2285//3916 2286//3916 2132//3916
f 2287//3917 2285//3917 2119//3917
f 2288//3918 2287//3918 2093//3918
f 2289//3919 2288//3919 2092//3919
f 2290//3920 2289//3920 2099//3920
f 2291//3921 2290//3921 2110//3921
f 2292//3922 2291//3922 2109//3922
f 2293//3923 2292//3923 2111//3923
f 2294//3924 2293//3924 2096//3924
f 2295//3925 2294//3925 2120//3925
f 2296//3926 2295//3926 2126//3926
f 2297//3927 2296//3927 2151//3927
f 2298//3928 2297//3928 2159//3928
f 2299//3929 2298//3929 2158//3929
f 2300//3930 2299//3930 2148//3930
f 2301//3931 2300//3931 2123//3931
f 2302//3932 2301//3932 2118//3932
f 2303//3933 2302//3933 2117//3933
f 2304//3934 2303//3934 2138//3934
f 2286//3935 2304//3935 2139//3935
f 2139//3935 2132//3935 2286//3935
f 2138//3934 2139//3934 2304//3934
f 2117//3933 2138//3933 2303//3933
f 2118//3932 2117//3932 2302//3932
f 2123//3931 2118//3931 2301//3931
f 2148//3930 2123//3930 2300//3930
f 2158//3929 2148//3929 2299//3929
f 2159//3928 2158//3928 2298//3928
f 2151//3927 2159//3927 2297//3927
f 2126//3926 2151//3926 2296//3926
f 2120//3925 2126//3925 2295//3925
f 2096//3924 2120//3924 2294//3924
f 2111//3923 2096//3923 2293//3923
f 2109//3922 2111//3922 2292//3922
f 2110//3921 2109//3921 2291//3921
f 2099//3920 2110//3920 2290//3920
f 2092//3919 2099//3919 2289//3919
f 2093//3918 2092//3918 2288//3918
f 2119//3917 2093//3917 2287//3917
f 2132//3916 2119//3916 2285//3916
f 2290//1 2305//1 2306//1
f 2290//1 2291//1 2307//1
f 2292//1 2308//1 2307//1
f 2292//1 2293//1 2309//1
f 2296//1 2310//1 2311//1
f 2296//1 2297//1 2312//1
f 2302//1 2303//1 2313//1
f 2303//1 2304//1 2314//1
f 2286//1 2315//1 2314//1
f 2286//1 2285//1 2316//1
f 2287//1 2317//1 2316//1
f 2287//1 2288//1 2318//1
f 2289//1 2306//1 2318//1
f 2307//1 2305//1 2290//1
f 2309//1 2308//1 2292//1
f 2293//1 2294//1 2319//1
f 2312//1 2310//1 2296//1
f 2297//1 2298//1 2320//1
f 2300//1 2321//1 2322//1
f 2301//1 2323//1 2321//1
f 2302//1 2324//1 2323//1
f 2314//1 2313//1 2303//1
f 2316//1 2315//1 2286//1
f 2318//1 2317//1 2287//1
f 2306//1 2289//1 2290//1
f 2319//1 2309//1 2293//1
f 2320//1 2312//1 2297//1
f 2299//1 2322//1 2320//1
f 2321//1 2300//1 2301//1
f 2313//1 2324//1 2302//1
f 2316//1 2285//1 2287//1
f 2307//1 2291//1 2292//1
f 2320//1 2298//1 2299//1
f 2323//1 2301//1 2302//1
f 2318//1 2288//1 2289//1
f 2295//1 2311//1 2319//1
f 2322//1 2299//1 2300//1
f 2319//1 2294//1 2295//1
f 2314//1 2304//1 2286//1
f 2311//1 2295//1 2296//1
f 2325//3916 2326//3916 2315//3916
f 2327//3917 2325//3917 2316//3917
f 2328//3918 2327//3918 2317//3918
f 2329//3919 2328//3919 2318//3919
f 2330//3920 2329//3920 2306//3920
f 2331//3921 2330//3921 2305//3921
f 2332//3922 2331//3922 2307//3922
f 2333//3923 2332//3923 2308//3923
f 2334//3924 2333//3924 2309//3924
f 2335//3925 2334//3925 2319//3925
f 2336//3926 2335//3926 2311//3926
f 2337//3927 2336//3927 2310//3927
f 2338//3928 2337//3928 2312//3928
f 2339//3929 2338//3929 2320//3929
f 2340//3930 2339//3930 2322//3930
f 2341//3931 2340//3931 2321//3931
f 2342//3932 2341//3932 2323//3932
f 2343//3933 2342//3933 2324//3933
f 2344//3934 2343//3934 2313//3934
f 2326//3935 2344//3935 2314//3935
f 2314//3935 2315//3935 2326//3935
f 2313//3934 2314//3934 2344//3934
f 2324//3933 2313//3933 2343//3933
f 2323//3932 2324//3932 2342//3932
f 2321//3931 2323//3931 2341//3931
f 2322//3930 2321//3930 2340//3930
f 2320//3929 2322//3929 2339//3929
f 2312//3928 2320//3928 2338//3928
f 2310//3927 2312//3927 2337//3927
f 2311//3926 2310//3926 2336//3926
f 2319//3925 2311//3925 2335//3925
f 2309//3924 2319//3924 2334//3924
f 2308//3923 2309//3923 2333//3923
f 2307//3922 2308//3922 2332//3922
f 2305//3921 2307//3921 2331//3921
f 2306//3920 2305//3920 2330//3920
f 2318//3919 2306//3919 2329//3919
f 2317//3918 2318//3918 2328//3918
f 2316//3917 2317//3917 2327//3917
f 2315//3916 2316//3916 2325//3916
f 2279//3936 2280//3936 2345//3936
f 2346//3936 2345//3936 2280//3936
f 2280//3936 2281//3936 2346//3936
f 2284//3936 2266//3936 2215//3936
f 2345//3936 2347//3936 2279//3936
f 1870//3936 2348//3936 2349//3936
f 2350//3936 1870//3936 2330//3936
f 1870//3936 2284//3936 2219//3936
f 2266//3936 2214//3936 2215//3936
f 1078//3936 1121//3936 2351//3936
f 2279//3936 2352//3936 2353//3936
f 2279//3936 2347//3936 2354//3936
f 2349//3936 2282//3936 2283//3936
f 2282//3936 2349//3936 2346//3936
f 1870//3936 2350//3936 2348//3936
f 1870//3936 2329//3936 2330//3936
f 2278//3936 1121//3936 1869//3936
f 2277//3936 1869//3936 1873//3936
f 2223//3936 2224//3936 1931//3936
f 2219//3936 2220//3936 1870//3936
f 2284//3936 2217//3936 2218//3936
f 2215//3936 2216//3936 2284//3936
f 1121//3936 2355//3936 2351//3936
f 2354//3936 2352//3936 2279//3936
f 2281//3936 2282//3936 2346//3936
f 2330//3936 2356//3936 2350//3936
f 1873//3936 2276//3936 2277//3936
f 2276//3936 1873//3936 1874//3936
f 1877//3936 2274//3936 2275//3936
f 1884//3936 1889//3936 2272//3936
f 1890//3936 1893//3936 2270//3936
f 2269//3936 2270//3936 1893//3936
f 2268//3936 2269//3936 1899//3936
f 2357//3936 2356//3936 2335//3936
f 1870//3936 2222//3936 2223//3936
f 2220//3936 2221//3936 1870//3936
f 2216//3936 2217//3936 2284//3936
f 1121//3936 2358//3936 2355//3936
f 1121//3936 2353//3936 2359//3936
f 2283//3936 2284//3936 2349//3936
f 1870//3936 2328//3936 2329//3936
f 1869//3936 2277//3936 2278//3936
f 2275//3936 1874//3936 1877//3936
f 2273//3936 1883//3936 1884//3936
f 1889//3936 1890//3936 2271//3936
f 1893//3936 1899//3936 2269//3936
f 1899//3936 1900//3936 2268//3936
f 2267//3936 2268//3936 1905//3936
f 2265//3936 1915//3936 2210//3936
f 891//3936 2342//3936 2343//3936
f 2357//3936 2336//3936 2337//3936
f 2356//3936 2334//3936 2335//3936
f 2221//3936 2222//3936 1870//3936
f 2266//3936 2213//3936 2214//3936
f 2266//3936 2210//3936 2211//3936
f 2359//3936 2358//3936 1121//3936
f 2349//3936 2284//3936 1870//3936
f 1870//3936 2325//3936 2327//3936
f 1874//3936 2275//3936 2276//3936
f 1883//3936 2273//3936 2274//3936
f 2271//3936 2272//3936 1889//3936
f 1900//3936 1905//3936 2268//3936
f 1905//3936 1906//3936 2267//3936
f 2265//3936 2267//3936 1909//3936
f 1915//3936 2209//3936 2210//3936
f 891//3936 2341//3936 2342//3936
f 891//3936 2339//3936 2340//3936
f 2357//3936 2338//3936 2339//3936
f 2335//3936 2336//3936 2357//3936
f 2357//3936 891//3936 1054//3936
f 2360//3936 1054//3936 930//3936
f 2218//3936 2219//3936 2284//3936
f 2211//3936 2212//3936 2266//3936
f 2212//3936 2213//3936 2266//3936
f 2353//3936 1121//3936 2279//3936
f 1870//3936 2326//3936 2325//3936
f 2274//3936 1877//3936 1883//3936
f 2270//3936 2271//3936 1890//3936
f 1909//3936 1915//3936 2265//3936
f 1915//3936 2208//3936 2209//3936
f 1916//3936 1921//3936 2207//3936
f 2340//3936 2341//3936 891//3936
f 2337//3936 2338//3936 2357//3936
f 2356//3936 2332//3936 2333//3936
f 2356//3936 2330//3936 2331//3936
f 930//3936 2361//3936 2360//3936
f 930//3936 1078//3936 2362//3936
f 2327//3936 2328//3936 1870//3936
f 2272//3936 2273//3936 1884//3936
f 2210//3936 2266//3936 2265//3936
f 2208//3936 1915//3936 1916//3936
f 1921//3936 1922//3936 2205//3936
f 2339//3936 891//3936 2357//3936
f 2331//3936 2332//3936 2356//3936
f 2333//3936 2334//3936 2356//3936
f 930//3936 2363//3936 2361//3936
f 1078//3936 2364//3936 2362//3936
f 2351//3936 2364//3936 1078//3936
f 1906//3936 1909//3936 2267//3936
f 2205//3936 2207//3936 1921//3936
f 1922//3936 1927//3936 2206//3936
f 2362//3936 2363//3936 930//3936
f 2278//3936 2279//3936 1121//3936
f 2206//3936 2205//3936 1922//3936
f 891//3936 2344//3936 2326//3936
f 1054//3936 2360//3936 2357//3936
f 2224//3936 2206//3936 1927//3936
f 2207//3936 2208//3936 1916//3936
f 2343//3936 2344//3936 891//3936
f 1931//3936 1870//3936 2223//3936
f 1927//3936 1931//3936 2224//3936
f 2326//3936 1870//3936 891//3936
f 2350//3916 2356//3916 2365//3916
f 2348//3917 2350//3917 2366//3917
f 2349//3918 2348//3918 2367//3918
f 2346//3919 2349//3919 2368//3919
f 2345//3920 2346//3920 2369//3920
f 2347//3921 2345//3921 2370//3921
f 2354//3922 2347//3922 2371//3922
f 2352//3923 2354//3923 2372//3923
f 2353//3924 2352//3924 2373//3924
f 2359//3925 2353//3925 2374//3925
f 2358//3926 2359//3926 2375//3926
f 2355//3927 2358//3927 2376//3927
f 2351//3928 2355//3928 2377//3928
f 2364//3929 2351//3929 2378//3929
f 2362//3930 2364//3930 2379//3930
f 2363//3931 2362//3931 2380//3931
f 2361//3932 2363//3932 2381//3932
f 2360//3933 2361//3933 2382//3933
f 2357//3934 2360//3934 2383//3934
f 2356//3935 2357//3935 2384//3935
f 2384//3935 2365//3935 2356//3935
f 2383//3934 2384//3934 2357//3934
f 2382//3933 2383//3933 2360//3933
f 2381//3932 2382//3932 2361//3932
f 2380//3931 2381//3931 2363//3931
f 2379//3930 2380//3930 2362//3930
f 2378//3929 2379//3929 2364//3929
f 2377//3928 2378//3928 2351//3928
f 2376//3927 2377//3927 2355//3927
f 2375//3926 2376//3926 2358//3926
f 2374//3925 2375//3925 2359//3925
f 2373//3924 2374//3924 2353//3924
f 2372//3923 2373//3923 2352//3923
f 2371//3922 2372//3922 2354//3922
f 2370//3921 2371//3921 2347//3921
f 2369//3920 2370//3920 2345//3920
f 2368//3919 2369//3919 2346//3919
f 2367//3918 2368//3918 2349//3918
f 2366//3917 2367//3917 2348//3917
f 2365//3916 2366//3916 2350//3916
f 2385//1 2370//1 2369//1
f 2386//1 2371//1 2370//1
f 2387//1 2372//1 2371//1
f 2387//1 2388//1 2373//1
f 2389//1 2365//1 2384//1
f 2389//1 2390//1 2366//1
f 2390//1 2391//1 2367//1
f 2391//1 2392//1 2368//1
f 2393//1 2369//1 2368//1
f 2370//1 2385//1 2386//1
f 2373//1 2372//1 2387//1
f 2388//1 2394//1 2374//1
f 2395//1 2380//1 2379//1
f 2396//1 2381//1 2380//1
f 2366//1 2365//1 2389//1
f 2368//1 2367//1 2391//1
f 2369//1 2393//1 2385//1
f 2374//1 2373//1 2388//1
f 2397//1 2398//1 2378//1
f 2398//1 2399//1 2379//1
f 2380//1 2395//1 2396//1
f 2400//1 2382//1 2381//1
f 2401//1 2383//1 2382//1
f 2401//1 2402//1 2384//1
f 2367//1 2366//1 2390//1
f 2371//1 2386//1 2387//1
f 2397//1 2377//1 2376//1
f 2379//1 2378//1 2398//1
f 2381//1 2396//1 2400//1
f 2384//1 2383//1 2401//1
f 2368//1 2392//1 2393//1
f 2403//1 2375//1 2374//1
f 2404//1 2376//1 2375//1
f 2378//1 2377//1 2397//1
f 2382//1 2400//1 2401//1
f 2374//1 2394//1 2403//1
f 2376//1 2404//1 2397//1
f 2384//1 2402//1 2389//1
f 2379//1 2399//1 2395//1
f 2375//1 2403//1 2404//1
f 2390//3916 2389//3916 2157//3916
f 2391//3917 2390//3917 2156//3917
f 2392//3918 2391//3918 2153//3918
f 2393//3919 2392//3919 2152//3919
f 2385//3920 2393//3920 2098//3920
f 2386//3921 2385//3921 2112//3921
f 2387//3922 2386//3922 2114//3922
f 2388//3923 2387//3923 2129//3923
f 2394//3924 2388//3924 2128//3924
f 2403//3925 2394//3925 2141//3925
f 2404//3926 2403//3926 2140//3926
f 2397//3927 2404//3927 2160//3927
f 2398//3928 2397//3928 2162//3928
f 2399//3929 2398//3929 2163//3929
f 2395//3930 2399//3930 2161//3930
f 2396//3931 2395//3931 2164//3931
f 2400//3932 2396//3932 2147//3932
f 2401//3933 2400//3933 2146//3933
f 2402//3934 2401//3934 2150//3934
f 2389//3935 2402//3935 2149//3935
f 2149//3935 2157//3935 2389//3935
f 2150//3934 2149//3934 2402//3934
f 2146//3933 2150//3933 2401//3933
f 2147//3932 2146//3932 2400//3932
f 2164//3931 2147//3931 2396//3931
f 2161//3930 2164//3930 2395//3930
f 2163//3929 2161//3929 2399//3929
f 2162//3928 2163//3928 2398//3928
f 2160//3927 2162//3927 2397//3927
f 2140//3926 2160//3926 2404//3926
f 2141//3925 2140//3925 2403//3925
f 2128//3924 2141//3924 2394//3924
f 2129//3923 2128//3923 2388//3923
f 2114//3922 2129//3922 2387//3922
f 2112//3921 2114//3921 2386//3921
f 2098//3920 2112//3920 2385//3920
f 2152//3919 2098//3919 2393//3919
f 2153//3918 2152//3918 2392//3918
f 2156//3917 2153//3917 2391//3917
f 2157//3916 2156//3916 2390//3916
#4820 polygons

