# Aspose.3D Wavefront OBJ Exporter
# Copyright 2004-2023 Aspose Pty Ltd.
# File created: 06/29/2023 04:24:38


#
# object obj_60425651
#

v 17.76832771301269536 -316.055328369140625 -30.53910446166992184
v 17.42324256896972656 -317.5579833984375 -31.82698059082031248
v 17.49385261535644528 -316.9793701171875 -31.56345748901367184
v 17.94854927062988288 -315.85064697265624992 -29.86650848388671872
v 17.39336204528808592 -318.49148559570312496 -31.93849754333496096
v 17.3920955657958984 -318.2720947265625 -31.94322395324707024
v 17.6489295959472656 -320.320770263671875 -30.98470306396484368
v 17.52135467529296872 -319.82611083984375008 -31.46082305908203128
v 17.6165790557861328 -316.43234252929687504 -31.105438232421875
v 17.41782569885253904 -319.026092529296875 -31.84719467163085936
v 17.7344989776611328 -320.531982421875 -30.66535568237304688
v 18.68599319458007816 -318.3563232421875 -27.1143341064453125
v 18.5875911712646484 -319.65170288085937504 -27.48157501220703128
v 18.46676063537597656 -320.201812744140625 -27.93251991271972656
v 17.87971878051757808 -315.90301513671875008 -30.12338829040527344
v 17.41782569885253904 -317.6260986328125 -31.84719467163085936
v 17.4295005798339844 -319.165435791015625 -31.80362510681152336
v 18.65662384033203128 -319.071319580078125 -27.22394180297851564
v 18.19826507568359376 -320.74917602539062496 -28.93455696105957024
v 18.30431747436523436 -316.04595947265625 -28.53876686096191408
v 18.45780563354492184 -316.42044067382812496 -27.9659385681152344
v 17.80782127380371088 -320.66110229492187504 -30.39171409606933592
v 18.13826370239257812 -320.7965087890625 -29.15848731994628906
v 18.00572586059570312 -320.82278442382812496 -29.65312004089355472
v 18.3163738250732422 -320.584716796875 -28.4937686920166016
v 18.58631134033203128 -316.99264526367187504 -27.48634910583496096
v 18.03899192810058594 -315.82611083984375008 -29.52897262573242184
v 17.87971878051757808 -320.74917602539062496 -30.12338829040527344
v 18.6860389709472656 -318.32611083984375 -27.11415672302246094
v 18.65993690490722656 -317.6231689453125 -27.21157455444335936
v 18.12943458557128906 -315.85064697265624992 -29.191436767578125
v 18.19826507568359376 -315.90301513671875008 -28.93455696105957024
v 5.62660312652587888 -318.32611083984375 -25.0843658447265625
v 4.25480651855468752 -318.32611083984375 -23.57450675964355472
v 4.33141088485717772 -317.6260986328125 -23.51022911071777344
v 9.12069129943847656 -319.026092529296875 -21.64905738830566408
v 9.19199943542480468 -318.32611083984375 -21.57895088195800784
v 8.08502864837646484 -318.32611083984375 -20.36056900024414064
v -1.70608508586883544 -318.32611083984375 -9.18364143371582032
v -1.6064655780792236 -317.6260986328125 -9.1749258041381836
v -1.37612724304199216 -317.6260986328125 -11.03038597106933594
v 3.17526888847351074 -319.026092529296875 -8.75657844543457024
v 3.36275362968444824 -319.026092529296875 -10.26683616638183592
v 3.46148037910461424 -318.32611083984375 -10.25092887878417968
v 12.0543212890625 -318.32611083984375 -29.85714912414550784
v 10.3389596939086914 -318.32611083984375 -28.87104606628417968
v 10.39207363128662112 -317.6260986328125 -28.78631782531738288
v 7.40930128097534176 -315.82611083984375008 -23.33165740966796876
v 6.16991758346557618 -315.82611083984375008 -21.967538833618164
v 6.64132976531982424 -315.90301513671875008 -21.57197570800781248
v 8.68448925018310544 -318.32611083984375 -27.74253082275390624
v 7.10820770263671876 -318.32611083984375 -26.47743988037109376
v 7.17379522323608398 -317.6260986328125 -26.40195274353027344
v 5.98314237594604496 -316.82611083984375008 -24.73382568359375008
v 4.63782882690429688 -316.82611083984375008 -23.25311279296875
v 4.91066646575927728 -316.44253540039062496 -23.02417564392089844
v 5.6979107856750488 -317.6260986328125 -25.01425743103027343
v 4.44846963882446288 -317.2305908203125 -23.41200447082519528
v 5.80687570571899408 -317.2305908203125 -24.90712738037109376
v 7.2740187644958496 -317.2305908203125 -26.28660202026367188
v 7.43614530563354496 -316.82611083984375008 -26.10000419616699218
v 6.23711585998535156 -316.44253540039062496 -24.48412322998046872
v 6.57038450241088864 -316.120208740234375 -24.15646171569824218
v 5.26868867874145508 -316.120208740234375 -22.7237586975097656
v 5.69850587844848632 -315.90301513671875008 -22.3631000518798828
v 6.97048330307006832 -315.90301513671875008 -23.76309394836425776
v 7.97627687454223632 -316.120208740234375 -25.47834587097167968
v 7.66974401473999024 -316.44253540039062496 -25.83114624023437504
v 8.34427928924560548 -315.90301513671875008 -25.05480003356933594
v 8.98199653625488288 -316.82611083984375008 -27.34067344665527344
v 8.74399089813232416 -317.6260986328125 -27.66215896606445312
v 8.83491420745849616 -317.2305908203125 -27.53934478759765624
v 10.47323513031005856 -317.2305908203125 -28.65684318542480472
v 10.60452747344970704 -316.82611083984375008 -28.44740295410156248
v 9.19391918182373048 -316.44253540039062496 -27.05441856384277344
v 9.47200775146484376 -316.120208740234375 -26.67878913879394528
v 9.80586242675781248 -315.90301513671875008 -26.22783660888671876
v 8.74789428710937504 -315.82611083984375008 -24.5902652740478516
v 11.0419321060180664 -316.120208740234375 -27.7496356964111328
v 10.79369831085205072 -316.44253540039062496 -28.14562797546386718
v 11.33994483947753908 -315.90301513671875008 -27.27423477172851564
v 10.17202472686767578 -315.82611083984375008 -25.73324203491210944
v 9.15150928497314454 -315.90301513671875008 -24.12572860717773438
v 8.83545970916748048 -316.82611083984375008 -21.92949104309082032
v 7.70200634002685544 -316.82611083984375008 -20.68196296691894528
v 7.89136600494384768 -317.2305908203125 -20.5230712890625
v 7.8481192588806152 -315.90301513671875008 -22.90022277832031248
v 8.24821853637695312 -316.120208740234375 -22.50685501098632816
v 7.07114648818969727 -316.120208740234375 -21.21131706237792968
v 7.42916870117187504 -316.44253540039062496 -20.9109001159667968
v 8.581486701965332 -316.44253540039062496 -22.17919349670410156
v 9.51951122283935544 -316.120208740234375 -23.70218276977539064
v 9.8260440826416016 -316.44253540039062496 -23.34938240051269532
v 10.05964279174804688 -316.82611083984375008 -23.08052444458007812
v 9.01172637939453125 -317.2305908203125 -21.75618934631347664
v 9.12069129943847656 -317.6260986328125 -21.64905738830566408
v 8.00842475891113281 -317.6260986328125 -20.42484855651855472
v 10.3219928741455078 -317.6260986328125 -22.7785758972167968
v 10.2217693328857422 -317.2305908203125 -22.8939266204833984
v 11.36205291748046872 -316.82611083984375008 -24.12581253051757812
v 11.66679763793945312 -315.82611083984375008 -26.75282859802246096
v 10.53818702697753904 -315.90301513671875008 -25.2386493682861328
v 10.87204170227050784 -316.120208740234375 -24.78769493103027344
v 11.1501302719116211 -316.44253540039062496 -24.41206741333007816
v 12.29166221618652344 -316.120208740234375 -25.75601959228515632
v 11.99364948272705072 -315.90301513671875008 -26.23142051696777344
v 12.53989601135253904 -316.44253540039062496 -25.36002731323242188
v 12.7290678024291992 -316.82611083984375008 -25.05825424194335938
v 11.50913524627685544 -317.2305908203125 -23.92714118957519536
v 11.60005855560302736 -317.6260986328125 -23.8043270111083984
v 10.38757991790771488 -318.32611083984375 -22.70308876037597656
v 12.94152164459228512 -317.6260986328125 -24.71933937072753904
v 11.65956020355224608 -318.32611083984375 -23.72395515441894528
v 12.8603591918945312 -317.2305908203125 -24.84881210327148432
v 13.216583251953125 -315.82611083984375008 -27.64374732971191408
v 13.81301403045654304 -318.32611083984375 -30.69779205322265624
v 13.85271453857421872 -317.6260986328125 -30.60600852966308592
v 15.6305522918701172 -317.6260986328125 -31.2981586456298828
v 12.286773681640625 -316.82611083984375008 -29.41446876525878904
v 12.10081195831298828 -317.6260986328125 -29.76861190795898432
v 12.17185306549072266 -317.2305908203125 -29.63332176208496096
v 13.91337966918945312 -317.2305908203125 -30.46575927734375
v 14.01151466369628906 -316.82611083984375008 -30.23888206481933592
v 12.45235633850097656 -316.44253540039062496 -29.09913444519042968
v 14.15291309356689454 -316.44253540039062496 -29.9119873046875
v 12.66963672637939456 -316.120208740234375 -28.68534660339355472
v 12.9304876327514648 -315.90301513671875008 -28.18858337402343752
v 14.56120967864990232 -315.90301513671875008 -28.96805763244628912
v 14.33845806121826172 -316.120208740234375 -29.4830322265625
v 14.80551815032958992 -315.82611083984375008 -28.40324592590332032
v 15.87864494323730464 -316.44253540039062496 -30.58385086059570312
v 15.68068790435791016 -317.2305908203125 -31.15380859375
v 15.7617902755737304 -316.82611083984375008 -30.9202995300292968
v 16.21607208251953124 -315.90301513671875008 -29.61232948303222656
v 16.03198432922363281 -316.120208740234375 -30.14235687255859376
v 16.41797637939453128 -315.82611083984375008 -29.03100967407226562
v 15.04982757568359375 -315.90301513671875008 -27.83843612670898432
v 16.61988067626953128 -315.90301513671875008 -28.44968986511230472
v 14.146392822265625 -316.82611083984375008 -25.87302589416503904
v 13.50267887115478512 -315.90301513671875008 -27.09890937805175782
v 13.76352977752685552 -316.120208740234375 -26.60214614868164064
v 13.98081016540527344 -316.44253540039062496 -26.18836021423339844
v 15.27257919311523436 -316.120208740234375 -27.32346153259277344
v 15.4581241607666016 -316.44253540039062496 -26.89450454711914064
v 15.59952163696289064 -316.82611083984375008 -26.56760978698730472
v 14.26131343841552736 -317.2305908203125 -25.6541728973388672
v 14.33235454559326172 -317.6260986328125 -25.51888084411621096
v 12.9946346282958984 -318.32611083984375 -24.63460922241210936
v 15.75832271575927728 -317.6260986328125 -26.20048332214355468
v 14.37884521484375 -318.32611083984375 -25.43034553527832032
v 15.69765663146972656 -317.2305908203125 -26.34073448181152344
v 17.15526390075683594 -317.2305908203125 -26.9082107543945312
v 16.95730781555175776 -316.44253540039062496 -27.47816658020019528
v 16.80396842956542976 -316.120208740234375 -27.91966247558593744
v 17.07416343688964844 -316.82611083984375008 -27.14171791076660156
v 15.79802227020263664 -318.32611083984375 -26.10870170593261718
v 17.23820877075195312 -318.32611083984375 -26.66939544677734376
v 17.20540046691894532 -317.6260986328125 -26.76386070251464848
v 6.97048330307006832 -320.74917602539062496 -23.76309394836425776
v 7.40930128097534176 -320.82611083984375008 -23.33165740966796876
v 6.16991758346557618 -320.82611083984375008 -21.967538833618164
v 14.33235454559326172 -319.026092529296875 -25.51888084411621096
v 8.581486701965332 -320.20965576171875 -22.17919349670410156
v 8.83545970916748048 -319.82611083984375008 -21.92949104309082032
v 7.70200634002685544 -319.82611083984375008 -20.68196296691894528
v 11.60005855560302736 -319.026092529296875 -23.8043270111083984
v 9.01172637939453125 -319.42160034179687504 -21.75618934631347664
v 8.00842475891113281 -319.026092529296875 -20.42484855651855472
v 10.3219928741455078 -319.026092529296875 -22.7785758972167968
v 10.2217693328857422 -319.42160034179687504 -22.8939266204833984
v 7.89136600494384768 -319.42160034179687504 -20.5230712890625
v 10.05964279174804688 -319.82611083984375008 -23.08052444458007812
v 11.50913524627685544 -319.42160034179687504 -23.92714118957519536
v 12.94152164459228512 -319.026092529296875 -24.71933937072753904
v 12.8603591918945312 -319.42160034179687504 -24.84881210327148432
v 11.36205291748046872 -319.82611083984375008 -24.12581253051757812
v 12.7290678024291992 -319.82611083984375008 -25.05825424194335938
v 11.1501302719116211 -320.20965576171875 -24.41206741333007816
v 7.8481192588806152 -320.74917602539062496 -22.90022277832031248
v 8.24821853637695312 -320.531982421875 -22.50685501098632816
v 7.07114648818969727 -320.531982421875 -21.21131706237792968
v 9.8260440826416016 -320.20965576171875 -23.34938240051269532
v 7.42916870117187504 -320.20965576171875 -20.9109001159667968
v 9.51951122283935544 -320.531982421875 -23.70218276977539064
v 9.15150928497314454 -320.74917602539062496 -24.12572860717773438
v 6.64132976531982424 -320.74917602539062496 -21.57197570800781248
v 8.74789428710937504 -320.82611083984375008 -24.5902652740478516
v 10.53818702697753904 -320.74917602539062496 -25.2386493682861328
v 10.87204170227050784 -320.531982421875 -24.78769493103027344
v 12.53989601135253904 -320.20965576171875 -25.36002731323242188
v 12.29166221618652344 -320.531982421875 -25.75601959228515632
v 11.99364948272705072 -320.74917602539062496 -26.23142051696777344
v 10.17202472686767578 -320.82611083984375008 -25.73324203491210944
v 11.66679763793945312 -320.82611083984375008 -26.75282859802246096
v 13.98081016540527344 -320.20965576171875 -26.18836021423339844
v 14.146392822265625 -319.82611083984375008 -25.87302589416503904
v 15.75832271575927728 -319.026092529296875 -26.20048332214355468
v 17.20540046691894532 -319.026092529296875 -26.76386070251464848
v 14.26131343841552736 -319.42160034179687504 -25.6541728973388672
v 15.69765663146972656 -319.42160034179687504 -26.34073448181152344
v 15.59952163696289064 -319.82611083984375008 -26.56760978698730472
v 17.15526390075683594 -319.42160034179687504 -26.9082107543945312
v 17.07416343688964844 -319.82611083984375008 -27.14171791076660156
v 15.4581241607666016 -320.20965576171875 -26.89450454711914064
v 16.95730781555175776 -320.20965576171875 -27.47816658020019528
v 13.50267887115478512 -320.74917602539062496 -27.09890937805175782
v 13.76352977752685552 -320.531982421875 -26.60214614868164064
v 15.27257919311523436 -320.531982421875 -27.32346153259277344
v 15.04982757568359375 -320.74917602539062496 -27.83843612670898432
v 13.216583251953125 -320.82611083984375008 -27.64374732971191408
v 14.80551815032958992 -320.82611083984375008 -28.40324592590332032
v 16.61988067626953128 -320.74917602539062496 -28.44968986511230472
v 16.80396842956542976 -320.531982421875 -27.91966247558593744
v 16.41797637939453128 -320.82611083984375008 -29.03100967407226562
v 12.9304876327514648 -320.74917602539062496 -28.18858337402343752
v 5.80687570571899408 -319.42160034179687504 -24.90712738037109376
v 5.98314237594604496 -319.82611083984375008 -24.73382568359375008
v 4.63782882690429688 -319.82611083984375008 -23.25311279296875
v 9.80586242675781248 -320.74917602539062496 -26.22783660888671876
v 6.23711585998535156 -320.20965576171875 -24.48412322998046872
v 6.57038450241088864 -320.531982421875 -24.15646171569824218
v 5.26868867874145508 -320.531982421875 -22.7237586975097656
v 8.34427928924560548 -320.74917602539062496 -25.05480003356933594
v 5.69850587844848632 -320.74917602539062496 -22.3631000518798828
v 7.97627687454223632 -320.531982421875 -25.47834587097167968
v 7.66974401473999024 -320.20965576171875 -25.83114624023437504
v 4.91066646575927728 -320.20965576171875 -23.02417564392089844
v 7.43614530563354496 -319.82611083984375008 -26.10000419616699218
v 9.19391918182373048 -320.20965576171875 -27.05441856384277344
v 9.47200775146484376 -320.531982421875 -26.67878913879394528
v 11.33994483947753908 -320.74917602539062496 -27.27423477172851564
v 11.0419321060180664 -320.531982421875 -27.7496356964111328
v 10.79369831085205072 -320.20965576171875 -28.14562797546386718
v 8.98199653625488288 -319.82611083984375008 -27.34067344665527344
v 10.60452747344970704 -319.82611083984375008 -28.44740295410156248
v 8.83491420745849616 -319.42160034179687504 -27.53934478759765624
v 5.6979107856750488 -319.026092529296875 -25.01425743103027343
v 4.33141088485717772 -319.026092529296875 -23.51022911071777344
v 7.2740187644958496 -319.42160034179687504 -26.28660202026367188
v 4.44846963882446288 -319.42160034179687504 -23.41200447082519528
v 7.17379522323608398 -319.026092529296875 -26.40195274353027344
v 8.74399089813232416 -319.026092529296875 -27.66215896606445312
v 10.47323513031005856 -319.42160034179687504 -28.65684318542480472
v 10.39207363128662112 -319.026092529296875 -28.78631782531738288
v 12.17185306549072266 -319.42160034179687504 -29.63332176208496096
v 12.286773681640625 -319.82611083984375008 -29.41446876525878904
v 14.56120967864990232 -320.74917602539062496 -28.96805763244628912
v 16.21607208251953124 -320.74917602539062496 -29.61232948303222656
v 12.45235633850097656 -320.20965576171875 -29.09913444519042968
v 12.66963672637939456 -320.531982421875 -28.68534660339355472
v 14.33845806121826172 -320.531982421875 -29.4830322265625
v 14.15291309356689454 -320.20965576171875 -29.9119873046875
v 14.01151466369628906 -319.82611083984375008 -30.23888206481933592
v 15.87864494323730464 -320.20965576171875 -30.58385086059570312
v 16.03198432922363281 -320.531982421875 -30.14235687255859376
v 15.7617902755737304 -319.82611083984375008 -30.9202995300292968
v 13.91337966918945312 -319.42160034179687504 -30.46575927734375
v 15.68068790435791016 -319.42160034179687504 -31.15380859375
v 12.10081195831298828 -319.026092529296875 -29.76861190795898432
v 13.85271453857421872 -319.026092529296875 -30.60600852966308592
v 15.59774303436279296 -318.32611083984375 -31.39262199401855472
v 15.6305522918701172 -319.026092529296875 -31.2981586456298828
v 5.30396842956542968 -319.026092529296875 -16.30093765258789064
v 5.39345121383666992 -318.32611083984375 -16.25629615783691408
v 4.72846412658691408 -318.32611083984375 -14.78337097167968752
v 0.78440165519714352 -320.82611083984375008 -8.9657526016235352
v 0.0147989559918642 -320.7037353515625 -9.03308391571044922
v 0.38576436042785648 -320.74917602539062496 -10.74650192260742192
v 3.66628909111022952 -319.026092529296875 -11.78975963592529296
v 4.0899195671081543 -319.026092529296875 -13.31242179870605468
v 4.1851835250854492 -318.32611083984375 -13.2820119857788086
v 2.79924774169921872 -319.79556274414062496 -8.78947639465332032
v 2.2482731342315674 -320.3486328125 -8.83767986297607424
v 2.61621761322021488 -320.20965576171875 -10.38712215423583984
v 3.76357030868530272 -318.32611083984375 -11.7665996551513672
v 3.21189045906066896 -319.42160034179687504 -10.29114437103271484
v 3.15299534797668458 -319.0986328125 -8.75852680206298832
v 2.96784687042236336 -319.82611083984375008 -10.33046531677246092
v 3.51763463020324704 -319.42160034179687504 -11.82514858245849616
v 3.27716398239135744 -319.82611083984375008 -11.88239669799804688
v 2.93068265914916992 -320.20965576171875 -11.96488189697265632
v 2.15480351448059082 -320.531982421875 -10.46146678924560544
v 1.95639550685882576 -320.531982421875 -8.86321640014648432
v 1.554004430770874 -320.7037353515625 -8.89842033386230464
v 0.993313193321228 -320.82611083984375008 -10.64861106872558592
v 1.6008620262145996 -320.74917602539062496 -10.55072021484375
v 1.93019247055053712 -320.74917602539062496 -12.20306396484375
v 2.47602415084838864 -320.531982421875 -12.0731201171875
v 1.33153843879699708 -320.82611083984375008 -12.3455820083618164
v 3.36956739425659176 -320.20965576171875 -13.54237270355224608
v 3.70886373519897464 -319.82611083984375008 -13.43406200408935544
v 4.63579988479614256 -319.026092529296875 -14.82096481323242192
v 3.94434785842895504 -319.42160034179687504 -13.35889148712158204
v 4.49420022964477536 -319.42160034179687504 -14.87841129302978512
v 4.26514148712158204 -319.82611083984375008 -14.97133922576904304
v 3.93510341644287104 -320.20965576171875 -15.10523414611816406
v 2.38982391357421872 -320.74917602539062496 -13.85512447357177728
v 2.92433691024780272 -320.531982421875 -13.68449783325195312
v 1.80358397960662848 -320.82611083984375008 -14.04226398468017578
v 2.98209381103515632 -320.74917602539062496 -15.49186611175537112
v 3.50202155113220216 -320.531982421875 -15.28093338012695312
v 2.41185021400451664 -320.82611083984375008 -15.72321128845214848
v 0.73288440704345696 -320.74917602539062496 -12.4881010055541992
v 1.21734404563903808 -320.74917602539062496 -14.2294025421142578
v -1.22526407241821288 -319.42160034179687504 -11.00607872009277343
v -0.981220543384552 -319.82611083984375008 -10.96675682067871088
v -1.23044443130493164 -319.79556274414062496 -9.14202880859375
v -0.16817723214626312 -320.531982421875 -10.8357553482055664
v -0.38759207725524904 -320.531982421875 -9.06828880310058594
v -0.67946970462799072 -320.3486328125 -9.09382438659667968
v -0.6295912265777588 -320.20965576171875 -10.91010093688964848
v -0.26760587096214296 -320.20965576171875 -12.72628307342529296
v 0.18705280125141144 -320.531982421875 -12.6180448532104492
v -0.61408716440200808 -319.82611083984375008 -12.8087682723999024
v -0.85455769300460816 -319.42160034179687504 -12.86601543426513664
v -1.47485399246215824 -318.32611083984375 -11.04629325866699219
v -1.37612724304199216 -319.026092529296875 -11.03038597106933594
v -1.45423805713653568 -319.42160034179687504 -9.16160774230957032
v -1.58419191837310792 -319.0986328125 -9.17297744750976562
v -1.10049355030059814 -318.32611083984375 -12.9245643615722656
v -1.00321221351623535 -319.026092529296875 -12.90140533447265632
v -0.33717983961105348 -319.42160034179687504 -14.7256364822387696
v -0.10169582813978196 -319.82611083984375008 -14.65046501159667968
v 1.841606855392456 -320.74917602539062496 -15.95455646514892576
v 0.23760057985782624 -320.20965576171875 -14.54215526580810544
v 0.68283116817474368 -320.531982421875 -14.400029182434082
v 0.88859724998474128 -320.20965576171875 -16.3411884307861328
v 1.3216789960861206 -320.531982421875 -16.16548919677734376
v 0.55855911970138552 -319.82611083984375008 -16.47508430480957032
v 0.32950064539909364 -319.42160034179687504 -16.56801223754882816
v -0.57801580429077152 -318.32611083984375 -14.80251502990722656
v -0.48275178670883176 -319.026092529296875 -14.77210521697998048
v 0.09523630142211914 -318.32611083984375 -16.66305160522460936
v 0.18790085613727568 -319.026092529296875 -16.62545776367187504
v 2.60571742057800296 -320.74917602539062496 -17.6470394134521484
v 3.15638089179992676 -320.82611083984375008 -17.37232398986816408
v 6.99595546722412112 -319.026092529296875 -19.11689567565917968
v 7.07738113403320312 -318.32611083984375 -19.05884552001953125
v 6.17792987823486328 -318.32611083984375 -17.6862239837646484
v 4.62733125686645504 -320.20965576171875 -16.63849830627441408
v 4.9460372924804688 -319.82611083984375008 -16.47950172424316408
v 6.09220075607299804 -319.026092529296875 -17.73770713806152336
v 5.16723060607910156 -319.42160034179687504 -16.36915397644042968
v 5.96119880676269536 -319.42160034179687504 -17.81637763977050784
v 5.74928331375122064 -319.82611083984375008 -17.94363784790039056
v 5.44394636154174808 -320.20965576171875 -18.12700080871582032
v 3.70704436302185056 -320.74917602539062496 -17.0976104736328125
v 4.20911979675292968 -320.531982421875 -16.84713554382324224
v 4.56226205825805664 -320.74917602539062496 -18.65647697448730472
v 5.04327726364135742 -320.531982421875 -18.36761474609375
v 4.03469705581665039 -320.82611083984375008 -18.97329521179199216
v 6.3802433013916016 -320.20965576171875 -19.5558528900146484
v 6.6702523231506348 -319.82611083984375008 -19.34909820556640624
v 6.8715295791625976 -319.42160034179687504 -19.20560264587402344
v 5.5428194999694824 -320.74917602539062496 -20.15287208557128906
v 5.99968767166137696 -320.531982421875 -19.8271598815917968
v 5.04173803329467773 -320.82611083984375008 -20.51010704040527344
v 4.54065656661987304 -320.74917602539062496 -20.86734008789062496
v 1.14553141593933106 -319.42160034179687504 -18.3754940032958984
v 1.36672484874725344 -319.82611083984375008 -18.26514625549316408
v 3.50713205337524416 -320.74917602539062496 -19.29011344909667968
v 1.685430645942688 -320.20965576171875 -18.10614967346191406
v 2.10364198684692382 -320.531982421875 -17.89751434326171872
v 2.62544798851013184 -320.20965576171875 -19.8195877075195312
v 3.02611684799194336 -320.531982421875 -19.5789756774902344
v 2.32011079788208008 -319.82611083984375008 -20.00295257568359375
v 2.10819554328918458 -319.42160034179687504 -20.13021278381347656
v 0.91931080818176272 -318.32611083984375 -18.48835182189941408
v 1.00879359245300293 -319.026092529296875 -18.44371032714843752
v 1.891464114189148 -318.32611083984375 -20.26036643981933592
v 1.97719347476959232 -319.026092529296875 -20.20888328552246092
v 3.2119464874267578 -319.42160034179687504 -21.81460952758789056
v 3.4132235050201416 -319.82611083984375008 -21.67111396789550784
v 3.70323300361633304 -320.20965576171875 -21.4643592834472656
v 4.08378839492797852 -320.531982421875 -21.1930522918701172
v 3.00609493255615234 -318.32611083984375 -21.96136665344238288
v 3.08752059936523438 -319.026092529296875 -21.9033164978027344
v 0.78440165519714352 -315.82611083984375008 -8.9657526016235352
v 1.554004430770874 -315.94845581054687504 -8.89842033386230464
v 1.6008620262145996 -315.90301513671875008 -10.55072021484375
v 0.18790085613727568 -317.6260986328125 -16.62545776367187504
v -1.23044443130493164 -316.85662841796875008 -9.14202880859375
v -0.67946970462799072 -316.303558349609375 -9.09382438659667968
v -0.6295912265777588 -316.44253540039062496 -10.91010093688964848
v -1.00321221351623535 -317.6260986328125 -12.90140533447265632
v -1.22526407241821288 -317.2305908203125 -11.00607872009277343
v -1.58419191837310792 -317.55355834960937504 -9.17297744750976562
v -0.85455769300460816 -317.2305908203125 -12.86601543426513664
v -1.45423805713653568 -317.2305908203125 -9.16160774230957032
v -0.981220543384552 -316.82611083984375008 -10.96675682067871088
v -0.61408716440200808 -316.82611083984375008 -12.8087682723999024
v -0.48275178670883176 -317.6260986328125 -14.77210521697998048
v -0.33717983961105348 -317.2305908203125 -14.7256364822387696
v 0.32950064539909364 -317.2305908203125 -16.56801223754882816
v -0.10169582813978196 -316.82611083984375008 -14.65046501159667968
v -0.26760587096214296 -316.44253540039062496 -12.72628307342529296
v -0.16817723214626312 -316.120208740234375 -10.8357553482055664
v -0.38759207725524904 -316.120208740234375 -9.06828880310058594
v 0.0147989559918642 -315.94845581054687504 -9.03308391571044922
v 0.18705280125141144 -316.120208740234375 -12.6180448532104492
v 0.38576436042785648 -315.90301513671875008 -10.74650192260742192
v 0.73288440704345696 -315.90301513671875008 -12.4881010055541992
v 0.993313193321228 -315.82611083984375008 -10.64861106872558592
v 1.33153843879699708 -315.82611083984375008 -12.3455820083618164
v 1.21734404563903808 -315.90301513671875008 -14.2294025421142578
v 0.55855911970138552 -316.82611083984375008 -16.47508430480957032
v 0.23760057985782624 -316.44253540039062496 -14.54215526580810544
v 0.88859724998474128 -316.44253540039062496 -16.3411884307861328
v 0.68283116817474368 -316.120208740234375 -14.400029182434082
v 1.3216789960861206 -316.120208740234375 -16.16548919677734376
v 1.80358397960662848 -315.82611083984375008 -14.04226398468017578
v 1.841606855392456 -315.90301513671875008 -15.95455646514892576
v 1.36672484874725344 -316.82611083984375008 -18.26514625549316408
v 1.97719347476959232 -317.6260986328125 -20.20888328552246092
v 1.00879359245300293 -317.6260986328125 -18.44371032714843752
v 1.14553141593933106 -317.2305908203125 -18.3754940032958984
v 2.10819554328918458 -317.2305908203125 -20.13021278381347656
v 3.08752059936523438 -317.6260986328125 -21.9033164978027344
v 3.2119464874267578 -317.2305908203125 -21.81460952758789056
v 2.32011079788208008 -316.82611083984375008 -20.00295257568359375
v 3.4132235050201416 -316.82611083984375008 -21.67111396789550784
v 2.62544798851013184 -316.44253540039062496 -19.8195877075195312
v 2.10364198684692382 -316.120208740234375 -17.89751434326171872
v 1.685430645942688 -316.44253540039062496 -18.10614967346191406
v 3.02611684799194336 -316.120208740234375 -19.5789756774902344
v 2.60571742057800296 -315.90301513671875008 -17.6470394134521484
v 2.41185021400451664 -315.82611083984375008 -15.72321128845214848
v 3.50713205337524416 -315.90301513671875008 -19.29011344909667968
v 3.15638089179992676 -315.82611083984375008 -17.37232398986816408
v 4.08378839492797852 -316.120208740234375 -21.1930522918701172
v 3.70323300361633304 -316.44253540039062496 -21.4643592834472656
v 4.54065656661987304 -315.90301513671875008 -20.86734008789062496
v 4.03469705581665039 -315.82611083984375008 -18.97329521179199216
v 5.04173803329467773 -315.82611083984375008 -20.51010704040527344
v 2.98209381103515632 -315.90301513671875008 -15.49186611175537112
v 2.79924774169921872 -316.85662841796875008 -8.78947639465332032
v 3.0230414867401123 -317.2305908203125 -8.76989650726318352
v 3.21189045906066896 -317.2305908203125 -10.29114437103271484
v 1.93019247055053712 -315.90301513671875008 -12.20306396484375
v 2.38982391357421872 -315.90301513671875008 -13.85512447357177728
v 2.15480351448059082 -316.120208740234375 -10.46146678924560544
v 1.95639550685882576 -316.120208740234375 -8.86321640014648432
v 2.2482731342315674 -316.303558349609375 -8.83767986297607424
v 2.47602415084838864 -316.120208740234375 -12.0731201171875
v 2.61621761322021488 -316.44253540039062496 -10.38712215423583984
v 2.93068265914916992 -316.44253540039062496 -11.96488189697265632
v 2.96784687042236336 -316.82611083984375008 -10.33046531677246092
v 3.27716398239135744 -316.82611083984375008 -11.88239669799804688
v 3.36956739425659176 -316.44253540039062496 -13.54237270355224608
v 2.92433691024780272 -316.120208740234375 -13.68449783325195312
v 3.50202155113220216 -316.120208740234375 -15.28093338012695312
v 3.70886373519897464 -316.82611083984375008 -13.43406200408935544
v 3.93510341644287104 -316.44253540039062496 -15.10523414611816406
v 3.51763463020324704 -317.2305908203125 -11.82514858245849616
v 3.94434785842895504 -317.2305908203125 -13.35889148712158204
v 3.36275362968444824 -317.6260986328125 -10.26683616638183592
v 3.17526888847351074 -317.6260986328125 -8.75657844543457024
v 3.27488851547241212 -318.32611083984375 -8.7478628158569336
v 3.15299534797668458 -317.55355834960937504 -8.75852680206298832
v 3.66628909111022952 -317.6260986328125 -11.78975963592529296
v 4.49420022964477536 -317.2305908203125 -14.87841129302978512
v 4.0899195671081543 -317.6260986328125 -13.31242179870605468
v 4.63579988479614256 -317.6260986328125 -14.82096481323242192
v 4.9460372924804688 -316.82611083984375008 -16.47950172424316408
v 4.26514148712158204 -316.82611083984375008 -14.97133922576904304
v 4.56226205825805664 -315.90301513671875008 -18.65647697448730472
v 4.20911979675292968 -316.120208740234375 -16.84713554382324224
v 3.70704436302185056 -315.90301513671875008 -17.0976104736328125
v 5.04327726364135742 -316.120208740234375 -18.36761474609375
v 4.62733125686645504 -316.44253540039062496 -16.63849830627441408
v 5.44394636154174808 -316.44253540039062496 -18.12700080871582032
v 5.99968767166137696 -316.120208740234375 -19.8271598815917968
v 5.5428194999694824 -315.90301513671875008 -20.15287208557128906
v 6.3802433013916016 -316.44253540039062496 -19.5558528900146484
v 5.74928331375122064 -316.82611083984375008 -17.94363784790039056
v 6.6702523231506348 -316.82611083984375008 -19.34909820556640624
v 5.96119880676269536 -317.2305908203125 -17.81637763977050784
v 5.30396842956542968 -317.6260986328125 -16.30093765258789064
v 5.16723060607910156 -317.2305908203125 -16.36915397644042968
v 6.09220075607299804 -317.6260986328125 -17.73770713806152336
v 6.99595546722412112 -317.6260986328125 -19.11689567565917968
v 6.8715295791625976 -317.2305908203125 -19.20560264587402344
v -1.6064655780792236 -319.026092529296875 -9.1749258041381836
v 3.0230414867401123 -319.42160034179687504 -8.76989650726318352
v -2.14186382293701172 -318.32611083984375 -4.2026681900024414
v -2.01997065544128418 -319.0986328125 -4.19200372695922852
v -1.66622316837310792 -319.79556274414062496 -4.1610550880432129
v -0.420979768037796 -320.7037353515625 -4.05211019515991211
v -1.115248441696167 -320.3486328125 -4.11285114288330078
v 0.34862297773361208 -320.82611083984375008 -3.98477888107299808
v 1.11822569370269776 -320.7037353515625 -3.91744732856750496
v 1.81249439716339104 -320.3486328125 -3.85670661926269536
v 2.363469123840332 -319.79556274414062496 -3.8085026741027832
v 2.71721673011779784 -319.0986328125 -3.77755379676818848
v 2.83910965919494624 -318.32611083984375 -3.76688933372497552
v 2.71721673011779784 -317.55355834960937504 -3.77755379676818848
v 2.363469123840332 -316.85662841796875008 -3.8085026741027832
v 1.11822569370269776 -315.94845581054687504 -3.91744732856750496
v 1.81249439716339104 -316.303558349609375 -3.85670661926269536
v 0.34862297773361208 -315.82611083984375008 -3.98477888107299808
v -0.420979768037796 -315.94845581054687504 -4.05211019515991211
v -1.115248441696167 -316.303558349609375 -4.11285114288330078
v -1.66622316837310792 -316.85662841796875008 -4.1610550880432129
v -2.01997065544128418 -317.55355834960937504 -4.19200372695922852
v 13.29915428161621092 -314.82611083984375008 -2.8517541885375976
v 13.29915428161621092 -321.6260986328125 -2.8517541885375976
v -12.40266895294189456 -321.6260986328125 -5.100372314453125
v -12.40266895294189456 -314.82611083984375008 -5.100372314453125
v -12.61933898925781248 -314.82611083984375008 -4.91856431961059568
v -12.61933898925781248 -321.6260986328125 -4.91856431961059568
v -12.420100212097168 -321.82611083984375008 -4.90113353729248048
v -12.95053100585937504 -321.6260986328125 -1.1330246925354004
v -12.95053100585937504 -314.82611083984375008 -1.1330246925354004
v -12.7512922286987304 -321.82611083984375008 -1.1155935525894165
v -12.95872020721435552 -321.82611083984375008 -0.04847050458192825
v -13.59529876708984376 -321.82611083984375008 1.30126893520355224
v -13.762075424194336 -321.6260986328125 1.190881609916687
v -14.58900928497314456 -321.82611083984375008 2.41462779045104984
v -14.71756649017333984 -321.6260986328125 2.26141881942749024
v -15.85800933837890624 -321.82611083984375008 3.19990897178649904
v -15.93775939941406256 -321.6260986328125 3.01649689674377441
v -17.29778480529785156 -321.82611083984375008 3.59243655204772952
v -17.32215690612792968 -321.6260986328125 3.39392733573913576
v -18.38471412658691408 -321.82611083984375008 3.61140894889831544
v -18.36728286743164064 -321.6260986328125 3.41217017173767088
v -13.14998054504394532 -321.6260986328125 -0.10694484412670136
v 13.08248424530029297 -321.82611083984375008 -2.66994643211364744
v 12.95053100585937504 -321.6260986328125 1.1330246925354004
v 12.7512922286987304 -321.82611083984375008 1.1155935525894165
v -17.32215690612792968 -314.82611083984375008 3.39392733573913576
v -15.93775939941406256 -314.82611083984375008 3.01649689674377441
v -14.71756649017333984 -314.82611083984375008 2.26141881942749024
v -13.762075424194336 -314.82611083984375008 1.190881609916687
v -18.36728286743164064 -314.82611083984375008 3.41217017173767088
v -13.14998054504394532 -314.82611083984375008 -0.10694484412670136
v -20.67049217224121096 -321.82611083984375008 3.41142940521240232
v -20.61917114257812496 -321.6260986328125 3.21515536308288576
v -21.52595138549804688 -320.74325561523437504 3.13582229614257812
v -21.52595138549804688 -314.82611083984375008 3.13582229614257812
v -21.73896789550781248 -320.83056640625 3.35807085037231444
v -20.71583366394042968 -321.82611083984375008 3.44299864768981936
v 12.95053100585937504 -314.82611083984375008 1.1330246925354004
v 16.41117095947265624 -321.82611083984375008 6.54158830642700192
v 15.061431884765625 -321.82611083984375008 5.9050097465515136
v 15.17181968688964844 -321.6260986328125 5.73823261260986336
v 13.94807338714599616 -321.82611083984375008 4.91129875183105472
v 14.10128211975097656 -321.6260986328125 4.78274154663085936
v 13.16279220581054688 -321.82611083984375008 3.64229846000671384
v 13.34620380401611328 -321.6260986328125 3.56254863739013672
v 12.77026462554931648 -321.82611083984375008 2.20252394676208496
v 12.96877384185791008 -321.6260986328125 2.17815017700195312
v 17.47829437255859376 -321.82611083984375008 6.7490158081054688
v 16.46964645385742184 -321.6260986328125 6.35032701492309572
v 17.4957256317138672 -321.6260986328125 6.54977703094482424
v -20.70824432373046872 -321.82611083984375008 3.48835897445678712
v -18.46889305114746096 -321.82611083984375008 9.9949970245361328
v -19.85688972473144528 -321.82611083984375008 6.8340249061584472
v -16.58176422119140624 -321.82611083984375008 12.88584899902343744
v 19.78786849975585936 -321.82611083984375008 7.03137922286987304
v 18.36846923828125 -321.82611083984375008 10.1783761978149414
v 19.76407241821289056 -321.82611083984375008 6.94899559020996096
v -14.24650287628173828 -321.82611083984375008 15.42845344543457032
v 19.80329322814941408 -321.82611083984375008 6.98781728744506832
v 16.45265197753906248 -321.82611083984375008 13.05029678344726562
v 11.35088253021240236 -321.82611083984375008 17.66797828674316408
v 8.30280971527099608 -321.82611083984375008 19.28894424438476564
v 14.0921926498413086 -321.82611083984375008 15.5695247650146484
v 1.6219375133514404 -321.82611083984375008 20.93727111816406256
v -1.83030629158020016 -321.82611083984375008 20.92008590698242192
v 5.03034734725952148 -321.82611083984375008 20.3886146545410156
v -8.49443626403808592 -321.82611083984375008 19.20532608032226564
v -11.52622127532958984 -321.82611083984375008 17.55409431457519528
v -5.23308515548706056 -321.82611083984375008 20.3375225067138672
v 19.74761390686035152 -321.6260986328125 6.7467913627624512
v 12.96877384185791008 -314.82611083984375008 2.17815017700195312
v 13.34620380401611328 -314.82611083984375008 3.56254863739013672
v 14.10128211975097656 -314.82611083984375008 4.78274154663085936
v 15.17181968688964844 -314.82611083984375008 5.73823261260986336
v 16.46964645385742184 -314.82611083984375008 6.35032701492309572
v 17.4957256317138672 -314.82611083984375008 6.54977703094482424
v 20.65439414978027344 -314.82611083984375008 6.82612466812133792
v 20.65439414978027344 -320.74325561523437504 6.82612466812133792
v 20.82553672790527344 -320.83184814453124992 7.08355474472045898
v -21.6922588348388672 -320.82611083984375008 3.66686606407165528
v -20.80245590209960944 -320.82611083984375008 7.159454345703125
v -20.76053237915039056 -320.82611083984375008 7.28013086318969728
v -19.34836387634277344 -320.82611083984375008 10.4709491729736328
v -17.37137222290039064 -320.82611083984375008 13.49946117401123048
v -19.23156356811523436 -320.82611083984375008 10.6839599609375
v -14.92490768432617184 -320.82611083984375008 16.16314125061035156
v -17.14933586120605468 -320.82611083984375008 13.78043079376220704
v -12.0750885009765625 -320.82611083984375008 18.39000320434570312
v -14.57375431060791016 -320.82611083984375008 16.4804630279541016
v -8.8989334106445312 -320.82611083984375008 20.11986541748046876
v -11.5789127349853516 -320.82611083984375008 18.70638275146484376
v -5.48227930068969728 -320.82611083984375008 21.30597686767578124
v -8.25096607208251952 -320.82611083984375008 20.39415550231933592
v -1.91746377944946288 -320.82611083984375008 21.91628074645996096
v -4.68565464019775392 -320.82611083984375008 21.49522399902343752
v 1.69917261600494384 -320.82611083984375008 21.93428421020507808
v -0.9855452179908752 -320.82611083984375008 21.977914810180664
v 5.26988792419433592 -320.82611083984375008 21.35950088500976564
v 2.74291634559631344 -320.82611083984375008 21.82834053039550784
v 8.69818115234375 -320.82611083984375008 20.20746421813964844
v 6.39246940612792968 -320.82611083984375008 21.05080413818359375
v 11.89140129089355472 -320.82611083984375008 18.50930976867675784
v 9.85812282562255856 -320.82611083984375008 19.66767501831054688
v 14.763249397277832 -320.82611083984375008 16.31093025207519532
v 13.04017543792724609 -320.82611083984375008 17.71874237060546872
v 17.23611068725585936 -320.82611083984375008 13.67173957824707032
v 15.84708690643310544 -320.82611083984375008 15.2600736618041992
v 19.24315834045410156 -320.82611083984375008 10.66306114196777344
v 18.19810485839843752 -320.82611083984375008 12.36240100860595704
v 20.73014640808105472 -320.82611083984375008 7.36620664596557616
v 20.02559852600097656 -320.82611083984375008 9.1090841293334961
v -21.69435119628906248 -320.82611083984375008 3.65447115898132328
v 20.68710708618164064 -314.82611083984375008 6.87630558013916016
v 20.8262939453125 -314.6260986328125 7.08981657028198242
v -21.56688117980957032 -314.82611083984375008 3.17956066131591796
v -21.74102973937988288 -314.6260986328125 3.36565828323364256
v 21.91628265380859376 -314.6260986328125 1.917426347732544
v 21.7170448303222656 -314.82611083984375008 1.89999520778656
v 21.79082298278808592 -314.82611083984375008 0.63248258829116824
v 21.57414436340332032 -314.6260986328125 4.30769968032836916
v 21.37801551818847656 -314.82611083984375008 4.26853895187377928
v 21.58960723876953128 -314.82611083984375008 -3.02139592170715332
v 21.92508506774902336 -314.6260986328125 -1.81402397155761712
v 21.78767776489257808 -314.6260986328125 -3.04911494255065918
v 20.7800407409667968 -314.82611083984375008 -6.59013748168945312
v 21.30314064025878908 -314.6260986328125 -5.4932880401611328
v 20.97068405151367184 -314.6260986328125 -6.65059709548950192
v 19.38493347167968752 -314.82611083984375008 -9.97318172454833984
v 20.0683441162109375 -314.6260986328125 -9.01452064514160156
v 19.56277656555175784 -314.6260986328125 -10.06467914581298828
v 17.4435977935791016 -314.82611083984375008 -13.07520198822021484
v 18.25621795654296876 -314.6260986328125 -12.27642154693603516
v 17.60363006591796872 -314.6260986328125 -13.1951580047607422
v 15.01073551177978515 -314.82611083984375008 -15.80878925323486336
v 15.9188928604125976 -314.6260986328125 -15.1851520538330078
v 15.14844894409179688 -314.6260986328125 -15.95382404327392576
v 12.15490150451660156 -314.82611083984375008 -18.09691619873046876
v 13.1236114501953125 -314.6260986328125 -17.65703392028808592
v 12.26641368865966796 -314.6260986328125 -18.26294326782226564
v 8.95656585693359376 -314.82611083984375008 -19.87510871887207024
v 9.95078754425048832 -314.6260986328125 -19.62095451354980472
v 9.03873634338378906 -314.6260986328125 -20.0574493408203125
v 5.50585269927978512 -314.82611083984375008 -21.09325981140136718
v 6.49169683456420896 -314.6260986328125 -21.020416259765625
v 5.55636501312255856 -314.6260986328125 -21.2867755889892578
v 1.89999520778656 -314.82611083984375008 -21.7170448303222656
v 2.8458521366119384 -314.6260986328125 -21.81515884399414064
v 1.917426347732544 -314.6260986328125 -21.91628265380859376
v -1.75940024852752688 -314.82611083984375008 -21.7288856506347656
v -0.88186252117156976 -314.6260986328125 -21.98231887817382816
v -1.77554154396057136 -314.6260986328125 -21.9282341003417968
v -5.36921930313110352 -314.82611083984375008 -21.12845230102539062
v -4.58420753479003904 -314.6260986328125 -21.5170879364013672
v -5.41847801208496096 -314.6260986328125 -21.32229042053222656
v -8.82774448394775392 -314.82611083984375008 -19.93265914916992192
v -8.15467357635498046 -314.6260986328125 -20.43284797668457032
v -8.90873241424560544 -314.6260986328125 -20.11552810668945312
v -12.0375213623046875 -314.82611083984375008 -18.17520523071289062
v -11.490544319152832 -314.6260986328125 -18.76079368591308592
v -12.14795684814453124 -314.6260986328125 -18.341949462890625
v -14.90810489654541008 -314.82611083984375008 -15.90560913085937504
v -14.4958524703979492 -314.6260986328125 -16.54902648925781248
v -15.0448760986328125 -314.6260986328125 -16.05153274536132812
v -17.35860824584960936 -314.82611083984375008 -13.18782520294189452
v -17.08414268493652344 -314.6260986328125 -13.86117267608642576
v -17.51786041259765624 -314.6260986328125 -13.30881404876708984
v -19.31998062133789064 -314.82611083984375008 -10.0984344482421875
v -19.18095207214355468 -314.6260986328125 -10.77455806732177728
v -19.49722671508789064 -314.6260986328125 -10.19108104705810548
v -20.73695373535156256 -314.82611083984375008 -6.72449016571044928
v -20.7259597778320312 -314.6260986328125 -7.37797927856445312
v -20.92720031738281248 -314.6260986328125 -6.78618288040161136
v -21.56960105895996096 -314.82611083984375008 -3.16106295585632324
v -21.67472076416015624 -314.6260986328125 -3.7691495418548584
v -21.76748657226562496 -314.6260986328125 -3.1900634765625
v -21.79446029663085936 -314.82611083984375008 0.4914366602897644
v -21.99993896484375008 -314.6260986328125 -0.0518881194293499
v -21.91628265380859376 -314.6260986328125 -1.917426347732544
v -21.99440956115722656 -314.6260986328125 0.49594527482986448
v 21.27699089050292968 -314.6260986328125 5.59371566772460936
v 21.99073791503906256 -314.6260986328125 0.63828516006469728
v -21.30314064025878908 -307.026092529296875 5.4932880401611328
v -20.76053237915039056 -307.026092529296875 7.28013086318969728
v -20.0683441162109375 -307.026092529296875 9.01452064514160156
v -19.23156356811523436 -307.026092529296875 10.6839599609375
v -18.25621795654296876 -307.026092529296875 12.27642154693603516
v -17.14933586120605468 -307.026092529296875 13.78043079376220704
v -15.9188928604125976 -307.026092529296875 15.1851520538330078
v -14.57375431060791016 -307.026092529296875 16.4804630279541016
v -13.1236114501953125 -307.026092529296875 17.65703392028808592
v -11.5789127349853516 -307.026092529296875 18.70638275146484376
v -9.95078754425048832 -307.026092529296875 19.62095451354980472
v -8.25096607208251952 -307.026092529296875 20.39415550231933592
v -6.49169683456420896 -307.026092529296875 21.020416259765625
v -4.68565464019775392 -307.026092529296875 21.49522399902343752
v -2.8458521366119384 -307.026092529296875 21.81515884399414064
v -0.9855452179908752 -307.026092529296875 21.977914810180664
v 2.74291634559631344 -307.026092529296875 21.82834053039550784
v 0.88186252117156976 -307.026092529296875 21.98231887817382816
v 6.39246940612792968 -307.026092529296875 21.05080413818359375
v 4.58420753479003904 -307.026092529296875 21.5170879364013672
v 9.85812282562255856 -307.026092529296875 19.66767501831054688
v 8.15467357635498046 -307.026092529296875 20.43284797668457032
v 13.04017543792724609 -307.026092529296875 17.71874237060546872
v 11.490544319152832 -307.026092529296875 18.76079368591308592
v 15.84708690643310544 -307.026092529296875 15.2600736618041992
v 14.4958524703979492 -307.026092529296875 16.54902648925781248
v 18.19810485839843752 -307.026092529296875 12.36240100860595704
v 17.08414268493652344 -307.026092529296875 13.86117267608642576
v 19.18095207214355468 -307.026092529296875 10.77455806732177728
v 20.02559852600097656 -307.026092529296875 9.1090841293334961
v 21.92508506774902336 -307.026092529296875 -1.81402397155761712
v 21.99993896484375008 -307.026092529296875 0.0518881194293499
v 21.91628265380859376 -307.026092529296875 1.917426347732544
v 21.30314064025878908 -307.026092529296875 -5.4932880401611328
v 21.6922588348388672 -307.026092529296875 -3.66686606407165528
v 20.0683441162109375 -307.026092529296875 -9.01452064514160156
v 20.76053237915039056 -307.026092529296875 -7.28013086318969728
v 18.25621795654296876 -307.026092529296875 -12.27642154693603516
v 19.23156356811523436 -307.026092529296875 -10.6839599609375
v 15.9188928604125976 -307.026092529296875 -15.1851520538330078
v 17.14933586120605468 -307.026092529296875 -13.78043079376220704
v 13.1236114501953125 -307.026092529296875 -17.65703392028808592
v 14.57375431060791016 -307.026092529296875 -16.4804630279541016
v 9.95078754425048832 -307.026092529296875 -19.62095451354980472
v 11.5789127349853516 -307.026092529296875 -18.70638275146484376
v 6.49169683456420896 -307.026092529296875 -21.020416259765625
v 8.25096607208251952 -307.026092529296875 -20.39415550231933592
v 2.8458521366119384 -307.026092529296875 -21.81515884399414064
v 4.68565464019775392 -307.026092529296875 -21.49522399902343752
v -0.88186252117156976 -307.026092529296875 -21.98231887817382816
v 0.9855452179908752 -307.026092529296875 -21.977914810180664
v -4.58420753479003904 -307.026092529296875 -21.5170879364013672
v -2.74291634559631344 -307.026092529296875 -21.82834053039550784
v -8.15467357635498046 -307.026092529296875 -20.43284797668457032
v -6.39246940612792968 -307.026092529296875 -21.05080413818359375
v -11.490544319152832 -307.026092529296875 -18.76079368591308592
v -9.85812282562255856 -307.026092529296875 -19.66767501831054688
v -14.4958524703979492 -307.026092529296875 -16.54902648925781248
v -13.04017543792724609 -307.026092529296875 -17.71874237060546872
v -17.08414268493652344 -307.026092529296875 -13.86117267608642576
v -15.84708690643310544 -307.026092529296875 -15.2600736618041992
v -19.18095207214355468 -307.026092529296875 -10.77455806732177728
v -18.19810485839843752 -307.026092529296875 -12.36240100860595704
v -20.7259597778320312 -307.026092529296875 -7.37797927856445312
v -20.02559852600097656 -307.026092529296875 -9.1090841293334961
v -21.67472076416015624 -307.026092529296875 -3.7691495418548584
v -21.27699089050292968 -307.026092529296875 -5.59371566772460936
v -21.91628265380859376 -307.026092529296875 -1.917426347732544
v -21.99993896484375008 -307.026092529296875 -0.0518881194293499
v -21.6922588348388672 -307.026092529296875 3.66686606407165528
v -21.92508506774902336 -307.026092529296875 1.81402397155761712
v 21.27699089050292968 -307.026092529296875 5.59371566772460936
v 20.7259597778320312 -307.026092529296875 7.37797927856445312
v 21.67472076416015624 -307.026092529296875 3.7691495418548584
v -21.47767829895019528 -306.82611083984375008 -3.73488450050354
v -21.7170448303222656 -306.82611083984375008 -1.89999520778656
v -20.5375423431396484 -306.82611083984375008 -7.31090688705444336
v -21.08356285095214844 -306.82611083984375008 -5.54286384582519528
v -19.00657844543457031 -306.82611083984375008 -10.67660713195800784
v -19.84354782104492192 -306.82611083984375008 -9.02627468109130859
v -16.9288311004638672 -306.82611083984375008 -13.7351617813110352
v -18.0326690673828125 -306.82611083984375008 -12.25001525878906248
v -14.3640718460083008 -306.82611083984375008 -16.39858055114746096
v -15.70302200317382816 -306.82611083984375008 -15.12134552001953124
v -11.38608455657958984 -306.82611083984375008 -18.59024238586425784
v -12.9216289520263672 -306.82611083984375008 -17.55766296386718752
v -8.08053970336914062 -306.82611083984375008 -20.24709510803222656
v -9.76850318908691408 -306.82611083984375008 -19.48887825012207032
v -4.54253292083740232 -306.82611083984375008 -21.32147789001464844
v -6.33435583114624024 -306.82611083984375008 -20.85943222045898432
v -0.87384557723999024 -306.82611083984375008 -21.7824783325195312
v -2.71798086166381832 -306.82611083984375008 -21.62989997863769528
v 2.81998062133789056 -306.82611083984375008 -21.61683845520019528
v 0.9765857458114624 -306.82611083984375008 -21.77811431884765632
v 6.4326810836791992 -306.82611083984375008 -20.82932090759277344
v 4.64305782318115232 -306.82611083984375008 -21.29981231689453124
v 9.86032581329345696 -306.82611083984375008 -19.44258117675781248
v 8.17595767974853516 -306.82611083984375008 -20.20875358581542968
v 13.00430583953857421 -306.82611083984375008 -17.4965152740478516
v 11.47364997863769528 -306.82611083984375008 -18.53632545471191408
v 15.7741756439208984 -306.82611083984375008 -15.04710483551025391
v 14.44126605987548832 -306.82611083984375008 -16.33064079284667968
v 18.09025192260742188 -306.82611083984375008 -12.16481781005859376
v 16.99343299865722656 -306.82611083984375008 -13.6551542282104492
v 19.88590431213378912 -306.82611083984375008 -8.93257045745849616
v 19.05673027038574219 -306.82611083984375008 -10.58683300018310544
v 21.10947608947753906 -306.82611083984375008 -5.44334888458251952
v 20.57180023193359376 -306.82611083984375008 -7.21394777297973632
v 21.72576522827148432 -306.82611083984375008 -1.79753279685974128
v 21.49505615234375 -306.82611083984375008 -3.63353085517883304
v 21.7170448303222656 -306.82611083984375008 1.89999520778656
v 21.79994010925292976 -306.82611083984375008 0.05141640827059746
v 21.08356285095214844 -306.82611083984375008 5.54286384582519528
v 20.5375423431396484 -306.82611083984375008 7.31090688705444336
v 21.47767829895019528 -306.82611083984375008 3.73488450050354
v 19.84354782104492192 -306.82611083984375008 9.02627468109130859
v 19.00657844543457031 -306.82611083984375008 10.67660713195800784
v 18.0326690673828125 -306.82611083984375008 12.25001525878906248
v 16.9288311004638672 -306.82611083984375008 13.7351617813110352
v 15.70302200317382816 -306.82611083984375008 15.12134552001953124
v 14.3640718460083008 -306.82611083984375008 16.39858055114746096
v 12.9216289520263672 -306.82611083984375008 17.55766296386718752
v 11.38608455657958984 -306.82611083984375008 18.59024238586425784
v 9.76850318908691408 -306.82611083984375008 19.48887825012207032
v 8.08053970336914062 -306.82611083984375008 20.24709510803222656
v 6.33435583114624024 -306.82611083984375008 20.85943222045898432
v 4.54253292083740232 -306.82611083984375008 21.32147789001464844
v 2.71798086166381832 -306.82611083984375008 21.62989997863769528
v 0.87384557723999024 -306.82611083984375008 21.7824783325195312
v -0.9765857458114624 -306.82611083984375008 21.77811431884765632
v -2.81998062133789056 -306.82611083984375008 21.61683845520019528
v -4.64305782318115232 -306.82611083984375008 21.29981231689453124
v -6.4326810836791992 -306.82611083984375008 20.82932090759277344
v -8.17595767974853516 -306.82611083984375008 20.20875358581542968
v -9.86032581329345696 -306.82611083984375008 19.44258117675781248
v -11.47364997863769528 -306.82611083984375008 18.53632545471191408
v -13.00430583953857421 -306.82611083984375008 17.4965152740478516
v -14.44126605987548832 -306.82611083984375008 16.33064079284667968
v -15.7741756439208984 -306.82611083984375008 15.04710483551025391
v -16.99343299865722656 -306.82611083984375008 13.6551542282104492
v -18.09025192260742188 -306.82611083984375008 12.16481781005859376
v -19.05673027038574219 -306.82611083984375008 10.58683300018310544
v -19.88590431213378912 -306.82611083984375008 8.93257045745849616
v -20.57180023193359376 -306.82611083984375008 7.21394777297973632
v -21.10947608947753906 -306.82611083984375008 5.44334888458251952
v -21.49505615234375 -306.82611083984375008 3.63353085517883304
v -21.72576522827148432 -306.82611083984375008 1.79753279685974128
v -21.79994010925292976 -306.82611083984375008 -0.05141640827059746
v 21.92508506774902336 -306.6260986328125 -1.81402397155761712
v 21.99993896484375008 -306.6260986328125 0.0518881194293499
v 21.91628265380859376 -306.6260986328125 1.917426347732544
v 21.30314064025878908 -306.6260986328125 -5.4932880401611328
v 21.6922588348388672 -306.6260986328125 -3.66686606407165528
v 20.0683441162109375 -306.6260986328125 -9.01452064514160156
v 20.76053237915039056 -306.6260986328125 -7.28013086318969728
v 18.25621795654296876 -306.6260986328125 -12.27642154693603516
v 19.23156356811523436 -306.6260986328125 -10.6839599609375
v 15.9188928604125976 -306.6260986328125 -15.1851520538330078
v 17.14933586120605468 -306.6260986328125 -13.78043079376220704
v 14.57375431060791016 -306.6260986328125 -16.4804630279541016
v 9.95078754425048832 -306.6260986328125 -19.62095451354980472
v 11.5789127349853516 -306.6260986328125 -18.70638275146484376
v 13.1236114501953125 -306.6260986328125 -17.65703392028808592
v 8.25096607208251952 -306.6260986328125 -20.39415550231933592
v 2.8458521366119384 -306.6260986328125 -21.81515884399414064
v 4.68565464019775392 -306.6260986328125 -21.49522399902343752
v 6.49169683456420896 -306.6260986328125 -21.020416259765625
v 0.9855452179908752 -306.6260986328125 -21.977914810180664
v -4.58420753479003904 -306.6260986328125 -21.5170879364013672
v -2.74291634559631344 -306.6260986328125 -21.82834053039550784
v -0.88186252117156976 -306.6260986328125 -21.98231887817382816
v -6.39246940612792968 -306.6260986328125 -21.05080413818359375
v -11.490544319152832 -306.6260986328125 -18.76079368591308592
v -9.85812282562255856 -306.6260986328125 -19.66767501831054688
v -8.15467357635498046 -306.6260986328125 -20.43284797668457032
v -13.04017543792724609 -306.6260986328125 -17.71874237060546872
v -15.84708690643310544 -306.6260986328125 -15.2600736618041992
v -14.4958524703979492 -306.6260986328125 -16.54902648925781248
v -18.19810485839843752 -306.6260986328125 -12.36240100860595704
v -17.08414268493652344 -306.6260986328125 -13.86117267608642576
v -20.02559852600097656 -306.6260986328125 -9.1090841293334961
v -19.18095207214355468 -306.6260986328125 -10.77455806732177728
v -21.67472076416015624 -306.6260986328125 -3.7691495418548584
v -21.27699089050292968 -306.6260986328125 -5.59371566772460936
v -20.7259597778320312 -306.6260986328125 -7.37797927856445312
v -21.91628265380859376 -306.6260986328125 -1.917426347732544
v -21.6922588348388672 -306.6260986328125 3.66686606407165528
v -21.92508506774902336 -306.6260986328125 1.81402397155761712
v -21.99993896484375008 -306.6260986328125 -0.0518881194293499
v -21.30314064025878908 -306.6260986328125 5.4932880401611328
v -20.0683441162109375 -306.6260986328125 9.01452064514160156
v -20.76053237915039056 -306.6260986328125 7.28013086318969728
v -17.14933586120605468 -306.6260986328125 13.78043079376220704
v -18.25621795654296876 -306.6260986328125 12.27642154693603516
v -19.23156356811523436 -306.6260986328125 10.6839599609375
v -15.9188928604125976 -306.6260986328125 15.1851520538330078
v -11.5789127349853516 -306.6260986328125 18.70638275146484376
v -13.1236114501953125 -306.6260986328125 17.65703392028808592
v -14.57375431060791016 -306.6260986328125 16.4804630279541016
v -9.95078754425048832 -306.6260986328125 19.62095451354980472
v -4.68565464019775392 -306.6260986328125 21.49522399902343752
v -6.49169683456420896 -306.6260986328125 21.020416259765625
v -8.25096607208251952 -306.6260986328125 20.39415550231933592
v -0.9855452179908752 -306.6260986328125 21.977914810180664
v -2.8458521366119384 -306.6260986328125 21.81515884399414064
v 0.88186252117156976 -306.6260986328125 21.98231887817382816
v 4.58420753479003904 -306.6260986328125 21.5170879364013672
v 2.74291634559631344 -306.6260986328125 21.82834053039550784
v 8.15467357635498046 -306.6260986328125 20.43284797668457032
v 6.39246940612792968 -306.6260986328125 21.05080413818359375
v 13.04017543792724609 -306.6260986328125 17.71874237060546872
v 11.490544319152832 -306.6260986328125 18.76079368591308592
v 9.85812282562255856 -306.6260986328125 19.66767501831054688
v 15.84708690643310544 -306.6260986328125 15.2600736618041992
v 14.4958524703979492 -306.6260986328125 16.54902648925781248
v 18.19810485839843752 -306.6260986328125 12.36240100860595704
v 17.08414268493652344 -306.6260986328125 13.86117267608642576
v 19.18095207214355468 -306.6260986328125 10.77455806732177728
v 21.27699089050292968 -306.6260986328125 5.59371566772460936
v 20.7259597778320312 -306.6260986328125 7.37797927856445312
v 20.02559852600097656 -306.6260986328125 9.1090841293334961
v 21.67472076416015624 -306.6260986328125 3.7691495418548584
v -21.27699089050292968 -304.026092529296875 -5.59371566772460936
v -21.91628265380859376 -304.026092529296875 -1.917426347732544
v -20.02559852600097656 -304.026092529296875 -9.1090841293334961
v -18.19810485839843752 -304.026092529296875 -12.36240100860595704
v -15.84708690643310544 -304.026092529296875 -15.2600736618041992
v -13.04017543792724609 -304.026092529296875 -17.71874237060546872
v -9.85812282562255856 -304.026092529296875 -19.66767501831054688
v -6.39246940612792968 -304.026092529296875 -21.05080413818359375
v -2.74291634559631344 -304.026092529296875 -21.82834053039550784
v 0.9855452179908752 -304.026092529296875 -21.977914810180664
v 4.68565464019775392 -304.026092529296875 -21.49522399902343752
v 8.25096607208251952 -304.026092529296875 -20.39415550231933592
v 11.5789127349853516 -304.026092529296875 -18.70638275146484376
v 14.57375431060791016 -304.026092529296875 -16.4804630279541016
v 17.14933586120605468 -304.026092529296875 -13.78043079376220704
v 19.23156356811523436 -304.026092529296875 -10.6839599609375
v 20.76053237915039056 -304.026092529296875 -7.28013086318969728
v 21.6922588348388672 -304.026092529296875 -3.66686606407165528
v 21.99993896484375008 -304.026092529296875 0.0518881194293499
v 21.91628265380859376 -304.026092529296875 1.917426347732544
v 20.7259597778320312 -304.026092529296875 7.37797927856445312
v 21.67472076416015624 -304.026092529296875 3.7691495418548584
v 19.18095207214355468 -304.026092529296875 10.77455806732177728
v 17.08414268493652344 -304.026092529296875 13.86117267608642576
v 14.4958524703979492 -304.026092529296875 16.54902648925781248
v 11.490544319152832 -304.026092529296875 18.76079368591308592
v 8.15467357635498046 -304.026092529296875 20.43284797668457032
v 4.58420753479003904 -304.026092529296875 21.5170879364013672
v 0.88186252117156976 -304.026092529296875 21.98231887817382816
v -2.8458521366119384 -304.026092529296875 21.81515884399414064
v -6.49169683456420896 -304.026092529296875 21.020416259765625
v -9.95078754425048832 -304.026092529296875 19.62095451354980472
v -13.1236114501953125 -304.026092529296875 17.65703392028808592
v -15.9188928604125976 -304.026092529296875 15.1851520538330078
v -18.25621795654296876 -304.026092529296875 12.27642154693603516
v -20.0683441162109375 -304.026092529296875 9.01452064514160156
v -21.30314064025878908 -304.026092529296875 5.4932880401611328
v -21.92508506774902336 -304.026092529296875 1.81402397155761712
v -21.7170448303222656 -303.82611083984375008 -1.89999520778656
v -21.08356285095214844 -303.82611083984375008 -5.54286384582519528
v -19.84354782104492192 -303.82611083984375008 -9.02627468109130859
v -18.0326690673828125 -303.82611083984375008 -12.25001525878906248
v -15.70302200317382816 -303.82611083984375008 -15.12134552001953124
v -12.9216289520263672 -303.82611083984375008 -17.55766296386718752
v -9.76850318908691408 -303.82611083984375008 -19.48887825012207032
v -8.89286231994628912 -303.82611083984375008 -19.9036941528320312
v -6.33435583114624024 -303.82611083984375008 -20.85943222045898432
v -2.71798086166381832 -303.82611083984375008 -21.62989997863769528
v 0.9765857458114624 -303.82611083984375008 -21.77811431884765632
v 4.64305782318115232 -303.82611083984375008 -21.29981231689453124
v 8.17595767974853516 -303.82611083984375008 -20.20875358581542968
v 11.47364997863769528 -303.82611083984375008 -18.53632545471191408
v 14.44126605987548832 -303.82611083984375008 -16.33064079284667968
v 16.99343299865722656 -303.82611083984375008 -13.6551542282104492
v 19.05673027038574219 -303.82611083984375008 -10.58683300018310544
v 20.57180023193359376 -303.82611083984375008 -7.21394777297973632
v 21.49505615234375 -303.82611083984375008 -3.63353085517883304
v 21.79994010925292976 -303.82611083984375008 0.05141640827059746
v 21.7170448303222656 -303.82611083984375008 1.89999520778656
v 21.47767829895019528 -303.82611083984375008 3.73488450050354
v 20.98936653137207024 -303.82611083984375008 5.88952493667602544
v 20.5375423431396484 -303.82611083984375008 7.31090688705444336
v 19.00657844543457031 -303.82611083984375008 10.67660713195800784
v 16.9288311004638672 -303.82611083984375008 13.7351617813110352
v 14.3640718460083008 -303.82611083984375008 16.39858055114746096
v 11.38608455657958984 -303.82611083984375008 18.59024238586425784
v 8.08053970336914062 -303.82611083984375008 20.24709510803222656
v 4.54253292083740232 -303.82611083984375008 21.32147789001464844
v 0.87384557723999024 -303.82611083984375008 21.7824783325195312
v -2.81998062133789056 -303.82611083984375008 21.61683845520019528
v -6.4326810836791992 -303.82611083984375008 20.82932090759277344
v -9.86032581329345696 -303.82611083984375008 19.44258117675781248
v -13.00430583953857421 -303.82611083984375008 17.4965152740478516
v -15.7741756439208984 -303.82611083984375008 15.04710483551025391
v -18.09025192260742188 -303.82611083984375008 12.16481781005859376
v -19.88590431213378912 -303.82611083984375008 8.93257045745849616
v -21.10947608947753906 -303.82611083984375008 5.44334888458251952
v -21.72576522827148432 -303.82611083984375008 1.79753279685974128
v -16.64390945434570312 -314.82611083984375008 0.57411485910415648
v -16.04473114013671875 -314.82611083984375008 0.07134420424699783
v -17.36912727355957032 -314.82611083984375008 0.86712181568145744
v -18.49388313293457032 -314.82611083984375008 -4.00472831726074218
v -19.21909904479980468 -314.82611083984375008 -3.71172165870666504
v -18.14939308166503906 -314.82611083984375008 0.92168337106704704
v -18.9083328247070312 -314.82611083984375008 0.732458770275116
v -17.71361541748046872 -314.82611083984375008 -4.05928993225097656
v -16.29135704040527344 -314.82611083984375008 -3.45557737350463864
v -16.95467758178710944 -314.82611083984375008 -3.87006545066833504
v -15.49557971954345704 -314.82611083984375008 -2.131181001663208
v -15.78858661651611328 -314.82611083984375008 -2.85639858245849616
v -15.44101810455322264 -314.82611083984375008 -1.35091400146484376
v -15.63024234771728512 -314.82611083984375008 -0.59197556972503664
v -19.5716514587402344 -314.82611083984375008 0.31797057390213012
v -20.3674297332763672 -314.82611083984375008 -1.00642573833465576
v -20.07442283630371094 -314.82611083984375008 -0.28120818734169008
v -19.81827926635742192 -314.82611083984375008 -3.2089509963989258
v 18.9083328247070312 -314.82611083984375008 -0.732458770275116
v 16.95467758178710944 -314.82611083984375008 3.87006545066833504
v 17.71361541748046872 -314.82611083984375008 4.05928993225097656
v 16.29135704040527344 -314.82611083984375008 3.45557737350463864
v 17.36912727355957032 -314.82611083984375008 -0.86712181568145744
v 18.14939308166503906 -314.82611083984375008 -0.92168337106704704
v 20.07442283630371094 -314.82611083984375008 0.28120818734169008
v 19.5716514587402344 -314.82611083984375008 -0.31797057390213012
v 20.3674297332763672 -314.82611083984375008 1.00642573833465576
v 20.4219913482666016 -314.82611083984375008 1.78669273853302
v 20.23276710510253908 -314.82611083984375008 2.54563117027282712
v 19.21909904479980468 -314.82611083984375008 3.71172165870666504
v 19.81827926635742192 -314.82611083984375008 3.2089509963989258
v 18.49388313293457032 -314.82611083984375008 4.00472831726074218
v 15.78858661651611328 -314.82611083984375008 2.85639858245849616
v -20.4219913482666016 -314.82611083984375008 -1.78669273853302
v 15.63024234771728512 -314.82611083984375008 0.59197556972503664
v 16.64390945434570312 -314.82611083984375008 -0.57411485910415648
v 15.49557971954345704 -314.82611083984375008 2.131181001663208
v 15.44101810455322264 -314.82611083984375008 1.35091400146484376
v -20.23276710510253908 -314.82611083984375008 -2.54563117027282712
v 16.04473114013671875 -314.82611083984375008 -0.07134420424699783
v -19.86456489562988288 -314.42608642578125 -2.38933873176574704
v -19.51639556884765624 -314.42608642578125 -2.9465272426605224
v -19.01308441162109375 -314.42608642578125 -3.3688547611236572
v -18.40390205383300784 -314.42608642578125 -3.6149804592132568
v -17.74847793579101568 -314.42608642578125 -3.6608121395111084
v -17.11096954345703124 -314.42608642578125 -3.50186347961425784
v -16.55378150939941408 -314.42608642578125 -3.15369343757629394
v -16.13145256042480468 -314.42608642578125 -2.65038323402404784
v -15.88532733917236336 -314.42608642578125 -2.04120063781738281
v -15.83949565887451168 -314.42608642578125 -1.38577628135681152
v -15.99844455718994144 -314.42608642578125 -0.74826800823211664
v -16.34661483764648436 -314.42608642578125 -0.19107940793037416
v -16.84992408752441408 -314.42608642578125 0.23124796152114868
v -17.4591064453125 -314.42608642578125 0.47737377882003784
v -18.114532470703125 -314.42608642578125 0.52320551872253416
v -18.75204086303710944 -314.42608642578125 0.3642568290233612
v -19.30922889709472656 -314.42608642578125 0.01608674973249435
v -19.7315559387207032 -314.42608642578125 -0.48722341656684872
v -19.97768211364746096 -314.42608642578125 -1.09640610218048096
v -20.0235137939453125 -314.42608642578125 -1.75183045864105232
v 15.99844455718994144 -314.42608642578125 0.74826800823211664
v 16.34661483764648436 -314.42608642578125 0.19107940793037416
v 16.84992408752441408 -314.42608642578125 -0.23124796152114868
v 17.4591064453125 -314.42608642578125 -0.47737377882003784
v 18.114532470703125 -314.42608642578125 -0.52320551872253416
v 18.75204086303710944 -314.42608642578125 -0.3642568290233612
v 19.30922889709472656 -314.42608642578125 -0.0160867478698492
v 19.7315559387207032 -314.42608642578125 0.48722341656684872
v 19.97768211364746096 -314.42608642578125 1.09640610218048096
v 20.0235137939453125 -314.42608642578125 1.75183045864105232
v 19.86456489562988288 -314.42608642578125 2.38933873176574704
v 19.51639556884765624 -314.42608642578125 2.9465272426605224
v 19.01308441162109375 -314.42608642578125 3.3688547611236572
v 18.40390205383300784 -314.42608642578125 3.6149804592132568
v 17.74847793579101568 -314.42608642578125 3.6608121395111084
v 17.11096954345703124 -314.42608642578125 3.50186347961425784
v 16.55378150939941408 -314.42608642578125 3.15369343757629394
v 16.13145256042480468 -314.42608642578125 2.65038323402404784
v 15.88532733917236336 -314.42608642578125 2.04120063781738281
v 15.83949565887451168 -314.42608642578125 1.38577628135681152
v -15.99844455718994144 -307.226104736328125 -0.74826800823211664
v -15.83949565887451168 -307.226104736328125 -1.38577628135681152
v -16.34661483764648436 -307.226104736328125 -0.19107940793037416
v -16.84992408752441408 -307.226104736328125 0.23124796152114868
v -17.4591064453125 -307.226104736328125 0.47737377882003784
v -18.114532470703125 -307.226104736328125 0.52320551872253416
v -18.75204086303710944 -307.226104736328125 0.3642568290233612
v -19.30922889709472656 -307.226104736328125 0.01608674973249435
v -19.7315559387207032 -307.226104736328125 -0.48722341656684872
v -19.97768211364746096 -307.226104736328125 -1.09640610218048096
v -20.0235137939453125 -307.226104736328125 -1.75183045864105232
v -19.86456489562988288 -307.226104736328125 -2.38933873176574704
v -19.51639556884765624 -307.226104736328125 -2.9465272426605224
v -19.01308441162109375 -307.226104736328125 -3.3688547611236572
v -18.40390205383300784 -307.226104736328125 -3.6149804592132568
v -17.74847793579101568 -307.226104736328125 -3.6608121395111084
v -17.11096954345703124 -307.226104736328125 -3.50186347961425784
v -16.55378150939941408 -307.226104736328125 -3.15369343757629394
v -16.13145256042480468 -307.226104736328125 -2.65038323402404784
v -15.88532733917236336 -307.226104736328125 -2.04120063781738281
v 19.86456489562988288 -307.226104736328125 2.38933873176574704
v 20.0235137939453125 -307.226104736328125 1.75183045864105232
v 19.51639556884765624 -307.226104736328125 2.9465272426605224
v 19.01308441162109375 -307.226104736328125 3.3688547611236572
v 18.40390205383300784 -307.226104736328125 3.6149804592132568
v 17.74847793579101568 -307.226104736328125 3.6608121395111084
v 17.11096954345703124 -307.226104736328125 3.50186347961425784
v 16.55378150939941408 -307.226104736328125 3.15369343757629394
v 16.13145256042480468 -307.226104736328125 2.65038323402404784
v 15.88532733917236336 -307.226104736328125 2.04120063781738281
v 15.83949565887451168 -307.226104736328125 1.38577628135681152
v 15.99844455718994144 -307.226104736328125 0.74826800823211664
v 16.34661483764648436 -307.226104736328125 0.19107940793037416
v 16.84992408752441408 -307.226104736328125 -0.23124796152114868
v 17.4591064453125 -307.226104736328125 -0.47737377882003784
v 18.114532470703125 -307.226104736328125 -0.52320551872253416
v 18.75204086303710944 -307.226104736328125 -0.3642568290233612
v 19.30922889709472656 -307.226104736328125 -0.0160867478698492
v 19.7315559387207032 -307.226104736328125 0.48722341656684872
v 19.97768211364746096 -307.226104736328125 1.09640610218048096
v -15.44101810455322264 -306.82611083984375008 -1.35091400146484376
v -15.49557971954345704 -306.82611083984375008 -2.131181001663208
v -15.78858661651611328 -306.82611083984375008 -2.85639858245849616
v -16.29135704040527344 -306.82611083984375008 -3.45557737350463864
v -16.95467758178710944 -306.82611083984375008 -3.87006545066833504
v -17.71361541748046872 -306.82611083984375008 -4.05928993225097656
v -18.49388313293457032 -306.82611083984375008 -4.00472831726074218
v -19.21909904479980468 -306.82611083984375008 -3.71172165870666504
v -19.81827926635742192 -306.82611083984375008 -3.2089509963989258
v -20.23276710510253908 -306.82611083984375008 -2.54563117027282712
v -20.4219913482666016 -306.82611083984375008 -1.78669273853302
v -20.3674297332763672 -306.82611083984375008 -1.00642573833465576
v -20.07442283630371094 -306.82611083984375008 -0.28120818734169008
v -19.5716514587402344 -306.82611083984375008 0.31797057390213012
v -18.9083328247070312 -306.82611083984375008 0.732458770275116
v -18.14939308166503906 -306.82611083984375008 0.92168337106704704
v -17.36912727355957032 -306.82611083984375008 0.86712181568145744
v -16.64390945434570312 -306.82611083984375008 0.57411485910415648
v -16.04473114013671875 -306.82611083984375008 0.07134420424699783
v -15.63024234771728512 -306.82611083984375008 -0.59197556972503664
v 20.4219913482666016 -306.82611083984375008 1.78669273853302
v 20.3674297332763672 -306.82611083984375008 1.00642573833465576
v 20.07442283630371094 -306.82611083984375008 0.28120818734169008
v 19.5716514587402344 -306.82611083984375008 -0.31797057390213012
v 18.9083328247070312 -306.82611083984375008 -0.732458770275116
v 18.14939308166503906 -306.82611083984375008 -0.92168337106704704
v 17.36912727355957032 -306.82611083984375008 -0.86712181568145744
v 16.64390945434570312 -306.82611083984375008 -0.57411485910415648
v 16.04473114013671875 -306.82611083984375008 -0.07134420424699783
v 15.63024234771728512 -306.82611083984375008 0.59197556972503664
v 15.44101810455322264 -306.82611083984375008 1.35091400146484376
v 15.49557971954345704 -306.82611083984375008 2.131181001663208
v 15.78858661651611328 -306.82611083984375008 2.85639858245849616
v 16.29135704040527344 -306.82611083984375008 3.45557737350463864
v 16.95467758178710944 -306.82611083984375008 3.87006545066833504
v 17.71361541748046872 -306.82611083984375008 4.05928993225097656
v 18.49388313293457032 -306.82611083984375008 4.00472831726074218
v 19.21909904479980468 -306.82611083984375008 3.71172165870666504
v 19.81827926635742192 -306.82611083984375008 3.2089509963989258
v 20.23276710510253908 -306.82611083984375008 2.54563117027282712
v -19.44044113159179688 -306.82611083984375008 0.16702866554260254
v -19.90298843383789056 -306.82611083984375008 -0.38421580195426944
v -20.17255592346191406 -306.82611083984375008 -1.05141592025756836
v -20.22275161743164064 -306.82611083984375008 -1.76926159858703616
v -20.04866600036621094 -306.82611083984375008 -2.46748495101928712
v -19.66733741760253904 -306.82611083984375008 -3.07773923873901367
v -19.11609268188476562 -306.82611083984375008 -3.54028820991516112
v -18.44889259338378904 -306.82611083984375008 -3.80985450744628912
v -16.74691772460937504 -306.82611083984375008 0.40268141031265256
v -16.19567298889160156 -306.82611083984375008 -0.05986760184168816
v -17.4141178131103516 -306.82611083984375008 0.67224776744842528
v -18.13196182250976562 -306.82611083984375008 0.72244441509246832
v -18.83018684387207024 -306.82611083984375008 0.54835778474807736
v -17.73104667663574224 -306.82611083984375008 -3.860051155090332
v -17.03282356262207031 -306.82611083984375008 -3.68596458435058592
v -16.42256927490234376 -306.82611083984375008 -3.30463528633117676
v -15.96002006530761712 -306.82611083984375008 -2.7533910274505616
v -15.69045352935791016 -306.82611083984375008 -2.08619070053100586
v -15.6402568817138672 -306.82611083984375008 -1.3683451414108276
v -15.81434345245361328 -306.82611083984375008 -0.67012178897857664
v 18.44889259338378904 -306.82611083984375008 3.80985450744628912
v 19.11609268188476562 -306.82611083984375008 3.54028820991516112
v 17.73104667663574224 -306.82611083984375008 3.860051155090332
v 17.03282356262207031 -306.82611083984375008 3.68596458435058592
v 16.42256927490234376 -306.82611083984375008 3.30463528633117676
v 17.4141178131103516 -306.82611083984375008 -0.67224776744842528
v 16.74691772460937504 -306.82611083984375008 -0.40268141031265256
v 18.13196182250976562 -306.82611083984375008 -0.72244441509246832
v 18.83018684387207024 -306.82611083984375008 -0.54835778474807736
v 19.44044113159179688 -306.82611083984375008 -0.16702866554260254
v 19.90298843383789056 -306.82611083984375008 0.38421580195426944
v 15.96002006530761712 -306.82611083984375008 2.7533910274505616
v 15.81434345245361328 -306.82611083984375008 0.67012178897857664
v 15.6402568817138672 -306.82611083984375008 1.3683451414108276
v 16.19567298889160156 -306.82611083984375008 0.05986760184168816
v 19.66733741760253904 -306.82611083984375008 3.07773923873901367
v 15.69045352935791016 -306.82611083984375008 2.08619070053100586
v 20.22275161743164064 -306.82611083984375008 1.76926159858703616
v 20.17255592346191406 -306.82611083984375008 1.05141592025756836
v 20.04866600036621094 -306.82611083984375008 2.46748495101928712
v -19.86456489562988288 -306.6260986328125 -2.38933873176574704
v -19.51639556884765624 -306.6260986328125 -2.9465272426605224
v -19.01308441162109375 -306.6260986328125 -3.3688547611236572
v -18.40390205383300784 -306.6260986328125 -3.6149804592132568
v -17.74847793579101568 -306.6260986328125 -3.6608121395111084
v -17.11096954345703124 -306.6260986328125 -3.50186347961425784
v -16.55378150939941408 -306.6260986328125 -3.15369343757629394
v -16.13145256042480468 -306.6260986328125 -2.65038323402404784
v -15.88532733917236336 -306.6260986328125 -2.04120063781738281
v -15.83949565887451168 -306.6260986328125 -1.38577628135681152
v -15.99844455718994144 -306.6260986328125 -0.74826800823211664
v -16.34661483764648436 -306.6260986328125 -0.19107940793037416
v -16.84992408752441408 -306.6260986328125 0.23124796152114868
v -17.4591064453125 -306.6260986328125 0.47737377882003784
v -18.114532470703125 -306.6260986328125 0.52320551872253416
v -18.75204086303710944 -306.6260986328125 0.3642568290233612
v -19.30922889709472656 -306.6260986328125 0.01608674973249435
v -19.7315559387207032 -306.6260986328125 -0.48722341656684872
v -19.97768211364746096 -306.6260986328125 -1.09640610218048096
v -20.0235137939453125 -306.6260986328125 -1.75183045864105232
v 15.99844455718994144 -306.6260986328125 0.74826800823211664
v 16.34661483764648436 -306.6260986328125 0.19107940793037416
v 16.84992408752441408 -306.6260986328125 -0.23124796152114868
v 17.4591064453125 -306.6260986328125 -0.47737377882003784
v 18.114532470703125 -306.6260986328125 -0.52320551872253416
v 18.75204086303710944 -306.6260986328125 -0.3642568290233612
v 19.30922889709472656 -306.6260986328125 -0.0160867478698492
v 19.7315559387207032 -306.6260986328125 0.48722341656684872
v 19.97768211364746096 -306.6260986328125 1.09640610218048096
v 20.0235137939453125 -306.6260986328125 1.75183045864105232
v 19.86456489562988288 -306.6260986328125 2.38933873176574704
v 19.51639556884765624 -306.6260986328125 2.9465272426605224
v 19.01308441162109375 -306.6260986328125 3.3688547611236572
v 18.40390205383300784 -306.6260986328125 3.6149804592132568
v 17.74847793579101568 -306.6260986328125 3.6608121395111084
v 17.11096954345703124 -306.6260986328125 3.50186347961425784
v 16.55378150939941408 -306.6260986328125 3.15369343757629394
v 16.13145256042480468 -306.6260986328125 2.65038323402404784
v 15.88532733917236336 -306.6260986328125 2.04120063781738281
v 15.83949565887451168 -306.6260986328125 1.38577628135681152
v -15.96002006530761712 -306.6260986328125 -2.7533910274505616
v -16.42256927490234376 -306.6260986328125 -3.30463528633117676
v -17.03282356262207031 -306.6260986328125 -3.68596458435058592
v -20.17255592346191406 -306.6260986328125 -1.05141592025756836
v -19.90298843383789056 -306.6260986328125 -0.38421580195426944
v -19.44044113159179688 -306.6260986328125 0.16702866554260254
v -18.83018684387207024 -306.6260986328125 0.54835778474807736
v -15.69045352935791016 -306.6260986328125 -2.08619070053100586
v -17.73104667663574224 -306.6260986328125 -3.860051155090332
v -18.44889259338378904 -306.6260986328125 -3.80985450744628912
v -19.11609268188476562 -306.6260986328125 -3.54028820991516112
v -19.66733741760253904 -306.6260986328125 -3.07773923873901367
v -20.04866600036621094 -306.6260986328125 -2.46748495101928712
v -20.22275161743164064 -306.6260986328125 -1.76926159858703616
v -18.13196182250976562 -306.6260986328125 0.72244441509246832
v -17.4141178131103516 -306.6260986328125 0.67224776744842528
v -16.74691772460937504 -306.6260986328125 0.40268141031265256
v -16.19567298889160156 -306.6260986328125 -0.05986760184168816
v -15.81434345245361328 -306.6260986328125 -0.67012178897857664
v -15.6402568817138672 -306.6260986328125 -1.3683451414108276
v 17.4141178131103516 -306.6260986328125 -0.67224776744842528
v 16.74691772460937504 -306.6260986328125 -0.40268141031265256
v 19.90298843383789056 -306.6260986328125 0.38421580195426944
v 19.44044113159179688 -306.6260986328125 -0.16702866554260254
v 18.83018684387207024 -306.6260986328125 -0.54835778474807736
v 18.13196182250976562 -306.6260986328125 -0.72244441509246832
v 17.73104667663574224 -306.6260986328125 3.860051155090332
v 18.44889259338378904 -306.6260986328125 3.80985450744628912
v 19.11609268188476562 -306.6260986328125 3.54028820991516112
v 17.03282356262207031 -306.6260986328125 3.68596458435058592
v 16.19567298889160156 -306.6260986328125 0.05986760184168816
v 19.66733741760253904 -306.6260986328125 3.07773923873901367
v 20.04866600036621094 -306.6260986328125 2.46748495101928712
v 20.22275161743164064 -306.6260986328125 1.76926159858703616
v 20.17255592346191406 -306.6260986328125 1.05141592025756836
v 15.81434345245361328 -306.6260986328125 0.67012178897857664
v 15.6402568817138672 -306.6260986328125 1.3683451414108276
v 15.96002006530761712 -306.6260986328125 2.7533910274505616
v 16.42256927490234376 -306.6260986328125 3.30463528633117676
v 15.69045352935791016 -306.6260986328125 2.08619070053100586
v -20.22275161743164064 -304.026092529296875 -1.76926159858703616
v -20.17255592346191406 -304.026092529296875 -1.05141592025756836
v -19.90298843383789056 -304.026092529296875 -0.38421580195426944
v -19.44044113159179688 -304.026092529296875 0.16702866554260254
v -18.83018684387207024 -304.026092529296875 0.54835778474807736
v -18.13196182250976562 -304.026092529296875 0.72244441509246832
v -17.4141178131103516 -304.026092529296875 0.67224776744842528
v -16.74691772460937504 -304.026092529296875 0.40268141031265256
v -16.19567298889160156 -304.026092529296875 -0.05986760184168816
v -15.81434345245361328 -304.026092529296875 -0.67012178897857664
v -15.6402568817138672 -304.026092529296875 -1.3683451414108276
v -15.69045352935791016 -304.026092529296875 -2.08619070053100586
v -15.96002006530761712 -304.026092529296875 -2.7533910274505616
v -16.42256927490234376 -304.026092529296875 -3.30463528633117676
v -17.03282356262207031 -304.026092529296875 -3.68596458435058592
v -17.73104667663574224 -304.026092529296875 -3.860051155090332
v -18.44889259338378904 -304.026092529296875 -3.80985450744628912
v -19.11609268188476562 -304.026092529296875 -3.54028820991516112
v -19.66733741760253904 -304.026092529296875 -3.07773923873901367
v -20.04866600036621094 -304.026092529296875 -2.46748495101928712
v -15.44101810455322264 -303.82611083984375008 -1.35091400146484376
v -15.49557971954345704 -303.82611083984375008 -2.131181001663208
v -15.78858661651611328 -303.82611083984375008 -2.85639858245849616
v -16.29135704040527344 -303.82611083984375008 -3.45557737350463864
v -16.95467758178710944 -303.82611083984375008 -3.87006545066833504
v -17.71361541748046872 -303.82611083984375008 -4.05928993225097656
v -18.49388313293457032 -303.82611083984375008 -4.00472831726074218
v -19.21909904479980468 -303.82611083984375008 -3.71172165870666504
v -19.81827926635742192 -303.82611083984375008 -3.2089509963989258
v -20.23276710510253908 -303.82611083984375008 -2.54563117027282712
v -20.4219913482666016 -303.82611083984375008 -1.78669273853302
v -20.3674297332763672 -303.82611083984375008 -1.00642573833465576
v -20.07442283630371094 -303.82611083984375008 -0.28120818734169008
v -19.5716514587402344 -303.82611083984375008 0.31797057390213012
v -18.9083328247070312 -303.82611083984375008 0.732458770275116
v -18.14939308166503906 -303.82611083984375008 0.92168337106704704
v -17.36912727355957032 -303.82611083984375008 0.86712181568145744
v -16.64390945434570312 -303.82611083984375008 0.57411485910415648
v -16.04473114013671875 -303.82611083984375008 0.07134420424699783
v -15.63024234771728512 -303.82611083984375008 -0.59197556972503664
v 15.6402568817138672 -304.026092529296875 1.3683451414108276
v 15.69045352935791016 -304.026092529296875 2.08619070053100586
v 15.96002006530761712 -304.026092529296875 2.7533910274505616
v 16.42256927490234376 -304.026092529296875 3.30463528633117676
v 17.03282356262207031 -304.026092529296875 3.68596458435058592
v 17.73104667663574224 -304.026092529296875 3.860051155090332
v 18.44889259338378904 -304.026092529296875 3.80985450744628912
v 19.11609268188476562 -304.026092529296875 3.54028820991516112
v 19.66733741760253904 -304.026092529296875 3.07773923873901367
v 20.04866600036621094 -304.026092529296875 2.46748495101928712
v 20.22275161743164064 -304.026092529296875 1.76926159858703616
v 20.17255592346191406 -304.026092529296875 1.05141592025756836
v 19.90298843383789056 -304.026092529296875 0.38421580195426944
v 19.44044113159179688 -304.026092529296875 -0.16702866554260254
v 18.83018684387207024 -304.026092529296875 -0.54835778474807736
v 18.13196182250976562 -304.026092529296875 -0.72244441509246832
v 17.4141178131103516 -304.026092529296875 -0.67224776744842528
v 16.74691772460937504 -304.026092529296875 -0.40268141031265256
v 16.19567298889160156 -304.026092529296875 0.05986760184168816
v 15.81434345245361328 -304.026092529296875 0.67012178897857664
v 20.4219913482666016 -303.82611083984375008 1.78669273853302
v 20.3674297332763672 -303.82611083984375008 1.00642573833465576
v 20.07442283630371094 -303.82611083984375008 0.28120818734169008
v 19.5716514587402344 -303.82611083984375008 -0.31797057390213012
v 18.9083328247070312 -303.82611083984375008 -0.732458770275116
v 18.14939308166503906 -303.82611083984375008 -0.92168337106704704
v 17.36912727355957032 -303.82611083984375008 -0.86712181568145744
v 16.64390945434570312 -303.82611083984375008 -0.57411485910415648
v 16.04473114013671875 -303.82611083984375008 -0.07134420424699783
v 15.63024234771728512 -303.82611083984375008 0.59197556972503664
v 15.44101810455322264 -303.82611083984375008 1.35091400146484376
v 15.49557971954345704 -303.82611083984375008 2.131181001663208
v 15.78858661651611328 -303.82611083984375008 2.85639858245849616
v 16.29135704040527344 -303.82611083984375008 3.45557737350463864
v 16.95467758178710944 -303.82611083984375008 3.87006545066833504
v 17.71361541748046872 -303.82611083984375008 4.05928993225097656
v 18.49388313293457032 -303.82611083984375008 4.00472831726074218
v 19.21909904479980468 -303.82611083984375008 3.71172165870666504
v 19.81827926635742192 -303.82611083984375008 3.2089509963989258
v 20.23276710510253908 -303.82611083984375008 2.54563117027282712
v -10.8770151138305664 -303.82611083984375008 3.08875942230224609
v -5.19743967056274416 -303.82611083984375008 4.0398564338684082
v -5.51699924468994144 -303.82611083984375008 3.591174840927124
v 13.85085773468017584 -303.82611083984375008 10.0023355484008789
v 13.79738712310791008 -303.82611083984375008 9.2376737594604492
v -2.01859402656555175 -303.82611083984375008 6.26570796966552736
v 13.98282718658447264 -303.82611083984375008 8.49391365051269528
v 4.80867385864257808 -303.82611083984375008 4.49560594558715824
v -3.77576351165771488 -303.82611083984375008 5.39234924316406248
v 1.8617582321166992 -303.82611083984375008 6.3140854835510254
v -0.08206378668546677 -303.82611083984375008 6.58233118057250976
v 3.64015483856201168 -303.82611083984375008 5.48480558395385744
v 14.13800430297851562 -303.82611083984375008 10.71304893493652344
v 14.63071918487548832 -303.82611083984375008 11.30024337768554688
v 15.68693351745605472 -303.82611083984375008 7.06399869918823242
v 16.4515953063964844 -303.82611083984375008 7.01052808761596679
v 15.28077220916748048 -303.82611083984375008 11.70644187927246096
v 16.02453231811523437 -303.82611083984375008 11.89188194274902336
v 14.38902568817138672 -303.82611083984375008 7.8438606262207032
v 16.789194107055664 -303.82611083984375008 11.83841228485107424
v 17.84540939331054688 -303.82611083984375008 7.60216665267944336
v 18.33812332153320312 -303.82611083984375008 8.189361572265625
v 17.19535446166992188 -303.82611083984375008 7.19596815109252928
v 14.97622108459472656 -303.82611083984375008 7.35114526748657228
v 18.08710289001464844 -303.82611083984375008 11.05854988098144531
v 17.49990653991699216 -303.82611083984375008 11.551264762878418
v 18.49330139160156248 -303.82611083984375008 10.40849685668945312
v 18.67874145507812496 -303.82611083984375008 9.6647367477416992
v 18.62527084350585936 -303.82611083984375008 8.9000749588012696
v 2.92990326881408688 -303.82611083984375008 -5.89486932754516608
v 1.06219279766082764 -303.82611083984375008 -6.4965810775756836
v -0.8998983502388 -303.82611083984375008 -6.52104282379150392
v -2.78202962875366208 -303.82611083984375008 -5.96608161926269536
v -6.57005834579467776 -303.82611083984375008 0.41006389260292056
v -6.55779314041137696 -303.82611083984375008 -0.57373255491256712
v -6.39903736114501952 -303.82611083984375008 -1.54471278190612792
v -6.15730047225952148 -303.82611083984375008 2.32840466499328612
v -4.4169650077819824 -303.82611083984375008 -4.88100767135620112
v -5.65943431854248048 -303.82611083984375008 -3.36223483085632328
v 6.43555927276611328 -303.82611083984375008 -1.38470017910003664
v 6.55779314041137696 -303.82611083984375008 0.57373255491256712
v 5.74149799346923824 -303.82611083984375008 -3.22009634971618652
v 4.53727912902832032 -303.82611083984375008 -4.7693724632263184
v 6.09733819961547852 -303.82611083984375008 2.4811866283416748
v 5.0951080322265625 -303.82611083984375008 4.16817665100097656
v -18.33812332153320312 -303.82611083984375008 -8.189361572265625
v -18.62527084350585936 -303.82611083984375008 -8.9000749588012696
v -17.84540939331054688 -303.82611083984375008 -7.60216665267944336
v -16.4515953063964844 -303.82611083984375008 -7.01052808761596679
v -17.19535446166992188 -303.82611083984375008 -7.19596815109252928
v -14.97622108459472656 -303.82611083984375008 -7.35114526748657228
v -15.68693351745605472 -303.82611083984375008 -7.06399869918823242
v -14.63071918487548832 -303.82611083984375008 -11.30024337768554688
v -18.67874145507812496 -303.82611083984375008 -9.6647367477416992
v -15.28077220916748048 -303.82611083984375008 -11.70644187927246096
v -13.98282718658447264 -303.82611083984375008 -8.49391365051269528
v -14.38902568817138672 -303.82611083984375008 -7.8438606262207032
v -14.13800430297851562 -303.82611083984375008 -10.71304893493652344
v -16.02453231811523437 -303.82611083984375008 -11.89188194274902336
v -17.49990653991699216 -303.82611083984375008 -11.551264762878418
v -16.789194107055664 -303.82611083984375008 -11.83841228485107424
v -18.49330139160156248 -303.82611083984375008 -10.40849685668945312
v -18.08710289001464844 -303.82611083984375008 -11.05854988098144531
v -13.79738712310791008 -303.82611083984375008 -9.2376737594604492
v -13.85085773468017584 -303.82611083984375008 -10.0023355484008789
v 6.29730224609375 -303.88467407226562496 -1.35495221614837648
v 6.41690969467163088 -303.88467407226562496 0.56140685081481936
v 5.61815166473388672 -303.88467407226562496 -3.15091776847839356
v 6.27632808685302736 -303.88467407226562496 -1.44900453090667728
v 4.43980360031127928 -303.88467407226562496 -4.66691064834594728
v 5.52137565612792968 -303.88467407226562496 -3.31757736206054688
v 2.86695933341979984 -303.88467407226562496 -5.76822805404663088
v 4.2259526252746582 -303.88467407226562496 -4.86140251159667968
v 1.03937327861785888 -303.88467407226562496 -6.35701274871826172
v 2.51686382293701168 -303.88467407226562496 -5.92935943603515632
v -0.88056552410125728 -303.88467407226562496 -6.38094902038574216
v 0.56140685081481936 -303.88467407226562496 -6.41690969467163088
v -2.72226238250732416 -303.88467407226562496 -5.8379101753234864
v -1.44900453090667728 -303.88467407226562496 -6.27632808685302736
v -4.32207393646240236 -303.88467407226562496 -4.77614736557006832
v -3.31757736206054688 -303.88467407226562496 -5.52137565612792968
v -5.53785085678100584 -303.88467407226562496 -3.29000282287597656
v -4.86140251159667968 -303.88467407226562496 -4.2259526252746582
v -6.2615647315979004 -303.88467407226562496 -1.51152718067169192
v -5.92935943603515632 -303.88467407226562496 -2.51686382293701168
v -6.41690969467163088 -303.88467407226562496 -0.56140685081481936
v -6.42891168594360352 -303.88467407226562496 0.40125435590744016
v -6.27632808685302736 -303.88467407226562496 1.44900453090667728
v -6.02502107620239258 -303.88467407226562496 2.2783827781677246
v -5.52137565612792968 -303.88467407226562496 3.31757736206054688
v -5.08578157424926758 -303.88467407226562496 3.9530668258666992
v -4.2259526252746582 -303.88467407226562496 4.86140251159667968
v -3.69464755058288576 -303.88467407226562496 5.27650356292724608
v -2.51686382293701168 -303.88467407226562496 5.92935943603515632
v -1.97522795200347904 -303.88467407226562496 6.13109970092773438
v -0.56140685081481936 -303.88467407226562496 6.41690969467163088
v -0.08030078560113907 -303.88467407226562496 6.4409208297729492
v 1.44900453090667728 -303.88467407226562496 6.27632808685302736
v 1.82176148891448976 -303.88467407226562496 6.1784377098083496
v 3.31757736206054688 -303.88467407226562496 5.52137565612792968
v 3.56195235252380368 -303.88467407226562496 5.3669734001159668
v 4.9856481552124024 -303.88467407226562496 4.07862997055053711
v 4.86140251159667968 -303.88467407226562496 4.2259526252746582
v 5.92935943603515632 -303.88467407226562496 2.51686382293701168
v 5.96634674072265632 -303.88467407226562496 2.42788243293762208
v 5.8462204933166504 -304.32611083984375 -1.3497062921524048
v 5.97716808319091792 -304.32611083984375 0.52293443679809568
v 5.1430039405822754 -304.32611083984375 -3.09022855758666992
v 3.93635416030883792 -304.32611083984375 -4.5282573699951172
v 2.34438681602478028 -304.32611083984375 -5.52302932739257816
v 0.52293443679809568 -304.32611083984375 -5.97716808319091792
v -1.3497062921524048 -304.32611083984375 -5.8462204933166504
v -3.09022855758666992 -304.32611083984375 -5.1430039405822754
v -4.5282573699951172 -304.32611083984375 -3.93635416030883792
v -5.52302932739257816 -304.32611083984375 -2.34438681602478028
v -5.97716808319091792 -304.32611083984375 -0.52293443679809568
v -5.8462204933166504 -304.32611083984375 1.3497062921524048
v -5.1430039405822754 -304.32611083984375 3.09022855758666992
v -3.93635416030883792 -304.32611083984375 4.5282573699951172
v -2.34438681602478028 -304.32611083984375 5.52302932739257816
v -0.52293443679809568 -304.32611083984375 5.97716808319091792
v 1.3497062921524048 -304.32611083984375 5.8462204933166504
v 3.09022855758666992 -304.32611083984375 5.1430039405822754
v 4.5282573699951172 -304.32611083984375 3.93635416030883792
v 5.52302932739257816 -304.32611083984375 2.34438681602478028
v -14.04573154449462891 -304.026092529296875 -9.9573450088500976
v -14.30943775177001952 -304.026092529296875 -10.6100406646728516
v -14.76193141937255856 -304.026092529296875 -11.14930152893066406
v -15.3589191436767578 -304.026092529296875 -11.5223407745361328
v -16.04196357727050781 -304.026092529296875 -11.69264316558837888
v -16.74420356750488288 -304.026092529296875 -11.64353752136230472
v -17.39690017700195312 -304.026092529296875 -11.37983131408691408
v -17.9361610412597656 -304.026092529296875 -10.92733764648437504
v -18.30920028686523436 -304.026092529296875 -10.3303499221801758
v -18.47950172424316408 -304.026092529296875 -9.64730548858642576
v -18.43039703369140624 -304.026092529296875 -8.94506549835205072
v -18.16669082641601562 -304.026092529296875 -8.29236984252929688
v -17.71419715881347656 -304.026092529296875 -7.75310850143432624
v -17.11720848083496094 -304.026092529296875 -7.38006925582885744
v -16.43416404724121096 -304.026092529296875 -7.20976734161376952
v -15.731924057006836 -304.026092529296875 -7.25887250900268556
v -15.07922840118408203 -304.026092529296875 -7.52257871627807616
v -14.53996753692626952 -304.026092529296875 -7.9750723838806152
v -14.16692829132080078 -304.026092529296875 -8.57206058502197264
v -13.99662590026855472 -304.026092529296875 -9.25510501861572264
v -13.99662590026855472 -305.6260986328125 -9.25510501861572264
v -14.16692829132080078 -305.6260986328125 -8.57206058502197264
v -14.53996753692626952 -305.6260986328125 -7.9750723838806152
v -15.07922840118408203 -305.6260986328125 -7.52257871627807616
v -15.731924057006836 -305.6260986328125 -7.25887250900268556
v -16.43416404724121096 -305.6260986328125 -7.20976734161376952
v -17.11720848083496094 -305.6260986328125 -7.38006925582885744
v -17.71419715881347656 -305.6260986328125 -7.75310850143432624
v -18.16669082641601562 -305.6260986328125 -8.29236984252929688
v -18.43039703369140624 -305.6260986328125 -8.94506549835205072
v -18.47950172424316408 -305.6260986328125 -9.64730548858642576
v -18.30920028686523436 -305.6260986328125 -10.3303499221801758
v -17.9361610412597656 -305.6260986328125 -10.92733764648437504
v -17.39690017700195312 -305.6260986328125 -11.37983131408691408
v -16.74420356750488288 -305.6260986328125 -11.64353752136230472
v -16.04196357727050781 -305.6260986328125 -11.69264316558837888
v -15.3589191436767578 -305.6260986328125 -11.5223407745361328
v -14.76193141937255856 -305.6260986328125 -11.14930152893066406
v -14.30943775177001952 -305.6260986328125 -10.6100406646728516
v -14.04573154449462891 -305.6260986328125 -9.9573450088500976
v -17.99193000793457024 -305.6260986328125 -9.04629325866699219
v -18.03121376037597656 -305.6260986328125 -9.60808563232421872
v -17.78096580505371088 -305.6260986328125 -8.52413654327392576
v -14.69516277313232424 -305.6260986328125 -10.37827396392822264
v -14.4841976165771484 -305.6260986328125 -9.85611724853515632
v -15.05715751647949219 -305.6260986328125 -10.809682846069336
v -17.41897010803222656 -305.6260986328125 -8.0927276611328125
v -15.53474807739257816 -305.6260986328125 -11.10811424255371094
v -16.08118438720703125 -305.6260986328125 -11.2443552017211914
v -16.64297676086425784 -305.6260986328125 -11.20507144927978516
v -16.94137954711914064 -305.6260986328125 -7.79429626464843744
v -16.39494514465332032 -305.6260986328125 -7.6580548286437988
v -15.83315181732177728 -305.6260986328125 -7.69733905792236328
v -17.16513252258300782 -305.6260986328125 -10.99410629272460944
v -17.59654045104980472 -305.6260986328125 -10.63211154937744144
v -15.31099510192871092 -305.6260986328125 -7.90830421447753904
v -14.8795862197875976 -305.6260986328125 -8.27029895782470704
v -17.89497184753417968 -305.6260986328125 -10.15452098846435546
v -14.58115482330322264 -305.6260986328125 -8.74788951873779296
v -14.44491386413574216 -305.6260986328125 -9.29432487487792968
v -18.03121376037597656 -304.30511474609375 -9.60808563232421872
v -17.89497184753417968 -304.30511474609375 -10.15452098846435546
v -17.59654045104980472 -304.30511474609375 -10.63211154937744144
v -17.16513252258300782 -304.30511474609375 -10.99410629272460944
v -16.64297676086425784 -304.30511474609375 -11.20507144927978516
v -16.08118438720703125 -304.30511474609375 -11.2443552017211914
v -15.53474807739257816 -304.30511474609375 -11.10811424255371094
v -15.05715751647949219 -304.30511474609375 -10.809682846069336
v -14.69516277313232424 -304.30511474609375 -10.37827396392822264
v -14.4841976165771484 -304.30511474609375 -9.85611724853515632
v -14.44491386413574216 -304.30511474609375 -9.29432487487792968
v -14.58115482330322264 -304.30511474609375 -8.74788951873779296
v -14.8795862197875976 -304.30511474609375 -8.27029895782470704
v -15.31099510192871092 -304.30511474609375 -7.90830421447753904
v -15.83315181732177728 -304.30511474609375 -7.69733905792236328
v -16.39494514465332032 -304.30511474609375 -7.6580548286437988
v -16.94137954711914064 -304.30511474609375 -7.79429626464843744
v -17.41897010803222656 -304.30511474609375 -8.0927276611328125
v -17.78096580505371088 -304.30511474609375 -8.52413654327392576
v -17.99193000793457024 -304.30511474609375 -9.04629325866699219
v -17.95649337768554688 -304.20965576171875 -9.60511970520019528
v -17.95680809020996096 -304.20965576171875 -9.60157585144042968
v -17.82621955871582032 -304.20965576171875 -10.1253366470336914
v -17.54017066955566408 -304.20965576171875 -10.58310985565185544
v -17.1266632080078125 -304.20965576171875 -10.93008327484130864
v -16.62617301940917968 -304.20965576171875 -11.1322946548461914
v -16.08769416809082031 -304.20965576171875 -11.16994857788085938
v -15.56393241882324216 -304.20965576171875 -11.03936004638671875
v -15.10615921020507812 -304.20965576171875 -10.75331211090087888
v -14.75918579101562496 -304.20965576171875 -10.33980464935302736
v -14.55697441101074216 -304.20965576171875 -9.83931541442871088
v -14.51901435852050784 -304.20965576171875 -9.3043794631958008
v -14.51932144165039064 -304.20965576171875 -9.30083465576171876
v -14.64990901947021488 -304.20965576171875 -8.77707386016845696
v -14.93595695495605472 -304.20965576171875 -8.31930065155029296
v -15.34946441650390624 -304.20965576171875 -7.97232723236083984
v -15.84995365142822272 -304.20965576171875 -7.7701163291931152
v -16.38843536376953128 -304.20965576171875 -7.73246192932128912
v -16.91219520568847664 -304.20965576171875 -7.86305046081542976
v -17.36996841430664064 -304.20965576171875 -8.14909839630126954
v -17.71694183349609376 -304.20965576171875 -8.56260585784912112
v -17.91915321350097664 -304.20965576171875 -9.0630950927734375
v 18.43039703369140624 -304.026092529296875 8.94506549835205072
v 18.16669082641601562 -304.026092529296875 8.29236984252929688
v 17.71419715881347656 -304.026092529296875 7.75310850143432624
v 17.11720848083496094 -304.026092529296875 7.38006925582885744
v 16.43416404724121096 -304.026092529296875 7.20976734161376952
v 15.731924057006836 -304.026092529296875 7.25887250900268556
v 15.07922840118408203 -304.026092529296875 7.52257871627807616
v 14.53996753692626952 -304.026092529296875 7.9750723838806152
v 14.16692829132080078 -304.026092529296875 8.57206058502197264
v 13.99662590026855472 -304.026092529296875 9.25510501861572264
v 14.04573154449462891 -304.026092529296875 9.9573450088500976
v 14.30943775177001952 -304.026092529296875 10.6100406646728516
v 14.76193141937255856 -304.026092529296875 11.14930152893066406
v 15.3589191436767578 -304.026092529296875 11.5223407745361328
v 16.04196357727050781 -304.026092529296875 11.69264316558837888
v 16.74420356750488288 -304.026092529296875 11.64353752136230472
v 17.39690017700195312 -304.026092529296875 11.37983131408691408
v 17.9361610412597656 -304.026092529296875 10.92733764648437504
v 18.30920028686523436 -304.026092529296875 10.3303499221801758
v 18.47950172424316408 -304.026092529296875 9.64730548858642576
v 18.47950172424316408 -305.6260986328125 9.64730548858642576
v 18.30920028686523436 -305.6260986328125 10.3303499221801758
v 17.9361610412597656 -305.6260986328125 10.92733764648437504
v 17.39690017700195312 -305.6260986328125 11.37983131408691408
v 16.74420356750488288 -305.6260986328125 11.64353752136230472
v 16.04196357727050781 -305.6260986328125 11.69264316558837888
v 15.3589191436767578 -305.6260986328125 11.5223407745361328
v 14.76193141937255856 -305.6260986328125 11.14930152893066406
v 14.30943775177001952 -305.6260986328125 10.6100406646728516
v 14.04573154449462891 -305.6260986328125 9.9573450088500976
v 13.99662590026855472 -305.6260986328125 9.25510501861572264
v 14.16692829132080078 -305.6260986328125 8.57206058502197264
v 14.53996753692626952 -305.6260986328125 7.9750723838806152
v 15.07922840118408203 -305.6260986328125 7.52257871627807616
v 15.731924057006836 -305.6260986328125 7.25887250900268556
v 16.43416404724121096 -305.6260986328125 7.20976734161376952
v 17.11720848083496094 -305.6260986328125 7.38006925582885744
v 17.71419715881347656 -305.6260986328125 7.75310850143432624
v 18.16669082641601562 -305.6260986328125 8.29236984252929688
v 18.43039703369140624 -305.6260986328125 8.94506549835205072
v 15.53474807739257816 -305.6260986328125 11.10811424255371094
v 15.05715751647949219 -305.6260986328125 10.809682846069336
v 16.08118438720703125 -305.6260986328125 11.2443552017211914
v 15.83315181732177728 -305.6260986328125 7.69733905792236328
v 16.39494514465332032 -305.6260986328125 7.6580548286437988
v 15.31099510192871092 -305.6260986328125 7.90830421447753904
v 14.69516277313232424 -305.6260986328125 10.37827396392822264
v 14.8795862197875976 -305.6260986328125 8.27029895782470704
v 14.58115482330322264 -305.6260986328125 8.74788951873779296
v 14.44491386413574216 -305.6260986328125 9.29432487487792968
v 16.64297676086425784 -305.6260986328125 11.20507144927978516
v 16.94137954711914064 -305.6260986328125 7.79429626464843744
v 17.41897010803222656 -305.6260986328125 8.0927276611328125
v 17.16513252258300782 -305.6260986328125 10.99410629272460944
v 17.59654045104980472 -305.6260986328125 10.63211154937744144
v 17.89497184753417968 -305.6260986328125 10.15452098846435546
v 17.78096580505371088 -305.6260986328125 8.52413654327392576
v 17.99193000793457024 -305.6260986328125 9.04629325866699219
v 14.4841976165771484 -305.6260986328125 9.85611724853515632
v 18.03121376037597656 -305.6260986328125 9.60808563232421872
v 14.44491386413574216 -304.3021240234375 9.29432487487792968
v 14.58115482330322264 -304.3021240234375 8.74788951873779296
v 14.8795862197875976 -304.3021240234375 8.27029895782470704
v 15.31099510192871092 -304.3021240234375 7.90830421447753904
v 15.83315181732177728 -304.3021240234375 7.69733905792236328
v 16.39494514465332032 -304.3021240234375 7.6580548286437988
v 16.94137954711914064 -304.3021240234375 7.79429626464843744
v 17.41897010803222656 -304.3021240234375 8.0927276611328125
v 17.78096580505371088 -304.3021240234375 8.52413654327392576
v 17.99193000793457024 -304.3021240234375 9.04629325866699219
v 18.03121376037597656 -304.3021240234375 9.60808563232421872
v 17.89497184753417968 -304.3021240234375 10.15452098846435546
v 17.59654045104980472 -304.3021240234375 10.63211154937744144
v 17.16513252258300782 -304.3021240234375 10.99410629272460944
v 16.64297676086425784 -304.3021240234375 11.20507144927978516
v 16.08118438720703125 -304.3021240234375 11.2443552017211914
v 15.53474807739257816 -304.3021240234375 11.10811424255371094
v 15.05715751647949219 -304.3021240234375 10.809682846069336
v 14.69516277313232424 -304.3021240234375 10.37827396392822264
v 14.4841976165771484 -304.3021240234375 9.85611724853515632
v 14.52257442474365232 -304.209014892578125 9.29755306243896484
v 14.52226161956787112 -304.209014892578125 9.30109214782714844
v 14.65262603759765624 -304.209014892578125 8.77822685241699216
v 14.93818473815917968 -304.209014892578125 8.32123756408691408
v 15.3509845733642578 -304.209014892578125 7.97485780715942384
v 15.85061836242675776 -304.209014892578125 7.77299261093139648
v 16.3881778717041016 -304.209014892578125 7.73540306091308592
v 16.91104125976562496 -304.209014892578125 7.86576795578002928
v 17.36803054809570312 -304.209014892578125 8.15132617950439454
v 17.7144107818603516 -304.209014892578125 8.56412601470947264
v 17.91627693176269536 -304.209014892578125 9.06375885009765625
v 17.95417213439941408 -304.209014892578125 9.5977792739868164
v 17.9538650512695312 -304.209014892578125 9.601318359375
v 17.82350158691406256 -304.209014892578125 10.12418365478515624
v 17.53794288635253904 -304.209014892578125 10.5811729431152344
v 17.12514305114746094 -304.209014892578125 10.92755317687988288
v 16.62550926208496096 -304.209014892578125 11.12941741943359376
v 16.08794975280761719 -304.209014892578125 11.1670074462890625
v 15.56508541107177736 -304.209014892578125 11.03664302825927734
v 15.10809612274169922 -304.209014892578125 10.75108432769775392
v 14.76171588897705072 -304.209014892578125 10.3382844924926758
v 14.55985164642333984 -304.209014892578125 9.83865070343017584
v -15.54018974304199216 -304.0728759765625 -9.97827434539794928
v -16.81314659118652336 -304.07122802734375 -10.08964347839355469
v -16.915273666381836 -304.07122802734375 -8.92232799530029296
v -15.64231681823730472 -304.0728759765625 -8.81095886230468752
v -15.8449010848999024 -304.101654052734375 -10.48982620239257816
v -16.14127349853515624 -304.101654052734375 -10.55752468109130856
v -16.44489860534667968 -304.101654052734375 -10.54231929779052736
v -16.51181602478027344 -304.03717041015625 -9.77745056152343744
v -15.19944286346435548 -304.101654052734375 -9.05804252624511719
v -15.131744384765625 -304.101654052734375 -9.35441493988037108
v -15.14694976806640624 -304.101654052734375 -9.65804004669189456
v -15.13143348693847656 -304.101654052734375 -9.35800743103027344
v -15.5637874603271484 -304.0574951171875 -9.69450855255126952
v -16.33485412597656248 -304.101654052734375 -8.34488582611083984
v -16.6312274932861328 -304.101654052734375 -8.41258430480957032
v -16.03122901916503906 -304.101654052734375 -8.36009120941162108
v -15.96431159973144528 -304.03717041015625 -9.12495994567871094
v -16.56431007385253904 -304.03717041015625 -9.17745304107666016
v -16.89163780212402336 -304.05584716796875 -9.20608997344970704
v -17.27668571472167968 -304.101654052734375 -9.8443679809570312
v -17.34406280517578124 -304.101654052734375 -9.55158710479736328
v -17.34438323974609376 -304.101654052734375 -9.54799556732177736
v -17.32917785644531248 -304.101654052734375 -9.24437046051025392
v -16.83914566040039056 -304.05584716796875 -9.8060884475708008
v -15.61628055572509768 -304.0574951171875 -9.09451103210449218
v -15.91181850433349616 -304.03717041015625 -9.72495746612548832
v -16.45473480224609376 -304.1292724609375 -9.26939773559570312
v -17.24166107177734376 -304.187530517578125 -9.33824443817138672
v -16.52358055114746096 -304.187530517578125 -8.48246955871582032
v -16.12510299682617188 -304.187530517578125 -8.44760704040527344
v -16.05625534057617188 -304.1292724609375 -9.23453521728515624
v -16.32522010803222656 -304.196014404296875 -8.45501041412353512
v -16.52269744873046872 -304.196014404296875 -8.49256896972656248
v -16.12421989440917968 -304.196014404296875 -8.4577064514160156
v -16.45473480224609376 -304.6260986328125 -9.26939773559570312
v -16.52269744873046872 -304.6260986328125 -8.49256896972656248
v -16.32522010803222656 -304.6260986328125 -8.45501041412353512
v -16.12421989440917968 -304.6260986328125 -8.4577064514160156
v -17.23156166076660156 -304.6260986328125 -9.33736133575439452
v -17.23156166076660156 -304.196014404296875 -9.33736133575439452
v -17.23425865173339844 -304.196014404296875 -9.53836059570312496
v -17.20679855346679688 -304.187530517578125 -9.73672294616699216
v -17.19670104980468752 -304.196014404296875 -9.73583889007568352
v -17.23425865173339844 -304.6260986328125 -9.53836059570312496
v -17.19670104980468752 -304.6260986328125 -9.73583889007568352
v -16.41987228393554688 -304.1292724609375 -9.66787528991699216
v -16.05625534057617188 -304.6260986328125 -9.23453521728515624
v -15.26932811737060548 -304.187530517578125 -9.16568756103515624
v -15.27942752838134764 -304.196014404296875 -9.16657161712646484
v -15.27942752838134764 -304.6260986328125 -9.16657161712646484
v -15.24186897277832032 -304.196014404296875 -9.36404991149902344
v -15.234466552734375 -304.187530517578125 -9.56416606903076168
v -15.2445650100708008 -304.196014404296875 -9.56504917144775392
v -15.24186897277832032 -304.6260986328125 -9.36404991149902344
v -15.2445650100708008 -304.6260986328125 -9.56504917144775392
v -16.02139472961425781 -304.1292724609375 -9.63301277160644528
v -16.02139472961425781 -304.6260986328125 -9.63301277160644528
v -15.95254611968994144 -304.187530517578125 -10.41994094848632816
v -15.95343017578124992 -304.196014404296875 -10.40984153747558592
v -15.95343017578124992 -304.6260986328125 -10.40984153747558592
v -16.15090751647949218 -304.6260986328125 -10.44740009307861328
v -16.41987228393554688 -304.6260986328125 -9.66787528991699216
v -16.35190773010253908 -304.6260986328125 -10.4447040557861328
v -16.15090751647949218 -304.196014404296875 -10.44740009307861328
v -16.35102462768554688 -304.187530517578125 -10.45480346679687504
v -16.35190773010253908 -304.196014404296875 -10.4447040557861328
v 16.93473434448242192 -304.07269287109375 8.9250507354736328
v 15.66397190093994144 -304.071075439453125 8.81387329101562496
v 15.56202220916748048 -304.071075439453125 9.97916507720947264
v 16.83278465270996096 -304.07269287109375 10.09034156799316406
v 16.6312274932861328 -304.101654052734375 8.41258430480957032
v 16.33485412597656248 -304.101654052734375 8.34488582611083984
v 16.03122901916503906 -304.101654052734375 8.36009120941162108
v 15.96431159973144528 -304.03717041015625 9.12495994567871094
v 17.27668571472167968 -304.101654052734375 9.8443679809570312
v 17.34438323974609376 -304.101654052734375 9.54799556732177736
v 17.32917785644531248 -304.101654052734375 9.24437046051025392
v 17.3446941375732422 -304.101654052734375 9.54440879821777344
v 16.91121673583984368 -304.057403564453125 9.20780277252197264
v 16.14127349853515624 -304.101654052734375 10.55752468109130856
v 15.8449010848999024 -304.101654052734375 10.48982620239257816
v 16.44489860534667968 -304.101654052734375 10.54231929779052736
v 16.51181602478027344 -304.03717041015625 9.77745056152343744
v 15.91181850433349616 -304.03717041015625 9.72495746612548832
v 15.58557796478271488 -304.0557861328125 9.6964149475097656
v 15.19944286346435548 -304.101654052734375 9.05804252624511719
v 15.1320638656616211 -304.101654052734375 9.3508291244506836
v 15.131744384765625 -304.101654052734375 9.35441493988037108
v 15.14694976806640624 -304.101654052734375 9.65804004669189456
v 15.63807106018066408 -304.0557861328125 9.09641742706298828
v 16.85872459411621088 -304.057403564453125 9.8078012466430664
v 16.56431007385253904 -304.03717041015625 9.17745304107666016
v 16.02139472961425781 -304.1292724609375 9.63301277160644528
v 15.2344655990600586 -304.187530517578125 9.56416606903076168
v 15.95254611968994144 -304.187530517578125 10.41994094848632816
v 16.35102462768554688 -304.187530517578125 10.45480346679687504
v 16.41987228393554688 -304.1292724609375 9.66787528991699216
v 16.15090751647949218 -304.196014404296875 10.44740009307861328
v 15.95343017578124992 -304.196014404296875 10.40984153747558592
v 16.35190773010253908 -304.196014404296875 10.4447040557861328
v 16.02139472961425781 -304.6260986328125 9.63301277160644528
v 15.95343017578124992 -304.6260986328125 10.40984153747558592
v 16.15090751647949218 -304.6260986328125 10.44740009307861328
v 16.35190773010253908 -304.6260986328125 10.4447040557861328
v 15.2445650100708008 -304.6260986328125 9.56504917144775392
v 15.2445650100708008 -304.196014404296875 9.56504917144775392
v 15.26932811737060548 -304.187530517578125 9.16568756103515624
v 15.24186897277832032 -304.196014404296875 9.36404991149902344
v 15.27942752838134764 -304.196014404296875 9.16657161712646484
v 15.24186897277832032 -304.6260986328125 9.36404991149902344
v 15.27942752838134764 -304.6260986328125 9.16657161712646484
v 16.05625534057617188 -304.1292724609375 9.23453521728515624
v 16.41987228393554688 -304.6260986328125 9.66787528991699216
v 17.20679855346679688 -304.187530517578125 9.73672294616699216
v 17.19670104980468752 -304.196014404296875 9.73583889007568352
v 17.19670104980468752 -304.6260986328125 9.73583889007568352
v 17.23425865173339844 -304.196014404296875 9.53836059570312496
v 17.24166107177734376 -304.187530517578125 9.33824443817138672
v 17.23156166076660156 -304.196014404296875 9.33736133575439452
v 17.23156166076660156 -304.6260986328125 9.33736133575439452
v 17.23425865173339844 -304.6260986328125 9.53836059570312496
v 16.45473480224609376 -304.1292724609375 9.26939773559570312
v 16.45473480224609376 -304.6260986328125 9.26939773559570312
v 16.52358055114746096 -304.187530517578125 8.48246955871582032
v 16.52269744873046872 -304.196014404296875 8.49256896972656248
v 16.52269744873046872 -304.6260986328125 8.49256896972656248
v 16.32522010803222656 -304.6260986328125 8.45501041412353512
v 16.05625534057617188 -304.6260986328125 9.23453521728515624
v 16.12421989440917968 -304.6260986328125 8.4577064514160156
v 16.32522010803222656 -304.196014404296875 8.45501041412353512
v 16.12510299682617188 -304.187530517578125 8.44760704040527344
v 16.12421989440917968 -304.196014404296875 8.4577064514160156
v 17.53450393676757816 -30.6739540100097656 319.611328125
v 17.17959022521972656 -31.95915794372558592 321.113983154296875
v 17.25221061706542968 -31.69618225097656248 320.53536987304687504
v 17.71985816955566408 -30.00275421142578125 319.40664672851562496
v 17.14885711669921876 -32.07044219970703125 322.0474853515625
v 17.14755630493164062 -32.07516098022460938 321.82809448242187504
v 17.41170501708984376 -31.11862945556640624 323.87677001953124992
v 17.28049468994140624 -31.59376144409179688 323.38211059570312496
v 17.37843322753906248 -31.23911285400390624 319.98834228515624992
v 17.17401885986328124 -31.97933006286621088 322.58209228515625
v 17.49971199035644528 -30.79994392395019536 324.087982177734375
v 18.47830581665039064 -27.25629615783691408 321.91232299804687504
v 18.37709999084472656 -27.62277412414550784 323.20770263671875
v 18.25282859802246092 -28.07278251647949219 323.7578125
v 17.64906692504882816 -30.25910186767578124 319.45901489257812496
v 17.17401885986328124 -31.97933006286621088 321.182098388671875
v 17.18602561950683592 -31.93585014343261712 322.721435546875
v 18.44809913635253904 -27.36567497253417968 322.6273193359375
v 17.9766864776611328 -29.0727386474609375 324.30517578125
v 18.08575820922851562 -28.67777061462402344 319.60195922851562496
v 18.2436199188232422 -28.10613250732421876 319.9764404296875
v 17.57512092590332032 -30.52687263488769528 324.21710205078125
v 17.91497611999511712 -29.29620361328125 324.352508544921875
v 17.77866363525390624 -29.78981208801269536 324.3787841796875
v 18.0981597900390625 -28.63286590576171872 324.140716552734375
v 18.37578582763671872 -27.62753677368164064 320.54864501953125
v 17.8128776550292968 -29.66592025756835936 319.38211059570312496
v 17.64906692504882816 -30.25910186767578124 324.30517578125
v 18.47835350036621096 -27.25611877441406248 321.88211059570312496
v 18.45150756835937504 -27.3533344268798828 321.179168701171875
v 17.9058952331542968 -29.32908630371093752 319.40664672851562496
v 17.9766864776611328 -29.0727386474609375 319.45901489257812496
v 5.43480491638183592 -25.12661933898925782 321.88211059570312496
v 4.07458353042602539 -23.6063232421875 321.88211059570312496
v 4.15167665481567382 -23.54263305664062496 321.182098388671875
v 8.95503616333007808 -21.71810531616210936 322.58209228515625
v 9.02687740325927734 -21.64854240417480472 321.88211059570312496
v 7.92924690246582032 -20.42174148559570312 321.88211059570312496
v -1.77619433403015136 -9.17033958435058594 321.88211059570312496
v -1.67651116847991944 -9.16238594055175782 321.182098388671875
v -1.46035444736480712 -11.01955127716064453 321.182098388671875
v 3.10827994346618652 -8.78058052062988288 322.58209228515625
v 3.28422141075134276 -10.29222679138183592 322.58209228515625
v 3.38306665420532224 -10.27707481384277344 321.88211059570312496
v 11.8258733749389648 -29.9483661651611328 321.88211059570312496
v 10.11809539794921876 -28.94918823242187504 321.88211059570312496
v 10.17185497283935546 -28.8648681640625 321.182098388671875
v 7.23084115982055664 -23.38758087158203128 319.38211059570312496
v 6.00191497802734375 -22.01403236389160156 319.38211059570312496
v 6.47633552551269528 -21.62208366394042968 319.45901489257812496
v 8.472294807434082 -27.80806732177734368 321.88211059570312496
v 6.90572452545166016 -26.53096961975097656 321.88211059570312496
v 6.97188663482666016 -26.45598602294921872 321.182098388671875
v 5.79401254653930672 -24.7788124084472656 320.38211059570312496
v 4.46004962921142576 -23.28786468505859376 320.38211059570312496
v 4.734628677368164 -23.06101799011230469 319.99853515625
v 5.50664663314819336 -25.05705833435058594 321.182098388671875
v 4.26948213577270508 -23.44530487060546872 320.78659057617187504
v 5.616426944732666 -24.95076179504394528 320.78659057617187504
v 7.07298851013183594 -26.34140396118164064 320.78659057617187504
v 7.23653554916381836 -26.1560516357421875 320.38211059570312496
v 6.04988622665405273 -24.53105926513671872 319.99853515625
v 6.38564777374267576 -24.20595169067382812 319.67620849609375
v 5.09493541717529296 -22.76334571838378912 319.67620849609375
v 5.5274949073791504 -22.40598106384277344 319.45901489257812496
v 6.78874015808105472 -23.81565284729003904 319.45901489257812496
v 7.78140068054199216 -25.53853797912597656 319.67620849609375
v 7.47218179702758792 -25.88898658752441408 319.99853515625
v 8.15262794494628906 -25.11781501770019532 319.45901489257812496
v 8.77286338806152336 -27.40849304199218752 320.38211059570312496
v 8.5324087142944336 -27.7281513214111328 321.182098388671875
v 8.624267578125 -27.60603523254394528 320.78659057617187504
v 10.25400352478027344 -28.73601913452148432 320.78659057617187504
v 10.38689231872558592 -28.5275859832763672 320.38211059570312496
v 8.98696708679199216 -27.12386703491210938 319.99853515625
v 9.26791763305664064 -26.7503738403320312 319.67620849609375
v 9.60520648956298832 -26.30198478698730468 319.45901489257812496
v 8.55978012084960936 -24.6563777923583984 319.38211059570312496
v 10.82961559295654304 -27.83318138122558592 319.67620849609375
v 10.5783634185791016 -28.2272663116455078 319.99853515625
v 11.13125038146972656 -27.36007118225097656 319.45901489257812496
v 9.97513675689697264 -25.81020164489746096 319.38211059570312496
v 8.96693229675292976 -24.19493865966796876 319.45901489257812496
v 8.66767024993896488 -21.99635124206542976 320.38211059570312496
v 7.54378080368041992 -20.74020004272460944 320.38211059570312496
v 7.73434829711914064 -20.5827598571777344 320.78659057617187504
v 7.6729426383972168 -22.95951080322265632 319.45901489257812496
v 8.0760345458984375 -22.5692100524902344 319.67620849609375
v 6.9088950157165528 -21.26471900939941408 319.67620849609375
v 7.26920175552368164 -20.9670467376708984 319.99853515625
v 8.41179656982421872 -22.24410438537597656 319.99853515625
v 9.33815860748291016 -23.77421569824218752 319.67620849609375
v 9.64737796783447264 -23.42376708984375 319.99853515625
v 9.88302421569824224 -23.15670204162597656 320.38211059570312496
v 8.84525585174560544 -21.82439994812011712 320.78659057617187504
v 8.95503616333007808 -21.71810531616210936 321.182098388671875
v 7.85215377807617184 -20.48543167114257816 321.182098388671875
v 10.1476736068725586 -22.85676765441894528 321.182098388671875
v 10.04657173156738281 -22.97134971618652336 320.78659057617187504
v 11.17741107940673828 -24.21191024780273436 320.38211059570312496
v 11.46207714080810544 -26.841176986694336 319.38211059570312496
v 10.34506702423095704 -25.31842041015625 319.45901489257812496
v 10.68235683441162112 -24.87002944946289056 319.67620849609375
v 10.9633073806762696 -24.49653625488281248 319.99853515625
v 12.09453868865966796 -25.84917068481445312 319.67620849609375
v 11.792902946472168 -26.32228088378906248 319.45901489257812496
v 12.34579086303710936 -25.45508575439453128 319.99853515625
v 12.53726196289062496 -25.15476608276367188 320.38211059570312496
v 11.32600688934326172 -24.01436805725097656 320.78659057617187504
v 11.41786575317382816 -23.89225196838378912 321.182098388671875
v 10.2138357162475586 -22.78178405761718752 321.88211059570312496
v 12.75229835510253904 -24.81748390197753904 321.182098388671875
v 11.47797966003417968 -23.81233596801757808 321.88211059570312496
v 12.67014980316162112 -24.94633483886718752 320.78659057617187504
v 13.00501155853271484 -27.74390983581542976 319.38211059570312496
v 13.57809352874755856 -30.80242156982421872 321.88211059570312496
v 13.61849403381347656 -30.71094512939453128 321.182098388671875
v 15.3909921646118164 -31.41665458679199216 321.182098388671875
v 12.06170082092285156 -29.50747489929199216 320.38211059570312496
v 11.8730392456054688 -29.86018753051757808 321.182098388671875
v 11.94511222839355472 -29.72544479370117184 320.78659057617187504
v 13.68022823333740232 -30.5711612701416016 320.78659057617187504
v 13.78009414672851568 -30.34504127502441408 320.38211059570312496
v 12.22968769073486328 -29.19341468811035156 319.99853515625
v 13.92398548126220704 -30.01923751831054687 319.99853515625
v 12.45012283325195312 -28.78130149841308592 319.67620849609375
v 12.71476173400878904 -28.28654479980468752 319.45901489257812496
v 14.33948135375976564 -29.07845306396484375 319.45901489257812496
v 14.11280155181884766 -29.59171104431152344 319.67620849609375
v 14.58809757232666016 -28.51552581787109376 319.38211059570312496
v 15.6445341110229492 -30.70426368713378904 319.99853515625
v 15.44222927093505856 -31.27269172668457032 320.78659057617187504
v 15.52511215209960936 -31.0398101806640625 320.38211059570312496
v 15.9893741607666016 -29.7353496551513672 319.45901489257812496
v 15.80124187469482416 -30.26395416259765624 319.67620849609375
v 16.19571304321289064 -29.15558815002441406 319.38211059570312496
v 14.83671474456787104 -27.95259666442871088 319.45901489257812496
v 16.40205192565917968 -28.57582664489746096 319.45901489257812496
v 13.94832134246826176 -25.9803428649902344 320.38211059570312496
v 13.2952604293823242 -27.20127296447753908 319.45901489257812496
v 13.55989933013916016 -26.70651626586914064 319.67620849609375
v 13.78033447265624992 -26.294403076171875 319.99853515625
v 15.06339454650878906 -27.43933868408203128 319.67620849609375
v 15.25221061706542968 -27.01181221008300781 319.99853515625
v 15.39610195159912112 -26.68600845336914064 320.38211059570312496
v 14.064910888671875 -25.76237297058105472 320.78659057617187504
v 14.13698387145996094 -25.6276302337646484 321.182098388671875
v 12.80605792999267584 -24.733163833618164 321.88211059570312496
v 15.55770206451416016 -26.32010650634765624 321.182098388671875
v 14.18414878845214844 -25.53945159912109376 321.88211059570312496
v 15.495966911315918 -26.45988845825195312 320.78659057617187504
v 16.94919776916503904 -27.03848457336425781 320.78659057617187504
v 16.74689102172851568 -27.60691261291503904 319.99853515625
v 16.59018325805664064 -28.04722213745117188 319.67620849609375
v 16.86631393432617184 -27.27136611938476564 320.38211059570312496
v 15.59810256958007816 -26.22863006591796876 321.88211059570312496
v 17.03396415710449219 -26.80031013488769536 321.88211059570312496
v 17.00043296813964843 -26.894521713256836 321.182098388671875
v 6.78874015808105472 -23.81565284729003904 324.30517578125
v 7.23084115982055664 -23.38758087158203128 324.38211059570312496
v 6.00191497802734375 -22.01403236389160156 324.38211059570312496
v 14.13698387145996094 -25.6276302337646484 322.58209228515625
v 8.41179656982421872 -22.24410438537597656 323.76565551757812496
v 8.66767024993896488 -21.99635124206542976 323.38211059570312496
v 7.54378080368041992 -20.74020004272460944 323.38211059570312496
v 11.41786575317382816 -23.89225196838378912 322.58209228515625
v 8.84525585174560544 -21.82439994812011712 322.97760009765624992
v 7.85215377807617184 -20.48543167114257816 322.58209228515625
v 10.1476736068725586 -22.85676765441894528 322.58209228515625
v 10.04657173156738281 -22.97134971618652336 322.97760009765624992
v 7.73434829711914064 -20.5827598571777344 322.97760009765624992
v 9.88302421569824224 -23.15670204162597656 323.38211059570312496
v 11.32600688934326172 -24.01436805725097656 322.97760009765624992
v 12.75229835510253904 -24.81748390197753904 322.58209228515625
v 12.67014980316162112 -24.94633483886718752 322.97760009765624992
v 11.17741107940673828 -24.21191024780273436 323.38211059570312496
v 12.53726196289062496 -25.15476608276367188 323.38211059570312496
v 10.9633073806762696 -24.49653625488281248 323.76565551757812496
v 7.6729426383972168 -22.95951080322265632 324.30517578125
v 8.0760345458984375 -22.5692100524902344 324.087982177734375
v 6.9088950157165528 -21.26471900939941408 324.087982177734375
v 9.64737796783447264 -23.42376708984375 323.76565551757812496
v 7.26920175552368164 -20.9670467376708984 323.76565551757812496
v 9.33815860748291016 -23.77421569824218752 324.087982177734375
v 8.96693229675292976 -24.19493865966796876 324.30517578125
v 6.47633552551269528 -21.62208366394042968 324.30517578125
v 8.55978012084960936 -24.6563777923583984 324.38211059570312496
v 10.34506702423095704 -25.31842041015625 324.30517578125
v 10.68235683441162112 -24.87002944946289056 324.087982177734375
v 12.34579086303710936 -25.45508575439453128 323.76565551757812496
v 12.09453868865966796 -25.84917068481445312 324.087982177734375
v 11.792902946472168 -26.32228088378906248 324.30517578125
v 9.97513675689697264 -25.81020164489746096 324.38211059570312496
v 11.46207714080810544 -26.841176986694336 324.38211059570312496
v 13.78033447265624992 -26.294403076171875 323.76565551757812496
v 13.94832134246826176 -25.9803428649902344 323.38211059570312496
v 15.55770206451416016 -26.32010650634765624 322.58209228515625
v 17.00043296813964843 -26.894521713256836 322.58209228515625
v 14.064910888671875 -25.76237297058105472 322.97760009765624992
v 15.495966911315918 -26.45988845825195312 322.97760009765624992
v 15.39610195159912112 -26.68600845336914064 323.38211059570312496
v 16.94919776916503904 -27.03848457336425781 322.97760009765624992
v 16.86631393432617184 -27.27136611938476564 323.38211059570312496
v 15.25221061706542968 -27.01181221008300781 323.76565551757812496
v 16.74689102172851568 -27.60691261291503904 323.76565551757812496
v 13.2952604293823242 -27.20127296447753908 324.30517578125
v 13.55989933013916016 -26.70651626586914064 324.087982177734375
v 15.06339454650878906 -27.43933868408203128 324.087982177734375
v 14.83671474456787104 -27.95259666442871088 324.30517578125
v 13.00501155853271484 -27.74390983581542976 324.38211059570312496
v 14.58809757232666016 -28.51552581787109376 324.38211059570312496
v 16.40205192565917968 -28.57582664489746096 324.30517578125
v 16.59018325805664064 -28.04722213745117188 324.087982177734375
v 16.19571304321289064 -29.15558815002441406 324.38211059570312496
v 12.71476173400878904 -28.28654479980468752 324.30517578125
v 5.616426944732666 -24.95076179504394528 322.97760009765624992
v 5.79401254653930672 -24.7788124084472656 323.38211059570312496
v 4.46004962921142576 -23.28786468505859376 323.38211059570312496
v 9.60520648956298832 -26.30198478698730468 324.30517578125
v 6.04988622665405273 -24.53105926513671872 323.76565551757812496
v 6.38564777374267576 -24.20595169067382812 324.087982177734375
v 5.09493541717529296 -22.76334571838378912 324.087982177734375
v 8.15262794494628906 -25.11781501770019532 324.30517578125
v 5.5274949073791504 -22.40598106384277344 324.30517578125
v 7.78140068054199216 -25.53853797912597656 324.087982177734375
v 7.47218179702758792 -25.88898658752441408 323.76565551757812496
v 4.734628677368164 -23.06101799011230469 323.76565551757812496
v 7.23653554916381836 -26.1560516357421875 323.38211059570312496
v 8.98696708679199216 -27.12386703491210938 323.76565551757812496
v 9.26791763305664064 -26.7503738403320312 324.087982177734375
v 11.13125038146972656 -27.36007118225097656 324.30517578125
v 10.82961559295654304 -27.83318138122558592 324.087982177734375
v 10.5783634185791016 -28.2272663116455078 323.76565551757812496
v 8.77286338806152336 -27.40849304199218752 323.38211059570312496
v 10.38689231872558592 -28.5275859832763672 323.38211059570312496
v 8.624267578125 -27.60603523254394528 322.97760009765624992
v 5.50664663314819336 -25.05705833435058594 322.58209228515625
v 4.15167665481567382 -23.54263305664062496 322.58209228515625
v 7.07298851013183594 -26.34140396118164064 322.97760009765624992
v 4.26948213577270508 -23.44530487060546872 322.97760009765624992
v 6.97188663482666016 -26.45598602294921872 322.58209228515625
v 8.5324087142944336 -27.7281513214111328 322.58209228515625
v 10.25400352478027344 -28.73601913452148432 322.97760009765624992
v 10.17185497283935546 -28.8648681640625 322.58209228515625
v 11.94511222839355472 -29.72544479370117184 322.97760009765624992
v 12.06170082092285156 -29.50747489929199216 323.38211059570312496
v 14.33948135375976564 -29.07845306396484375 324.30517578125
v 15.9893741607666016 -29.7353496551513672 324.30517578125
v 12.22968769073486328 -29.19341468811035156 323.76565551757812496
v 12.45012283325195312 -28.78130149841308592 324.087982177734375
v 14.11280155181884766 -29.59171104431152344 324.087982177734375
v 13.92398548126220704 -30.01923751831054687 323.76565551757812496
v 13.78009414672851568 -30.34504127502441408 323.38211059570312496
v 15.6445341110229492 -30.70426368713378904 323.76565551757812496
v 15.80124187469482416 -30.26395416259765624 324.087982177734375
v 15.52511215209960936 -31.0398101806640625 323.38211059570312496
v 13.68022823333740232 -30.5711612701416016 322.97760009765624992
v 15.44222927093505856 -31.27269172668457032 322.97760009765624992
v 11.8730392456054688 -29.86018753051757808 322.58209228515625
v 13.61849403381347656 -30.71094512939453128 322.58209228515625
v 15.35746192932128908 -31.5108661651611328 321.88211059570312496
v 15.3909921646118164 -31.41665458679199216 322.58209228515625
v 5.17928123474121094 -16.34098243713378908 322.58209228515625
v 5.2691025733947754 -16.2970256805419922 321.88211059570312496
v 4.61538791656494144 -14.81906318664550784 321.88211059570312496
v 0.71588438749313352 -8.97148323059082032 324.38211059570312496
v -0.05421029403805733 -9.03293323516845703 324.259735107421875
v 0.30365449190139772 -10.749135971069336 324.30517578125
v 3.57611346244812008 -11.81742382049560544 322.58209228515625
v 3.98809933662414544 -13.34327888488769532 322.58209228515625
v 4.08359289169311523 -13.3135976791381836 321.88211059570312496
v 2.73201823234558112 -8.8106050491333008 323.3515625
v 2.18069148063659668 -8.85459804534912112 323.90463256835937504
v 2.53678822517395016 -10.4068050384521484 323.76565551757812496
v 3.67356896400451664 -11.79500865936279296 321.88211059570312496
v 3.13317680358886718 -10.31538105010986328 322.97760009765624992
v 3.08599209785461426 -8.78235912322998048 322.65463256835937504
v 2.88883996009826656 -10.35283756256103516 323.38211059570312496
v 3.42719292640686032 -11.8516769409179688 322.97760009765624992
v 3.1862919330596924 -11.90708541870117184 323.38211059570312496
v 2.8391907215118408 -11.98692131042480464 323.76565551757812496
v 2.07481956481933594 -10.47762298583984376 324.087982177734375
v 1.888627290725708 -8.87790393829345696 324.087982177734375
v 1.48597896099090576 -8.91003322601318352 324.259735107421875
v 0.91193348169326784 -10.6558895111083984 324.38211059570312496
v 1.5202124118804932 -10.56264209747314456 324.30517578125
v 1.8369100093841552 -12.21745300292968752 324.30517578125
v 2.38371849060058592 -12.09168338775634766 324.087982177734375
v 1.23718476295471192 -12.35539436340332032 324.38211059570312496
v 3.26601123809814452 -13.56771945953369144 323.76565551757812496
v 3.60612511634826664 -13.46200466156005856 323.38211059570312496
v 4.52243900299072264 -14.855947494506836 322.58209228515625
v 3.8421766757965088 -13.38863468170166016 322.97760009765624992
v 4.38040447235107424 -14.91231060028076176 322.97760009765624992
v 4.15064239501953124 -15.00348663330078125 323.38211059570312496
v 3.81959104537963872 -15.1348562240600586 323.76565551757812496
v 2.28390717506408692 -13.87297821044921872 324.30517578125
v 2.8197078704833984 -13.70643997192382816 324.087982177734375
v 1.69625461101531984 -14.05563259124755859 324.38211059570312496
v 2.86365556716918944 -15.51419639587402344 324.30517578125
v 3.38517975807189944 -15.30724143981933592 324.087982177734375
v 2.29166150093078612 -15.74117851257324224 324.38211059570312496
v 0.63745939731597904 -12.49333572387695312 324.30517578125
v 1.10860204696655274 -14.23828697204589844 324.30517578125
v -1.30930995941162108 -10.99639701843261712 322.97760009765624992
v -1.06497311592102051 -10.95894050598144528 323.38211059570312496
v -1.30024957656860352 -9.13236141204833984 323.3515625
v -0.2509527802467346 -10.83415508270263664 324.087982177734375
v -0.45685854554176328 -9.06506252288818359 324.087982177734375
v -0.7489227056503296 -9.08836841583251953 323.90463256835937504
v -0.71292126178741456 -10.904973030090332 323.76565551757812496
v -0.36482131481170656 -12.723867416381836 323.76565551757812496
v 0.09065098315477372 -12.61910533905029296 324.087982177734375
v -0.71192264556884768 -12.8037033081054688 323.38211059570312496
v -0.95282351970672608 -12.85911178588867184 322.97760009765624992
v -1.55919981002807616 -11.03470420837402344 321.88211059570312496
v -1.46035444736480712 -11.01955127716064453 322.58209228515625
v -1.524186372756958 -9.15023040771484376 322.97760009765624992
v -1.6542233228683472 -9.16060733795166016 322.65463256835937504
v -1.19919943809509276 -12.91578006744384768 321.88211059570312496
v -1.10174405574798584 -12.8933649063110352 322.58209228515625
v -0.44966745376586912 -14.72263050079345696 322.97760009765624992
v -0.21361601352691652 -14.64926052093505856 323.38211059570312496
v 1.71966731548309328 -15.96816062927246096 324.30517578125
v 0.12649792432785034 -14.54354572296142576 323.76565551757812496
v 0.5728012919425964 -14.40482521057128904 324.087982177734375
v 0.7637317776679992 -16.34749984741210936 323.76565551757812496
v 1.19814312458038332 -16.17511367797851562 324.087982177734375
v 0.43268036842346192 -16.47887039184570312 323.38211059570312496
v 0.2029186487197876 -16.57004547119140624 322.97760009765624992
v -0.6910836696624756 -14.7976675033569336 321.88211059570312496
v -0.59559011459350584 -14.76798629760742192 322.58209228515625
v -0.03206492215394974 -16.66329193115234376 321.88211059570312496
v 0.06088413298130035 -16.6264076232910156 322.58209228515625
v 2.47082591056823728 -17.66642951965332032 324.30517578125
v 3.02357196807861328 -17.3959312438964844 324.38211059570312496
v 6.84970664978027344 -19.1697845458984375 322.58209228515625
v 6.93157339096069328 -19.11235809326171876 321.88211059570312496
v 6.04263496398925781 -17.7329044342041016 321.88211059570312496
v 4.50008535385131832 -16.67336273193359376 323.76565551757812496
v 4.81999635696411136 -16.51680755615234376 323.38211059570312496
v 5.95651483535766608 -17.78373146057128912 322.58209228515625
v 5.04202651977539062 -16.40815162658691408 322.97760009765624992
v 5.82491540908813472 -17.86139869689941408 322.97760009765624992
v 5.6120343208312988 -17.98703575134277344 323.38211059570312496
v 5.30530500411987304 -18.16806221008300782 323.76565551757812496
v 3.57631802558898928 -17.12543106079101562 324.30517578125
v 4.0802922248840332 -16.87879943847656256 324.087982177734375
v 4.41960191726684568 -18.69078636169433592 324.30517578125
v 4.90280961990356448 -18.40560722351074216 324.087982177734375
v 3.88963174819946288 -19.00356483459472656 324.38211059570312496
v 6.23065853118896484 -19.60402488708496096 323.76565551757812496
v 6.52223920822143552 -19.39949035644531248 323.38211059570312496
v 6.72460651397705072 -19.257537841796875 322.97760009765624992
v 5.38869857788085936 -20.19462966918945312 324.30517578125
v 5.8480420112609864 -19.87241744995117184 324.087982177734375
v 4.88490247726440432 -20.54802513122558592 324.38211059570312496
v 4.38110685348510744 -20.90141868591308592 324.30517578125
v 1.00511717796325683 -18.38371086120605472 322.97760009765624992
v 1.2271472215652466 -18.275054931640625 323.38211059570312496
v 3.35966181755065916 -19.3163433074951172 324.30517578125
v 1.54705846309661864 -18.11849784851074218 323.76565551757812496
v 1.96685147285461424 -17.91306304931640624 324.087982177734375
v 2.47395849227905272 -19.83906745910644528 323.76565551757812496
v 2.87645387649536128 -19.60152244567871096 324.087982177734375
v 2.16722917556762696 -20.02009391784667968 323.38211059570312496
v 1.95434796810150144 -20.14573097229003906 322.97760009765624992
v 0.77804100513458256 -18.49483489990234376 321.88211059570312496
v 0.86786222457885744 -18.45087814331054688 322.58209228515625
v 1.73662865161895744 -20.27422523498535156 321.88211059570312496
v 1.82274878025054928 -20.22339820861816408 322.58209228515625
v 3.04519867897033691 -21.8385124206542968 322.97760009765624992
v 3.24756598472595216 -21.69655799865722656 323.38211059570312496
v 3.53914666175842288 -21.49202537536621096 323.76565551757812496
v 3.92176342010498048 -21.2236328125 324.087982177734375
v 2.83823204040527344 -21.98369216918945312 321.88211059570312496
v 2.92009878158569328 -21.9262638092041016 322.58209228515625
v 0.71588438749313352 -8.97148323059082032 319.38211059570312496
v 1.48597896099090576 -8.91003322601318352 319.50445556640625
v 1.5202124118804932 -10.56264209747314456 319.45901489257812496
v 0.06088413298130035 -16.6264076232910156 321.182098388671875
v -1.30024957656860352 -9.13236141204833984 320.41262817382812496
v -0.7489227056503296 -9.08836841583251953 319.85955810546875008
v -0.71292126178741456 -10.904973030090332 319.99853515625
v -1.10174405574798584 -12.8933649063110352 321.182098388671875
v -1.30930995941162108 -10.99639701843261712 320.78659057617187504
v -1.6542233228683472 -9.16060733795166016 321.10955810546875
v -0.95282351970672608 -12.85911178588867184 320.78659057617187504
v -1.524186372756958 -9.15023040771484376 320.78659057617187504
v -1.06497311592102051 -10.95894050598144528 320.38211059570312496
v -0.71192264556884768 -12.8037033081054688 320.38211059570312496
v -0.59559011459350584 -14.76798629760742192 321.182098388671875
v -0.44966745376586912 -14.72263050079345696 320.78659057617187504
v 0.2029186487197876 -16.57004547119140624 320.78659057617187504
v -0.21361601352691652 -14.64926052093505856 320.38211059570312496
v -0.36482131481170656 -12.723867416381836 319.99853515625
v -0.2509527802467346 -10.83415508270263664 319.67620849609375
v -0.45685854554176328 -9.06506252288818359 319.67620849609375
v -0.05421029403805733 -9.03293323516845703 319.50445556640625
v 0.09065098315477372 -12.61910533905029296 319.67620849609375
v 0.30365449190139772 -10.749135971069336 319.45901489257812496
v 0.63745939731597904 -12.49333572387695312 319.45901489257812496
v 0.91193348169326784 -10.6558895111083984 319.38211059570312496
v 1.23718476295471192 -12.35539436340332032 319.38211059570312496
v 1.10860204696655274 -14.23828697204589844 319.45901489257812496
v 0.43268036842346192 -16.47887039184570312 320.38211059570312496
v 0.12649792432785034 -14.54354572296142576 319.99853515625
v 0.7637317776679992 -16.34749984741210936 319.99853515625
v 0.5728012919425964 -14.40482521057128904 319.67620849609375
v 1.19814312458038332 -16.17511367797851562 319.67620849609375
v 1.69625461101531984 -14.05563259124755859 319.38211059570312496
v 1.71966731548309328 -15.96816062927246096 319.45901489257812496
v 1.2271472215652466 -18.275054931640625 320.38211059570312496
v 1.82274878025054928 -20.22339820861816408 321.182098388671875
v 0.86786222457885744 -18.45087814331054688 321.182098388671875
v 1.00511717796325683 -18.38371086120605472 320.78659057617187504
v 1.95434796810150144 -20.14573097229003906 320.78659057617187504
v 2.92009878158569328 -21.9262638092041016 321.182098388671875
v 3.04519867897033691 -21.8385124206542968 320.78659057617187504
v 2.16722917556762696 -20.02009391784667968 320.38211059570312496
v 3.24756598472595216 -21.69655799865722656 320.38211059570312496
v 2.47395849227905272 -19.83906745910644528 319.99853515625
v 1.96685147285461424 -17.91306304931640624 319.67620849609375
v 1.54705846309661864 -18.11849784851074218 319.99853515625
v 2.87645387649536128 -19.60152244567871096 319.67620849609375
v 2.47082591056823728 -17.66642951965332032 319.45901489257812496
v 2.29166150093078612 -15.74117851257324224 319.38211059570312496
v 3.35966181755065916 -19.3163433074951172 319.45901489257812496
v 3.02357196807861328 -17.3959312438964844 319.38211059570312496
v 3.92176342010498048 -21.2236328125 319.67620849609375
v 3.53914666175842288 -21.49202537536621096 319.99853515625
v 4.38110685348510744 -20.90141868591308592 319.45901489257812496
v 3.88963174819946288 -19.00356483459472656 319.38211059570312496
v 4.88490247726440432 -20.54802513122558592 319.38211059570312496
v 2.86365556716918944 -15.51419639587402344 319.45901489257812496
v 2.73201823234558112 -8.8106050491333008 320.41262817382812496
v 2.95595502853393552 -8.79273509979248048 320.78659057617187504
v 3.13317680358886718 -10.31538105010986328 320.78659057617187504
v 1.8369100093841552 -12.21745300292968752 319.45901489257812496
v 2.28390717506408692 -13.87297821044921872 319.45901489257812496
v 2.07481956481933594 -10.47762298583984376 319.67620849609375
v 1.888627290725708 -8.87790393829345696 319.67620849609375
v 2.18069148063659668 -8.85459804534912112 319.85955810546875008
v 2.38371849060058592 -12.09168338775634766 319.67620849609375
v 2.53678822517395016 -10.4068050384521484 319.99853515625
v 2.8391907215118408 -11.98692131042480464 319.99853515625
v 2.88883996009826656 -10.35283756256103516 320.38211059570312496
v 3.1862919330596924 -11.90708541870117184 320.38211059570312496
v 3.26601123809814452 -13.56771945953369144 319.99853515625
v 2.8197078704833984 -13.70643997192382816 319.67620849609375
v 3.38517975807189944 -15.30724143981933592 319.67620849609375
v 3.60612511634826664 -13.46200466156005856 320.38211059570312496
v 3.81959104537963872 -15.1348562240600586 319.99853515625
v 3.42719292640686032 -11.8516769409179688 320.78659057617187504
v 3.8421766757965088 -13.38863468170166016 320.78659057617187504
v 3.28422141075134276 -10.29222679138183592 321.182098388671875
v 3.10827994346618652 -8.78058052062988288 321.182098388671875
v 3.20796298980712892 -8.77262592315673824 321.88211059570312496
v 3.08599209785461426 -8.78235912322998048 321.10955810546875
v 3.57611346244812008 -11.81742382049560544 321.182098388671875
v 4.38040447235107424 -14.91231060028076176 320.78659057617187504
v 3.98809933662414544 -13.34327888488769532 321.182098388671875
v 4.52243900299072264 -14.855947494506836 321.182098388671875
v 4.81999635696411136 -16.51680755615234376 320.38211059570312496
v 4.15064239501953124 -15.00348663330078125 320.38211059570312496
v 4.41960191726684568 -18.69078636169433592 319.45901489257812496
v 4.0802922248840332 -16.87879943847656256 319.67620849609375
v 3.57631802558898928 -17.12543106079101562 319.45901489257812496
v 4.90280961990356448 -18.40560722351074216 319.67620849609375
v 4.50008535385131832 -16.67336273193359376 319.99853515625
v 5.30530500411987304 -18.16806221008300782 319.99853515625
v 5.8480420112609864 -19.87241744995117184 319.67620849609375
v 5.38869857788085936 -20.19462966918945312 319.45901489257812496
v 6.23065853118896484 -19.60402488708496096 319.99853515625
v 5.6120343208312988 -17.98703575134277344 320.38211059570312496
v 6.52223920822143552 -19.39949035644531248 320.38211059570312496
v 5.82491540908813472 -17.86139869689941408 320.78659057617187504
v 5.17928123474121094 -16.34098243713378908 321.182098388671875
v 5.04202651977539062 -16.40815162658691408 320.78659057617187504
v 5.95651483535766608 -17.78373146057128912 321.182098388671875
v 6.84970664978027344 -19.1697845458984375 321.182098388671875
v 6.72460651397705072 -19.257537841796875 320.78659057617187504
v -1.67651116847991944 -9.16238594055175782 322.58209228515625
v 2.95595502853393552 -8.79273509979248048 322.97760009765624992
v -2.17390775680541992 -4.18618249893188476 321.88211059570312496
v -2.05193686485290527 -4.17644977569580078 322.65463256835937504
v -1.6979631185531616 -4.14820432662963868 323.3515625
v -0.45192381739616392 -4.04877614974975586 324.259735107421875
v -1.1466362476348877 -4.10421085357666016 323.90463256835937504
v 0.31817081570625304 -3.98732590675354 324.38211059570312496
v 1.08826553821563721 -3.92587566375732416 324.259735107421875
v 1.78297793865203856 -3.8704407215118408 323.90463256835937504
v 2.33430480957031248 -3.82644724845886224 323.3515625
v 2.68827843666076664 -3.79820179939270016 322.65463256835937504
v 2.81024956703186032 -3.78846907615661616 321.88211059570312496
v 2.68827843666076664 -3.79820179939270016 321.10955810546875
v 2.33430480957031248 -3.82644724845886224 320.41262817382812496
v 1.08826553821563721 -3.92587566375732416 319.50445556640625
v 1.78297793865203856 -3.8704407215118408 319.85955810546875008
v 0.31817081570625304 -3.98732590675354 319.38211059570312496
v -0.45192381739616392 -4.04877614974975586 319.50445556640625
v -1.1466362476348877 -4.10421085357666016 319.85955810546875008
v -1.6979631185531616 -4.14820432662963868 320.41262817382812496
v -2.05193686485290527 -4.17644977569580078 321.10955810546875
v 13.2769794464111328 -2.95327067375183104 318.38211059570312496
v 13.2769794464111328 -2.95327067375183104 325.182098388671875
v -12.44127178192138672 -5.00547266006469726 325.182098388671875
v -12.44127178192138672 -5.00547266006469726 318.38211059570312496
v -12.65654659271240232 -4.82201480865478512 318.38211059570312496
v -12.65654659271240232 -4.82201480865478512 325.182098388671875
v -12.45718002319335936 -4.80610609054565424 325.38211059570312496
v -12.95880889892578128 -1.03405523300170898 325.182098388671875
v -12.95880889892578128 -1.03405523300170898 318.38211059570312496
v -12.75944232940673824 -1.01814663410186767 325.38211059570312496
v -12.95871162414550784 0.05052987486124039 325.38211059570312496
v -13.5849599838256836 1.40509307384490968 325.38211059570312496
v -13.75257587432861328 1.29598307609558104 325.182098388671875
v -14.57013702392578128 2.52601099014282224 325.38211059570312496
v -14.69986057281494144 2.37378859519958496 325.182098388671875
v -15.83310031890869136 3.32096385955810548 325.38211059570312496
v -15.91424942016601568 3.13816642761230468 325.182098388671875
v -17.2698345184326172 3.72447919845581056 325.38211059570312496
v -17.29572486877441408 3.52616214752197264 325.182098388671875
v -18.35658836364746092 3.75175476074218752 325.38211059570312496
v -18.34067916870117188 3.55238866806030272 325.182098388671875
v -13.15041446685791016 -0.00648160884156823 325.182098388671875
v 13.06170463562011719 -2.76981282234191888 325.38211059570312496
v 12.95880889892578128 1.03405523300170898 325.182098388671875
v 12.75944232940673824 1.01814663410186767 325.38211059570312496
v -17.29572486877441408 3.52616214752197264 318.38211059570312496
v -15.91424942016601568 3.13816642761230468 318.38211059570312496
v -14.69986057281494144 2.37378859519958496 318.38211059570312496
v -13.75257587432861328 1.29598307609558104 318.38211059570312496
v -18.34067916870117188 3.55238866806030272 318.38211059570312496
v -13.15041446685791016 -0.00648160884156823 318.38211059570312496
v -20.64382743835449216 3.56924343109130856 325.38211059570312496
v -20.59400749206542968 3.37258315086364744 325.182098388671875
v -21.50136756896972656 3.30017971992492676 324.29925537109375
v -21.50136756896972656 3.30017971992492676 318.38211059570312496
v -21.71267890930175784 3.52404904365539552 324.38656616210937504
v -20.68892669677734376 3.60115790367126464 325.38211059570312496
v 12.95880889892578128 1.03405523300170898 318.38211059570312496
v 16.46066856384277344 6.41602277755737304 325.38211059570312496
v 15.10610485076904296 5.78977441787719728 325.38211059570312496
v 15.21521472930908204 5.62215900421142576 325.182098388671875
v 13.98518657684326176 4.804598331451416 325.38211059570312496
v 14.13740921020507812 4.67487430572509768 325.182098388671875
v 13.19023323059082032 3.54163432121276856 325.38211059570312496
v 13.37303066253662112 3.46048545837402344 325.182098388671875
v 12.78671836853027344 2.10490036010742188 325.38211059570312496
v 12.9850358963012696 2.0790107250213623 325.182098388671875
v 17.52934455871582032 6.61529207229614256 325.38211059570312496
v 16.51767921447753904 6.22432088851928712 325.182098388671875
v 17.54525184631347656 6.41592597961425784 325.182098388671875
v -20.68099021911621096 3.6464591026306152 325.38211059570312496
v -18.39199638366699216 10.13579940795898438 325.38211059570312496
v -19.80410194396972656 6.98552322387695312 325.38211059570312496
v -16.48283767700195312 13.01215076446533203 325.38211059570312496
v 19.84100723266601568 6.88000345230102544 325.38211059570312496
v 18.44569206237792968 10.03775215148925781 325.38211059570312496
v 19.81658363342285152 6.79780387878417968 325.38211059570312496
v -14.1282196044921875 15.53684043884277344 325.38211059570312496
v 19.85609817504882816 6.8363251686096192 325.38211059570312496
v 16.55187034606933592 12.92422485351562496 325.38211059570312496
v 11.48552703857421872 17.5807476043701172 325.38211059570312496
v 8.44992637634277344 19.22495079040527344 325.38211059570312496
v 14.2107257843017578 15.46141242980957032 325.38211059570312496
v 1.78184175491333008 20.92426872253417968 325.38211059570312496
v -1.67043256759643552 20.93345832824707024 325.38211059570312496
v 5.18596076965332032 20.34959030151367188 325.38211059570312496
v -8.34746837615966796 19.26965904235839844 325.38211059570312496
v -11.3917789459228516 17.64163780212402344 325.38211059570312496
v -5.07756233215332031 20.37690734863281248 325.38211059570312496
v 19.7985801696777344 6.59573173522949216 325.182098388671875
v 12.9850358963012696 2.0790107250213623 318.38211059570312496
v 13.37303066253662112 3.46048545837402344 318.38211059570312496
v 14.13740921020507812 4.67487430572509768 318.38211059570312496
v 15.21521472930908204 5.62215900421142576 318.38211059570312496
v 16.51767921447753904 6.22432088851928712 318.38211059570312496
v 17.54525184631347656 6.41592597961425784 318.38211059570312496
v 20.70594024658203128 6.66813468933105472 318.38211059570312496
v 20.70594024658203128 6.66813468933105472 324.29925537109375
v 20.87904548645019536 6.92424964904785152 324.38784790039062496
v -21.66361236572265624 3.83247828483581536 324.38211059570312496
v -20.74715423583984368 7.31816720962524416 324.38211059570312496
v -20.70430946350097656 7.43851995468139648 324.38211059570312496
v -19.26780700683593752 10.61845684051513672 324.38211059570312496
v -17.26773452758789064 13.6317768096923828 324.38211059570312496
v -19.14937973022460938 10.83056926727294928 324.38211059570312496
v -14.80099201202392576 16.27668952941894532 324.38211059570312496
v -17.04356002807617187 13.91104221343994144 324.38211059570312496
v -11.93424415588378912 18.48171615600585936 324.38211059570312496
v -14.44742584228515624 16.59132003784179688 324.38211059570312496
v -8.74496650695800784 20.18726158142089844 324.38211059570312496
v -11.4356660842895508 18.79429626464843744 324.38211059570312496
v -5.31935119628906248 21.34723663330078124 324.38211059570312496
v -8.09492301940917968 20.45659446716308592 324.38211059570312496
v -1.74997699260711664 21.930288314819336 324.38211059570312496
v -4.52130365371704104 21.5303936004638672 324.38211059570312496
v 1.8666913509368896 21.920663833618164 324.38211059570312496
v -0.81761479377746576 21.98480224609375008 324.38211059570312496
v 5.43291139602661136 21.31861877441406248 324.38211059570312496
v 2.90959525108337408 21.80674743652343744 324.38211059570312496
v 8.85230350494384768 20.14042472839355468 324.38211059570312496
v 6.5531015396118164 21.00135421752929687 324.38211059570312496
v 12.03245735168457031 18.41792488098144528 324.38211059570312496
v 10.008087158203125 19.59178924560546872 324.38211059570312496
v 14.88742637634277344 16.19766998291015624 324.38211059570312496
v 13.17515850067138672 17.61860466003417968 324.38211059570312496
v 17.3400554656982422 13.53966426849365232 324.38211059570312496
v 15.9632043838500976 15.13856315612792968 324.38211059570312496
v 19.32405853271484376 10.51574039459228512 324.38211059570312496
v 18.29201698303222656 12.22301483154296876 324.38211059570312496
v 20.78581619262695312 7.20762252807617188 324.38211059570312496
v 20.09460258483886718 8.95583152770996096 324.38211059570312496
v -21.66579818725585936 3.82009983062744144 324.38211059570312496
v 20.73903656005859376 6.71806478500366208 318.38211059570312496
v 20.87984848022460944 6.93050575256347664 318.182098388671875
v -21.54196166992187504 3.34422945976257324 318.38211059570312496
v -21.71468162536621096 3.5316519737243652 318.182098388671875
v 21.9302921295166016 1.74993956089019776 318.182098388671875
v 21.73092651367187504 1.73403096199035648 318.38211059570312496
v 21.79501914978027344 0.4659917652606964 318.38211059570312496
v 21.60642433166503904 4.14275693893432618 318.182098388671875
v 21.41000175476074216 4.10509586334228516 318.38211059570312496
v 21.56589508056640624 -3.18624281883239748 318.38211059570312496
v 21.91058540344238288 -1.98146915435791008 318.182098388671875
v 21.76374816894531248 -3.21547436714172364 318.182098388671875
v 20.72908782958984368 -6.74869537353515632 318.38211059570312496
v 21.26055145263671876 -5.65587425231933592 318.182098388671875
v 20.91926383972167968 -6.81061029434204096 318.182098388671875
v 19.30817604064941408 -10.12098312377929688 318.38211059570312496
v 19.998891830444336 -9.1675710678100586 318.182098388671875
v 19.48531532287597656 -10.213836669921875 318.182098388671875
v 17.3431987762451172 -13.20808219909667968 318.38211059570312496
v 18.16189765930175782 -12.415532112121582 318.182098388671875
v 17.50231170654296872 -13.3292570114135742 318.182098388671875
v 14.88952541351318352 -15.92300319671630864 318.38211059570312496
v 15.8024206161499024 -15.30632209777832032 318.182098388671875
v 15.02612686157226562 -16.06908607482910156 318.182098388671875
v 12.01629352569580078 -18.18924713134765624 318.38211059570312496
v 12.98833656311035152 -17.75677680969238288 318.182098388671875
v 12.12653541564941406 -18.35611915588378908 318.182098388671875
v 8.80446720123291008 -19.94295310974121088 318.38211059570312496
v 9.8006010055541992 -19.69640159606933592 318.182098388671875
v 8.8852424621582032 -20.12591552734375 318.182098388671875
v 5.34454870223999024 -21.13470649719238282 318.38211059570312496
v 6.33092069625854492 -21.06939506530761719 318.182098388671875
v 5.3935809135437012 -21.32860183715820312 318.182098388671875
v 1.73403096199035648 -21.73092651367187504 318.38211059570312496
v 2.67911076545715336 -21.83626174926757808 318.182098388671875
v 1.74993956089019776 -21.9302921295166016 318.182098388671875
v -1.92534804344177248 -21.71481132507324216 318.38211059570312496
v -1.04977214336395264 -21.97493934631347664 318.182098388671875
v -1.94301187992095952 -21.91403007507324224 318.182098388671875
v -5.53047466278076168 -21.08681678771972656 318.38211059570312496
v -4.74845504760742192 -21.48143768310546872 318.182098388671875
v -5.58121299743652344 -21.2802734375 318.182098388671875
v -8.97976398468017584 -19.86463737487792976 318.38211059570312496
v -8.31053352355957032 -20.36995506286621096 318.182098388671875
v -9.06214714050292969 -20.04688262939453125 318.182098388671875
v -12.17602062225341796 -18.08271408081054688 318.38211059570312496
v -11.63353252410888672 -18.67246437072753904 318.182098388671875
v -12.28772735595703124 -18.24860954284667968 318.182098388671875
v -15.02918148040771484 -15.7912540435791016 318.38211059570312496
v -14.62185668945312496 -16.4378013610839844 318.182098388671875
v -15.16706371307373046 -15.93612766265869136 318.182098388671875
v -17.45885086059570312 -13.05482864379882812 318.38211059570312496
v -17.18953704833984376 -13.73025226593017584 318.182098388671875
v -17.6190242767333984 -13.17459774017333984 318.182098388671875
v -19.39656448364257816 -9.95054340362548832 318.38211059570312496
v -19.26270484924316408 -10.62770938873291016 318.182098388671875
v -19.57451438903808592 -10.04183292388916015 318.182098388671875
v -20.7877197265625 -6.56587266921997072 318.38211059570312496
v -20.78171920776367184 -7.21942663192749024 318.182098388671875
v -20.97843360900878912 -6.62611007690429688 318.182098388671875
v -21.59312057495117184 -2.99618840217590336 318.38211059570312496
v -21.7028827667236328 -3.60345411300659176 318.182098388671875
v -21.79122352600097664 -3.02367639541625976 318.182098388671875
v -21.79006958007812496 0.65792250633239744 318.38211059570312496
v -21.99969291687011712 0.1161833256483078 318.182098388671875
v -21.9302921295166016 -1.74993956089019776 318.182098388671875
v -21.9899787902832032 0.66395848989486696 318.182098388671875
v 21.31910324096679688 5.43100547790527344 318.182098388671875
v 21.99497413635253904 0.47026690840721128 318.182098388671875
v -21.26055145263671876 5.65587425231933592 310.58209228515625
v -20.70430946350097656 7.43851995468139648 310.58209228515625
v -19.998891830444336 9.1675710678100586 310.58209228515625
v -19.14937973022460938 10.83056926727294928 310.58209228515625
v -18.16189765930175782 12.415532112121582 310.58209228515625
v -17.04356002807617187 13.91104221343994144 310.58209228515625
v -15.8024206161499024 15.30632209777832032 310.58209228515625
v -14.44742584228515624 16.59132003784179688 310.58209228515625
v -12.98833656311035152 17.75677680969238288 310.58209228515625
v -11.4356660842895508 18.79429626464843744 310.58209228515625
v -9.8006010055541992 19.69640159606933592 310.58209228515625
v -8.09492301940917968 20.45659446716308592 310.58209228515625
v -6.33092069625854492 21.06939506530761719 310.58209228515625
v -4.52130365371704104 21.5303936004638672 310.58209228515625
v -2.67911076545715336 21.83626174926757808 310.58209228515625
v -0.81761479377746576 21.98480224609375008 310.58209228515625
v 2.90959525108337408 21.80674743652343744 310.58209228515625
v 1.04977214336395264 21.97493934631347664 310.58209228515625
v 6.5531015396118164 21.00135421752929687 310.58209228515625
v 4.74845504760742192 21.48143768310546872 310.58209228515625
v 10.008087158203125 19.59178924560546872 310.58209228515625
v 8.31053352355957032 20.36995506286621096 310.58209228515625
v 13.17515850067138672 17.61860466003417968 310.58209228515625
v 11.63353252410888672 18.67246437072753904 310.58209228515625
v 15.9632043838500976 15.13856315612792968 310.58209228515625
v 14.62185668945312496 16.4378013610839844 310.58209228515625
v 18.29201698303222656 12.22301483154296876 310.58209228515625
v 17.18953704833984376 13.73025226593017584 310.58209228515625
v 19.26270484924316408 10.62770938873291016 310.58209228515625
v 20.09460258483886718 8.95583152770996096 310.58209228515625
v 21.91058540344238288 -1.98146915435791008 310.58209228515625
v 21.99969291687011712 -0.1161833256483078 310.58209228515625
v 21.9302921295166016 1.74993956089019776 310.58209228515625
v 21.26055145263671876 -5.65587425231933592 310.58209228515625
v 21.66361236572265624 -3.83247828483581536 310.58209228515625
v 19.998891830444336 -9.1675710678100586 310.58209228515625
v 20.70430946350097656 -7.43851995468139648 310.58209228515625
v 18.16189765930175782 -12.415532112121582 310.58209228515625
v 19.14937973022460938 -10.83056926727294928 310.58209228515625
v 15.8024206161499024 -15.30632209777832032 310.58209228515625
v 17.04356002807617187 -13.91104221343994144 310.58209228515625
v 12.98833656311035152 -17.75677680969238288 310.58209228515625
v 14.44742584228515624 -16.59132003784179688 310.58209228515625
v 9.8006010055541992 -19.69640159606933592 310.58209228515625
v 11.4356660842895508 -18.79429626464843744 310.58209228515625
v 6.33092069625854492 -21.06939506530761719 310.58209228515625
v 8.09492301940917968 -20.45659446716308592 310.58209228515625
v 2.67911076545715336 -21.83626174926757808 310.58209228515625
v 4.52130365371704104 -21.5303936004638672 310.58209228515625
v -1.04977214336395264 -21.97493934631347664 310.58209228515625
v 0.81761479377746576 -21.98480224609375008 310.58209228515625
v -4.74845504760742192 -21.48143768310546872 310.58209228515625
v -2.90959525108337408 -21.80674743652343744 310.58209228515625
v -8.31053352355957032 -20.36995506286621096 310.58209228515625
v -6.5531015396118164 -21.00135421752929687 310.58209228515625
v -11.63353252410888672 -18.67246437072753904 310.58209228515625
v -10.008087158203125 -19.59178924560546872 310.58209228515625
v -14.62185668945312496 -16.4378013610839844 310.58209228515625
v -13.17515850067138672 -17.61860466003417968 310.58209228515625
v -17.18953704833984376 -13.73025226593017584 310.58209228515625
v -15.9632043838500976 -15.13856315612792968 310.58209228515625
v -19.26270484924316408 -10.62770938873291016 310.58209228515625
v -18.29201698303222656 -12.22301483154296876 310.58209228515625
v -20.78171920776367184 -7.21942663192749024 310.58209228515625
v -20.09460258483886718 -8.95583152770996096 310.58209228515625
v -21.7028827667236328 -3.60345411300659176 310.58209228515625
v -21.31910324096679688 -5.43100547790527344 310.58209228515625
v -21.9302921295166016 -1.74993956089019776 310.58209228515625
v -21.99969291687011712 0.1161833256483078 310.58209228515625
v -21.66361236572265624 3.83247828483581536 310.58209228515625
v -21.91058540344238288 1.98146915435791008 310.58209228515625
v 21.31910324096679688 5.43100547790527344 310.58209228515625
v 20.78171920776367184 7.21942663192749024 310.58209228515625
v 21.7028827667236328 3.60345411300659176 310.58209228515625
v -21.50558471679687504 -3.57069540023803712 310.38211059570312496
v -21.73092651367187504 -1.73403096199035648 310.38211059570312496
v -20.59279441833496096 -7.15379571914672852 310.38211059570312496
v -21.12529373168945312 -5.38163280487060544 310.38211059570312496
v -19.08758926391601562 -10.53109359741210936 310.38211059570312496
v -19.91192436218261712 -8.87441444396972656 310.38211059570312496
v -17.03326797485351562 -13.60543155670166016 310.38211059570312496
v -18.12572669982910156 -12.11189651489257812 310.38211059570312496
v -14.48893070220947264 -16.28836631774902344 310.38211059570312496
v -15.81808471679687504 -15.00094032287597656 310.38211059570312496
v -11.5277738571166992 -18.50271415710449216 310.38211059570312496
v -13.05538463592529297 -17.45843505859375 310.38211059570312496
v -8.2349834442138672 -20.18477249145507812 310.38211059570312496
v -9.917104721069336 -19.41368103027343752 310.38211059570312496
v -4.70528697967529296 -21.28615188598632812 310.38211059570312496
v -6.49352788925170896 -20.8104324340820312 310.38211059570312496
v -1.04022872447967529 -21.77516746520996096 310.38211059570312496
v -2.88314437866210944 -21.60850524902343752 310.38211059570312496
v 2.6547551155090332 -21.6377506256103516 310.38211059570312496
v 0.81018197536468512 -21.78494071960449216 310.38211059570312496
v 6.27336645126342772 -20.87785530090332032 310.38211059570312496
v 4.48020076751708984 -21.33466148376464844 310.38211059570312496
v 9.71150493621826168 -19.51734352111816408 310.38211059570312496
v 8.0213327407836914 -20.27062416076660156 310.38211059570312496
v 12.87026023864746096 -17.59535217285156248 310.38211059570312496
v 11.33170509338378908 -18.62343788146972656 310.38211059570312496
v 15.65876197814941408 -15.16717338562011718 310.38211059570312496
v 14.31608581542968752 -16.4404888153076172 310.38211059570312496
v 17.99678993225097664 -12.30266380310058592 310.38211059570312496
v 16.88861846923828128 -13.78457832336425776 310.38211059570312496
v 19.81708335876464848 -9.08422946929931641 310.38211059570312496
v 18.97529602050781248 -10.73210906982421872 310.38211059570312496
v 21.06727409362792969 -5.6044573783874512 310.38211059570312496
v 20.51608848571777344 -7.37089681625366208 310.38211059570312496
v 21.71139907836914064 -1.96345579624176032 310.38211059570312496
v 21.4666709899902344 -3.79763770103454592 310.38211059570312496
v 21.73092651367187504 1.73403096199035648 310.38211059570312496
v 21.79969596862792976 -0.11512711644172668 310.38211059570312496
v 21.12529373168945312 5.38163280487060544 310.38211059570312496
v 20.59279441833496096 7.15379571914672852 310.38211059570312496
v 21.50558471679687504 3.57069540023803712 310.38211059570312496
v 19.91192436218261712 8.87441444396972656 310.38211059570312496
v 19.08758926391601562 10.53109359741210936 310.38211059570312496
v 18.12572669982910156 12.11189651489257812 310.38211059570312496
v 17.03326797485351562 13.60543155670166016 310.38211059570312496
v 15.81808471679687504 15.00094032287597656 310.38211059570312496
v 14.48893070220947264 16.28836631774902344 310.38211059570312496
v 13.05538463592529297 17.45843505859375 310.38211059570312496
v 11.5277738571166992 18.50271415710449216 310.38211059570312496
v 9.917104721069336 19.41368103027343752 310.38211059570312496
v 8.2349834442138672 20.18477249145507812 310.38211059570312496
v 6.49352788925170896 20.8104324340820312 310.38211059570312496
v 4.70528697967529296 21.28615188598632812 310.38211059570312496
v 2.88314437866210944 21.60850524902343752 310.38211059570312496
v 1.04022872447967529 21.77516746520996096 310.38211059570312496
v -0.81018197536468512 21.78494071960449216 310.38211059570312496
v -2.6547551155090332 21.6377506256103516 310.38211059570312496
v -4.48020076751708984 21.33466148376464844 310.38211059570312496
v -6.27336645126342772 20.87785530090332032 310.38211059570312496
v -8.0213327407836914 20.27062416076660156 310.38211059570312496
v -9.71150493621826168 19.51734352111816408 310.38211059570312496
v -11.33170509338378908 18.62343788146972656 310.38211059570312496
v -12.87026023864746096 17.59535217285156248 310.38211059570312496
v -14.31608581542968752 16.4404888153076172 310.38211059570312496
v -15.65876197814941408 15.16717338562011718 310.38211059570312496
v -16.88861846923828128 13.78457832336425776 310.38211059570312496
v -17.99678993225097664 12.30266380310058592 310.38211059570312496
v -18.97529602050781248 10.73210906982421872 310.38211059570312496
v -19.81708335876464848 9.08422946929931641 310.38211059570312496
v -20.51608848571777344 7.37089681625366208 310.38211059570312496
v -21.06727409362792969 5.6044573783874512 310.38211059570312496
v -21.4666709899902344 3.79763770103454592 310.38211059570312496
v -21.71139907836914064 1.96345579624176032 310.38211059570312496
v -21.79969596862792976 0.11512711644172668 310.38211059570312496
v 21.91058540344238288 -1.98146915435791008 310.182098388671875
v 21.99969291687011712 -0.1161833256483078 310.182098388671875
v 21.9302921295166016 1.74993956089019776 310.182098388671875
v 21.26055145263671876 -5.65587425231933592 310.182098388671875
v 21.66361236572265624 -3.83247828483581536 310.182098388671875
v 19.998891830444336 -9.1675710678100586 310.182098388671875
v 20.70430946350097656 -7.43851995468139648 310.182098388671875
v 18.16189765930175782 -12.415532112121582 310.182098388671875
v 19.14937973022460938 -10.83056926727294928 310.182098388671875
v 15.8024206161499024 -15.30632209777832032 310.182098388671875
v 17.04356002807617187 -13.91104221343994144 310.182098388671875
v 14.44742584228515624 -16.59132003784179688 310.182098388671875
v 9.8006010055541992 -19.69640159606933592 310.182098388671875
v 11.4356660842895508 -18.79429626464843744 310.182098388671875
v 12.98833656311035152 -17.75677680969238288 310.182098388671875
v 8.09492301940917968 -20.45659446716308592 310.182098388671875
v 2.67911076545715336 -21.83626174926757808 310.182098388671875
v 4.52130365371704104 -21.5303936004638672 310.182098388671875
v 6.33092069625854492 -21.06939506530761719 310.182098388671875
v 0.81761479377746576 -21.98480224609375008 310.182098388671875
v -4.74845504760742192 -21.48143768310546872 310.182098388671875
v -2.90959525108337408 -21.80674743652343744 310.182098388671875
v -1.04977214336395264 -21.97493934631347664 310.182098388671875
v -6.5531015396118164 -21.00135421752929687 310.182098388671875
v -11.63353252410888672 -18.67246437072753904 310.182098388671875
v -10.008087158203125 -19.59178924560546872 310.182098388671875
v -8.31053352355957032 -20.36995506286621096 310.182098388671875
v -13.17515850067138672 -17.61860466003417968 310.182098388671875
v -15.9632043838500976 -15.13856315612792968 310.182098388671875
v -14.62185668945312496 -16.4378013610839844 310.182098388671875
v -18.29201698303222656 -12.22301483154296876 310.182098388671875
v -17.18953704833984376 -13.73025226593017584 310.182098388671875
v -20.09460258483886718 -8.95583152770996096 310.182098388671875
v -19.26270484924316408 -10.62770938873291016 310.182098388671875
v -21.7028827667236328 -3.60345411300659176 310.182098388671875
v -21.31910324096679688 -5.43100547790527344 310.182098388671875
v -20.78171920776367184 -7.21942663192749024 310.182098388671875
v -21.9302921295166016 -1.74993956089019776 310.182098388671875
v -21.66361236572265624 3.83247828483581536 310.182098388671875
v -21.91058540344238288 1.98146915435791008 310.182098388671875
v -21.99969291687011712 0.1161833256483078 310.182098388671875
v -21.26055145263671876 5.65587425231933592 310.182098388671875
v -19.998891830444336 9.1675710678100586 310.182098388671875
v -20.70430946350097656 7.43851995468139648 310.182098388671875
v -17.04356002807617187 13.91104221343994144 310.182098388671875
v -18.16189765930175782 12.415532112121582 310.182098388671875
v -19.14937973022460938 10.83056926727294928 310.182098388671875
v -15.8024206161499024 15.30632209777832032 310.182098388671875
v -11.4356660842895508 18.79429626464843744 310.182098388671875
v -12.98833656311035152 17.75677680969238288 310.182098388671875
v -14.44742584228515624 16.59132003784179688 310.182098388671875
v -9.8006010055541992 19.69640159606933592 310.182098388671875
v -4.52130365371704104 21.5303936004638672 310.182098388671875
v -6.33092069625854492 21.06939506530761719 310.182098388671875
v -8.09492301940917968 20.45659446716308592 310.182098388671875
v -0.81761479377746576 21.98480224609375008 310.182098388671875
v -2.67911076545715336 21.83626174926757808 310.182098388671875
v 1.04977214336395264 21.97493934631347664 310.182098388671875
v 4.74845504760742192 21.48143768310546872 310.182098388671875
v 2.90959525108337408 21.80674743652343744 310.182098388671875
v 8.31053352355957032 20.36995506286621096 310.182098388671875
v 6.5531015396118164 21.00135421752929687 310.182098388671875
v 13.17515850067138672 17.61860466003417968 310.182098388671875
v 11.63353252410888672 18.67246437072753904 310.182098388671875
v 10.008087158203125 19.59178924560546872 310.182098388671875
v 15.9632043838500976 15.13856315612792968 310.182098388671875
v 14.62185668945312496 16.4378013610839844 310.182098388671875
v 18.29201698303222656 12.22301483154296876 310.182098388671875
v 17.18953704833984376 13.73025226593017584 310.182098388671875
v 19.26270484924316408 10.62770938873291016 310.182098388671875
v 21.31910324096679688 5.43100547790527344 310.182098388671875
v 20.78171920776367184 7.21942663192749024 310.182098388671875
v 20.09460258483886718 8.95583152770996096 310.182098388671875
v 21.7028827667236328 3.60345411300659176 310.182098388671875
v -21.31910324096679688 -5.43100547790527344 307.58209228515625
v -21.9302921295166016 -1.74993956089019776 307.58209228515625
v -20.09460258483886718 -8.95583152770996096 307.58209228515625
v -18.29201698303222656 -12.22301483154296876 307.58209228515625
v -15.9632043838500976 -15.13856315612792968 307.58209228515625
v -13.17515850067138672 -17.61860466003417968 307.58209228515625
v -10.008087158203125 -19.59178924560546872 307.58209228515625
v -6.5531015396118164 -21.00135421752929687 307.58209228515625
v -2.90959525108337408 -21.80674743652343744 307.58209228515625
v 0.81761479377746576 -21.98480224609375008 307.58209228515625
v 4.52130365371704104 -21.5303936004638672 307.58209228515625
v 8.09492301940917968 -20.45659446716308592 307.58209228515625
v 11.4356660842895508 -18.79429626464843744 307.58209228515625
v 14.44742584228515624 -16.59132003784179688 307.58209228515625
v 17.04356002807617187 -13.91104221343994144 307.58209228515625
v 19.14937973022460938 -10.83056926727294928 307.58209228515625
v 20.70430946350097656 -7.43851995468139648 307.58209228515625
v 21.66361236572265624 -3.83247828483581536 307.58209228515625
v 21.99969291687011712 -0.1161833256483078 307.58209228515625
v 21.9302921295166016 1.74993956089019776 307.58209228515625
v 20.78171920776367184 7.21942663192749024 307.58209228515625
v 21.7028827667236328 3.60345411300659176 307.58209228515625
v 19.26270484924316408 10.62770938873291016 307.58209228515625
v 17.18953704833984376 13.73025226593017584 307.58209228515625
v 14.62185668945312496 16.4378013610839844 307.58209228515625
v 11.63353252410888672 18.67246437072753904 307.58209228515625
v 8.31053352355957032 20.36995506286621096 307.58209228515625
v 4.74845504760742192 21.48143768310546872 307.58209228515625
v 1.04977214336395264 21.97493934631347664 307.58209228515625
v -2.67911076545715336 21.83626174926757808 307.58209228515625
v -6.33092069625854492 21.06939506530761719 307.58209228515625
v -9.8006010055541992 19.69640159606933592 307.58209228515625
v -12.98833656311035152 17.75677680969238288 307.58209228515625
v -15.8024206161499024 15.30632209777832032 307.58209228515625
v -18.16189765930175782 12.415532112121582 307.58209228515625
v -19.998891830444336 9.1675710678100586 307.58209228515625
v -21.26055145263671876 5.65587425231933592 307.58209228515625
v -21.91058540344238288 1.98146915435791008 307.58209228515625
v -21.73092651367187504 -1.73403096199035648 307.38211059570312496
v -21.12529373168945312 -5.38163280487060544 307.38211059570312496
v -19.91192436218261712 -8.87441444396972656 307.38211059570312496
v -18.12572669982910156 -12.11189651489257812 307.38211059570312496
v -15.81808471679687504 -15.00094032287597656 307.38211059570312496
v -13.05538463592529297 -17.45843505859375 307.38211059570312496
v -9.917104721069336 -19.41368103027343752 307.38211059570312496
v -9.04465770721435547 -19.83517456054687504 307.38211059570312496
v -6.49352788925170896 -20.8104324340820312 307.38211059570312496
v -2.88314437866210944 -21.60850524902343752 307.38211059570312496
v 0.81018197536468512 -21.78494071960449216 307.38211059570312496
v 4.48020076751708984 -21.33466148376464844 307.38211059570312496
v 8.0213327407836914 -20.27062416076660156 307.38211059570312496
v 11.33170509338378908 -18.62343788146972656 307.38211059570312496
v 14.31608581542968752 -16.4404888153076172 307.38211059570312496
v 16.88861846923828128 -13.78457832336425776 307.38211059570312496
v 18.97529602050781248 -10.73210906982421872 307.38211059570312496
v 20.51608848571777344 -7.37089681625366208 307.38211059570312496
v 21.4666709899902344 -3.79763770103454592 307.38211059570312496
v 21.79969596862792976 -0.11512711644172668 307.38211059570312496
v 21.73092651367187504 1.73403096199035648 307.38211059570312496
v 21.50558471679687504 3.57069540023803712 307.38211059570312496
v 21.03374671936035156 5.72900342941284176 307.38211059570312496
v 20.59279441833496096 7.15379571914672852 307.38211059570312496
v 19.08758926391601562 10.53109359741210936 307.38211059570312496
v 17.03326797485351562 13.60543155670166016 307.38211059570312496
v 14.48893070220947264 16.28836631774902344 307.38211059570312496
v 11.5277738571166992 18.50271415710449216 307.38211059570312496
v 8.2349834442138672 20.18477249145507812 307.38211059570312496
v 4.70528697967529296 21.28615188598632812 307.38211059570312496
v 1.04022872447967529 21.77516746520996096 307.38211059570312496
v -2.6547551155090332 21.6377506256103516 307.38211059570312496
v -6.27336645126342772 20.87785530090332032 307.38211059570312496
v -9.71150493621826168 19.51734352111816408 307.38211059570312496
v -12.87026023864746096 17.59535217285156248 307.38211059570312496
v -15.65876197814941408 15.16717338562011718 307.38211059570312496
v -17.99678993225097664 12.30266380310058592 307.38211059570312496
v -19.81708335876464848 9.08422946929931641 307.38211059570312496
v -21.06727409362792969 5.6044573783874512 307.38211059570312496
v -21.71139907836914064 1.96345579624176032 307.38211059570312496
v -16.6390380859375 0.7012503147125244 318.38211059570312496
v -16.0437164306640625 0.19391685724258424 318.38211059570312496
v -17.3619956970214844 0.99978905916213984 318.38211059570312496
v -18.52393722534179688 -3.86332654953002928 318.38211059570312496
v -19.24689483642578124 -3.56478786468505856 318.38211059570312496
v -18.14182281494140624 1.06030988693237305 318.38211059570312496
v -18.90218544006347664 0.87688881158828736 318.38211059570312496
v -17.74411010742187504 -3.9238474369049072 318.38211059570312496
v -16.31727981567382812 -3.33101773262023924 318.38211059570312496
v -16.98374748229980464 -3.7404263019561768 318.38211059570312496
v -15.511408805847168 -2.01273941993713379 318.38211059570312496
v -15.80994701385498048 -2.73569726943969728 318.38211059570312496
v -15.45088768005371096 -1.23291194438934328 318.38211059570312496
v -15.63430881500244144 -0.47255003452301024 318.38211059570312496
v -19.56865119934082032 0.46748018264770504 318.38211059570312496
v -20.37452316284179688 -0.85079807043075568 318.38211059570312496
v -20.07598495483398438 -0.12784014642238616 318.38211059570312496
v -19.84221458435058592 -3.05745434761047363 318.38211059570312496
v 18.90218544006347664 -0.87688881158828736 318.38211059570312496
v 16.98374748229980464 3.7404263019561768 318.38211059570312496
v 17.74411010742187504 3.9238474369049072 318.38211059570312496
v 16.31727981567382812 3.33101773262023924 318.38211059570312496
v 17.3619956970214844 -0.99978905916213984 318.38211059570312496
v 18.14182281494140624 -1.06030988693237305 318.38211059570312496
v 20.07598495483398438 0.12784014642238616 318.38211059570312496
v 19.56865119934082032 -0.46748018264770504 318.38211059570312496
v 20.37452316284179688 0.85079807043075568 318.38211059570312496
v 20.43504524230957032 1.63062548637390136 318.38211059570312496
v 20.25162315368652344 2.3909873962402344 318.38211059570312496
v 19.24689483642578124 3.56478786468505856 318.38211059570312496
v 19.84221458435058592 3.05745434761047363 318.38211059570312496
v 18.52393722534179688 3.86332654953002928 318.38211059570312496
v 15.80994701385498048 2.73569726943969728 318.38211059570312496
v -20.43504524230957032 -1.63062548637390136 318.38211059570312496
v 15.63430881500244144 0.47255003452301024 318.38211059570312496
v 16.6390380859375 -0.7012503147125244 318.38211059570312496
v 15.511408805847168 2.01273941993713379 318.38211059570312496
v 15.45088768005371096 1.23291194438934328 318.38211059570312496
v -20.25162315368652344 -2.3909873962402344 318.38211059570312496
v 16.0437164306640625 -0.19391685724258424 318.38211059570312496
v -19.88223838806152336 -2.23751235008239748 317.98208618164062496
v -19.5383358001708984 -2.79734468460083008 317.98208618164062496
v -19.03826713562011719 -3.22350478172302248 317.98208618164062496
v -18.43098068237304688 -3.47427725791931152 317.98208618164062496
v -17.77592658996582032 -3.52511477470397952 317.98208618164062496
v -17.1372222900390625 -3.37104105949401856 317.98208618164062496
v -16.5773906707763672 -3.02713775634765625 317.98208618164062496
v -16.1512298583984375 -2.5270686149597168 317.98208618164062496
v -15.90045738220214848 -1.91978406906127936 317.98208618164062496
v -15.84961986541748048 -1.26472902297973632 317.98208618164062496
v -16.00369453430175781 -0.6260250210762024 317.98208618164062496
v -16.3475971221923828 -0.06619282811880112 317.98208618164062496
v -16.847665786743164 0.35996729135513304 317.98208618164062496
v -17.4549503326416016 0.61073982715606688 317.98208618164062496
v -18.11000633239746094 0.66157734394073488 317.98208618164062496
v -18.74871063232421872 0.50750356912612912 317.98208618164062496
v -19.30854225158691408 0.163600355386734 317.98208618164062496
v -19.73470306396484368 -0.33646872639656068 317.98208618164062496
v -19.9854755401611328 -0.94375336170196528 317.98208618164062496
v -20.03631210327148437 -1.59880840778350832 317.98208618164062496
v 16.00369453430175781 0.6260250210762024 317.98208618164062496
v 16.3475971221923828 0.06619283556938171 317.98208618164062496
v 16.847665786743164 -0.35996729135513304 317.98208618164062496
v 17.4549503326416016 -0.61073976755142208 317.98208618164062496
v 18.11000633239746094 -0.66157734394073488 317.98208618164062496
v 18.74871063232421872 -0.50750356912612912 317.98208618164062496
v 19.30854225158691408 -0.163600355386734 317.98208618164062496
v 19.73470306396484368 0.33646872639656068 317.98208618164062496
v 19.9854755401611328 0.94375336170196528 317.98208618164062496
v 20.03631210327148437 1.59880840778350832 317.98208618164062496
v 19.88223838806152336 2.23751235008239748 317.98208618164062496
v 19.5383358001708984 2.79734468460083008 317.98208618164062496
v 19.03826713562011719 3.22350478172302248 317.98208618164062496
v 18.43098068237304688 3.47427725791931152 317.98208618164062496
v 17.77592658996582032 3.52511477470397952 317.98208618164062496
v 17.1372222900390625 3.37104105949401856 317.98208618164062496
v 16.5773906707763672 3.02713775634765625 317.98208618164062496
v 16.1512298583984375 2.5270686149597168 317.98208618164062496
v 15.90045738220214848 1.91978406906127936 317.98208618164062496
v 15.84961986541748048 1.26472902297973632 317.98208618164062496
v -16.00369453430175781 -0.6260250210762024 310.7821044921875
v -15.84961986541748048 -1.26472902297973632 310.7821044921875
v -16.3475971221923828 -0.06619282811880112 310.7821044921875
v -16.847665786743164 0.35996729135513304 310.7821044921875
v -17.4549503326416016 0.61073976755142208 310.7821044921875
v -18.11000633239746094 0.66157734394073488 310.7821044921875
v -18.74871063232421872 0.50750356912612912 310.7821044921875
v -19.30854225158691408 0.163600355386734 310.7821044921875
v -19.73470306396484368 -0.33646872639656068 310.7821044921875
v -19.9854755401611328 -0.94375336170196528 310.7821044921875
v -20.03631210327148437 -1.59880840778350832 310.7821044921875
v -19.88223838806152336 -2.23751235008239748 310.7821044921875
v -19.5383358001708984 -2.79734468460083008 310.7821044921875
v -19.03826713562011719 -3.22350478172302248 310.7821044921875
v -18.43098068237304688 -3.47427725791931152 310.7821044921875
v -17.77592658996582032 -3.52511477470397952 310.7821044921875
v -17.1372222900390625 -3.37104105949401856 310.7821044921875
v -16.5773906707763672 -3.02713775634765625 310.7821044921875
v -16.1512298583984375 -2.5270686149597168 310.7821044921875
v -15.90045738220214848 -1.91978406906127936 310.7821044921875
v 19.88223838806152336 2.23751235008239748 310.7821044921875
v 20.03631210327148437 1.59880840778350832 310.7821044921875
v 19.5383358001708984 2.79734468460083008 310.7821044921875
v 19.03826713562011719 3.22350478172302248 310.7821044921875
v 18.43098068237304688 3.47427725791931152 310.7821044921875
v 17.77592658996582032 3.52511477470397952 310.7821044921875
v 17.1372222900390625 3.37104105949401856 310.7821044921875
v 16.5773906707763672 3.02713775634765625 310.7821044921875
v 16.1512298583984375 2.5270686149597168 310.7821044921875
v 15.90045738220214848 1.91978406906127936 310.7821044921875
v 15.84961986541748048 1.26472902297973632 310.7821044921875
v 16.00369453430175781 0.6260250210762024 310.7821044921875
v 16.3475971221923828 0.06619283556938171 310.7821044921875
v 16.847665786743164 -0.35996729135513304 310.7821044921875
v 17.4549503326416016 -0.61073976755142208 310.7821044921875
v 18.11000633239746094 -0.66157734394073488 310.7821044921875
v 18.74871063232421872 -0.50750356912612912 310.7821044921875
v 19.30854225158691408 -0.163600355386734 310.7821044921875
v 19.73470306396484368 0.33646872639656068 310.7821044921875
v 19.9854755401611328 0.94375336170196528 310.7821044921875
v -15.45088768005371096 -1.23291194438934328 310.38211059570312496
v -15.511408805847168 -2.01273941993713379 310.38211059570312496
v -15.80994701385498048 -2.73569726943969728 310.38211059570312496
v -16.31727981567382812 -3.33101773262023924 310.38211059570312496
v -16.98374748229980464 -3.7404263019561768 310.38211059570312496
v -17.74411010742187504 -3.9238474369049072 310.38211059570312496
v -18.52393722534179688 -3.86332654953002928 310.38211059570312496
v -19.24689483642578124 -3.56478786468505856 310.38211059570312496
v -19.84221458435058592 -3.05745434761047363 310.38211059570312496
v -20.25162315368652344 -2.3909873962402344 310.38211059570312496
v -20.43504524230957032 -1.63062548637390136 310.38211059570312496
v -20.37452316284179688 -0.85079807043075568 310.38211059570312496
v -20.07598495483398438 -0.12784014642238616 310.38211059570312496
v -19.56865119934082032 0.46748018264770504 310.38211059570312496
v -18.90218544006347664 0.87688881158828736 310.38211059570312496
v -18.14182281494140624 1.06030988693237305 310.38211059570312496
v -17.3619956970214844 0.99978905916213984 310.38211059570312496
v -16.6390380859375 0.7012503147125244 310.38211059570312496
v -16.0437164306640625 0.19391685724258424 310.38211059570312496
v -15.63430881500244144 -0.47255003452301024 310.38211059570312496
v 20.43504524230957032 1.63062548637390136 310.38211059570312496
v 20.37452316284179688 0.85079807043075568 310.38211059570312496
v 20.07598495483398438 0.12784014642238616 310.38211059570312496
v 19.56865119934082032 -0.46748018264770504 310.38211059570312496
v 18.90218544006347664 -0.87688881158828736 310.38211059570312496
v 18.14182281494140624 -1.06030988693237305 310.38211059570312496
v 17.3619956970214844 -0.99978905916213984 310.38211059570312496
v 16.6390380859375 -0.7012503147125244 310.38211059570312496
v 16.0437164306640625 -0.19391685724258424 310.38211059570312496
v 15.63430881500244144 0.47255003452301024 310.38211059570312496
v 15.45088768005371096 1.23291194438934328 310.38211059570312496
v 15.511408805847168 2.01273941993713379 310.38211059570312496
v 15.80994701385498048 2.73569726943969728 310.38211059570312496
v 16.31727981567382812 3.33101773262023924 310.38211059570312496
v 16.98374748229980464 3.7404263019561768 310.38211059570312496
v 17.74411010742187504 3.9238474369049072 310.38211059570312496
v 18.52393722534179688 3.86332654953002928 310.38211059570312496
v 19.24689483642578124 3.56478786468505856 310.38211059570312496
v 19.84221458435058592 3.05745434761047363 310.38211059570312496
v 20.25162315368652344 2.3909873962402344 310.38211059570312496
v -19.4385967254638672 0.31554028391838072 310.38211059570312496
v -19.90534400939941408 -0.23215442895889284 310.38211059570312496
v -20.18000030517578124 -0.89727574586868288 310.38211059570312496
v -20.23567771911621092 -1.61471688747406008 310.38211059570312496
v -20.06693077087402344 -2.31424999237060548 310.38211059570312496
v -19.69027519226074216 -2.92739939689636224 310.38211059570312496
v -19.14258003234863282 -3.39414620399475096 310.38211059570312496
v -18.47745895385742184 -3.66880178451538088 310.38211059570312496
v -16.74335289001464848 0.53060883283615112 310.38211059570312496
v -16.19565773010253908 0.06386201828718185 310.38211059570312496
v -17.40847396850585936 0.80526441335678096 310.38211059570312496
v -18.12591361999511718 0.86094361543655392 310.38211059570312496
v -18.8254470825195312 0.69219619035720824 310.38211059570312496
v -17.7600173950195312 -3.72448110580444336 310.38211059570312496
v -17.06048583984375 -3.55573368072509768 310.38211059570312496
v -16.44733619689941408 -3.1790776252746582 310.38211059570312496
v -15.9805889129638672 -2.63138294219970704 310.38211059570312496
v -15.7059335708618164 -1.96626174449920656 310.38211059570312496
v -15.65025424957275392 -1.24882054328918456 310.38211059570312496
v -15.81900119781494144 -0.54928755760192872 310.38211059570312496
v 18.47745895385742184 3.66880178451538088 310.38211059570312496
v 19.14258003234863282 3.39414620399475096 310.38211059570312496
v 17.7600173950195312 3.72448110580444336 310.38211059570312496
v 17.06048583984375 3.55573368072509768 310.38211059570312496
v 16.44733619689941408 3.1790776252746582 310.38211059570312496
v 17.40847396850585936 -0.80526441335678096 310.38211059570312496
v 16.74335289001464848 -0.53060883283615112 310.38211059570312496
v 18.12591361999511718 -0.86094361543655392 310.38211059570312496
v 18.8254470825195312 -0.69219619035720824 310.38211059570312496
v 19.4385967254638672 -0.31554028391838072 310.38211059570312496
v 19.90534400939941408 0.23215442895889284 310.38211059570312496
v 15.9805889129638672 2.63138294219970704 310.38211059570312496
v 15.81900119781494144 0.54928755760192872 310.38211059570312496
v 15.65025424957275392 1.24882054328918456 310.38211059570312496
v 16.19565773010253908 -0.06386201828718185 310.38211059570312496
v 19.69027519226074216 2.92739939689636224 310.38211059570312496
v 15.7059335708618164 1.96626174449920656 310.38211059570312496
v 20.23567771911621092 1.61471688747406008 310.38211059570312496
v 20.18000030517578124 0.89727574586868288 310.38211059570312496
v 20.06693077087402344 2.31424999237060548 310.38211059570312496
v -19.88223838806152336 -2.23751235008239748 310.182098388671875
v -19.5383358001708984 -2.79734468460083008 310.182098388671875
v -19.03826713562011719 -3.22350478172302248 310.182098388671875
v -18.43098068237304688 -3.47427725791931152 310.182098388671875
v -17.77592658996582032 -3.52511477470397952 310.182098388671875
v -17.1372222900390625 -3.37104105949401856 310.182098388671875
v -16.5773906707763672 -3.02713775634765625 310.182098388671875
v -16.1512298583984375 -2.5270686149597168 310.182098388671875
v -15.90045738220214848 -1.91978406906127936 310.182098388671875
v -15.84961986541748048 -1.26472902297973632 310.182098388671875
v -16.00369453430175781 -0.6260250210762024 310.182098388671875
v -16.3475971221923828 -0.06619282811880112 310.182098388671875
v -16.847665786743164 0.35996729135513304 310.182098388671875
v -17.4549503326416016 0.61073982715606688 310.182098388671875
v -18.11000633239746094 0.66157734394073488 310.182098388671875
v -18.74871063232421872 0.50750356912612912 310.182098388671875
v -19.30854225158691408 0.163600355386734 310.182098388671875
v -19.73470306396484368 -0.33646872639656068 310.182098388671875
v -19.9854755401611328 -0.94375336170196528 310.182098388671875
v -20.03631210327148437 -1.59880840778350832 310.182098388671875
v 16.00369453430175781 0.6260250210762024 310.182098388671875
v 16.3475971221923828 0.06619283556938171 310.182098388671875
v 16.847665786743164 -0.35996729135513304 310.182098388671875
v 17.4549503326416016 -0.61073976755142208 310.182098388671875
v 18.11000633239746094 -0.66157734394073488 310.182098388671875
v 18.74871063232421872 -0.50750356912612912 310.182098388671875
v 19.30854225158691408 -0.163600355386734 310.182098388671875
v 19.73470306396484368 0.33646872639656068 310.182098388671875
v 19.9854755401611328 0.94375336170196528 310.182098388671875
v 20.03631210327148437 1.59880840778350832 310.182098388671875
v 19.88223838806152336 2.23751235008239748 310.182098388671875
v 19.5383358001708984 2.79734468460083008 310.182098388671875
v 19.03826713562011719 3.22350478172302248 310.182098388671875
v 18.43098068237304688 3.47427725791931152 310.182098388671875
v 17.77592658996582032 3.52511477470397952 310.182098388671875
v 17.1372222900390625 3.37104105949401856 310.182098388671875
v 16.5773906707763672 3.02713775634765625 310.182098388671875
v 16.1512298583984375 2.5270686149597168 310.182098388671875
v 15.90045738220214848 1.91978406906127936 310.182098388671875
v 15.84961986541748048 1.26472902297973632 310.182098388671875
v -15.9805889129638672 -2.63138294219970704 310.182098388671875
v -16.44733619689941408 -3.1790776252746582 310.182098388671875
v -17.06048583984375 -3.55573368072509768 310.182098388671875
v -20.18000030517578124 -0.89727574586868288 310.182098388671875
v -19.90534400939941408 -0.23215442895889284 310.182098388671875
v -19.4385967254638672 0.31554028391838072 310.182098388671875
v -18.8254470825195312 0.69219619035720824 310.182098388671875
v -15.7059335708618164 -1.96626174449920656 310.182098388671875
v -17.7600173950195312 -3.72448110580444336 310.182098388671875
v -18.47745895385742184 -3.66880178451538088 310.182098388671875
v -19.14258003234863282 -3.39414620399475096 310.182098388671875
v -19.69027519226074216 -2.92739939689636224 310.182098388671875
v -20.06693077087402344 -2.31424999237060548 310.182098388671875
v -20.23567771911621092 -1.61471688747406008 310.182098388671875
v -18.12591361999511718 0.86094361543655392 310.182098388671875
v -17.40847396850585936 0.80526441335678096 310.182098388671875
v -16.74335289001464848 0.53060883283615112 310.182098388671875
v -16.19565773010253908 0.06386201828718185 310.182098388671875
v -15.81900119781494144 -0.54928755760192872 310.182098388671875
v -15.65025424957275392 -1.24882054328918456 310.182098388671875
v 17.40847396850585936 -0.80526441335678096 310.182098388671875
v 16.74335289001464848 -0.53060883283615112 310.182098388671875
v 19.90534400939941408 0.23215442895889284 310.182098388671875
v 19.4385967254638672 -0.31554028391838072 310.182098388671875
v 18.8254470825195312 -0.69219619035720824 310.182098388671875
v 18.12591361999511718 -0.86094361543655392 310.182098388671875
v 17.7600173950195312 3.72448110580444336 310.182098388671875
v 18.47745895385742184 3.66880178451538088 310.182098388671875
v 19.14258003234863282 3.39414620399475096 310.182098388671875
v 17.06048583984375 3.55573368072509768 310.182098388671875
v 16.19565773010253908 -0.06386201828718185 310.182098388671875
v 19.69027519226074216 2.92739939689636224 310.182098388671875
v 20.06693077087402344 2.31424999237060548 310.182098388671875
v 20.23567771911621092 1.61471688747406008 310.182098388671875
v 20.18000030517578124 0.89727574586868288 310.182098388671875
v 15.81900119781494144 0.54928755760192872 310.182098388671875
v 15.65025424957275392 1.24882054328918456 310.182098388671875
v 15.9805889129638672 2.63138294219970704 310.182098388671875
v 16.44733619689941408 3.1790776252746582 310.182098388671875
v 15.7059335708618164 1.96626174449920656 310.182098388671875
v -20.23567771911621092 -1.61471688747406008 307.58209228515625
v -20.18000030517578124 -0.89727574586868288 307.58209228515625
v -19.90534400939941408 -0.23215442895889284 307.58209228515625
v -19.4385967254638672 0.31554028391838072 307.58209228515625
v -18.8254470825195312 0.69219619035720824 307.58209228515625
v -18.12591361999511718 0.86094361543655392 307.58209228515625
v -17.40847396850585936 0.80526441335678096 307.58209228515625
v -16.74335289001464848 0.53060883283615112 307.58209228515625
v -16.19565773010253908 0.06386201828718185 307.58209228515625
v -15.81900119781494144 -0.54928755760192872 307.58209228515625
v -15.65025424957275392 -1.24882054328918456 307.58209228515625
v -15.7059335708618164 -1.96626174449920656 307.58209228515625
v -15.9805889129638672 -2.63138294219970704 307.58209228515625
v -16.44733619689941408 -3.1790776252746582 307.58209228515625
v -17.06048583984375 -3.55573368072509768 307.58209228515625
v -17.7600173950195312 -3.72448110580444336 307.58209228515625
v -18.47745895385742184 -3.66880178451538088 307.58209228515625
v -19.14258003234863282 -3.39414620399475096 307.58209228515625
v -19.69027519226074216 -2.92739939689636224 307.58209228515625
v -20.06693077087402344 -2.31424999237060548 307.58209228515625
v -15.45088768005371096 -1.23291194438934328 307.38211059570312496
v -15.511408805847168 -2.01273941993713379 307.38211059570312496
v -15.80994701385498048 -2.73569726943969728 307.38211059570312496
v -16.31727981567382812 -3.33101773262023924 307.38211059570312496
v -16.98374748229980464 -3.7404263019561768 307.38211059570312496
v -17.74411010742187504 -3.9238474369049072 307.38211059570312496
v -18.52393722534179688 -3.86332654953002928 307.38211059570312496
v -19.24689483642578124 -3.56478786468505856 307.38211059570312496
v -19.84221458435058592 -3.05745434761047363 307.38211059570312496
v -20.25162315368652344 -2.3909873962402344 307.38211059570312496
v -20.43504524230957032 -1.63062548637390136 307.38211059570312496
v -20.37452316284179688 -0.85079807043075568 307.38211059570312496
v -20.07598495483398438 -0.12784014642238616 307.38211059570312496
v -19.56865119934082032 0.46748018264770504 307.38211059570312496
v -18.90218544006347664 0.87688881158828736 307.38211059570312496
v -18.14182281494140624 1.06030988693237305 307.38211059570312496
v -17.3619956970214844 0.99978905916213984 307.38211059570312496
v -16.6390380859375 0.7012503147125244 307.38211059570312496
v -16.0437164306640625 0.19391685724258424 307.38211059570312496
v -15.63430881500244144 -0.47255003452301024 307.38211059570312496
v 15.65025424957275392 1.24882054328918456 307.58209228515625
v 15.7059335708618164 1.96626174449920656 307.58209228515625
v 15.9805889129638672 2.63138294219970704 307.58209228515625
v 16.44733619689941408 3.1790776252746582 307.58209228515625
v 17.06048583984375 3.55573368072509768 307.58209228515625
v 17.7600173950195312 3.72448110580444336 307.58209228515625
v 18.47745895385742184 3.66880178451538088 307.58209228515625
v 19.14258003234863282 3.39414620399475096 307.58209228515625
v 19.69027519226074216 2.92739939689636224 307.58209228515625
v 20.06693077087402344 2.31424999237060548 307.58209228515625
v 20.23567771911621092 1.61471688747406008 307.58209228515625
v 20.18000030517578124 0.89727574586868288 307.58209228515625
v 19.90534400939941408 0.23215442895889284 307.58209228515625
v 19.4385967254638672 -0.31554028391838072 307.58209228515625
v 18.8254470825195312 -0.69219619035720824 307.58209228515625
v 18.12591361999511718 -0.86094361543655392 307.58209228515625
v 17.40847396850585936 -0.80526441335678096 307.58209228515625
v 16.74335289001464848 -0.53060883283615112 307.58209228515625
v 16.19565773010253908 -0.06386201828718185 307.58209228515625
v 15.81900119781494144 0.54928755760192872 307.58209228515625
v 20.43504524230957032 1.63062548637390136 307.38211059570312496
v 20.37452316284179688 0.85079807043075568 307.38211059570312496
v 20.07598495483398438 0.12784014642238616 307.38211059570312496
v 19.56865119934082032 -0.46748018264770504 307.38211059570312496
v 18.90218544006347664 -0.87688881158828736 307.38211059570312496
v 18.14182281494140624 -1.06030988693237305 307.38211059570312496
v 17.3619956970214844 -0.99978905916213984 307.38211059570312496
v 16.6390380859375 -0.7012503147125244 307.38211059570312496
v 16.0437164306640625 -0.19391685724258424 307.38211059570312496
v 15.63430881500244144 0.47255003452301024 307.38211059570312496
v 15.45088768005371096 1.23291194438934328 307.38211059570312496
v 15.511408805847168 2.01273941993713379 307.38211059570312496
v 15.80994701385498048 2.73569726943969728 307.38211059570312496
v 16.31727981567382812 3.33101773262023924 307.38211059570312496
v 16.98374748229980464 3.7404263019561768 307.38211059570312496
v 17.74411010742187504 3.9238474369049072 307.38211059570312496
v 18.52393722534179688 3.86332654953002928 307.38211059570312496
v 19.24689483642578124 3.56478786468505856 307.38211059570312496
v 19.84221458435058592 3.05745434761047363 307.38211059570312496
v 20.25162315368652344 2.3909873962402344 307.38211059570312496
v -10.85310077667236336 3.17176485061645508 307.38211059570312496
v -5.16642522811889648 4.07944440841674805 307.38211059570312496
v -5.48940324783325192 3.63321757316589352 307.38211059570312496
v 13.92686653137207024 9.8962287902832032 307.38211059570312496
v 13.8675556182861328 9.13199806213378906 307.38211059570312496
v -1.97066795825958256 6.2809462547302246 307.38211059570312496
v 14.04730892181396484 8.3868436813354492 307.38211059570312496
v 4.84287834167480464 4.4587383270263672 307.38211059570312496
v -3.73445796966552736 5.42103672027587888 307.38211059570312496
v 1.90994071960449216 6.29967832565307616 307.38211059570312496
v -0.03177525475621223 6.58276605606079104 307.38211059570312496
v 3.68195009231567384 5.45683622360229496 307.38211059570312496
v 14.21943473815917968 10.60472774505615232 307.38211059570312496
v 14.71662139892578128 11.1881418228149414 307.38211059570312496
v 15.74044227600097664 6.94395112991333008 307.38211059570312496
v 16.50467300415039064 6.88464069366455072 307.38211059570312496
v 15.36975860595703128 11.58936214447021488 307.38211059570312496
v 16.1149139404296875 11.7691144943237304 307.38211059570312496
v 14.44852924346923832 7.73370599746704096 307.38211059570312496
v 16.8791446685791016 11.70980453491210936 307.38211059570312496
v 17.9029655456542968 7.46561384201049808 307.38211059570312496
v 18.4001522064208984 8.04902744293212891 307.38211059570312496
v 17.24982833862304688 7.06439352035522461 307.38211059570312496
v 15.03194332122802734 7.23651885986328124 307.38211059570312496
v 18.17105674743652344 10.9200496673583984 307.38211059570312496
v 17.5876426696777344 11.417236328125 307.38211059570312496
v 18.57227706909179688 10.26691246032714844 307.38211059570312496
v 18.75202941894531248 9.52175712585449216 307.38211059570312496
v 18.69272041320800784 8.75752639770507808 307.38211059570312496
v 2.88478374481201168 -5.91708040237426752 307.38211059570312496
v 1.01253068447113037 -6.50450611114501952 307.38211059570312496
v -0.94968998432159424 -6.5139780044555664 307.38211059570312496
v -2.82752656936645504 -5.94465398788452144 307.38211059570312496
v -6.56673383712768552 0.46024432778358456 307.38211059570312496
v -6.5619845390319824 -0.52361714839935304 307.38211059570312496
v -6.41065168380737304 -1.4957817792892456 307.38211059570312496
v -6.13933277130126954 2.37537574768066408 307.38211059570312496
v -4.45412492752075192 -4.84712171554565424 307.38211059570312496
v -5.68495512008666992 -3.31890130043029784 307.38211059570312496
v 6.42479276657104496 -1.43382465839385984 307.38211059570312496
v 6.5619845390319824 0.52361714839935304 307.38211059570312496
v 5.7167301177978516 -3.26386475563049316 307.38211059570312496
v 4.50071096420288088 -4.80389642715454096 307.38211059570312496
v 6.11611509323120118 2.43453311920166016 307.38211059570312496
v 5.1268019676208496 4.12913036346435546 307.38211059570312496
v -18.4001522064208984 -8.04902744293212891 307.38211059570312496
v -18.69272041320800784 -8.75752639770507808 307.38211059570312496
v -17.9029655456542968 -7.46561384201049808 307.38211059570312496
v -16.50467300415039064 -6.88464069366455072 307.38211059570312496
v -17.24982833862304688 -7.06439352035522461 307.38211059570312496
v -15.03194332122802734 -7.23651885986328124 307.38211059570312496
v -15.74044227600097664 -6.94395112991333008 307.38211059570312496
v -14.71662139892578128 -11.1881418228149414 307.38211059570312496
v -18.75202941894531248 -9.52175712585449216 307.38211059570312496
v -15.36975860595703128 -11.58936214447021488 307.38211059570312496
v -14.04730892181396484 -8.3868436813354492 307.38211059570312496
v -14.44852924346923832 -7.73370599746704096 307.38211059570312496
v -14.21943473815917968 -10.60472774505615232 307.38211059570312496
v -16.1149139404296875 -11.7691144943237304 307.38211059570312496
v -17.5876426696777344 -11.417236328125 307.38211059570312496
v -16.8791446685791016 -11.70980453491210936 307.38211059570312496
v -18.57227706909179688 -10.26691246032714844 307.38211059570312496
v -18.17105674743652344 -10.9200496673583984 307.38211059570312496
v -13.8675556182861328 -9.13199806213378906 307.38211059570312496
v -13.92686653137207024 -9.8962287902832032 307.38211059570312496
v 6.28676700592041016 -1.40302133560180664 307.440673828125
v 6.42101144790649416 0.51236808300018312 307.440673828125
v 5.59391593933105472 -3.19374608993530272 307.440673828125
v 6.2650752067565918 -1.49691069126129152 307.440673828125
v 4.4040207862854004 -4.70069265365600584 307.440673828125
v 5.49586963653564456 -3.35966134071350096 307.440673828125
v 2.82280898094177248 -5.78996181488037104 307.440673828125
v 4.188690185546875 -4.893545150756836 307.440673828125
v 0.99077820777893072 -6.36476755142211912 307.440673828125
v 2.4714927673339844 -5.94841432571411136 307.440673828125
v -0.92928749322891232 -6.37403583526611328 307.440673828125
v 0.51236808300018312 -6.42101144790649416 307.440673828125
v -2.76678204536437984 -5.81694316864013664 307.440673828125
v -1.49691069126129152 -6.2650752067565918 307.440673828125
v -4.35843563079833984 -4.7429895401000976 307.440673828125
v -3.35966134071350096 -5.49586963653564456 307.440673828125
v -5.56282329559326168 -3.24760007858276368 307.440673828125
v -4.893545150756836 -4.188690185546875 307.440673828125
v -6.27292966842651368 -1.46364748477935792 307.440673828125
v -5.94841432571411136 -2.4714927673339844 307.440673828125
v -6.42101144790649416 -0.51236808300018312 307.440673828125
v -6.42565870285034176 0.45035672187805176 307.440673828125
v -6.2650752067565918 1.49691069126129152 307.440673828125
v -6.00743961334228515 2.32434487342834472 307.440673828125
v -5.49586963653564456 3.35966134071350096 307.440673828125
v -5.05543327331542969 3.99180459976196288 307.440673828125
v -4.188690185546875 4.893545150756836 307.440673828125
v -3.65422940254211424 5.30457496643066408 307.440673828125
v -2.4714927673339844 5.94841432571411136 307.440673828125
v -1.92833137512207024 6.1460108757019043 307.440673828125
v -0.51236808300018312 6.42101144790649416 307.440673828125
v -0.03109261766076088 6.4413461685180664 307.440673828125
v 1.49691069126129152 6.2650752067565918 307.440673828125
v 1.86890888214111328 6.16434001922607422 307.440673828125
v 3.35966134071350096 5.49586963653564456 307.440673828125
v 3.60284972190856936 5.33960533142089844 307.440673828125
v 5.01666164398193359 4.04042291641235351 307.440673828125
v 4.893545150756836 4.188690185546875 307.440673828125
v 5.94841432571411136 2.4714927673339844 307.440673828125
v 5.98472070693969728 2.38223147392272952 307.440673828125
v 5.83573865890502928 -1.39432954788208008 307.88211059570312496
v 5.98098897933959968 0.4772562384605408 307.88211059570312496
v 5.11924552917480468 -3.12942862510681152 307.88211059570312496
v 3.90164542198181152 -4.5581974983215332 307.88211059570312496
v 2.30212473869323732 -5.54077816009521488 307.88211059570312496
v 0.4772562384605408 -5.98098897933959968 307.88211059570312496
v -1.39432954788208008 -5.83573865890502928 307.88211059570312496
v -3.12942862510681152 -5.11924552917480468 307.88211059570312496
v -4.5581974983215332 -3.90164542198181152 307.88211059570312496
v -5.54077816009521488 -2.30212473869323732 307.88211059570312496
v -5.98098897933959968 -0.4772562384605408 307.88211059570312496
v -5.83573865890502928 1.39432954788208008 307.88211059570312496
v -5.11924552917480468 3.12942862510681152 307.88211059570312496
v -3.90164542198181152 4.5581974983215332 307.88211059570312496
v -2.30212473869323732 5.54077816009521488 307.88211059570312496
v -0.4772562384605408 5.98098897933959968 307.88211059570312496
v 1.39432954788208008 5.83573865890502928 307.88211059570312496
v 3.12942862510681152 5.11924552917480468 307.88211059570312496
v 4.5581974983215332 3.90164542198181152 307.88211059570312496
v 5.54077816009521488 2.30212473869323732 307.88211059570312496
v -14.12139129638671876 -9.84975147247314448 307.58209228515625
v -14.39007568359375 -10.50041294097900392 307.58209228515625
v -14.8466758728027344 -11.03620147705078125 307.58209228515625
v -15.44649600982666016 -11.40466976165771488 307.58209228515625
v -16.13082122802734376 -11.56974887847900392 307.58209228515625
v -16.83266639709472656 -11.51527976989746096 307.58209228515625
v -17.48332977294921872 -11.24659442901611328 307.58209228515625
v -18.01911735534667968 -10.78999423980712896 307.58209228515625
v -18.38758468627929688 -10.19017410278320312 307.58209228515625
v -18.55266380310058592 -9.50584888458251952 307.58209228515625
v -18.49819564819335936 -8.80400371551513664 307.58209228515625
v -18.22950935363769532 -8.15334224700927734 307.58209228515625
v -17.77291107177734368 -7.6175537109375 307.58209228515625
v -17.17308998107910156 -7.2490859031677246 307.58209228515625
v -16.4887638092041016 -7.08400678634643555 307.58209228515625
v -15.7869195938110352 -7.13847589492797852 307.58209228515625
v -15.13625717163085938 -7.407160758972168 307.58209228515625
v -14.6004695892333984 -7.86376047134399408 307.58209228515625
v -14.23200130462646484 -8.46358108520507816 307.58209228515625
v -14.06692218780517578 -9.14790630340576172 307.58209228515625
v -14.06692218780517578 -9.14790630340576172 309.182098388671875
v -14.23200130462646484 -8.46358108520507816 309.182098388671875
v -14.6004695892333984 -7.86376047134399408 309.182098388671875
v -15.13625717163085938 -7.407160758972168 309.182098388671875
v -15.7869195938110352 -7.13847589492797852 309.182098388671875
v -16.4887638092041016 -7.08400678634643555 309.182098388671875
v -17.17308998107910156 -7.2490859031677246 309.182098388671875
v -17.77291107177734368 -7.6175537109375 309.182098388671875
v -18.22950935363769532 -8.15334224700927734 309.182098388671875
v -18.49819564819335936 -8.80400371551513664 309.182098388671875
v -18.55266380310058592 -9.50584888458251952 309.182098388671875
v -18.38758468627929688 -10.19017410278320312 309.182098388671875
v -18.01911735534667968 -10.78999423980712896 309.182098388671875
v -17.48332977294921872 -11.24659442901611328 309.182098388671875
v -16.83266639709472656 -11.51527976989746096 309.182098388671875
v -16.13082122802734376 -11.56974887847900392 309.182098388671875
v -15.44649600982666016 -11.40466976165771488 309.182098388671875
v -14.8466758728027344 -11.03620147705078125 309.182098388671875
v -14.39007568359375 -10.50041294097900392 309.182098388671875
v -14.12139129638671876 -9.84975147247314448 309.182098388671875
v -18.06051445007324219 -8.908578872680664 309.182098388671875
v -18.10408973693847656 -9.47005462646484376 309.182098388671875
v -17.84556770324707024 -8.38804912567138672 309.182098388671875
v -14.77401924133300784 -10.26570606231689452 309.182098388671875
v -14.55907154083251952 -9.74517631530761712 309.182098388671875
v -15.13929939270019532 -10.6943368911743164 309.182098388671875
v -17.4802875518798828 -7.9594182968139648 309.182098388671875
v -15.61915588378906248 -10.98911094665527344 309.182098388671875
v -16.16661643981933594 -11.12117385864257812 309.182098388671875
v -16.72809219360351568 -11.07759952545166016 309.182098388671875
v -17.00043106079101562 -7.66464424133300784 309.182098388671875
v -16.45297050476074216 -7.53258085250854496 309.182098388671875
v -15.89149475097656256 -7.57615613937377928 309.182098388671875
v -17.24862098693847656 -10.86265182495117184 309.182098388671875
v -17.6772518157958984 -10.4973716735839844 309.182098388671875
v -15.37096500396728512 -7.79110383987426752 309.182098388671875
v -14.94233417510986336 -8.15638446807861328 309.182098388671875
v -17.97202682495117184 -10.01751518249511718 309.182098388671875
v -14.64756011962890624 -8.63624000549316408 309.182098388671875
v -14.51549625396728512 -9.18370056152343752 309.182098388671875
v -18.10408973693847656 -9.47005462646484376 307.86111450195312496
v -17.97202682495117184 -10.01751518249511718 307.86111450195312496
v -17.6772518157958984 -10.4973716735839844 307.86111450195312496
v -17.24862098693847656 -10.86265182495117184 307.86111450195312496
v -16.72809219360351568 -11.07759952545166016 307.86111450195312496
v -16.16661643981933594 -11.12117385864257812 307.86111450195312496
v -15.61915588378906248 -10.98911094665527344 307.86111450195312496
v -15.13929939270019532 -10.6943368911743164 307.86111450195312496
v -14.77401924133300784 -10.26570606231689452 307.86111450195312496
v -14.55907154083251952 -9.74517631530761712 307.86111450195312496
v -14.51549625396728512 -9.18370056152343752 307.86111450195312496
v -14.64756011962890624 -8.63624000549316408 307.86111450195312496
v -14.94233417510986336 -8.15638446807861328 307.86111450195312496
v -15.37096500396728512 -7.79110383987426752 307.86111450195312496
v -15.89149475097656256 -7.57615613937377928 307.86111450195312496
v -16.45297050476074216 -7.53258085250854496 307.86111450195312496
v -17.00043106079101562 -7.66464424133300784 307.86111450195312496
v -17.4802875518798828 -7.9594182968139648 307.86111450195312496
v -17.84556770324707024 -8.38804912567138672 307.86111450195312496
v -18.06051445007324219 -8.908578872680664 307.86111450195312496
v -18.02934837341308594 -9.46765995025634768 307.76565551757812496
v -18.02963447570800781 -9.4641132354736328 307.76565551757812496
v -17.90305137634277344 -9.98885726928710944 307.76565551757812496
v -17.62051010131835936 -10.44880104064941408 307.76565551757812496
v -17.20966529846191408 -10.79892444610595696 307.76565551757812496
v -16.71073532104492184 -11.00495243072509765 307.76565551757812496
v -16.17255783081054688 -11.04671955108642578 307.76565551757812496
v -15.64781379699707032 -10.92013645172119136 307.76565551757812496
v -15.1878690719604492 -10.63759422302246096 307.76565551757812496
v -14.83774662017822272 -10.22674942016601564 307.76565551757812496
v -14.6317176818847656 -9.72781944274902336 307.76565551757812496
v -14.58967208862304688 -9.19318866729736328 307.76565551757812496
v -14.58995151519775392 -9.18964195251464844 307.76565551757812496
v -14.71653461456298832 -8.66489791870117184 307.76565551757812496
v -14.99907684326171872 -8.2049541473388672 307.76565551757812496
v -15.40992164611816408 -7.8548312187194824 307.76565551757812496
v -15.90885162353515632 -7.6488027572631836 307.76565551757812496
v -16.44702911376953128 -7.60703563690185544 307.76565551757812496
v -16.97177314758300784 -7.733619213104248 307.76565551757812496
v -17.43171691894531248 -8.01616191864013672 307.76565551757812496
v -17.78183937072753904 -8.4270057678222656 307.76565551757812496
v -17.98786735534667968 -8.92593669891357424 307.76565551757812496
v 18.49819564819335936 8.80400371551513664 307.58209228515625
v 18.22950935363769532 8.15334224700927734 307.58209228515625
v 17.77291107177734368 7.6175537109375 307.58209228515625
v 17.17308998107910156 7.2490859031677246 307.58209228515625
v 16.4887638092041016 7.08400678634643555 307.58209228515625
v 15.7869195938110352 7.13847589492797852 307.58209228515625
v 15.13625717163085938 7.407160758972168 307.58209228515625
v 14.6004695892333984 7.86376047134399408 307.58209228515625
v 14.23200130462646484 8.46358108520507816 307.58209228515625
v 14.06692218780517578 9.14790630340576172 307.58209228515625
v 14.12139129638671876 9.84975147247314448 307.58209228515625
v 14.39007568359375 10.50041294097900392 307.58209228515625
v 14.8466758728027344 11.03620147705078125 307.58209228515625
v 15.44649600982666016 11.40466976165771488 307.58209228515625
v 16.13082122802734376 11.56974887847900392 307.58209228515625
v 16.83266639709472656 11.51527976989746096 307.58209228515625
v 17.48332977294921872 11.24659442901611328 307.58209228515625
v 18.01911735534667968 10.78999423980712896 307.58209228515625
v 18.38758468627929688 10.19017410278320312 307.58209228515625
v 18.55266380310058592 9.50584888458251952 307.58209228515625
v 18.55266380310058592 9.50584888458251952 309.182098388671875
v 18.38758468627929688 10.19017410278320312 309.182098388671875
v 18.01911735534667968 10.78999423980712896 309.182098388671875
v 17.48332977294921872 11.24659442901611328 309.182098388671875
v 16.83266639709472656 11.51527976989746096 309.182098388671875
v 16.13082122802734376 11.56974887847900392 309.182098388671875
v 15.44649600982666016 11.40466976165771488 309.182098388671875
v 14.8466758728027344 11.03620147705078125 309.182098388671875
v 14.39007568359375 10.50041294097900392 309.182098388671875
v 14.12139129638671876 9.84975147247314448 309.182098388671875
v 14.06692218780517578 9.14790630340576172 309.182098388671875
v 14.23200130462646484 8.46358108520507816 309.182098388671875
v 14.6004695892333984 7.86376047134399408 309.182098388671875
v 15.13625717163085938 7.407160758972168 309.182098388671875
v 15.7869195938110352 7.13847589492797852 309.182098388671875
v 16.4887638092041016 7.08400678634643555 309.182098388671875
v 17.17308998107910156 7.2490859031677246 309.182098388671875
v 17.77291107177734368 7.6175537109375 309.182098388671875
v 18.22950935363769532 8.15334224700927734 309.182098388671875
v 18.49819564819335936 8.80400371551513664 309.182098388671875
v 15.61915588378906248 10.98911094665527344 309.182098388671875
v 15.13929939270019532 10.6943368911743164 309.182098388671875
v 16.16661643981933594 11.12117385864257812 309.182098388671875
v 15.89149475097656256 7.57615613937377928 309.182098388671875
v 16.45297050476074216 7.53258085250854496 309.182098388671875
v 15.37096500396728512 7.79110383987426752 309.182098388671875
v 14.77401924133300784 10.26570606231689452 309.182098388671875
v 14.94233417510986336 8.15638446807861328 309.182098388671875
v 14.64756011962890624 8.63624000549316408 309.182098388671875
v 14.51549625396728512 9.18370056152343752 309.182098388671875
v 16.72809219360351568 11.07759952545166016 309.182098388671875
v 17.00043106079101562 7.66464424133300784 309.182098388671875
v 17.4802875518798828 7.9594182968139648 309.182098388671875
v 17.24862098693847656 10.86265182495117184 309.182098388671875
v 17.6772518157958984 10.4973716735839844 309.182098388671875
v 17.97202682495117184 10.01751518249511718 309.182098388671875
v 17.84556770324707024 8.38804912567138672 309.182098388671875
v 18.06051445007324219 8.908578872680664 309.182098388671875
v 14.55907154083251952 9.74517631530761712 309.182098388671875
v 18.10408973693847656 9.47005462646484376 309.182098388671875
v 14.51549625396728512 9.18370056152343752 307.85812377929687504
v 14.64756011962890624 8.63624000549316408 307.85812377929687504
v 14.94233417510986336 8.15638446807861328 307.85812377929687504
v 15.37096500396728512 7.79110383987426752 307.85812377929687504
v 15.89149475097656256 7.57615613937377928 307.85812377929687504
v 16.45297050476074216 7.53258085250854496 307.85812377929687504
v 17.00043106079101562 7.66464424133300784 307.85812377929687504
v 17.4802875518798828 7.9594182968139648 307.85812377929687504
v 17.84556770324707024 8.38804912567138672 307.85812377929687504
v 18.06051445007324219 8.908578872680664 307.85812377929687504
v 18.10408973693847656 9.47005462646484376 307.85812377929687504
v 17.97202682495117184 10.01751518249511718 307.85812377929687504
v 17.6772518157958984 10.4973716735839844 307.85812377929687504
v 17.24862098693847656 10.86265182495117184 307.85812377929687504
v 16.72809219360351568 11.07759952545166016 307.85812377929687504
v 16.16661643981933594 11.12117385864257812 307.85812377929687504
v 15.61915588378906248 10.98911094665527344 307.85812377929687504
v 15.13929939270019532 10.6943368911743164 307.85812377929687504
v 14.77401924133300784 10.26570606231689452 307.85812377929687504
v 14.55907154083251952 9.74517631530761712 307.85812377929687504
v 14.59317970275878904 9.18633556365966796 307.7650146484375
v 14.5928945541381836 9.18987655639648436 307.7650146484375
v 14.71926021575927736 8.66603088378906248 307.7650146484375
v 15.00131988525390625 8.20687389373779296 307.7650146484375
v 15.41146087646484376 7.85734987258911136 307.7650146484375
v 15.90953731536865232 7.65167379379272464 307.7650146484375
v 16.44679450988769528 7.60997867584228512 307.7650146484375
v 16.97064018249511712 7.73634529113769536 307.7650146484375
v 17.42979621887207032 8.01840400695800781 307.7650146484375
v 17.77932167053222656 8.42854595184326168 307.7650146484375
v 17.9849967956542968 8.92662239074707024 307.7650146484375
v 18.02697181701660156 9.46033668518066408 307.7650146484375
v 18.02669143676757812 9.46387863159179688 307.7650146484375
v 17.90032577514648432 9.98772430419921872 307.7650146484375
v 17.61826705932617184 10.44688129425048832 307.7650146484375
v 17.20812416076660156 10.79640579223632816 307.7650146484375
v 16.71004867553710936 11.00208091735839843 307.7650146484375
v 16.17279243469238282 11.04377651214599609 307.7650146484375
v 15.64894676208496096 10.91740989685058592 307.7650146484375
v 15.189788818359375 10.63535118103027344 307.7650146484375
v 14.84026527404785152 10.22520923614501952 307.7650146484375
v 14.63458919525146488 9.72713279724121088 307.7650146484375
v -15.6159658432006836 -9.85926342010498048 307.62887573242187504
v -16.88973617553710944 -9.96090412139892576 307.62722778320312496
v -16.98294258117675776 -8.79284191131591792 307.62722778320312496
v -15.709172248840332 -8.69120121002197264 307.62887573242187504
v -15.92457675933837888 -10.3684720993041992 307.65765380859375
v -16.22145652770996092 -10.4339046478271484 307.65765380859375
v -16.5249576568603516 -10.4163799285888672 307.65765380859375
v -16.58603096008300784 -9.65102195739746096 307.59317016601562496
v -15.26819801330566408 -8.94166088104248048 307.65765380859375
v -15.20276641845703124 -9.23854160308837892 307.65765380859375
v -15.22029113769531248 -9.54204273223876952 307.65765380859375
v -15.2024831771850586 -9.24213695526123048 307.65765380859375
v -15.637394905090332 -9.57532501220703128 307.61349487304687504
v -16.3981285095214844 -8.2198505401611328 307.65765380859375
v -16.6950092315673828 -8.28528308868408204 307.65765380859375
v -16.09462928771972656 -8.23737525939941408 307.65765380859375
v -16.03355598449707031 -9.00273323059082031 307.59317016601562496
v -16.63393783569335936 -9.05064105987548828 307.59317016601562496
v -16.96147537231445312 -9.07677650451660156 307.61184692382812496
v -17.35138702392578124 -9.7120943069458008 307.65765380859375
v -17.41652679443359376 -9.41880798339843752 307.65765380859375
v -17.41682052612304688 -9.41521358489990232 307.65765380859375
v -17.3992958068847656 -9.11171245574951172 307.65765380859375
v -16.9135684967041016 -9.67715835571289064 307.61184692382812496
v -15.685302734375 -8.97494411468505856 307.61349487304687504
v -15.9856481552124024 -9.60311412811279296 307.59317016601562496
v -16.52506828308105472 -9.14342021942138672 307.68527221679687504
v -17.3124980926513672 -9.20625305175781248 307.7435302734375
v -16.58790206909179688 -8.3559894561767578 307.7435302734375
v -16.18916893005371092 -8.32417201995849608 307.7435302734375
v -16.12633514404296876 -9.111602783203125 307.68527221679687504
v -16.38933563232421872 -8.3300466537475586 307.75201416015624992
v -16.5870952606201172 -8.3660945892333984 307.75201416015624992
v -16.18836212158203124 -8.33427810668945312 307.75201416015624992
v -16.52506828308105472 -9.14342021942138672 308.182098388671875
v -16.5870952606201172 -8.3660945892333984 308.182098388671875
v -16.38933563232421872 -8.3300466537475586 308.182098388671875
v -16.18836212158203124 -8.33427810668945312 308.182098388671875
v -17.30239295959472656 -9.2054471969604492 308.182098388671875
v -17.30239295959472656 -9.2054471969604492 307.75201416015624992
v -17.30662536621093752 -9.40642070770263672 307.75201416015624992
v -17.28068161010742188 -9.6049861907958984 307.7435302734375
v -17.27057647705078124 -9.60417938232421872 307.75201416015624992
v -17.30662536621093752 -9.40642070770263672 308.182098388671875
v -17.27057647705078124 -9.60417938232421872 308.182098388671875
v -16.49325180053710936 -9.54215240478515624 307.68527221679687504
v -16.12633514404296876 -9.111602783203125 308.182098388671875
v -15.33890438079833984 -9.04876899719238281 307.7435302734375
v -15.34901046752929688 -9.0495758056640625 307.75201416015624992
v -15.34901046752929688 -9.0495758056640625 308.182098388671875
v -15.31296157836914064 -9.24733543395996092 307.75201416015624992
v -15.30708789825439452 -9.44750213623046872 307.7435302734375
v -15.31719303131103516 -9.448307991027832 307.75201416015624992
v -15.31296157836914064 -9.24733543395996092 308.182098388671875
v -15.31719303131103516 -9.448307991027832 308.182098388671875
v -16.09451866149902344 -9.51033496856689456 307.68527221679687504
v -16.09451866149902344 -9.51033496856689456 308.182098388671875
v -16.03168487548828125 -10.29776573181152344 307.7435302734375
v -16.03249168395996094 -10.2876605987548828 307.75201416015624992
v -16.03249168395996094 -10.2876605987548828 308.182098388671875
v -16.23025131225585936 -10.32370948791503908 308.182098388671875
v -16.49325180053710936 -9.54215240478515624 308.182098388671875
v -16.43122291564941408 -10.31947803497314452 308.182098388671875
v -16.23025131225585936 -10.32370948791503908 307.75201416015624992
v -16.4304180145263672 -10.32958316802978516 307.7435302734375
v -16.43122291564941408 -10.31947803497314452 307.75201416015624992
v 17.00242233276367187 8.7954158782958984 307.62869262695312496
v 15.73084926605224608 8.69394969940185544 307.6270751953125
v 15.63780498504638672 9.85998630523681648 307.6270751953125
v 16.90937805175781248 9.96145248413085936 307.62869262695312496
v 16.6950092315673828 8.28528308868408204 307.65765380859375
v 16.3981285095214844 8.2198505401611328 307.65765380859375
v 16.09462928771972656 8.23737525939941408 307.65765380859375
v 16.03355598449707031 9.00273323059082031 307.59317016601562496
v 17.35138702392578124 9.7120943069458008 307.65765380859375
v 17.41682052612304688 9.41521358489990232 307.65765380859375
v 17.3992958068847656 9.11171245574951172 307.65765380859375
v 17.41710281372070312 9.4116249084472656 307.65765380859375
v 16.9810676574707032 9.07834053039550781 307.6134033203125
v 16.22145652770996092 10.4339046478271484 307.65765380859375
v 15.92457675933837888 10.3684720993041992 307.65765380859375
v 16.5249576568603516 10.4163799285888672 307.65765380859375
v 16.58603096008300784 9.65102195739746096 307.59317016601562496
v 15.9856481552124024 9.60311412811279296 307.59317016601562496
v 15.65919876098632816 9.57706546783447264 307.61178588867187504
v 15.26819896697998048 8.94166088104248048 307.65765380859375
v 15.20305824279785156 9.2349538803100586 307.65765380859375
v 15.20276641845703124 9.23854160308837892 307.65765380859375
v 15.22029113769531248 9.54204273223876952 307.65765380859375
v 15.70710659027099608 8.97668361663818352 307.61178588867187504
v 16.93315887451171872 9.67872142791748048 307.6134033203125
v 16.63393783569335936 9.05064105987548828 307.59317016601562496
v 16.09451866149902344 9.51033496856689456 307.68527221679687504
v 15.30708789825439452 9.44750213623046872 307.7435302734375
v 16.03168487548828125 10.29776573181152344 307.7435302734375
v 16.4304180145263672 10.32958316802978516 307.7435302734375
v 16.49325180053710936 9.54215240478515624 307.68527221679687504
v 16.23025131225585936 10.32370948791503908 307.75201416015624992
v 16.03249168395996094 10.2876605987548828 307.75201416015624992
v 16.43122291564941408 10.31947803497314452 307.75201416015624992
v 16.09451866149902344 9.51033496856689456 308.182098388671875
v 16.03249168395996094 10.2876605987548828 308.182098388671875
v 16.23025131225585936 10.32370948791503908 308.182098388671875
v 16.43122291564941408 10.31947803497314452 308.182098388671875
v 15.31719303131103516 9.448307991027832 308.182098388671875
v 15.31719303131103516 9.448307991027832 307.75201416015624992
v 15.33890438079833984 9.04876899719238281 307.7435302734375
v 15.31296157836914064 9.24733543395996092 307.75201416015624992
v 15.34901046752929688 9.0495758056640625 307.75201416015624992
v 15.31296157836914064 9.24733543395996092 308.182098388671875
v 15.34901046752929688 9.0495758056640625 308.182098388671875
v 16.12633514404296876 9.111602783203125 307.68527221679687504
v 16.49325180053710936 9.54215240478515624 308.182098388671875
v 17.28068161010742188 9.6049861907958984 307.7435302734375
v 17.27057647705078124 9.60417938232421872 307.75201416015624992
v 17.27057647705078124 9.60417938232421872 308.182098388671875
v 17.30662536621093752 9.40642070770263672 307.75201416015624992
v 17.3124980926513672 9.20625305175781248 307.7435302734375
v 17.30239295959472656 9.2054471969604492 307.75201416015624992
v 17.30239295959472656 9.2054471969604492 308.182098388671875
v 17.30662536621093752 9.40642070770263672 308.182098388671875
v 16.52506828308105472 9.14342021942138672 307.68527221679687504
v 16.52506828308105472 9.14342021942138672 308.182098388671875
v 16.58790206909179688 8.3559894561767578 307.7435302734375
v 16.5870952606201172 8.3660945892333984 307.75201416015624992
v 16.5870952606201172 8.3660945892333984 308.182098388671875
v 16.38933563232421872 8.3300466537475586 308.182098388671875
v 16.12633514404296876 9.111602783203125 308.182098388671875
v 16.18836212158203124 8.33427810668945312 308.182098388671875
v 16.38933563232421872 8.3300466537475586 307.75201416015624992
v 16.18916893005371092 8.32417201995849608 307.7435302734375
v 16.18836212158203124 8.33427810668945312 307.75201416015624992
# 3612 vertices

vn 0.96592581272125248 0 -0.25881904363632204
vn -0.7327086925506592 0.141313835978508 -0.66570895910263064
vn 0.7327086925506592 -0.141313835978508 0.66570895910263064
vn -0.98242139816284176 0.14133034646511078 -0.12195859849452972
vn 0.98242139816284176 -0.14133034646511078 0.12195859849452972
vn -0.49338185787200928 0.14132021367549896 -0.85825574398040768
vn 0.09187275171279908 0.99226599931716912 0.08347180485725403
vn -0.6196396350860596 0.14131581783294678 -0.772059977054596
vn -0.54256170988082888 0.68016749620437624 -0.49294924736022952
vn -0.67813086509704592 0.14131450653076172 -0.72122728824615472
vn -0.69046705961227416 0.36015596985816956 -0.62732994556427
vn -0.63167786598205568 0.52115541696548464 -0.573916494846344
vn -0.63903540372848512 0.36015748977661132 -0.67964720726013184
vn -0.58462488651275632 0.52115720510482792 -0.62177884578704832
vn -0.50214642286300656 0.68016922473907472 -0.53405874967575072
vn -0.26736512780189516 0.9324737191200256 -0.24291694164276124
vn -0.42042061686515808 0.82300680875778192 -0.38197687268257144
vn -0.09187275171279908 0.99226599931716912 -0.08347180485725403
vn -0.24744868278503416 0.93247431516647344 -0.26317450404167176
vn -0.38910320401191712 0.82300806045532224 -0.41383141279220584
vn -0.08502896130084991 0.99226611852645872 -0.09043270349502564
vn -0.45883259177207944 0.68017268180847168 -0.57169723510742184
vn -0.55784088373184208 0.14131774008274078 -0.81782811880111696
vn -0.58391571044921872 0.36016044020652772 -0.72754853963851936
vn -0.53419762849807736 0.5211607813835144 -0.66560071706771848
vn -0.52567899227142336 0.36016479134559632 -0.77067691087722784
vn -0.48091858625411984 0.52116608619689944 -0.70505547523498536
vn -0.41306912899017336 0.6801777482032776 -0.6055840849876404
vn -0.22610352933406828 0.93247544765472416 -0.28172096610069276
vn -0.3555394411087036 0.82301056385040288 -0.44299581646919248
vn -0.07769419997930527 0.99226623773574832 -0.09680559486150742
vn -0.20355106890201568 0.93247717618942256 -0.29841804504394532
vn -0.32007738947868348 0.82301425933837888 -0.46925261616706848
vn -0.06994456052780151 0.99226647615432736 -0.1025429144501686
vn 0.07769419997930527 0.99226623773574832 0.09680559486150742
vn 0.63167786598205568 0.52115541696548464 0.573916494846344
vn 0.08502896130084991 0.99226611852645872 0.09043270349502564
vn 0.42042061686515808 0.82300680875778192 0.38197687268257144
vn 0.26736512780189516 0.9324737191200256 0.24291694164276124
vn 0.54256170988082888 0.68016749620437624 0.49294924736022952
vn 0.38910320401191712 0.82300806045532224 0.41383141279220584
vn 0.24744868278503416 0.93247431516647344 0.26317450404167176
vn 0.50214642286300656 0.68016922473907472 0.53405874967575072
vn 0.58462488651275632 0.52115720510482792 0.62177884578704832
vn 0.7327086925506592 0.141313835978508 0.66570895910263064
vn 0.69046705961227416 0.36015596985816956 0.62732994556427
vn 0.67813086509704592 0.14131450653076172 0.72122728824615472
vn 0.63903540372848512 0.36015748977661132 0.67964720726013184
vn 0.53419762849807736 0.5211607813835144 0.66560071706771848
vn 0.06994456052780151 0.99226647615432736 0.1025429144501686
vn 0.3555394411087036 0.82301056385040288 0.44299581646919248
vn 0.22610352933406828 0.93247544765472416 0.28172096610069276
vn 0.45883259177207944 0.68017268180847168 0.57169723510742184
vn 0.32007738947868348 0.82301425933837888 0.46925261616706848
vn 0.20355106890201568 0.93247717618942256 0.29841804504394532
vn 0.41306912899017336 0.6801777482032776 0.6055840849876404
vn 0.48091858625411984 0.52116608619689944 0.70505547523498536
vn 0.6196396350860596 0.14131581783294678 0.772059977054596
vn 0.58391571044921872 0.36016044020652772 0.72754853963851936
vn 0.55784088373184208 0.14131774008274078 0.81782811880111696
vn 0.52567899227142336 0.36016479134559632 0.77067691087722784
vn 0.06186133623123169 0.99226671457290656 0.1076100543141365
vn -0.3591541349887848 0.14132659137248992 -0.92251563072204592
vn -0.36533573269844056 0.68018430471420288 -0.63551485538482664
vn -0.42693042755126952 0.14132319390773774 -0.893173098564148
vn -0.46493542194366456 0.3601703941822052 -0.8087721467018128
vn -0.42534610629081728 0.52117288112640384 -0.739905059337616
vn -0.40231433510780336 0.3601771295070648 -0.84167426824569696
vn -0.36805611848831176 0.521181046962738 -0.77000325918197632
vn -0.3161272406578064 0.6801921725273132 -0.66136389970779416
vn -0.18002782762050628 0.93247932195663456 -0.31316494941711424
vn -0.2830888330936432 0.82301902770996096 -0.492443323135376
vn -0.06186133623123169 0.99226671457290656 -0.1076100543141365
vn -0.15577781200408936 0.93248194456100464 -0.32589983940124512
vn -0.2449573576450348 0.82302469015121456 -0.51247072219848632
vn -0.05352839455008507 0.9922670722007752 -0.11198574304580688
vn -0.2659383714199066 0.68020117282867432 -0.68308359384536744
vn -0.2902366816997528 0.15200531482696534 -0.94480532407760624
vn -0.33844500780105592 0.36018484830856324 -0.869322657585144
vn -0.30962437391281128 0.52119034528732296 -0.79529452323913568
vn -0.2765066623687744 0.36022481322288512 -0.8909445405006408
vn -0.25514429807662964 0.42637449502944944 -0.86781692504882816
vn -0.21145188808441164 0.65491145849227904 -0.7255198955535888
vn -0.13104495406150818 0.93248492479324336 -0.33659929037094116
vn -0.20606642961502076 0.82303124666213984 -0.5292978286743164
vn -0.04502955824136734 0.99226742982864384 -0.11566196382045746
vn -0.09802540391683578 0.94263744354248048 -0.31910139322280884
vn -0.16768720746040344 0.8230541348457336 -0.54264438152313232
vn -0.02058668062090873 0.99753952026367184 -0.06701567023992538
vn -0.04687535390257835 0.99225664138793952 -0.11501945555210114
vn 0.04502955824136734 0.99226742982864384 0.11566196382045746
vn 0.42534610629081728 0.52117288112640384 0.739905059337616
vn 0.05352839455008507 0.9922670722007752 0.11198574304580688
vn 0.2830888330936432 0.82301902770996096 0.492443323135376
vn 0.18002782762050628 0.93247932195663456 0.31316494941711424
vn 0.36533573269844056 0.68018430471420288 0.63551485538482664
vn 0.2449573576450348 0.82302469015121456 0.51247072219848632
vn 0.15577781200408936 0.93248194456100464 0.32589983940124512
vn 0.3161272406578064 0.6801921725273132 0.66136389970779416
vn 0.36805611848831176 0.521181046962738 0.77000325918197632
vn 0.49338185787200928 0.14132021367549896 0.85825574398040768
vn 0.46493542194366456 0.3601703941822052 0.8087721467018128
vn 0.42693042755126952 0.14132319390773774 0.893173098564148
vn 0.40231433510780336 0.3601771295070648 0.84167426824569696
vn 0.30962437391281128 0.52119034528732296 0.79529452323913568
vn 0.05678342655301094 0.98112553358078 0.18484666943550108
vn 0.02569738961756229 0.99215286970138544 0.12236123532056808
vn 0.20606642961502076 0.82303124666213984 0.5292978286743164
vn 0.13104495406150818 0.93248492479324336 0.33659929037094116
vn 0.2659383714199066 0.68020117282867432 0.68308359384536744
vn 0.16762273013591766 0.8451276421546936 0.50760406255722048
vn 0.09752187877893448 0.9323400855064392 0.34818312525749208
vn 0.21752135455608368 0.6802523136138916 0.6999580264091492
vn 0.3591541349887848 0.14132659137248992 0.92251563072204592
vn 0.33844500780105592 0.36018484830856324 0.869322657585144
vn 0.29070144891738892 0.14133034646511078 0.94631832838058464
vn 0.28198021650314332 0.41075828671455384 0.86704373359680176
vn -0.09187275171279908 -0.99226599931716912 -0.08347180485725403
vn 0.49338185787200928 -0.14132021367549896 0.85825574398040768
vn 0.54256170988082888 -0.68016749620437624 0.49294924736022952
vn 0.6196396350860596 -0.14131581783294678 0.772059977054596
vn 0.69046705961227416 -0.36015596985816956 0.62732994556427
vn 0.67813086509704592 -0.14131450653076172 0.72122728824615472
vn 0.63903540372848512 -0.36015748977661132 0.67964720726013184
vn 0.63167786598205568 -0.52115541696548464 0.573916494846344
vn 0.58462488651275632 -0.52115720510482792 0.62177884578704832
vn 0.58391571044921872 -0.36016044020652772 0.72754853963851936
vn 0.55784088373184208 -0.14131774008274078 0.81782811880111696
vn 0.52567899227142336 -0.36016479134559632 0.77067691087722784
vn 0.53419762849807736 -0.5211607813835144 0.66560071706771848
vn 0.48091858625411984 -0.52116608619689944 0.70505547523498536
vn 0.45883259177207944 -0.68017268180847168 0.57169723510742184
vn 0.26736512780189516 -0.9324737191200256 0.24291694164276124
vn 0.50214642286300656 -0.68016922473907472 0.53405874967575072
vn 0.42042061686515808 -0.82300680875778192 0.38197687268257144
vn 0.38910320401191712 -0.82300806045532224 0.41383141279220584
vn 0.24744868278503416 -0.93247431516647344 0.26317450404167176
vn 0.09187275171279908 -0.99226599931716912 0.08347180485725403
vn 0.08502896130084991 -0.99226611852645872 0.09043270349502564
vn 0.22610352933406828 -0.93247544765472416 0.28172096610069276
vn 0.41306912899017336 -0.6801777482032776 0.6055840849876404
vn 0.3555394411087036 -0.82301056385040288 0.44299581646919248
vn 0.32007738947868348 -0.82301425933837888 0.46925261616706848
vn 0.20355106890201568 -0.93247717618942256 0.29841804504394532
vn 0.07769419997930527 -0.99226623773574832 0.09680559486150742
vn 0.06994456052780151 -0.99226647615432736 0.1025429144501686
vn 0.36533573269844056 -0.68018430471420288 0.63551485538482664
vn 0.3591541349887848 -0.14132659137248992 0.92251563072204592
vn 0.46493542194366456 -0.3601703941822052 0.8087721467018128
vn 0.42693042755126952 -0.14132319390773774 0.893173098564148
vn 0.40231433510780336 -0.3601771295070648 0.84167426824569696
vn 0.42534610629081728 -0.52117288112640384 0.739905059337616
vn 0.36805611848831176 -0.521181046962738 0.77000325918197632
vn 0.33844500780105592 -0.36018484830856324 0.869322657585144
vn 0.28811857104301452 -0.14131611585617066 0.94711005687713616
vn 0.29403826594352724 -0.15661868453025818 0.94287437200546272
vn 0.27170699834823608 -0.36016386747360228 0.8924445509910584
vn 0.30962437391281128 -0.52119034528732296 0.79529452323913568
vn 0.2659383714199066 -0.68020117282867432 0.68308359384536744
vn 0.18002782762050628 -0.93247932195663456 0.31316494941711424
vn 0.3161272406578064 -0.6801921725273132 0.66136389970779416
vn 0.2830888330936432 -0.82301902770996096 0.492443323135376
vn 0.2449573576450348 -0.82302469015121456 0.51247072219848632
vn 0.15577781200408936 -0.93248194456100464 0.32589983940124512
vn 0.06186133623123169 -0.99226671457290656 0.1076100543141365
vn 0.05352839455008507 -0.9922670722007752 0.11198574304580688
vn 0.13104495406150818 -0.93248492479324336 0.33659929037094116
vn 0.23732374608516692 -0.64647775888442992 0.7250820398330688
vn 0.20606642961502076 -0.82303124666213984 0.5292978286743164
vn 0.16761717200279236 -0.82305294275283808 0.54266780614852904
vn 0.09961088746786118 -0.94070792198181152 0.32426258921623228
vn 0.04502955824136734 -0.99226742982864384 0.11566196382045746
vn 0.02070463448762893 -0.99865496158599856 0.04753515496850014
vn 0.02612671069800853 -0.99215996265411376 0.12221305817365646
vn -0.06186133623123169 -0.99226671457290656 -0.1076100543141365
vn -0.63167786598205568 -0.52115541696548464 -0.573916494846344
vn -0.07769419997930527 -0.99226623773574832 -0.09680559486150742
vn -0.42042061686515808 -0.82300680875778192 -0.38197687268257144
vn -0.08502896130084991 -0.99226611852645872 -0.09043270349502564
vn -0.26736512780189516 -0.9324737191200256 -0.24291694164276124
vn -0.24744868278503416 -0.93247431516647344 -0.26317450404167176
vn -0.38910320401191712 -0.82300806045532224 -0.41383141279220584
vn -0.54256170988082888 -0.68016749620437624 -0.49294924736022952
vn -0.50214642286300656 -0.68016922473907472 -0.53405874967575072
vn -0.3555394411087036 -0.82301056385040288 -0.44299581646919248
vn -0.06994456052780151 -0.99226647615432736 -0.1025429144501686
vn -0.22610352933406828 -0.93247544765472416 -0.28172096610069276
vn -0.20355106890201568 -0.93247717618942256 -0.29841804504394532
vn -0.32007738947868348 -0.82301425933837888 -0.46925261616706848
vn -0.45883259177207944 -0.68017268180847168 -0.57169723510742184
vn -0.41306912899017336 -0.6801777482032776 -0.6055840849876404
vn -0.53419762849807736 -0.5211607813835144 -0.66560071706771848
vn -0.7327086925506592 -0.141313835978508 -0.66570895910263064
vn -0.58462488651275632 -0.52115720510482792 -0.62177884578704832
vn -0.69046705961227416 -0.36015596985816956 -0.62732994556427
vn -0.63903540372848512 -0.36015748977661132 -0.67964720726013184
vn -0.67813086509704592 -0.14131450653076172 -0.72122728824615472
vn -0.6196396350860596 -0.14131581783294678 -0.772059977054596
vn -0.48091858625411984 -0.52116608619689944 -0.70505547523498536
vn -0.58391571044921872 -0.36016044020652772 -0.72754853963851936
vn -0.52567899227142336 -0.36016479134559632 -0.77067691087722784
vn -0.55784088373184208 -0.14131774008274078 -0.81782811880111696
vn -0.42534610629081728 -0.52117288112640384 -0.739905059337616
vn -0.04502955824136734 -0.99226742982864384 -0.11566196382045746
vn -0.2830888330936432 -0.82301902770996096 -0.492443323135376
vn -0.05352839455008507 -0.9922670722007752 -0.11198574304580688
vn -0.18002782762050628 -0.93247932195663456 -0.31316494941711424
vn -0.15577781200408936 -0.93248194456100464 -0.32589983940124512
vn -0.2449573576450348 -0.82302469015121456 -0.51247072219848632
vn -0.36533573269844056 -0.68018430471420288 -0.63551485538482664
vn -0.3161272406578064 -0.6801921725273132 -0.66136389970779416
vn -0.20606642961502076 -0.82303124666213984 -0.5292978286743164
vn -0.04393143579363823 -0.98874580860137936 -0.14300967752933502
vn -0.13104495406150818 -0.93248492479324336 -0.33659929037094116
vn -0.11581768095493316 -0.93256449699401856 -0.34192061424255372
vn -0.12185252457857132 -0.90983974933624272 -0.396665632724762
vn -0.17404943704605102 -0.82314407825469968 -0.54050034284591672
vn -0.2659383714199066 -0.68020117282867432 -0.68308359384536744
vn -0.19829851388931276 -0.7057668566703796 -0.68012559413909912
vn -0.30962437391281128 -0.52119034528732296 -0.79529452323913568
vn -0.49338185787200928 -0.14132021367549896 -0.85825574398040768
vn -0.36805611848831176 -0.521181046962738 -0.77000325918197632
vn -0.46493542194366456 -0.3601703941822052 -0.8087721467018128
vn -0.40231433510780336 -0.3601771295070648 -0.84167426824569696
vn -0.42693042755126952 -0.14132319390773774 -0.893173098564148
vn -0.3591541349887848 -0.14132659137248992 -0.92251563072204592
vn -0.25061005353927612 -0.5212005972862244 -0.81580913066864016
vn -0.33844500780105592 -0.36018484830856324 -0.869322657585144
vn -0.27939119935035704 -0.30781507492065428 -0.90950012207031248
vn -0.29983535408973692 -0.1413724273443222 -0.94345778226852416
vn -0.2926664650440216 -0.02228562720119953 -0.95595484972000128
vn 0.90227156877517696 -0.14131774008274078 0.40735164284706112
vn -0.15635885298252106 -0.98767060041427616 -0.007662043441087
vn 0.95373946428298944 -0.14132319390773774 0.265346497297287
vn 0.70019388198852536 -0.70649802684783936 0.10290339589118958
vn 0.97086703777313232 -0.14132659137248992 0.19350461661815644
vn 0.9262093901634216 -0.36014890670776368 0.111485093832016
vn 0.9484127759933472 -0.294365793466568 0.11773674190044404
vn 0.84721529483795168 -0.52116495370864872 0.10302112251520156
vn 0.9148860573768616 -0.36018484830856324 0.18234698474407196
vn 0.8369778990745544 -0.52119034528732296 0.1668190360069275
vn 0.7188857197761536 -0.68020117282867432 0.14328193664550782
vn 0.38854855298995968 -0.92016488313674928 0.0482347346842289
vn 0.56506305932998656 -0.822835385799408 0.06037886068224907
vn 0.12316953390836716 -0.99226784706115728 0.01529036648571491
vn 0.3542413115501404 -0.93248492479324336 0.07060424238443375
vn 0.55703967809677128 -0.82303124666213984 0.11102421581745148
vn 0.12172409892082214 -0.99226742982864384 0.02426096983253956
vn 0.70621120929718016 -0.6801921725273132 0.196479931473732
vn 0.93089175224304192 -0.14132021367549896 0.33685174584388732
vn 0.89874851703643792 -0.3601771295070648 0.25004708766937256
vn 0.82221746444702144 -0.521181046962738 0.22875484824180604
vn 0.87722021341323856 -0.3601703941822052 0.31743019819259644
vn 0.80252486467361456 -0.52117288112640384 0.29040098190307616
vn 0.68929982185363768 -0.68018430471420288 0.24942946434020996
vn 0.3479992151260376 -0.93248194456100464 0.09681928902864456
vn 0.54722148180007936 -0.82302469015121456 0.15224631130695344
vn 0.11957953870296478 -0.9922670722007752 0.03326905518770218
vn 0.33966878056526184 -0.93247932195663456 0.12291226536035538
vn 0.53411984443664552 -0.82301902770996096 0.19327618181705476
vn 0.11671732366085052 -0.99226671457290656 0.04223523661494255
vn -0.11957953870296478 -0.9922670722007752 -0.03326905518770218
vn -0.84669286012649536 -0.52122873067855832 -0.10691968351602554
vn -0.12172409892082214 -0.99226742982864384 -0.02426096983253956
vn -0.52666336297988888 -0.84755593538284304 -0.06538041681051254
vn -0.35717040300369264 -0.9325569868087768 -0.0526004247367382
vn -0.72775381803512576 -0.68016743659973144 -0.08801499009132385
vn -0.55703967809677128 -0.82303124666213984 -0.11102421581745148
vn -0.3542413115501404 -0.93248492479324336 -0.07060424238443375
vn -0.7188857197761536 -0.68020117282867432 -0.14328193664550782
vn -0.8369778990745544 -0.52119034528732296 -0.1668190360069275
vn -0.98242139816284176 -0.14133034646511078 -0.12195859849452972
vn -0.92024064064025872 -0.37430799007415768 -0.1142394244670868
vn -0.92540597915649408 -0.36022636294364928 -0.11773177981376648
vn -0.97086703777313232 -0.14132659137248992 -0.19350461661815644
vn -0.9148860573768616 -0.36018484830856324 -0.18234698474407196
vn -0.82221746444702144 -0.521181046962738 -0.22875484824180604
vn -0.11671732366085052 -0.99226671457290656 -0.04223523661494255
vn -0.54722148180007936 -0.82302469015121456 -0.15224631130695344
vn -0.3479992151260376 -0.93248194456100464 -0.09681928902864456
vn -0.70621120929718016 -0.6801921725273132 -0.196479931473732
vn -0.53411984443664552 -0.82301902770996096 -0.19327618181705476
vn -0.33966878056526184 -0.93247932195663456 -0.12291226536035538
vn -0.68929982185363768 -0.68018430471420288 -0.24942946434020996
vn -0.80252486467361456 -0.52117288112640384 -0.29040098190307616
vn -0.95373946428298944 -0.14132319390773774 -0.265346497297287
vn -0.89874851703643792 -0.3601771295070648 -0.25004708766937256
vn -0.93089175224304192 -0.14132021367549896 -0.33685174584388732
vn -0.87722021341323856 -0.3601703941822052 -0.31743019819259644
vn -0.11313080787658692 -0.99226647615432736 -0.05107555538415909
vn 0.82802641391754144 -0.14131450653076172 0.54258871078491208
vn 0.66811263561248776 -0.6801777482032776 0.30163511633872984
vn 0.86792993545532224 -0.14131581783294678 0.47615909576416016
vn 0.85025179386138912 -0.36016479134559632 0.38386610150337216
vn 0.77785474061965936 -0.52116608619689944 0.351180762052536
vn 0.81789135932922368 -0.36016044020652772 0.4487072229385376
vn 0.74825119972229008 -0.5211607813835144 0.41050159931182864
vn 0.64268732070922848 -0.68017268180847168 0.35258769989013672
vn 0.32923069596290588 -0.93247717618942256 0.14863891899585724
vn 0.51770448684692384 -0.82301425933837888 0.23372982442378996
vn 0.11313080787658692 -0.99226647615432736 0.05107555538415909
vn 0.31670346856117248 -0.93247544765472416 0.173748180270195
vn 0.49800449609756472 -0.82301056385040288 0.27321258187294008
vn 0.10882635414600372 -0.99226623773574832 0.05970373749732971
vn 0.61314201354980472 -0.68016922473907472 0.40177938342094424
vn 0.78282886743545536 -0.141313835978508 0.60597807168960568
vn 0.78028917312622064 -0.36015748977661132 0.51130753755569456
vn 0.7138516306877136 -0.52115720510482792 0.46777236461639408
vn 0.73769778013229376 -0.36015596985816956 0.57104265689849856
vn 0.6748871207237244 -0.52115541696548464 0.52242171764373776
vn 0.5796750783920288 -0.68016749620437624 0.44871926307678224
vn 0.3021453022956848 -0.93247431516647344 0.19798961281776428
vn 0.47511145472526552 -0.82300806045532224 0.31133079528808592
vn 0.1038239523768425 -0.99226611852645872 0.06803371012210846
vn 0.28565394878387452 -0.9324737191200256 0.2211211621761322
vn 0.4491790533065796 -0.82300680875778192 0.34770390391349792
vn 0.09815721213817596 -0.99226599931716912 0.07598227262496948
vn -0.1038239523768425 -0.99226611852645872 -0.06803371012210846
vn -0.77785474061965936 -0.52116608619689944 -0.351180762052536
vn -0.10882635414600372 -0.99226623773574832 -0.05970373749732971
vn -0.51770448684692384 -0.82301425933837888 -0.23372982442378996
vn -0.32923069596290588 -0.93247717618942256 -0.14863891899585724
vn -0.66811263561248776 -0.6801777482032776 -0.30163511633872984
vn -0.49800449609756472 -0.82301056385040288 -0.27321258187294008
vn -0.31670346856117248 -0.93247544765472416 -0.173748180270195
vn -0.64268732070922848 -0.68017268180847168 -0.35258769989013672
vn -0.74825119972229008 -0.5211607813835144 -0.41050159931182864
vn -0.90227156877517696 -0.14131774008274078 -0.40735164284706112
vn -0.85025179386138912 -0.36016479134559632 -0.38386610150337216
vn -0.86792993545532224 -0.14131581783294678 -0.47615909576416016
vn -0.81789135932922368 -0.36016044020652772 -0.4487072229385376
vn -0.7138516306877136 -0.52115720510482792 -0.46777236461639408
vn -0.09815721213817596 -0.99226599931716912 -0.07598227262496948
vn -0.47511145472526552 -0.82300806045532224 -0.31133079528808592
vn -0.3021453022956848 -0.93247431516647344 -0.19798961281776428
vn -0.61314201354980472 -0.68016922473907472 -0.40177938342094424
vn -0.4491790533065796 -0.82300680875778192 -0.34770390391349792
vn -0.28565394878387452 -0.9324737191200256 -0.2211211621761322
vn -0.5796750783920288 -0.68016749620437624 -0.44871926307678224
vn -0.6748871207237244 -0.52115541696548464 -0.52242171764373776
vn -0.82802641391754144 -0.14131450653076172 -0.54258871078491208
vn -0.78028917312622064 -0.36015748977661132 -0.51130753755569456
vn -0.78282886743545536 -0.141313835978508 -0.60597807168960568
vn -0.73769778013229376 -0.36015596985816956 -0.57104265689849856
vn 0.1542481780052185 0.98752892017364496 0.03152981400489807
vn -0.90227156877517696 0.14131774008274078 -0.40735164284706112
vn -0.70333474874496456 0.70705723762512208 -0.07341870665550232
vn -0.95373946428298944 0.14132319390773774 -0.265346497297287
vn -0.92540597915649408 0.36022636294364928 -0.11773177981376648
vn -0.9484127759933472 0.294365793466568 -0.11773674190044404
vn -0.97086703777313232 0.14132659137248992 -0.19350461661815644
vn -0.9148860573768616 0.36018484830856324 -0.18234698474407196
vn -0.8508339524269104 0.51470899581909176 -0.10562322288751602
vn -0.8369778990745544 0.52119034528732296 -0.1668190360069275
vn -0.89874851703643792 0.3601771295070648 -0.25004708766937256
vn -0.93089175224304192 0.14132021367549896 -0.33685174584388732
vn -0.87722021341323856 0.3601703941822052 -0.31743019819259644
vn -0.82221746444702144 0.521181046962738 -0.22875484824180604
vn -0.80252486467361456 0.52117288112640384 -0.29040098190307616
vn -0.70621120929718016 0.6801921725273132 -0.196479931473732
vn -0.38854855298995968 0.92016488313674928 -0.0482347346842289
vn -0.7188857197761536 0.68020117282867432 -0.14328193664550782
vn -0.56237643957138064 0.82315325736999504 -0.07843134552240372
vn -0.55703967809677128 0.82303124666213984 -0.11102421581745148
vn -0.3542413115501404 0.93248492479324336 -0.07060424238443375
vn -0.12316953390836716 0.99226784706115728 -0.01529036648571491
vn -0.12172409892082214 0.99226742982864384 -0.02426096983253956
vn -0.3479992151260376 0.93248194456100464 -0.09681928902864456
vn -0.68929982185363768 0.68018430471420288 -0.24942946434020996
vn -0.54722148180007936 0.82302469015121456 -0.15224631130695344
vn -0.53411984443664552 0.82301902770996096 -0.19327618181705476
vn -0.33966878056526184 0.93247932195663456 -0.12291226536035538
vn -0.11957953870296478 0.9922670722007752 -0.03326905518770218
vn -0.11671732366085052 0.99226671457290656 -0.04223523661494255
vn -0.66811263561248776 0.6801777482032776 -0.30163511633872984
vn -0.82802641391754144 0.14131450653076172 -0.54258871078491208
vn -0.85025179386138912 0.36016479134559632 -0.38386610150337216
vn -0.86792993545532224 0.14131581783294678 -0.47615909576416016
vn -0.81789135932922368 0.36016044020652772 -0.4487072229385376
vn -0.77785474061965936 0.52116608619689944 -0.351180762052536
vn -0.74825119972229008 0.5211607813835144 -0.41050159931182864
vn -0.78028917312622064 0.36015748977661132 -0.51130753755569456
vn -0.78282886743545536 0.141313835978508 -0.60597807168960568
vn -0.73769778013229376 0.36015596985816956 -0.57104265689849856
vn -0.7138516306877136 0.52115720510482792 -0.46777236461639408
vn -0.6748871207237244 0.52115541696548464 -0.52242171764373776
vn -0.61314201354980472 0.68016922473907472 -0.40177938342094424
vn -0.32923069596290588 0.93247717618942256 -0.14863891899585724
vn -0.64268732070922848 0.68017268180847168 -0.35258769989013672
vn -0.51770448684692384 0.82301425933837888 -0.23372982442378996
vn -0.49800449609756472 0.82301056385040288 -0.27321258187294008
vn -0.31670346856117248 0.93247544765472416 -0.173748180270195
vn -0.11313080787658692 0.99226647615432736 -0.05107555538415909
vn -0.10882635414600372 0.99226623773574832 -0.05970373749732971
vn -0.3021453022956848 0.93247431516647344 -0.19798961281776428
vn -0.5796750783920288 0.68016749620437624 -0.44871926307678224
vn -0.47511145472526552 0.82300806045532224 -0.31133079528808592
vn -0.4491790533065796 0.82300680875778192 -0.34770390391349792
vn -0.28565394878387452 0.9324737191200256 -0.2211211621761322
vn -0.1038239523768425 0.99226611852645872 -0.06803371012210846
vn -0.09815721213817596 0.99226599931716912 -0.07598227262496948
vn 0.11313080787658692 0.99226647615432736 0.05107555538415909
vn 0.8508339524269104 0.51470899581909176 0.10562322288751602
vn 0.11957953870296478 0.9922670722007752 0.03326905518770218
vn 0.52666336297988888 0.84755593538284304 0.06538041681051254
vn 0.12172409892082214 0.99226742982864384 0.02426096983253956
vn 0.35978779196739196 0.93234550952911376 0.03584126010537147
vn 0.3542413115501404 0.93248492479324336 0.07060424238443375
vn 0.55703967809677128 0.82303124666213984 0.11102421581745148
vn 0.72704535722732544 0.6802581548690796 0.0930260345339775
vn 0.7188857197761536 0.68020117282867432 0.14328193664550782
vn 0.54722148180007936 0.82302469015121456 0.15224631130695344
vn 0.11671732366085052 0.99226671457290656 0.04223523661494255
vn 0.3479992151260376 0.93248194456100464 0.09681928902864456
vn 0.33966878056526184 0.93247932195663456 0.12291226536035538
vn 0.53411984443664552 0.82301902770996096 0.19327618181705476
vn 0.70621120929718016 0.6801921725273132 0.196479931473732
vn 0.68929982185363768 0.68018430471420288 0.24942946434020996
vn 0.82221746444702144 0.521181046962738 0.22875484824180604
vn 0.98242139816284176 0.14133034646511078 0.12195859849452972
vn 0.8369778990745544 0.52119034528732296 0.1668190360069275
vn 0.92024064064025872 0.37430799007415768 0.1142394244670868
vn 0.9262093901634216 0.36014890670776368 0.111485093832016
vn 0.9148860573768616 0.36018484830856324 0.18234698474407196
vn 0.97086703777313232 0.14132659137248992 0.19350461661815644
vn 0.95373946428298944 0.14132319390773774 0.265346497297287
vn 0.80252486467361456 0.52117288112640384 0.29040098190307616
vn 0.89874851703643792 0.3601771295070648 0.25004708766937256
vn 0.87722021341323856 0.3601703941822052 0.31743019819259644
vn 0.93089175224304192 0.14132021367549896 0.33685174584388732
vn 0.77785474061965936 0.52116608619689944 0.351180762052536
vn 0.1038239523768425 0.99226611852645872 0.06803371012210846
vn 0.51770448684692384 0.82301425933837888 0.23372982442378996
vn 0.10882635414600372 0.99226623773574832 0.05970373749732971
vn 0.32923069596290588 0.93247717618942256 0.14863891899585724
vn 0.31670346856117248 0.93247544765472416 0.173748180270195
vn 0.49800449609756472 0.82301056385040288 0.27321258187294008
vn 0.66811263561248776 0.6801777482032776 0.30163511633872984
vn 0.64268732070922848 0.68017268180847168 0.35258769989013672
vn 0.47511145472526552 0.82300806045532224 0.31133079528808592
vn 0.09815721213817596 0.99226599931716912 0.07598227262496948
vn 0.3021453022956848 0.93247431516647344 0.19798961281776428
vn 0.28565394878387452 0.9324737191200256 0.2211211621761322
vn 0.4491790533065796 0.82300680875778192 0.34770390391349792
vn 0.61314201354980472 0.68016922473907472 0.40177938342094424
vn 0.5796750783920288 0.68016749620437624 0.44871926307678224
vn 0.7138516306877136 0.52115720510482792 0.46777236461639408
vn 0.90227156877517696 0.14131774008274078 0.40735164284706112
vn 0.74825119972229008 0.5211607813835144 0.41050159931182864
vn 0.85025179386138912 0.36016479134559632 0.38386610150337216
vn 0.81789135932922368 0.36016044020652772 0.4487072229385376
vn 0.86792993545532224 0.14131581783294678 0.47615909576416016
vn 0.82802641391754144 0.14131450653076172 0.54258871078491208
vn 0.6748871207237244 0.52115541696548464 0.52242171764373776
vn 0.78028917312622064 0.36015748977661132 0.51130753755569456
vn 0.73769778013229376 0.36015596985816956 0.57104265689849856
vn 0.78282886743545536 0.141313835978508 0.60597807168960568
vn 0.9484127759933472 0.294365793466568 0.11773674190044404
vn 0.70019388198852536 0.70649802684783936 0.10290339589118958
vn 0.38854855298995968 0.92016488313674928 0.0482347346842289
vn 0.56506305932998656 0.822835385799408 0.06037886068224907
vn 0.84721529483795168 0.52116495370864872 0.10302112251520156
vn -0.15635885298252106 0.98767060041427616 -0.007662043441087
vn -0.52666336297988888 0.84755593538284304 -0.06538041681051254
vn -0.35717040300369264 0.9325569868087768 -0.0526004247367382
vn -0.84669286012649536 0.52122873067855832 -0.10691968351602554
vn -0.92024064064025872 0.37430799007415768 -0.1142394244670868
vn -0.72775381803512576 0.68016743659973144 -0.08801499009132385
vn 0.12316953390836716 0.99226784706115728 0.01529036648571491
vn -0.9484127759933472 -0.294365793466568 -0.11773674190044404
vn -0.70333474874496456 -0.70705723762512208 -0.07341870665550232
vn -0.38854855298995968 -0.92016488313674928 -0.0482347346842289
vn -0.56237643957138064 -0.82315325736999504 -0.07843134552240372
vn -0.8508339524269104 -0.51470899581909176 -0.10562322288751602
vn 0.1542481780052185 -0.98752892017364496 0.03152981400489807
vn 0.52666336297988888 -0.84755593538284304 0.06538041681051254
vn 0.35978779196739196 -0.93234550952911376 0.03584126010537147
vn 0.8508339524269104 -0.51470899581909176 0.10562322288751602
vn 0.92024064064025872 -0.37430799007415768 0.1142394244670868
vn 0.72704535722732544 -0.6802581548690796 0.0930260345339775
vn -0.12316953390836716 -0.99226784706115728 -0.01529036648571491
vn -0.28916984796524048 -0.17399424314498902 -0.941332459449768
vn -0.27809688448905944 -0.360243022441864 -0.89044207334518432
vn -0.24511833488941192 -0.47314482927322384 -0.84619796276092528
vn -0.21524949371814728 -0.68021106719970704 -0.7007001042366028
vn -0.15816573798656464 -0.84254765510559088 -0.51487576961517336
vn -0.08880134671926498 -0.9531790614128112 -0.28907439112663268
vn -0.04346561804413795 -0.99227362871170048 -0.11620596796274186
vn 0.05877034738659859 -0.97976768016815184 0.1913146823644638
vn 0.09940847754478454 -0.93237930536270144 0.34754395484924316
vn 0.1697772741317749 -0.83466142416000368 0.52394270896911624
vn 0.21451611816883088 -0.68019688129425048 0.70093864202499392
vn 0.2437318116426468 -0.5210707783699036 0.81797313690185552
vn 0.27920660376548768 -0.41714686155319216 0.86488854885101312
vn 0.29364359378814696 -0.00604299781844019 0.9558959007263184
vn 0.2737780213356018 0.3601912558078766 0.89180034399032592
vn 0.29094627499580384 0.14193078875541688 0.94615322351455696
vn 0.2438034564256668 0.52107226848602296 0.81795084476470944
vn 0.23576991260051728 0.65481555461883544 0.71807324886322024
vn 0.09676901996135712 0.94414168596267696 0.31501150131225584
vn 0.16461454331874848 0.82299745082855232 0.5436701774597168
vn 0.02058668062090873 0.99753952026367184 0.06701567023992538
vn -0.05678342655301094 0.98112553358078 -0.18484666943550108
vn -0.15016904473304748 0.8410720825195312 -0.51966047286987304
vn -0.11318280547857284 0.93255364894866944 -0.34283131361007692
vn -0.21437034010887144 0.68019402027130128 -0.70098602771759032
vn -0.25614377856254576 0.52128553390502928 -0.81403422355651856
vn -0.28071835637092592 0.2934783399105072 -0.9138203859329224
vn -0.29429137706756592 0.14134840667247772 -0.94520539045333856
vn -0.98618245124816896 -0.1414213627576828 -0.08627978712320328
vn -0.98411476612091072 -0.15643410384654998 -0.08394362777471542
vn -0.8881292939186096 -0.45398211479187008 -0.07160010933876038
vn -0.923690676689148 -0.3745194673538208 -0.08081246167421341
vn -0.70441603660583496 -0.7071067690849304 -0.06162841618061066
vn -0.45278346538543704 -0.89099013805389408 -0.03352211788296699
vn -0.52843707799911496 -0.84771269559860224 -0.04623225331306458
vn -0.15583918988704682 -0.9876883625984192 -0.01363416202366352
vn 0.15583918988704682 -0.9876883625984192 0.01363416202366352
vn 0.38982427120208744 -0.92025750875473024 0.03410520404577255
vn 0.45172572135925296 -0.89099013805389408 0.04561218619346619
vn 0.70441603660583496 -0.7071067690849304 0.06162841618061066
vn 0.8539537191390992 -0.5149575471878052 0.07471127063035965
vn 0.88706988096237184 -0.45398211479187008 0.08370968699455261
vn 0.98374050855636592 -0.15643410384654998 0.08822139352560043
vn 0.95200192928314208 -0.29454243183135988 0.08328937739133835
vn 0.98618245124816896 0.1414213627576828 0.08627977967262268
vn 0.98374050855636592 0.15643410384654998 0.08822139352560043
vn 0.88706988096237184 0.45398211479187008 0.08370968699455261
vn 0.923690676689148 0.3745194673538208 0.08081246167421341
vn 0.70441603660583496 0.7071067690849304 0.06162841618061066
vn 0.45172572135925296 0.89099013805389408 0.04561218619346619
vn 0.52843707799911496 0.84771269559860224 0.04623225331306458
vn 0.15583918988704682 0.9876883625984192 0.01363416202366352
vn -0.15583918988704682 0.9876883625984192 -0.01363416202366352
vn -0.38982427120208744 0.92025750875473024 -0.03410520404577255
vn -0.45278346538543704 0.89099013805389408 -0.03352211788296699
vn -0.70441603660583496 0.7071067690849304 -0.06162841618061066
vn -0.8539537191390992 0.5149575471878052 -0.07471127063035965
vn -0.8881292939186096 0.45398211479187008 -0.07160010933876038
vn -0.98411476612091072 0.15643410384654998 -0.08394362777471542
vn -0.95200192928314208 0.29454243183135988 -0.08328937739133835
vn -0.98618245124816896 0.1414213627576828 -0.08627978712320328
vn -0.923690676689148 0.3745194673538208 -0.08081246167421341
vn -0.52843707799911496 0.84771269559860224 -0.04623225331306458
vn 0.38982427120208744 0.92025750875473024 0.03410520404577255
vn 0.8539537191390992 0.5149575471878052 0.07471127063035965
vn 0.95200192928314208 0.29454243183135988 0.08328937739133835
vn 0.98618245124816896 -0.1414213627576828 0.08627977967262268
vn 0.923690676689148 -0.3745194673538208 0.08081246167421341
vn 0.52843707799911496 -0.84771269559860224 0.04623225331306458
vn -0.38982427120208744 -0.92025750875473024 -0.03410520404577255
vn -0.8539537191390992 -0.5149575471878052 -0.07471127063035965
vn -0.95200192928314208 -0.29454243183135988 -0.08328937739133835
vn 0.08715574443340302 -6.619931269824519E-10 -0.99619472026824944
vn 0.08715574443340302 -1.9866175371419104E-10 -0.99619472026824944
vn 0.08715574443340302 0 -0.99619472026824944
vn 0.08715574443340302 -1.377179148498442E-09 -0.99619472026824944
vn 0.08715574443340302 -1.7874156321706636E-10 -0.99619472026824944
vn 0.08715574443340302 -1.0104705960856109E-10 -0.99619472026824944
vn 0.08715574443340302 -1.8174421689831632E-10 -0.99619472026824944
vn 0.08715574443340302 -5.810582015541854E-10 -0.99619472026824944
vn 0.08715574443340302 -4.204068204671785E-09 -0.99619472026824944
vn 0.08715574443340302 -3.2388328130572575E-10 -0.99619472026824944
vn 0.08715574443340302 -3.2895230983598367E-10 -0.99619472026824944
vn 0.08715574443340302 -5.730224073019485E-10 -0.99619472026824944
vn 0.08715574443340302 -1.481285760718265E-09 -0.99619472026824944
vn 0.08715574443340302 -6.215971626311045E-10 -0.99619472026824944
vn -0.64278763532638552 -2.1972182406848617E-10 -0.76604443788528448
vn -0.64278763532638552 -1.897233481429339E-10 -0.76604443788528448
vn -0.52483385801315304 -0.57735025882720944 -0.62547266483306888
vn -0.99619472026824944 -3.6421476945491804E-10 -0.08715574443340302
vn -0.99619472026824944 -3.4746547306063746E-10 -0.08715574443340302
vn -0.64286410808563232 -0.7034194469451904 -0.30319440364837648
vn -0.53027892112731936 -0.7034194469451904 -0.47329202294349672
vn -0.37401968240737912 -0.7034194469451904 -0.60440909862518312
vn -0.1869560033082962 -0.7034194469451904 -0.68574666976928712
vn -0.01237456500530243 -0.70516198873519896 -0.70893824100494384
vn -0.69601905345916752 -0.70516198873519896 -0.1352923959493637
vn -0.01237456314265728 -0.70516198873519896 -0.70893824100494384
vn 0.06162841618061066 -0.7071067690849304 -0.70441603660583496
vn -0.26303121447563172 0 -0.96478730440139776
vn -0.52621394395828248 0 -0.85035222768783568
vn -0.74605739116668704 0 -0.66588169336318968
vn -0.90445512533187872 0 -0.42656874656677248
vn -0.0174524076282978 -5.989535534212109E-10 -0.99984771013259888
vn -0.98162716627120976 0 -0.1908089965581894
vn -0.98162716627120976 -3.2366143098983E-10 -0.1908089965581894
vn -0.01745240204036235 0 -0.99984771013259888
vn 0.06162843480706215 -0.70710653066635128 -0.70441627502441408
vn 0.06162836775183678 -0.7071067690849304 -0.70441603660583496
vn 0.08715574443340302 -2.5441231343847903E-09 -0.99619472026824944
vn 0.08715574443340302 -6.291855370044175E-10 -0.99619472026824944
vn 0.08715574443340302 5.651157319874756E-10 -0.99619472026824944
vn -0.4808611273765564 -0.5549026131629944 -0.67886346578598024
vn -0.4771651327610016 -0.55012196302413944 -0.68533146381378176
vn -0.4779179394245148 -0.5496196746826172 -0.68520992994308472
vn 0.99619472026824944 3.4968800077805895E-10 0.08715574443340302
vn 0.99619472026824944 0 0.08715574443340302
vn 0.30319440364837648 -0.7034194469451904 -0.64286410808563232
vn 0.47329202294349672 -0.7034194469451904 -0.53027892112731936
vn 0.60440909862518312 -0.7034194469451904 -0.37401968240737912
vn 0.68574666976928712 -0.7034194469451904 -0.1869560033082962
vn 0.70893824100494384 -0.70516198873519896 -0.01237456314265728
vn 0.1352923959493637 -0.70516198873519896 -0.69601905345916752
vn 0 -1 0
vn 3.629852471931372E-07 -1 -4.6751956972457265E-08
vn -4.39116271122586E-10 -1 1.9283588614804614E-10
vn -2.868166815161999E-10 -1 1.872321048201897E-10
vn -5.531053948182318E-10 -1 1.4076263765705477E-10
vn 5.202109853996717E-10 -1 2.3465024368007903E-10
vn -1.1762109064505921E-09 -1 1.4110423940394412E-08
vn 0 -1 -2.4565152689781655E-10
vn 0 -1 1.18076146082835E-10
vn -1.5950821219412603E-10 -1 1.4652308533147362E-10
vn 1.1075704797747221E-08 -1 -2.194434216562513E-07
vn 2.141856825232935E-08 -1 7.584296746188102E-09
vn 2.0435417247277599E-10 -1 2.344830718481461E-10
vn 0 -1 1.5677295572835703E-10
vn 0 -1 1.5163278965779625E-10
vn 0 -1 1.1605065519670887E-10
vn -2.419671130127199E-10 -1 1.9543565377144745E-10
vn 2.498969087216807E-10 -1 2.3419283179393346E-10
vn 1.3165009360438518E-10 -1 1.7200788016147328E-10
vn 0 -1 -2.456487790958306E-10
vn 0 -1 1.6173672123809268E-10
vn 0 -1 1.3809783871998604E-10
vn 0 -1 1.0930572419409756E-10
vn 3.98877986196311E-10 -1 2.6614518922052355E-10
vn 0.06162850931286812 -0.7071067690849304 -0.70441603660583496
vn 0.06162846460938454 -0.70710629224777224 -0.7044165134429932
vn 0.96478730440139776 0 -0.26303121447563172
vn 0.85035222768783568 0 -0.52621394395828248
vn 0.66588169336318968 0 -0.74605739116668704
vn 0.42656874656677248 0 -0.90445512533187872
vn 0.99984771013259888 3.749277277531604E-10 -0.0174524076282978
vn 0.1908089965581894 0 -0.98162716627120976
vn 0.1908089965581894 -5.162254512747211E-10 -0.98162716627120976
vn 0.99984771013259888 0 -0.01745240949094295
vn 0.08715574443340302 5.651147327867534E-10 -0.99619472026824944
vn 0.08715573698282242 -2.5441189155372967E-09 -0.99619472026824944
vn 0.08715574443340302 -6.291852039375101E-10 -0.99619472026824944
vn 0.58970963954925536 -0.54930698871612552 -0.59203404188156128
vn 0.59171086549758912 -0.55523473024368288 -0.58445924520492552
vn 0.58696413040161136 -0.55121797323226928 -0.5929855108261108
vn -0.68607556819915768 -0.70627295970916752 0.17458182573318482
vn -0.68637090921401976 -0.70591568946838376 0.17486578226089478
vn -0.64525854587554928 -0.70948022603988648 0.2833358943462372
vn -0.64762991666793824 -0.70599061250686648 0.28662294149398804
vn -0.59083849191665648 -0.70606315135955808 0.39036476612091064
vn -0.587615430355072 -0.71243637800216672 0.38359162211418152
vn -0.51758360862731936 -0.706133246421814 0.4832008481025696
vn -0.51479136943817136 -0.71514976024627688 0.47281149029731752
vn -0.42991057038307192 -0.70620083808898928 0.56254535913467408
vn -0.42880368232727048 -0.71762800216674808 0.54875993728637696
vn -0.33026623725891112 -0.70626604557037352 0.62618887424468992
vn -0.33198887109756468 -0.71987813711166384 0.60955631732940672
vn -0.22143064439296724 -0.706328809261322 0.67236012220382688
vn -0.22694219648838044 -0.721906304359436 0.65371894836425784
vn -0.10643947124481202 -0.70638906955718992 0.69977504014968872
vn -0.11645156145095826 -0.72371828556060784 0.68019914627075192
vn 0.01150055136531591 -0.70644694566726688 0.7076725959777832
vn -0.00342692574486136 -0.72531890869140624 0.68840450048446656
vn 0.12910103797912598 -0.70650237798690792 0.6958357095718384
vn 0.10917256027460098 -0.72671258449554448 0.678210973739624
vn 0.2430836260318756 -0.70655530691146848 0.66459757089614872
vn 0.2184123694896698 -0.7279031872749328 0.64996379613876344
vn 0.35027122497558592 -0.706605851650238 0.61483186483383176
vn 0.32145541906356812 -0.72889393568038944 0.60446673631668088
vn 0.44767668843269352 -0.70665401220321656 0.54792857170104984
vn 0.41563236713409424 -0.72968745231628416 0.54296040534973144
vn 0.53258579969406128 -0.70669966936111448 0.46575525403022768
vn 0.49850729107856752 -0.73028588294982912 0.46708995103836056
vn 0.6026331186294556 -0.70674288272857664 0.37060463428497312
vn 0.567937970161438 -0.73069083690643312 0.37886330485343936
vn 0.65586763620376584 -0.70678371191024784 0.26513096690177916
vn 0.6221283674240112 -0.73090344667434688 0.28060021996498108
vn 0.66655248403549192 -0.70710659027099608 0.23602566123008728
vn -0.69761019945144656 -0.70708125829696656 0.1156553030014038
vn -0.69741123914718624 -0.70710659027099608 0.1166955754160881
vn 0.66543072462081912 -0.70717740058898928 0.2389604151248932
vn 0.63181376457214352 -0.70683008432388304 0.3181234896183014
vn 0.5700324177742004 -0.7068655490875244 0.41881281137466432
vn 0.49236145615577696 -0.7068985104560852 0.50781363248825072
vn 0.40096768736839296 -0.70692908763885496 0.58264583349227904
vn 0.29840031266212464 -0.70695722103118896 0.64122438430786136
vn 0.18751965463161468 -0.70698297023773192 0.68191748857498168
vn 0.07141752541065216 -0.70700627565383912 0.7035920023918152
vn -0.046668890863657 -0.70702713727951048 0.7056448459625244
vn -0.16344733536243438 -0.70704555511474608 0.68802005052566528
vn -0.27566218376159668 -0.70706158876419064 0.65120989084243776
vn -0.38018518686294552 -0.70707517862319944 0.59624153375625608
vn -0.47410258650779728 -0.70708632469177248 0.52464812994003296
vn -0.55479633808135984 -0.70709508657455448 0.4384262561798096
vn -0.62001711130142208 -0.70710140466690064 0.33998003602027892
vn -0.66794675588607792 -0.70710527896881104 0.23205439746379852
vn -0.6972492337226868 -0.7071067690849304 0.1176583543419838
vn 0.8327772617340088 9.096963185584173E-05 -0.553608238697052
vn 0.8377183675765992 0 -0.54610252380371096
vn 0.83752566576004032 0.00044924000394530594 -0.54639774560928344
vn -0.73016172647476192 0 -0.68327438831329344
vn -0.72984337806701664 0.00059358007274568 -0.6836141347885132
vn -0.7219663262367248 0.00012065516784787178 -0.69192814826965336
vn 0.70606166124343872 -0.70695680379867552 0.0410979762673378
vn 0.70050007104873656 -0.70657336711883544 0.10026807337999344
vn 0.5963492393493652 -0.80205303430557248 -0.0328403078019619
vn 0.70291125774383544 -0.70696568489074704 -0.07820039242506027
vn 0.5839872360229492 -0.800879955291748 -0.13247720897197724
vn 0.67974787950515744 -0.70697432756423952 -0.19526931643486024
vn 0.55514907836914064 -0.79962420463562016 -0.22893358767032624
vn 0.63723158836364744 -0.70698267221450808 -0.3067757785320282
vn 0.51054304838180544 -0.79828393459320064 -0.31951296329498292
vn 0.57657325267791752 -0.70699077844619752 -0.40954527258872984
vn 0.45131415128707888 -0.79685705900192256 -0.401664525270462
vn 0.49950030446052552 -0.70699858665466312 -0.500652015209198
vn 0.3790156543254852 -0.79534131288528448 -0.47305324673652648
vn 0.40820741653442384 -0.7070061564445496 -0.57750242948532104
vn 0.295569509267807 -0.7937342524528504 -0.53162443637847904
vn 0.30529412627220152 -0.70701336860656736 -0.63790875673294064
vn 0.20321667194366456 -0.79203349351882928 -0.5756613612174988
vn 0.19369065761566164 -0.70702040195465088 -0.6801515221595764
vn 0.1044585332274437 -0.79023611545562752 -0.60383385419845584
vn 0.0765746608376503 -0.70702713727951048 -0.70302844047546384
vn 0.00199096417054533 -0.78833931684494016 -0.61523747444152832
vn -0.04271936416625976 -0.70703357458114624 -0.70588850975036624
vn -0.1013672724366188 -0.7863399982452392 -0.60942113399505616
vn -0.16079497337341308 -0.70703977346420288 -0.68865066766738888
vn -0.20274996757507324 -0.78423476219177248 -0.58640277385711672
vn -0.27429044246673584 -0.70704567432403568 -0.651806116104126
vn -0.29932081699371336 -0.78202027082443232 -0.54667299985885624
vn -0.37997454404830936 -0.70705127716064456 -0.59640407562255856
vn -0.38835054636001584 -0.77969259023666384 -0.49118557572364808
vn -0.47483846545219424 -0.70705664157867432 -0.52402222156524656
vn -0.4672918617725372 -0.77724796533584592 -0.42133593559265136
vn -0.5561814904212952 -0.70706176757812496 -0.43672168254852296
vn -0.5338502526283264 -0.77468198537826544 -0.338927298784256
vn -0.62168794870376584 -0.70706653594970704 -0.33698809146881104
vn -0.58604854345321656 -0.77199035882949824 -0.24612593650817872
vn -0.66949295997619632 -0.70707112550735472 -0.2276611626148224
vn -0.62228393554687504 -0.76916831731796272 -0.1454058587551117
vn -0.69823575019836424 -0.70707535743713376 -0.111853688955307
vn -0.65614998340606688 -0.75405669212341312 -0.02942342311143875
vn -0.59465736150741576 -0.80314534902572624 -0.03660895302891731
vn -0.7070981860160828 -0.70707935094833376 0.00713709834963083
vn -0.70526158809661864 -0.70642834901809696 0.059707872569561
vn 0.61620742082595824 -0.7704769372940064 0.16325962543487548
vn 0.68910890817642208 -0.70694762468338016 0.15922924876213074
vn 0.68581455945968624 -0.69783574342727664 0.20660029351711272
vn -0.72247827053070064 -0.6884444952011108 0.0637909397482872
vn -0.70247155427932736 -0.70695680379867552 -0.08213271200656891
vn -0.68721139430999752 -0.70622181892395016 -0.17026801407337188
vn -0.64877998828887936 -0.7062436938285828 -0.28338021039962768
vn -0.59187948703765872 -0.70626527070999144 -0.38841730356216432
vn -0.51813095808029176 -0.70628660917282104 -0.48238942027091976
vn -0.42963504791259768 -0.70630764961242672 -0.56262171268463136
vn -0.3289121985435486 -0.70632839202880856 -0.62683087587356568
vn -0.21883067488670348 -0.70634889602661136 -0.6731896996498108
vn -0.10252512991428376 -0.70636910200119016 -0.7003793716430664
vn 0.01669285073876381 -0.70638906955718992 -0.70762693881988528
vn 0.13542890548706054 -0.70640873908996584 -0.69472706317901608
vn 0.25030261278152464 -0.70642811059951784 -0.6620482802391052
vn 0.35804364085197448 -0.70644724369049072 -0.61052197217941288
vn 0.45558500289916992 -0.70646607875823976 -0.54161608219146728
vn 0.54015016555786136 -0.70648467540740968 -0.45729339122772216
vn 0.60933214426040648 -0.70650297403335568 -0.35995540022850036
vn 0.66116219758987424 -0.70652097463607792 -0.25237402319908144
vn 0.69416552782058712 -0.70653873682022096 -0.13761265575885772
vn 0.70740348100662232 -0.70655620098114016 -0.01893899776041507
vn 0.70606166124343872 -0.70695680379867552 0.0410979799926281
vn -0.96903157234191888 -0.00535049382597208 0.24687884747982024
vn -0.95685464143753056 0.000366038060747087 0.29056677222251892
vn -0.94461739063262944 0 0.32817378640174864
vn -0.9144344329833984 -0.00499653117731213 0.40470319986343384
vn -0.8939850330352784 0.00065000855829566 0.44809639453887936
vn -0.92876583337783808 0 0.37066698074340824
vn -0.8343332409858704 -0.00464253220707178 0.55124086141586304
vn -0.80539703369140624 0.00089030212257057 0.59273499250411984
vn -0.85276335477828976 0 0.52229744195938112
vn -0.73096203804016112 -0.00428850017488002 0.68240469694137576
vn -0.6936392784118652 0.00108691223431378 0.72032171487808224
vn -0.7522284388542176 0 0.65890240669250488
vn -0.60720372200012208 -0.00393443694338202 0.7945364713668824
vn -0.56192690134048464 0.00123983353842049 0.82718598842620848
vn -0.6300532817840576 0 0.77655190229415888
vn -0.46650996804237368 -0.00358034530654549 0.88450866937637328
vn -0.4140489101409912 0.00134906184393912 0.91025364398956304
vn -0.48975265026092528 0 0.87186145782470704
vn -0.31280478835105896 -0.00322622759267687 0.94981193542480464
vn -0.25425955653190612 0.00141459435690194 0.96713501214981072
vn -0.33536270260810852 0 0.94208908081054688
vn -0.15037503838539124 -0.00287208682857453 0.98862487077713008
vn -0.08715565502643585 0.0014364292146638 0.99619364738464352
vn -0.1713249683380127 0 0.98521459102630608
vn 0.08245555311441422 0.00141456595156341 0.996593713760376
vn 0.0162490364164114 -0.00251792510971426 0.99986481666564944
vn -0.00235855090431869 0 0.99999719858169552
vn 0.24969469010829924 0.00134900491684675 0.9683236479759216
vn 0.18242022395133972 -0.00216374523006379 0.983218252658844
vn 0.16667573153972626 0 0.98601174354553216
vn 0.40975061058998104 0.00123974808957427 0.9121967554092408
vn 0.3435039222240448 -0.00180954975076019 0.93914949893951424
vn 0.33091503381729124 0 0.94366055727005008
vn 0.55801880359649656 0.00108679826371371 0.82982760667800896
vn 0.49500739574432376 -0.00145534123294055 0.86888754367828368
vn 0.4856345355510712 0 0.87416195869445808
vn 0.69023388624191288 0.00089015963021665 0.72358578443527216
vn 0.63270515203475952 -0.00110112212132662 0.77439200878143312
vn 0.62638318538665768 0 0.77951526641845696
vn 0.80259227752685552 0.00064983760239556 0.596527636051178
vn 0.75275671482086176 -0.00074689509347081 0.65829837322235104
vn 0.74911201000213616 0 0.66244339942932128
vn 0.85181373357772832 -0.0003926626523025334 0.52384459972381592
vn 0.89186149835586544 0.00036583864130079746 0.45230847597122192
vn 0.89317029714584352 0 0.4497186541557312
vn 0.99919629096984864 2.391538911350466E-10 -0.04008466005325317
vn 0.9983102679252624 1.368498092624293E-10 0.05810899659991264
vn 0.99899357557296752 0.00224714376963675 0.04479739814996719
vn 0.97804939746856688 2.3915985858380395E-10 -0.2083730697631836
vn 0.99386835098266608 2.390484199477072E-10 -0.11056999862194062
vn 0.99219459295272832 0.00232292967848479 -0.12467768043279648
vn 0.96112871170043952 2.3904900281479513E-10 -0.27610081434249876
vn 0.92876583337783808 2.391595810280478E-10 -0.37066698074340824
vn 0.9342448115348816 -0.0037062291521579 -0.35661309957504272
vn 0.85276335477828976 2.391713493921088E-10 -0.52229744195938112
vn 0.90102344751358032 2.3904389578888185E-10 -0.43377038836479184
vn 0.89398252964019776 0.00244775507599115 -0.44809514284133912
vn 0.81526398658752448 2.39050529371454E-10 -0.57908952236175536
vn 0.7522284388542176 2.391753739505731E-10 -0.65890240669250488
vn 0.76321023702621456 -0.00413740193471312 -0.64613699913024904
vn 0.6300532817840576 2.3918278468926246E-10 -0.77655190229415888
vn 0.7062920331954956 2.390500297710929E-10 -0.7079206109046936
vn 0.693637490272522 0.00253691687248647 -0.72031980752944944
vn 0.57721030712127688 2.390530273732594E-10 -0.81659549474716192
vn 0.48975265026092528 2.39192998741089E-10 -0.87186145782470704
vn 0.50587350130081176 -0.00456856004893779 -0.86259555816650384
vn 0.43169409036636352 2.3905882828856306E-10 -0.9020200967788696
vn 0.33536270260810852 2.39202602170252E-10 -0.94208908081054688
vn 0.3536382019519806 -0.00478413281962275 -0.93537002801895136
vn 0.273886501789093 2.390640740923544E-10 -0.96176201105117792
vn 0.1713249683380127 2.3921220559941503E-10 -0.98521459102630608
vn 0.19133430719375612 -0.00499970093369483 -0.98151218891143792
vn 0.1082807257771492 2.39070097052263E-10 -0.99412035942077632
vn 0.00235855090431869 2.392235021186906E-10 -0.99999719858169552
vn 0.02358302287757396 -0.00521526485681533 -0.99970829486846928
vn -0.06040805205702782 2.39077174724045E-10 -0.99817377328872688
vn -0.16667573153972626 2.3923493741584423E-10 -0.98601174354553216
vn -0.144839346408844 -0.00543082412332296 -0.98944026231765744
vn -0.22737686336040496 2.390851405742467E-10 -0.97380685806274416
vn -0.33091503381729124 2.39244846156339E-10 -0.94366055727005008
vn -0.30913740396499632 -0.00564637826755642 -0.95100063085556032
vn -0.38787174224853512 2.390912190453065E-10 -0.92171335220336912
vn -0.4856345355510712 2.3926091663462046E-10 -0.87416195869445808
vn -0.46463319659233096 -0.00586192775517702 -0.88548386096954352
vn -0.53732299804687504 2.3910387558778723E-10 -0.84337657690048224
vn -0.62638318538665768 2.392783748916827E-10 -0.77951526641845696
vn -0.60689938068389896 -0.00607747118920087 -0.7947553992271424
vn -0.67147541046142576 2.3911828073153174E-10 -0.7410268187522888
vn -0.74911201000213616 2.3928981018883633E-10 -0.66244339942932128
vn -0.73188537359237664 -0.00629300950095057 -0.68139868974685672
vn -0.78650933504104608 2.391262188261578E-10 -0.61757838726043704
vn -0.85029017925262448 2.3930157855289735E-10 -0.52631419897079464
vn -0.836032509803772 -0.00650854222476482 -0.54864126443862912
vn -0.87914955615997312 2.391349340769011E-10 -0.4765459895133972
vn -0.92700701951980592 2.393213960338869E-10 -0.37504392862319944
vn -0.91637557744979856 -0.00672406842932105 -0.40026310086250304
vn -0.94675827026367184 2.3915153191111926E-10 -0.32194525003433228
vn -0.97705560922622688 2.3932411608029724E-10 -0.21298429369926452
vn -0.97062706947326656 -0.00693958904594183 -0.24048894643783568
vn -0.99159556627273552 0.00224714376963675 -0.12935659289360046
vn -0.99899607896804816 1.2557448136885085E-10 -0.04479750990867614
vn -0.99899607896804816 2.391968567660996E-10 -0.04479750990867614
vn -0.98741060495376592 2.3915133762208995E-10 -0.15817798674106598
vn -0.98716855049133296 6.197119546413887E-06 0.15968157351016998
vn -0.98885768651962288 -0.00051048374734818 0.14886289834976196
vn -0.99219626188278192 0.00142574694473296 0.1246778890490532
vn -0.99610573053359984 -0.00616723019629716 0.08795076608657837
vn -0.99994903802871712 2.3920601610605274E-10 0.01009299047291278
vn -0.9991939663887024 0.00216244254261255 0.04008456692099571
vn 0.95547246932983392 0.00142574694473296 0.29507681727409364
vn 0.95749676227569584 2.3911722601965835E-10 0.28844404220581056
vn 0.92711097002029424 0.00233016442507505 0.37477964162826536
vn 0.92958557605743408 0 0.36860629916191104
vn 0.94749468564987184 -0.0004381650942377746 0.31977114081382752
vn 0.99159806966781616 0 0.12935692071914672
vn 0.97432792186737056 2.3911722601965835E-10 0.2251334935426712
vn 0.97705334424972528 0.00216244254261255 0.21298380196094512
vn 0.98990589380264288 -0.00305944494903087 0.14169299602508544
vn 0.92700523138046272 -0.00198208843357861 0.37504318356513976
vn -0.98605936765670784 0 0.16639402508735656
vn -0.99323421716690064 0 -0.11612856388092042
vn -0.95547086000442512 0.00232292967848479 -0.29507634043693544
vn -0.89185899496078496 0.00238980026915669 -0.45230722427368168
vn -0.80259001255035408 0.00244775507599115 -0.59652602672576904
vn -0.6902320384979248 0.00249679386615753 -0.72358381748199456
vn -0.558017373085022 0.00253691687248647 -0.82982540130615232
vn -0.40974956750869752 0.00256812386214733 -0.91219443082809456
vn -0.24969407916069032 0.00259041460230946 -0.96832132339477536
vn -0.0824553519487381 0.00260378886014223 -0.99659132957458496
vn 0.08715544641017914 0.00260824710130691 -0.99619132280349728
vn 0.25425896048545836 0.00260378886014223 -0.96713268756866448
vn 0.41404789686203 0.00259041460230946 -0.91025143861770624
vn 0.56192547082901 0.00256812386214733 -0.82718390226364128
vn 0.64370566606521608 -0.00435298308730125 -0.7652608156204224
vn 0.8053948283195496 0.00249679386615753 -0.59273338317871096
vn 0.86098456382751472 -0.00392181752249598 -0.50861591100692752
vn 0.95685195922851568 0.00238980026915669 -0.29056596755981444
vn 0.98090493679046624 -0.0034906375221908 -0.19445639848709108
vn 0.99963647127151488 -0.0032750426325947 -0.02676282078027725
vn 0.85029017925262448 0 0.52631419897079464
vn 0.80587273836135872 0 0.59208881855010984
vn 0.69609928131103512 0 0.71794551610946656
vn 0.56691151857376096 0 0.82377868890762336
vn 0.42191258072853088 0 0.90663653612136848
vn 0.265146404504776 0 0.96420818567276
vn 0.10098528116941452 0 0.99488794803619392
vn -0.06599234789609909 0 0.9978201389312744
vn -0.2311294376850128 0 0.97292304039001472
vn -0.38982030749320984 0 0.92089092731475824
vn -0.53763902187347416 0 0.84317511320114128
vn -0.67046290636062624 0 0.74194306135177616
vn -0.78458750247955328 0 0.62001806497573856
vn -0.87682992219924928 0 0.48080071806907656
vn -0.97804939746856688 0 0.2083730697631836
vn -0.6911939978599548 0.7067880034446716 -0.15067051351070404
vn -0.70148169994354248 0.7067880034446716 -0.0915103703737259
vn -0.65578836202621456 0.7067880034446716 -0.26531559228897096
vn -0.67592620849609376 0.7067880034446716 -0.2087450623512268
vn -0.6015169024467468 0.7067880034446716 -0.3723280429840088
vn -0.63092553615570072 0.7067880034446716 -0.31997454166412352
vn -0.52994084358215336 0.7067880034446716 -0.46862930059432984
vn -0.5677742958068848 0.7067880034446716 -0.421998918056488
vn -0.44311940670013424 0.7067880034446716 -0.55144894123077392
vn -0.48828920722007752 0.7067880034446716 -0.51188319921493528
vn -0.34355020523071288 0.7067880034446716 -0.6184043884277344
vn -0.394756942987442 0.7067880034446716 -0.58704149723052976
vn -0.23409771919250488 0.7067880034446716 -0.66756945848464968
vn -0.28986820578575136 0.7067880034446716 -0.64531165361404416
vn -0.11791064590215682 0.7067880034446716 -0.69752979278564456
vn -0.17664052546024322 0.7067880034446716 -0.68501740694046024
vn 0.00166849885135889 0.7067880034446716 -0.70742344856262208
vn -0.0583312101662159 0.7067880034446716 -0.70501643419265744
vn 0.12119964510202408 0.7067880034446716 -0.69696581363677976
vn 0.06165618821978569 0.7067880034446716 -0.70473343133926392
vn 0.2372440993785858 0.7067880034446716 -0.66645777225494384
vn 0.17986984550952912 0.7067880034446716 -0.68417656421661376
vn 0.34646347165107728 0.7067880034446716 -0.61677694320678712
vn 0.29290899634361268 0.7067880034446716 -0.64393717050552368
vn 0.44571572542190552 0.7067880034446716 -0.54935252666473392
vn 0.39752167463302616 0.7067880034446716 -0.58517283201217648
vn 0.53214550018310544 0.7067880034446716 -0.46612429618835448
vn 0.490698367357254 0.7067880034446716 -0.50957417488098144
vn 0.60326647758483888 0.7067880034446716 -0.3694864809513092
vn 0.56975859403610232 0.7067880034446716 -0.41931599378585816
vn 0.65703254938125608 0.7067880034446716 -0.26221922039985656
vn 0.6324278712272644 0.7067880034446716 -0.316994845867157
vn 0.69189703464508056 0.7067880034446716 -0.14740841090679168
vn 0.67690336704254152 0.7067880034446716 -0.205554336309433
vn 0.7068568468093872 0.7067880034446716 -0.02835690788924694
vn 0.70190554857254032 0.7067880034446716 -0.0882003977894783
vn 0.70148169994354248 0.7067880034446716 0.0915103703737259
vn 0.70671522617340088 0.7067880034446716 0.03169089928269386
vn 0.67592620849609376 0.7067880034446716 0.2087450623512268
vn 0.6911939978599548 0.7067880034446716 0.15067051351070404
vn 0.63092553615570072 0.7067880034446716 0.31997454166412352
vn 0.65578836202621456 0.7067880034446716 0.26531559228897096
vn 0.5677742958068848 0.7067880034446716 0.421998918056488
vn 0.6015169024467468 0.7067880034446716 0.3723280429840088
vn 0.48828920722007752 0.7067880034446716 0.51188319921493528
vn 0.52994084358215336 0.7067880034446716 0.46862930059432984
vn 0.394756942987442 0.7067880034446716 0.58704149723052976
vn 0.44311940670013424 0.7067880034446716 0.55144894123077392
vn 0.28986820578575136 0.7067880034446716 0.64531165361404416
vn 0.34355020523071288 0.7067880034446716 0.6184043884277344
vn 0.17664052546024322 0.7067880034446716 0.68501740694046024
vn 0.23409771919250488 0.7067880034446716 0.66756945848464968
vn 0.0583312101662159 0.7067880034446716 0.70501643419265744
vn 0.11791064590215682 0.7067880034446716 0.69752979278564456
vn -0.06165618821978569 0.7067880034446716 0.70473343133926392
vn -0.00166849885135889 0.7067880034446716 0.70742344856262208
vn -0.17986984550952912 0.7067880034446716 0.68417656421661376
vn -0.12119964510202408 0.7067880034446716 0.69696581363677976
vn -0.29290899634361268 0.7067880034446716 0.64393717050552368
vn -0.2372440993785858 0.7067880034446716 0.66645777225494384
vn -0.39752167463302616 0.7067880034446716 0.58517283201217648
vn -0.34646347165107728 0.7067880034446716 0.61677694320678712
vn -0.490698367357254 0.7067880034446716 0.50957417488098144
vn -0.44571572542190552 0.7067880034446716 0.54935252666473392
vn -0.56975859403610232 0.7067880034446716 0.41931599378585816
vn -0.53214550018310544 0.7067880034446716 0.46612429618835448
vn -0.6324278712272644 0.7067880034446716 0.316994845867157
vn -0.60326647758483888 0.7067880034446716 0.3694864809513092
vn -0.67690336704254152 0.7067880034446716 0.205554336309433
vn -0.65703254938125608 0.7067880034446716 0.26221922039985656
vn -0.70190554857254032 0.7067880034446716 0.0882003977894783
vn -0.69189703464508056 0.7067880034446716 0.14740841090679168
vn -0.70671522617340088 0.7067880034446716 -0.03169089928269386
vn -0.7068568468093872 0.7067880034446716 0.02835690788924694
vn -0.70671522617340088 0.7067880034446716 -0.03169089555740356
vn 0.7068568468093872 -0.7067880034446716 -0.02835690602660179
vn 0.70671522617340088 -0.7067880034446716 0.03169089928269386
vn 0.69189703464508056 -0.7067880034446716 -0.14740841090679168
vn 0.70190554857254032 -0.7067880034446716 -0.0882003977894783
vn 0.65703254938125608 -0.7067880034446716 -0.26221922039985656
vn 0.67690336704254152 -0.7067880034446716 -0.205554336309433
vn 0.60326647758483888 -0.7067880034446716 -0.3694864809513092
vn 0.6324278712272644 -0.7067880034446716 -0.316994845867157
vn 0.53214550018310544 -0.7067880034446716 -0.46612429618835448
vn 0.56975859403610232 -0.7067880034446716 -0.41931599378585816
vn 0.44571569561958312 -0.7067880034446716 -0.54935252666473392
vn 0.490698367357254 -0.7067880034446716 -0.50957417488098144
vn 0.34646347165107728 -0.7067880034446716 -0.61677694320678712
vn 0.39752167463302616 -0.7067880034446716 -0.58517283201217648
vn 0.2372440993785858 -0.7067880034446716 -0.66645777225494384
vn 0.29290899634361268 -0.7067880034446716 -0.64393717050552368
vn 0.12119964510202408 -0.7067880034446716 -0.69696581363677976
vn 0.17986984550952912 -0.7067880034446716 -0.68417656421661376
vn 0.00166849885135889 -0.7067880034446716 -0.70742344856262208
vn 0.06165618821978569 -0.7067880034446716 -0.70473343133926392
vn -0.11791064590215682 -0.7067880034446716 -0.69752979278564456
vn -0.0583312101662159 -0.7067880034446716 -0.70501643419265744
vn -0.23409771919250488 -0.7067880034446716 -0.66756945848464968
vn -0.17664052546024322 -0.7067880034446716 -0.68501740694046024
vn -0.34355020523071288 -0.7067880034446716 -0.6184043884277344
vn -0.28986820578575136 -0.7067880034446716 -0.64531165361404416
vn -0.44311940670013424 -0.7067880034446716 -0.55144894123077392
vn -0.3947569131851196 -0.7067880034446716 -0.58704149723052976
vn -0.52994084358215336 -0.7067880034446716 -0.46862930059432984
vn -0.48828920722007752 -0.7067880034446716 -0.51188313961029056
vn -0.6015169024467468 -0.7067880034446716 -0.3723280429840088
vn -0.5677742958068848 -0.7067880034446716 -0.421998918056488
vn -0.65578836202621456 -0.7067880034446716 -0.26531559228897096
vn -0.63092553615570072 -0.7067880034446716 -0.31997454166412352
vn -0.6911939978599548 -0.7067880034446716 -0.15067049860954284
vn -0.67592620849609376 -0.7067880034446716 -0.2087450623512268
vn -0.70671522617340088 -0.7067880034446716 -0.03169089928269386
vn -0.70148169994354248 -0.7067880034446716 -0.0915103703737259
vn -0.70190554857254032 -0.7067880034446716 0.0882003977894783
vn -0.7068568468093872 -0.7067880034446716 0.02835690602660179
vn -0.67690336704254152 -0.7067880034446716 0.205554336309433
vn -0.69189703464508056 -0.7067880034446716 0.14740841090679168
vn -0.6324278712272644 -0.7067880034446716 0.316994845867157
vn -0.65703254938125608 -0.7067880034446716 0.26221922039985656
vn -0.56975859403610232 -0.7067880034446716 0.41931599378585816
vn -0.60326647758483888 -0.7067880034446716 0.3694864809513092
vn -0.490698367357254 -0.7067880034446716 0.50957417488098144
vn -0.53214550018310544 -0.7067880034446716 0.46612429618835448
vn -0.39752167463302616 -0.7067880034446716 0.58517283201217648
vn -0.44571569561958312 -0.7067880034446716 0.54935252666473392
vn -0.29290899634361268 -0.7067880034446716 0.64393717050552368
vn -0.34646347165107728 -0.7067880034446716 0.61677694320678712
vn -0.17986984550952912 -0.7067880034446716 0.68417656421661376
vn -0.2372440993785858 -0.7067880034446716 0.66645777225494384
vn -0.06165618821978569 -0.7067880034446716 0.70473343133926392
vn -0.12119964510202408 -0.7067880034446716 0.69696581363677976
vn 0.0583312101662159 -0.7067880034446716 0.70501643419265744
vn -0.00166849885135889 -0.7067880034446716 0.70742344856262208
vn 0.17664052546024322 -0.7067880034446716 0.68501740694046024
vn 0.11791064590215682 -0.7067880034446716 0.69752979278564456
vn 0.28986820578575136 -0.7067880034446716 0.64531165361404416
vn 0.23409771919250488 -0.7067880034446716 0.66756945848464968
vn 0.3947569131851196 -0.7067880034446716 0.58704149723052976
vn 0.34355020523071288 -0.7067880034446716 0.6184043884277344
vn 0.48828920722007752 -0.7067880034446716 0.51188313961029056
vn 0.44311940670013424 -0.7067880034446716 0.55144894123077392
vn 0.5677742958068848 -0.7067880034446716 0.421998918056488
vn 0.52994084358215336 -0.7067880034446716 0.46862930059432984
vn 0.63092553615570072 -0.7067880034446716 0.31997454166412352
vn 0.6015169024467468 -0.7067880034446716 0.3723280429840088
vn 0.67592620849609376 -0.7067880034446716 0.2087450623512268
vn 0.65578836202621456 -0.7067880034446716 0.26531559228897096
vn 0.70148169994354248 -0.7067880034446716 0.0915103703737259
vn 0.6911939978599548 -0.7067880034446716 0.15067049860954284
vn -0.97705560922622688 -5.239761957653855E-10 -0.21298429369926452
vn -0.98475718498229984 0.03046863712370395 -0.17124542593955994
vn -0.94165170192718512 0.03046863712370395 -0.3352069854736328
vn -0.92700701951980592 -5.240024525399178E-10 -0.37504392862319944
vn -0.87145662307739264 0.03046863712370395 -0.4895252585411072
vn -0.85029017925262448 -5.239936817780233E-10 -0.52631419897079464
vn -0.77619135379791264 0.03046863712370395 -0.6297607421875
vn -0.74911201000213616 -5.239838563042554E-10 -0.66244339942932128
vn -0.6585964560508728 0.03046863712370395 -0.75187921524047856
vn -0.62638318538665768 -5.240036182740937E-10 -0.77951526641845696
vn -0.5220549702644348 0.03046863712370395 -0.85236746072769168
vn -0.4856345355510712 -5.240134992590129E-10 -0.87416195869445808
vn -0.37049487233161928 0.03046863712370395 -0.92833465337753296
vn -0.33091503381729124 -5.240172185061454E-10 -0.94366055727005008
vn -0.20827633142471312 0.03046863712370395 -0.977595329284668
vn -0.16667573153972626 -5.240152756158523E-10 -0.98601174354553216
vn -0.04006604850292206 0.03046863712370395 -0.99873238801956176
vn 0.00235855090431869 -5.240232137104783E-10 -0.99999719858169552
vn 0.12929685413837432 0.03046863712370395 -0.99113774299621584
vn 0.1713249683380127 -5.24027210513367E-10 -0.98521459102630608
vn 0.29494011402130128 0.03046863712370395 -0.955029845237732
vn 0.33536270260810852 -5.240237688219906E-10 -0.94208908081054688
vn 0.45209851861000064 0.03046863712370395 -0.89144748449325568
vn 0.48975265026092528 -5.24023380243932E-10 -0.87186145782470704
vn 0.59625083208084104 0.03046863712370395 -0.80221980810165408
vn 0.6300532817840576 -5.24032262028129E-10 -0.77655190229415888
vn 0.72325009107589728 0.03046863712370395 -0.68991369009017944
vn 0.7522284388542176 -5.240187173072286E-10 -0.65890240669250488
vn 0.82944279909133904 0.03046863712370395 -0.55776005983352664
vn 0.85276335477828976 -5.240267109130059E-10 -0.52229744195938112
vn 0.91177392005920416 0.03046863712370395 -0.40956068038940432
vn 0.92876583337783808 -5.240284872698453E-10 -0.37066698074340824
vn 0.96787500381469728 0.03046863712370395 -0.24957898259162904
vn 0.97804939746856688 -5.240146649931887E-10 -0.2083730697631836
vn 0.99613201618194576 0.03046863712370395 -0.08241735398769379
vn 0.99919629096984864 -5.240307632270458E-10 -0.04008466005325317
vn 0.99159806966781616 -3.356640521090526E-10 0.12935692071914672
vn 0.99899607896804816 -1.8835397130878562E-10 0.04479750990867614
vn 0.99899607896804816 -5.240283762475428E-10 0.04479750990867614
vn 0.9554734230041504 -5.240131661921055E-10 0.29507711529731752
vn 0.96668690443038944 0.03046863712370395 0.25414174795150756
vn 0.89186155796051024 -5.239997880046587E-10 0.45230850577354432
vn 0.90983188152313232 0.03046863712370395 0.4138570427894592
vn 0.80259239673614496 -5.239838563042554E-10 0.59652781486511232
vn 0.82680255174636848 0.03046863712370395 0.56166642904281616
vn 0.69023418426513672 -5.239977340920632E-10 0.72358608245849616
vn 0.71998769044876096 0.03046863712370395 0.6933176517486572
vn 0.5580191612243652 -5.23990018042042E-10 0.8298280835151672
vn 0.59246003627777096 0.03046863712370395 0.80502343177795408
vn 0.40975093841552736 -5.239867983952706E-10 0.91219747066497808
vn 0.44788843393325808 0.03046863712370395 0.8935701251029968
vn 0.24969491362571716 -5.239762512765367E-10 0.96832454204559328
vn 0.2904318869113922 0.03046863712370395 0.95641046762466432
vn 0.08245563507080078 -5.239754741204194E-10 0.99659472703933712
vn 0.12462013214826584 0.03046863712370395 0.99173659086227424
vn -0.08715574443340302 -5.239694789160865E-10 0.99619472026824944
vn -0.04477671161293983 0.03046863712370395 0.99853229522705072
vn -0.25425979495048524 -5.239703670945062E-10 0.9671359658241272
vn -0.21288540959358216 0.03046863712370395 0.97660201787948608
vn -0.41404926776885984 -5.239779166110736E-10 0.91025447845458992
vn -0.37486979365348816 0.03046863712370395 0.92657667398452752
vn -0.56192731857299808 -5.239578770854791E-10 0.82718664407730096
vn -0.5260698199272156 0.03046863712370395 0.84989541769027712
vn -0.69363969564437864 -5.239623734887289E-10 0.72032213211059568
vn -0.66213583946228024 0.03046863712370395 0.74876421689987184
vn -0.80539739131927488 -5.239766953657465E-10 0.59273523092269896
vn -0.7791533470153808 0.03046863712370395 0.62609237432479856
vn -0.89398521184921264 -5.239646494459294E-10 0.44809648394584656
vn -0.8737561106681824 0.03046863712370395 0.48540908098220824
vn -0.95685470104217536 -5.239668143808274E-10 0.29056680202484132
vn -0.94322240352630608 0.03046863712370395 0.33076140284538268
vn -0.9921972751617432 -5.239710332283209E-10 0.12467801570892334
vn -0.98555397987365728 0.03046863712370395 0.16659833490848542
vn -0.99953293800354 0.03046863712370395 -0.00235745590180158
vn -0.99899607896804816 -1.8832332915330596E-10 -0.04479750990867614
vn -0.99919629096984864 -5.239755296315707E-10 0.04008466005325317
vn -0.97804939746856688 -5.239708666948673E-10 0.2083730697631836
vn -0.92876583337783808 -5.239691458491791E-10 0.37066698074340824
vn -0.85276335477828976 -5.239797484790643E-10 0.52229744195938112
vn -0.7522284388542176 -5.239649270016855E-10 0.65890240669250488
vn -0.6300532817840576 -5.239576550408742E-10 0.77655190229415888
vn -0.48975265026092528 -5.239808587020889E-10 0.87186145782470704
vn -0.33536270260810852 -5.23971754873287E-10 0.94208908081054688
vn -0.1713249683380127 -5.239685907376668E-10 0.98521459102630608
vn -0.00235855090431869 -5.239755851427219E-10 0.99999719858169552
vn 0.16667573153972626 -5.239761957653855E-10 0.98601174354553216
vn 0.33091503381729124 -5.239843003934652E-10 0.94366055727005008
vn 0.4856345355510712 -5.239861322614559E-10 0.87416195869445808
vn 0.62638318538665768 -5.239950695568041E-10 0.77951526641845696
vn 0.74911201000213616 -5.239816358582061E-10 0.66244339942932128
vn 0.85029017925262448 -5.239967904024923E-10 0.52631419897079464
vn 0.92700701951980592 -5.240102796122414E-10 0.37504392862319944
vn 0.97705560922622688 -5.240155531716084E-10 0.21298429369926452
vn 0.99159806966781616 -5.240179956622626E-10 0.12935692071914672
vn 0.9921972751617432 -5.240119449467784E-10 -0.12467801570892334
vn 0.95685470104217536 -5.24026488868401E-10 -0.29056680202484132
vn 0.89398521184921264 -5.240248790450153E-10 -0.44809648394584656
vn 0.80539739131927488 -5.240169964615404E-10 -0.59273523092269896
vn 0.69363969564437864 -5.240323175392803E-10 -0.72032213211059568
vn 0.56192731857299808 -5.240224920655123E-10 -0.82718664407730096
vn 0.41404926776885984 -5.24021936954E-10 -0.91025447845458992
vn 0.25425979495048524 -5.240279876694842E-10 -0.9671359658241272
vn 0.08715574443340302 -5.240228251324197E-10 -0.99619472026824944
vn -0.08245563507080078 -5.24019050374136E-10 -0.99659472703933712
vn -0.24969491362571716 -5.240186062849261E-10 -0.96832454204559328
vn -0.40975093841552736 -5.24016163794272E-10 -0.91219747066497808
vn -0.5580191612243652 -5.240068379208651E-10 -0.8298280835151672
vn -0.69023418426513672 -5.23987853107144E-10 -0.72358608245849616
vn -0.80259239673614496 -5.239965683578873E-10 -0.59652781486511232
vn -0.89186155796051024 -5.240043954302109E-10 -0.45230850577354432
vn -0.9554734230041504 -5.239785827448884E-10 -0.29507711529731752
vn -0.99159806966781616 -3.3563765655664213E-10 -0.12935692071914672
vn -0.6979078650474548 0.70582962036132816 -0.12136346101760864
vn -0.66735857725143432 0.70582967996597288 -0.23756475746631624
vn -0.61761057376861576 0.70582967996597288 -0.34693175554275512
vn -0.55009508132934568 0.70582967996597288 -0.4463181495666504
vn -0.4667543172836304 0.70582967996597288 -0.53286480903625488
vn -0.36998590826988224 0.70582967996597288 -0.60408186912536624
vn -0.30467212200164796 0.56955021619796752 -0.76340514421463008
vn -0.30276301503181456 0.70701944828033448 -0.63910722732543944
vn -0.14760765433311462 0.70582967996597288 -0.69283223152160648
vn -0.02839523553848266 0.70582967996597288 -0.70781224966049192
vn 0.09163405746221542 0.70582967996597288 -0.70242983102798464
vn 0.20902720093727112 0.70582967996597288 -0.67683982849121096
vn 0.32040703296661376 0.70582967996597288 -0.63177829980850216
vn 0.42256930470466616 0.70582967996597288 -0.56854170560836792
vn 0.51257503032684328 0.70582967996597288 -0.48894917964935304
vn 0.58783495426177976 0.70582967996597288 -0.39529049396514896
vn 0.64618390798568728 0.70582967996597288 -0.29026001691818236
vn 0.68594330549240112 0.70582967996597288 -0.17687928676605224
vn 0.7059693932533264 0.70582967996597288 -0.05841005593538284
vn 0.70148169994354248 0.7067880034446716 0.0915103629231453
vn 0.6900614500045776 0.70665216445922848 0.15639030933380126
vn 0.82251513004302976 0.52603185176849368 0.21623903512954712
vn 0.64480751752853392 0.70582967996597288 0.2933048903942108
vn 0.58596378564834592 0.70582967996597288 0.39805898070335392
vn 0.51026290655136112 0.70582967996597288 0.49136161804199216
vn 0.41988274455070496 0.70582967996597288 0.57052868604660032
vn 0.31742331385612488 0.70582967996597288 0.63328266143798832
vn 0.20583216845989228 0.70582967996597288 0.67781829833984376
vn 0.08831961452960968 0.70582967996597288 0.70285427570343016
vn -0.03173373267054558 0.70582967996597288 0.70767045021057128
vn -0.15087415277957916 0.70582967996597288 0.69212824106216432
vn -0.26567420363426208 0.70582967996597288 0.65667474269866944
vn -0.37283128499984744 0.70582967996597288 0.60232990980148312
vn -0.46926271915435792 0.70582967996597288 0.530657172203064
vn -0.55219429731369016 0.70582967996597288 0.44371834397315976
vn -0.61924022436141968 0.70582967996597288 0.34401458501815796
vn -0.66847175359725952 0.70582967996597288 0.23441413044929504
vn -0.69847261905670168 0.70582967996597288 0.11807002127170562
vn -0.70837962627410888 0.70582967996597288 -0.00167075335048139
vn -0.70837962627410888 0.70582962036132816 -0.00167075416538864
vn 0.67407691478729248 0.70689976215362552 0.21427325904369356
vn -0.24768477678298952 0.70641142129898072 -0.66304993629455568
vn -0.6979078650474548 0.70582967996597288 -0.12136346101760864
vn 0 -1 -1.1912011654846566E-10
vn 1.3110638963365062E-10 -1 3.246936886025509E-10
vn 0 -1 -1.1092830820569333E-10
vn 0 -1 -1.217020095811705E-10
vn 3.4770253343197055E-10 -1 1.4606019171914397E-10
vn 0 -1 -1.1956642620436497E-10
vn -7.451493866383885E-10 -1 0
vn 0 -1 1.9138247930872154E-10
vn 0 -1 -1.2440776187006009E-10
vn -1.4116979807354824E-10 -1 0
vn 0 -1 -1.1892205276087253E-10
vn 6.196161361771146E-10 -1 1.1539671440630173E-09
vn 0 -1 2.0878891671127775E-10
vn -1.0142833101189908E-10 -1 0
vn -3.156065686571452E-10 -1 5.053503726593078E-10
vn 5.792871737853034E-10 -1 -2.3396884429871534E-10
vn 6.764513393875404E-10 -1 1.5809478726147574E-10
vn 0 -1 1.9740385714950293E-10
vn -1.1174254577195342E-10 -1 0
vn 4.970086564526355E-10 -1 -4.1713466014670075E-10
vn 0 -1 2.3239080104708876E-10
vn -1.2668001370119697E-10 -1 2.0273040191032266E-10
vn 2.3045240715724447E-10 -1 2.746424754285215E-10
vn 0 -1 -1.0507352626865085E-10
vn -1.4713899543217224E-10 -1 0
vn -1.7152568254630296E-10 -1 0
vn -1.6259764368253826E-10 -1 2.6962759802628966E-10
vn 0 -1 -1.2901037182988517E-10
vn 0 -1 -1.1400541621853222E-10
vn 0 -1 2.4422333599893875E-10
vn -1.0528666827269717E-10 -1 2.2314682046609136E-10
vn -2.0999223193651773E-10 -1 1.2994713638470046E-10
vn -1.1497763852119647E-10 -1 0
vn 8.734712397817646E-10 -1 0
vn -1.313114478262989E-10 -1 2.2237406360758882E-10
vn -1.2152361061890105E-10 -1 0
vn 1.8722114136782153E-10 -1 4.6338860526518033E-10
vn 0 -1 2.3867186005332997E-10
vn -1.6442225359014628E-10 -1 1.8421957015402057E-10
vn 8.948428664723451E-10 -1 0
vn -2.2968910107223905E-10 -1 0
vn 0 -1 -1.665983045961994E-10
vn -1.5913945161649679E-10 -1 0
vn -3.0282892860000743E-10 -1 6.892317272466641E-10
vn -1.8296490711389168E-10 -1 1.536206439833876E-10
vn -2.3808433002869833E-10 -1 0
vn -1.6209408815193171E-10 -1 0
vn 6.838146715537619E-10 -1 4.273805198629077E-10
vn -1.3485029759507938E-10 -1 0
vn 3.188386776820096E-10 -1 3.626011435553522E-10
vn -2.4377669327613205E-10 -1 -2.412839650300924E-10
vn 0 -1 -1.188518589101406E-10
vn -2.2164876878338902E-10 -1 0
vn -1.133134905351163E-10 -1 -2.9369282006364017E-10
vn 8.447701427272136E-10 -1 0
vn -8.289382513737564E-10 -1 5.403788527758024E-10
vn -1.8113160971111597E-10 -1 2.204292026686261E-10
vn 6.245814176963904E-08 -1 -5.125045721143806E-09
vn 0.69033914804458616 -0.70271348953247072 0.17212086915969848
vn 0.60336327552795408 -0.70271348953247072 0.37702322006225584
vn 0.45732596516609192 -0.70271348953247072 0.54501986503601072
vn 0.26652243733406068 -0.70271348953247072 0.65966618061065672
vn 0.04962984099984169 -0.70271348953247072 0.70973980426788328
vn -0.17212088406085968 -0.70271348953247072 0.69033914804458616
vn -0.37702322006225584 -0.70271348953247072 0.60336327552795408
vn -0.54501986503601072 -0.70271348953247072 0.45732596516609192
vn -0.65966618061065672 -0.70271348953247072 0.26652243733406068
vn -0.70973980426788328 -0.70271348953247072 0.04962984099984169
vn -0.69033914804458616 -0.70271348953247072 -0.17212088406085968
vn -0.60336327552795408 -0.70271348953247072 -0.37702322006225584
vn -0.45732596516609192 -0.70271348953247072 -0.54501986503601072
vn -0.26652243733406068 -0.70271348953247072 -0.65966618061065672
vn -0.04962984099984169 -0.70271348953247072 -0.70973980426788328
vn 0.17212088406085968 -0.70271348953247072 -0.69033914804458616
vn 0.37702322006225584 -0.70271348953247072 -0.60336327552795408
vn 0.54501986503601072 -0.70271348953247072 -0.45732596516609192
vn 0.65966618061065672 -0.70271348953247072 -0.26652243733406068
vn 0.70973980426788328 -0.70271348953247072 -0.04962983727455139
vn 0.70973980426788328 -0.70271348953247072 -0.04962984099984169
vn 0.69033914804458616 -0.70271348953247072 0.17212088406085968
vn -0.70973980426788328 -0.70271348953247072 0.04962984845042229
vn 0.70973980426788328 -0.70271348953247072 -0.04962984845042229
vn 0.70973980426788328 -0.70271348953247072 -0.04962984472513199
vn -0.70973980426788328 -0.70271348953247072 0.04962984472513199
vn -0.97029572725296016 0 -0.24192190170288084
vn -0.84804809093475344 0 -0.52991926670074464
vn -0.64278763532638552 0 -0.76604443788528448
vn -0.37460657954216 0 -0.92718386650085456
vn -0.06975647062063217 0 -0.99756407737731936
vn 0.24192190170288084 0 -0.97029572725296016
vn 0.52991926670074464 0 -0.84804809093475344
vn 0.76604443788528448 0 -0.64278763532638552
vn 0.92718386650085456 0 -0.37460657954216
vn 0.99756407737731936 0 -0.06975647062063217
vn 0.97029572725296016 0 0.24192190170288084
vn 0.84804809093475344 0 0.52991926670074464
vn 0.64278763532638552 0 0.76604443788528448
vn 0.37460657954216 0 0.92718386650085456
vn 0.06975647062063217 0 0.99756407737731936
vn -0.24192190170288084 0 0.97029572725296016
vn -0.52991926670074464 0 0.84804809093475344
vn -0.76604443788528448 0 0.64278763532638552
vn -0.92718386650085456 0 0.37460657954216
vn -0.99756407737731936 0 0.06975647062063217
vn 0.99756407737731936 0 -0.06975647807121277
vn -0.70973980426788328 0.70271348953247072 0.04962984099984169
vn -0.65966618061065672 0.70271348953247072 0.26652243733406068
vn -0.54501986503601072 0.70271348953247072 0.45732596516609192
vn -0.37702322006225584 0.70271348953247072 0.60336327552795408
vn -0.17212088406085968 0.70271348953247072 0.69033914804458616
vn 0.04962984099984169 0.70271348953247072 0.70973980426788328
vn 0.26652243733406068 0.70271348953247072 0.65966618061065672
vn 0.45732596516609192 0.70271348953247072 0.54501986503601072
vn 0.60336327552795408 0.70271348953247072 0.37702322006225584
vn 0.69033914804458616 0.70271348953247072 0.17212088406085968
vn 0.70973980426788328 0.70271348953247072 -0.04962984099984169
vn 0.65966618061065672 0.70271348953247072 -0.26652243733406068
vn 0.54501986503601072 0.70271348953247072 -0.45732596516609192
vn 0.37702322006225584 0.70271348953247072 -0.60336327552795408
vn 0.17212088406085968 0.70271348953247072 -0.69033914804458616
vn -0.04962984099984169 0.70271348953247072 -0.70973980426788328
vn -0.26652243733406068 0.70271348953247072 -0.65966618061065672
vn -0.45732596516609192 0.70271348953247072 -0.54501986503601072
vn -0.60336327552795408 0.70271348953247072 -0.37702322006225584
vn -0.69033914804458616 0.70271348953247072 -0.17212088406085968
vn -0.70973980426788328 0.70271348953247072 0.04962984472513199
vn 0.70973980426788328 0.70271348953247072 -0.04962984472513199
vn -3.8803027457845474E-10 -1 6.211153813495685E-10
vn -5.612701414747789E-10 -1 4.70866734492148E-10
vn -6.792889029050286E-10 -1 2.744505456231394E-10
vn -4.896845151591833E-10 -1 0
vn -7.008117974827144E-10 -1 -2.0094650943214276E-10
vn -6.210146286100837E-10 -1 -3.881461818622256E-10
vn -4.706284251199122E-10 -1 -5.60750224032347E-10
vn -2.744505456231394E-10 -1 -6.792889029050286E-10
vn 4.706762757322736E-10 -1 5.610530373623135E-10
vn 2.743427429674483E-10 -1 6.790221163122112E-10
vn 0 -1 7.305649973865513E-10
vn -1.7730858448139486E-10 -1 7.108454935789155E-10
vn -5.610118480880999E-10 -1 4.707448320040442E-10
vn -7.114532851737465E-10 -1 1.3513130892039982E-10
vn -6.213111691799611E-10 -1 -3.882383026176939E-10
vn -2.741087912205842E-10 -1 -6.788311024408245E-10
vn 0 -1 -7.305719362804552E-10
vn 1.7710162503181692E-10 -1 -7.103158061738668E-10
vn 3.8793332435282935E-10 -1 -6.208230596271846E-10
vn 5.607914133065606E-10 -1 -4.705598688481416E-10
vn 6.210671421591485E-10 -1 3.880858134852616E-10
vn -1.7717124989324873E-10 -1 7.1059502726456E-10
vn -4.708413658960353E-10 -1 -5.609007702744861E-10
vn 1.772509222730534E-10 -1 -7.105880883706561E-10
vn 6.793220430623137E-10 -1 -2.743071603195091E-10
vn 4.893904725911113E-10 -1 0
vn 6.769002025563964E-10 -1 2.565513079755277E-10
vn 4.70696537302473E-10 -1 5.610673592393312E-10
vn -3.882383026176939E-10 -1 6.213111691799611E-10
vn 0 -1 -7.308189053922831E-10
vn 6.787553297193938E-10 -1 -2.742349403117572E-10
vn 4.715646206854274E-10 -1 1.4395160063962464E-10
vn 7.114532851737465E-10 -1 -1.3513130892039982E-10
vn -4.665992592300938E-10 -1 -2.0396760669338931E-10
vn 2.010840605137787E-09 -1 4.977005474415819E-09
vn 3.7444389255902877E-10 -1 5.354797050216575E-09
vn 3.450402408233799E-09 -1 4.11202938366273E-09
vn -1.2984667785431725E-09 -1 5.207865694245584E-09
vn -2.844539270796531E-09 -1 4.5522146052690005E-09
vn -2.0109185427941156E-09 -1 -4.976987266758215E-09
vn -3.7444389255902877E-10 -1 -5.354797050216575E-09
vn 1.2986060005104605E-09 -1 -5.208424358471575E-09
vn 2.8443869481975526E-09 -1 -4.551970356203583E-09
vn -2.8440871879809038E-09 -1 4.551789167805964E-09
vn -3.4502174450778966E-09 -1 -4.111809115414644E-09
vn 2.8446129896053662E-09 -1 -4.552183519024311E-09
vn 4.11202938366273E-09 -1 -3.450402408233799E-09
vn -1.2987654285367967E-09 -1 5.20841059170607E-09
vn -4.11202938366273E-09 -1 3.450402408233799E-09
vn -5.282144943663525E-09 -1 -1.1242041741965636E-09
vn -4.551774956951249E-09 -1 -2.844178892402738E-09
vn -2.0107329135043983E-09 -1 -4.976738576800699E-09
vn 4.1117487192821045E-09 -1 -3.450269847604659E-09
vn 4.552166199545127E-09 -1 2.8445950039923673E-09
vn -4.977005474415819E-09 -1 2.010840605137787E-09
vn -3.553358718377808E-09 -1 0
vn -4.551970356203583E-09 -1 -2.8443869481975526E-09
vn 3.5530645092762825E-09 -1 0
vn 5.097737343362496E-09 -1 1.5593681901293621E-09
vn -5.2910729131383505E-09 -1 6.504651262062566E-10
vn -3.4500848844487564E-09 -1 -4.111528006944809E-09
vn 4.976756340369093E-09 -1 -2.0106549758480696E-09
vn 3.4885168087583907E-09 -1 6.769210747492593E-10
vn 4.977005474415819E-09 -1 -2.010840605137787E-09
vn 4.552183519024311E-09 -1 2.8446129896053662E-09
vn 5.290802018720342E-09 -1 -6.503733662732714E-10
vn -3.4475997612304354E-09 -1 -1.1478678008103316E-09
vn 2.136033294686257E-10 1 -1.792344744844243E-10
vn 1.4776234402713584E-10 1 -2.3646917757247365E-10
vn -2.8452468159301247E-10 1 0
vn -2.585353320316841E-10 1 1.044550557161017E-10
vn -2.1338289468708638E-10 1 1.7904949745073395E-10
vn -1.4783595181366849E-10 1 2.3643792479433046E-10
vn 2.5880214638007715E-10 1 -1.045628514328989E-10
vn -1.4774206857914862E-10 1 2.361102147130367E-10
vn 2.1377864756200182E-10 1 -1.7949453035015495E-10
vn 0 1 -2.70556632653296E-10
vn -1.044550557161017E-10 1 -2.585353320316841E-10
vn -1.792344744844243E-10 1 -2.136033294686257E-10
vn -2.3619389777351785E-10 1 -1.4768346268123622E-10
vn -1.8037107918367212E-10 1 0
vn -2.135582127804625E-10 1 1.793095533164646E-10
vn 0 1 2.705642654365903E-10
vn 1.044158093321812E-10 1 2.5822732840907747E-10
vn 1.7904949745073395E-10 1 2.1338289468708638E-10
vn 0 1 -2.7789104350972593E-10
vn -2.8129817919442246E-10 1 0
vn 0 1 2.705878576758636E-10
vn 0 1 2.776039675911335E-10
vn 2.3622515055166105E-10 1 1.4760985489470357E-10
vn 0 1 -2.7816010605974384E-10
vn -2.3646917757247365E-10 1 -1.4776234402713584E-10
vn 0 1 2.7816773884303814E-10
vn 2.845049751343254E-10 1 0
vn -1.0426191160428644E-10 1 -2.5828822414197816E-10
vn 1.042394642825073E-10 1 2.5800173109047364E-10
vn 1.8283699554366706E-10 1 0
vn 2.585550384903712E-10 1 -1.0436970732108364E-10
vn 2.7030866434074596E-10 1 0
vn -1.8544006608056662E-10 1 0
vn 1.8544703273004615E-10 1 0
vn 1.4263955294691044E-10 1 2.0398407407640207E-09
vn 7.660037604217962E-10 1 1.8959258607509355E-09
vn -1.5664244346069722E-09 1 1.3143861554709702E-09
vn -1.083590439598936E-09 1 1.7341073021981401E-09
vn -4.946972276265171E-10 1 1.983795794302523E-09
vn -1.4263955294691044E-10 1 -2.0398407407640207E-09
vn -7.660037604217962E-10 1 -1.8959258607509355E-09
vn 1.42699158045545E-10 1 2.03956074251721E-09
vn 4.946871801081443E-10 1 -1.9840817877536665E-09
vn -4.946871801081443E-10 1 1.9840817877536665E-09
vn 1.3141311372422138E-09 1 1.5658513374816607E-09
vn -1.3142011923150676E-09 1 -1.5662039443142817E-09
vn -1.7343513292189527E-09 1 -1.0837429842425195E-09
vn -1.3409856558510569E-09 1 -1.2320258702125386E-10
vn -1.8959258607509355E-09 1 7.660037604217962E-10
vn 1.3143861554709702E-09 1 1.5664244346069722E-09
vn 1.7338289692858666E-09 1 1.0835186081692427E-09
vn 1.322635112543935E-09 1 3.2968858199033946E-10
vn 1.5664244346069722E-09 1 -1.3143861554709702E-09
vn 1.083590439598936E-09 1 -1.7341073021981401E-09
vn -1.3143175436880483E-09 1 -1.5664656238811858E-09
vn -1.9843298115773678E-09 1 -4.948303988783209E-10
vn 2.0648840415304903E-09 1 3.036015883139953E-10
vn 2.0862140903687987E-09 1 0
vn 1.8958845604544194E-09 1 -7.660723166935668E-10
vn -1.7337482560719764E-09 1 -1.0835702335398878E-09
vn -2.0865011940429667E-09 1 0
vn 1.7336191371342125E-09 1 1.0832854613340714E-09
vn 1.8956589631358156E-09 1 -7.658959577661051E-10
vn 1.3597981629587252E-09 1 0
vn -1.3600851556105908E-09 1 0
vn 0.99756407737731936 -1.652111503158693E-10 -0.06975647807121277
vn -0.99756407737731936 1.4202841680521772E-10 0.06975647062063217
vn 0.97029572725296016 -1.9017094843309934E-10 0.24192190170288084
vn 0.99756407737731936 -1.6520024237465236E-10 -0.06975647807121277
vn 0.97029572725296016 -1.9016034580321417E-10 0.24192190170288084
vn -0.70973980426788328 0.70271348953247072 0.04962983727455139
vn 0.69033914804458616 0.70271348953247072 0.17212086915969848
vn 0.70973980426788328 0.70271348953247072 -0.04962983727455139
vn -0.69033914804458616 0.70271348953247072 -0.17212086915969848
vn 0 1 0
vn 0 1 4.965274857937629E-10
vn 3.5719588398208657E-10 1 -4.202514447548822E-10
vn 0 1 -1.1866338467392268E-10
vn 0 1 2.6648919182470365E-10
vn 0 1 -1.9239880522103903E-10
vn 0 1 1.4339027187837416E-10
vn 0 1 -1.5509513118239227E-10
vn -1.6008297465397447E-10 1 -3.1941155276271616E-10
vn 0 1 4.791293473083158E-10
vn -5.158677929273381E-10 1 3.15514947502038E-09
vn 0 1 -2.599892801047332E-10
vn -3.313061769372183E-10 1 -4.502503092584931E-10
vn -6.751285086536996E-10 1 -6.501201799125056E-10
vn -1.1277356132266547E-10 1 1.1570147062656133E-09
vn 1.367885804626212E-10 1 0
vn 1.213258798982153E-10 1 -1.9416199203980966E-10
vn 0 1 -9.488198005058734E-10
vn -6.159410759210004E-10 1 5.169327188525585E-10
vn -2.0021960478455725E-10 1 8.030369702538565E-10
vn 1.1765650953510232E-10 1 1.4021755978532724E-10
vn 0 1 -3.676304538569042E-10
vn -2.7405251401546593E-09 1 -1.8617775099372125E-09
vn -6.958011944391274E-10 1 -2.2121889042825416E-10
vn 0 1 2.2929215470757214E-10
vn -3.7411174158563654E-10 1 -9.261569844376538E-10
vn -2.65676236566037E-09 1 -1.6601293673090822E-09
vn -3.073942211884173E-10 1 4.91793661350215E-10
vn -8.90427787059167E-10 1 -1.0611705958396556E-09
vn -1.8143864188857606E-09 1 -8.253305261440858E-10
vn -7.081895070371047E-10 1 2.859671666133323E-10
vn -3.3532532306423946E-09 1 -3.267495440884005E-10
vn -2.0539527023633042E-10 1 -1.5850801227124123E-10
vn 0 1 1.6989483431206764E-10
vn 0 1 -4.3905931668142273E-10
vn -1.5346085513456842E-10 1 1.2886380851284684E-10
vn 0 1 -3.507772960986699E-10
vn -4.0623285291196964E-10 1 0
vn -4.142096110548721E-10 1 0
vn 0 1 1.5991878654642022E-10
vn 0 1 1.0473961281620703E-10
vn -1.0090563107301165E-10 1 -2.4975019274897647E-10
vn -3.6344194320747647E-10 1 -2.2710372471479445E-10
vn -2.1665902405487714E-10 1 0
vn -1.6544773884241692E-10 1 -1.9728599309765116E-10
vn -1.3761326800310059E-10 1 0
vn 1.4845805140772939E-10 1 -2.1196956689895075E-10
vn 0 1 -1.3921952479734045E-10
vn -3.658492397917712E-10 1 0
vn -4.365655059679341E-10 1 1.0166974206970991E-10
vn -4.1229261671382744E-10 1 -1.759667966894085E-10
vn -3.9740766233364866E-10 1 1.6040635486547217E-10
vn 6.083000769763203E-10 1 0
vn 7.704345494907727E-10 1 -3.1127575517153616E-10
vn 2.3030076456986848E-10 1 0
vn 1.0573233955035732E-10 1 1.7257201223586094E-10
vn 7.332519591507491E-10 1 0
vn 1.785340486559761E-10 1 2.1276859440977347E-10
vn 0 1 1.527604015505446E-10
vn 2.0815933698958844E-10 1 2.375960816980438E-10
vn 1.1294571528042141E-10 1 2.7955046610905754E-10
vn -1.0306265563198025E-10 1 0
vn 1.5979838285939962E-10 1 -2.5573088091590535E-10
vn 0 1 -1.6749973630325599E-10
vn 0 1 2.7171140337678423E-10
vn 3.9756217762310087E-10 1 9.840009917994053E-10
vn 1.567340368602288E-09 1 8.804079132396225E-10
vn 3.9230718673621823E-10 1 1.2966934470615143E-10
vn 2.9005745028065633E-10 1 -1.1719081260963549E-10
vn 2.410564803323467E-10 1 0
vn 0 1 -1.2834140694639729E-10
vn 0 1 1.2274442573456668E-10
vn 5.701642491473535E-10 1 4.625616556452883E-10
vn 7.544253000091317E-10 1 0
vn 3.6598452046732177E-10 1 0
vn 4.0886261043482364E-10 1 0
vn 0 1 -1.3740472648571256E-10
vn 0 1 2.8040789135097555E-10
vn 1.3034514578791345E-09 1 8.143994367770802E-10
vn 2.6533256147764916E-10 1 1.657124854004266E-10
vn -1.2844721120064406E-10 1 0
vn 2.1280206763396592E-10 1 -1.7856213729849912E-10
vn 6.586430845167968E-10 1 7.849402794413152E-10
vn -2.3433946449991083E-10 1 0
vn -1.0035666742069793E-10 1 0
vn 3.724394403992193E-10 1 0
vn -3.324942821070209E-10 1 0
vn -3.723069630368059E-10 1 0
vn -1.2829692863647324E-09 1 -4.0567449399731004E-10
vn -0.38561344146728512 0.92234647274017328 0.02406769432127475
vn -0.36001855134963988 0.92249763011932368 0.13922907412052154
vn -0.39382869005203248 0.90703886747360224 0.14892768859863282
vn -0.30092114210128784 0.92264074087142944 0.24120649695396424
vn -0.36092194914817808 0.88940119743347168 0.28053674101829528
vn -0.2138822376728058 0.92277574539184576 0.32052972912788392
vn -0.2831760346889496 0.8696309328079224 0.40441730618476864
vn -0.10705197602510452 0.92290282249450688 0.3698517382144928
vn -0.1623944342136383 0.8482569456100464 0.50407165288925168
vn 0.00959201902151107 0.923021912574768 0.38462781906127928
vn -0.00702314591035246 0.8262048363685608 0.56332606077194216
vn 0.12517459690570832 0.92313313484191888 0.36353343725204464
vn 0.1678694635629654 0.80479246377944944 0.56932318210601808
vn 0.22893494367599488 0.92323648929595952 0.30858254432678224
vn 0.3421286940574646 0.78562396764755248 0.51550263166427616
vn 0.31122636795043944 0.9233320355415344 0.22493574023246764
vn 0.49348908662796024 0.77038055658340448 0.4037106931209564
vn 0.36441138386726376 0.92341983318328864 0.12041674554347992
vn 0.6013948917388916 0.7605482935905456 0.2447253167629242
vn 0.3785721063613892 0.92349982261657712 0.06189664080739021
vn 0.38356897234916688 0.92349982261657712 0.00478206342086195
vn 0.38356897234916688 0.92349982261657712 0.00478206248953938
vn 0.63475447893142704 0.7605482935905456 -0.13657626509666442
vn 0.3669491708278656 0.9235721826553344 -0.11118793487548828
vn 0.3917032778263092 0.89839839935302736 -0.19861736893653868
vn 0.29819086194038392 0.9323654174804688 -0.20439404249191284
vn 0.31193980574607848 0.92376095056533808 -0.22216957807540892
vn 0.42644709348678592 0.78562396764755248 -0.44826093316078184
vn 0.23587934672832488 0.92369377613067632 -0.30191180109977724
vn 0.26418107748031616 0.80479246377944944 -0.53152364492416384
vn 0.13368648290634156 0.92374312877655024 -0.35892418026924132
vn 0.090904101729393 0.8262048363685608 -0.55598747730255128
vn 0.01908658631145954 0.92378485202789312 -0.38243597745895384
vn -0.0723961666226387 0.8482569456100464 -0.52461314201354984
vn -0.09723839908838272 0.92381894588470464 -0.37027457356452944
vn -0.20864763855934144 0.8696309328079224 -0.44744628667831424
vn -0.20445106923580168 0.9238454699516296 -0.32358822226524352
vn -0.24869674444198608 0.92295360565185552 -0.29377985000610352
vn -0.2925662398338318 0.92386436462402336 -0.24673789739608764
vn -0.29434597492218016 0.92035758495330816 -0.25749248266220092
vn -0.36198452115058896 0.90703886747360224 -0.21505278348922728
vn -0.3533789813518524 0.92387574911117552 -0.14689075946807862
vn -0.37557578086853024 0.92234647274017328 -0.0906631201505661
vn -0.3303721845149994 0.92249763011932368 -0.19963043928146364
vn -0.21742975711822508 0.94414448738098144 -0.2476195842027664
vn -0.15497347712516784 0.92277574539184576 -0.35280042886734008
vn -0.04120153933763504 0.92290282249450688 -0.3828222155570984
vn 0.07623621076345444 0.923021912574768 -0.3771188259124756
vn 0.18639983236789704 0.92313313484191888 -0.3362742066383362
vn 0.27904170751571656 0.92323648929595952 -0.2641403377056122
vn 0.34555783867836 0.9233320355415344 -0.16747456789016724
vn 0.37978529930114744 0.92341983318328864 -0.05530797690153122
vn 0.34206679463386536 0.9235721826553344 0.17321878671646118
vn 0.27370139956474304 0.92363679409027104 0.26829570531845092
vn 0.17986936867237092 0.92369377613067632 0.33828508853912352
vn 0.06932895630598068 0.92374312877655024 0.3766857385635376
vn -0.04761269316077232 0.92378485202789312 0.37994027137756344
vn -0.1600586324930191 0.92381894588470464 0.34776398539543152
vn -0.25753548741340636 0.9238454699516296 0.28316962718963624
vn -0.33096706867218016 0.92386436462402336 0.19218578934669496
vn -0.3735176622867584 0.92387574911117552 0.0832955464720726
vn -0.3856134116649628 0.92234647274017328 0.02406769432127475
vn -0.6982877254486084 0.71414983272552488 0.04882903769612312
vn -0.70968568325042728 0.70312464237213136 0.04429435357451439
vn -0.66284006834030152 0.70351517200469968 0.25633850693702696
vn -0.63958805799484256 0.72398293018341072 0.25841033458709716
vn -0.55423969030380248 0.70388519763946536 0.44425663352012632
vn -0.52160203456878664 0.7323735356330872 0.43767607212066648
vn -0.39406853914260864 0.70423489809036256 0.59056180715560912
vn -0.35674449801445008 0.73945552110672 0.57091057300567624
vn -0.19730357825756072 0.70456415414810184 0.68166017532348632
vn -0.16128572821617126 0.74533951282501216 0.64688169956207272
vn 0.01768417097628116 0.70487320423126224 0.70911288261413576
vn 0.04613044857978821 0.75011527538299568 0.65969616174697872
vn 0.23084287345409392 0.70516198873519896 0.67041635513305664
vn 0.2461320161819458 0.75385457277297968 0.60919809341430664
vn 0.42230784893035888 0.70543062686920168 0.56923079490661624
vn 0.42029538750648496 0.75661247968673712 0.50088852643966672
vn 0.5742506384849548 0.70567917823791504 0.41503387689590456
vn 0.5527198910713196 0.75842928886413568 0.34537771344184876
vn 0.67253720760345456 0.70590764284133912 0.22223439812660216
vn 0.63137561082839968 0.75933122634887696 0.1574196219444275
vn 0.64911919832229616 0.75933122634887696 -0.04539083689451218
vn 0.70804107189178464 0.70611608028411864 0.00882734730839729
vn 0.60429704189300536 0.75842928886413568 -0.24415184557437896
vn 0.67748981714248656 0.7063045501708984 -0.20528373122215272
vn 0.50088852643966672 0.75661247968673712 -0.42029538750648496
vn 0.58376628160476688 0.70647311210632328 -0.40014082193374632
vn 0.34817886352539064 0.75385457277297968 -0.55720263719558712
vn 0.43563681840896608 0.70662176609039304 -0.55758970975875856
vn 0.15998466312885284 0.75011527538299568 -0.64166343212127688
vn 0.24693241715431212 0.70675051212310792 -0.66296917200088504
vn -0.04650560393929482 0.74533951282501216 -0.66506111621856688
vn 0.0352586880326271 0.70685940980911256 -0.70647478103637696
vn -0.25218719244003296 0.73945552110672 -0.6241851449012756
vn -0.17964468896389008 0.70694851875305176 -0.68406987190246584
vn -0.43767607212066648 0.7323735356330872 -0.52160203456878664
vn -0.3777426779270172 0.7070177793502808 -0.59785979986190792
vn -0.5849987864494324 0.72398293018341072 -0.36554780602455136
vn -0.54057049751281736 0.7070671916007996 -0.45589414238929752
vn -0.69121235609054568 0.70312464237213136 -0.166857048869133
vn -0.65295279026031496 0.70709687471389768 -0.2714160680770874
vn -0.6792001128196716 0.71414983272552488 -0.16934360563755036
vn -0.60825735330581664 0.70351517200469968 -0.36754512786865232
vn -0.46867516636848448 0.70388519763946536 -0.53375011682510376
vn -0.28553175926208496 0.70423489809036256 -0.65001910924911496
vn -0.07593704760074615 0.70456415414810184 -0.70556563138961792
vn 0.14055167138576508 0.70487320423126224 -0.69526904821395872
vn 0.3437524437904358 0.70516198873519896 -0.62014579772949216
vn 0.51473790407180784 0.70543062686920168 -0.48724991083145144
vn 0.63759636878967288 0.70567917823791504 -0.30901098251342772
vn 0.70091044902801512 0.70590764284133912 -0.1020733043551445
vn 0.69881719350814816 0.70611608028411864 0.11425679922103882
vn 0.6315500736236572 0.7063045501708984 0.31980988383293152
vn 0.50541383028030392 0.70647311210632328 0.49543175101280216
vn 0.33219408988952636 0.70662176609039304 0.62476617097854616
vn 0.1280575692653656 0.70675051212310792 0.6957765221595764
vn -0.08795502781867981 0.70685940980911256 0.70186442136764528
vn -0.29570296406745912 0.70694851875305176 0.64248234033584592
vn -0.47582119703292848 0.7070177793502808 0.5231826305389404
vn -0.61152321100234984 0.7070671916007996 0.35509899258613588
vn -0.69016385078430176 0.70709687471389768 0.15390858054161072
vn -1.4717770058236823E-10 1 -1.7544665720237163E-10
vn 0 1 -1.1164596330770493E-10
vn 0 1 2.071668669945126E-10
vn -5.635769073641939E-10 1 -3.521976321696485E-10
vn 0 1 -2.026558781897947E-10
vn 0 1 2.0259345590023514E-10
vn 0.69033914804458616 0.70271354913711544 0.17212088406085968
vn 0.70973980426788328 0.70271348953247072 -0.04962984845042229
vn 0.70973980426788328 0.70271354913711544 -0.04962984099984169
vn -0.97029572725296016 2.3603902166158264E-10 -0.24192190170288084
vn -0.84804809093475344 1.401184168692282E-10 -0.52991926670074464
vn -0.64278763532638552 1.4015084925933508E-10 -0.76604443788528448
vn -0.37460657954216 1.4011070081920707E-10 -0.92718386650085456
vn -0.06975647062063217 1.4011455884421764E-10 -0.99756407737731936
vn 0.24192190170288084 1.401080917950992E-10 -0.97029572725296016
vn 0.52991926670074464 1.4012913052141585E-10 -0.84804809093475344
vn 0.76604443788528448 1.401221222385729E-10 -0.64278763532638552
vn 0.92718386650085456 1.4008774695817294E-10 -0.37460657954216
vn 0.99756407737731936 1.4008852411429018E-10 -0.06975647062063217
vn 0.97029572725296016 -1.0298612657111406E-10 0.24192190170288084
vn 0.84804809093475344 1.401581906090854E-10 0.52991926670074464
vn 0.64278763532638552 1.401413152191111E-10 0.76604443788528448
vn 0.37460657954216 1.4013912252863747E-10 0.92718386650085456
vn 0.06975647062063217 1.4016358906854265E-10 0.99756407737731936
vn -0.24192190170288084 1.401576354975731E-10 0.97029572725296016
vn -0.52991926670074464 1.4015737181960475E-10 0.84804809093475344
vn -0.76604443788528448 1.4019041483237515E-10 0.64278763532638552
vn -0.92718386650085456 1.4017109695174668E-10 0.37460657954216
vn -0.99756407737731936 1.401455618221803E-10 0.06975647062063217
vn -0.99756407737731936 3.0129010397672573E-10 0.06975647062063217
vn -0.92718386650085456 1.4015416605062114E-10 0.37460657954216
vn -0.76604443788528448 1.40173456175674E-10 0.64278763532638552
vn -0.52991926670074464 1.4018332328280536E-10 0.84804809093475344
vn -0.24192190170288084 1.4015970328795646E-10 0.97029572725296016
vn 0.06975647062063217 1.4016468541377947E-10 0.99756407737731936
vn 0.37460657954216 1.4015751059748283E-10 0.92718386650085456
vn 0.64278763532638552 1.4012223326087536E-10 0.76604443788528448
vn 0.84804809093475344 1.401318922011896E-10 0.52991926670074464
vn 0.97029572725296016 1.4015295868308186E-10 0.24192190170288084
vn 0.99756407737731936 -1.0807927469658196E-10 -0.06975647807121277
vn 0.92718386650085456 1.4008397219988922E-10 -0.37460657954216
vn 0.76604443788528448 1.4008905147022688E-10 -0.64278763532638552
vn 0.52991926670074464 1.4011883320286245E-10 -0.84804809093475344
vn 0.24192190170288084 1.4011443394412737E-10 -0.97029572725296016
vn -0.06975647062063217 1.4011374005473698E-10 -0.99756407737731936
vn -0.37460657954216 1.4012295490584137E-10 -0.92718386650085456
vn -0.64278763532638552 1.4011651561229854E-10 -0.76604443788528448
vn -0.84804809093475344 1.4016715566000926E-10 -0.52991926670074464
vn -0.97029572725296016 1.401244398291368E-10 -0.24192190170288084
vn -0.97029572725296016 1.7799915708049951E-10 -0.24192190170288084
vn 0.97029572725296016 -2.9052707462007277E-10 0.24192190170288084
vn -0.99756407737731936 2.570327006790052E-10 0.06975647807121277
vn 0.99756407737731936 -3.112669288984904E-10 -0.06975647062063217
vn -0.76991140842437744 0.60859477519989016 -0.19196046888828276
vn -0.78451669216156 0.61621785163879392 -0.06934819370508194
vn -0.67102712392807008 0.61147892475128176 -0.41930431127548216
vn -0.50861257314682008 0.61147892475128176 -0.60614085197448728
vn -0.29641148447990416 0.61147892475128176 -0.73364418745040896
vn -0.05519555881619453 0.61147892475128176 -0.78933322429656976
vn 0.19142329692840576 0.61147892475128176 -0.76775687932968144
vn 0.41930431127548216 0.61147892475128176 -0.67102712392807008
vn 0.60614085197448728 0.61147892475128176 -0.50861257314682008
vn 0.73364418745040896 0.61147892475128176 -0.29641148447990416
vn 0.78922784328460688 0.611541211605072 -0.05600611120462418
vn 0.79154676198959344 0.60859680175781248 -0.05535034090280533
vn 0.76775521039962768 0.61148136854171752 0.1914221942424774
vn 0.67102712392807008 0.61147892475128176 0.41930431127548216
vn 0.50861257314682008 0.61147892475128176 0.60614085197448728
vn 0.29641148447990416 0.61147892475128176 0.73364418745040896
vn 0.05519555881619453 0.61147892475128176 0.78933322429656976
vn -0.19142329692840576 0.61147892475128176 0.76775687932968144
vn -0.41930431127548216 0.61147892475128176 0.67102712392807008
vn -0.60614085197448728 0.61147892475128176 0.50861257314682008
vn -0.73364418745040896 0.61147892475128176 0.29641148447990416
vn -0.78933328390121456 0.61147892475128176 0.05519552528858185
vn -0.78933316469192512 0.61147904396057128 0.05519555136561394
vn 0.76775687932968144 0.61147892475128176 0.19142329692840576
vn 0.78463774919509888 0.61622005701065064 0.06794433295726776
vn -0.7675122022628784 0.6115412712097168 -0.19220378994941712
vn -0.97029572725296016 5.168042660486094E-10 -0.24192190170288084
vn -0.84804809093475344 7.016131564618888E-10 -0.52991926670074464
vn -0.64278763532638552 7.015656944275861E-10 -0.76604443788528448
vn -0.37460657954216 7.015433789447911E-10 -0.92718386650085456
vn -0.06975647062063217 7.015487635264606E-10 -0.99756407737731936
vn 0.24192190170288084 7.015529268628029E-10 -0.97029572725296016
vn 0.52991926670074464 7.015400482757173E-10 -0.84804809093475344
vn 0.76604443788528448 7.01543823034001E-10 -0.64278763532638552
vn 0.92718386650085456 7.015323322256961E-10 -0.37460657954216
vn 0.99756407737731936 7.015629188700245E-10 -0.06975647062063217
vn 0.97029572725296016 1.777462621532777E-10 0.24192190170288084
vn 0.84804809093475344 7.015805159049648E-10 0.52991926670074464
vn 0.64278763532638552 7.015756309236565E-10 0.76604443788528448
vn 0.37460657954216 7.016122682834691E-10 0.92718386650085456
vn 0.06975647062063217 7.016078829025219E-10 0.99756407737731936
vn -0.24192190170288084 7.016024428097012E-10 0.97029572725296016
vn -0.52991926670074464 7.015913405794549E-10 0.84804809093475344
vn -0.76604443788528448 7.015845682190047E-10 0.64278763532638552
vn -0.92718386650085456 7.015848457747609E-10 0.37460657954216
vn -0.99756407737731936 7.016013880978278E-10 0.06975647062063217
vn -0.99756407737731936 5.820598447670022E-10 0.06975647062063217
vn -0.92718386650085456 7.016061620568337E-10 0.37460657954216
vn -0.76604443788528448 7.015912295571525E-10 0.64278763532638552
vn -0.52991926670074464 7.015888425776495E-10 0.84804809093475344
vn -0.24192190170288084 7.015960035161584E-10 0.97029572725296016
vn 0.06975647062063217 7.015926728470845E-10 0.99756407737731936
vn 0.37460657954216 7.01604330188843E-10 0.92718386650085456
vn 0.64278763532638552 7.016172087759287E-10 0.76604443788528448
vn 0.84804809093475344 7.015687475409038E-10 0.52991926670074464
vn 0.97029572725296016 7.015706349200457E-10 0.24192190170288084
vn 0.99756407737731936 1.726545295621662E-10 -0.06975647807121277
vn 0.92718386650085456 7.01557034687994E-10 -0.37460657954216
vn 0.76604443788528448 7.015304448465542E-10 -0.64278763532638552
vn 0.52991926670074464 7.015436565005473E-10 -0.84804809093475344
vn 0.24192190170288084 7.015372727181557E-10 -0.97029572725296016
vn -0.06975647062063217 7.015530933962566E-10 -0.99756407737731936
vn -0.37460657954216 7.01554869753096E-10 -0.92718386650085456
vn -0.64278763532638552 7.015484304595532E-10 -0.76604443788528448
vn -0.84804809093475344 7.0157624154632E-10 -0.52991926670074464
vn -0.97029572725296016 7.016269787385454E-10 -0.24192190170288084
vn -0.84804809093475344 -2.812815813602043E-10 -0.52991926670074464
vn -0.64278763532638552 -2.812964861043099E-10 -0.76604443788528448
vn -0.37460657954216 -2.8130617280019976E-10 -0.92718386650085456
vn -0.06975647062063217 -2.81308393246249E-10 -0.99756407737731936
vn 0.24192190170288084 -2.81306228311351E-10 -0.97029572725296016
vn 0.52991926670074464 -2.813231037013253E-10 -0.84804809093475344
vn 0.76604443788528448 -2.8130220375288673E-10 -0.64278763532638552
vn 0.92718386650085456 -2.813050070660239E-10 -0.37460657954216
vn 0.99756407737731936 -2.813012600633158E-10 -0.06975647062063217
vn 0.97029572725296016 -3.914817359174094E-10 0.24192190170288084
vn 0.84804809093475344 -2.812959587483732E-10 0.52991926670074464
vn 0.64278763532638552 -2.8126564965980094E-10 0.76604443788528448
vn 0.37460657954216 -2.8127689066792527E-10 0.92718386650085456
vn 0.06975647062063217 -2.8126623252688887E-10 0.99756407737731936
vn -0.24192190170288084 -2.8125610174178917E-10 0.97029572725296016
vn -0.52991926670074464 -2.8126564965980094E-10 0.84804809093475344
vn -0.76604443788528448 -2.812599042556485E-10 0.64278763532638552
vn -0.92718386650085456 -2.813012878188914E-10 0.37460657954216
vn -0.99756407737731936 -2.8127469797745164E-10 0.06975647062063217
vn -0.99756407737731936 1.5478059112172815E-10 0.06975647807121277
vn -0.92718386650085456 -2.8126356799162977E-10 0.37460657954216
vn -0.76604443788528448 -2.812863830747858E-10 0.64278763532638552
vn -0.52991926670074464 -2.8125729523154064E-10 0.84804809093475344
vn -0.24192190170288084 -2.8126742601664034E-10 0.97029572725296016
vn 0.06975647062063217 -2.8125693440905764E-10 0.99756407737731936
vn 0.37460657954216 -2.8126567741537656E-10 0.92718386650085456
vn 0.64278763532638552 -2.8128768758683975E-10 0.76604443788528448
vn 0.84804809093475344 -2.8126936890693344E-10 0.52991926670074464
vn 0.97029572725296016 -2.813055344219606E-10 0.24192190170288084
vn 0.99756407737731936 -4.1217432245055363E-10 -0.06975647062063217
vn 0.92718386650085456 -2.8131111329265934E-10 -0.37460657954216
vn 0.76604443788528448 -2.813104749144202E-10 -0.64278763532638552
vn 0.52991926670074464 -2.8130278661997465E-10 -0.84804809093475344
vn 0.24192190170288084 -2.8131752483062655E-10 -0.97029572725296016
vn -0.06975647062063217 -2.8130847651297586E-10 -0.99756407737731936
vn -0.37460657954216 -2.8130486828814583E-10 -0.92718386650085456
vn -0.64278763532638552 -2.8130472951026775E-10 -0.76604443788528448
vn -0.84804809093475344 -2.8129071294458186E-10 -0.52991926670074464
vn -0.97029572725296016 -2.812739208213344E-10 -0.24192190170288084
vn -0.75115567445755008 0.63300061225891112 -0.18728414177894592
vn -0.76503485441207888 0.64042806625366208 -0.06762786209583282
vn -0.654609739780426 0.63574194908142088 -0.40904557704925536
vn -0.49616885185241696 0.63574194908142088 -0.59131097793579104
vn -0.28915944695472716 0.63574194908142088 -0.71569478511810304
vn -0.05384514108300209 0.63574194908142088 -0.770021378993988
vn 0.1867399215698242 0.63574194908142088 -0.7489728927612304
vn 0.40904557704925536 0.63574194908142088 -0.654609739780426
vn 0.59131097793579104 0.63574194908142088 -0.49616885185241696
vn 0.71569478511810304 0.63574194908142088 -0.28915944695472716
vn 0.7699147462844848 0.63580358028411864 -0.05463571101427078
vn 0.77226388454437248 0.63300257921218872 -0.05400195345282555
vn 0.7489712238311768 0.6357442140579224 0.18673883378505708
vn 0.654609739780426 0.63574194908142088 0.40904557704925536
vn 0.49616885185241696 0.63574194908142088 0.59131097793579104
vn 0.28915944695472716 0.63574194908142088 0.71569478511810304
vn 0.05384514108300209 0.63574194908142088 0.770021378993988
vn -0.1867399215698242 0.63574194908142088 0.7489728927612304
vn -0.40904557704925536 0.63574194908142088 0.654609739780426
vn -0.59131097793579104 0.63574194908142088 0.49616885185241696
vn -0.71569478511810304 0.63574194908142088 0.28915944695472716
vn -0.770021378993988 0.63574194908142088 0.0538451075553894
vn -0.77002125978469856 0.63574200868606568 0.05384513363242149
vn 0.7489728927612304 0.63574194908142088 0.1867399215698242
vn 0.76515316963195808 0.640430212020874 0.06625545024871826
vn -0.74873048067092896 0.63580363988876344 -0.1875005066394806
vn 0.12447184324264526 0.98671078681945808 -0.10444428026676178
vn 0.14571763575077056 0.98757290840148928 -0.05887375026941299
vn -0.05714878812432289 0.9882947206497192 -0.14144821465015412
vn -0.1038670390844345 0.98685824871063232 -0.1237839162349701
vn -0.1237839162349701 0.98685824871063232 0.1038670390844345
vn -0.14437879621982574 0.98780161142349248 0.05833281949162483
vn 0.05707882717251778 0.98832350969314576 0.1412750631570816
vn 0.10444428026676178 0.98671078681945808 0.12447184324264526
vn 0.12466756999492646 0.98369759321212768 -0.12960357964038848
vn 0.03888949751853943 0.9846327900886536 -0.17025229334831238
vn -0.01233513280749321 0.9842411875724792 -0.17640061676502228
vn -0.00873467698693275 0.9846327900886536 -0.1744188666343689
vn 0.04277937859296798 0.9842411875724792 -0.17157872021198272
vn -0.02350997552275657 0.99601536989212032 -0.08602680265903473
vn -0.10172445327043534 0.98361808061599728 -0.1488208919763565
vn 0.13148385286331176 0.98389774560928352 0.12106699496507644
vn 0.17025226354599 0.9846327900886536 0.03888949006795883
vn 0.17240092158317566 0.98491418361663824 0.01489733532071113
vn 0.17634695768356324 0.98424851894378656 -0.01251412183046341
vn 0.1744440495967865 0.98462575674057008 -0.00902022514492273
vn 0.17240649461746216 0.98491424322128288 0.01482932362705469
vn 0.10911017656326294 0.99302238225936896 -0.04473840072751045
vn 0.15050937235355378 0.98389774560928352 -0.09639578312635422
vn 0.17157870531082154 0.9842411875724792 0.04277941584587097
vn -0.03888949751853943 0.9846327900886536 0.17025229334831238
vn 0.01233513280749321 0.9842411875724792 0.17640061676502228
vn 0.0087346788495779 0.9846327900886536 0.1744188666343689
vn -0.04277937859296798 0.9842411875724792 0.17157872021198272
vn 0.0263047032058239 0.9959250092506408 0.08626368641853333
vn 0.1002681627869606 0.98369759321212768 0.14928291738033294
vn -0.06122482568025589 0.99692374467849728 0.04893475398421288
vn -0.13004669547080994 0.98374617099761968 -0.12381958216428756
vn -0.17022740840911866 0.98462581634521488 -0.03917471319437027
vn -0.17236874997615814 0.98491418361663824 -0.01526554953306913
vn -0.17235973477363586 0.98491424322128288 -0.01536215841770172
vn -0.17640061676502228 0.9842411875724792 0.01233513467013836
vn -0.1744188666343689 0.9846327900886536 0.0087346825748682
vn -0.17149481177330018 0.98424851894378656 -0.04294630140066147
vn -0.10785169154405594 0.99315494298934944 0.04484669491648674
vn -0.14957204461097718 0.98374617099761968 0.09935611486434936
vn -0.09842563420534134 0.99315494298934944 -0.06289362162351608
vn -0.03809120506048202 0.99601536989212032 0.08063739538192749
vn -0.12602150440216064 0.98361808061599728 0.12889569997787476
vn 0.05306053906679153 0.99685084819793696 0.05893200263381004
vn 0.09968380630016326 0.99302238225936896 0.06300550699234009
vn 0.06248786300420761 0.99685084819793696 -0.04882282763719559
vn 0.04088460654020309 0.9959250092506408 -0.08038538694381714
vn -0.05179725214838982 0.99692374467849728 -0.05882290750741959
vn 0.13328054547309876 0.98757290840148928 0.08328292518854141
vn -0.08084279298782349 0.9882947206497192 0.12937551736831666
vn -0.13205596804618836 0.98780161142349248 -0.08251772820949554
vn 0.08074382692575455 0.98832350969314576 -0.12921713292598724
vn 0.01184071600437164 0.69251185655593872 -0.72130930423736576
vn -0.01660805009305477 0.7299690246582032 -0.68327844142913816
vn 0.0198486503213644 0.71807324886322024 -0.6956844925880432
vn 0.69331538677215576 0.71166539192199704 0.1133408173918724
vn 0.66567617654800416 0.73647564649581904 0.12032833695411682
vn -0.67645764350891112 0.73647582530975344 0.00290686171501874
vn -0.70246356725692752 0.71166557073593136 -0.00877400673925876
vn -0.00807902310043573 0.75899660587310784 -0.651044487953186
vn -0.0341092050075531 0.73138457536697392 -0.6811116933822632
vn 0.12023839354515076 0.76541787385940544 -0.6322011351585388
vn 0.1210089698433876 0.75899660587310784 -0.63975071907043456
vn 0.15186484158039094 0.73138457536697392 -0.66484111547470096
vn -0.00863113161176443 0.76541787385940544 -0.64347571134567264
vn 0.99619472026824944 -7.906960086678794E-10 0.08715574443340302
vn 0.99619472026824944 5.1368825637609916E-08 0.08715574443340302
vn 0.99619472026824944 -3.311511065362538E-10 0.08715574443340302
vn -0.0134120937436819 -9.232025144356726E-10 -0.99991005659103392
vn 0.18684089183807372 2.6550053822127495E-10 -0.98239016532897952
vn 0.18684089183807372 -9.231920783392411E-10 -0.98239016532897952
vn -0.01341209653764963 2.4752530580762766E-10 -0.99991005659103392
vn 0.08715574443340302 -3.118208746766271E-10 -0.99619472026824944
vn 0.08715574443340302 -1.4977223905532355E-09 -0.99619472026824944
vn 0.08715573698282242 6.603625024581561E-08 -0.99619472026824944
vn 0.651044487953186 0.75899660587310784 -0.00807902310043573
vn 0.68111181259155272 0.73138445615768432 -0.03410928696393966
vn 0.6640344262123108 0.73191922903060912 0.15281526744365692
vn 0.6322011351585388 0.76541787385940544 0.12023839354515076
vn 0.63975071907043456 0.75899660587310784 0.1210089698433876
vn 0.57877427339553832 0.81385403871536256 0.05159390345215797
vn 0.64347571134567264 0.76541787385940544 -0.00863113161176443
vn 0.99991005659103392 -9.232025144356726E-10 -0.0134120937436819
vn 0.98239016532897952 2.494533468677673E-10 0.18684089183807372
vn 0.98239016532897952 -9.231920783392411E-10 0.18684089183807372
vn 0.99991005659103392 2.6349605830588985E-10 -0.01341209560632705
vn -0.10125722736120224 0.71807324886322024 0.68856215476989744
vn -0.1135932132601738 0.69251185655593872 0.712407112121582
vn -0.13500580191612244 0.7299689650535584 0.670013964176178
vn -0.99619472026824944 -1.5609299963692536E-10 -0.08715574443340302
vn -0.99619472026824944 -1.736767174520537E-09 -0.08715574443340302
vn -0.99619472026824944 6.776187611023943E-09 -0.08715574443340302
vn 0.10218102484941482 0.71758908033370968 -0.68893033266067504
vn 0.11358965188264846 0.69283866882324216 -0.71208983659744264
vn 0.13592734932899476 0.72955316305160528 -0.67028051614761352
vn 0.08715574443340302 -5.579555706347605E-10 -0.99619472026824944
vn 0.08715574443340302 4.0839993609154135E-09 -0.99619472026824944
vn 0.08715574443340302 2.7242677558270145E-10 -0.99619472026824944
vn -0.65104436874389648 0.75899666547775264 0.0080790314823389
vn -0.57833838462829592 0.81425392627716064 -0.05015158653259277
vn -0.68047827482223512 0.73192268610000608 0.0351918563246727
vn -0.6322011351585388 0.76541787385940544 -0.12023839354515076
vn -0.63975059986114504 0.75899666547775264 -0.121008962392807
vn -0.66484099626541136 0.73138469457626336 -0.15186481177806854
vn -0.64347571134567264 0.76541787385940544 0.00863113347440958
vn -0.99991005659103392 0 0.01341209467500448
vn -0.98239016532897952 0 -0.18684089183807372
vn -0.98239016532897952 2.0348787932444878E-10 -0.18684089183807372
vn -0.99991005659103392 2.1758500556856575E-10 0.01341209560632705
vn -0.01178913563489914 0.69283866882324216 0.72099626064300544
vn 0.01746931672096252 0.72955316305160528 0.68370097875595096
vn -0.01900282502174377 0.71758908033370968 0.69620746374130248
vn -0.08715574443340302 1.3610682025877452E-10 0.99619472026824944
vn -0.08715574443340302 -1.4999562703010838E-09 0.99619472026824944
vn -0.08715574443340302 9.632191044772753E-09 0.99619472026824944
vn -0.69331514835357664 0.71166563034057616 -0.1133408099412918
vn -0.66567593812942504 0.73647582530975344 -0.12032833695411682
vn -0.99619472026824944 -7.969895854387232E-10 -0.08715574443340302
vn -0.99619472026824944 1.0536594929888565E-09 -0.08715574443340302
vn -0.99619472026824944 0 -0.08715574443340302
vn -0.12023839354515076 0.76541787385940544 0.6322011351585388
vn -0.1210089698433876 0.75899660587310784 0.63975071907043456
vn 0.00807902310043573 0.75899660587310784 0.651044487953186
vn 0.03410922735929489 0.73138451576232912 0.68111175298690792
vn 0.008631132543087 0.7654178142547608 0.64347577095031736
vn -0.15186481177806854 0.73138457536697392 0.66484111547470096
vn 0.99619472026824944 2.918361385884083E-10 0.08715574443340302
vn 0.99619472026824944 -1.730329768356853E-09 0.08715574443340302
vn 0.99619472026824944 2.054549668173422E-06 0.08715556561946869
vn -0.08715574443340302 -5.605143016396141E-10 0.99619472026824944
vn -0.08715574443340302 2.4836898759872383E-08 0.99619472026824944
vn -0.08715574443340302 -1.7537707397430324E-10 0.99619472026824944
vn 0.0134120937436819 -9.231685971222703E-10 0.99991005659103392
vn -0.18684089183807372 2.335988069646078E-10 0.98239016532897952
vn -0.18684089183807372 -9.231719277913442E-10 0.98239016532897952
vn 0.01341209653764963 2.0163076763779486E-10 0.99991005659103392
vn 0.6764575242996216 0.73647588491439824 -0.00290687615051865
vn 0.70246374607086184 0.71166545152664184 0.00877409614622592
vn 0.12425769865512848 0.98675674200057984 -0.10426458716392518
vn 0.1454668939113617 0.98761588335037232 -0.05877244099974632
vn -0.05705021321773529 0.9883353114128112 -0.14120423793792724
vn -0.1036883294582367 0.986903727054596 -0.12357093393802642
vn -0.12357093393802642 0.986903727054596 0.1036883294582367
vn -0.14413030445575714 0.98784381151199344 0.05823241919279099
vn 0.05698035657405853 0.98836398124694832 0.14103133976459504
vn 0.10426458716392518 0.98675674200057984 0.12425769865512848
vn 0.12465180456638336 0.98372864723205568 -0.12938283383846282
vn 0.03884876146912575 0.98466521501541136 -0.1700739562511444
vn -0.012322798371315 0.98427289724349968 -0.1762242317199707
vn -0.00872552674263715 0.98466521501541136 -0.17423617839813232
vn 0.04273660480976104 0.98427289724349968 -0.17140716314315796
vn -0.02339622750878334 0.99601888656616208 -0.08601714670658112
vn -0.10175163298845292 0.98364883661270144 -0.14859883487224578
vn 0.13124752044677734 0.98392719030380256 0.12108403444290162
vn 0.17007392644882202 0.98466521501541136 0.03884875401854515
vn 0.17222025990486146 0.98494607210159296 0.01488161832094192
vn 0.17617055773735046 0.98428028821945184 -0.01250163093209266
vn 0.17426128685474396 0.98465824127197264 -0.0090103093534708
vn 0.17222577333450318 0.98494613170623776 0.01481412723660469
vn 0.10903683304786682 0.99303293228149408 -0.04468248412013054
vn 0.15027959644794464 0.98392719030380256 -0.09645359963178634
vn 0.17140714824199676 0.98427289724349968 0.04273663833737373
vn -0.03884876146912575 0.98466521501541136 0.1700739562511444
vn 0.012322798371315 0.98427289724349968 0.1762242317199707
vn 0.00872552953660488 0.98466521501541136 0.17423617839813232
vn -0.04273660480976104 0.98427289724349968 0.17140716314315796
vn 0.02619388699531555 0.99592876434326176 0.0862543061375618
vn 0.10029096901416778 0.98372864723205568 0.14906278252601624
vn -0.06115326285362244 0.9969308376312256 0.04887884482741356
vn -0.12981273233890534 0.98377579450607296 -0.12382979691028594
vn -0.17004914581775666 0.98465824127197264 -0.0391332171857357
vn -0.17218808829784394 0.98494607210159296 -0.01524964161217212
vn -0.17217916250228882 0.98494613170623776 -0.01534549333155155
vn -0.1762242317199707 0.98427289724349968 0.01232280023396015
vn -0.17423617839813232 0.98466521501541136 0.0087255323305726
vn -0.1713232547044754 0.98428028821945184 -0.04290336742997169
vn -0.10778052359819412 0.99316519498825072 0.0447905883193016
vn -0.14934340119361878 0.98377579450607296 0.09940680116415024
vn -0.09836528450250626 0.99316519498825072 -0.062826007604599
vn -0.03797750547528267 0.99601888656616208 0.08064763993024826
vn -0.12600971758365632 0.98364883661270144 0.1286722868680954
vn 0.05299758538603783 0.99685817956924432 0.05886432901024818
vn 0.09962128847837448 0.99303293228149408 0.06293770670890808
vn 0.06241411715745926 0.99685817956924432 -0.04876711592078209
vn 0.04077384620904922 0.99592876434326176 -0.08039539307355881
vn -0.05173648521304131 0.9969308376312256 -0.05875541642308235
vn 0.13305120170116424 0.98761588335037232 0.08313961327075958
vn -0.08070335537195206 0.9883353114128112 0.12915235757827758
vn -0.1318286806344986 0.98784381151199344 -0.08237570524215698
vn 0.08060453087091446 0.98836398124694832 -0.12899421155452728
vn 0.01184267364442348 0.69249987602233888 -0.72132080793380736
vn -0.01656284183263778 0.72999107837677008 -0.68325591087341312
vn 0.01989310793578624 0.71809864044189456 -0.69565695524215696
vn -0.67645734548568728 0.73647606372833248 0.00290690967813134
vn -0.70246356725692752 0.71166563034057616 -0.00877406541258096
vn 0.12023839354515076 0.7654178142547608 -0.6322011351585388
vn 0.1210089772939682 0.75899660587310784 -0.63975071907043456
vn -0.00807902496308088 0.75899660587310784 -0.651044487953186
vn -0.0341092087328434 0.73138457536697392 -0.68111175298690792
vn -0.00863113440573215 0.7654178142547608 -0.64347577095031736
vn 0.99619472026824944 -7.970986093397414E-10 0.08715574443340302
vn 0.99619472026824944 5.084069698568783E-08 0.08715574443340302
vn 0.99619472026824944 -2.7103480571000205E-10 0.08715574443340302
vn -0.01341209467500448 0 -0.99991005659103392
vn 0.18684089183807372 5.648100875887963E-10 -0.98239016532897952
vn 0.18684089183807372 0 -0.98239016532897952
vn -0.01341209653764963 5.468372976658031E-10 -0.99991005659103392
vn 0.08715574443340302 -2.5166407846555217E-10 -0.99619472026824944
vn 0.08715574443340302 -1.5000232167494687E-09 -0.99619472026824944
vn 0.08715555816888809 2.1340367766242707E-06 -0.99619472026824944
vn 0.66403573751449584 0.73191833496093744 0.15281373262405396
vn 0.651044487953186 0.75899660587310784 -0.00807902496308088
vn 0.68111181259155272 0.73138445615768432 -0.03410929068922996
vn 0.64347577095031736 0.7654178142547608 -0.00863113440573215
vn 0.5787721872329712 0.81385570764541632 0.05159161984920502
vn 0.99991005659103392 0 -0.01341209467500448
vn 0.98239016532897952 5.488187126978517E-10 0.18684089183807372
vn 0.98239016532897952 0 0.18684089183807372
vn 0.99991005659103392 5.628879584662627E-10 -0.01341209560632705
vn -0.1012086644768715 0.71809864044189456 0.68854278326034544
vn -0.11359334737062454 0.69249969720840456 0.71241891384124752
vn -0.13495735824108124 0.72999083995819088 0.66999995708465576
vn -0.99619472026824944 -1.7301637900146716E-09 -0.08715574443340302
vn -0.99619472026824944 2.075417569358251E-06 -0.08715556561946869
vn 0.1021309271454811 0.71761530637741088 -0.68891036510467528
vn 0.11358989775180816 0.69281625747680664 -0.71211159229278568
vn 0.13587737083435058 0.72957575321197504 -0.67026603221893312
vn 0.08715574443340302 -5.605862440916098E-10 -0.99619472026824944
vn 0.08715574443340302 3.845865403917514E-09 -0.99619472026824944
vn 0.08715574443340302 3.3258612530673304E-10 -0.99619472026824944
vn -0.65104436874389648 0.75899666547775264 0.00807903241366148
vn -0.57833772897720336 0.81425440311431888 -0.05015209317207336
vn -0.68047928810119632 0.7319218516349792 0.03519007563591003
vn -0.99991005659103392 5.169772943069972E-10 0.01341209467500448
vn -0.98239016532897952 3.551348104480212E-10 -0.18684089183807372
vn -0.98239016532897952 5.029250904620142E-10 -0.18684089183807372
vn -0.99991005659103392 3.5514427509930613E-10 0.01341209560632705
vn -0.01179267093539238 0.69281625747680664 0.72101771831512448
vn 0.01742259971797466 0.72957575321197504 0.6836780905723572
vn -0.01904870010912418 0.71761530637741088 0.69617915153503416
vn -0.08715574443340302 1.962924406351263E-10 0.99619472026824944
vn -0.08715574443340302 -1.4977117324121991E-09 0.99619472026824944
vn -0.08715574443340302 9.744637985420468E-09 0.99619472026824944
vn -0.99619472026824944 -7.906969523574503E-10 -0.08715574443340302
vn -0.99619472026824944 1.4511850610077204E-09 -0.08715574443340302
vn 0.00807902589440345 0.75899660587310784 0.651044487953186
vn 0.03410922735929489 0.73138457536697392 0.68111175298690792
vn 0.00863113347440958 0.76541787385940544 0.64347571134567264
vn 0.99619472026824944 3.519843305710424E-10 0.08715574443340302
vn 0.99619472026824944 -1.7367609572715992E-09 0.08715574443340302
vn 0.99619472026824944 -1.4217909516389682E-08 0.08715574443340302
vn -0.08715574443340302 -5.578843498277308E-10 0.99619472026824944
vn -0.08715574443340302 2.4950546517743533E-08 0.99619472026824944
vn -0.08715574443340302 -1.1524901172288438E-10 0.99619472026824944
vn 0.01341209560632705 5.009235803932199E-10 0.99991005659103392
vn -0.18684089183807372 5.3290005741502E-10 0.98239016532897952
vn -0.18684089183807372 0 0.98239016532897952
vn 0.01341209653764963 0 0.99991005659103392
vn 0.67645782232284544 0.73647564649581904 -0.00290682865306735
vn 0.70246380567550656 0.71166539192199704 0.00877403747290372
vn 0.96392035484313968 -0.26619073748588564 0
vn -0.73777300119400032 -0.66009193658828736 -0.141313835978508
vn 0.73777300119400032 0.66009193658828736 0.141313835978508
vn -0.98332446813583376 -0.11444976925849914 -0.14133034646511078
vn 0.98332446813583376 0.11444976925849914 0.14133034646511078
vn -0.49992418289184568 -0.85446149110794064 -0.14132021367549896
vn 0.0925077646970749 0.08276750147342682 -0.99226599931716912
vn -0.62551975250244144 -0.76730364561080928 -0.14131581783294678
vn -0.54631179571151736 -0.4887899160385132 -0.68016749620437624
vn -0.6836209297180176 -0.71602559089660648 -0.14131450653076172
vn -0.69523948431015016 -0.62203681468963624 -0.36015596985816956
vn -0.63604390621185304 -0.56907397508621216 -0.52115541696548464
vn -0.64420896768569944 -0.67474544048309328 -0.36015748977661132
vn -0.58935791254043576 -0.61729443073272704 -0.52115720510482792
vn -0.50621175765991208 -0.53020697832107544 -0.68016922473907472
vn -0.26921311020851136 -0.24086730182170868 -0.9324737191200256
vn -0.42332649230957032 -0.37875390052795408 -0.82300680875778192
vn -0.0925077646970749 -0.08276750147342682 -0.99226599931716912
vn -0.24945200979709624 -0.26127642393112184 -0.93247431516647344
vn -0.39225333929061888 -0.41084674000740048 -0.82300806045532224
vn -0.08571735024452209 -0.08978047966957092 -0.99226611852645872
vn -0.46318671107292176 -0.5681753158569336 -0.68017268180847168
vn -0.5640724301338196 -0.8135426044464112 -0.14131774008274078
vn -0.58945679664611816 -0.72306644916534416 -0.36016044020652772
vn -0.5392669439315796 -0.66150027513504032 -0.5211607813835144
vn -0.5315513014793396 -0.766638457775116 -0.36016479134559632
vn -0.48629087209701536 -0.7013608813285828 -0.52116608619689944
vn -0.41768348217010496 -0.60241073369979856 -0.6801777482032776
vn -0.2282491624355316 -0.27998542785644532 -0.93247544765472416
vn -0.3589133620262146 -0.44026672840118408 -0.82301056385040288
vn -0.07843148708343506 -0.09620922058820724 -0.99226623773574832
vn -0.20582491159439088 -0.29685431718826292 -0.93247717618942256
vn -0.3236529231071472 -0.46679365634918216 -0.82301425933837888
vn -0.07072590291500092 -0.10200557857751846 -0.99226647615432736
vn 0.07843148708343506 0.09620922058820724 -0.99226623773574832
vn 0.63604390621185304 0.56907397508621216 -0.52115541696548464
vn 0.08571735024452209 0.08978047966957092 -0.99226611852645872
vn 0.42332649230957032 0.37875390052795408 -0.82300680875778192
vn 0.26921311020851136 0.24086730182170868 -0.9324737191200256
vn 0.54631179571151736 0.4887899160385132 -0.68016749620437624
vn 0.39225333929061888 0.41084674000740048 -0.82300806045532224
vn 0.24945200979709624 0.26127642393112184 -0.93247431516647344
vn 0.50621175765991208 0.53020697832107544 -0.68016922473907472
vn 0.58935791254043576 0.61729443073272704 -0.52115720510482792
vn 0.73777300119400032 0.66009193658828736 -0.141313835978508
vn 0.69523948431015016 0.62203681468963624 -0.36015596985816956
vn 0.6836209297180176 0.71602559089660648 -0.14131450653076172
vn 0.64420896768569944 0.67474544048309328 -0.36015748977661132
vn 0.5392669439315796 0.66150027513504032 -0.5211607813835144
vn 0.07072590291500092 0.10200557857751846 -0.99226647615432736
vn 0.3589133620262146 0.44026672840118408 -0.82301056385040288
vn 0.2282491624355316 0.27998542785644532 -0.93247544765472416
vn 0.46318671107292176 0.5681753158569336 -0.68017268180847168
vn 0.3236529231071472 0.46679365634918216 -0.82301425933837888
vn 0.20582491159439088 0.29685431718826292 -0.93247717618942256
vn 0.41768348217010496 0.60241073369979856 -0.6801777482032776
vn 0.48629087209701536 0.7013608813285828 -0.52116608619689944
vn 0.62551975250244144 0.76730364561080928 -0.14131581783294678
vn 0.58945679664611816 0.72306644916534416 -0.36016044020652772
vn 0.5640724301338196 0.8135426044464112 -0.14131774008274078
vn 0.5315513014793396 0.766638457775116 -0.36016479134559632
vn 0.06268162280321121 0.10713431984186172 -0.99226671457290656
vn -0.36619126796722416 -0.91974490880966192 -0.14132659137248992
vn -0.3701801300048828 -0.63270527124404904 -0.68018430471420288
vn -0.43374142050743104 -0.88988548517227168 -0.14132319390773774
vn -0.47110050916671752 -0.80519658327102656 -0.3601703941822052
vn -0.43098625540733336 -0.73663401603698736 -0.52117288112640384
vn -0.40873262286186216 -0.83857619762420656 -0.3601771295070648
vn -0.37392786145210264 -0.76716899871826176 -0.521181046962738
vn -0.32117056846618652 -0.65892952680587768 -0.6801921725273132
vn -0.18241500854492188 -0.31178048253059388 -0.93247932195663456
vn -0.28684261441230772 -0.4902662932872772 -0.82301902770996096
vn -0.06268162280321121 -0.10713431984186172 -0.99226671457290656
vn -0.15826299786567688 -0.3247002363204956 -0.93248194456100464
vn -0.24886526167392732 -0.5105843544006348 -0.82302469015121456
vn -0.05438235402107239 -0.11157354712486268 -0.9922670722007752
vn -0.27114906907081604 -0.68103200197219848 -0.68020117282867432
vn -0.2974461019039154 -0.94256043434143072 -0.15200531482696534
vn -0.34507638216018676 -0.86671167612075808 -0.36018484830856324
vn -0.31569102406501772 -0.79290592670440672 -0.52119034528732296
vn -0.28330501914024352 -0.88880616426467888 -0.36022481322288512
vn -0.26176661252975464 -0.86584240198135376 -0.42637449502944944
vn -0.21698836982250212 -0.72388333082199104 -0.65491145849227904
vn -0.13361260294914246 -0.33558833599090576 -0.93248492479324336
vn -0.21010403335094452 -0.527708113193512 -0.82303124666213984
vn -0.04591185227036476 -0.11531458050012588 -0.99226742982864384
vn -0.10046034306287766 -0.31834322214126588 -0.94263744354248048
vn -0.17182788252830506 -0.54134750366210936 -0.8230541348457336
vn -0.0210980512201786 -0.06685644388198853 -0.99753952026367184
vn -0.04775268584489822 -0.11465799063444138 -0.99225664138793952
vn 0.04591185227036476 0.11531458050012588 -0.99226742982864384
vn 0.43098625540733336 0.73663401603698736 -0.52117288112640384
vn 0.05438235402107239 0.11157354712486268 -0.9922670722007752
vn 0.28684261441230772 0.4902662932872772 -0.82301902770996096
vn 0.18241500854492188 0.31178048253059388 -0.93247932195663456
vn 0.3701801300048828 0.63270527124404904 -0.68018430471420288
vn 0.24886526167392732 0.5105843544006348 -0.82302469015121456
vn 0.15826299786567688 0.3247002363204956 -0.93248194456100464
vn 0.32117056846618652 0.65892952680587768 -0.6801921725273132
vn 0.37392786145210264 0.76716899871826176 -0.521181046962738
vn 0.49992418289184568 0.85446149110794064 -0.14132021367549896
vn 0.47110050916671752 0.80519658327102656 -0.3601703941822052
vn 0.43374142050743104 0.88988548517227168 -0.14132319390773774
vn 0.40873262286186216 0.83857619762420656 -0.3601771295070648
vn 0.31569102406501772 0.79290592670440672 -0.52119034528732296
vn 0.05819391831755638 0.18440747261047364 -0.98112553358078
vn 0.0266314260661602 0.12216135114431382 -0.99215286970138544
vn 0.21010403335094452 0.527708113193512 -0.82303124666213984
vn 0.13361260294914246 0.33558833599090576 -0.93248492479324336
vn 0.27114906907081604 0.68103200197219848 -0.68020117282867432
vn 0.1714957058429718 0.50630867481231688 -0.8451276421546936
vn 0.10017900168895722 0.34742793440818788 -0.9323400855064392
vn 0.22286237776279448 0.69827586412429808 -0.6802523136138916
vn 0.36619126796722416 0.91974490880966192 -0.14132659137248992
vn 0.34507638216018676 0.86671167612075808 -0.36018484830856324
vn 0.29792243242263792 0.94406986236572272 -0.14133034646511078
vn 0.28859582543373108 0.8648642301559448 -0.41075828671455384
vn -0.0925077646970749 -0.08276750147342682 0.99226599931716912
vn 0.49992418289184568 0.85446149110794064 0.14132021367549896
vn 0.54631179571151736 0.4887899160385132 0.68016749620437624
vn 0.62551975250244144 0.76730364561080928 0.14131581783294678
vn 0.69523948431015016 0.62203681468963624 0.36015596985816956
vn 0.6836209297180176 0.71602559089660648 0.14131450653076172
vn 0.64420896768569944 0.67474544048309328 0.36015748977661132
vn 0.63604390621185304 0.56907397508621216 0.52115541696548464
vn 0.58935791254043576 0.61729443073272704 0.52115720510482792
vn 0.58945679664611816 0.72306644916534416 0.36016044020652772
vn 0.5640724301338196 0.8135426044464112 0.14131774008274078
vn 0.5315513014793396 0.766638457775116 0.36016479134559632
vn 0.5392669439315796 0.66150027513504032 0.5211607813835144
vn 0.48629087209701536 0.7013608813285828 0.52116608619689944
vn 0.46318671107292176 0.5681753158569336 0.68017268180847168
vn 0.26921311020851136 0.24086730182170868 0.9324737191200256
vn 0.50621175765991208 0.53020697832107544 0.68016922473907472
vn 0.42332649230957032 0.37875390052795408 0.82300680875778192
vn 0.39225333929061888 0.41084674000740048 0.82300806045532224
vn 0.24945200979709624 0.26127642393112184 0.93247431516647344
vn 0.0925077646970749 0.08276750147342682 0.99226599931716912
vn 0.08571735024452209 0.08978047966957092 0.99226611852645872
vn 0.2282491624355316 0.27998542785644532 0.93247544765472416
vn 0.41768348217010496 0.60241073369979856 0.6801777482032776
vn 0.3589133620262146 0.44026672840118408 0.82301056385040288
vn 0.3236529231071472 0.46679365634918216 0.82301425933837888
vn 0.20582491159439088 0.29685431718826292 0.93247717618942256
vn 0.07843148708343506 0.09620922058820724 0.99226623773574832
vn 0.07072590291500092 0.10200557857751846 0.99226647615432736
vn 0.3701801300048828 0.63270527124404904 0.68018430471420288
vn 0.36619126796722416 0.91974490880966192 0.14132659137248992
vn 0.47110050916671752 0.80519658327102656 0.3601703941822052
vn 0.43374142050743104 0.88988548517227168 0.14132319390773774
vn 0.40873262286186216 0.83857619762420656 0.3601771295070648
vn 0.43098625540733336 0.73663401603698736 0.52117288112640384
vn 0.37392786145210264 0.76716899871826176 0.521181046962738
vn 0.34507638216018676 0.86671167612075808 0.36018484830856324
vn 0.29534566402435304 0.94488131999969488 0.14131611585617066
vn 0.30123281478881836 0.94060051441192624 0.15661868453025818
vn 0.278516948223114 0.89034277200698848 0.36016386747360228
vn 0.31569102406501772 0.79290592670440672 0.52119034528732296
vn 0.27114906907081604 0.68103200197219848 0.68020117282867432
vn 0.18241500854492188 0.31178048253059388 0.93247932195663456
vn 0.32117056846618652 0.65892952680587768 0.6801921725273132
vn 0.28684261441230772 0.4902662932872772 0.82301902770996096
vn 0.24886526167392732 0.5105843544006348 0.82302469015121456
vn 0.15826299786567688 0.3247002363204956 0.93248194456100464
vn 0.06268162280321121 0.10713431984186172 0.99226671457290656
vn 0.05438235402107239 0.11157354712486268 0.9922670722007752
vn 0.13361260294914246 0.33558833599090576 0.93248492479324336
vn 0.24285613000392912 0.72324782609939568 0.64647775888442992
vn 0.21010403335094452 0.527708113193512 0.82303124666213984
vn 0.1717580258846283 0.54137146472930912 0.82305294275283808
vn 0.10208520293235778 0.3234921395778656 0.94070792198181152
vn 0.04591185227036476 0.11531458050012588 0.99226742982864384
vn 0.0210671778768301 0.04737559333443642 0.99865496158599856
vn 0.02705960348248482 0.12200989574193954 0.99215996265411376
vn -0.06268162280321121 -0.10713431984186172 0.99226671457290656
vn -0.63604390621185304 -0.56907397508621216 0.52115541696548464
vn -0.07843148708343506 -0.09620922058820724 0.99226623773574832
vn -0.42332649230957032 -0.37875390052795408 0.82300680875778192
vn -0.08571735024452209 -0.08978047966957092 0.99226611852645872
vn -0.26921311020851136 -0.24086730182170868 0.9324737191200256
vn -0.24945200979709624 -0.26127642393112184 0.93247431516647344
vn -0.39225333929061888 -0.41084674000740048 0.82300806045532224
vn -0.54631179571151736 -0.4887899160385132 0.68016749620437624
vn -0.50621175765991208 -0.53020697832107544 0.68016922473907472
vn -0.3589133620262146 -0.44026672840118408 0.82301056385040288
vn -0.07072590291500092 -0.10200557857751846 0.99226647615432736
vn -0.2282491624355316 -0.27998542785644532 0.93247544765472416
vn -0.20582491159439088 -0.29685431718826292 0.93247717618942256
vn -0.3236529231071472 -0.46679365634918216 0.82301425933837888
vn -0.46318671107292176 -0.5681753158569336 0.68017268180847168
vn -0.41768348217010496 -0.60241073369979856 0.6801777482032776
vn -0.5392669439315796 -0.66150027513504032 0.5211607813835144
vn -0.73777300119400032 -0.66009193658828736 0.141313835978508
vn -0.58935791254043576 -0.61729443073272704 0.52115720510482792
vn -0.69523948431015016 -0.62203681468963624 0.36015596985816956
vn -0.64420896768569944 -0.67474544048309328 0.36015748977661132
vn -0.6836209297180176 -0.71602559089660648 0.14131450653076172
vn -0.62551975250244144 -0.76730364561080928 0.14131581783294678
vn -0.48629087209701536 -0.7013608813285828 0.52116608619689944
vn -0.58945679664611816 -0.72306644916534416 0.36016044020652772
vn -0.5315513014793396 -0.766638457775116 0.36016479134559632
vn -0.5640724301338196 -0.8135426044464112 0.14131774008274078
vn -0.43098625540733336 -0.73663401603698736 0.52117288112640384
vn -0.04591185227036476 -0.11531458050012588 0.99226742982864384
vn -0.28684261441230772 -0.4902662932872772 0.82301902770996096
vn -0.05438235402107239 -0.11157354712486268 0.9922670722007752
vn -0.18241500854492188 -0.31178048253059388 0.93247932195663456
vn -0.15826299786567688 -0.3247002363204956 0.93248194456100464
vn -0.24886526167392732 -0.5105843544006348 0.82302469015121456
vn -0.3701801300048828 -0.63270527124404904 0.68018430471420288
vn -0.32117056846618652 -0.65892952680587768 0.6801921725273132
vn -0.21010403335094452 -0.527708113193512 0.82303124666213984
vn -0.04502268508076668 -0.14266988635063172 0.98874580860137936
vn -0.13361260294914246 -0.33558833599090576 0.93248492479324336
vn -0.11842642724514008 -0.34102582931518556 0.93256449699401856
vn -0.12487932294607162 -0.39572316408157352 0.90983974933624272
vn -0.17817354202270508 -0.53915488719940184 0.82314407825469968
vn -0.27114906907081604 -0.68103200197219848 0.68020117282867432
vn -0.20348858833312988 -0.6785908341407776 0.7057668566703796
vn -0.31569102406501772 -0.79290592670440672 0.52119034528732296
vn -0.49992418289184568 -0.85446149110794064 0.14132021367549896
vn -0.37392786145210264 -0.76716899871826176 0.521181046962738
vn -0.47110050916671752 -0.80519658327102656 0.3601703941822052
vn -0.40873262286186216 -0.83857619762420656 0.3601771295070648
vn -0.43374142050743104 -0.88988548517227168 0.14132319390773774
vn -0.36619126796722416 -0.91974490880966192 0.14132659137248992
vn -0.25683519244194032 -0.81387072801589968 0.5212005972862244
vn -0.34507638216018676 -0.86671167612075808 0.36018484830856324
vn -0.28633123636245728 -0.90733915567398064 0.30781507492065428
vn -0.30703419446945192 -0.94113963842391968 0.1413724273443222
vn -0.29996100068092348 -0.95369112491607664 0.02228562720119953
vn 0.90535718202590944 0.4004468023777008 0.14131774008274078
vn -0.15641282498836518 -0.00646730605512857 0.98767060041427616
vn 0.9557387828826904 0.25805261731147768 0.14132319390773774
vn 0.70095956325531008 0.09755121916532516 0.70649802684783936
vn 0.9723169803619384 0.18608197569847108 0.14132659137248992
vn 0.92703408002853392 0.10440600663423538 0.36014890670776368
vn 0.949284553527832 0.11048784852027894 0.294365793466568
vn 0.84797757863998416 0.0965457633137703 0.52116495370864872
vn 0.91625237464904784 0.17535233497619628 0.36018484830856324
vn 0.838227927684784 0.1604200154542923 0.52119034528732296
vn 0.71995937824249264 0.13778577744960784 0.68020117282867432
vn 0.38890570402145384 0.04526498541235924 0.92016488313674928
vn 0.56550788879394528 0.05606026202440262 0.822835385799408
vn 0.12328275293111802 0.01434895861893892 0.99226784706115728
vn 0.35477036237716676 0.06789593398571014 0.93248492479324336
vn 0.55787158012390136 0.10676544159650802 0.82303124666213984
vn 0.12190589308738708 0.02333034202456474 0.99226742982864384
vn 0.70769160985946656 0.19107905030250548 0.6801921725273132
vn 0.93343800306320192 0.3297303020954132 0.14132021367549896
vn 0.90063256025314336 0.2431737333536148 0.3601771295070648
vn 0.82394105195999152 0.22246679663658144 0.521181046962738
vn 0.87961965799331664 0.31071937084198 0.3601703941822052
vn 0.80471998453140256 0.2842615842819214 0.52117288112640384
vn 0.69118523597717288 0.24415624141693116 0.68018430471420288
vn 0.3487287163734436 0.09415789693593978 0.93248194456100464
vn 0.54836863279342648 0.1480613350868225 0.82302469015121456
vn 0.11983020603656768 0.03235454857349396 0.9922670722007752
vn 0.34059786796569824 0.12031376361846924 0.93247932195663456
vn 0.53558081388473512 0.1891901046037674 0.82301902770996096
vn 0.11703657358884812 0.04134233295917511 0.99226671457290656
vn -0.11983020603656768 -0.03235454857349396 0.9922670722007752
vn -0.84748494625091552 -0.10044819861650466 0.52122873067855832
vn -0.12190589308738708 -0.02333034202456474 0.99226742982864384
vn -0.52714747190475464 -0.06135503202676773 0.84755593538284304
vn -0.3575618267059326 -0.04987026378512383 0.9325569868087768
vn -0.7284049987792968 -0.08245269954204559 0.68016743659973144
vn -0.55787158012390136 -0.10676544159650802 0.82303124666213984
vn -0.35477036237716676 -0.06789593398571014 0.93248492479324336
vn -0.71995937824249264 -0.13778577744960784 0.68020117282867432
vn -0.838227927684784 -0.1604200154542923 0.52119034528732296
vn -0.98332446813583376 -0.11444976925849914 0.14133034646511078
vn -0.9210865497589112 -0.10720586031675338 0.37430799007415768
vn -0.92627835273742672 -0.11065864562988282 0.36022636294364928
vn -0.9723169803619384 -0.18608197569847108 0.14132659137248992
vn -0.91625237464904784 -0.17535233497619628 0.36018484830856324
vn -0.82394105195999152 -0.22246679663658144 0.521181046962738
vn -0.11703657358884812 -0.04134233295917511 0.99226671457290656
vn -0.54836863279342648 -0.1480613350868225 0.82302469015121456
vn -0.3487287163734436 -0.09415789693593978 0.93248194456100464
vn -0.70769160985946656 -0.19107905030250548 0.6801921725273132
vn -0.53558081388473512 -0.1891901046037674 0.82301902770996096
vn -0.34059786796569824 -0.12031376361846924 0.93247932195663456
vn -0.69118523597717288 -0.24415624141693116 0.68018430471420288
vn -0.80471998453140256 -0.2842615842819214 0.52117288112640384
vn -0.9557387828826904 -0.25805261731147768 0.14132319390773774
vn -0.90063256025314336 -0.2431737333536148 0.3601771295070648
vn -0.93343800306320192 -0.3297303020954132 0.14132021367549896
vn -0.87961965799331664 -0.31071937084198 0.3601703941822052
vn -0.11351770162582398 -0.05020979419350624 0.99226647615432736
vn 0.8321473598480224 0.5362471342086792 0.14131450653076172
vn 0.67039746046066288 0.29652222990989684 0.6801777482032776
vn 0.87154221534729008 0.46951460838317872 0.14131581783294678
vn 0.85315954685211184 0.37735936045646664 0.36016479134559632
vn 0.78051489591598512 0.34522804617881776 0.52116608619689944
vn 0.82129544019699104 0.4424457848072052 0.36016044020652772
vn 0.75136542320251472 0.40477332472801208 0.5211607813835144
vn 0.64536219835281376 0.34766757488250732 0.68017268180847168
vn 0.330356627702713 0.14611940085887908 0.93247717618942256
vn 0.51947492361068728 0.22976796329021452 0.82301425933837888
vn 0.11351770162582398 0.05020979419350624 0.99226647615432736
vn 0.31802159547805788 0.17132362723350524 0.93247544765472416
vn 0.50007718801498416 0.26940008997917176 0.82301056385040288
vn 0.10927928984165192 0.05887060984969139 0.99226623773574832
vn 0.6161935329437256 0.39708352088928224 0.68016922473907472
vn 0.78743541240692144 0.59997987747192384 0.141313835978508
vn 0.78417259454727168 0.50533151626586912 0.36015748977661132
vn 0.71740442514419552 0.46230518817901608 0.52115720510482792
vn 0.74203872680664064 0.56539028882980344 0.36015596985816956
vn 0.67885851860046384 0.5172505974769592 0.52115541696548464
vn 0.5830861926078796 0.44427770376205448 0.68016749620437624
vn 0.30364903807640076 0.19567558169364928 0.93247431516647344
vn 0.4774760007858276 0.30769205093383788 0.82300806045532224
vn 0.10434067249298096 0.06723855435848236 0.99226611852645872
vn 0.28733488917350768 0.21893243491649628 0.9324737191200256
vn 0.45182225108146664 0.34426221251487732 0.82300680875778192
vn 0.09873481839895248 0.0752301812171936 0.99226599931716912
vn -0.10434067249298096 -0.06723855435848236 0.99226611852645872
vn -0.78051489591598512 -0.34522804617881776 0.52116608619689944
vn -0.10927928984165192 -0.05887060984969139 0.99226623773574832
vn -0.51947492361068728 -0.22976796329021452 0.82301425933837888
vn -0.330356627702713 -0.14611940085887908 0.93247717618942256
vn -0.67039746046066288 -0.29652222990989684 0.6801777482032776
vn -0.50007718801498416 -0.26940008997917176 0.82301056385040288
vn -0.31802159547805788 -0.17132362723350524 0.93247544765472416
vn -0.64536219835281376 -0.34766757488250732 0.68017268180847168
vn -0.75136542320251472 -0.40477332472801208 0.5211607813835144
vn -0.90535718202590944 -0.4004468023777008 0.14131774008274078
vn -0.85315954685211184 -0.37735936045646664 0.36016479134559632
vn -0.87154221534729008 -0.46951460838317872 0.14131581783294678
vn -0.82129544019699104 -0.4424457848072052 0.36016044020652772
vn -0.71740442514419552 -0.46230518817901608 0.52115720510482792
vn -0.09873481839895248 -0.0752301812171936 0.99226599931716912
vn -0.4774760007858276 -0.30769205093383788 0.82300806045532224
vn -0.30364903807640076 -0.19567558169364928 0.93247431516647344
vn -0.6161935329437256 -0.39708352088928224 0.68016922473907472
vn -0.45182225108146664 -0.34426221251487732 0.82300680875778192
vn -0.28733488917350768 -0.21893243491649628 0.9324737191200256
vn -0.5830861926078796 -0.44427770376205448 0.68016749620437624
vn -0.67885851860046384 -0.5172505974769592 0.52115541696548464
vn -0.8321473598480224 -0.5362471342086792 0.14131450653076172
vn -0.78417259454727168 -0.50533151626586912 0.36015748977661132
vn -0.78743541240692144 -0.59997987747192384 0.141313835978508
vn -0.74203872680664064 -0.56539028882980344 0.36015596985816956
vn 0.15448454022407532 0.03035050630569458 -0.98752892017364496
vn -0.90535718202590944 -0.4004468023777008 -0.14131774008274078
vn -0.70387512445449832 -0.06804338842630386 -0.70705723762512208
vn -0.9557387828826904 -0.25805261731147768 -0.14132319390773774
vn -0.92627835273742672 -0.11065864562988282 -0.36022636294364928
vn -0.949284553527832 -0.11048784852027894 -0.294365793466568
vn -0.9723169803619384 -0.18608197569847108 -0.14132659137248992
vn -0.91625237464904784 -0.17535233497619628 -0.36018484830856324
vn -0.85161602497100832 -0.0991201400756836 -0.51470899581909176
vn -0.838227927684784 -0.1604200154542923 -0.52119034528732296
vn -0.90063256025314336 -0.2431737333536148 -0.3601771295070648
vn -0.93343800306320192 -0.3297303020954132 -0.14132021367549896
vn -0.87961965799331664 -0.31071937084198 -0.3601703941822052
vn -0.82394105195999152 -0.22246679663658144 -0.521181046962738
vn -0.80471998453140256 -0.2842615842819214 -0.52117288112640384
vn -0.70769160985946656 -0.19107905030250548 -0.6801921725273132
vn -0.38890570402145384 -0.04526498541235924 -0.92016488313674928
vn -0.71995937824249264 -0.13778577744960784 -0.68020117282867432
vn -0.5629591941833496 -0.07413274794816971 -0.82315325736999504
vn -0.55787158012390136 -0.10676544159650802 -0.82303124666213984
vn -0.35477036237716676 -0.06789593398571014 -0.93248492479324336
vn -0.12328275293111802 -0.01434895861893892 -0.99226784706115728
vn -0.12190589308738708 -0.02333034202456474 -0.99226742982864384
vn -0.3487287163734436 -0.09415789693593978 -0.93248194456100464
vn -0.69118523597717288 -0.24415624141693116 -0.68018430471420288
vn -0.54836863279342648 -0.1480613350868225 -0.82302469015121456
vn -0.53558081388473512 -0.1891901046037674 -0.82301902770996096
vn -0.34059786796569824 -0.12031376361846924 -0.93247932195663456
vn -0.11983020603656768 -0.03235454857349396 -0.9922670722007752
vn -0.11703657358884812 -0.04134233295917511 -0.99226671457290656
vn -0.67039746046066288 -0.29652222990989684 -0.6801777482032776
vn -0.8321473598480224 -0.5362471342086792 -0.14131450653076172
vn -0.85315954685211184 -0.37735936045646664 -0.36016479134559632
vn -0.87154221534729008 -0.46951460838317872 -0.14131581783294678
vn -0.82129544019699104 -0.4424457848072052 -0.36016044020652772
vn -0.78051489591598512 -0.34522804617881776 -0.52116608619689944
vn -0.75136542320251472 -0.40477332472801208 -0.5211607813835144
vn -0.78417259454727168 -0.50533151626586912 -0.36015748977661132
vn -0.78743541240692144 -0.59997987747192384 -0.141313835978508
vn -0.74203872680664064 -0.56539028882980344 -0.36015596985816956
vn -0.71740442514419552 -0.46230518817901608 -0.52115720510482792
vn -0.67885851860046384 -0.5172505974769592 -0.52115541696548464
vn -0.6161935329437256 -0.39708352088928224 -0.68016922473907472
vn -0.330356627702713 -0.14611940085887908 -0.93247717618942256
vn -0.64536219835281376 -0.34766757488250732 -0.68017268180847168
vn -0.51947492361068728 -0.22976796329021452 -0.82301425933837888
vn -0.50007718801498416 -0.26940008997917176 -0.82301056385040288
vn -0.31802159547805788 -0.17132362723350524 -0.93247544765472416
vn -0.11351770162582398 -0.05020979419350624 -0.99226647615432736
vn -0.10927928984165192 -0.05887060984969139 -0.99226623773574832
vn -0.30364903807640076 -0.19567558169364928 -0.93247431516647344
vn -0.5830861926078796 -0.44427770376205448 -0.68016749620437624
vn -0.4774760007858276 -0.30769205093383788 -0.82300806045532224
vn -0.45182225108146664 -0.34426221251487732 -0.82300680875778192
vn -0.28733488917350768 -0.21893243491649628 -0.9324737191200256
vn -0.10434067249298096 -0.06723855435848236 -0.99226611852645872
vn -0.09873481839895248 -0.0752301812171936 -0.99226599931716912
vn 0.11351770162582398 0.05020979419350624 -0.99226647615432736
vn 0.85161602497100832 0.0991201400756836 -0.51470899581909176
vn 0.11983020603656768 0.03235454857349396 -0.9922670722007752
vn 0.52714747190475464 0.06135503202676773 -0.84755593538284304
vn 0.12190589308738708 0.02333034202456474 -0.99226742982864384
vn 0.36005112528800964 0.03309159353375435 -0.93234550952911376
vn 0.35477036237716676 0.06789593398571014 -0.93248492479324336
vn 0.55787158012390136 0.10676544159650802 -0.82303124666213984
vn 0.7277348637580872 0.08746901154518127 -0.6802581548690796
vn 0.71995937824249264 0.13778577744960784 -0.68020117282867432
vn 0.54836863279342648 0.1480613350868225 -0.82302469015121456
vn 0.11703657358884812 0.04134233295917511 -0.99226671457290656
vn 0.3487287163734436 0.09415789693593978 -0.93248194456100464
vn 0.34059786796569824 0.12031376361846924 -0.93247932195663456
vn 0.53558081388473512 0.1891901046037674 -0.82301902770996096
vn 0.70769160985946656 0.19107905030250548 -0.6801921725273132
vn 0.69118523597717288 0.24415624141693116 -0.68018430471420288
vn 0.82394105195999152 0.22246679663658144 -0.521181046962738
vn 0.98332446813583376 0.11444976925849914 -0.14133034646511078
vn 0.838227927684784 0.1604200154542923 -0.52119034528732296
vn 0.9210865497589112 0.10720586031675338 -0.37430799007415768
vn 0.92703408002853392 0.10440600663423538 -0.36014890670776368
vn 0.91625237464904784 0.17535233497619628 -0.36018484830856324
vn 0.9723169803619384 0.18608197569847108 -0.14132659137248992
vn 0.9557387828826904 0.25805261731147768 -0.14132319390773774
vn 0.80471998453140256 0.2842615842819214 -0.52117288112640384
vn 0.90063256025314336 0.2431737333536148 -0.3601771295070648
vn 0.87961965799331664 0.31071937084198 -0.3601703941822052
vn 0.93343800306320192 0.3297303020954132 -0.14132021367549896
vn 0.78051489591598512 0.34522804617881776 -0.52116608619689944
vn 0.10434067249298096 0.06723855435848236 -0.99226611852645872
vn 0.51947492361068728 0.22976796329021452 -0.82301425933837888
vn 0.10927928984165192 0.05887060984969139 -0.99226623773574832
vn 0.330356627702713 0.14611940085887908 -0.93247717618942256
vn 0.31802159547805788 0.17132362723350524 -0.93247544765472416
vn 0.50007718801498416 0.26940008997917176 -0.82301056385040288
vn 0.67039746046066288 0.29652222990989684 -0.6801777482032776
vn 0.64536219835281376 0.34766757488250732 -0.68017268180847168
vn 0.4774760007858276 0.30769205093383788 -0.82300806045532224
vn 0.09873481839895248 0.0752301812171936 -0.99226599931716912
vn 0.30364903807640076 0.19567558169364928 -0.93247431516647344
vn 0.28733488917350768 0.21893243491649628 -0.9324737191200256
vn 0.45182225108146664 0.34426221251487732 -0.82300680875778192
vn 0.6161935329437256 0.39708352088928224 -0.68016922473907472
vn 0.5830861926078796 0.44427770376205448 -0.68016749620437624
vn 0.71740442514419552 0.46230518817901608 -0.52115720510482792
vn 0.90535718202590944 0.4004468023777008 -0.14131774008274078
vn 0.75136542320251472 0.40477332472801208 -0.5211607813835144
vn 0.85315954685211184 0.37735936045646664 -0.36016479134559632
vn 0.82129544019699104 0.4424457848072052 -0.36016044020652772
vn 0.87154221534729008 0.46951460838317872 -0.14131581783294678
vn 0.8321473598480224 0.5362471342086792 -0.14131450653076172
vn 0.67885851860046384 0.5172505974769592 -0.52115541696548464
vn 0.78417259454727168 0.50533151626586912 -0.36015748977661132
vn 0.74203872680664064 0.56539028882980344 -0.36015596985816956
vn 0.78743541240692144 0.59997987747192384 -0.141313835978508
vn 0.949284553527832 0.11048784852027894 -0.294365793466568
vn 0.70095956325531008 0.09755121916532516 -0.70649802684783936
vn 0.38890570402145384 0.04526498541235924 -0.92016488313674928
vn 0.56550788879394528 0.05606026202440262 -0.822835385799408
vn 0.84797757863998416 0.0965457633137703 -0.52116495370864872
vn -0.15641282498836518 -0.00646730605512857 -0.98767060041427616
vn -0.52714747190475464 -0.06135503202676773 -0.84755593538284304
vn -0.3575618267059326 -0.04987026378512383 -0.9325569868087768
vn -0.84748494625091552 -0.10044819861650466 -0.52122873067855832
vn -0.9210865497589112 -0.10720586031675338 -0.37430799007415768
vn -0.7284049987792968 -0.08245269954204559 -0.68016743659973144
vn 0.12328275293111802 0.01434895861893892 -0.99226784706115728
vn -0.949284553527832 -0.11048784852027894 0.294365793466568
vn -0.70387512445449832 -0.06804338842630386 0.70705723762512208
vn -0.38890570402145384 -0.04526498541235924 0.92016488313674928
vn -0.5629591941833496 -0.07413274794816971 0.82315325736999504
vn -0.85161602497100832 -0.0991201400756836 0.51470899581909176
vn 0.15448454022407532 0.03035050630569458 0.98752892017364496
vn 0.52714747190475464 0.06135503202676773 0.84755593538284304
vn 0.36005112528800964 0.03309159353375435 0.93234550952911376
vn 0.85161602497100832 0.0991201400756836 0.51470899581909176
vn 0.9210865497589112 0.10720586031675338 0.37430799007415768
vn 0.7277348637580872 0.08746901154518127 0.6802581548690796
vn -0.12328275293111802 -0.01434895861893892 0.99226784706115728
vn -0.2963527739048004 -0.93909585475921632 0.17399424314498902
vn -0.28489133715629576 -0.88829153776168816 0.360243022441864
vn -0.251575767993927 -0.84430068731307984 0.47314482927322384
vn -0.22059625387191772 -0.69903522729873656 0.68021106719970704
vn -0.16209454834461212 -0.5136524438858032 0.84254765510559088
vn -0.09100715816020966 -0.28838753700256348 0.9531790614128112
vn -0.04435211420059204 -0.11587052047252656 0.99227362871170048
vn 0.06023019552230835 0.19086012244224548 0.97976768016815184
vn 0.10206066071987152 0.34677436947822572 0.93237930536270144
vn 0.17377501726150512 0.5226303935050964 0.83466142416000368
vn 0.21986472606658936 0.69927942752838136 0.68019688129425048
vn 0.24997365474700928 0.81608724594116208 0.5210707783699036
vn 0.2858058214187622 0.86273026466369632 0.41714686155319216
vn 0.30093765258789064 0.95362466573715216 0.00604299781844019
vn 0.280582994222641 0.88968276977539056 -0.3601912558078766
vn 0.2981659770011902 0.94390290975570672 -0.14193078875541688
vn 0.25004512071609496 0.81606441736221312 -0.52107226848602296
vn 0.24124878644943236 0.71625107526779176 -0.65481555461883544
vn 0.09917274862527848 0.31426301598548888 -0.94414168596267696
vn 0.16876314580440522 0.54239672422409056 -0.82299745082855232
vn 0.0210980512201786 0.06685644388198853 -0.99753952026367184
vn -0.05819391831755638 -0.18440747261047364 -0.98112553358078
vn -0.15413463115692138 -0.51849812269210816 -0.8410720825195312
vn -0.11579858511686326 -0.34195664525032044 -0.93255364894866944
vn -0.2197193056344986 -0.69932788610458376 -0.68019402027130128
vn -0.26235514879226684 -0.81205368041992192 -0.52128553390502928
vn -0.28769135475158692 -0.91164910793304448 -0.2934783399105072
vn -0.30150374770164488 -0.94292956590652464 -0.14134840667247772
vn -0.98681277036666864 -0.07874326407909393 0.1414213627576828
vn -0.98472732305526736 -0.07642297446727753 0.15643410384654998
vn -0.88865035772323616 -0.06481309980154037 0.45398211479187008
vn -0.92428112030029296 -0.07375351339578629 0.3745194673538208
vn -0.70486629009246824 -0.05624518543481827 0.7071067690849304
vn -0.45302635431289672 -0.03006207011640072 0.89099013805389408
vn -0.52877485752105712 -0.04219387471675873 0.84771269559860224
vn -0.1559387892484665 -0.0124432211741805 0.9876883625984192
vn 0.1559387892484665 0.0124432211741805 0.9876883625984192
vn 0.39007344841957096 0.03112612105906009 0.92025750875473024
vn 0.45206099748611448 0.04215986654162407 0.89099013805389408
vn 0.70486629009246824 0.05624518543481827 0.7071067690849304
vn 0.85449957847595216 0.06818525493144989 0.5149575471878052
vn 0.88768345117568976 0.07693041861057281 0.45398211479187008
vn 0.98438572883605952 0.08070347458124161 0.15643410384654998
vn 0.95261043310165408 0.07601406425237656 0.29454243183135988
vn 0.98681277036666864 0.07874326407909393 -0.1414213627576828
vn 0.98438572883605952 0.08070347458124161 -0.15643410384654998
vn 0.88768345117568976 0.07693041861057281 -0.45398211479187008
vn 0.92428112030029296 0.07375351339578629 -0.3745194673538208
vn 0.70486629009246824 0.05624518543481827 -0.7071067690849304
vn 0.45206099748611448 0.04215986654162407 -0.89099013805389408
vn 0.52877485752105712 0.04219387471675873 -0.84771269559860224
vn 0.1559387892484665 0.0124432211741805 -0.9876883625984192
vn -0.1559387892484665 -0.0124432211741805 -0.9876883625984192
vn -0.39007344841957096 -0.03112612105906009 -0.92025750875473024
vn -0.45302635431289672 -0.03006207011640072 -0.89099013805389408
vn -0.70486629009246824 -0.05624518543481827 -0.7071067690849304
vn -0.85449957847595216 -0.06818525493144989 -0.5149575471878052
vn -0.88865035772323616 -0.06481309980154037 -0.45398211479187008
vn -0.98472732305526736 -0.07642297446727753 -0.15643410384654998
vn -0.95261043310165408 -0.07601406425237656 -0.29454243183135988
vn -0.98681277036666864 -0.07874326407909393 -0.1414213627576828
vn -0.92428112030029296 -0.07375351339578629 -0.3745194673538208
vn -0.52877485752105712 -0.04219387471675873 -0.84771269559860224
vn 0.39007344841957096 0.03112612105906009 -0.92025750875473024
vn 0.85449957847595216 0.06818525493144989 -0.5149575471878052
vn 0.95261043310165408 0.07601406425237656 -0.29454243183135988
vn 0.98681277036666864 0.07874326407909393 0.1414213627576828
vn 0.92428112030029296 0.07375351339578629 0.3745194673538208
vn 0.52877485752105712 0.04219387471675873 0.84771269559860224
vn -0.39007344841957096 -0.03112612105906009 0.92025750875473024
vn -0.85449957847595216 -0.06818525493144989 0.5149575471878052
vn -0.95261043310165408 -0.07601406425237656 0.29454243183135988
vn 0.07954270392656326 -0.99683147668838496 6.619658154960462E-10
vn 0.07954270392656326 -0.99683147668838496 1.9768819914389724E-10
vn 0.07954270392656326 -0.99683147668838496 0
vn 0.07954270392656326 -0.99683147668838496 1.3771558338149248E-09
vn 0.07954270392656326 -0.99683147668838496 1.7869586366181522E-10
vn 0.07954270392656326 -0.99683147668838496 1.0089274554703209E-10
vn 0.07954270392656326 -0.99683147668838496 1.8172777171976406E-10
vn 0.07954270392656326 -0.99683147668838496 5.810251169080516E-10
vn 0.07954270392656326 -0.99683147668838496 4.204814274544333E-09
vn 0.07954270392656326 -0.99683147668838496 3.238675994055029E-10
vn 0.07954270392656326 -0.99683147668838496 3.2891603329865404E-10
vn 0.07954270392656326 -0.99683147668838496 5.729719476654793E-10
vn 0.07954270392656326 -0.99683147668838496 1.4733959607937663E-09
vn 0.07954270392656326 -0.99683147668838496 6.215720160795968E-10
vn -0.64862108230590824 -0.76111149787902832 2.1970807118076863E-10
vn -0.64862108230590824 -0.76111149787902832 1.89713592058105E-10
vn -0.52959692478179928 -0.62144494056701664 0.57735025882720944
vn -0.99683147668838496 -0.07954270392656326 3.642283419313941E-10
vn -0.99683147668838496 -0.07954270392656326 3.47482403961763E-10
vn -0.64516162872314456 -0.29827433824539184 0.7034194469451904
vn -0.53387916088104248 -0.46922710537910464 0.7034194469451904
vn -0.3786261975765228 -0.60153412818908688 0.7034194469451904
vn -0.19218935072422028 -0.68429839611053464 0.7034194469451904
vn -0.01779018342494964 -0.70882302522659304 0.70516198873519896
vn -0.69703233242034912 -0.12997117638587952 0.70516198873519896
vn -0.01779018156230449 -0.70882302522659304 0.70516198873519896
vn 0.05624518543481827 -0.70486629009246824 0.7071067690849304
vn 0.70486629009246824 0.05624518916010857 0.7071067690849304
vn -0.27039408683776856 -0.96274971961975104 0
vn -0.53269487619400024 -0.84630733728408816 0
vn -0.75112265348434448 -0.66016268730163576 0
vn -0.9076875448226928 -0.4196466505527496 0
vn -0.02509029768407345 -0.99968516826629632 5.98928850958913E-10
vn -0.98305624723434448 -0.18330422043800356 0
vn -0.98305624723434448 -0.18330422043800356 3.236754197999403E-10
vn -0.02509029395878315 -0.99968516826629632 0
vn 0.05624520406126976 -0.70486652851104736 0.70710653066635128
vn 0.05624513700604439 -0.70486629009246824 0.7071067690849304
vn 0.07954271137714386 -0.99683147668838496 2.544100707879693E-09
vn 0.07954270392656326 -0.99683147668838496 6.291596132967925E-10
vn 0.07954270392656326 -0.99683147668838496 -5.651413781393444E-10
vn -0.48603332042694088 -0.67517012357711792 0.5549026131629944
vn -0.48238685727119448 -0.68166613578796384 0.55012196302413944
vn -0.48313868045806888 -0.6815388798713684 0.5496196746826172
vn 0.99683147668838496 0.07954270392656326 -3.496975486960707E-10
vn 0.99683147668838496 0.07954270392656326 0
vn 0.29827433824539184 -0.64516162872314456 0.7034194469451904
vn 0.46922710537910464 -0.53387916088104248 0.7034194469451904
vn 0.60153412818908688 -0.3786261975765228 0.7034194469451904
vn 0.68429839611053464 -0.19218935072422028 0.7034194469451904
vn 0.70882302522659304 -0.01779018156230449 0.70516198873519896
vn 0.12997117638587952 -0.69703233242034912 0.70516198873519896
vn 0.12997116148471832 -0.69703233242034912 0.70516198873519896
vn 0 0 1
vn 3.626201987572131E-07 -4.952160281845863E-08 1
vn -4.3763079271563754E-10 1.9616709645564612E-10 1
vn -2.8535679374996903E-10 1.8940375656750774E-10 1
vn -5.520131018954544E-10 1.4496678857334189E-10 1
vn 5.220372467640289E-10 2.3067275867205694E-10 1
vn -1.068328203679414E-09 1.4118983315825062E-08 1
vn 0 -2.459100423291005E-10 1
vn 0 1.1809027367082336E-10 1
vn -1.5839496381175877E-10 1.4772492951120597E-10 1
vn 9.3988967719838E-09 -2.195209134470133E-07 1
vn 2.147588418210944E-08 7.420446923589452E-09 1
vn 2.0603943551300574E-10 2.328815196239731E-10 1
vn 0 1.5609802339611178E-10 1
vn 0 1.5214088322501595E-10 1
vn 0 1.154749421083956E-10 1
vn -2.4046745150663185E-10 1.972606661349019E-10 1
vn 2.5168928052821116E-10 2.3224179523939625E-10 1
vn 1.3295323175732676E-10 1.709611896494323E-10 1
vn 0 -2.4580601443169314E-10 1
vn 0 1.613831845936886E-10 1
vn 0 1.3771954410213283E-10 1
vn 0 1.0913826092862067E-10 1
vn 4.0098152576106827E-10 2.630848594531443E-10 1
vn 0.05624527856707573 -0.70486629009246824 0.7071067690849304
vn 0.05624523013830185 -0.70486676692962648 0.70710629224777224
vn 0.96274971961975104 -0.27039408683776856 0
vn 0.84630733728408816 -0.53269487619400024 0
vn 0.66016268730163576 -0.75112265348434448 0
vn 0.4196466505527496 -0.9076875448226928 0
vn 0.99968516826629632 -0.02509029768407345 -3.7494005122873375E-10
vn 0.18330422043800356 -0.98305624723434448 0
vn 0.18330422043800356 -0.98305624723434448 5.161985283663739E-10
vn 0.99968516826629632 -0.02509029954671859 0
vn 0.07954271137714386 -0.99683147668838496 -5.651406009832272E-10
vn 0.07954270392656326 -0.99683147668838496 2.5440891615602368E-09
vn 0.07954271137714386 -0.99683147668838496 6.291598353413974E-10
vn 0.58516955375671384 -0.59652191400527952 0.54930698871612552
vn 0.58722859621047976 -0.58896261453628544 0.55523473024368288
vn 0.5824168920516968 -0.59745240211486816 0.55121797323226928
vn -0.68472182750701904 0.1798180490732193 0.70627295970916752
vn -0.6850149631500244 0.18010424077510834 0.70591568946838376
vn -0.6430751085281372 0.28825709223747252 0.70948022603988648
vn -0.64542132616043088 0.29156219959259032 0.70599061250686648
vn -0.58783906698226928 0.39486712217330936 0.70606315135955808
vn -0.58466780185699464 0.38806954026222232 0.71243637800216672
vn -0.51387703418731688 0.4871408641338348 0.706133246421814
vn -0.51116424798965456 0.47673046588897704 0.71514976024627688
vn -0.42560040950775144 0.5658132433891296 0.70620083808898928
vn -0.42459887266159056 0.55201977491378784 0.71762800216674808
vn -0.32547277212142944 0.62869369983673096 0.70626604557037352
vn -0.32732242345809936 0.61207479238510128 0.71987813711166384
vn -0.21628764271736144 0.67403215169906616 0.706328809261322
vn -0.22194145619869232 0.65543365478515624 0.721906304359436
vn -0.10109038650989532 0.70056778192520144 0.70638906955718992
vn -0.11125174164772034 0.6810689568519592 0.72371828556060784
vn 0.01690652593970298 0.7075640559196472 0.70644694566726688
vn 0.00183228426612913 0.68841058015823368 0.72531890869140624
vn 0.13441315293312072 0.69482916593551632 0.70650237798690792
vn 0.11435060948133468 0.67735713720321656 0.72671258449554448
vn 0.24815376102924348 0.66272109746932984 0.70655530691146848
vn 0.22337143123149872 0.64827626943588256 0.7279031872749328
vn 0.35495805740356444 0.6121379733085632 0.706605851650238
vn 0.32606390118598936 0.60199332237243656 0.72889393568038944
vn 0.45184955000877384 0.54449254274368288 0.70665401220321656
vn 0.41976821422576904 0.53976929187774656 0.72968745231628416
vn 0.53612840175628664 0.46167293190956112 0.70669966936111448
vn 0.50206112861633304 0.46326795220375064 0.73028588294982912
vn 0.60544681549072264 0.3659899532794952 0.70674288272857664
vn 0.57081574201583864 0.37451344728469848 0.73069083690643312
vn 0.65787398815155032 0.26011267304420472 0.70678371191024784
vn 0.62425386905670168 0.27583923935890196 0.73090344667434688
vn 0.66833615303039552 0.23092660307884216 0.70710659027099608
vn -0.69670629501342776 0.120981365442276 0.70708125829696656
vn -0.69649940729141232 0.12202008813619614 0.70710659027099608
vn 0.66723686456680296 0.23386985063552856 0.70717740058898928
vn 0.63422566652297976 0.31328740715980528 0.70683008432388304
vn 0.57321530580520632 0.41444578766822816 0.7068655490875244
vn 0.4962265491485596 0.50403738021850584 0.7068985104560852
vn 0.4054071605205536 0.5795655846595764 0.70692908763885496
vn 0.30329027771949768 0.63892602920532224 0.70695722103118896
vn 0.19272373616695404 0.68046504259109496 0.70698297023773192
vn 0.07679057866334915 0.70302587747573856 0.70700627565383912
vn -0.0412767119705677 0.70598077774047848 0.70702713727951048
vn -0.1581863909959793 0.6892486214637756 0.70704555511474608
vn -0.27067920565605164 0.65329682826995848 0.70706158876419064
vn -0.3756190836429596 0.59912854433059696 0.70707517862319944
vn -0.47008067369461056 0.52825474739074704 0.70708632469177248
vn -0.55143076181411744 0.44265183806419376 0.70709508657455448
vn -0.61740171909332272 0.34470677375793456 0.70710140466690064
vn -0.66615444421768192 0.23715044558048248 0.70710527896881104
vn -0.69633007049560544 0.12298160046339036 0.7071067690849304
vn 0.82852363586425776 -0.55995410680770872 -9.096963185584173E-05
vn 0.83352190256118768 -0.5524864196777344 0
vn 0.83332699537277216 -0.55278015136718752 -0.00044924000394530594
vn -0.73536032438278192 -0.6776763200759888 0
vn -0.73504459857940672 -0.67801851034164432 -0.00059358007274568
vn -0.72723132371902464 -0.68639242649078368 -0.00012065516784787178
vn 0.7063550353050232 0.03570277616381645 0.70695680379867552
vn 0.70124560594558712 0.09491363167762756 0.70657336711883544
vn 0.70124566555023192 0.09491363167762756 0.70657336711883544
vn 0.5960809588432312 -0.03739519789814949 0.80205303430557248
vn 0.70229327678680416 -0.08356804400682449 0.70696568489074704
vn 0.58295816183090208 -0.13693475723266602 0.800879955291748
vn 0.6782363057136536 -0.20045658946037292 0.70697432756423952
vn 0.55338394641876224 -0.23316800594329832 0.79962420463562016
vn 0.6348693370819092 -0.31163501739501952 0.70698267221450808
vn 0.50808721780776976 -0.3234039545059204 0.79828393459320064
vn 0.57342767715454104 -0.41393810510635376 0.70699077844619752
vn 0.4482324421405792 -0.40510064363479616 0.79685705900192256
vn 0.49566096067428592 -0.50445336103439328 0.70699858665466312
vn 0.37539064884185792 -0.47593495249748232 0.79534131288528448
vn 0.40378364920616152 -0.58060407638549808 0.7070061564445496
vn 0.29149949550628664 -0.53386694192886352 0.7937342524528504
vn 0.30041185021400452 -0.64022243022918704 0.70701336860656736
vn 0.19881293177604676 -0.57719701528549192 0.79203349351882928
vn 0.18848894536495208 -0.68161135911941528 0.70702040195465088
vn 0.09984245151281356 -0.6046142578125 0.79023611545562752
vn 0.07120159268379211 -0.7035928964614868 0.70702713727951048
vn -0.00270923972129821 -0.61523473262786864 0.78833931684494016
vn -0.04811079800128937 -0.70554155111312864 0.70703357458114624
vn -0.106020025908947 -0.6086289286613464 0.7863399982452392
vn -0.16605126857757568 -0.6874021887779236 0.70703977346420288
vn -0.20722392201423644 -0.58483678102493288 0.78423476219177248
vn -0.27926194667816164 -0.64969164133071896 0.70704567432403568
vn -0.30348843336105348 -0.54437035322189328 0.78202027082443232
vn -0.38451972603797912 -0.59348380565643312 0.70705127716064456
vn -0.39209166169166568 -0.48820441961288456 0.77969259023666384
vn -0.47882792353630064 -0.52037942409515384 0.70705664157867432
vn -0.47049704194068912 -0.4177537262439728 0.77724796533584592
vn -0.55950164794921872 -0.43245995044708248 0.70706176757812496
vn -0.53642392158508304 -0.33483904600143432 0.77468198537826544
vn -0.6242442727088928 -0.33222880959510804 0.70706653594970704
vn -0.58791172504425048 -0.2416415959596634 0.77199035882949824
vn -0.67121267318725584 -0.22253988683223724 0.70707112550735472
vn -0.62337660789489744 -0.14064763486385346 0.76916831731796272
vn -0.69906991720199584 -0.10651621222496032 0.70707535743713376
vn -0.656355619430542 -0.02440986596047878 0.75405669212341312
vn -0.59491968154907224 -0.03206496313214302 0.80314534902572624
vn -0.70702302455902096 0.01253881212323904 0.70707935094833376
vn -0.70478487014770504 0.06509402394294739 0.70642834901809696
vn 0.61743670701980592 0.1585473120212555 0.7704769372940064
vn 0.69030523300170896 0.15396010875701904 0.70694762468338016
vn 0.68737286329269408 0.2013549357652664 0.69783574342727664
vn -0.72196990251541136 0.06930849701166153 0.6884444952011108
vn -0.7030785083770752 -0.07676373422145844 0.70695680379867552
vn -0.6884921193122864 -0.16501304507255554 0.70622181892395016
vn -0.65092599391937256 -0.27841553092002868 0.7062436938285828
vn -0.59482955932617184 -0.38388428092002872 0.70626527070999144
vn -0.52180105447769168 -0.47841703891754152 0.70628660917282104
vn -0.43392071127891544 -0.55932307243347168 0.70630764961242672
vn -0.3336912989616394 -0.62429982423782352 0.70632839202880856
vn -0.22396716475486756 -0.67149829864501952 0.70634889602661136
vn -0.10787272453308106 -0.69957566261291504 0.70636910200119016
vn 0.01128640305250883 -0.70773380994796752 0.70638906955718992
vn 0.13011755049228668 -0.69574141502380368 0.70640873908996584
vn 0.24523754417896272 -0.66394114494323728 0.70642811059951784
vn 0.35336908698081972 -0.61323940753936768 0.70644724369049072
vn 0.45143398642539976 -0.5450807213783264 0.70646607875823976
vn 0.53664088249206544 -0.46140655875205992 0.70648467540740968
vn 0.606564462184906 -0.36459991335868832 0.70650297403335568
vn 0.65921491384506224 -0.25741764903068544 0.70652097463607792
vn 0.6930939555168152 -0.14291176199913024 0.70653873682022096
vn 0.70723813772201536 -0.02434269897639751 0.70655620098114016
vn -0.96711724996566768 0.25427463650703432 0.00535049382597208
vn -0.95460695028305056 0.29786825180053712 -0.000366038060747087
vn -0.94208270311355584 0.33538067340850832 0
vn -0.91131597757339472 0.4116772711277008 0.00499653117731213
vn -0.89053565263748176 0.45491296052932736 -0.00065000855829566
vn -0.925907015800476 0.37775152921676632 0
vn -0.8300976753234864 0.5575987100601196 0.00464253220707178
vn -0.8008453249931336 0.59887057542800904 -0.00089030212257057
vn -0.84874838590621952 0.5287969708442688 0
vn -0.725727379322052 0.6879689693450928 0.00428850017488002
vn -0.6881161332130432 0.72559976577758784 -0.00108691223431378
vn -0.74717277288436896 0.66462987661361696 0
vn -0.60111606121063232 0.79915201663970944 0.00393443694338202
vn -0.55559116601943968 0.83145469427108768 -0.00123983353842049
vn -0.62410235404968264 0.78134256601333616 0
vn -0.4597391188144684 0.88804680109024048 0.00358034530654549
vn -0.40708288550376896 0.9133902192115784 -0.00134906184393912
vn -0.4830777049064636 0.8755775094032288 0
vn -0.30553951859474184 0.95217394828796384 0.00322622759267687
vn -0.24686364829540252 0.96904921531677248 -0.00141459435690194
vn -0.32815575599670412 0.94462364912033088 0
vn -0.14281798899173736 0.98974478244781488 0.00287208682857453
vn -0.0795426219701767 0.99683040380477904 -0.0014364292146638
vn -0.16379337012767792 0.9864946603775024 0
vn 0.09006668627262115 0.9959347248077392 -0.00141456595156341
vn 0.02388709224760532 0.99971151351928704 0.00251792510971426
vn 0.00528106046840548 0.99998605251312256 0
vn 0.2570849657058716 0.9663878679275512 -0.00134900491684675
vn 0.18992625176906584 0.9817959666252136 0.00216374523006379
vn 0.174203559756279 0.98470968008041376 0
vn 0.4167074263095856 0.90903979539871216 -0.00123974808957427
vn 0.35066857933998108 0.93649786710739136 0.00180954975076019
vn 0.33811452984809876 0.94110494852066048 0
vn 0.56434208154678344 0.8255403637886048 -0.00108679826371371
vn 0.50163090229034424 0.86508053541183472 0.00145534123294055
vn 0.49229857325553896 0.87042641639709472 0
vn 0.6957416534423828 0.71829158067703248 -0.00089015963021665
vn 0.63860273361206056 0.76953583955764768 0.00110112212132662
vn 0.63232010602951048 0.77470725774765008 0
vn 0.80712604522705072 0.59037882089614872 -0.00064983760239556
vn 0.75776386260986336 0.65252846479415896 0.00074689509347081
vn 0.75415092706680304 0.65670114755630496 0
vn 0.85579085350036624 0.51732182502746584 0.0003926626523025334
vn 0.8952909111976624 0.44548183679580688 -0.00036583864130079746
vn 0.89657986164093024 0.44288209080696104 0
vn 0.99886089563369744 -0.04771691188216209 -2.391720155259236E-10
vn 0.9987250566482544 0.05048064514994621 -1.3686446420635434E-10
vn 0.99930661916732784 0.03716421499848366 -0.00224714376963675
vn 0.9764289855957032 -0.21583886444568636 -2.391795095313398E-10
vn 0.99299460649490352 -0.11815948784351348 -2.390681264063943E-10
vn 0.99121314287185664 -0.1322539746761322 -0.00232292967848479
vn 0.95899134874343872 -0.28343534469604492 -2.390699305188093E-10
vn 0.925907015800476 -0.37775152921676632 -2.3918259040023315E-10
vn 0.93149316310882576 -0.36373990774154664 0.0037062291521579
vn 0.84874838590621952 -0.5287969708442688 -2.3919646818804097E-10
vn 0.89768332242965696 -0.44064113497734072 -2.390677378283357E-10
vn 0.89053320884704592 -0.45491170883178712 -0.00244775507599115
vn 0.81081622838974 -0.58530086278915408 -2.390765085902302E-10
vn 0.74717277288436896 -0.66462987661361696 -2.392089859526436E-10
vn 0.75825172662734992 -0.65194875001907352 0.00413740193471312
vn 0.62410235404968264 -0.78134256601333616 -2.3921450931219113E-10
vn 0.70086324214935304 -0.71329569816589352 -2.3908400259564644E-10
vn 0.6881142854690552 -0.72559785842895504 -0.00253691687248647
vn 0.57095503807067872 -0.82098132371902464 -2.390847797517637E-10
vn 0.4830777049064636 -0.8755775094032288 -2.392201714496167E-10
vn 0.49926888942718504 -0.86643505096435552 0.00456856004893779
vn 0.42479044198989872 -0.90529173612594608 -2.3908583446363707E-10
vn 0.32815575599670412 -0.94462364912033088 -2.3922944181187233E-10
vn 0.3464820683002472 -0.9380443692207336 0.00478413281962275
vn 0.26653105020523072 -0.9638263583183288 -2.3909058066706734E-10
vn 0.16379337012767792 -0.9864946603775024 -2.392380460403132E-10
vn 0.18383039534091948 -0.98294526338577264 0.00499970093369483
vn 0.10068291425704956 -0.99491858482360832 -2.3909499380359023E-10
vn -0.00528106046840548 -0.99998605251312256 -2.392451514676708E-10
vn 0.01594500057399273 -0.99985927343368528 0.00521526485681533
vn -0.06803189963102341 -0.99768316745758064 -2.390981301836348E-10
vn -0.174203559756279 -0.98470968008041376 -2.3925519898604364E-10
vn -0.15239401161670684 -0.98830491304397584 0.00543082412332296
vn -0.23480969667434692 -0.97204136848449712 -2.39104180899119E-10
vn -0.33811452984809876 -0.94110494852066048 -2.392643583259968E-10
vn -0.3163936138153076 -0.94861119985580448 0.00564637826755642
vn -0.39490190148353576 -0.91872328519821168 -2.3910959323636405E-10
vn -0.49229857325553896 -0.87042641639709472 -2.392732123546182E-10
vn -0.47138434648513792 -0.88190841674804688 0.00586192775517702
vn -0.54375034570693968 -0.8392470479011536 -2.3911458923997486E-10
vn -0.63232010602951048 -0.77470725774765008 -2.3928381498450335E-10
vn -0.61295324563980104 -0.79009580612182624 0.00607747118920087
vn -0.67711693048477176 -0.73587542772293088 -2.3912183344521054E-10
vn -0.75415092706680304 -0.65670114755630496 -2.392917253235538E-10
vn -0.73706960678100592 -0.67578750848770144 0.00629300950095057
vn -0.79120445251464848 -0.61155176162719728 -2.3912632984846027E-10
vn -0.85428613424301152 -0.51980298757553104 -2.393006348633264E-10
vn -0.84019953012466432 -0.5422383546829224 0.00650854222476482
vn -0.88276445865631104 -0.46981579065322872 -2.391324083195201E-10
vn -0.92984515428543088 -0.36795103549957272 -2.393091558250404E-10
vn -0.91940671205520624 -0.39325070381164552 0.00672406842932105
vn -0.94919019937515264 -0.3147030472755432 -2.3913765412331145E-10
vn -0.97865420579910272 -0.20551380515098572 -2.393183429205692E-10
vn -0.97243595123291008 -0.23306676745414732 0.00693958904594183
vn -0.99255490303039552 -0.12177745252847672 -0.00224714376963675
vn -0.99930918216705328 -0.03716430813074112 -1.2555655126700316E-10
vn -0.99930918216705328 -0.03716430813074112 -2.3918469982397994E-10
vn -0.98859024047851568 -0.15062998235225678 -2.3914403790570304E-10
vn -0.98591989278793328 0.16721844673156738 -6.197119546413887E-06
vn -0.98769158124923712 0.1564129889011383 0.00051048374734818
vn -0.9912148118019104 0.1322541981935501 -0.00142574694473296
vn -0.99540477991104128 0.09555801749229432 0.00616723019629716
vn -0.99984276294708256 0.01773186959326267 -2.3919233260727424E-10
vn -0.9988585710525512 0.04771680012345314 -0.00216244254261255
vn 0.95769882202148432 0.28776881098747252 -0.00142574694473296
vn 0.9596723914146424 0.28112074732780456 -2.3912255509017655E-10
vn 0.9299470782279968 0.36768597364425656 -0.00233016442507505
vn 0.93237447738647456 0.36149391531944272 0
vn 0.94990998506546016 0.31252333521842956 0.0004381650942377746
vn 0.992557406425476 0.12177776545286178 0
vn 0.97601944208145136 0.21768347918987276 -2.391242759358647E-10
vn 0.97865194082260128 0.20551332831382752 -0.00216244254261255
vn 0.99095952510833744 0.13412640988826752 0.00305944494903087
vn 0.92984336614608768 0.36795032024383544 0.00198208843357861
vn -0.98475939035415648 0.17392224073410034 0
vn -0.99409240484237664 -0.10853730142116546 0
vn -0.95769721269607536 -0.28776833415031432 -0.00232292967848479
vn -0.89528840780258176 -0.44548058509826664 -0.00238980026915669
vn -0.80712378025054928 -0.59037715196609496 -0.00244775507599115
vn -0.69573974609375 -0.71828961372375488 -0.00249679386615753
vn -0.56434059143066408 -0.825538158416748 -0.00253691687248647
vn -0.416706383228302 -0.90903753042221072 -0.00256812386214733
vn -0.25708433985710144 -0.96638548374176032 -0.00259041460230946
vn -0.09006647020578384 -0.99593234062194832 -0.00260378886014223
vn 0.07954243570566177 -0.9968280792236328 -0.00260824710130691
vn 0.24686305224895476 -0.96904689073562624 -0.00260378886014223
vn 0.40708187222480776 -0.9133880138397216 -0.00259041460230946
vn 0.55558973550796512 -0.83145260810852048 -0.00256812386214733
vn 0.6378406286239624 -0.77015608549118048 0.00435298308730125
vn 0.8008431196212768 -0.59886896610260008 -0.00249679386615753
vn 0.85707384347915648 -0.51517862081527712 0.00392181752249598
vn 0.95460426807403568 -0.29786741733551024 -0.00238980026915669
vn 0.97939074039459232 -0.20194441080093384 0.0034906375221908
vn 0.99940282106399536 -0.03439882770180702 0.0032750426325947
vn 0.85428613424301152 0.51980298757553104 0
vn 0.810372531414032 0.58591502904891968 0
vn 0.70156377553939816 0.71260666847229 0
vn 0.57318830490112304 0.81942367553710944 0
vn 0.42882657051086424 0.90338683128356928 0
vn 0.27250480651855468 0.9621544480323792 0
vn 0.10858283936977386 0.99408739805221552 0
vn -0.05836750939488411 0.99829518795013424 0
vn -0.2236899882555008 0.97466033697128288 0
vn -0.3827736973762512 0.92384213209152224 0
vn -0.53118181228637696 0.84725785255432128 0
vn -0.66477525234222416 0.74704343080520624 0
vn -0.7798279523849488 0.6259939074516296 0
vn -0.87313121557235712 0.48748528957366944 0
vn -0.9764289855957032 0.21583886444568636 0
vn -0.69232487678527832 -0.14538568258285522 -0.7067880034446716
vn -0.70216029882431032 -0.08614868670701981 -0.7067880034446716
vn -0.70216035842895504 -0.08614868670701981 -0.7067880034446716
vn -0.65779608488082888 -0.26029792428016664 -0.7067880034446716
vn -0.67750120162963864 -0.20357517898082732 -0.7067880034446716
vn -0.60434377193450928 -0.36772185564041136 -0.7067880034446716
vn -0.63335156440734864 -0.31514519453048708 -0.7067880034446716
vn -0.53350549936294552 -0.46456709504127504 -0.7067880034446716
vn -0.57098162174224856 -0.4176490604877472 -0.7067880034446716
vn -0.44731929898262024 -0.54804760217666624 -0.7067880034446716
vn -0.4921855032444 -0.5081379413604736 -0.7067880034446716
vn -0.34826454520225524 -0.61576175689697264 -0.7067880034446716
vn -0.39923015236854552 -0.5840085744857788 -0.7067880034446716
vn -0.23919081687927248 -0.66576159000396728 -0.7067880034446716
vn -0.2947896718978882 -0.64307838678359984 -0.7067880034446716
vn -0.1232360303401947 -0.69660866260528568 -0.7067880034446716
vn -0.18186861276626588 -0.6836479902267456 -0.7067880034446716
vn -0.00373595627024769 -0.70741558074951168 -0.7067880034446716
vn -0.06371552497148514 -0.70455026626586912 -0.7067880034446716
vn 0.1158715933561325 -0.69787138700485232 -0.7067880034446716
vn 0.056270532310009 -0.70518392324447632 -0.7067880034446716
vn 0.2321457266807556 -0.6682507395744324 -0.7067880034446716
vn 0.1746377944946289 -0.68553072214126584 -0.7067880034446716
vn 0.34174144268035888 -0.61940574645996096 -0.7067880034446716
vn 0.28798103332519532 -0.64615607261657712 -0.7067880034446716
vn 0.44150587916374208 -0.55274158716201784 -0.7067880034446716
vn 0.39303958415985104 -0.58819264173507688 -0.7067880034446716
vn 0.52856904268264768 -0.4701760411262512 -0.7067880034446716
vn 0.4867911338806152 -0.51330804824829104 -0.7067880034446716
vn 0.60042619705200192 -0.3740844130516052 -0.7067880034446716
vn 0.56653857231140136 -0.42365646362304688 -0.7067880034446716
vn 0.65501016378402712 -0.26723101735115052 -0.7067880034446716
vn 0.62998771667480472 -0.3218170702457428 -0.7067880034446716
vn 0.69075071811676024 -0.15268988907337188 -0.7067880034446716
vn 0.6753132343292236 -0.21071958541870116 -0.7067880034446716
vn 0.70661962032318112 -0.03375615924596786 -0.7067880034446716
vn 0.70121127367019656 -0.09356007725000382 -0.7067880034446716
vn 0.70216029882431032 0.08614868670701981 -0.7067880034446716
vn 0.70693671703338624 0.02629097737371921 -0.7067880034446716
vn 0.67750120162963864 0.20357517898082732 -0.7067880034446716
vn 0.69232487678527832 0.14538568258285522 -0.7067880034446716
vn 0.63335156440734864 0.31514519453048708 -0.7067880034446716
vn 0.65779608488082888 0.26029792428016664 -0.7067880034446716
vn 0.57098162174224856 0.4176490604877472 -0.7067880034446716
vn 0.60434377193450928 0.36772185564041136 -0.7067880034446716
vn 0.4921855032444 0.5081379413604736 -0.7067880034446716
vn 0.53350549936294552 0.46456709504127504 -0.7067880034446716
vn 0.39923015236854552 0.5840085744857788 -0.7067880034446716
vn 0.44731929898262024 0.54804760217666624 -0.7067880034446716
vn 0.2947896718978882 0.64307838678359984 -0.7067880034446716
vn 0.34826454520225524 0.61576175689697264 -0.7067880034446716
vn 0.18186861276626588 0.6836479902267456 -0.7067880034446716
vn 0.23919081687927248 0.66576159000396728 -0.7067880034446716
vn 0.06371552497148514 0.70455026626586912 -0.7067880034446716
vn 0.1232360303401947 0.69660866260528568 -0.7067880034446716
vn -0.056270532310009 0.70518392324447632 -0.7067880034446716
vn 0.00373595627024769 0.70741558074951168 -0.7067880034446716
vn -0.1746377944946289 0.68553072214126584 -0.7067880034446716
vn -0.1158715933561325 0.69787138700485232 -0.7067880034446716
vn -0.28798103332519532 0.64615607261657712 -0.7067880034446716
vn -0.2321457266807556 0.6682507395744324 -0.7067880034446716
vn -0.39303958415985104 0.58819264173507688 -0.7067880034446716
vn -0.34174144268035888 0.61940574645996096 -0.7067880034446716
vn -0.4867911338806152 0.51330804824829104 -0.7067880034446716
vn -0.44150587916374208 0.55274158716201784 -0.7067880034446716
vn -0.56653857231140136 0.42365646362304688 -0.7067880034446716
vn -0.52856904268264768 0.4701760411262512 -0.7067880034446716
vn -0.62998771667480472 0.3218170702457428 -0.7067880034446716
vn -0.60042619705200192 0.3740844130516052 -0.7067880034446716
vn -0.6753132343292236 0.21071958541870116 -0.7067880034446716
vn -0.65501016378402712 0.26723101735115052 -0.7067880034446716
vn -0.70121127367019656 0.09356007725000382 -0.7067880034446716
vn -0.69075071811676024 0.15268988907337188 -0.7067880034446716
vn -0.70693671703338624 -0.02629097737371921 -0.7067880034446716
vn -0.70661962032318112 0.03375615924596786 -0.7067880034446716
vn 0.70216035842895504 0.08614868670701981 -0.7067880034446716
vn 0.7066195607185364 -0.03375615552067756 0.7067880034446716
vn 0.70693671703338624 0.02629097737371921 0.7067880034446716
vn 0.69075071811676024 -0.15268988907337188 0.7067880034446716
vn 0.70121127367019656 -0.09356007725000382 0.7067880034446716
vn 0.65501016378402712 -0.26723101735115052 0.7067880034446716
vn 0.6753132343292236 -0.21071958541870116 0.7067880034446716
vn 0.6004261374473572 -0.3740844130516052 0.7067880034446716
vn 0.62998771667480472 -0.3218170702457428 0.7067880034446716
vn 0.52856898307800296 -0.4701760411262512 0.7067880034446716
vn 0.56653857231140136 -0.42365646362304688 0.7067880034446716
vn 0.44150587916374208 -0.55274158716201784 0.7067880034446716
vn 0.4867911338806152 -0.51330804824829104 0.7067880034446716
vn 0.34174144268035888 -0.61940574645996096 0.7067880034446716
vn 0.39303958415985104 -0.58819264173507688 0.7067880034446716
vn 0.2321457266807556 -0.6682507395744324 0.7067880034446716
vn 0.28798103332519532 -0.64615607261657712 0.7067880034446716
vn 0.1158715933561325 -0.69787138700485232 0.7067880034446716
vn 0.1746377944946289 -0.68553072214126584 0.7067880034446716
vn -0.00373595627024769 -0.70741558074951168 0.7067880034446716
vn 0.056270532310009 -0.70518392324447632 0.7067880034446716
vn -0.1232360228896141 -0.69660866260528568 0.7067880034446716
vn -0.06371552497148514 -0.70455026626586912 0.7067880034446716
vn -0.23919081687927248 -0.66576159000396728 0.7067880034446716
vn -0.18186861276626588 -0.6836479306221008 0.7067880034446716
vn -0.34826451539993288 -0.61576175689697264 0.7067880034446716
vn -0.2947896718978882 -0.64307838678359984 0.7067880034446716
vn -0.44731929898262024 -0.54804760217666624 0.7067880034446716
vn -0.39923015236854552 -0.5840085744857788 0.7067880034446716
vn -0.53350549936294552 -0.46456709504127504 0.7067880034446716
vn -0.4921855032444 -0.5081379413604736 0.7067880034446716
vn -0.60434377193450928 -0.36772185564041136 0.7067880034446716
vn -0.57098162174224856 -0.4176490604877472 0.7067880034446716
vn -0.65779608488082888 -0.26029792428016664 0.7067880034446716
vn -0.63335156440734864 -0.31514519453048708 0.7067880034446716
vn -0.69232487678527832 -0.14538568258285522 0.7067880034446716
vn -0.67750120162963864 -0.20357517898082732 0.7067880034446716
vn -0.70693671703338624 -0.02629097737371921 0.7067880034446716
vn -0.70216029882431032 -0.08614868670701981 0.7067880034446716
vn -0.70121127367019656 0.09356007725000382 0.7067880034446716
vn -0.7066195607185364 0.03375615552067756 0.7067880034446716
vn -0.6753132343292236 0.21071958541870116 0.7067880034446716
vn -0.69075071811676024 0.15268988907337188 0.7067880034446716
vn -0.62998771667480472 0.3218170702457428 0.7067880034446716
vn -0.65501016378402712 0.26723101735115052 0.7067880034446716
vn -0.56653857231140136 0.42365646362304688 0.7067880034446716
vn -0.6004261374473572 0.3740844130516052 0.7067880034446716
vn -0.4867911338806152 0.51330804824829104 0.7067880034446716
vn -0.52856898307800296 0.4701760411262512 0.7067880034446716
vn -0.39303958415985104 0.58819264173507688 0.7067880034446716
vn -0.44150587916374208 0.55274158716201784 0.7067880034446716
vn -0.28798103332519532 0.64615607261657712 0.7067880034446716
vn -0.34174144268035888 0.61940574645996096 0.7067880034446716
vn -0.1746377944946289 0.68553072214126584 0.7067880034446716
vn -0.2321457266807556 0.6682507395744324 0.7067880034446716
vn -0.056270532310009 0.70518392324447632 0.7067880034446716
vn -0.1158715933561325 0.69787138700485232 0.7067880034446716
vn 0.06371552497148514 0.70455026626586912 0.7067880034446716
vn 0.00373595627024769 0.70741558074951168 0.7067880034446716
vn 0.18186861276626588 0.6836479306221008 0.7067880034446716
vn 0.1232360228896141 0.69660866260528568 0.7067880034446716
vn 0.2947896718978882 0.64307838678359984 0.7067880034446716
vn 0.23919081687927248 0.66576159000396728 0.7067880034446716
vn 0.39923015236854552 0.5840085744857788 0.7067880034446716
vn 0.34826451539993288 0.61576175689697264 0.7067880034446716
vn 0.4921855032444 0.5081379413604736 0.7067880034446716
vn 0.44731929898262024 0.54804760217666624 0.7067880034446716
vn 0.57098162174224856 0.4176490604877472 0.7067880034446716
vn 0.53350549936294552 0.46456709504127504 0.7067880034446716
vn 0.63335156440734864 0.31514519453048708 0.7067880034446716
vn 0.60434377193450928 0.36772185564041136 0.7067880034446716
vn 0.67750120162963864 0.20357517898082732 0.7067880034446716
vn 0.65779608488082888 0.26029792428016664 0.7067880034446716
vn 0.70216029882431032 0.08614868670701981 0.7067880034446716
vn 0.69232487678527832 0.14538568258285522 0.7067880034446716
vn -0.97865420579910272 -0.20551380515098572 5.239979006255169E-10
vn -0.98603665828704832 -0.16371731460094452 -0.03046863712370395
vn -0.94418507814407344 -0.3280034065246582 -0.03046863712370395
vn -0.92984515428543088 -0.36795103549957272 5.239965128467361E-10
vn -0.87517094612121584 -0.48285341262817384 -0.03046863712370395
vn -0.85428613424301152 -0.51980298757553104 5.240004541384735E-10
vn -0.78097981214523312 -0.62381261587142944 -0.03046863712370395
vn -0.75415092706680304 -0.65670114755630496 5.239977896032144E-10
vn -0.66432130336761472 -0.74682587385177616 -0.03046863712370395
vn -0.63232010602951048 -0.77470725774765008 5.239998990269612E-10
vn -0.52855145931243896 -0.84835433959960944 -0.03046863712370395
vn -0.49229857325553896 -0.87042641639709472 5.239977340920632E-10
vn -0.3775761425495148 -0.925477147102356 -0.03046863712370395
vn -0.33811452984809876 -0.94110494852066048 5.239992884042977E-10
vn -0.21573865413665772 -0.97597569227218624 -0.03046863712370395
vn -0.174203559756279 -0.98470968008041376 5.240003986273223E-10
vn -0.04769475758075714 -0.99839717149734496 -0.03046863712370395
vn -0.00528106046840548 -0.99998605251312256 5.239997880046587E-10
vn 0.12172122299671174 -0.9920965433120728 -0.03046863712370395
vn 0.16379337012767792 -0.9864946603775024 5.240032296960351E-10
vn 0.28763550519943236 -0.95725518465042112 -0.03046863712370395
vn 0.32815575599670412 -0.94462364912033088 5.240022860064641E-10
vn 0.44527503848075864 -0.89487528800964352 -0.03046863712370395
vn 0.4830777049064636 -0.8755775094032288 5.239993439154489E-10
vn 0.59010481834411624 -0.80675148963928224 -0.03046863712370395
vn 0.62410235404968264 -0.78134256601333616 5.239948475121992E-10
vn 0.717958390712738 -0.69541889429092408 -0.03046863712370395
vn 0.74717277288436896 -0.66462987661361696 5.239942924006868E-10
vn 0.82515758275985712 -0.56408035755157472 -0.03046863712370395
vn 0.84874838590621952 -0.5287969708442688 5.240028966291277E-10
vn 0.90861845016479488 -0.41651427745819088 -0.03046863712370395
vn 0.925907015800476 -0.37775152921676632 5.240114453464173E-10
vn 0.96594005823135376 -0.25696584582328796 -0.03046863712370395
vn 0.9764289855957032 -0.21583886444568636 5.240044509413622E-10
vn 0.99547332525253296 -0.09002496302127838 -0.03046863712370395
vn 0.99886089563369744 -0.04771691188216209 5.240003431161711E-10
vn 0.992557406425476 0.12177776545286178 3.3565719648187553E-10
vn 0.99930918216705328 0.03716430813074112 1.8834492299113492E-10
vn 0.99930918216705328 0.03716430813074112 5.239997324935075E-10
vn 0.9576998353004456 0.2877691090106964 5.240023970287666E-10
vn 0.96860027313232416 0.24674928188323976 -0.03046863712370395
vn 0.8952909708023072 0.44548186659812928 5.240030076514302E-10
vn 0.91296696662902832 0.4068942666053772 -0.03046863712370395
vn 0.80712622404098512 0.59037894010543824 5.239940148449307E-10
vn 0.83106935024261472 0.5553336143493652 -0.03046863712370395
vn 0.69574189186096192 0.71829187870025632 5.239970679582484E-10
vn 0.72526329755783088 0.68779706954956056 -0.03046863712370395
vn 0.56434237957000736 0.82554084062576288 5.239982336924243E-10
vn 0.59859281778335568 0.80047380924224848 -0.03046863712370395
vn 0.41670775413513184 0.90904051065444944 5.240002876050198E-10
vn 0.45470187067985536 0.89012241363525392 -0.03046863712370395
vn 0.25708520412445068 0.96638876199722288 5.23998178181273E-10
vn 0.2977299690246582 0.95416378974914544 -0.03046863712370395
vn 0.09006677567958832 0.99593573808670048 5.239974010251558E-10
vn 0.132192924618721 0.9907556176185608 -0.03046863712370395
vn -0.07954270392656326 0.99683147668838496 5.239964018244336E-10
vn -0.03714705631136894 0.9988452196121216 -0.03046863712370395
vn -0.24686388671398164 0.9690501689910888 5.239995659600538E-10
vn -0.20541839301586152 0.97819983959198 -0.03046863712370395
vn -0.4070832431316376 0.91339105367660528 5.240004541384735E-10
vn -0.36778020858764648 0.92941343784332272 -0.03046863712370395
vn -0.55559158325195312 0.83145534992218016 5.239934042222671E-10
vn -0.51956164836883544 0.853889524936676 -0.03046863712370395
vn -0.68811655044555664 0.72560018301010128 5.23996013246375E-10
vn -0.6563962697982788 0.75380074977874752 -0.03046863712370395
vn -0.80084562301635744 0.59887081384658816 5.239915168431253E-10
vn -0.77434754371643072 0.63202649354934696 -0.03046863712370395
vn -0.890535831451416 0.45491304993629456 5.239914058208228E-10
vn -0.8700222969055176 0.49207001924514768 -0.03046863712370395
vn -0.95460700988769536 0.29786825180053712 5.23997456536307E-10
vn -0.9406680464744568 0.33795756101608276 -0.03046863712370395
vn -0.99121582508087152 0.13225433230400086 5.239952360902578E-10
vn -0.98425251245498656 0.17412267625331878 -0.03046863712370395
vn -0.99952179193496704 0.00527860829606652 -0.03046863712370395
vn -0.99930918216705328 -0.03716430813074112 1.883409678216097E-10
vn -0.99886089563369744 0.04771691188216209 5.239979561366681E-10
vn -0.9764289855957032 0.21583886444568636 5.239999545381124E-10
vn -0.925907015800476 0.37775152921676632 5.239945144452918E-10
vn -0.84874838590621952 0.5287969708442688 5.239932376888135E-10
vn -0.74717277288436896 0.66462987661361696 5.239984557370292E-10
vn -0.62410235404968264 0.78134256601333616 5.239942368895356E-10
vn -0.4830777049064636 0.8755775094032288 5.24002008450708E-10
vn -0.32815575599670412 0.94462364912033088 5.24000565160776E-10
vn -0.16379337012767792 0.9864946603775024 5.239964573355849E-10
vn 0.00528106046840548 0.99998605251312256 5.23998400225878E-10
vn 0.174203559756279 0.98470968008041376 5.239986777816341E-10
vn 0.33811452984809876 0.94110494852066048 5.240006761830784E-10
vn 0.49229857325553896 0.87042641639709472 5.239972900028533E-10
vn 0.63232010602951048 0.77470725774765008 5.239967904024923E-10
vn 0.75415092706680304 0.65670114755630496 5.239934597334184E-10
vn 0.85428613424301152 0.51980298757553104 5.240028411179765E-10
vn 0.92984515428543088 0.36795103549957272 5.240016198726494E-10
vn 0.97865420579910272 0.20551380515098572 5.239969014247947E-10
vn 0.992557406425476 0.12177776545286178 5.239972344917021E-10
vn 0.99121582508087152 -0.13225433230400086 5.240035072517912E-10
vn 0.95460700988769536 -0.29786825180053712 5.240102796122414E-10
vn 0.890535831451416 -0.45491304993629456 5.240021749841617E-10
vn 0.80084562301635744 -0.59887081384658816 5.23993848311477E-10
vn 0.68811655044555664 -0.72560018301010128 5.239946254675942E-10
vn 0.55559158325195312 -0.83145534992218016 5.239990663596927E-10
vn 0.4070832431316376 -0.91339105367660528 5.240021194730105E-10
vn 0.24686388671398164 -0.9690501689910888 5.240029521402789E-10
vn 0.07954270392656326 -0.99683147668838496 5.239992884042977E-10
vn -0.09006677567958832 -0.99593573808670048 5.240003986273223E-10
vn -0.25708520412445068 -0.96638876199722288 5.239993994266001E-10
vn -0.41670775413513184 -0.90904051065444944 5.239978451143656E-10
vn -0.56434237957000736 -0.82554084062576288 5.240001765827174E-10
vn -0.69574189186096192 -0.71829187870025632 5.239979561366681E-10
vn -0.80712622404098512 -0.59037894010543824 5.240007872053809E-10
vn -0.8952909708023072 -0.44548186659812928 5.239968459136435E-10
vn -0.9576998353004456 -0.2877691090106964 5.239976230697607E-10
vn -0.992557406425476 -0.12177776545286178 3.356535882570455E-10
vn -0.6988146901130676 -0.11602821201086044 -0.70582962036132816
vn -0.66915398836135864 -0.23245950043201448 -0.70582967996597288
vn -0.62024301290512088 -0.34220334887504576 -0.70582967996597288
vn -0.55348873138427736 -0.44210264086723328 -0.70582967996597288
vn -0.4708115756511688 -0.52928346395492552 -0.70582967996597288
vn -0.37459003925323488 -0.60123771429061888 -0.70582967996597288
vn -0.31049531698226928 -0.76105529069900512 -0.56955021619796752
vn -0.30763667821884156 -0.63677561283111576 -0.70701944828033448
vn -0.15289628505706788 -0.691684365272522 -0.70582967996597288
vn -0.03380178287625313 -0.7075746655464172 -0.70582967996597288
vn 0.08626512438058853 -0.70310938358306888 -0.70582967996597288
vn 0.20385034382343292 -0.67841690778732296 -0.70582967996597288
vn 0.3155711591243744 -0.6342076659202576 -0.70582967996597288
vn 0.41821357607841488 -0.57175338268280032 -0.70582967996597288
vn 0.50882476568222048 -0.49285078048706056 -0.70582967996597288
vn 0.58479791879653928 -0.39976975321769712 -0.70582967996597288
vn 0.64394760131835936 -0.29518809914588928 -0.70582967996597288
vn 0.68457198143005368 -0.1821144223213196 -0.70582967996597288
vn 0.70550256967544552 -0.06380164623260498 -0.70582967996597288
vn 0.70216029882431032 0.08614867925643921 -0.7067880034446716
vn 0.70693671703338624 0.02629097923636436 -0.7067880034446716
vn 0.69123607873916624 0.15111397206783294 -0.70665216445922848
vn 0.82414311170578 0.20994906127452852 -0.52603185176849368
vn 0.64702939987182616 0.288370281457901 -0.70582967996597288
vn 0.58898770809173584 0.39357084035873416 -0.70582967996597288
vn 0.51400184631347656 0.4874490797519684 -0.70582967996597288
vn 0.42422908544540408 0.5673043131828308 -0.70582967996597288
vn 0.3222520351409912 0.63083922863006592 -0.70582967996597288
vn 0.2110043913125992 0.676226019859314 -0.70582967996597288
vn 0.0936865359544754 0.70215904712677 -0.70582967996597288
vn -0.02632651291787624 0.70789223909378048 -0.70582967996597288
vn -0.14558219909667968 0.69326066970825192 -0.70582967996597288
vn -0.26064974069595336 0.65868520736694336 -0.70582967996597288
vn -0.36821886897087096 0.6051605939865112 -0.70582967996597288
vn -0.46519502997398376 0.53422665596008304 -0.70582967996597288
vn -0.5487883687019348 0.44792392849922184 -0.70582967996597288
vn -0.61659401655197144 0.34873527288436888 -0.70582967996597288
vn -0.66666144132614136 0.23951412737369536 -0.70582967996597288
vn -0.69755023717880248 0.12340259552001954 -0.70582967996597288
vn -0.70837169885635376 0.00374100683256983 -0.70582967996597288
vn -0.70837175846099856 0.00374100590124726 -0.70582962036132816
vn 0.67569416761398312 0.20911735296249388 -0.70689976215362552
vn -0.25274294614791872 -0.66113835573196408 -0.70641142129898072
vn -0.6988146901130676 -0.11602820456027984 -0.70582967996597288
vn 0 -1.1891397588836838E-10 1
vn 1.3363504747232469E-10 3.236180490251428E-10 1
vn 0 -1.10603456948688E-10 1
vn 0 -1.2168221985575656E-10 1
vn 3.488182798161432E-10 1.4337017684162845E-10 1
vn 0 -1.1954667811231445E-10 1
vn -7.448410221932988E-10 0 1
vn 0 1.9124694883299043E-10 1
vn 0 -1.237968894063357E-10 1
vn -1.4039645834795778E-10 0 1
vn 0 -1.1914511044430753E-10 1
vn 6.284645581722259E-10 1.1491942952801537E-09 1
vn 0 2.091502249168542E-10 1
vn -1.0196103683579594E-10 0 1
vn -3.118395264234408E-10 5.076364328893135E-10 1
vn 5.775410705233242E-10 -2.383329089639119E-10 1
vn 6.776382788231672E-10 1.5289026988885013E-10 1
vn 0 1.975277719168389E-10 1
vn -1.121129716841196E-10 0 1
vn 4.938627284900576E-10 -4.208710602249255E-10 1
vn 0 2.328625625658276E-10 1
vn -1.251275472125002E-10 2.0369227138328228E-10 1
vn 2.3252136327478468E-10 2.728475501090344E-10 1
vn 0 -1.0460474153539678E-10 1
vn -1.4714325591302924E-10 0 1
vn -1.7095526383403836E-10 0 1
vn -1.6049477025159575E-10 2.7093180476889245E-10 1
vn 0 -1.287481093958931E-10 1
vn 0 -1.1327127430460493E-10 1
vn 0 2.441150892540378E-10 1
vn -1.0354842677751108E-10 2.239732427300467E-10 1
vn -2.089737133337266E-10 1.315352271546999E-10 1
vn -1.14996519251509E-10 0 1
vn 8.738277323949717E-10 0 1
vn -1.2955589379082255E-10 2.234182422400366E-10 1
vn -1.221001910689523E-10 0 1
vn 1.9075577228910845E-10 4.6194478797723093E-10 1
vn 0 2.3904658807971657E-10 1
vn -1.630100915361865E-10 1.8547030578019985E-10 1
vn 8.95326035532662E-10 0 1
vn -2.2982017677808386E-10 0 1
vn 0 -1.660792198210359E-10 1
vn -1.590311632382324E-10 0 1
vn -2.9755467534364755E-10 6.915250594374811E-10 1
vn -1.8182455541193576E-10 1.549513434229155E-10 1
vn -2.3755991618301664E-10 0 1
vn -1.62044891394153E-10 0 1
vn 6.87056689319121E-10 4.220568339263764E-10 1
vn -1.3550283117780282E-10 0 1
vn 3.2159946927734495E-10 3.601547671205907E-10 1
vn -2.4559043687588655E-10 -2.3941632010249236E-10 1
vn -1.0068646610905674E-10 -1.1814851874625276E-10 1
vn -2.2095761331719643E-10 0 1
vn -1.1549912415365071E-10 -2.9295491033032306E-10 1
vn 8.453013289333455E-10 0 1
vn -8.247857952170534E-10 5.466957997413147E-10 1
vn -1.7941995111847575E-10 2.218119438124333E-10 1
vn 6.241717187549511E-08 -5.602049046871116E-09 1
vn 0.691633939743042 0.16684196889400482 0.70271348953247072
vn 0.60622596740722656 0.37240278720855712 0.70271348953247072
vn 0.46147635579109192 0.54151022434234616 0.70271348953247072
vn 0.27155423164367676 0.65761083364486696 0.70271348953247072
vn 0.05505049601197243 0.70933997631073 0.70271348953247072
vn -0.16684196889400482 0.691633939743042 0.70271348953247072
vn -0.37240278720855712 0.60622596740722656 0.70271348953247072
vn -0.54151022434234616 0.46147635579109192 0.70271348953247072
vn -0.65761083364486696 0.27155423164367676 0.70271348953247072
vn -0.70933997631073 0.05505049601197243 0.70271348953247072
vn -0.691633939743042 -0.16684196889400482 0.70271348953247072
vn -0.60622596740722656 -0.37240278720855712 0.70271348953247072
vn -0.46147635579109192 -0.54151022434234616 0.70271348953247072
vn -0.27155423164367676 -0.65761083364486696 0.70271348953247072
vn -0.05505049601197243 -0.70933997631073 0.70271348953247072
vn 0.16684196889400482 -0.691633939743042 0.70271348953247072
vn 0.37240278720855712 -0.60622596740722656 0.70271348953247072
vn 0.54151022434234616 -0.46147635579109192 0.70271348953247072
vn 0.65761083364486696 -0.27155423164367676 0.70271348953247072
vn 0.70933997631073 -0.05505049228668213 0.70271348953247072
vn 0.70933997631073 -0.05505049601197243 0.70271348953247072
vn -0.7093399167060852 0.05505049973726273 0.70271348953247072
vn 0.7093399167060852 -0.05505049973726273 0.70271348953247072
vn -0.9721155762672424 -0.23450219631195068 0
vn -0.85207170248031616 -0.52342510223388672 0
vn -0.64862108230590824 -0.76111149787902832 0
vn -0.3816789388656616 -0.9242949485778808 0
vn -0.0773753896355629 -0.99700200557708736 0
vn 0.23450219631195068 -0.9721155762672424 0
vn 0.52342510223388672 -0.85207170248031616 0
vn 0.76111149787902832 -0.64862108230590824 0
vn 0.9242949485778808 -0.3816789388656616 0
vn 0.99700200557708736 -0.0773753896355629 0
vn 0.9721155762672424 0.23450219631195068 0
vn 0.85207170248031616 0.52342510223388672 0
vn 0.64862108230590824 0.76111149787902832 0
vn 0.3816789388656616 0.9242949485778808 0
vn 0.0773753896355629 0.99700200557708736 0
vn -0.23450219631195068 0.9721155762672424 0
vn -0.52342510223388672 0.85207170248031616 0
vn -0.76111149787902832 0.64862108230590824 0
vn -0.9242949485778808 0.3816789388656616 0
vn -0.99700200557708736 0.0773753896355629 0
vn -0.70933997631073 0.05505049601197243 -0.70271348953247072
vn -0.65761083364486696 0.27155423164367676 -0.70271348953247072
vn -0.54151022434234616 0.46147635579109192 -0.70271348953247072
vn -0.37240278720855712 0.60622596740722656 -0.70271348953247072
vn -0.16684196889400482 0.691633939743042 -0.70271348953247072
vn 0.05505049601197243 0.70933997631073 -0.70271348953247072
vn 0.27155423164367676 0.65761083364486696 -0.70271348953247072
vn 0.46147635579109192 0.54151022434234616 -0.70271348953247072
vn 0.60622596740722656 0.37240278720855712 -0.70271348953247072
vn 0.691633939743042 0.16684196889400482 -0.70271348953247072
vn 0.70933997631073 -0.05505049601197243 -0.70271348953247072
vn 0.65761083364486696 -0.27155423164367676 -0.70271348953247072
vn 0.54151022434234616 -0.46147635579109192 -0.70271348953247072
vn 0.37240278720855712 -0.60622596740722656 -0.70271348953247072
vn 0.16684196889400482 -0.691633939743042 -0.70271348953247072
vn -0.05505049601197243 -0.70933997631073 -0.70271348953247072
vn -0.27155423164367676 -0.65761083364486696 -0.70271348953247072
vn -0.46147635579109192 -0.54151022434234616 -0.70271348953247072
vn -0.60622596740722656 -0.37240278720855712 -0.70271348953247072
vn -0.691633939743042 -0.16684196889400482 -0.70271348953247072
vn -3.8348041409008715E-10 6.242589778437946E-10 1
vn -5.57618173857577E-10 4.752035986932412E-10 1
vn -6.771724292420345E-10 2.7963201199021626E-10 1
vn -4.886260840386569E-10 0 1
vn -7.023264747552105E-10 -1.9558675512509893E-10 1
vn -6.242589778437946E-10 -3.8348041409008715E-10 1
vn -4.752035986932412E-10 -5.57618173857577E-10 1
vn -2.7963201199021626E-10 -6.771724292420345E-10 1
vn 4.752035986932412E-10 5.57618173857577E-10 1
vn 2.7963201199021626E-10 6.771724292420345E-10 1
vn 0 7.304402638297347E-10 1
vn -1.71804917514784E-10 7.122075706966768E-10 1
vn -7.104001831237383E-10 1.405625615902295E-10 1
vn 0 -7.304402638297347E-10 1
vn 1.71804917514784E-10 -7.122075706966768E-10 1
vn 3.8348041409008715E-10 -6.242589778437946E-10 1
vn 5.57618173857577E-10 -4.752035986932412E-10 1
vn 6.242589778437946E-10 3.8348041409008715E-10 1
vn 6.771724292420345E-10 -2.7963201199021626E-10 1
vn 4.886260840386569E-10 0 1
vn 6.791201490052856E-10 2.5144009097033404E-10 1
vn 4.723835766995421E-10 1.4011791726886713E-10 1
vn 7.104001831237383E-10 -1.405625615902295E-10 1
vn -4.675726472669339E-10 -2.0040877291016557E-10 1
vn 2.0488042373756343E-09 4.9614978792078546E-09 1
vn 4.153412891394481E-10 5.351780352214064E-09 1
vn 3.481715804554142E-09 4.085549676347E-09 1
vn -1.2587780817696625E-09 5.218192988820647E-09 1
vn -2.809679378046326E-09 4.573812883990058E-09 1
vn -2.0488042373756343E-09 -4.9614978792078546E-09 1
vn -4.153412891394481E-10 -5.351780352214064E-09 1
vn 1.2587780817696625E-09 -5.218192988820647E-09 1
vn 2.809679378046326E-09 -4.573812883990058E-09 1
vn -3.481715804554142E-09 -4.085549676347E-09 1
vn 4.085549676347E-09 -3.481715804554142E-09 1
vn -4.085549676347E-09 3.481715804554142E-09 1
vn -5.290858862139203E-09 -1.0838855368788813E-09 1
vn -4.573812883990058E-09 -2.809679378046326E-09 1
vn 4.573812883990058E-09 2.809679378046326E-09 1
vn -4.9614978792078546E-09 2.0488042373756343E-09 1
vn -3.5527891739661754E-09 0 1
vn 3.5527891739661754E-09 0 1
vn 5.109501266531424E-09 1.5203782677275512E-09 1
vn -5.2859490118351005E-09 6.908676408734493E-10 1
vn 4.9614978792078546E-09 -2.0488042373756343E-09 1
vn 3.4938598680867017E-09 6.503977911798131E-10 1
vn 5.2859490118351005E-09 -6.908676408734493E-10 1
vn -3.4562623874023757E-09 -1.1215695039368256E-09 1
vn 2.124468378994493E-10 -1.8104771848381773E-10 -1
vn 1.461021303938992E-10 -2.3783630620499707E-10 -1
vn -2.8488564285389373E-10 0 -1
vn -2.579957636417163E-10 1.0653693899298489E-10 -1
vn -2.124468378994493E-10 1.8104771848381773E-10 -1
vn -1.461021303938992E-10 2.3783630620499707E-10 -1
vn 2.579957636417163E-10 -1.0653693899298489E-10 -1
vn 0 -2.7134380853333084E-10 -1
vn -1.0653693899298489E-10 -2.579957636417163E-10 -1
vn -1.8104771848381773E-10 -2.124468378994493E-10 -1
vn -2.3783630620499707E-10 -1.461021303938992E-10 -1
vn -1.8070937801706322E-10 0 -1
vn 0 2.7134380853333084E-10 -1
vn 1.0653693899298489E-10 2.579957636417163E-10 -1
vn 1.8104771848381773E-10 2.124468378994493E-10 -1
vn 0 -2.7829027970938114E-10 -1
vn -2.822331257590349E-10 0 -1
vn 0 2.7829027970938114E-10 -1
vn 1.8104773236160554E-10 2.124468378994493E-10 -1
vn 2.3783630620499707E-10 1.461021303938992E-10 -1
vn 2.8488564285389373E-10 0 -1
vn 1.8296686388197259E-10 0 -1
vn 2.7134380853333084E-10 0 -1
vn -1.853355940939494E-10 0 -1
vn 1.853355940939494E-10 0 -1
vn 1.5817436249676575E-10 2.0381176746298024E-09 -1
vn 7.80465414518261E-10 1.89001858608151E-09 -1
vn -1.556337392294438E-09 1.3263146136921478E-09 -1
vn -1.0703110620013945E-09 1.7423348319667298E-09 -1
vn -4.795152053205243E-10 1.98780325533221E-09 -1
vn 7.804013546497401E-10 1.889449485759087E-09 -1
vn -1.5821889631784103E-10 -2.0386914378889287E-09 -1
vn -7.80465414518261E-10 -1.89001858608151E-09 -1
vn 1.5805944053592924E-10 2.038678781346448E-09 -1
vn 4.795152053205243E-10 -1.98780325533221E-09 -1
vn 1.3263146136921478E-09 1.556337392294438E-09 -1
vn -1.3263146136921478E-09 -1.556337392294438E-09 -1
vn -1.7423348319667298E-09 -1.0703110620013945E-09 -1
vn -1.3418877120585648E-09 -1.1295444440895253E-10 -1
vn -1.89001858608151E-09 7.80465414518261E-10 -1
vn 1.7423348319667298E-09 1.0703110620013945E-09 -1
vn 1.325388576667308E-09 3.1972180458694766E-10 -1
vn 1.556337392294438E-09 -1.3263146136921478E-09 -1
vn 1.0703110620013945E-09 -1.7423348319667298E-09 -1
vn -1.98780325533221E-09 -4.795152053205243E-10 -1
vn 2.0673893708078594E-09 2.879662897026236E-10 -1
vn 2.086894435038289E-09 0 -1
vn 1.89001858608151E-09 -7.80465414518261E-10 -1
vn -2.086894435038289E-09 0 -1
vn 1.359318990701297E-09 -1.0549410650595448E-10 -1
vn -1.359318990701297E-09 1.0549410650595448E-10 -1
vn 0.99700200557708736 -0.0773753896355629 1.651937614477461E-10
vn -0.99700200557708736 0.0773753896355629 -1.4200596254454467E-10
vn 0.9721155762672424 0.23450219631195068 1.9016190011544865E-10
vn 0.70933997631073 -0.05505049973726273 -0.70271348953247072
vn 0.7093399167060852 -0.05505049601197243 -0.70271348953247072
vn 0.99700200557708736 -0.0773753896355629 1.651954961712221E-10
vn -0.99700200557708736 0.0773753896355629 -1.4202050646616726E-10
vn 0.9721155762672424 0.23450219631195068 1.9016210828226576E-10
vn -0.70933997631073 0.05505049228668213 -0.70271348953247072
vn 0.70933997631073 -0.05505049228668213 -0.70271348953247072
vn 0 0 -1
vn 0 4.967899980279356E-10 -1
vn 3.5402833442610415E-10 -4.231076877747597E-10 -1
vn 0 -1.1882018979836317E-10 -1
vn 0 2.661507680912223E-10 -1
vn 0 -1.9218804325760175E-10 -1
vn 0 1.4284809446429847E-10 -1
vn 0 -1.5512711948328928E-10 -1
vn -1.6252024725993408E-10 -3.181489516279612E-10 -1
vn 0 4.7932791069627E-10 -1
vn -4.920446272649315E-10 3.160522510370356E-09 -1
vn 0 -2.5936797154457736E-10 -1
vn -3.347926658125999E-10 -4.477046233741788E-10 -1
vn -6.800754404068243E-10 -6.449435430155859E-10 -1
vn -1.0395050792366689E-10 1.1578651371024762E-09 -1
vn 1.374326902281453E-10 0 -1
vn 1.1982395631271459E-10 -1.9505867754343598E-10 -1
vn 0 -9.482500340496358E-10 -1
vn -6.120227102890397E-10 5.21567289357705E-10 -1
vn -1.9409110429968734E-10 8.045937249789858E-10 -1
vn 1.1872004768154198E-10 1.393096610291522E-10 -1
vn 0 -3.682941451810251E-10 -1
vn -2.7547977232700305E-09 -1.8407991797531054E-09 -1
vn -6.975099386963279E-10 -2.1586900322834168E-10 -1
vn 0 2.2856959380757047E-10 -1
vn -3.8124189916111106E-10 -9.232365982825286E-10 -1
vn -2.6695352595140776E-09 -1.639887448057209E-09 -1
vn -3.0361549385737874E-10 4.942486975245686E-10 -1
vn -8.984522570365527E-10 -1.0542708928085176E-09 -1
vn -1.8206602891979173E-09 -8.114380833923462E-10 -1
vn -7.059502982187382E-10 2.915155616900478E-10 -1
vn -3.35591754385689E-09 -3.0103419756954963E-10 -1
vn -2.0657683896807555E-10 -1.5687635912531306E-10 -1
vn 0 1.6932685809045722E-10 -1
vn 0 -4.3912457003969507E-10 -1
vn -1.5255105512146372E-10 1.300043961371955E-10 -1
vn 0 -3.506402945774312E-10 -1
vn -4.069001524609206E-10 0 -1
vn -4.138665243846873E-10 0 -1
vn 0 1.6069016950392978E-10 -1
vn 0 1.049608316927575E-10 -1
vn -1.028025789495679E-10 -2.4895244199463207E-10 -1
vn -3.6513755907741086E-10 -2.2430290957942134E-10 -1
vn -2.162153373008735E-10 0 -1
vn -1.6699298888145364E-10 -1.9595459976873286E-10 -1
vn -1.3716938696006764E-10 0 -1
vn 1.4686282745479673E-10 -2.1318992404761872E-10 -1
vn 0 -1.3990159031251892E-10 -1
vn -3.6641020773053867E-10 0 -1
vn -4.357974259239228E-10 1.0497040736634489E-10 -1
vn -4.1363645841840935E-10 -1.7275145203221598E-10 -1
vn -3.960873573571888E-10 1.6356055398958347E-10 -1
vn 6.081547487823968E-10 0 -1
vn 7.680825975242556E-10 -3.1717251047780337E-10 -1
vn 2.309486629714641E-10 0 -1
vn 1.0701776964605614E-10 1.7176944588914722E-10 -1
vn 7.336489193932039E-10 0 -1
vn 1.8018264658081762E-10 2.114317332324589E-10 -1
vn 0 1.5224158045334946E-10 -1
vn 2.0993154437043415E-10 2.3600374432497517E-10 -1
vn 1.1509616870686301E-10 2.7872329444456057E-10 -1
vn -1.034518512521565E-10 0 -1
vn 1.578400465884755E-10 -2.5694418814836695E-10 -1
vn 0 -1.6737904118269142E-10 -1
vn 0 2.722210235006628E-10 -1
vn 4.0501671461079525E-10 9.808109879827498E-10 -1
vn 1.573977725932707E-09 8.683672114706553E-10 -1
vn 3.9320674494192076E-10 1.267487920175725E-10 -1
vn 2.8915370098303583E-10 -1.1940330668647192E-10 -1
vn 2.407491983547061E-10 0 -1
vn 0 -1.2860580655971177E-10 -1
vn 0 1.2334237797784198E-10 -1
vn 5.735987795851827E-10 4.5816569982370936E-10 -1
vn 7.552742320449113E-10 0 -1
vn 3.663358505434644E-10 0 -1
vn 4.0833106340620873E-10 0 -1
vn 0 -1.3764078765632348E-10 -1
vn 0 2.802499066145714E-10 -1
vn 1.3093185424750686E-09 8.043104515742527E-10 -1
vn 2.665595799644649E-10 1.6374675226860091E-10 -1
vn -1.2832318541100562E-10 0 -1
vn 2.114317332324589E-10 -1.8018264658081762E-10 -1
vn 6.645364258872632E-10 7.797870127390638E-10 -1
vn -2.33973923569053E-10 0 -1
vn -1.000692792518798E-10 0 -1
vn 3.7220498905199406E-10 0 -1
vn -3.329723163858489E-10 0 -1
vn -3.7230496463536156E-10 0 -1
vn -1.2862331200125254E-09 -3.9599440393445207E-10 -1
vn -0.38541829586029056 0.02701290883123874 -0.92234647274017328
vn -0.3589443862438202 0.14197540283203124 -0.92249763011932368
vn -0.39267945289611816 0.15193203091621398 -0.90703886747360224
vn -0.29906964302062988 0.24349837005138396 -0.92264074087142944
vn -0.35876822471618652 0.28328582644462584 -0.88940119743347168
vn -0.21142728626728056 0.32215434312820436 -0.92277574539184576
vn -0.2800782024860382 0.4065688252449036 -0.8696309328079224
vn -0.1042233482003212 0.3706587553024292 -0.92290282249450688
vn -0.1585388034582138 0.5052975416183472 -0.8482569456100464
vn 0.01253012754023075 0.38454329967498776 -0.923021912574768
vn -0.0027193755377084 0.56336331367492672 -0.8262048363685608
vn 0.12794817984104156 0.36256656050682064 -0.92313313484191888
vn 0.17221394181251526 0.5680240988731384 -0.80479246377944944
vn 0.23128570616245268 0.30682456493377684 -0.92323648929595952
vn 0.34605693817138672 0.51287382841110232 -0.78562396764755248
vn 0.31293570995330812 0.22255153954029084 -0.9233320355415344
vn 0.4965588450431824 0.39992886781692504 -0.77038055658340448
vn 0.3653206527233124 0.1176292896270752 -0.92341983318328864
vn 0.60324692726135256 0.24012377858161928 -0.7605482935905456
vn 0.37903392314910888 0.05900270864367485 -0.92349982261657712
vn 0.3835943043231964 0.00185162434354424 -0.92349982261657712
vn 0.3835943043231964 0.00185162341222167 -0.92349982261657712
vn 0.63369256258010864 -0.14142152667045594 -0.7605482935905456
vn 0.36608901619911192 -0.1139880195260048 -0.9235721826553344
vn 0.3901744782924652 -0.2016040086746216 -0.89839839935302736
vn 0.2966206967830658 -0.20666612684726716 -0.9323654174804688
vn 0.31023341417312624 -0.22454617917537688 -0.92376095056533808
vn 0.42301011085510256 -0.45150572061538696 -0.78562396764755248
vn 0.23356598615646364 -0.30370497703552248 -0.92369377613067632
vn 0.26011276245117188 -0.53352636098861696 -0.80479246377944944
vn 0.13094055652618408 -0.3599350154399872 -0.92374312877655024
vn 0.0866539478302002 -0.5566657185554504 -0.8262048363685608
vn 0.0161643847823143 -0.38257062435150144 -0.92378485202789312
vn -0.07640187442302704 -0.52404475212097168 -0.8482569456100464
vn -0.10006429255008698 -0.36952090263366696 -0.92381894588470464
vn -0.2120598405599594 -0.44583925604820248 -0.8696309328079224
vn -0.20691716670989992 -0.32201683521270752 -0.9238454699516296
vn -0.25093382596969604 -0.29187133908271788 -0.92295360565185552
vn -0.29444265365600584 -0.24449561536312104 -0.92386436462402336
vn -0.29630452394485472 -0.25523629784584044 -0.92035758495330816
vn -0.36361688375473024 -0.21228110790252684 -0.90703886747360224
vn -0.35449084639549256 -0.14418680965900422 -0.92387574911117552
vn -0.376257449388504 -0.08779123425483704 -0.92234647274017328
vn -0.376257449388504 -0.08779124170541763 -0.92234647274017328
vn -0.33188763260841368 -0.19710071384906768 -0.92249763011932368
vn -0.21931511163711548 -0.2459512948989868 -0.94414448738098144
vn -0.15766419470310212 -0.35160619020462036 -0.92277574539184576
vn -0.04412493109703064 -0.38249629735946656 -0.92290282249450688
vn 0.07335296273231506 -0.37769022583961488 -0.923021912574768
vn 0.18382540345191956 -0.33768841624259948 -0.92313313484191888
vn 0.27701565623283388 -0.2662643790245056 -0.92323648929595952
vn 0.3442683219909668 -0.1701095849275589 -0.9233320355415344
vn 0.37935167551040648 -0.05820775777101517 -0.92341983318328864
vn 0.37903389334678648 0.05900270864367485 -0.92349982261657712
vn 0.34338012337684632 0.17060048878192902 -0.9235721826553344
vn 0.27574306726455688 0.26619693636894228 -0.92363679409027104
vn 0.18244847655296324 0.33690109848976136 -0.92369377613067632
vn 0.07220464944839478 0.3761450946331024 -0.92374312877655024
vn -0.0447087250649929 0.38029292225837704 -0.92378485202789312
vn -0.15739719569683074 0.34897661209106444 -0.92381894588470464
vn -0.25536468625068664 0.28512880206108092 -0.9238454699516296
vn -0.32948920130729676 0.19470863044261932 -0.92386436462402336
vn -0.37287044525146488 0.08614663034677505 -0.92387574911117552
vn -0.38541829586029056 0.02701291069388389 -0.92234647274017328
vn -0.6978943347930908 0.05416222661733627 -0.71414983272552488
vn -0.70932656526565552 0.04971475154161453 -0.70312464237213136
vn -0.6608624458312988 0.26139482855796812 -0.70351517200469968
vn -0.63759523630142208 0.26328897476196288 -0.72398293018341072
vn -0.55082958936691288 0.44847783446311952 -0.70388519763946536
vn -0.51824319362640384 0.44164812564849856 -0.7323735356330872
vn -0.38954541087150576 0.59355509281158448 -0.70423489809036256
vn -0.35237258672714232 0.57361924648284912 -0.73945552110672
vn -0.19209024310112 0.68314760923385624 -0.70456415414810184
vn -0.1563391238451004 0.64809501171112064 -0.74533951282501216
vn 0.02310096658766269 0.70895707607269288 -0.70487320423126224
vn 0.05116889625787735 0.65932452678680416 -0.75011527538299568
vn 0.23595783114433288 0.6686332821846008 -0.70516198873519896
vn 0.25077885389328004 0.60729998350143432 -0.75385457277297968
vn 0.42664420604705808 0.56598794460296632 -0.70543062686920168
vn 0.42410969734191896 0.49766305088996888 -0.75661247968673712
vn 0.57740455865859984 0.41063472628593448 -0.70567917823791504
vn 0.55534225702285768 0.34114509820938112 -0.75842928886413568
vn 0.67421531677246096 0.21709002554416656 -0.70590764284133912
vn 0.63255977630615232 0.15259158611297608 -0.75933122634887696
vn 0.64875352382659912 -0.05034850165247917 -0.75933122634887696
vn 0.70808780193328856 0.00341796549037098 -0.70611608028411864
vn 0.60241419076919552 -0.24876128137111664 -0.75842928886413568
vn 0.67590177059173584 -0.21045346558094024 -0.7063045501708984
vn 0.49766305088996888 -0.42410969734191896 -0.75661247968673712
vn 0.5806923508644104 -0.40458887815475464 -0.70647311210632328
vn 0.34391191601753236 -0.5598463416099548 -0.75385457277297968
vn 0.43136435747146608 -0.5609015226364136 -0.70662176609039304
vn 0.1550779640674591 -0.6428669095039368 -0.75011527538299568
vn 0.24186041951179504 -0.66483628749847416 -0.70675051212310792
vn -0.05158502236008644 -0.664686381816864 -0.74533951282501216
vn 0.02986050210893154 -0.70672351121902464 -0.70685940980911256
vn -0.256948322057724 -0.62224036455154416 -0.73945552110672
vn -0.18486544489860536 -0.68267750740051272 -0.70694851875305176
vn -0.44164812564849856 -0.51824319362640384 -0.7323735356330872
vn -0.3822990357875824 -0.59495657682418824 -0.7070177793502808
vn -0.5877743363380432 -0.36106801033020016 -0.72398293018341072
vn -0.54403758049011232 -0.45175111293792728 -0.7070671916007996
vn -0.69246685504913328 -0.16157162189483642 -0.70312464237213136
vn -0.65500718355178832 -0.26641985774040224 -0.70709687471389768
vn -0.68047398328781128 -0.16414988040924072 -0.71414983272552488
vn -0.61104750633239744 -0.36288756132125856 -0.70351517200469968
vn -0.47273913025856016 -0.53015404939651488 -0.70388519763946536
vn -0.29048928618431092 -0.64781880378723144 -0.70423489809036256
vn -0.08132504671812057 -0.70496493577957152 -0.70456415414810184
vn 0.13523600995540618 -0.69632250070571896 -0.70487320423126224
vn 0.3390047550201416 -0.62275379896163944 -0.70516198873519896
vn 0.51100051403045656 -0.49116805195808408 -0.70543062686920168
vn 0.635217010974884 -0.31387293338775636 -0.70567917823791504
vn 0.70011019706726072 -0.10742497444152832 -0.70590764284133912
vn 0.69966965913772584 0.1089148074388504 -0.70611608028411864
vn 0.63397485017776488 0.314975768327713 -0.7063045501708984
vn 0.50918394327163696 0.49155613780021664 -0.70647311210632328
vn 0.33695733547210692 0.62221014499664304 -0.70662176609039304
vn 0.13336926698684692 0.69477790594100952 -0.70675051212310792
vn -0.08259052038192749 0.70251590013504032 -0.70685940980911256
vn -0.2907860577106476 0.64472264051437376 -0.70694851875305176
vn -0.4718104302883148 0.52680248022079464 -0.7070177793502808
vn -0.60879260301589968 0.35976040363311768 -0.7070671916007996
vn -0.68896788358688352 0.15917664766311646 -0.70709687471389768
vn -1.4857533259249323E-10 -1.7434276244898683E-10 -1
vn 0 -1.1130890653632264E-10 -1
vn 0 2.073261839985463E-10 -1
vn -5.664298474705731E-10 -3.4795613612637055E-10 -1
vn 0 -2.0229119768178094E-10 -1
vn 0 2.0229119768178094E-10 -1
vn 0.6916338801383972 0.16684196889400482 -0.70271354913711544
vn 0.70933997631073 -0.05505050346255302 -0.70271348953247072
vn 0.7093399167060852 -0.05505049601197243 -0.70271354913711544
vn -0.9721155762672424 -0.23450219631195068 -2.360572570747621E-10
vn -0.85207170248031616 -0.52342510223388672 -1.4013611104868318E-10
vn -0.64862108230590824 -0.76111149787902832 -1.4013480653662924E-10
vn -0.3816789388656616 -0.9242949485778808 -1.401404131629036E-10
vn -0.0773753896355629 -0.99700200557708736 -1.4013608329310756E-10
vn 0.23450219631195068 -0.9721155762672424 -1.4013054605577224E-10
vn 0.52342510223388672 -0.85207170248031616 -1.401242594178953E-10
vn 0.76111149787902832 -0.64862108230590824 -1.4013903926191063E-10
vn 0.9242949485778808 -0.3816789388656616 -1.4013321059103134E-10
vn 0.99700200557708736 -0.0773753896355629 -1.4013630533771249E-10
vn 0.9721155762672424 0.23450219631195068 1.0297600966380216E-10
vn 0.85207170248031616 0.52342510223388672 -1.4013575022620017E-10
vn 0.64862108230590824 0.76111149787902832 -1.4013532001477813E-10
vn 0.3816789388656616 0.9242949485778808 -1.401354310370806E-10
vn 0.0773753896355629 0.99700200557708736 -1.4013391835820954E-10
vn -0.23450219631195068 0.9721155762672424 -1.401418148194722E-10
vn -0.52342510223388672 0.85207170248031616 -1.401271043643959E-10
vn -0.76111149787902832 0.64862108230590824 -1.4013833149473243E-10
vn -0.9242949485778808 0.3816789388656616 -1.4013337712448504E-10
vn -0.99700200557708736 0.0773753896355629 -1.4013237792376287E-10
vn -0.99700200557708736 0.0773753896355629 -3.013017890740599E-10
vn -0.9242949485778808 0.3816789388656616 -1.4013146198976756E-10
vn -0.76111149787902832 0.64862108230590824 -1.4013343263563627E-10
vn -0.52342510223388672 0.85207170248031616 -1.401384702726105E-10
vn -0.23450219631195068 0.9721155762672424 -1.401290611324768E-10
vn 0.0773753896355629 0.99700200557708736 -1.4014030214060114E-10
vn 0.3816789388656616 0.9242949485778808 -1.4013461224759993E-10
vn 0.64862108230590824 0.76111149787902832 -1.4013512572574882E-10
vn 0.85207170248031616 0.52342510223388672 -1.4013504245902197E-10
vn 0.9721155762672424 0.23450219631195068 -1.401349036811439E-10
vn 0.99700200557708736 -0.0773753896355629 1.0805971395466685E-10
vn 0.9242949485778808 -0.3816789388656616 -1.4013749882746396E-10
vn 0.76111149787902832 -0.64862108230590824 -1.40134029380512E-10
vn 0.52342510223388672 -0.85207170248031616 -1.4013941396218144E-10
vn 0.23450219631195068 -0.9721155762672424 -1.4012582760791759E-10
vn -0.0773753896355629 -0.99700200557708736 -1.4013085136710401E-10
vn -0.3816789388656616 -0.9242949485778808 -1.401342097917535E-10
vn -0.64862108230590824 -0.76111149787902832 -1.401377347498567E-10
vn -0.85207170248031616 -0.52342510223388672 -1.4013198934570426E-10
vn -0.9721155762672424 -0.23450219631195068 -1.4013572247062456E-10
vn -0.9721155762672424 -0.23450219631195068 -1.7795800943964935E-10
vn 0.9721155762672424 0.23450219631195068 2.905178597689684E-10
vn -0.99700200557708736 0.0773753896355629 -2.5698218553138474E-10
vn 0.99700200557708736 -0.0773753896355629 3.1125230171014096E-10
vn -0.77135545015335088 -0.18607309460639952 -0.60859477519989016
vn -0.78502357006072992 -0.0633528009057045 -0.61621785163879392
vn -0.6742108464241028 -0.41416570544242856 -0.61147892475128176
vn -0.51322841644287112 -0.60223764181137088 -0.61147892475128176
vn -0.30200755596160888 -0.731358289718628 -0.61147892475128176
vn -0.06122411042451859 -0.78888857364654544 -0.61147892475128176
vn 0.18555237352848052 -0.76919686794281008 -0.61147892475128176
vn 0.41416570544242856 -0.6742108464241028 -0.61147892475128176
vn 0.60223764181137088 -0.51322841644287112 -0.61147892475128176
vn 0.731358289718628 -0.30200755596160888 -0.61147892475128176
vn 0.78877699375152592 -0.06203383207321167 -0.611541211605072
vn 0.791100800037384 -0.0613957978785038 -0.60859680175781248
vn 0.76919519901275632 0.18555128574371336 -0.61148136854171752
vn 0.6742108464241028 0.41416570544242856 -0.61147892475128176
vn 0.51322841644287112 0.60223764181137088 -0.61147892475128176
vn 0.30200755596160888 0.731358289718628 -0.61147892475128176
vn 0.06122411042451859 0.78888857364654544 -0.61147892475128176
vn -0.18555237352848052 0.76919686794281008 -0.61147892475128176
vn -0.41416570544242856 0.6742108464241028 -0.61147892475128176
vn -0.60223764181137088 0.51322841644287112 -0.61147892475128176
vn -0.731358289718628 0.30200755596160888 -0.61147892475128176
vn -0.78888857364654544 0.0612240768969059 -0.61147892475128176
vn -0.78888845443725584 0.06122410297393799 -0.61147904396057128
vn 0.76919686794281008 0.18555237352848052 -0.61147892475128176
vn 0.78513389825820928 0.06194806471467018 -0.61622005701065064
vn -0.76895815134048464 -0.18633471429347992 -0.6115412712097168
vn -0.9721155762672424 -0.23450219631195068 -5.167681282891579E-10
vn -0.85207170248031616 -0.52342510223388672 -7.015724667880363E-10
vn -0.64862108230590824 -0.76111149787902832 -7.015739100779683E-10
vn -0.3816789388656616 -0.9242949485778808 -7.015722447434314E-10
vn -0.0773753896355629 -0.99700200557708736 -7.015775738139496E-10
vn 0.23450219631195068 -0.9721155762672424 -7.015661940279472E-10
vn 0.52342510223388672 -0.85207170248031616 -7.015821257283505E-10
vn 0.76111149787902832 -0.64862108230590824 -7.015817371502919E-10
vn 0.9242949485778808 -0.3816789388656616 -7.015748537675393E-10
vn 0.99700200557708736 -0.0773753896355629 -7.015717451430703E-10
vn 0.9721155762672424 0.23450219631195068 -1.7774255678393303E-10
vn 0.85207170248031616 0.52342510223388672 -7.015760195017151E-10
vn 0.64862108230590824 0.76111149787902832 -7.015732439441535E-10
vn 0.3816789388656616 0.9242949485778808 -7.015737435445146E-10
vn 0.0773753896355629 0.99700200557708736 -7.015695802081723E-10
vn -0.23450219631195068 0.9721155762672424 -7.015753533679003E-10
vn -0.52342510223388672 0.85207170248031616 -7.015720226988265E-10
vn -0.76111149787902832 0.64862108230590824 -7.015746317229343E-10
vn -0.9242949485778808 0.3816789388656616 -7.015692471412649E-10
vn -0.99700200557708736 0.0773753896355629 -7.015780179031594E-10
vn -0.99700200557708736 0.0773753896355629 -5.820149362456561E-10
vn -0.9242949485778808 0.3816789388656616 -7.015802383492087E-10
vn -0.76111149787902832 0.64862108230590824 -7.015686920297526E-10
vn -0.52342510223388672 0.85207170248031616 -7.01574076611422E-10
vn -0.23450219631195068 0.9721155762672424 -7.015728553660949E-10
vn 0.0773753896355629 0.99700200557708736 -7.015751313232954E-10
vn 0.3816789388656616 0.9242949485778808 -7.015720782099777E-10
vn 0.64862108230590824 0.76111149787902832 -7.015750203009929E-10
vn 0.85207170248031616 0.52342510223388672 -7.015735770110609E-10
vn 0.9721155762672424 0.23450219631195068 -7.015766301243787E-10
vn 0.99700200557708736 -0.0773753896355629 -1.7265673613042765E-10
vn 0.9242949485778808 -0.3816789388656616 -7.015716896319191E-10
vn 0.76111149787902832 -0.64862108230590824 -7.015755754125053E-10
vn 0.52342510223388672 -0.85207170248031616 -7.01580793460721E-10
vn 0.23450219631195068 -0.9721155762672424 -7.015819591948969E-10
vn -0.0773753896355629 -0.99700200557708736 -7.015671377175181E-10
vn -0.3816789388656616 -0.9242949485778808 -7.015780734143107E-10
vn -0.64862108230590824 -0.76111149787902832 -7.015737435445146E-10
vn -0.85207170248031616 -0.52342510223388672 -7.015762970574713E-10
vn -0.9721155762672424 -0.23450219631195068 -7.015717451430703E-10
vn -0.85207170248031616 -0.52342510223388672 2.8128430140661465E-10
vn -0.64862108230590824 -0.76111149787902832 2.812833577170437E-10
vn -0.3816789388656616 -0.9242949485778808 2.81282830361107E-10
vn -0.0773753896355629 -0.99700200557708736 2.8128360751722425E-10
vn 0.23450219631195068 -0.9721155762672424 2.8129035212209885E-10
vn 0.52342510223388672 -0.85207170248031616 2.8128557816309296E-10
vn 0.76111149787902832 -0.64862108230590824 2.8128380180625356E-10
vn 0.9242949485778808 -0.3816789388656616 2.8128818718720083E-10
vn 0.99700200557708736 -0.0773753896355629 2.812808042040871E-10
vn 0.9721155762672424 0.23450219631195068 3.9144715247019235E-10
vn 0.85207170248031616 0.52342510223388672 2.812870492086006E-10
vn 0.64862108230590824 0.76111149787902832 2.8127752904616443E-10
vn 0.3816789388656616 0.9242949485778808 2.812867438972688E-10
vn 0.0773753896355629 0.99700200557708736 2.8128505080715627E-10
vn -0.23450219631195068 0.9721155762672424 2.8127669637889596E-10
vn -0.52342510223388672 0.85207170248031616 2.81273226931944E-10
vn -0.76111149787902832 0.64862108230590824 2.812835242504974E-10
vn -0.9242949485778808 0.3816789388656616 2.812769461790765E-10
vn -0.99700200557708736 0.0773753896355629 2.812768074011984E-10
vn -0.99700200557708736 0.0773753896355629 -1.5480638992926288E-10
vn -0.9242949485778808 0.3816789388656616 2.812760857562324E-10
vn -0.76111149787902832 0.64862108230590824 2.812762245341105E-10
vn -0.52342510223388672 0.85207170248031616 2.8128271933880455E-10
vn -0.23450219631195068 0.9721155762672424 2.812741428659393E-10
vn 0.0773753896355629 0.99700200557708736 2.812764465787154E-10
vn 0.3816789388656616 0.9242949485778808 2.812845512067952E-10
vn 0.64862108230590824 0.76111149787902832 2.812874377866592E-10
vn 0.85207170248031616 0.52342510223388672 2.8127805640210113E-10
vn 0.9721155762672424 0.23450219631195068 2.812874377866592E-10
vn 0.99700200557708736 -0.0773753896355629 4.1212952495151E-10
vn 0.9242949485778808 -0.3816789388656616 2.812798050033649E-10
vn 0.76111149787902832 -0.64862108230590824 2.81287743097991E-10
vn 0.52342510223388672 -0.85207170248031616 2.8128374629510233E-10
vn 0.23450219631195068 -0.9721155762672424 2.8128482876255134E-10
vn -0.0773753896355629 -0.99700200557708736 2.8128874229871315E-10
vn -0.3816789388656616 -0.9242949485778808 2.812828026055314E-10
vn -0.64862108230590824 -0.76111149787902832 2.812824140274728E-10
vn -0.85207170248031616 -0.52342510223388672 2.812831634280144E-10
vn -0.9721155762672424 -0.23450219631195068 2.812838573174048E-10
vn -0.75256454944610592 -0.18154017627239228 -0.63300061225891112
vn -0.76552921533584592 -0.06178135797381401 -0.64042806625366208
vn -0.65771555900573728 -0.40403270721435544 -0.63574194908142088
vn -0.50067174434661864 -0.58750325441360472 -0.63574194908142088
vn -0.2946186065673828 -0.71346485614776608 -0.63574194908142088
vn -0.05972619727253914 -0.769587516784668 -0.63574194908142088
vn 0.18101264536380768 -0.7503776550292968 -0.63574194908142088
vn 0.40403270721435544 -0.65771555900573728 -0.63574194908142088
vn 0.58750325441360472 -0.50067174434661864 -0.63574194908142088
vn 0.71346485614776608 -0.2946186065673828 -0.63574194908142088
vn 0.7694749236106872 -0.06051592901349068 -0.63580358028411864
vn 0.77182883024215696 -0.05990013480186462 -0.63300257921218872
vn 0.7503759860992432 0.18101157248020172 -0.6357442140579224
vn 0.65771555900573728 0.40403270721435544 -0.63574194908142088
vn 0.50067174434661864 0.58750325441360472 -0.63574194908142088
vn 0.2946186065673828 0.71346485614776608 -0.63574194908142088
vn 0.05972619727253914 0.769587516784668 -0.63574194908142088
vn -0.18101264536380768 0.7503776550292968 -0.63574194908142088
vn -0.40403270721435544 0.65771555900573728 -0.63574194908142088
vn -0.58750325441360472 0.50067174434661864 -0.63574194908142088
vn -0.71346485614776608 0.2946186065673828 -0.63574194908142088
vn -0.7695875763893128 0.05972616374492645 -0.63574194908142088
vn -0.7695874571800232 0.05972618982195854 -0.63574200868606568
vn 0.7503776550292968 0.18101264536380768 -0.63574194908142088
vn 0.76563698053359984 0.0604080818593502 -0.640430212020874
vn -0.75014102458953856 -0.18177506327629088 -0.63580363988876344
vn 0.1236703023314476 -0.10539214313030242 -0.98671078681945808
vn 0.14526361227035522 -0.05998525023460388 -0.98757290840148928
vn -0.05822772160172462 -0.14100749790668488 -0.9882947206497192
vn -0.10480965673923492 -0.122986800968647 -0.98685824871063232
vn -0.122986800968647 0.10480965673923492 -0.98685824871063232
vn -0.14392894506454468 0.05943410843610764 -0.98780161142349248
vn 0.05815644189715385 0.14083488285541534 -0.98832350969314576
vn 0.10539214313030242 0.1236703023314476 -0.98671078681945808
vn 0.12367381900548934 -0.13055220246315002 -0.98369759321212768
vn 0.0375877097249031 -0.17054441571235656 -0.9846327900886536
vn -0.01368239615112543 -0.17630122601985932 -0.9842411875724792
vn -0.01006690599024295 -0.17434704303741456 -0.9846327900886536
vn 0.04146734252572059 -0.17190052568912506 -0.9842411875724792
vn -0.02416649647057056 -0.08584468811750412 -0.99601536989212032
vn -0.10285840928554534 -0.14803941547870636 -0.98361808061599728
vn 0.13240490853786468 0.12005898356437684 -0.98389774560928352
vn 0.17054438591003418 0.03758770227432251 -0.9846327900886536
vn 0.17250970005989074 0.01357983238995075 -0.98491418361663824
vn 0.17624621093273162 -0.01386097073554992 -0.98424851894378656
vn 0.17437005043029786 -0.01035263855010271 -0.98462575674057008
vn 0.17251475155353546 0.01351177971810102 -0.98491424322128288
vn 0.10876521468162536 -0.04557064920663834 -0.99302238225936896
vn 0.14976856112480164 -0.09754280000925064 -0.98389774560928352
vn 0.17190051078796386 0.04146737977862358 -0.9842411875724792
vn -0.03758770599961281 0.17054441571235656 -0.9846327900886536
vn 0.01368239615112543 0.17630122601985932 -0.9842411875724792
vn 0.0100669078528881 0.17434704303741456 -0.9846327900886536
vn -0.04146734252572059 0.17190052568912506 -0.9842411875724792
vn 0.02696295268833637 0.08606021106243134 -0.9959250092506408
vn 0.10140569508075714 0.14851254224777222 -0.98369759321212768
vn -0.06084920093417168 0.04940105974674225 -0.99692374467849728
vn -0.13098883628845214 -0.12282247096300126 -0.98374617099761968
vn -0.17052172124385834 -0.03787310793995857 -0.98462581634521488
vn -0.17248032987117768 -0.01394828222692012 -0.98491418361663824
vn -0.17247207462787628 -0.01404495723545551 -0.98491424322128288
vn -0.17630122601985932 0.01368239801377058 -0.9842411875724792
vn -0.17434704303741456 0.0100669115781784 -0.9846327900886536
vn -0.17181789875030518 -0.04163490235805511 -0.98424851894378656
vn -0.1075059324502945 0.045669324696064 -0.99315494298934944
vn -0.14880864322185516 0.10049588233232498 -0.98374617099761968
vn -0.09890323877334594 -0.06213985756039619 -0.99315494298934944
vn -0.03747405856847763 0.08092604577541351 -0.99601536989212032
vn -0.12503312528133392 0.1298546940088272 -0.98361808061599728
vn 0.05350920185446739 0.05852492153644562 -0.99685084819793696
vn 0.10016223043203354 0.06224212795495987 -0.99302238225936896
vn 0.06211305409669876 -0.04929878190159798 -0.99685084819793696
vn 0.04026930779218673 -0.08069538325071335 -0.9959250092506408
vn -0.0522451214492321 -0.05842548236250877 -0.99692374467849728
vn 0.13391290605068206 0.08226229250431061 -0.98757290840148928
vn -0.07985205948352814 0.12998934090137482 -0.9882947206497192
vn -0.13268251717090606 -0.08150646835565567 -0.98780161142349248
vn 0.0797543078660965 -0.12983021140098572 -0.98832350969314576
vn 0.00632988195866346 -0.72137868404388432 -0.69251185655593872
vn -0.02182751521468162 -0.6831316351890564 -0.7299690246582032
vn 0.01453334465622902 -0.69581580162048336 -0.71807324886322024
vn 0.69416099786758424 0.10804087668657302 -0.71166539192199704
vn 0.66657596826553344 0.11523935198783874 -0.73647564649581904
vn -0.67641568183898928 0.0080746179446578 -0.73647582530975344
vn -0.70251011848449704 -0.00340723525732755 -0.71166557073593136
vn -0.0130524830892682 -0.65096372365951536 -0.75899660587310784
vn -0.03931160643696785 -0.68083125352859496 -0.73138457536697392
vn 0.1154051423072815 -0.633101224899292 -0.76541787385940544
vn 0.11611802130937576 -0.64065653085708616 -0.75899660587310784
vn 0.146781325340271 -0.66598188877105712 -0.73138457536697392
vn -0.01354675367474556 -0.6433910131454468 -0.76541787385940544
vn 0.99683147668838496 0.07954270392656326 7.907035581844468E-10
vn 0.99683147668838496 0.07954271137714386 -5.136919867254619E-08
vn 0.99683147668838496 0.07954270392656326 3.3117503184243446E-10
vn -0.02105057798326015 -0.99977838993072512 9.231847508672786E-10
vn 0.17933040857315064 -0.98378890752792352 -2.6551724707779556E-10
vn 0.17933040857315064 -0.98378890752792352 9.231880815363525E-10
vn -0.02105058170855045 -0.99977838993072512 -2.4756452443597254E-10
vn 0.07954270392656326 -0.99683147668838496 3.1180799608954146E-10
vn 0.07954270392656326 -0.99683147668838496 1.4977289408690808E-09
vn 0.07954270392656326 -0.99683147668838496 -6.603627866752504E-08
vn 0.65096372365951536 -0.01305248215794563 -0.75899660587310784
vn 0.68083137273788456 -0.03931168839335441 -0.73138445615768432
vn 0.6651825308799744 0.14773787558078766 -0.73191922903060912
vn 0.633101224899292 0.1154051423072815 -0.76541787385940544
vn 0.64065653085708616 0.11611802130937576 -0.75899660587310784
vn 0.57915157079696656 0.04717081785202026 -0.81385403871536256
vn 0.6433910131454468 -0.01354675274342298 -0.76541787385940544
vn 0.99977838993072512 -0.02105057798326015 9.231893027816795E-10
vn 0.98378890752792352 0.17933040857315064 -2.4953619726098E-10
vn 0.98378890752792352 0.17933040857315064 9.231884701144111E-10
vn 0.99977838993072512 -0.02105058170855045 -2.6351096304999544E-10
vn -0.09599395096302032 0.6893156170845032 -0.71807324886322024
vn -0.10814741998910904 0.71325415372848512 -0.69251185655593872
vn -0.12988324463367462 0.67102581262588504 -0.7299689650535584
vn -0.99683147668838496 -0.07954270392656326 1.5608814241119262E-10
vn -0.99683147668838496 -0.07954270392656326 1.7367739468809873E-09
vn -0.99683147668838496 -0.07954270392656326 -6.776177396972116E-09
vn 0.09691491723060608 -0.68969082832336424 -0.71758908033370968
vn 0.1081462800502777 -0.71293687820434568 -0.69283866882324216
vn 0.13080273568630218 -0.67129933834075928 -0.72955316305160528
vn 0.07954270392656326 -0.99683147668838496 5.579216533213582E-10
vn 0.07954270392656326 -0.99683147668838496 -4.083718696534788E-09
vn 0.07954270392656326 -0.99683147668838496 -2.724705183698717E-10
vn -0.65096366405487064 0.0130524905398488 -0.75899666547775264
vn -0.57870465517044064 -0.04573187232017517 -0.81425392627716064
vn -0.68018954992294312 0.04038938507437706 -0.73192268610000608
vn -0.633101224899292 -0.1154051423072815 -0.76541787385940544
vn -0.64065641164779664 -0.11611801385879516 -0.75899666547775264
vn -0.6659817695617676 -0.14678128063678742 -0.73138469457626336
vn -0.6433910131454468 0.01354675460606813 -0.76541787385940544
vn -0.99977838993072512 0.0210505798459053 0
vn -0.98378890752792352 -0.17933040857315064 0
vn -0.98378890752792352 -0.17933040857315064 -2.0358048580249033E-10
vn -0.99977838993072512 0.0210505798459053 -2.1759394286391398E-10
vn -0.00628069462254643 0.7210652828216552 -0.69283866882324216
vn 0.0226919837296009 0.68354755640029904 -0.72955316305160528
vn -0.01368355005979538 0.69633233547210696 -0.71758908033370968
vn -0.07954270392656326 0.99683147668838496 -1.3608390803110382E-10
vn -0.07954270392656326 0.99683147668838496 1.4999999020659516E-09
vn -0.07954270392656326 0.99683147668838496 -9.631915709462646E-09
vn -0.69416081905364992 -0.10804087668657302 -0.71166563034057616
vn -0.66657578945159912 -0.11523935198783874 -0.73647582530975344
vn -0.99683147668838496 -0.07954270392656326 7.970933357803744E-10
vn -0.99683147668838496 -0.07954270392656326 -1.0504018765900014E-09
vn -0.99683147668838496 -0.07954270392656326 0
vn -0.1154051423072815 0.633101224899292 -0.76541787385940544
vn -0.11611802130937576 0.64065653085708616 -0.75899660587310784
vn 0.0130524830892682 0.65096372365951536 -0.75899660587310784
vn 0.03931162878870964 0.68083131313323976 -0.73138451576232912
vn 0.01354675553739071 0.64339107275009152 -0.7654178142547608
vn -0.1467812955379486 0.66598188877105712 -0.73138457536697392
vn 0.99683147668838496 0.07954270392656326 -2.9180213800827914E-10
vn 0.99683147668838496 0.07954270392656326 1.7302401733587658E-09
vn 0.99683147668838496 0.07954253256320953 -2.0545489860523958E-06
vn -0.07954270392656326 0.99683147668838496 5.605448882839426E-10
vn -0.07954271137714386 0.99683147668838496 -2.4838456624820537E-08
vn -0.07954270392656326 0.99683147668838496 1.754178469148826E-10
vn 0.0210505798459053 0.99977838993072512 9.231849174007323E-10
vn -0.17933040857315064 0.98378890752792352 -2.3353555200777976E-10
vn -0.17933040857315064 0.98378890752792352 9.231866382464204E-10
vn 0.02105058170855045 0.99977838993072512 -2.0162688185720867E-10
vn 0.67641562223434448 -0.00807463191449642 -0.73647588491439824
vn 0.70251029729843136 0.00340732373297214 -0.71166545152664184
vn 0.12345753610134124 -0.1052108183503151 -0.98675674200057984
vn 0.14501366019248962 -0.0598820298910141 -0.98761588335037232
vn -0.05812728777527809 -0.1407642811536789 -0.9883353114128112
vn -0.10462933033704758 -0.12277519702911376 -0.986903727054596
vn -0.12277519702911376 0.10462933033704758 -0.986903727054596
vn -0.14368122816085816 0.05933181196451187 -0.98784381151199344
vn 0.05805611237883568 0.14059191942214966 -0.98836398124694832
vn 0.1052108183503151 0.12345753610134124 -0.98675674200057984
vn 0.12365973740816116 -0.130331352353096 -0.98372864723205568
vn 0.03754833713173866 -0.17036578059196472 -0.98466521501541136
vn -0.01366871502250433 -0.1761249452829361 -0.98427289724349968
vn -0.01005636062473058 -0.17416442930698394 -0.98466521501541136
vn 0.04142588004469871 -0.17172864079475402 -0.98427289724349968
vn -0.02405267767608165 -0.08583589643239975 -0.99601888656616208
vn -0.10288389772176742 -0.14781714975833892 -0.98364883661270144
vn 0.1321687251329422 0.12007782608270646 -0.98392719030380256
vn 0.17036575078964234 0.03754832968115806 -0.98466521501541136
vn 0.17232891917228698 0.01356549654155969 -0.98494607210159296
vn 0.17606991529464722 -0.01384713221341371 -0.98428028821945184
vn 0.17418737709522248 -0.01034132670611143 -0.98465824127197264
vn 0.17233392596244812 0.01349796541035175 -0.98494613170623776
vn 0.10869229584932328 -0.04551417380571365 -0.99303293228149408
vn 0.14953835308551788 -0.0975988581776619 -0.98392719030380256
vn 0.17172862589359284 0.0414259172976017 -0.98427289724349968
vn -0.03754833713173866 0.17036579549312592 -0.98466521501541136
vn 0.01366871502250433 0.1761249452829361 -0.98427289724349968
vn 0.01005636341869831 0.17416442930698394 -0.98466521501541136
vn -0.04142588004469871 0.17172864079475402 -0.98427289724349968
vn 0.0268520675599575 0.08605168014764786 -0.99592876434326176
vn 0.10142681747674942 0.14829225838184356 -0.98372864723205568
vn -0.06077806651592255 0.04934460297226906 -0.9969308376312256
vn -0.13075494766235352 -0.1228344738483429 -0.98377579450607296
vn -0.17034314572811126 -0.03783297166228294 -0.98465824127197264
vn -0.1722995638847351 -0.0139337545260787 -0.98494607210159296
vn -0.1722913682460785 -0.01402967143803835 -0.98494613170623776
vn -0.1761249452829361 0.0136687159538269 -0.98427289724349968
vn -0.17416442930698394 0.01005636621266603 -0.98466521501541136
vn -0.17164602875709534 -0.0415932834148407 -0.98428028821945184
vn -0.1074351966381073 0.04561267793178558 -0.99316519498825072
vn -0.14857962727546692 0.10054481774568558 -0.98377579450607296
vn -0.09884238243103028 -0.06207270547747612 -0.99316519498825072
vn -0.0373602844774723 0.08093541860580444 -0.99601888656616208
vn -0.12502303719520568 0.12963119149208068 -0.98364883661270144
vn 0.0534457340836525 0.05845773592591286 -0.99685817956924432
vn 0.10009919852018356 0.06217480450868607 -0.99303293228149408
vn 0.06203973293304443 -0.04924250766634941 -0.99685817956924432
vn 0.0401584692299366 -0.08070454001426697 -0.99592876434326176
vn -0.0521838441491127 -0.05835845693945885 -0.9969308376312256
vn 0.13368245959281922 0.08212073892354965 -0.98761588335037232
vn -0.0797143280506134 0.12976513803005218 -0.9883353114128112
vn -0.13245414197444916 -0.08136618882417679 -0.98784381151199344
vn 0.0796167179942131 -0.129606232047081 -0.98836398124694832
vn 0.00633175205439329 -0.72139024734497072 -0.69249987602233888
vn -0.02178213559091091 -0.68310946226119992 -0.72999107837677008
vn 0.01457801181823015 -0.69578862190246584 -0.71809864044189456
vn 0.69416099786758424 0.10804088413715362 -0.71166539192199704
vn -0.67641538381576536 0.00807466357946395 -0.73647606372833248
vn -0.70251005887985232 -0.0034072941634804 -0.71166563034057616
vn 0.1154051497578621 -0.633101224899292 -0.7654178142547608
vn 0.11611802875995636 -0.64065653085708616 -0.75899660587310784
vn -0.01305248495191335 -0.65096372365951536 -0.75899660587310784
vn -0.03931161016225815 -0.68083131313323976 -0.73138457536697392
vn -0.01354675740003585 -0.64339107275009152 -0.7654178142547608
vn 0.99683147668838496 0.07954270392656326 7.970861748418656E-10
vn 0.99683147668838496 0.07954271137714386 -5.084220333628764E-08
vn 0.99683147668838496 0.07954270392656326 2.7098334687281067E-10
vn -0.0210505798459053 -0.99977838993072512 0
vn 0.17933040857315064 -0.98378890752792352 -5.648269629787706E-10
vn 0.17933040857315064 -0.98378890752792352 0
vn -0.02105058170855045 -0.99977838993072512 -5.468597796820518E-10
vn 0.07954270392656326 -0.99683147668838496 2.5161819849905953E-10
vn 0.07954270392656326 -0.99683147668838496 1.4999993469544393E-09
vn 0.07954252511262894 -0.99683147668838496 -2.1340367766242707E-06
vn 0.66518378257751464 0.1477363258600235 -0.73191833496093744
vn 0.633101224899292 0.1154051497578621 -0.76541787385940544
vn 0.64065653085708616 0.11611802875995636 -0.75899660587310784
vn 0.65096372365951536 -0.01305248495191335 -0.75899660587310784
vn 0.68083137273788456 -0.03931169211864471 -0.73138445615768432
vn 0.64339107275009152 -0.01354675646871328 -0.7654178142547608
vn 0.57914942502975464 0.0471685491502285 -0.81385570764541632
vn 0.99977838993072512 -0.0210505798459053 0
vn 0.98378890752792352 0.17933040857315064 -5.488381416007826E-10
vn 0.98378890752792352 0.17933040857315064 0
vn 0.99977838993072512 -0.02105058170855045 -5.628393862089354E-10
vn -0.09594554454088212 0.68929582834243776 -0.71809864044189456
vn -0.10814746469259262 0.71326595544815064 -0.69249969720840456
vn -0.12983492016792298 0.67101138830184936 -0.72999083995819088
vn -0.99683147668838496 -0.07954270392656326 1.730240728470278E-09
vn -0.99683147668838496 -0.07954252511262894 -2.075415522995172E-06
vn 0.0968649759888649 -0.68967050313949584 -0.71761530637741088
vn 0.10814636200666428 -0.71295863389968872 -0.69281625747680664
vn 0.13075286149978638 -0.67128455638885496 -0.72957575321197504
vn 0.07954270392656326 -0.99683147668838496 5.605519937113002E-10
vn 0.07954270392656326 -0.99683147668838496 -3.8462086848767285E-09
vn 0.07954270392656326 -0.99683147668838496 -3.325889286198702E-10
vn -0.65096366405487064 0.01305249147117138 -0.75899666547775264
vn -0.57870399951934816 -0.04573238268494606 -0.81425440311431888
vn -0.68019062280654904 0.04038761556148529 -0.7319218516349792
vn -0.633101224899292 -0.1154051497578621 -0.76541787385940544
vn -0.6433910131454468 0.01354675553739071 -0.76541787385940544
vn -0.99977838993072512 0.0210505798459053 -5.168889205542371E-10
vn -0.98378890752792352 -0.17933040857315064 -3.5509994944504797E-10
vn -0.98378890752792352 -0.17933040857315064 -5.029182070792615E-10
vn -0.99977838993072512 0.0210505798459053 -3.5509795104360364E-10
vn -0.00628406647592783 0.7210867404937744 -0.69281625747680664
vn 0.02264509350061416 0.683525025844574 -0.72957575321197504
vn -0.01372964028269052 0.69630432128906248 -0.71761530637741088
vn -0.07954270392656326 0.99683147668838496 -1.962505158381589E-10
vn -0.07954270392656326 0.99683147668838496 1.4977034057395144E-09
vn -0.07954270392656326 0.99683147668838496 -9.744405282674506E-09
vn -0.99683147668838496 -0.07954270392656326 7.906983956473823E-10
vn -0.99683147668838496 -0.07954270392656326 -1.450527031821025E-09
vn 0.01305248495191335 0.65096372365951536 -0.75899660587310784
vn 0.03931162878870964 0.68083125352859496 -0.73138457536697392
vn -0.1154051497578621 0.633101224899292 -0.76541787385940544
vn -0.11611802875995636 0.64065653085708616 -0.75899660587310784
vn 0.01354675553739071 0.6433910131454468 -0.76541787385940544
vn 0.99683147668838496 0.07954270392656326 -3.5200481418584673E-10
vn 0.99683147668838496 0.07954270392656326 1.7367859372896532E-09
vn 0.99683147668838496 0.07954270392656326 1.4217124366666667E-08
vn -0.07954270392656326 0.99683147668838496 5.578920103666007E-10
vn -0.07954271137714386 0.99683147668838496 -2.4949914134708706E-08
vn -0.07954270392656326 0.99683147668838496 1.1524642351545822E-10
vn 0.0210505798459053 0.99977838993072512 -5.009102577169244E-10
vn -0.17933040857315064 0.98378890752792352 -5.328751884192684E-10
vn -0.17933040857315064 0.98378890752792352 0
vn 0.02105058170855045 0.99977838993072512 0
vn 0.6764158606529236 -0.00807458627969026 -0.73647564649581904
vn 0.70251029729843136 0.00340726459398865 -0.71166539192199704
# 4273 vertex normals

g obj_60425651
s 1
f 1//1 2//1 3//1
f 4//1 5//1 6//1
f 4//1 7//1 8//1
f 3//1 9//1 1//1
f 4//1 10//1 5//1
f 4//1 11//1 7//1
f 12//1 13//1 14//1
f 1//1 15//1 2//1
f 6//1 16//1 4//1
f 8//1 17//1 4//1
f 12//1 18//1 13//1
f 19//1 20//1 21//1
f 16//1 2//1 4//1
f 4//1 22//1 11//1
f 20//1 23//1 24//1
f 14//1 25//1 12//1
f 21//1 26//1 19//1
f 22//1 4//1 27//1
f 17//1 10//1 4//1
f 24//1 28//1 20//1
f 19//1 29//1 12//1
f 26//1 30//1 19//1
f 22//1 31//1 32//1
f 15//1 4//1 2//1
f 20//1 19//1 23//1
f 30//1 29//1 19//1
f 27//1 31//1 22//1
f 25//1 19//1 12//1
f 28//1 22//1 20//1
f 32//1 20//1 22//1
f 33//2 34//2 35//2
f 36//3 37//3 38//3
f 39//4 40//4 41//4
f 42//5 43//5 44//5
f 45//6 46//6 47//6
f 48//7 49//7 50//7
f 51//8 52//8 53//8
f 54//9 55//9 56//9
f 52//10 33//10 57//10
f 57//11 35//11 58//11
f 59//12 58//12 55//12
f 53//13 57//13 59//13
f 60//14 59//14 54//14
f 61//15 54//15 62//15
f 63//16 64//16 65//16
f 62//17 56//17 64//17
f 66//18 65//18 49//18
f 67//19 63//19 66//19
f 68//20 62//20 63//20
f 69//21 66//21 48//21
f 70//22 61//22 68//22
f 46//23 51//23 71//23
f 71//24 53//24 60//24
f 72//25 60//25 61//25
f 47//26 71//26 72//26
f 73//27 72//27 70//27
f 74//28 70//28 75//28
f 76//29 67//29 69//29
f 75//30 68//30 67//30
f 77//31 69//31 78//31
f 79//32 76//32 77//32
f 80//33 75//33 76//33
f 81//34 77//34 82//34
f 82//35 78//35 83//35
f 84//36 85//36 86//36
f 78//37 48//37 87//37
f 88//38 89//38 90//38
f 87//39 50//39 89//39
f 91//40 90//40 85//40
f 92//41 88//41 91//41
f 83//42 87//42 88//42
f 93//43 91//43 84//43
f 94//44 84//44 95//44
f 96//45 97//45 38//45
f 95//46 86//46 97//46
f 98//47 96//47 37//47
f 99//48 95//48 96//48
f 100//49 94//49 99//49
f 101//50 82//50 102//50
f 103//51 92//51 93//51
f 102//52 83//52 92//52
f 104//53 93//53 94//53
f 105//54 103//54 104//54
f 106//55 102//55 103//55
f 107//56 104//56 100//56
f 108//57 100//57 109//57
f 110//58 98//58 111//58
f 109//59 99//59 98//59
f 112//60 110//60 113//60
f 114//61 109//61 110//61
f 115//62 101//62 106//62
f 116//63 117//63 118//63
f 119//64 74//64 80//64
f 45//65 120//65 117//65
f 120//66 47//66 73//66
f 121//67 73//67 74//67
f 120//68 121//68 122//68
f 121//69 119//69 123//69
f 119//70 124//70 125//70
f 126//71 79//71 81//71
f 124//72 80//72 79//72
f 127//73 81//73 101//73
f 126//74 127//74 128//74
f 124//75 126//75 129//75
f 127//76 115//76 130//76
f 123//77 125//77 131//77
f 118//78 16//78 6//78
f 117//79 122//79 132//79
f 122//80 123//80 133//80
f 2//81 118//81 132//81
f 132//82 3//82 2//82
f 9//83 3//83 133//83
f 129//84 128//84 134//84
f 125//85 129//85 135//85
f 128//86 130//86 136//86
f 134//87 15//87 1//87
f 9//88 131//88 135//88
f 136//89 27//89 4//89
f 4//90 134//90 136//90
f 130//91 137//91 138//91
f 139//92 108//92 114//92
f 130//93 115//93 140//93
f 141//94 105//94 107//94
f 140//95 106//95 105//95
f 142//96 107//96 108//96
f 143//97 141//97 142//97
f 137//98 140//98 141//98
f 144//99 142//99 139//99
f 145//100 139//100 146//100
f 147//101 112//101 148//101
f 146//102 114//102 112//102
f 149//103 147//103 150//103
f 151//104 146//104 147//104
f 145//105 151//105 152//105
f 138//106 32//106 31//106
f 31//107 136//107 138//107
f 143//108 144//108 153//108
f 137//109 143//109 154//109
f 144//110 145//110 155//110
f 21//111 20//111 154//111
f 138//112 154//112 20//112
f 21//113 153//113 155//113
f 149//114 156//114 157//114
f 151//115 149//115 158//115
f 158//116 157//116 29//116
f 30//117 26//117 152//117
f 159//118 160//118 161//118
f 162//119 150//119 148//119
f 163//120 164//120 165//120
f 166//121 113//121 111//121
f 167//122 36//122 168//122
f 169//123 111//123 37//123
f 170//124 169//124 36//124
f 164//125 167//125 171//125
f 172//126 170//126 167//126
f 173//127 166//127 169//127
f 174//128 148//128 113//128
f 175//129 174//129 166//129
f 176//130 173//130 170//130
f 177//131 175//131 173//131
f 178//132 176//132 172//132
f 179//133 180//133 181//133
f 182//134 172//134 164//134
f 180//135 163//135 183//135
f 184//136 182//136 163//136
f 185//137 184//137 180//137
f 160//138 179//138 186//138
f 187//139 185//139 179//139
f 188//140 189//140 184//140
f 190//141 177//141 176//141
f 189//142 178//142 182//142
f 191//143 190//143 178//143
f 192//144 191//144 189//144
f 193//145 188//145 185//145
f 194//146 192//146 188//146
f 195//147 196//147 177//147
f 197//148 198//148 157//148
f 199//149 162//149 174//149
f 197//150 156//150 150//150
f 200//151 197//151 162//151
f 196//152 199//152 175//152
f 201//153 200//153 199//153
f 200//154 202//154 198//154
f 12//155 157//155 198//155
f 198//156 18//156 12//156
f 18//157 198//157 202//157
f 201//158 203//158 202//158
f 204//159 205//159 203//159
f 206//160 207//160 191//160
f 204//161 201//161 196//161
f 207//162 195//162 190//162
f 208//163 204//163 195//163
f 209//164 208//164 207//164
f 210//165 206//165 192//165
f 211//166 209//166 206//166
f 209//167 212//167 213//167
f 14//168 13//168 203//168
f 208//169 213//169 205//169
f 14//170 205//170 213//170
f 212//171 19//171 25//171
f 211//172 214//172 212//172
f 214//173 24//173 23//173
f 23//174 212//174 214//174
f 215//175 210//175 194//175
f 216//176 217//176 218//176
f 219//177 193//177 187//177
f 220//178 221//178 222//178
f 223//179 187//179 160//179
f 221//180 159//180 224//180
f 225//181 223//181 159//181
f 226//182 225//182 221//182
f 217//183 220//183 227//183
f 228//184 226//184 220//184
f 229//185 230//185 225//185
f 231//186 194//186 193//186
f 230//187 219//187 223//187
f 232//188 231//188 219//188
f 233//189 232//189 230//189
f 234//190 229//190 226//190
f 235//191 233//191 229//191
f 236//192 234//192 228//192
f 33//193 237//193 238//193
f 239//194 228//194 217//194
f 237//195 216//195 240//195
f 241//196 239//196 216//196
f 52//197 241//197 237//197
f 51//198 242//198 241//198
f 243//199 235//199 234//199
f 242//200 236//200 239//200
f 244//201 243//201 236//201
f 46//202 244//202 242//202
f 245//203 246//203 235//203
f 247//204 248//204 214//204
f 249//205 250//205 232//205
f 215//206 247//206 211//206
f 250//207 215//207 231//207
f 250//208 251//208 247//208
f 249//209 252//209 251//209
f 246//210 249//210 233//210
f 246//211 253//211 252//211
f 252//212 254//212 255//212
f 248//213 28//213 24//213
f 251//214 255//214 248//214
f 248//215 255//215 22//215
f 255//216 11//216 22//216
f 255//217 254//217 7//217
f 253//218 256//218 254//218
f 8//219 7//219 254//219
f 257//220 258//220 256//220
f 45//221 259//221 244//221
f 245//222 257//222 253//222
f 259//223 245//223 243//223
f 259//224 260//224 257//224
f 45//225 116//225 260//225
f 116//226 261//226 262//226
f 8//227 256//227 258//227
f 260//228 262//228 258//228
f 262//229 10//229 17//229
f 262//230 261//230 5//230
f 261//231 6//231 5//231
f 263//232 264//232 265//232
f 266//233 267//233 268//233
f 269//234 270//234 271//234
f 272//235 273//235 274//235
f 43//236 269//236 275//236
f 276//237 43//237 277//237
f 43//238 42//238 277//238
f 272//239 278//239 276//239
f 276//240 279//240 269//240
f 278//241 280//241 279//241
f 274//242 281//242 280//242
f 282//243 283//243 284//243
f 282//244 274//244 273//244
f 266//245 285//245 286//245
f 286//246 287//246 288//246
f 282//247 288//247 281//247
f 285//248 289//248 287//248
f 281//249 290//249 291//249
f 270//250 292//250 265//250
f 279//251 293//251 270//251
f 280//252 291//252 293//252
f 293//253 294//253 292//253
f 291//254 295//254 294//254
f 296//255 295//255 291//255
f 287//256 297//256 298//256
f 288//257 298//257 290//257
f 289//258 299//258 297//258
f 300//259 301//259 298//259
f 301//260 296//260 290//260
f 302//261 300//261 297//261
f 303//262 304//262 299//262
f 305//263 306//263 307//263
f 268//264 303//264 289//264
f 308//265 309//265 310//265
f 308//266 268//266 267//266
f 307//267 306//267 311//267
f 311//268 312//268 313//268
f 308//269 313//269 303//269
f 306//270 314//270 312//270
f 305//271 315//271 314//271
f 39//272 316//272 317//272
f 305//273 318//273 319//273
f 319//274 317//274 305//274
f 316//275 320//275 321//275
f 317//276 321//276 315//276
f 322//277 323//277 314//277
f 324//278 302//278 299//278
f 325//279 326//279 313//279
f 313//280 326//280 304//280
f 323//281 325//281 312//281
f 327//282 328//282 326//282
f 328//283 324//283 304//283
f 329//284 327//284 325//284
f 330//285 329//285 323//285
f 331//286 332//286 321//286
f 332//287 322//287 315//287
f 333//288 334//288 332//288
f 334//289 330//289 322//289
f 335//290 336//290 302//290
f 337//291 338//291 339//291
f 340//292 341//292 295//292
f 342//293 339//293 264//293
f 343//294 263//294 292//294
f 341//295 343//295 294//295
f 344//296 342//296 263//296
f 345//297 344//297 343//297
f 346//298 345//298 341//298
f 347//299 348//299 301//299
f 348//300 340//300 296//300
f 336//301 347//301 300//301
f 349//302 350//302 348//302
f 350//303 346//303 340//303
f 351//304 349//304 347//304
f 352//305 353//305 345//305
f 168//306 38//306 338//306
f 354//307 337//307 342//307
f 353//308 354//308 344//308
f 171//309 168//309 337//309
f 165//310 171//310 354//310
f 183//311 165//311 353//311
f 355//312 356//312 350//312
f 356//313 352//313 346//313
f 357//314 355//314 349//314
f 186//315 181//315 356//315
f 181//316 183//316 352//316
f 161//317 186//317 355//317
f 358//318 357//318 351//318
f 359//319 360//319 329//319
f 361//320 351//320 336//320
f 362//321 363//321 328//321
f 363//322 335//322 324//322
f 360//323 362//323 327//323
f 364//324 365//324 363//324
f 365//325 361//325 335//325
f 366//326 364//326 362//326
f 367//327 366//327 360//327
f 368//328 369//328 334//328
f 369//329 359//329 330//329
f 370//330 371//330 369//330
f 371//331 367//331 359//331
f 372//332 373//332 366//332
f 224//333 161//333 357//333
f 374//334 375//334 365//334
f 375//335 358//335 361//335
f 373//336 374//336 364//336
f 227//337 222//337 375//337
f 222//338 224//338 358//338
f 218//339 227//339 374//339
f 240//340 218//340 373//340
f 376//341 377//341 371//341
f 377//342 372//342 367//342
f 34//343 238//343 377//343
f 238//344 240//344 372//344
f 378//345 379//345 380//345
f 368//346 333//346 381//346
f 382//347 383//347 384//347
f 331//348 320//348 385//348
f 386//349 41//349 387//349
f 41//350 40//350 387//350
f 316//351 41//351 385//351
f 41//352 386//352 388//352
f 386//353 389//353 382//353
f 386//354 390//354 391//354
f 392//355 385//355 388//355
f 333//356 331//356 392//356
f 381//357 392//357 393//357
f 393//358 388//358 391//358
f 394//359 393//359 395//359
f 395//360 391//360 396//360
f 397//361 398//361 399//361
f 390//362 384//362 396//362
f 397//363 384//363 383//363
f 384//364 397//364 400//364
f 397//365 401//365 402//365
f 378//366 403//366 401//366
f 401//367 403//367 404//367
f 400//368 402//368 405//368
f 406//369 395//369 407//369
f 407//370 396//370 400//370
f 408//371 407//371 409//371
f 410//372 409//372 405//372
f 402//373 404//373 411//373
f 412//374 405//374 411//374
f 413//375 406//375 408//375
f 376//376 370//376 414//376
f 415//377 381//377 394//377
f 370//378 368//378 415//378
f 414//379 415//379 416//379
f 416//380 394//380 406//380
f 417//381 416//381 413//381
f 418//382 414//382 417//382
f 34//383 376//383 418//383
f 35//384 418//384 419//384
f 419//385 417//385 420//385
f 58//386 419//386 421//386
f 421//387 420//387 422//387
f 423//388 410//388 412//388
f 420//389 413//389 424//389
f 424//390 408//390 410//390
f 422//391 424//391 423//391
f 425//392 423//392 426//392
f 426//393 412//393 427//393
f 428//394 426//394 429//394
f 430//395 425//395 428//395
f 55//396 421//396 431//396
f 431//397 422//397 425//397
f 56//398 431//398 430//398
f 64//399 430//399 432//399
f 432//400 428//400 433//400
f 65//401 432//401 434//401
f 429//402 427//402 435//402
f 436//403 437//403 438//403
f 404//404 439//404 440//404
f 441//405 442//405 443//405
f 403//406 380//406 439//406
f 441//407 380//407 379//407
f 380//408 441//408 444//408
f 441//409 445//409 446//409
f 436//410 447//410 445//410
f 445//411 447//411 448//411
f 444//412 446//412 449//412
f 427//413 411//413 440//413
f 439//414 444//414 450//414
f 435//415 440//415 450//415
f 451//416 450//416 449//416
f 446//417 448//417 452//417
f 453//418 449//418 452//418
f 448//419 454//419 455//419
f 456//420 457//420 458//420
f 447//421 438//421 454//421
f 438//422 437//422 459//422
f 459//423 456//423 438//423
f 438//424 456//424 460//424
f 456//425 44//425 275//425
f 460//426 275//426 271//426
f 452//427 455//427 461//427
f 454//428 460//428 462//428
f 455//429 462//429 463//429
f 462//430 271//430 265//430
f 464//431 465//431 461//431
f 434//432 433//432 466//432
f 467//433 451//433 453//433
f 433//434 429//434 468//434
f 468//435 435//435 451//435
f 466//436 468//436 467//436
f 469//437 467//437 470//437
f 470//438 453//438 465//438
f 471//439 470//439 464//439
f 472//440 469//440 471//440
f 49//441 434//441 473//441
f 473//442 466//442 469//442
f 50//443 473//443 472//443
f 89//444 472//444 474//444
f 474//445 471//445 475//445
f 90//446 474//446 476//446
f 476//447 475//447 477//447
f 478//448 463//448 265//448
f 475//449 464//449 479//449
f 479//450 461//450 463//450
f 477//451 479//451 478//451
f 480//452 478//452 264//452
f 481//453 480//453 339//453
f 85//454 476//454 482//454
f 482//455 477//455 480//455
f 86//456 482//456 481//456
f 97//457 481//457 338//457
f 338//457 38//457 97//457
f 481//456 97//456 86//456
f 480//455 481//455 482//455
f 482//454 86//454 85//454
f 339//453 338//453 481//453
f 264//452 339//452 480//452
f 478//451 480//451 477//451
f 463//450 478//450 479//450
f 479//449 477//449 475//449
f 265//448 264//448 478//448
f 477//447 482//447 476//447
f 476//446 85//446 90//446
f 475//445 476//445 474//445
f 474//444 90//444 89//444
f 472//443 89//443 50//443
f 469//442 472//442 473//442
f 473//441 50//441 49//441
f 471//440 474//440 472//440
f 464//439 475//439 471//439
f 465//438 464//438 470//438
f 470//437 471//437 469//437
f 467//436 469//436 466//436
f 451//435 467//435 468//435
f 468//434 466//434 433//434
f 453//433 470//433 467//433
f 466//432 473//432 434//432
f 461//431 479//431 464//431
f 265//430 463//430 462//430
f 463//429 461//429 455//429
f 462//428 455//428 454//428
f 461//427 465//427 452//427
f 271//426 462//426 460//426
f 275//425 460//425 456//425
f 460//424 454//424 438//424
f 459//458 457//458 456//458
f 454//421 448//421 447//421
f 458//420 44//420 456//420
f 455//419 452//419 448//419
f 452//418 465//418 453//418
f 452//417 449//417 446//417
f 449//416 453//416 451//416
f 450//415 451//415 435//415
f 450//414 440//414 439//414
f 440//413 435//413 427//413
f 449//412 450//412 444//412
f 448//411 446//411 445//411
f 445//459 443//459 436//459
f 446//409 444//409 441//409
f 444//408 439//408 380//408
f 379//460 442//460 441//460
f 439//406 404//406 403//406
f 443//461 445//461 441//461
f 440//404 411//404 404//404
f 438//462 447//462 436//462
f 435//402 468//402 429//402
f 434//401 49//401 65//401
f 433//400 434//400 432//400
f 432//399 65//399 64//399
f 430//398 64//398 56//398
f 425//397 430//397 431//397
f 431//396 56//396 55//396
f 428//395 432//395 430//395
f 429//394 433//394 428//394
f 427//393 429//393 426//393
f 426//392 428//392 425//392
f 423//391 425//391 422//391
f 410//390 423//390 424//390
f 424//389 422//389 420//389
f 412//388 426//388 423//388
f 422//387 431//387 421//387
f 421//386 55//386 58//386
f 420//385 421//385 419//385
f 419//384 58//384 35//384
f 418//383 35//383 34//383
f 417//382 419//382 418//382
f 413//381 420//381 417//381
f 406//380 413//380 416//380
f 416//379 417//379 414//379
f 415//378 414//378 370//378
f 394//377 416//377 415//377
f 414//376 418//376 376//376
f 408//375 424//375 413//375
f 411//374 427//374 412//374
f 411//373 405//373 402//373
f 405//372 412//372 410//372
f 409//371 410//371 408//371
f 400//370 409//370 407//370
f 407//369 408//369 406//369
f 405//368 409//368 400//368
f 404//367 402//367 401//367
f 401//463 399//463 378//463
f 402//365 400//365 397//365
f 400//364 396//364 384//364
f 383//464 398//464 397//464
f 396//362 391//362 390//362
f 399//465 401//465 397//465
f 396//360 407//360 395//360
f 395//359 406//359 394//359
f 391//358 395//358 393//358
f 393//357 394//357 381//357
f 392//356 381//356 333//356
f 388//355 393//355 392//355
f 391//354 388//354 386//354
f 382//466 390//466 386//466
f 388//352 385//352 41//352
f 385//351 320//351 316//351
f 387//467 389//467 386//467
f 385//348 392//348 331//348
f 384//468 390//468 382//468
f 381//346 415//346 368//346
f 380//469 403//469 378//469
f 372//344 377//344 238//344
f 377//343 376//343 34//343
f 367//342 371//342 377//342
f 371//341 370//341 376//341
f 373//340 372//340 240//340
f 374//339 373//339 218//339
f 358//338 375//338 222//338
f 375//337 374//337 227//337
f 364//336 366//336 373//336
f 361//335 365//335 375//335
f 365//334 364//334 374//334
f 357//333 358//333 224//333
f 366//332 367//332 372//332
f 359//331 369//331 371//331
f 369//330 368//330 370//330
f 330//329 334//329 369//329
f 334//328 333//328 368//328
f 360//327 359//327 367//327
f 362//326 360//326 366//326
f 335//325 363//325 365//325
f 363//324 362//324 364//324
f 327//323 329//323 360//323
f 324//322 328//322 363//322
f 328//321 327//321 362//321
f 336//320 335//320 361//320
f 329//319 330//319 359//319
f 351//318 361//318 358//318
f 355//317 357//317 161//317
f 352//316 356//316 181//316
f 356//315 355//315 186//315
f 349//314 351//314 357//314
f 346//313 350//313 356//313
f 350//312 349//312 355//312
f 353//311 352//311 183//311
f 354//310 353//310 165//310
f 337//309 354//309 171//309
f 344//308 345//308 353//308
f 342//307 344//307 354//307
f 338//306 337//306 168//306
f 345//305 346//305 352//305
f 347//304 336//304 351//304
f 340//303 348//303 350//303
f 348//302 347//302 349//302
f 300//301 302//301 336//301
f 296//300 301//300 348//300
f 301//299 300//299 347//299
f 341//298 340//298 346//298
f 343//297 341//297 345//297
f 263//296 343//296 344//296
f 294//295 295//295 341//295
f 292//294 294//294 343//294
f 264//293 263//293 342//293
f 295//292 296//292 340//292
f 339//291 342//291 337//291
f 302//290 324//290 335//290
f 322//289 332//289 334//289
f 332//288 331//288 333//288
f 315//287 321//287 332//287
f 321//286 320//286 331//286
f 323//285 322//285 330//285
f 325//284 323//284 329//284
f 304//283 326//283 328//283
f 326//282 325//282 327//282
f 312//281 314//281 323//281
f 304//280 303//280 313//280
f 313//279 312//279 325//279
f 299//278 304//278 324//278
f 314//277 315//277 322//277
f 315//276 305//276 317//276
f 321//275 317//275 316//275
f 319//470 483//470 317//470
f 317//272 483//272 39//272
f 314//271 306//271 305//271
f 312//270 311//270 306//270
f 303//269 268//269 308//269
f 313//268 308//268 311//268
f 311//471 310//471 307//471
f 267//472 309//472 308//472
f 310//473 311//473 308//473
f 289//264 285//264 268//264
f 307//474 318//474 305//474
f 299//262 289//262 303//262
f 297//261 299//261 302//261
f 290//260 298//260 301//260
f 298//259 297//259 300//259
f 297//258 287//258 289//258
f 290//257 281//257 288//257
f 298//256 288//256 287//256
f 291//255 290//255 296//255
f 294//254 293//254 291//254
f 292//253 270//253 293//253
f 293//252 279//252 280//252
f 270//251 269//251 279//251
f 265//250 271//250 270//250
f 291//249 280//249 281//249
f 287//248 286//248 285//248
f 281//247 274//247 282//247
f 288//246 282//246 286//246
f 286//475 284//475 266//475
f 273//476 283//476 282//476
f 284//477 286//477 282//477
f 280//242 278//242 274//242
f 279//241 276//241 278//241
f 269//240 43//240 276//240
f 276//478 484//478 272//478
f 277//479 484//479 276//479
f 275//236 44//236 43//236
f 274//480 278//480 272//480
f 271//234 275//234 269//234
f 268//481 285//481 266//481
f 265//232 292//232 263//232
f 5//482 10//482 262//482
f 17//483 258//483 262//483
f 258//228 257//228 260//228
f 258//484 17//484 8//484
f 262//226 260//226 116//226
f 260//225 259//225 45//225
f 257//224 245//224 259//224
f 243//223 244//223 259//223
f 253//222 246//222 245//222
f 244//221 46//221 45//221
f 256//220 253//220 257//220
f 254//485 256//485 8//485
f 254//218 252//218 253//218
f 7//486 11//486 255//486
f 22//487 28//487 248//487
f 248//214 247//214 251//214
f 24//488 214//488 248//488
f 255//212 251//212 252//212
f 252//211 249//211 246//211
f 233//210 235//210 246//210
f 251//209 250//209 249//209
f 247//208 215//208 250//208
f 231//207 232//207 250//207
f 211//206 210//206 215//206
f 232//205 233//205 249//205
f 214//204 211//204 247//204
f 235//203 243//203 245//203
f 242//202 51//202 46//202
f 236//201 242//201 244//201
f 239//200 241//200 242//200
f 234//199 236//199 243//199
f 241//198 52//198 51//198
f 237//197 33//197 52//197
f 216//196 237//196 241//196
f 240//195 238//195 237//195
f 217//194 216//194 239//194
f 238//193 34//193 33//193
f 228//192 239//192 236//192
f 229//191 234//191 235//191
f 226//190 228//190 234//190
f 230//189 229//189 233//189
f 219//188 230//188 232//188
f 223//187 225//187 230//187
f 193//186 219//186 231//186
f 225//185 226//185 229//185
f 220//184 217//184 228//184
f 227//183 218//183 217//183
f 221//182 220//182 226//182
f 159//181 221//181 225//181
f 224//180 222//180 221//180
f 160//179 159//179 223//179
f 222//178 227//178 220//178
f 187//177 223//177 219//177
f 218//176 240//176 216//176
f 194//175 231//175 215//175
f 23//489 19//489 212//489
f 212//172 209//172 211//172
f 25//490 213//490 212//490
f 213//491 25//491 14//491
f 205//169 204//169 208//169
f 203//492 205//492 14//492
f 213//167 208//167 209//167
f 206//166 210//166 211//166
f 192//165 194//165 210//165
f 207//164 206//164 209//164
f 195//163 207//163 208//163
f 190//162 191//162 207//162
f 196//161 195//161 204//161
f 191//160 192//160 206//160
f 203//159 201//159 204//159
f 202//493 203//493 13//493
f 202//158 200//158 201//158
f 202//494 13//494 18//494
f 12//495 29//495 157//495
f 198//154 197//154 200//154
f 199//153 196//153 201//153
f 175//152 177//152 196//152
f 162//151 199//151 200//151
f 150//150 162//150 197//150
f 174//149 175//149 199//149
f 157//148 156//148 197//148
f 177//147 190//147 195//147
f 188//146 193//146 194//146
f 185//145 187//145 193//145
f 189//144 188//144 192//144
f 178//143 189//143 191//143
f 182//142 184//142 189//142
f 176//141 178//141 190//141
f 184//140 185//140 188//140
f 179//139 160//139 187//139
f 186//138 161//138 160//138
f 180//137 179//137 185//137
f 163//136 180//136 184//136
f 183//135 181//135 180//135
f 164//134 163//134 182//134
f 181//133 186//133 179//133
f 172//132 182//132 178//132
f 173//131 176//131 177//131
f 170//130 172//130 176//130
f 166//129 173//129 175//129
f 113//128 166//128 174//128
f 169//127 170//127 173//127
f 167//126 164//126 172//126
f 171//125 165//125 164//125
f 36//124 167//124 170//124
f 37//123 36//123 169//123
f 168//122 171//122 167//122
f 111//121 169//121 166//121
f 165//120 183//120 163//120
f 148//119 174//119 162//119
f 161//118 224//118 159//118
f 152//496 158//496 30//496
f 29//497 30//497 158//497
f 158//115 152//115 151//115
f 157//114 158//114 149//114
f 26//498 155//498 152//498
f 155//499 26//499 21//499
f 20//500 32//500 138//500
f 154//501 153//501 21//501
f 155//110 153//110 144//110
f 154//109 138//109 137//109
f 153//108 154//108 143//108
f 31//502 27//502 136//502
f 152//105 155//105 145//105
f 147//104 149//104 151//104
f 150//103 156//103 149//103
f 112//102 147//102 146//102
f 148//101 150//101 147//101
f 146//100 151//100 145//100
f 139//99 145//99 144//99
f 141//98 143//98 137//98
f 142//97 144//97 143//97
f 108//96 139//96 142//96
f 105//95 141//95 140//95
f 107//94 142//94 141//94
f 140//93 137//93 130//93
f 114//92 146//92 139//92
f 138//91 136//91 130//91
f 4//503 15//503 134//503
f 135//504 1//504 9//504
f 1//505 135//505 134//505
f 136//86 134//86 128//86
f 135//85 131//85 125//85
f 134//84 135//84 129//84
f 133//506 131//506 9//506
f 132//507 133//507 3//507
f 2//508 16//508 118//508
f 133//80 132//80 122//80
f 132//79 118//79 117//79
f 6//509 261//509 118//509
f 131//77 133//77 123//77
f 130//76 128//76 127//76
f 129//75 125//75 124//75
f 128//74 129//74 126//74
f 101//73 115//73 127//73
f 79//72 126//72 124//72
f 81//71 127//71 126//71
f 125//70 123//70 119//70
f 123//69 122//69 121//69
f 122//68 117//68 120//68
f 74//67 119//67 121//67
f 73//66 121//66 120//66
f 117//65 116//65 45//65
f 80//64 124//64 119//64
f 118//63 261//63 116//63
f 106//62 140//62 115//62
f 110//61 112//61 114//61
f 113//60 148//60 112//60
f 98//59 110//59 109//59
f 111//58 113//58 110//58
f 109//57 114//57 108//57
f 100//56 108//56 107//56
f 103//55 105//55 106//55
f 104//54 107//54 105//54
f 94//53 100//53 104//53
f 92//52 103//52 102//52
f 93//51 104//51 103//51
f 102//50 106//50 101//50
f 99//49 109//49 100//49
f 96//48 98//48 99//48
f 37//47 111//47 98//47
f 97//46 96//46 95//46
f 38//45 37//45 96//45
f 95//44 99//44 94//44
f 84//43 94//43 93//43
f 88//42 92//42 83//42
f 91//41 93//41 92//41
f 85//40 84//40 91//40
f 89//39 88//39 87//39
f 90//38 91//38 88//38
f 87//37 83//37 78//37
f 86//36 95//36 84//36
f 83//35 102//35 82//35
f 82//34 101//34 81//34
f 76//33 79//33 80//33
f 77//32 81//32 79//32
f 78//31 82//31 77//31
f 67//30 76//30 75//30
f 69//29 77//29 76//29
f 75//28 80//28 74//28
f 70//27 74//27 73//27
f 72//26 73//26 47//26
f 61//25 70//25 72//25
f 60//24 72//24 71//24
f 71//23 47//23 46//23
f 68//22 75//22 70//22
f 48//21 78//21 69//21
f 63//20 67//20 68//20
f 66//19 69//19 67//19
f 49//18 48//18 66//18
f 64//17 63//17 62//17
f 65//16 66//16 63//16
f 62//15 68//15 61//15
f 54//14 61//14 60//14
f 59//13 60//13 53//13
f 55//12 54//12 59//12
f 58//11 59//11 57//11
f 57//10 53//10 52//10
f 56//9 62//9 54//9
f 53//8 71//8 51//8
f 50//7 87//7 48//7
f 47//6 120//6 45//6
f 44//5 458//5 42//5
f 41//4 316//4 39//4
f 38//3 168//3 36//3
f 35//2 57//2 33//2
f 485//510 39//510 483//510
f 483//511 486//511 485//511
f 487//512 486//512 318//512
f 486//513 319//513 318//513
f 487//514 307//514 310//514
f 488//515 489//515 309//515
f 489//516 310//516 309//516
f 488//517 267//517 266//517
f 490//518 266//518 284//518
f 491//519 284//519 283//519
f 283//520 492//520 491//520
f 492//521 273//521 272//521
f 493//522 272//522 484//522
f 484//523 494//523 493//523
f 495//524 494//524 42//524
f 494//525 277//525 42//525
f 495//526 458//526 457//526
f 457//527 496//527 495//527
f 497//528 496//528 437//528
f 496//529 459//529 437//529
f 497//530 436//530 443//530
f 498//531 499//531 442//531
f 499//532 443//532 442//532
f 498//533 379//533 378//533
f 500//534 378//534 399//534
f 501//535 399//535 398//535
f 398//536 502//536 501//536
f 502//537 383//537 382//537
f 503//538 382//538 389//538
f 389//539 504//539 503//539
f 485//540 504//540 40//540
f 504//541 387//541 40//541
f 40//542 39//542 485//542
f 389//543 387//543 504//543
f 382//537 503//537 502//537
f 398//544 383//544 502//544
f 399//534 501//534 500//534
f 378//533 500//533 498//533
f 442//545 379//545 498//545
f 443//530 499//530 497//530
f 437//546 436//546 497//546
f 457//547 459//547 496//547
f 42//548 458//548 495//548
f 484//549 277//549 494//549
f 272//521 493//521 492//521
f 283//550 273//550 492//550
f 284//518 491//518 490//518
f 266//517 490//517 488//517
f 309//551 267//551 488//551
f 310//514 489//514 487//514
f 318//552 307//552 487//552
f 483//553 319//553 486//553
f 505//554 506//554 495//554
f 506//555 507//555 490//555
f 495//556 496//556 505//556
f 506//556 493//556 494//556
f 507//556 488//556 490//556
f 508//556 504//556 485//556
f 505//557 498//557 500//557
f 496//558 497//558 505//558
f 506//556 492//556 493//556
f 490//559 491//559 506//559
f 507//556 487//556 489//556
f 507//556 485//556 486//556
f 508//560 503//560 504//560
f 508//561 501//561 502//561
f 500//562 508//562 505//562
f 497//563 499//563 505//563
f 491//556 492//556 506//556
f 486//556 487//556 507//556
f 502//564 503//564 508//564
f 499//565 498//565 505//565
f 489//556 488//556 507//556
f 500//566 501//566 508//566
f 485//567 507//567 508//567
f 494//556 495//556 506//556
f 509//568 508//568 507//568
f 507//569 510//569 509//569
f 511//570 510//570 507//570
f 509//571 510//571 512//571
f 512//572 513//572 509//572
f 510//514 511//514 514//514
f 514//514 512//514 510//514
f 515//573 516//573 517//573
f 516//574 518//574 519//574
f 518//575 520//575 521//575
f 520//576 522//576 523//576
f 522//577 524//577 525//577
f 515//578 526//578 512//578
f 512//578 514//578 515//578
f 525//579 523//579 522//579
f 523//576 521//576 520//576
f 521//575 519//575 518//575
f 519//574 517//574 516//574
f 517//573 526//573 515//573
f 507//580 506//580 527//580
f 527//580 511//580 507//580
f 528//521 529//521 527//521
f 527//521 506//521 528//521
f 521//581 523//581 530//581
f 519//582 521//582 531//582
f 517//583 519//583 532//583
f 526//584 517//584 533//584
f 523//585 525//585 534//585
f 526//586 535//586 513//586
f 513//587 512//587 526//587
f 534//588 530//588 523//588
f 533//584 535//584 526//584
f 532//583 533//583 517//583
f 531//582 532//582 519//582
f 530//581 531//581 521//581
f 524//589 536//589 537//589
f 537//590 525//590 524//590
f 534//591 537//591 538//591
f 534//592 525//592 537//592
f 538//593 539//593 534//593
f 540//594 538//594 537//594
f 537//595 536//595 541//595
f 537//596 541//596 540//596
f 542//597 528//597 506//597
f 506//598 505//598 542//598
f 543//599 544//599 545//599
f 544//600 546//600 547//600
f 546//601 548//601 549//601
f 548//602 550//602 551//602
f 550//603 529//603 528//603
f 552//604 543//604 553//604
f 553//604 554//604 552//604
f 528//603 551//603 550//603
f 551//602 549//602 548//602
f 549//601 547//601 546//601
f 547//600 545//600 544//600
f 545//599 553//599 543//599
f 511//605 527//605 529//605
f 555//606 541//606 536//606
f 524//607 556//607 557//607
f 529//605 514//605 511//605
f 522//608 558//608 556//608
f 557//609 555//609 524//609
f 552//610 559//610 560//610
f 559//611 552//611 561//611
f 550//612 515//612 514//612
f 548//613 562//613 518//613
f 520//614 562//614 558//614
f 536//615 524//615 555//615
f 561//616 563//616 559//616
f 543//617 552//617 564//617
f 544//618 565//618 566//618
f 544//619 543//619 567//619
f 550//605 516//605 515//605
f 562//620 520//620 518//620
f 556//621 524//621 522//621
f 564//622 567//622 543//622
f 567//623 565//623 544//623
f 546//605 568//605 569//605
f 546//605 544//605 570//605
f 548//605 571//605 572//605
f 548//605 546//605 573//605
f 529//624 550//624 514//624
f 558//625 522//625 520//625
f 566//626 570//626 544//626
f 570//627 568//627 546//627
f 573//605 571//605 548//605
f 518//605 516//605 548//605
f 569//605 573//605 546//605
f 550//605 548//605 516//605
f 572//605 562//605 548//605
f 560//628 564//628 552//628
f 552//629 554//629 574//629
f 574//630 561//630 552//630
f 549//631 551//631 575//631
f 547//632 549//632 576//632
f 545//633 547//633 577//633
f 553//634 545//634 578//634
f 551//635 528//635 542//635
f 553//636 579//636 580//636
f 580//637 554//637 553//637
f 542//638 575//638 551//638
f 578//634 579//634 553//634
f 577//633 578//633 545//633
f 576//632 577//632 547//632
f 575//631 576//631 549//631
f 580//639 581//639 582//639
f 582//640 574//640 580//640
f 574//641 554//641 580//641
f 583//642 563//642 574//642
f 574//643 582//643 583//643
f 563//644 561//644 574//644
f 584//645 555//645 557//645
f 557//646 585//646 584//646
f 586//647 557//647 556//647
f 556//648 587//648 586//648
f 558//649 588//649 589//649
f 589//650 556//650 558//650
f 562//651 590//651 591//651
f 591//652 558//652 562//652
f 572//653 592//653 593//653
f 593//654 562//654 572//654
f 571//655 594//655 595//655
f 595//656 572//656 571//656
f 573//657 596//657 597//657
f 597//658 571//658 573//658
f 569//659 598//659 599//659
f 599//660 573//660 569//660
f 568//661 600//661 601//661
f 601//662 569//662 568//662
f 570//663 602//663 603//663
f 603//664 568//664 570//664
f 566//665 604//665 605//665
f 605//666 570//666 566//666
f 565//667 606//667 607//667
f 607//668 566//668 565//668
f 567//669 608//669 609//669
f 609//670 565//670 567//670
f 564//671 610//671 611//671
f 611//672 567//672 564//672
f 560//673 612//673 613//673
f 613//674 564//674 560//674
f 559//675 614//675 615//675
f 615//676 560//676 559//676
f 614//677 559//677 563//677
f 616//678 540//678 541//678
f 541//679 555//679 616//679
f 563//680 583//680 614//680
f 615//681 612//681 560//681
f 613//682 610//682 564//682
f 611//683 608//683 567//683
f 609//684 606//684 565//684
f 607//685 604//685 566//685
f 605//686 602//686 570//686
f 603//687 600//687 568//687
f 601//688 598//688 569//688
f 599//689 596//689 573//689
f 597//690 594//690 571//690
f 595//691 592//691 572//691
f 593//692 590//692 562//692
f 591//693 588//693 558//693
f 589//694 587//694 556//694
f 586//695 585//695 557//695
f 584//696 616//696 555//696
f 617//697 583//697 582//697
f 582//698 581//698 617//698
f 617//699 618//699 583//699
f 619//700 539//700 538//700
f 540//701 620//701 619//701
f 538//702 540//702 619//702
f 621//703 622//703 623//703
f 624//704 625//704 622//704
f 622//704 621//704 624//704
f 623//705 626//705 627//705
f 626//706 628//706 627//706
f 626//707 629//707 630//707
f 629//708 631//708 630//708
f 629//709 632//709 633//709
f 632//710 634//710 633//710
f 632//711 635//711 636//711
f 635//712 637//712 636//712
f 635//713 638//713 639//713
f 638//714 640//714 639//714
f 638//715 641//715 642//715
f 641//716 643//716 642//716
f 641//717 644//717 645//717
f 644//718 646//718 645//718
f 644//719 647//719 648//719
f 647//720 649//720 648//720
f 647//721 650//721 651//721
f 650//722 652//722 651//722
f 650//723 653//723 654//723
f 653//724 655//724 654//724
f 653//725 656//725 657//725
f 656//726 658//726 657//726
f 656//727 659//727 660//727
f 659//728 661//728 660//728
f 659//729 662//729 663//729
f 662//730 664//730 663//730
f 662//731 665//731 666//731
f 665//732 667//732 666//732
f 665//733 668//733 669//733
f 668//734 670//734 669//734
f 668//735 671//735 672//735
f 671//736 673//736 672//736
f 671//737 674//737 675//737
f 674//738 676//738 675//738
f 674//739 677//739 678//739
f 677//740 679//740 678//740
f 680//741 681//741 682//741
f 682//742 677//742 680//742
f 680//743 683//743 681//743
f 683//744 680//744 619//744
f 617//745 625//745 684//745
f 625//746 624//746 684//746
f 684//747 618//747 617//747
f 619//748 620//748 683//748
f 682//749 679//749 677//749
f 678//750 676//750 674//750
f 675//751 673//751 671//751
f 672//752 670//752 668//752
f 669//753 667//753 665//753
f 666//754 664//754 662//754
f 663//755 661//755 659//755
f 660//756 658//756 656//756
f 657//757 655//757 653//757
f 654//758 652//758 650//758
f 651//759 649//759 647//759
f 648//760 646//760 644//760
f 645//761 643//761 641//761
f 642//762 640//762 638//762
f 639//763 637//763 635//763
f 636//764 634//764 632//764
f 633//765 631//765 629//765
f 630//766 628//766 626//766
f 627//767 685//767 623//767
f 623//768 685//768 621//768
f 584//769 585//769 686//769
f 687//770 686//770 585//770
f 585//771 586//771 687//771
f 586//772 587//772 688//772
f 587//773 689//773 688//773
f 688//774 687//774 586//774
f 589//775 588//775 690//775
f 588//776 691//776 690//776
f 690//777 689//777 589//777
f 591//778 590//778 692//778
f 590//779 693//779 692//779
f 692//780 691//780 591//780
f 593//781 592//781 694//781
f 592//782 695//782 694//782
f 694//783 693//783 593//783
f 595//784 594//784 696//784
f 594//785 697//785 696//785
f 696//786 695//786 595//786
f 597//787 596//787 698//787
f 596//788 699//788 698//788
f 698//789 697//789 597//789
f 599//790 598//790 700//790
f 598//791 701//791 700//791
f 700//792 699//792 599//792
f 702//793 703//793 600//793
f 601//794 600//794 703//794
f 703//795 701//795 601//795
f 704//796 705//796 602//796
f 603//797 602//797 705//797
f 705//798 702//798 603//798
f 706//799 707//799 604//799
f 605//800 604//800 707//800
f 707//801 704//801 605//801
f 708//802 709//802 606//802
f 607//803 606//803 709//803
f 709//804 706//804 607//804
f 710//805 711//805 608//805
f 609//806 608//806 711//806
f 711//807 708//807 609//807
f 712//808 713//808 610//808
f 611//809 610//809 713//809
f 713//810 710//810 611//810
f 613//811 612//811 714//811
f 715//812 714//812 612//812
f 612//813 615//813 715//813
f 627//814 716//814 717//814
f 718//815 621//815 685//815
f 685//816 717//816 718//816
f 630//817 719//817 720//817
f 716//818 627//818 628//818
f 628//819 720//819 716//819
f 719//820 630//820 631//820
f 633//821 721//821 722//821
f 722//822 631//822 633//822
f 636//823 723//823 724//823
f 721//824 633//824 634//824
f 634//825 724//825 721//825
f 723//826 636//826 637//826
f 639//827 725//827 726//827
f 726//828 637//828 639//828
f 642//829 727//829 728//829
f 725//830 639//830 640//830
f 640//831 728//831 725//831
f 727//832 642//832 643//832
f 645//833 729//833 730//833
f 730//834 643//834 645//834
f 729//835 645//835 646//835
f 648//836 731//836 732//836
f 732//837 646//837 648//837
f 731//838 648//838 649//838
f 651//839 733//839 734//839
f 734//840 649//840 651//840
f 733//841 651//841 652//841
f 654//842 735//842 736//842
f 736//843 652//843 654//843
f 735//844 654//844 655//844
f 657//845 737//845 738//845
f 738//846 655//846 657//846
f 737//847 657//847 658//847
f 660//848 739//848 740//848
f 740//849 658//849 660//849
f 739//850 660//850 661//850
f 663//851 741//851 742//851
f 742//852 661//852 663//852
f 741//853 663//853 664//853
f 666//854 743//854 744//854
f 744//855 664//855 666//855
f 743//856 666//856 667//856
f 669//857 745//857 746//857
f 746//858 667//858 669//858
f 745//859 669//859 670//859
f 672//860 747//860 748//860
f 748//861 670//861 672//861
f 747//862 672//862 673//862
f 675//863 749//863 750//863
f 750//864 673//864 675//864
f 749//865 675//865 676//865
f 678//866 751//866 752//866
f 752//867 676//867 678//867
f 753//868 751//868 679//868
f 753//869 682//869 681//869
f 681//870 754//870 753//870
f 751//871 678//871 679//871
f 616//872 755//872 620//872
f 620//873 540//873 616//873
f 620//874 755//874 756//874
f 756//875 683//875 620//875
f 754//876 681//876 683//876
f 756//877 754//877 683//877
f 757//878 758//878 618//878
f 618//879 684//879 757//879
f 615//880 614//880 618//880
f 618//881 715//881 615//881
f 614//882 583//882 618//882
f 621//883 718//883 759//883
f 757//884 684//884 624//884
f 624//885 759//885 757//885
f 759//886 624//886 621//886
f 758//887 715//887 618//887
f 616//888 584//888 755//888
f 679//889 682//889 753//889
f 676//890 752//890 749//890
f 673//891 750//891 747//891
f 670//892 748//892 745//892
f 667//893 746//893 743//893
f 664//894 744//894 741//894
f 661//895 742//895 739//895
f 658//896 740//896 737//896
f 655//897 738//897 735//897
f 652//898 736//898 733//898
f 649//899 734//899 731//899
f 646//900 732//900 729//900
f 643//901 730//901 727//901
f 728//902 640//902 642//902
f 637//903 726//903 723//903
f 724//904 634//904 636//904
f 631//905 722//905 719//905
f 720//906 628//906 630//906
f 717//907 685//907 627//907
f 714//908 712//908 613//908
f 610//909 613//909 712//909
f 608//910 611//910 710//910
f 606//911 609//911 708//911
f 604//912 607//912 706//912
f 602//913 605//913 704//913
f 600//914 603//914 702//914
f 598//915 601//915 701//915
f 596//916 599//916 699//916
f 594//917 597//917 697//917
f 592//918 595//918 695//918
f 590//919 593//919 693//919
f 588//920 591//920 691//920
f 587//921 589//921 689//921
f 686//922 755//922 584//922
f 752//923 751//923 760//923
f 751//924 753//924 761//924
f 761//924 760//924 751//924
f 750//925 749//925 762//925
f 749//926 752//926 763//926
f 763//926 762//926 749//926
f 748//927 747//927 764//927
f 747//928 750//928 765//928
f 765//928 764//928 747//928
f 746//929 745//929 766//929
f 745//930 748//930 767//930
f 767//930 766//930 745//930
f 744//931 743//931 768//931
f 743//932 746//932 769//932
f 769//932 768//932 743//932
f 742//933 741//933 770//933
f 741//934 744//934 771//934
f 771//934 770//934 741//934
f 740//935 739//935 772//935
f 739//936 742//936 773//936
f 773//936 772//936 739//936
f 738//937 737//937 774//937
f 737//938 740//938 775//938
f 775//938 774//938 737//938
f 736//939 735//939 776//939
f 735//940 738//940 777//940
f 777//940 776//940 735//940
f 734//941 733//941 778//941
f 733//942 736//942 779//942
f 779//942 778//942 733//942
f 732//943 731//943 780//943
f 731//944 734//944 781//944
f 781//944 780//944 731//944
f 730//945 729//945 782//945
f 729//946 732//946 783//946
f 783//946 782//946 729//946
f 728//947 727//947 784//947
f 727//948 730//948 785//948
f 785//948 784//948 727//948
f 726//949 725//949 786//949
f 725//950 728//950 787//950
f 787//950 786//950 725//950
f 724//951 723//951 788//951
f 723//952 726//952 789//952
f 789//952 788//952 723//952
f 722//953 721//953 790//953
f 721//954 724//954 791//954
f 791//954 790//954 721//954
f 720//955 719//955 792//955
f 719//956 722//956 793//956
f 793//956 792//956 719//956
f 717//957 716//957 794//957
f 716//958 720//958 795//958
f 795//958 794//958 716//958
f 759//959 718//959 796//959
f 717//960 797//960 796//960
f 796//960 718//960 717//960
f 757//961 798//961 799//961
f 759//962 800//962 798//962
f 798//962 757//962 759//962
f 715//963 801//963 802//963
f 758//964 799//964 801//964
f 801//964 715//964 758//964
f 712//965 803//965 804//965
f 714//966 802//966 803//966
f 803//966 712//966 714//966
f 710//967 805//967 806//967
f 713//968 804//968 805//968
f 805//968 710//968 713//968
f 708//969 807//969 808//969
f 711//970 806//970 807//970
f 807//970 708//970 711//970
f 706//971 809//971 810//971
f 709//972 808//972 809//972
f 809//972 706//972 709//972
f 704//973 811//973 812//973
f 707//974 810//974 811//974
f 811//974 704//974 707//974
f 702//975 813//975 814//975
f 705//976 812//976 813//976
f 813//976 702//976 705//976
f 701//977 815//977 816//977
f 703//978 814//978 815//978
f 815//978 701//978 703//978
f 699//979 817//979 818//979
f 700//980 816//980 817//980
f 817//980 699//980 700//980
f 697//981 819//981 820//981
f 698//982 818//982 819//982
f 819//982 697//982 698//982
f 695//983 821//983 822//983
f 696//984 820//984 821//984
f 821//984 695//984 696//984
f 693//985 823//985 824//985
f 694//986 822//986 823//986
f 823//986 693//986 694//986
f 691//987 825//987 826//987
f 692//988 824//988 825//988
f 825//988 691//988 692//988
f 689//989 827//989 828//989
f 690//990 826//990 827//990
f 827//990 689//990 690//990
f 687//991 829//991 830//991
f 688//992 828//992 829//992
f 829//992 687//992 688//992
f 755//993 831//993 832//993
f 686//994 830//994 831//994
f 831//994 755//994 686//994
f 754//995 833//995 761//995
f 756//996 832//996 833//996
f 833//996 754//996 756//996
f 761//997 753//997 754//997
f 832//993 756//993 755//993
f 830//991 686//991 687//991
f 828//989 688//989 689//989
f 826//987 690//987 691//987
f 824//985 692//985 693//985
f 822//983 694//983 695//983
f 820//981 696//981 697//981
f 818//979 698//979 699//979
f 816//977 700//977 701//977
f 814//975 703//975 702//975
f 812//973 705//973 704//973
f 810//971 707//971 706//971
f 808//969 709//969 708//969
f 806//967 711//967 710//967
f 804//965 713//965 712//965
f 802//963 714//963 715//963
f 799//961 758//961 757//961
f 796//959 800//959 759//959
f 794//957 797//957 717//957
f 792//955 795//955 720//955
f 790//953 793//953 722//953
f 788//951 791//951 724//951
f 786//949 789//949 726//949
f 784//947 787//947 728//947
f 782//945 785//945 730//945
f 780//943 783//943 732//943
f 778//941 781//941 734//941
f 776//939 779//939 736//939
f 774//937 777//937 738//937
f 772//935 775//935 740//935
f 770//933 773//933 742//933
f 768//931 771//931 744//931
f 766//929 769//929 746//929
f 764//927 767//927 748//927
f 762//925 765//925 750//925
f 760//923 763//923 752//923
f 834//998 835//998 797//998
f 836//999 796//999 797//999
f 797//999 835//999 836//999
f 837//1000 838//1000 795//1000
f 838//1001 834//1001 794//1001
f 794//1001 795//1001 838//1001
f 839//1002 840//1002 793//1002
f 840//1003 837//1003 792//1003
f 792//1003 793//1003 840//1003
f 841//1004 842//1004 791//1004
f 842//1005 839//1005 790//1005
f 790//1005 791//1005 842//1005
f 843//1006 844//1006 789//1006
f 844//1007 841//1007 788//1007
f 788//1007 789//1007 844//1007
f 845//1008 787//1008 784//1008
f 843//1009 786//1009 787//1009
f 787//1009 845//1009 843//1009
f 846//1010 847//1010 785//1010
f 848//1011 784//1011 785//1011
f 785//1011 847//1011 848//1011
f 849//1012 783//1012 780//1012
f 846//1013 782//1013 783//1013
f 783//1013 849//1013 846//1013
f 850//1014 851//1014 781//1014
f 851//1015 852//1015 780//1015
f 780//1015 781//1015 851//1015
f 853//1016 779//1016 776//1016
f 850//1017 778//1017 779//1017
f 779//1017 853//1017 850//1017
f 854//1018 855//1018 777//1018
f 855//1019 856//1019 776//1019
f 776//1019 777//1019 855//1019
f 857//1020 775//1020 772//1020
f 854//1021 774//1021 775//1021
f 775//1021 857//1021 854//1021
f 858//1022 859//1022 773//1022
f 859//1023 860//1023 772//1023
f 772//1023 773//1023 859//1023
f 861//1024 771//1024 768//1024
f 858//1025 770//1025 771//1025
f 771//1025 861//1025 858//1025
f 862//1026 769//1026 766//1026
f 863//1027 768//1027 769//1027
f 769//1027 862//1027 863//1027
f 864//1028 767//1028 764//1028
f 864//1029 865//1029 766//1029
f 766//1029 767//1029 864//1029
f 866//1030 765//1030 762//1030
f 866//1031 867//1031 764//1031
f 764//1031 765//1031 866//1031
f 868//1032 869//1032 763//1032
f 869//1033 870//1033 762//1033
f 762//1033 763//1033 869//1033
f 871//1034 761//1034 833//1034
f 871//1035 868//1035 760//1035
f 760//1035 761//1035 871//1035
f 872//1036 873//1036 832//1036
f 873//1037 874//1037 833//1037
f 833//1037 832//1037 873//1037
f 875//1038 830//1038 829//1038
f 872//1039 831//1039 830//1039
f 830//1039 875//1039 872//1039
f 876//1040 828//1040 827//1040
f 877//1041 829//1041 828//1041
f 828//1041 876//1041 877//1041
f 878//1042 879//1042 826//1042
f 879//1043 880//1043 827//1043
f 827//1043 826//1043 879//1043
f 881//1044 824//1044 823//1044
f 878//1045 825//1045 824//1045
f 824//1045 881//1045 878//1045
f 882//1046 883//1046 822//1046
f 883//1047 884//1047 823//1047
f 823//1047 822//1047 883//1047
f 885//1048 820//1048 819//1048
f 882//1049 821//1049 820//1049
f 820//1049 885//1049 882//1049
f 886//1050 887//1050 818//1050
f 887//1051 888//1051 819//1051
f 819//1051 818//1051 887//1051
f 889//1052 890//1052 816//1052
f 890//1053 886//1053 817//1053
f 817//1053 816//1053 890//1053
f 891//1054 814//1054 813//1054
f 889//1055 815//1055 814//1055
f 814//1055 891//1055 889//1055
f 892//1056 812//1056 811//1056
f 893//1057 813//1057 812//1057
f 812//1057 892//1057 893//1057
f 894//1058 810//1058 809//1058
f 895//1059 811//1059 810//1059
f 810//1059 894//1059 895//1059
f 896//1060 897//1060 808//1060
f 897//1061 898//1061 809//1061
f 809//1061 808//1061 897//1061
f 899//1062 900//1062 806//1062
f 896//1063 807//1063 806//1063
f 806//1063 900//1063 896//1063
f 901//1064 902//1064 804//1064
f 902//1065 899//1065 805//1065
f 805//1065 804//1065 902//1065
f 903//1066 802//1066 801//1066
f 901//1067 803//1067 802//1067
f 802//1067 903//1067 901//1067
f 904//1068 905//1068 799//1068
f 906//1069 801//1069 799//1069
f 799//1069 905//1069 906//1069
f 836//1070 907//1070 800//1070
f 907//1071 904//1071 798//1071
f 798//1071 800//1071 907//1071
f 800//1070 796//1070 836//1070
f 799//1068 798//1068 904//1068
f 801//1066 906//1066 903//1066
f 804//1064 803//1064 901//1064
f 806//1062 805//1062 899//1062
f 808//1060 807//1060 896//1060
f 809//1058 898//1058 894//1058
f 811//1056 895//1056 892//1056
f 813//1054 893//1054 891//1054
f 816//1052 815//1052 889//1052
f 818//1050 817//1050 886//1050
f 819//1048 888//1048 885//1048
f 822//1046 821//1046 882//1046
f 823//1044 884//1044 881//1044
f 826//1042 825//1042 878//1042
f 827//1040 880//1040 876//1040
f 829//1038 877//1038 875//1038
f 832//1036 831//1036 872//1036
f 833//1034 874//1034 871//1034
f 763//1032 760//1032 868//1032
f 762//1030 870//1030 866//1030
f 764//1028 867//1028 864//1028
f 766//1026 865//1026 862//1026
f 768//1024 863//1024 861//1024
f 773//1022 770//1022 858//1022
f 772//1020 860//1020 857//1020
f 777//1018 774//1018 854//1018
f 776//1016 856//1016 853//1016
f 781//1014 778//1014 850//1014
f 780//1012 852//1012 849//1012
f 785//1010 782//1010 846//1010
f 784//1008 848//1008 845//1008
f 789//1006 786//1006 843//1006
f 791//1004 788//1004 841//1004
f 793//1002 790//1002 839//1002
f 795//1000 792//1000 837//1000
f 797//998 794//998 834//998
f 908//1072 869//1072 868//1072
f 868//1073 909//1073 908//1073
f 908//1074 910//1074 870//1074
f 910//1075 866//1075 870//1075
f 910//1076 911//1076 867//1076
f 911//1077 864//1077 867//1077
f 911//1078 912//1078 865//1078
f 912//1079 862//1079 865//1079
f 912//1080 913//1080 863//1080
f 913//1081 861//1081 863//1081
f 913//1082 914//1082 858//1082
f 914//1083 859//1083 858//1083
f 914//1084 915//1084 860//1084
f 915//1085 857//1085 860//1085
f 915//1086 916//1086 854//1086
f 916//1087 855//1087 854//1087
f 916//1088 917//1088 856//1088
f 917//1089 853//1089 856//1089
f 917//1090 918//1090 850//1090
f 918//1091 851//1091 850//1091
f 918//1092 919//1092 852//1092
f 919//1093 849//1093 852//1093
f 919//1094 920//1094 846//1094
f 920//1095 847//1095 846//1095
f 920//1096 921//1096 848//1096
f 921//1097 845//1097 848//1097
f 921//1098 922//1098 843//1098
f 922//1099 844//1099 843//1099
f 922//1100 923//1100 841//1100
f 923//1101 842//1101 841//1101
f 923//1102 924//1102 839//1102
f 924//1103 840//1103 839//1103
f 924//1104 925//1104 837//1104
f 925//1105 838//1105 837//1105
f 925//1106 926//1106 834//1106
f 926//1107 835//1107 834//1107
f 907//1108 836//1108 927//1108
f 926//1109 927//1109 836//1109
f 836//1110 835//1110 926//1110
f 928//1111 905//1111 904//1111
f 904//1112 929//1112 928//1112
f 930//1113 903//1113 906//1113
f 906//1114 928//1114 930//1114
f 931//1115 902//1115 901//1115
f 901//1116 930//1116 931//1116
f 932//1117 900//1117 899//1117
f 899//1118 931//1118 932//1118
f 933//1119 897//1119 896//1119
f 896//1120 932//1120 933//1120
f 934//1121 894//1121 898//1121
f 898//1122 933//1122 934//1122
f 935//1123 892//1123 895//1123
f 895//1124 934//1124 935//1124
f 936//1125 891//1125 893//1125
f 893//1126 935//1126 936//1126
f 937//1127 890//1127 889//1127
f 889//1128 936//1128 937//1128
f 938//1129 887//1129 886//1129
f 886//1130 937//1130 938//1130
f 939//1131 885//1131 888//1131
f 888//1132 938//1132 939//1132
f 940//1133 883//1133 882//1133
f 882//1134 939//1134 940//1134
f 941//1135 881//1135 884//1135
f 884//1136 940//1136 941//1136
f 942//1137 879//1137 878//1137
f 878//1138 941//1138 942//1138
f 943//1139 876//1139 880//1139
f 880//1140 942//1140 943//1140
f 944//1141 875//1141 877//1141
f 877//1142 943//1142 944//1142
f 945//1143 873//1143 872//1143
f 872//1144 944//1144 945//1144
f 945//1145 909//1145 874//1145
f 909//1146 871//1146 874//1146
f 874//1147 873//1147 945//1147
f 872//1148 875//1148 944//1148
f 877//1149 876//1149 943//1149
f 880//1150 879//1150 942//1150
f 878//1151 881//1151 941//1151
f 884//1152 883//1152 940//1152
f 882//1153 885//1153 939//1153
f 888//1154 887//1154 938//1154
f 886//1155 890//1155 937//1155
f 889//1156 891//1156 936//1156
f 893//1157 892//1157 935//1157
f 895//1158 894//1158 934//1158
f 898//1159 897//1159 933//1159
f 896//1160 900//1160 932//1160
f 899//1161 902//1161 931//1161
f 901//1162 903//1162 930//1162
f 906//1163 905//1163 928//1163
f 904//1164 907//1164 929//1164
f 927//1165 929//1165 907//1165
f 834//1166 838//1166 925//1166
f 837//1167 840//1167 924//1167
f 839//1168 842//1168 923//1168
f 841//1169 844//1169 922//1169
f 843//1170 845//1170 921//1170
f 848//1171 847//1171 920//1171
f 846//1172 849//1172 919//1172
f 852//1173 851//1173 918//1173
f 850//1174 853//1174 917//1174
f 856//1175 855//1175 916//1175
f 854//1176 857//1176 915//1176
f 860//1177 859//1177 914//1177
f 858//1178 861//1178 913//1178
f 863//1179 862//1179 912//1179
f 865//1180 864//1180 911//1180
f 867//1181 866//1181 910//1181
f 870//1182 869//1182 908//1182
f 868//1183 871//1183 909//1183
f 909//1184 946//1184 947//1184
f 908//1185 947//1185 948//1185
f 910//1186 948//1186 949//1186
f 911//1187 949//1187 950//1187
f 912//1188 950//1188 951//1188
f 913//1189 951//1189 952//1189
f 915//1190 914//1190 953//1190
f 914//1191 952//1191 953//1191
f 915//1192 954//1192 955//1192
f 916//1193 955//1193 956//1193
f 917//1194 956//1194 957//1194
f 918//1195 957//1195 958//1195
f 919//1196 958//1196 959//1196
f 920//1197 959//1197 960//1197
f 921//1198 960//1198 961//1198
f 922//1199 961//1199 962//1199
f 923//1200 962//1200 963//1200
f 924//1201 963//1201 964//1201
f 925//1202 964//1202 965//1202
f 927//1203 966//1203 967//1203
f 927//960 926//960 965//960
f 965//960 966//960 927//960
f 929//1204 967//1204 968//1204
f 968//1205 928//1205 929//1205
f 928//1206 969//1206 970//1206
f 930//1207 970//1207 971//1207
f 931//1208 971//1208 972//1208
f 932//1209 972//1209 973//1209
f 933//1210 973//1210 974//1210
f 934//1211 974//1211 975//1211
f 935//1212 975//1212 976//1212
f 936//1213 976//1213 977//1213
f 937//1214 977//1214 978//1214
f 938//1215 978//1215 979//1215
f 939//1216 979//1216 980//1216
f 940//1217 980//1217 981//1217
f 941//1218 981//1218 982//1218
f 942//1219 982//1219 983//1219
f 943//1220 983//1220 984//1220
f 944//1221 984//1221 985//1221
f 945//1222 985//1222 946//1222
f 946//1223 909//1223 945//1223
f 985//1221 945//1221 944//1221
f 984//1220 944//1220 943//1220
f 983//1219 943//1219 942//1219
f 982//1218 942//1218 941//1218
f 981//1217 941//1217 940//1217
f 980//1216 940//1216 939//1216
f 979//1215 939//1215 938//1215
f 978//1214 938//1214 937//1214
f 977//1213 937//1213 936//1213
f 976//1212 936//1212 935//1212
f 975//1211 935//1211 934//1211
f 974//1210 934//1210 933//1210
f 973//1209 933//1209 932//1209
f 972//1208 932//1208 931//1208
f 971//1207 931//1207 930//1207
f 970//1206 930//1206 928//1206
f 968//1224 969//1224 928//1224
f 967//959 929//959 927//959
f 965//1202 926//1202 925//1202
f 964//1201 925//1201 924//1201
f 963//1200 924//1200 923//1200
f 962//1199 923//1199 922//1199
f 961//1198 922//1198 921//1198
f 960//1197 921//1197 920//1197
f 959//1196 920//1196 919//1196
f 958//1195 919//1195 918//1195
f 957//1194 918//1194 917//1194
f 956//1193 917//1193 916//1193
f 955//1192 916//1192 915//1192
f 953//1225 954//1225 915//1225
f 952//1189 914//1189 913//1189
f 951//1188 913//1188 912//1188
f 950//1187 912//1187 911//1187
f 949//1186 911//1186 910//1186
f 948//1185 910//1185 908//1185
f 947//1226 908//1226 909//1226
f 532//605 986//605 987//605
f 987//605 533//605 532//605
f 531//1227 530//1227 988//1227
f 989//1228 990//1228 674//1228
f 988//1229 986//1229 531//1229
f 530//1230 534//1230 991//1230
f 674//1231 671//1231 989//1231
f 991//1232 988//1232 530//1232
f 534//1233 539//1233 992//1233
f 671//1234 993//1234 989//1234
f 509//605 994//605 995//605
f 509//605 996//605 997//605
f 513//1235 998//1235 996//1235
f 535//1236 999//1236 998//1236
f 992//1237 991//1237 534//1237
f 1000//1238 539//1238 680//1238
f 505//605 647//605 644//605
f 671//1239 995//1239 993//1239
f 997//605 994//605 509//605
f 998//605 513//605 535//605
f 533//1240 987//1240 999//1240
f 539//1241 1000//1241 992//1241
f 680//1242 1001//1242 1002//1242
f 505//605 650//605 647//605
f 677//1243 674//1243 1003//1243
f 995//1244 671//1244 509//1244
f 999//1245 535//1245 533//1245
f 680//1246 1002//1246 1000//1246
f 505//605 653//605 650//605
f 1004//605 629//605 626//605
f 579//1247 1005//1247 1006//1247
f 578//1248 1007//1248 1005//1248
f 990//1249 1003//1249 674//1249
f 532//1250 531//1250 986//1250
f 505//605 656//605 653//605
f 505//1251 632//1251 1008//1251
f 1009//605 632//605 629//605
f 626//605 1010//605 1011//605
f 623//1252 1012//1252 1010//1252
f 622//1253 1013//1253 1012//1253
f 622//1254 625//1254 1014//1254
f 1015//1255 1016//1255 625//1255
f 580//1256 1006//1256 1017//1256
f 1005//1257 579//1257 578//1257
f 577//1258 576//1258 1018//1258
f 996//1259 509//1259 513//1259
f 680//1260 677//1260 1019//1260
f 505//605 641//605 638//605
f 505//605 659//605 656//605
f 632//605 1009//605 1008//605
f 626//605 1011//605 1004//605
f 1012//1261 623//1261 622//1261
f 625//1262 1016//1262 1014//1262
f 581//1263 1017//1263 1015//1263
f 1006//1264 580//1264 579//1264
f 1007//1265 578//1265 577//1265
f 1019//1266 1001//1266 680//1266
f 668//605 508//605 509//605
f 638//605 635//605 505//605
f 505//605 662//605 659//605
f 542//1267 505//1267 1020//1267
f 1008//1268 1021//1268 505//1268
f 1010//1269 626//1269 623//1269
f 625//1270 581//1270 1015//1270
f 1018//1271 1007//1271 577//1271
f 576//1272 575//1272 1022//1272
f 575//1273 542//1273 1023//1273
f 1003//1274 1024//1274 677//1274
f 509//605 671//605 668//605
f 644//605 641//605 505//605
f 505//605 508//605 665//605
f 505//1275 1025//1275 1020//1275
f 629//605 1004//605 1009//605
f 1017//1276 581//1276 580//1276
f 1023//1277 1022//1277 575//1277
f 668//605 665//605 508//605
f 665//605 662//605 505//605
f 1021//1278 1025//1278 505//1278
f 1022//1279 1018//1279 576//1279
f 635//605 632//605 505//605
f 1014//1280 1013//1280 622//1280
f 1024//1281 1019//1281 677//1281
f 625//1282 617//1282 581//1282
f 1020//1283 1023//1283 542//1283
f 539//1284 619//1284 680//1284
f 1019//1285 1024//1285 1026//1285
f 1024//1286 1003//1286 1027//1286
f 1003//1287 990//1287 1028//1287
f 990//1288 989//1288 1029//1288
f 989//1289 993//1289 1030//1289
f 993//1290 995//1290 1031//1290
f 995//1291 994//1291 1032//1291
f 994//1292 997//1292 1033//1292
f 997//1293 996//1293 1034//1293
f 996//1294 998//1294 1035//1294
f 998//1295 999//1295 1036//1295
f 999//1296 987//1296 1037//1296
f 987//1297 986//1297 1038//1297
f 986//1298 988//1298 1039//1298
f 988//1299 991//1299 1040//1299
f 991//1300 992//1300 1041//1300
f 992//1301 1000//1301 1042//1301
f 1000//1302 1002//1302 1043//1302
f 1002//1303 1001//1303 1044//1303
f 1001//1304 1019//1304 1045//1304
f 1045//1305 1044//1305 1001//1305
f 1044//1303 1043//1303 1002//1303
f 1043//1302 1042//1302 1000//1302
f 1042//1301 1041//1301 992//1301
f 1041//1300 1040//1300 991//1300
f 1040//1299 1039//1299 988//1299
f 1039//1298 1038//1298 986//1298
f 1038//1297 1037//1297 987//1297
f 1037//1296 1036//1296 999//1296
f 1036//1295 1035//1295 998//1295
f 1035//1294 1034//1294 996//1294
f 1034//1293 1033//1293 997//1293
f 1033//1292 1032//1292 994//1292
f 1032//1291 1031//1291 995//1291
f 1031//1290 1030//1290 993//1290
f 1030//1289 1029//1289 989//1289
f 1029//1288 1028//1288 990//1288
f 1028//1287 1027//1287 1003//1287
f 1027//1286 1026//1286 1024//1286
f 1026//1306 1045//1306 1019//1306
f 1023//1306 1020//1306 1046//1306
f 1020//1286 1025//1286 1047//1286
f 1025//1287 1021//1287 1048//1287
f 1021//1288 1008//1288 1049//1288
f 1008//1289 1009//1289 1050//1289
f 1009//1290 1004//1290 1051//1290
f 1004//1291 1011//1291 1052//1291
f 1011//1292 1010//1292 1053//1292
f 1010//1293 1012//1293 1054//1293
f 1012//1307 1013//1307 1055//1307
f 1013//1295 1014//1295 1056//1295
f 1014//1296 1016//1296 1057//1296
f 1016//1297 1015//1297 1058//1297
f 1015//1298 1017//1298 1059//1298
f 1017//1299 1006//1299 1060//1299
f 1006//1300 1005//1300 1061//1300
f 1005//1301 1007//1301 1062//1301
f 1007//1302 1018//1302 1063//1302
f 1018//1303 1022//1303 1064//1303
f 1022//1308 1023//1308 1065//1308
f 1065//1309 1064//1309 1022//1309
f 1064//1303 1063//1303 1018//1303
f 1063//1302 1062//1302 1007//1302
f 1062//1301 1061//1301 1005//1301
f 1061//1300 1060//1300 1006//1300
f 1060//1299 1059//1299 1017//1299
f 1059//1298 1058//1298 1015//1298
f 1058//1297 1057//1297 1016//1297
f 1057//1296 1056//1296 1014//1296
f 1056//1295 1055//1295 1013//1295
f 1055//1310 1054//1310 1012//1310
f 1054//1293 1053//1293 1010//1293
f 1053//1292 1052//1292 1011//1292
f 1052//1291 1051//1291 1004//1291
f 1051//1290 1050//1290 1009//1290
f 1050//1289 1049//1289 1008//1289
f 1049//1288 1048//1288 1021//1288
f 1048//1287 1047//1287 1025//1287
f 1047//1286 1046//1286 1020//1286
f 1046//1306 1065//1306 1023//1306
f 1066//1311 1067//1311 1035//1311
f 1068//1312 1066//1312 1036//1312
f 1069//1313 1068//1313 1037//1313
f 1070//1314 1069//1314 1038//1314
f 1071//1315 1070//1315 1039//1315
f 1072//1316 1071//1316 1040//1316
f 1073//1317 1072//1317 1041//1317
f 1074//1318 1073//1318 1042//1318
f 1075//1319 1074//1319 1043//1319
f 1076//1320 1075//1320 1044//1320
f 1077//1321 1076//1321 1045//1321
f 1078//1322 1077//1322 1026//1322
f 1079//1323 1078//1323 1027//1323
f 1080//1324 1079//1324 1028//1324
f 1081//1325 1080//1325 1029//1325
f 1082//1326 1081//1326 1030//1326
f 1083//1327 1082//1327 1031//1327
f 1084//1328 1083//1328 1032//1328
f 1085//1329 1084//1329 1033//1329
f 1067//1330 1085//1330 1034//1330
f 1034//1330 1035//1330 1067//1330
f 1033//1329 1034//1329 1085//1329
f 1032//1328 1033//1328 1084//1328
f 1031//1327 1032//1327 1083//1327
f 1030//1326 1031//1326 1082//1326
f 1029//1325 1030//1325 1081//1325
f 1028//1324 1029//1324 1080//1324
f 1027//1323 1028//1323 1079//1323
f 1026//1322 1027//1322 1078//1322
f 1045//1321 1026//1321 1077//1321
f 1044//1320 1045//1320 1076//1320
f 1043//1319 1044//1319 1075//1319
f 1042//1318 1043//1318 1074//1318
f 1041//1317 1042//1317 1073//1317
f 1040//1316 1041//1316 1072//1316
f 1039//1315 1040//1315 1071//1315
f 1038//1314 1039//1314 1070//1314
f 1037//1313 1038//1313 1069//1313
f 1036//1312 1037//1312 1068//1312
f 1035//1311 1036//1311 1066//1311
f 1086//1311 1087//1311 1055//1311
f 1088//1312 1086//1312 1056//1312
f 1089//1313 1088//1313 1057//1313
f 1090//1314 1089//1314 1058//1314
f 1091//1315 1090//1315 1059//1315
f 1092//1316 1091//1316 1060//1316
f 1093//1317 1092//1317 1061//1317
f 1094//1318 1093//1318 1062//1318
f 1095//1319 1094//1319 1063//1319
f 1096//1331 1095//1331 1064//1331
f 1097//1321 1096//1321 1065//1321
f 1098//1322 1097//1322 1046//1322
f 1099//1323 1098//1323 1047//1323
f 1100//1324 1099//1324 1048//1324
f 1101//1325 1100//1325 1049//1325
f 1102//1326 1101//1326 1050//1326
f 1103//1327 1102//1327 1051//1327
f 1104//1328 1103//1328 1052//1328
f 1105//1329 1104//1329 1053//1329
f 1087//1330 1105//1330 1054//1330
f 1054//1330 1055//1330 1087//1330
f 1053//1329 1054//1329 1105//1329
f 1052//1328 1053//1328 1104//1328
f 1051//1327 1052//1327 1103//1327
f 1050//1326 1051//1326 1102//1326
f 1049//1325 1050//1325 1101//1325
f 1048//1324 1049//1324 1100//1324
f 1047//1323 1048//1323 1099//1323
f 1046//1322 1047//1322 1098//1322
f 1065//1321 1046//1321 1097//1321
f 1064//1320 1065//1320 1096//1320
f 1063//1319 1064//1319 1095//1319
f 1062//1318 1063//1318 1094//1318
f 1061//1317 1062//1317 1093//1317
f 1060//1316 1061//1316 1092//1316
f 1059//1315 1060//1315 1091//1315
f 1058//1314 1059//1314 1090//1314
f 1057//1313 1058//1313 1089//1313
f 1056//1312 1057//1312 1088//1312
f 1055//1311 1056//1311 1086//1311
f 1106//1332 1107//1332 1085//1332
f 1107//1333 1108//1333 1084//1333
f 1108//1334 1109//1334 1083//1334
f 1109//1335 1110//1335 1082//1335
f 1110//1336 1111//1336 1081//1336
f 1111//1337 1112//1337 1080//1337
f 1112//1338 1113//1338 1079//1338
f 1113//1339 1114//1339 1078//1339
f 1114//1340 1115//1340 1077//1340
f 1115//1341 1116//1341 1076//1341
f 1116//1342 1117//1342 1075//1342
f 1117//1343 1118//1343 1074//1343
f 1118//1344 1119//1344 1073//1344
f 1119//1345 1120//1345 1072//1345
f 1120//1346 1121//1346 1071//1346
f 1121//1347 1122//1347 1070//1347
f 1122//1348 1123//1348 1069//1348
f 1123//1349 1124//1349 1068//1349
f 1124//1350 1125//1350 1066//1350
f 1125//1351 1106//1351 1067//1351
f 1067//1351 1066//1351 1125//1351
f 1066//1350 1068//1350 1124//1350
f 1068//1349 1069//1349 1123//1349
f 1069//1348 1070//1348 1122//1348
f 1070//1347 1071//1347 1121//1347
f 1071//1346 1072//1346 1120//1346
f 1072//1345 1073//1345 1119//1345
f 1073//1344 1074//1344 1118//1344
f 1074//1343 1075//1343 1117//1343
f 1075//1342 1076//1342 1116//1342
f 1076//1341 1077//1341 1115//1341
f 1077//1340 1078//1340 1114//1340
f 1078//1339 1079//1339 1113//1339
f 1079//1338 1080//1338 1112//1338
f 1080//1337 1081//1337 1111//1337
f 1081//1336 1082//1336 1110//1336
f 1082//1335 1083//1335 1109//1335
f 1083//1334 1084//1334 1108//1334
f 1084//1333 1085//1333 1107//1333
f 1085//1332 1067//1332 1106//1332
f 1126//1352 1127//1352 1105//1352
f 1127//1333 1128//1333 1104//1333
f 1128//1334 1129//1334 1103//1334
f 1129//1335 1130//1335 1102//1335
f 1130//1336 1131//1336 1101//1336
f 1131//1337 1132//1337 1100//1337
f 1132//1338 1133//1338 1099//1338
f 1133//1339 1134//1339 1098//1339
f 1134//1340 1135//1340 1097//1340
f 1135//1341 1136//1341 1096//1341
f 1136//1342 1137//1342 1095//1342
f 1137//1343 1138//1343 1094//1343
f 1138//1344 1139//1344 1093//1344
f 1139//1345 1140//1345 1092//1345
f 1140//1346 1141//1346 1091//1346
f 1141//1347 1142//1347 1090//1347
f 1142//1348 1143//1348 1089//1348
f 1143//1349 1144//1349 1088//1349
f 1144//1350 1145//1350 1086//1350
f 1145//1351 1126//1351 1087//1351
f 1087//1351 1086//1351 1145//1351
f 1086//1350 1088//1350 1144//1350
f 1088//1349 1089//1349 1143//1349
f 1089//1348 1090//1348 1142//1348
f 1090//1347 1091//1347 1141//1347
f 1091//1346 1092//1346 1140//1346
f 1092//1345 1093//1345 1139//1345
f 1093//1344 1094//1344 1138//1344
f 1094//1343 1095//1343 1137//1343
f 1095//1353 1096//1353 1136//1353
f 1096//1341 1097//1341 1135//1341
f 1097//1340 1098//1340 1134//1340
f 1098//1339 1099//1339 1133//1339
f 1099//1338 1100//1338 1132//1338
f 1100//1337 1101//1337 1131//1337
f 1101//1336 1102//1336 1130//1336
f 1102//1335 1103//1335 1129//1335
f 1103//1334 1104//1334 1128//1334
f 1104//1333 1105//1333 1127//1333
f 1105//1352 1087//1352 1126//1352
f 1120//1354 1119//1354 1146//1354
f 1119//1355 1118//1355 1147//1355
f 1118//1356 1117//1356 1148//1356
f 1116//1357 1149//1357 1148//1357
f 1115//1358 1150//1358 1149//1358
f 1114//1359 1151//1359 1150//1359
f 1113//1360 1152//1360 1151//1360
f 1112//1361 1153//1361 1152//1361
f 1123//1362 1154//1362 1155//1362
f 1123//1363 1122//1363 1156//1363
f 1122//1364 1121//1364 1157//1364
f 1121//1365 1120//1365 1158//1365
f 1147//1366 1146//1366 1119//1366
f 1148//1367 1117//1367 1116//1367
f 1150//1368 1115//1368 1114//1368
f 1152//1369 1113//1369 1112//1369
f 1111//1370 1159//1370 1153//1370
f 1111//1371 1110//1371 1160//1371
f 1110//1372 1109//1372 1161//1372
f 1109//1373 1108//1373 1162//1373
f 1125//1374 1124//1374 1155//1374
f 1156//1363 1154//1363 1123//1363
f 1158//1375 1157//1375 1121//1375
f 1148//1356 1147//1356 1118//1356
f 1151//1376 1114//1376 1113//1376
f 1160//1377 1159//1377 1111//1377
f 1162//1373 1161//1373 1109//1373
f 1108//1378 1107//1378 1163//1378
f 1106//1379 1164//1379 1163//1379
f 1106//1380 1125//1380 1165//1380
f 1155//1381 1124//1381 1123//1381
f 1146//1382 1158//1382 1120//1382
f 1153//1383 1112//1383 1111//1383
f 1163//1384 1162//1384 1108//1384
f 1165//1385 1164//1385 1106//1385
f 1157//1364 1156//1364 1122//1364
f 1161//1372 1160//1372 1110//1372
f 1155//1374 1165//1374 1125//1374
f 1163//1386 1107//1386 1106//1386
f 1149//1387 1116//1387 1115//1387
f 1142//1388 1166//1388 1167//1388
f 1142//1389 1141//1389 1168//1389
f 1144//1390 1143//1390 1167//1390
f 1168//1389 1166//1389 1142//1389
f 1141//1391 1140//1391 1169//1391
f 1140//1392 1139//1392 1170//1392
f 1132//1393 1171//1393 1172//1393
f 1132//1394 1131//1394 1173//1394
f 1131//1395 1130//1395 1174//1395
f 1130//1396 1129//1396 1175//1396
f 1167//1388 1143//1388 1142//1388
f 1170//1397 1169//1397 1140//1397
f 1134//1398 1133//1398 1172//1398
f 1173//1394 1171//1394 1132//1394
f 1175//1399 1174//1399 1130//1399
f 1129//1400 1128//1400 1176//1400
f 1169//1401 1168//1401 1141//1401
f 1139//1402 1138//1402 1177//1402
f 1135//1403 1178//1403 1179//1403
f 1135//1404 1134//1404 1180//1404
f 1172//1405 1133//1405 1132//1405
f 1176//1406 1175//1406 1129//1406
f 1145//1407 1144//1407 1181//1407
f 1177//1402 1170//1402 1139//1402
f 1138//1408 1137//1408 1182//1408
f 1136//1409 1179//1409 1182//1409
f 1180//1410 1178//1410 1135//1410
f 1174//1395 1173//1395 1131//1395
f 1126//1411 1183//1411 1184//1411
f 1126//1412 1145//1412 1185//1412
f 1167//1390 1181//1390 1144//1390
f 1182//1413 1137//1413 1136//1413
f 1172//1414 1180//1414 1134//1414
f 1127//1415 1184//1415 1176//1415
f 1185//1416 1183//1416 1126//1416
f 1182//1408 1177//1408 1138//1408
f 1176//1417 1128//1417 1127//1417
f 1181//1418 1185//1418 1145//1418
f 1184//1419 1127//1419 1126//1419
f 1179//1420 1136//1420 1135//1420
f 1149//1306 1150//1306 1186//1306
f 1150//1286 1151//1286 1187//1286
f 1151//1287 1152//1287 1188//1287
f 1152//1288 1153//1288 1189//1288
f 1153//1289 1159//1289 1190//1289
f 1159//1290 1160//1290 1191//1290
f 1160//1291 1161//1291 1192//1291
f 1161//1292 1162//1292 1193//1292
f 1162//1293 1163//1293 1194//1293
f 1163//1294 1164//1294 1195//1294
f 1164//1295 1165//1295 1196//1295
f 1165//1296 1155//1296 1197//1296
f 1155//1297 1154//1297 1198//1297
f 1154//1298 1156//1298 1199//1298
f 1156//1299 1157//1299 1200//1299
f 1157//1300 1158//1300 1201//1300
f 1158//1301 1146//1301 1202//1301
f 1146//1302 1147//1302 1203//1302
f 1147//1303 1148//1303 1204//1303
f 1148//1305 1149//1305 1205//1305
f 1205//1309 1204//1309 1148//1309
f 1204//1303 1203//1303 1147//1303
f 1203//1302 1202//1302 1146//1302
f 1202//1301 1201//1301 1158//1301
f 1201//1300 1200//1300 1157//1300
f 1200//1299 1199//1299 1156//1299
f 1199//1298 1198//1298 1154//1298
f 1198//1297 1197//1297 1155//1297
f 1197//1296 1196//1296 1165//1296
f 1196//1295 1195//1295 1164//1295
f 1195//1294 1194//1294 1163//1294
f 1194//1293 1193//1293 1162//1293
f 1193//1292 1192//1292 1161//1292
f 1192//1291 1191//1291 1160//1291
f 1191//1290 1190//1290 1159//1290
f 1190//1289 1189//1289 1153//1289
f 1189//1288 1188//1288 1152//1288
f 1188//1287 1187//1287 1151//1287
f 1187//1286 1186//1286 1150//1286
f 1186//1306 1205//1306 1149//1306
f 1179//1306 1178//1306 1206//1306
f 1178//1286 1180//1286 1207//1286
f 1180//1287 1172//1287 1208//1287
f 1172//1288 1171//1288 1209//1288
f 1171//1289 1173//1289 1210//1289
f 1173//1290 1174//1290 1211//1290
f 1174//1291 1175//1291 1212//1291
f 1175//1292 1176//1292 1213//1292
f 1176//1293 1184//1293 1214//1293
f 1184//1294 1183//1294 1215//1294
f 1183//1295 1185//1295 1216//1295
f 1185//1296 1181//1296 1217//1296
f 1181//1297 1167//1297 1218//1297
f 1167//1298 1166//1298 1219//1298
f 1166//1299 1168//1299 1220//1299
f 1168//1300 1169//1300 1221//1300
f 1169//1301 1170//1301 1222//1301
f 1170//1302 1177//1302 1223//1302
f 1177//1303 1182//1303 1224//1303
f 1182//1309 1179//1309 1225//1309
f 1225//1309 1224//1309 1182//1309
f 1224//1303 1223//1303 1177//1303
f 1223//1302 1222//1302 1170//1302
f 1222//1301 1221//1301 1169//1301
f 1221//1300 1220//1300 1168//1300
f 1220//1299 1219//1299 1166//1299
f 1219//1298 1218//1298 1167//1298
f 1218//1297 1217//1297 1181//1297
f 1217//1296 1216//1296 1185//1296
f 1216//1295 1215//1295 1183//1295
f 1215//1294 1214//1294 1184//1294
f 1214//1293 1213//1293 1176//1293
f 1213//1292 1212//1292 1175//1292
f 1212//1291 1211//1291 1174//1291
f 1211//1290 1210//1290 1173//1290
f 1210//1289 1209//1289 1171//1289
f 1209//1288 1208//1288 1172//1288
f 1208//1287 1207//1287 1180//1287
f 1207//1286 1206//1286 1178//1286
f 1206//1306 1225//1306 1179//1306
f 1226//1421 1227//1421 1192//1421
f 1227//1422 1228//1422 1191//1422
f 1229//1423 1204//1423 1205//1423
f 1229//1424 1230//1424 1203//1424
f 1230//1425 1231//1425 1202//1425
f 1231//1426 1232//1426 1201//1426
f 1233//1427 1226//1427 1193//1427
f 1191//1422 1192//1422 1227//1422
f 1203//1424 1204//1424 1229//1424
f 1201//1428 1202//1428 1231//1428
f 1192//1429 1193//1429 1226//1429
f 1234//1430 1190//1430 1191//1430
f 1235//1431 1236//1431 1188//1431
f 1236//1432 1237//1432 1187//1432
f 1237//1433 1238//1433 1186//1433
f 1238//1434 1239//1434 1205//1434
f 1202//1435 1203//1435 1230//1435
f 1240//1436 1200//1436 1201//1436
f 1241//1437 1242//1437 1198//1437
f 1242//1438 1243//1438 1197//1438
f 1191//1430 1228//1430 1234//1430
f 1234//1439 1235//1439 1189//1439
f 1187//1432 1188//1432 1236//1432
f 1205//1440 1186//1440 1238//1440
f 1201//1441 1232//1441 1240//1441
f 1240//1442 1241//1442 1199//1442
f 1197//1438 1198//1438 1242//1438
f 1243//1443 1244//1443 1196//1443
f 1189//1444 1190//1444 1234//1444
f 1186//1445 1187//1445 1237//1445
f 1199//1446 1200//1446 1240//1446
f 1196//1443 1197//1443 1243//1443
f 1233//1447 1194//1447 1195//1447
f 1188//1448 1189//1448 1235//1448
f 1198//1449 1199//1449 1241//1449
f 1245//1450 1195//1450 1196//1450
f 1193//1451 1194//1451 1233//1451
f 1196//1452 1244//1452 1245//1452
f 1205//1453 1239//1453 1229//1453
f 1195//1454 1245//1454 1233//1454
f 1246//1455 1209//1455 1210//1455
f 1247//1456 1208//1456 1209//1456
f 1248//1457 1249//1457 1212//1457
f 1249//1458 1250//1458 1211//1458
f 1250//1459 1251//1459 1210//1459
f 1209//1456 1246//1456 1247//1456
f 1252//1460 1253//1460 1219//1460
f 1253//1461 1254//1461 1218//1461
f 1211//1458 1212//1458 1249//1458
f 1210//1462 1251//1462 1246//1462
f 1255//1463 1252//1463 1220//1463
f 1218//1461 1219//1461 1253//1461
f 1210//1464 1211//1464 1250//1464
f 1256//1465 1207//1465 1208//1465
f 1219//1460 1220//1460 1252//1460
f 1257//1466 1217//1466 1218//1466
f 1257//1467 1258//1467 1216//1467
f 1259//1468 1215//1468 1216//1468
f 1260//1469 1248//1469 1213//1469
f 1208//1470 1247//1470 1256//1470
f 1261//1471 1206//1471 1207//1471
f 1261//1472 1262//1472 1225//1472
f 1263//1473 1264//1473 1222//1473
f 1264//1474 1255//1474 1221//1474
f 1218//1475 1254//1475 1257//1475
f 1216//1476 1258//1476 1259//1476
f 1212//1457 1213//1457 1248//1457
f 1225//1477 1206//1477 1261//1477
f 1265//1478 1224//1478 1225//1478
f 1265//1479 1263//1479 1223//1479
f 1221//1474 1222//1474 1264//1474
f 1216//1480 1217//1480 1257//1480
f 1260//1481 1214//1481 1215//1481
f 1207//1482 1256//1482 1261//1482
f 1223//1483 1224//1483 1265//1483
f 1220//1463 1221//1463 1255//1463
f 1213//1469 1214//1469 1260//1469
f 1222//1473 1223//1473 1263//1473
f 1225//1484 1262//1484 1265//1484
f 1215//1485 1259//1485 1260//1485
f 1229//1486 1239//1486 1266//1486
f 1230//1319 1229//1319 1267//1319
f 1231//1318 1230//1318 1268//1318
f 1232//1317 1231//1317 1269//1317
f 1240//1316 1232//1316 1270//1316
f 1241//1315 1240//1315 1271//1315
f 1242//1314 1241//1314 1272//1314
f 1243//1313 1242//1313 1273//1313
f 1244//1312 1243//1312 1274//1312
f 1245//1311 1244//1311 1275//1311
f 1233//1487 1245//1487 1276//1487
f 1226//1329 1233//1329 1277//1329
f 1227//1328 1226//1328 1278//1328
f 1228//1327 1227//1327 1279//1327
f 1234//1326 1228//1326 1280//1326
f 1235//1325 1234//1325 1281//1325
f 1236//1324 1235//1324 1282//1324
f 1237//1323 1236//1323 1283//1323
f 1238//1322 1237//1322 1284//1322
f 1239//1321 1238//1321 1285//1321
f 1285//1488 1266//1488 1239//1488
f 1284//1322 1285//1322 1238//1322
f 1283//1323 1284//1323 1237//1323
f 1282//1324 1283//1324 1236//1324
f 1281//1325 1282//1325 1235//1325
f 1280//1326 1281//1326 1234//1326
f 1279//1327 1280//1327 1228//1327
f 1278//1328 1279//1328 1227//1328
f 1277//1329 1278//1329 1226//1329
f 1276//1330 1277//1330 1233//1330
f 1275//1311 1276//1311 1245//1311
f 1274//1312 1275//1312 1244//1312
f 1273//1313 1274//1313 1243//1313
f 1272//1314 1273//1314 1242//1314
f 1271//1315 1272//1315 1241//1315
f 1270//1316 1271//1316 1240//1316
f 1269//1317 1270//1317 1232//1317
f 1268//1318 1269//1318 1231//1318
f 1267//1319 1268//1319 1230//1319
f 1266//1320 1267//1320 1229//1320
f 1286//1352 1287//1352 1277//1352
f 1287//1333 1288//1333 1278//1333
f 1288//1334 1289//1334 1279//1334
f 1289//1335 1290//1335 1280//1335
f 1290//1336 1291//1336 1281//1336
f 1291//1337 1292//1337 1282//1337
f 1292//1338 1293//1338 1283//1338
f 1293//1339 1294//1339 1284//1339
f 1294//1340 1295//1340 1285//1340
f 1295//1341 1296//1341 1266//1341
f 1296//1353 1297//1353 1267//1353
f 1297//1343 1298//1343 1268//1343
f 1298//1344 1299//1344 1269//1344
f 1299//1345 1300//1345 1270//1345
f 1300//1346 1301//1346 1271//1346
f 1301//1347 1302//1347 1272//1347
f 1302//1348 1303//1348 1273//1348
f 1303//1349 1304//1349 1274//1349
f 1304//1350 1305//1350 1275//1350
f 1305//1351 1286//1351 1276//1351
f 1276//1351 1275//1351 1305//1351
f 1275//1350 1274//1350 1304//1350
f 1274//1349 1273//1349 1303//1349
f 1273//1348 1272//1348 1302//1348
f 1272//1347 1271//1347 1301//1347
f 1271//1346 1270//1346 1300//1346
f 1270//1345 1269//1345 1299//1345
f 1269//1344 1268//1344 1298//1344
f 1268//1343 1267//1343 1297//1343
f 1267//1342 1266//1342 1296//1342
f 1266//1341 1285//1341 1295//1341
f 1285//1340 1284//1340 1294//1340
f 1284//1339 1283//1339 1293//1339
f 1283//1338 1282//1338 1292//1338
f 1282//1337 1281//1337 1291//1337
f 1281//1336 1280//1336 1290//1336
f 1280//1335 1279//1335 1289//1335
f 1279//1334 1278//1334 1288//1334
f 1278//1333 1277//1333 1287//1333
f 1277//1332 1276//1332 1286//1332
f 1265//1489 1262//1489 1306//1489
f 1263//1319 1265//1319 1307//1319
f 1264//1318 1263//1318 1308//1318
f 1255//1317 1264//1317 1309//1317
f 1252//1316 1255//1316 1310//1316
f 1253//1315 1252//1315 1311//1315
f 1254//1314 1253//1314 1312//1314
f 1257//1313 1254//1313 1313//1313
f 1258//1312 1257//1312 1314//1312
f 1259//1311 1258//1311 1315//1311
f 1260//1487 1259//1487 1316//1487
f 1248//1329 1260//1329 1317//1329
f 1249//1328 1248//1328 1318//1328
f 1250//1327 1249//1327 1319//1327
f 1251//1326 1250//1326 1320//1326
f 1246//1325 1251//1325 1321//1325
f 1247//1324 1246//1324 1322//1324
f 1256//1323 1247//1323 1323//1323
f 1261//1322 1256//1322 1324//1322
f 1262//1321 1261//1321 1325//1321
f 1325//1490 1306//1490 1262//1490
f 1324//1322 1325//1322 1261//1322
f 1323//1323 1324//1323 1256//1323
f 1322//1324 1323//1324 1247//1324
f 1321//1325 1322//1325 1246//1325
f 1320//1326 1321//1326 1251//1326
f 1319//1327 1320//1327 1250//1327
f 1318//1328 1319//1328 1249//1328
f 1317//1329 1318//1329 1248//1329
f 1316//1330 1317//1330 1260//1330
f 1315//1311 1316//1311 1259//1311
f 1314//1312 1315//1312 1258//1312
f 1313//1313 1314//1313 1257//1313
f 1312//1314 1313//1314 1254//1314
f 1311//1315 1312//1315 1253//1315
f 1310//1316 1311//1316 1252//1316
f 1309//1317 1310//1317 1255//1317
f 1308//1318 1309//1318 1264//1318
f 1307//1319 1308//1319 1263//1319
f 1306//1320 1307//1320 1265//1320
f 1326//1491 1327//1491 1317//1491
f 1327//1333 1328//1333 1318//1333
f 1328//1334 1329//1334 1319//1334
f 1329//1335 1330//1335 1320//1335
f 1330//1336 1331//1336 1321//1336
f 1331//1337 1332//1337 1322//1337
f 1332//1338 1333//1338 1323//1338
f 1333//1339 1334//1339 1324//1339
f 1334//1340 1335//1340 1325//1340
f 1335//1492 1336//1492 1306//1492
f 1336//1493 1337//1493 1307//1493
f 1337//1343 1338//1343 1308//1343
f 1338//1344 1339//1344 1309//1344
f 1339//1345 1340//1345 1310//1345
f 1340//1346 1341//1346 1311//1346
f 1341//1347 1342//1347 1312//1347
f 1342//1348 1343//1348 1313//1348
f 1343//1349 1344//1349 1314//1349
f 1344//1350 1345//1350 1315//1350
f 1345//1494 1326//1494 1316//1494
f 1316//1351 1315//1351 1345//1351
f 1315//1350 1314//1350 1344//1350
f 1314//1349 1313//1349 1343//1349
f 1313//1348 1312//1348 1342//1348
f 1312//1347 1311//1347 1341//1347
f 1311//1346 1310//1346 1340//1346
f 1310//1345 1309//1345 1339//1345
f 1309//1344 1308//1344 1338//1344
f 1308//1343 1307//1343 1337//1343
f 1307//1353 1306//1353 1336//1353
f 1306//1341 1325//1341 1335//1341
f 1325//1340 1324//1340 1334//1340
f 1324//1339 1323//1339 1333//1339
f 1323//1338 1322//1338 1332//1338
f 1322//1337 1321//1337 1331//1337
f 1321//1336 1320//1336 1330//1336
f 1320//1335 1319//1335 1329//1335
f 1319//1334 1318//1334 1328//1334
f 1318//1333 1317//1333 1327//1333
f 1317//1332 1316//1332 1326//1332
f 1346//1495 983//1495 982//1495
f 1346//1495 984//1495 983//1495
f 982//1495 981//1495 1346//1495
f 980//1495 1347//1495 1348//1495
f 1349//1496 1350//1496 1351//1496
f 1350//1497 1352//1497 1353//1497
f 980//1495 1354//1495 1347//1495
f 1351//1495 980//1495 1349//1495
f 1349//1498 978//1498 977//1498
f 1349//1495 980//1495 979//1495
f 1350//1499 1355//1499 1356//1499
f 1353//1495 1357//1495 1350//1495
f 1351//1495 1354//1495 980//1495
f 979//1495 978//1495 1349//1495
f 1358//1500 976//1500 975//1500
f 1357//1501 1355//1501 1350//1501
f 977//1495 1358//1495 1349//1495
f 1358//1502 977//1502 976//1502
f 1359//1503 974//1503 973//1503
f 1353//1504 1360//1504 1361//1504
f 1356//1505 1351//1505 1350//1505
f 975//1495 1359//1495 1358//1495
f 1359//1506 975//1506 974//1506
f 1362//1507 973//1507 972//1507
f 1363//1508 972//1508 971//1508
f 1361//1509 968//1509 1353//1509
f 1352//1510 1364//1510 1353//1510
f 973//1511 1362//1511 1359//1511
f 971//1512 1365//1512 1363//1512
f 1366//1513 1367//1513 969//1513
f 1361//1514 1368//1514 968//1514
f 1364//1515 1369//1515 1353//1515
f 972//1516 1363//1516 1362//1516
f 971//1517 970//1517 1370//1517
f 969//1518 968//1518 1366//1518
f 1369//1519 1360//1519 1353//1519
f 971//1520 1371//1520 1365//1520
f 970//1521 1372//1521 1370//1521
f 1368//1522 1366//1522 968//1522
f 1370//1523 1371//1523 971//1523
f 970//1524 969//1524 1373//1524
f 1367//1525 1374//1525 969//1525
f 1373//1526 1372//1526 970//1526
f 1348//1495 1346//1495 980//1495
f 1334//1495 954//1495 1375//1495
f 954//1495 1376//1495 1375//1495
f 954//1495 1377//1495 1376//1495
f 954//1495 953//1495 1378//1495
f 1346//1527 1379//1527 1380//1527
f 1378//1495 1377//1495 954//1495
f 953//1495 1346//1495 1381//1495
f 1346//1495 1382//1495 1379//1495
f 953//1495 1383//1495 1378//1495
f 1380//1528 1381//1528 1346//1528
f 1353//1529 968//1529 1341//1529
f 964//1530 1329//1530 1328//1530
f 1332//1495 1331//1495 962//1495
f 1334//1495 956//1495 955//1495
f 1334//1495 1333//1495 957//1495
f 953//1495 1384//1495 1383//1495
f 1346//1495 1348//1495 1382//1495
f 1385//1495 1386//1495 1336//1495
f 968//1531 1342//1531 1341//1531
f 968//1532 967//1532 1344//1532
f 1328//1533 965//1533 964//1533
f 1330//1534 1329//1534 964//1534
f 1331//1535 1330//1535 963//1535
f 962//1495 961//1495 1332//1495
f 1333//1495 959//1495 958//1495
f 1333//1495 1332//1495 960//1495
f 957//1495 956//1495 1334//1495
f 1381//1495 1384//1495 953//1495
f 1335//1495 1387//1495 1385//1495
f 1353//1495 1339//1495 1338//1495
f 968//1536 1343//1536 1342//1536
f 967//1537 1345//1537 1344//1537
f 964//1538 963//1538 1330//1538
f 961//1495 960//1495 1332//1495
f 960//1495 959//1495 1333//1495
f 1375//1495 1335//1495 1334//1495
f 1335//1495 1388//1495 1387//1495
f 1337//1495 1389//1495 1390//1495
f 1389//1495 1337//1495 1336//1495
f 1353//1495 1340//1495 1339//1495
f 1344//1539 1343//1539 968//1539
f 963//1540 962//1540 1331//1540
f 955//1495 954//1495 1334//1495
f 1335//1541 1375//1541 1388//1541
f 1336//1495 1386//1495 1389//1495
f 1341//1542 1340//1542 1353//1542
f 966//1543 1326//1543 1345//1543
f 966//1544 965//1544 1327//1544
f 958//1495 957//1495 1333//1495
f 1390//1495 1353//1495 1337//1495
f 1345//1545 967//1545 966//1545
f 1328//1546 1327//1546 965//1546
f 1338//1495 1337//1495 1353//1495
f 1336//1495 1335//1495 1385//1495
f 948//1547 1292//1547 1391//1547
f 1391//1548 1392//1548 948//1548
f 1292//1495 1393//1495 1391//1495
f 1291//1495 1290//1495 1394//1495
f 1292//1495 1395//1495 1393//1495
f 1395//1495 1292//1495 1291//1495
f 1289//1495 1396//1495 1397//1495
f 1394//1495 1395//1495 1291//1495
f 1397//1495 1290//1495 1289//1495
f 1290//1495 1397//1495 1394//1495
f 1292//1549 948//1549 947//1549
f 1398//1550 952//1550 951//1550
f 1392//1551 1399//1551 948//1551
f 947//1552 1294//1552 1293//1552
f 1346//1495 1303//1495 1302//1495
f 1398//1553 953//1553 952//1553
f 1400//1554 951//1554 950//1554
f 1401//1495 1288//1495 1287//1495
f 947//1555 1293//1555 1292//1555
f 1288//1556 1401//1556 1402//1556
f 1300//1557 1299//1557 985//1557
f 984//1558 1302//1558 1301//1558
f 1346//1495 1304//1495 1303//1495
f 953//1495 1398//1495 1403//1495
f 950//1559 1404//1559 1400//1559
f 949//1560 1405//1560 1406//1560
f 949//1561 948//1561 1407//1561
f 1287//1495 1346//1495 1401//1495
f 1402//1495 1396//1495 1288//1495
f 947//1562 946//1562 1295//1562
f 985//1563 1298//1563 1297//1563
f 985//1564 984//1564 1300//1564
f 1302//1565 984//1565 1346//1565
f 951//1566 1400//1566 1398//1566
f 1406//1567 950//1567 949//1567
f 948//1568 1399//1568 1407//1568
f 1289//1495 1288//1495 1396//1495
f 946//1569 1296//1569 1295//1569
f 1297//1570 946//1570 985//1570
f 1301//1571 1300//1571 984//1571
f 1406//1572 1404//1572 950//1572
f 1407//1573 1408//1573 949//1573
f 1295//1574 1294//1574 947//1574
f 1346//1575 953//1575 1409//1575
f 1299//1576 1298//1576 985//1576
f 1346//1495 1286//1495 1305//1495
f 1408//1577 1405//1577 949//1577
f 1409//1578 1401//1578 1346//1578
f 1305//1495 1304//1495 1346//1495
f 1403//1579 1410//1579 953//1579
f 1297//1580 1296//1580 946//1580
f 1287//1495 1286//1495 1346//1495
f 1410//1581 1409//1581 953//1581
f 1327//1582 1326//1582 966//1582
f 1374//1583 1373//1583 969//1583
f 981//1495 980//1495 1346//1495
f 1385//1584 1411//1584 1412//1584
f 1387//1585 1413//1585 1414//1585
f 1414//1586 1385//1586 1387//1586
f 1388//1587 1415//1587 1416//1587
f 1416//1588 1387//1588 1388//1588
f 1375//1589 1417//1589 1418//1589
f 1418//1590 1388//1590 1375//1590
f 1376//1591 1419//1591 1420//1591
f 1420//1592 1375//1592 1376//1592
f 1377//1593 1421//1593 1422//1593
f 1422//1594 1376//1594 1377//1594
f 1378//1595 1423//1595 1424//1595
f 1424//1596 1377//1596 1378//1596
f 1383//1597 1425//1597 1426//1597
f 1426//1598 1378//1598 1383//1598
f 1384//1599 1427//1599 1428//1599
f 1428//1600 1383//1600 1384//1600
f 1381//1601 1429//1601 1430//1601
f 1430//1602 1384//1602 1381//1602
f 1381//1603 1380//1603 1431//1603
f 1380//1604 1379//1604 1432//1604
f 1432//1605 1431//1605 1380//1605
f 1379//1606 1382//1606 1433//1606
f 1382//1607 1434//1607 1433//1607
f 1382//1608 1348//1608 1435//1608
f 1436//1609 1435//1609 1348//1609
f 1348//1610 1347//1610 1436//1610
f 1347//1611 1354//1611 1437//1611
f 1354//1612 1438//1612 1437//1612
f 1354//1613 1351//1613 1439//1613
f 1351//1614 1440//1614 1439//1614
f 1351//1615 1356//1615 1441//1615
f 1356//1616 1442//1616 1441//1616
f 1356//1617 1355//1617 1443//1617
f 1355//1618 1444//1618 1443//1618
f 1355//1619 1357//1619 1445//1619
f 1357//1620 1446//1620 1445//1620
f 1446//1621 1357//1621 1353//1621
f 1390//1622 1447//1622 1448//1622
f 1448//1623 1353//1623 1390//1623
f 1390//1624 1389//1624 1449//1624
f 1389//1625 1450//1625 1449//1625
f 1386//1626 1412//1626 1450//1626
f 1450//1626 1389//1626 1386//1626
f 1449//1627 1447//1627 1390//1627
f 1353//1628 1448//1628 1446//1628
f 1445//1629 1444//1629 1355//1629
f 1443//1630 1442//1630 1356//1630
f 1441//1631 1440//1631 1351//1631
f 1439//1632 1438//1632 1354//1632
f 1437//1633 1436//1633 1347//1633
f 1435//1634 1434//1634 1382//1634
f 1433//1635 1432//1635 1379//1635
f 1431//1603 1429//1603 1381//1603
f 1430//1636 1427//1636 1384//1636
f 1428//1637 1425//1637 1383//1637
f 1426//1638 1423//1638 1378//1638
f 1424//1639 1421//1639 1377//1639
f 1422//1640 1419//1640 1376//1640
f 1420//1641 1417//1641 1375//1641
f 1418//1642 1415//1642 1388//1642
f 1416//1643 1413//1643 1387//1643
f 1414//1644 1411//1644 1385//1644
f 1412//1645 1386//1645 1385//1645
f 1411//1646 1451//1646 1452//1646
f 1452//1647 1412//1647 1411//1647
f 1451//1648 1414//1648 1413//1648
f 1413//1649 1453//1649 1451//1649
f 1453//1650 1416//1650 1415//1650
f 1415//1651 1454//1651 1453//1651
f 1454//1652 1418//1652 1417//1652
f 1417//1653 1455//1653 1454//1653
f 1455//1654 1420//1654 1419//1654
f 1419//1655 1456//1655 1455//1655
f 1456//1656 1422//1656 1421//1656
f 1421//1657 1457//1657 1456//1657
f 1457//1658 1424//1658 1423//1658
f 1423//1659 1458//1659 1457//1659
f 1458//1660 1426//1660 1425//1660
f 1425//1661 1459//1661 1458//1661
f 1459//1662 1428//1662 1427//1662
f 1427//1663 1460//1663 1459//1663
f 1460//1664 1430//1664 1429//1664
f 1429//1665 1461//1665 1460//1665
f 1462//1666 1461//1666 1432//1666
f 1461//1667 1431//1667 1432//1667
f 1463//1668 1462//1668 1434//1668
f 1462//1669 1433//1669 1434//1669
f 1464//1670 1463//1670 1436//1670
f 1463//1671 1435//1671 1436//1671
f 1465//1672 1464//1672 1438//1672
f 1464//1673 1437//1673 1438//1673
f 1466//1674 1465//1674 1440//1674
f 1465//1675 1439//1675 1440//1675
f 1467//1676 1466//1676 1442//1676
f 1466//1677 1441//1677 1442//1677
f 1468//1678 1467//1678 1444//1678
f 1467//1679 1443//1679 1444//1679
f 1469//1680 1468//1680 1446//1680
f 1468//1681 1445//1681 1446//1681
f 1470//1682 1469//1682 1447//1682
f 1469//1683 1448//1683 1447//1683
f 1450//1684 1412//1684 1452//1684
f 1470//1685 1449//1685 1450//1685
f 1452//1686 1470//1686 1450//1686
f 1447//1687 1449//1687 1470//1687
f 1446//1688 1448//1688 1469//1688
f 1444//1689 1445//1689 1468//1689
f 1442//1690 1443//1690 1467//1690
f 1440//1691 1441//1691 1466//1691
f 1438//1692 1439//1692 1465//1692
f 1436//1693 1437//1693 1464//1693
f 1434//1694 1435//1694 1463//1694
f 1432//1695 1433//1695 1462//1695
f 1429//1696 1431//1696 1461//1696
f 1427//1697 1430//1697 1460//1697
f 1425//1698 1428//1698 1459//1698
f 1423//1699 1426//1699 1458//1699
f 1421//1700 1424//1700 1457//1700
f 1419//1701 1422//1701 1456//1701
f 1417//1702 1420//1702 1455//1702
f 1415//1703 1418//1703 1454//1703
f 1413//1704 1416//1704 1453//1704
f 1411//1705 1414//1705 1451//1705
f 1452//1706 1468//1706 1469//1706
f 1452//1707 1467//1707 1468//1707
f 1452//1495 1465//1495 1466//1495
f 1452//1495 1463//1495 1464//1495
f 1455//1495 1458//1495 1459//1495
f 1458//1495 1455//1495 1456//1495
f 1460//1495 1453//1495 1454//1495
f 1466//1495 1467//1495 1452//1495
f 1452//1495 1462//1495 1463//1495
f 1456//1495 1457//1495 1458//1495
f 1460//1495 1451//1495 1453//1495
f 1464//1495 1465//1495 1452//1495
f 1451//1708 1460//1708 1461//1708
f 1454//1495 1455//1495 1460//1495
f 1469//1709 1470//1709 1452//1709
f 1459//1495 1460//1495 1455//1495
f 1461//1710 1462//1710 1451//1710
f 1452//1711 1451//1711 1462//1711
f 1409//1332 1410//1332 1471//1332
f 1410//1333 1403//1333 1472//1333
f 1403//1334 1398//1334 1473//1334
f 1398//1335 1400//1335 1474//1335
f 1400//1336 1404//1336 1475//1336
f 1404//1337 1406//1337 1476//1337
f 1406//1338 1405//1338 1477//1338
f 1405//1339 1408//1339 1478//1339
f 1408//1340 1407//1340 1479//1340
f 1407//1712 1399//1712 1480//1712
f 1399//1713 1392//1713 1481//1713
f 1392//1343 1391//1343 1482//1343
f 1391//1344 1393//1344 1483//1344
f 1393//1345 1395//1345 1484//1345
f 1395//1346 1394//1346 1485//1346
f 1394//1347 1397//1347 1486//1347
f 1397//1348 1396//1348 1487//1348
f 1396//1349 1402//1349 1488//1349
f 1402//1350 1401//1350 1489//1350
f 1401//1351 1409//1351 1490//1351
f 1490//1351 1489//1351 1401//1351
f 1489//1350 1488//1350 1402//1350
f 1488//1349 1487//1349 1396//1349
f 1487//1348 1486//1348 1397//1348
f 1486//1347 1485//1347 1394//1347
f 1485//1346 1484//1346 1395//1346
f 1484//1345 1483//1345 1393//1345
f 1483//1344 1482//1344 1391//1344
f 1482//1343 1481//1343 1392//1343
f 1481//1714 1480//1714 1399//1714
f 1480//1341 1479//1341 1407//1341
f 1479//1340 1478//1340 1408//1340
f 1478//1339 1477//1339 1405//1339
f 1477//1338 1476//1338 1406//1338
f 1476//1337 1475//1337 1404//1337
f 1475//1336 1474//1336 1400//1336
f 1474//1335 1473//1335 1398//1335
f 1473//1334 1472//1334 1403//1334
f 1472//1333 1471//1333 1410//1333
f 1471//1332 1490//1332 1409//1332
f 1489//1715 1490//1715 1491//1715
f 1488//1716 1489//1716 1492//1716
f 1487//1717 1488//1717 1493//1717
f 1486//1718 1487//1718 1494//1718
f 1485//1719 1486//1719 1495//1719
f 1484//1720 1485//1720 1496//1720
f 1483//1721 1484//1721 1497//1721
f 1482//1722 1483//1722 1498//1722
f 1481//1723 1482//1723 1499//1723
f 1480//1724 1481//1724 1500//1724
f 1479//1725 1480//1725 1501//1725
f 1478//1726 1479//1726 1502//1726
f 1477//1727 1478//1727 1503//1727
f 1476//1728 1477//1728 1504//1728
f 1475//1729 1476//1729 1505//1729
f 1474//1730 1475//1730 1506//1730
f 1473//1731 1474//1731 1507//1731
f 1472//1732 1473//1732 1508//1732
f 1471//1733 1472//1733 1509//1733
f 1490//1734 1471//1734 1510//1734
f 1510//1735 1491//1735 1490//1735
f 1509//1736 1510//1736 1471//1736
f 1508//1737 1509//1737 1472//1737
f 1507//1738 1508//1738 1473//1738
f 1506//1739 1507//1739 1474//1739
f 1505//1740 1506//1740 1475//1740
f 1504//1741 1505//1741 1476//1741
f 1503//1742 1504//1742 1477//1742
f 1502//1743 1503//1743 1478//1743
f 1501//1744 1502//1744 1479//1744
f 1500//1745 1501//1745 1480//1745
f 1499//1746 1500//1746 1481//1746
f 1498//1747 1499//1747 1482//1747
f 1497//1748 1498//1748 1483//1748
f 1496//1749 1497//1749 1484//1749
f 1495//1750 1496//1750 1485//1750
f 1494//1751 1495//1751 1486//1751
f 1493//1752 1494//1752 1487//1752
f 1492//1753 1493//1753 1488//1753
f 1491//1754 1492//1754 1489//1754
f 1500//1495 1511//1495 1512//1495
f 1499//1495 1513//1495 1511//1495
f 1509//1495 1514//1495 1515//1495
f 1508//1495 1516//1495 1514//1495
f 1511//1495 1500//1495 1499//1495
f 1498//1495 1517//1495 1513//1495
f 1514//1495 1509//1495 1508//1495
f 1507//1495 1518//1495 1516//1495
f 1506//1495 1519//1495 1518//1495
f 1505//1495 1520//1495 1519//1495
f 1513//1495 1499//1495 1498//1495
f 1497//1495 1521//1495 1517//1495
f 1496//1495 1522//1495 1521//1495
f 1495//1495 1523//1495 1522//1495
f 1516//1495 1508//1495 1507//1495
f 1519//1495 1506//1495 1505//1495
f 1504//1495 1524//1495 1520//1495
f 1503//1495 1525//1495 1524//1495
f 1517//1495 1498//1495 1497//1495
f 1522//1495 1496//1495 1495//1495
f 1494//1495 1526//1495 1523//1495
f 1493//1495 1527//1495 1526//1495
f 1518//1495 1507//1495 1506//1495
f 1524//1495 1504//1495 1503//1495
f 1502//1495 1528//1495 1525//1495
f 1502//1495 1501//1495 1512//1495
f 1521//1495 1497//1495 1496//1495
f 1526//1495 1494//1495 1493//1495
f 1520//1495 1505//1495 1504//1495
f 1512//1495 1528//1495 1502//1495
f 1523//1495 1495//1495 1494//1495
f 1492//1495 1529//1495 1527//1495
f 1491//1495 1510//1495 1515//1495
f 1525//1495 1503//1495 1502//1495
f 1527//1495 1493//1495 1492//1495
f 1492//1495 1491//1495 1530//1495
f 1515//1495 1510//1495 1509//1495
f 1530//1495 1529//1495 1492//1495
f 1512//1495 1501//1495 1500//1495
f 1515//1495 1530//1495 1491//1495
f 1512//1755 1531//1755 1532//1755
f 1528//1312 1532//1312 1533//1312
f 1525//1313 1533//1313 1534//1313
f 1524//1314 1534//1314 1535//1314
f 1520//1315 1535//1315 1536//1315
f 1519//1316 1536//1316 1537//1316
f 1518//1317 1537//1317 1538//1317
f 1516//1318 1538//1318 1539//1318
f 1514//1319 1539//1319 1540//1319
f 1515//1320 1540//1320 1541//1320
f 1530//1756 1541//1756 1542//1756
f 1529//1322 1542//1322 1543//1322
f 1527//1323 1543//1323 1544//1323
f 1526//1324 1544//1324 1545//1324
f 1523//1325 1545//1325 1546//1325
f 1522//1326 1546//1326 1547//1326
f 1521//1327 1547//1327 1548//1327
f 1517//1328 1548//1328 1549//1328
f 1513//1329 1549//1329 1550//1329
f 1511//1330 1550//1330 1531//1330
f 1531//1757 1512//1757 1511//1757
f 1550//1329 1511//1329 1513//1329
f 1549//1328 1513//1328 1517//1328
f 1548//1327 1517//1327 1521//1327
f 1547//1326 1521//1326 1522//1326
f 1546//1325 1522//1325 1523//1325
f 1545//1324 1523//1324 1526//1324
f 1544//1323 1526//1323 1527//1323
f 1543//1322 1527//1322 1529//1322
f 1542//1321 1529//1321 1530//1321
f 1541//1758 1530//1758 1515//1758
f 1540//1319 1515//1319 1514//1319
f 1539//1318 1514//1318 1516//1318
f 1538//1317 1516//1317 1518//1317
f 1537//1316 1518//1316 1519//1316
f 1536//1315 1519//1315 1520//1315
f 1535//1314 1520//1314 1524//1314
f 1534//1313 1524//1313 1525//1313
f 1533//1312 1525//1312 1528//1312
f 1532//1311 1528//1311 1512//1311
f 1532//1759 1531//1759 1551//1759
f 1531//1760 1552//1760 1551//1760
f 1532//1761 1553//1761 1554//1761
f 1533//1762 1554//1762 1555//1762
f 1534//1763 1555//1763 1556//1763
f 1535//1764 1556//1764 1557//1764
f 1536//1765 1557//1765 1558//1765
f 1537//1766 1558//1766 1559//1766
f 1538//1767 1559//1767 1560//1767
f 1539//1768 1560//1768 1561//1768
f 1540//1769 1561//1769 1562//1769
f 1562//1770 1541//1770 1540//1770
f 1541//1771 1563//1771 1564//1771
f 1542//1772 1564//1772 1565//1772
f 1543//1773 1565//1773 1566//1773
f 1544//1774 1566//1774 1567//1774
f 1545//1775 1567//1775 1568//1775
f 1546//1776 1568//1776 1569//1776
f 1547//1777 1569//1777 1570//1777
f 1548//1778 1570//1778 1571//1778
f 1549//1779 1571//1779 1572//1779
f 1550//1780 1572//1780 1552//1780
f 1552//1781 1531//1781 1550//1781
f 1572//1779 1550//1779 1549//1779
f 1571//1778 1549//1778 1548//1778
f 1570//1777 1548//1777 1547//1777
f 1569//1776 1547//1776 1546//1776
f 1568//1775 1546//1775 1545//1775
f 1567//1774 1545//1774 1544//1774
f 1566//1773 1544//1773 1543//1773
f 1565//1772 1543//1772 1542//1772
f 1564//1782 1542//1782 1541//1782
f 1562//1783 1563//1783 1541//1783
f 1561//1768 1540//1768 1539//1768
f 1560//1767 1539//1767 1538//1767
f 1559//1766 1538//1766 1537//1766
f 1558//1765 1537//1765 1536//1765
f 1557//1764 1536//1764 1535//1764
f 1556//1763 1535//1763 1534//1763
f 1555//1762 1534//1762 1533//1762
f 1554//1761 1533//1761 1532//1761
f 1551//1784 1553//1784 1532//1784
f 1373//1332 1374//1332 1573//1332
f 1374//1333 1367//1333 1574//1333
f 1367//1334 1366//1334 1575//1334
f 1366//1335 1368//1335 1576//1335
f 1368//1336 1361//1336 1577//1336
f 1361//1337 1360//1337 1578//1337
f 1360//1338 1369//1338 1579//1338
f 1369//1339 1364//1339 1580//1339
f 1364//1340 1352//1340 1581//1340
f 1352//1712 1350//1712 1582//1712
f 1350//1713 1349//1713 1583//1713
f 1349//1343 1358//1343 1584//1343
f 1358//1344 1359//1344 1585//1344
f 1359//1345 1362//1345 1586//1345
f 1362//1346 1363//1346 1587//1346
f 1363//1347 1365//1347 1588//1347
f 1365//1348 1371//1348 1589//1348
f 1371//1349 1370//1349 1590//1349
f 1370//1350 1372//1350 1591//1350
f 1372//1351 1373//1351 1592//1351
f 1592//1351 1591//1351 1372//1351
f 1591//1350 1590//1350 1370//1350
f 1590//1349 1589//1349 1371//1349
f 1589//1348 1588//1348 1365//1348
f 1588//1347 1587//1347 1363//1347
f 1587//1346 1586//1346 1362//1346
f 1586//1345 1585//1345 1359//1345
f 1585//1344 1584//1344 1358//1344
f 1584//1343 1583//1343 1349//1343
f 1583//1714 1582//1714 1350//1714
f 1582//1341 1581//1341 1352//1341
f 1581//1340 1580//1340 1364//1340
f 1580//1339 1579//1339 1369//1339
f 1579//1338 1578//1338 1360//1338
f 1578//1337 1577//1337 1361//1337
f 1577//1336 1576//1336 1368//1336
f 1576//1335 1575//1335 1366//1335
f 1575//1334 1574//1334 1367//1334
f 1574//1333 1573//1333 1374//1333
f 1573//1332 1592//1332 1373//1332
f 1591//1785 1592//1785 1593//1785
f 1590//1786 1591//1786 1594//1786
f 1589//1787 1590//1787 1595//1787
f 1588//1788 1589//1788 1596//1788
f 1587//1789 1588//1789 1597//1789
f 1586//1790 1587//1790 1598//1790
f 1585//1791 1586//1791 1599//1791
f 1584//1792 1585//1792 1600//1792
f 1583//1793 1584//1793 1601//1793
f 1582//1794 1583//1794 1602//1794
f 1581//1795 1582//1795 1603//1795
f 1580//1796 1581//1796 1604//1796
f 1579//1797 1580//1797 1605//1797
f 1578//1798 1579//1798 1606//1798
f 1577//1799 1578//1799 1607//1799
f 1576//1800 1577//1800 1608//1800
f 1575//1801 1576//1801 1609//1801
f 1574//1802 1575//1802 1610//1802
f 1573//1803 1574//1803 1611//1803
f 1592//1804 1573//1804 1612//1804
f 1612//1805 1593//1805 1592//1805
f 1611//1806 1612//1806 1573//1806
f 1610//1807 1611//1807 1574//1807
f 1609//1808 1610//1808 1575//1808
f 1608//1809 1609//1809 1576//1809
f 1607//1810 1608//1810 1577//1810
f 1606//1811 1607//1811 1578//1811
f 1605//1812 1606//1812 1579//1812
f 1604//1813 1605//1813 1580//1813
f 1603//1814 1604//1814 1581//1814
f 1602//1815 1603//1815 1582//1815
f 1601//1816 1602//1816 1583//1816
f 1600//1817 1601//1817 1584//1817
f 1599//1818 1600//1818 1585//1818
f 1598//1819 1599//1819 1586//1819
f 1597//1820 1598//1820 1587//1820
f 1596//1821 1597//1821 1588//1821
f 1595//1822 1596//1822 1589//1822
f 1594//1823 1595//1823 1590//1823
f 1593//1824 1594//1824 1591//1824
f 1599//1495 1613//1495 1614//1495
f 1598//1495 1615//1495 1613//1495
f 1607//1495 1616//1495 1617//1495
f 1606//1495 1618//1495 1616//1495
f 1600//1495 1614//1495 1619//1495
f 1613//1495 1599//1495 1598//1495
f 1616//1495 1607//1495 1606//1495
f 1606//1495 1605//1495 1620//1495
f 1604//1495 1621//1495 1620//1495
f 1604//1495 1603//1495 1622//1495
f 1614//1495 1600//1495 1599//1495
f 1597//1495 1623//1495 1615//1495
f 1609//1495 1624//1495 1625//1495
f 1608//1495 1617//1495 1624//1495
f 1620//1495 1618//1495 1606//1495
f 1622//1495 1621//1495 1604//1495
f 1615//1495 1598//1495 1597//1495
f 1596//1495 1626//1495 1623//1495
f 1595//1495 1627//1495 1626//1495
f 1594//1495 1628//1495 1627//1495
f 1611//1495 1629//1495 1630//1495
f 1610//1495 1625//1495 1629//1495
f 1624//1495 1609//1495 1608//1495
f 1620//1495 1605//1495 1604//1495
f 1602//1495 1631//1495 1622//1495
f 1601//1495 1619//1495 1631//1495
f 1623//1495 1597//1495 1596//1495
f 1627//1495 1595//1495 1594//1495
f 1629//1495 1611//1495 1610//1495
f 1617//1495 1608//1495 1607//1495
f 1631//1495 1602//1495 1601//1495
f 1626//1495 1596//1495 1595//1495
f 1593//1495 1612//1495 1630//1495
f 1625//1495 1610//1495 1609//1495
f 1619//1495 1601//1495 1600//1495
f 1594//1495 1593//1495 1632//1495
f 1630//1495 1612//1495 1611//1495
f 1632//1495 1628//1495 1594//1495
f 1622//1495 1603//1495 1602//1495
f 1630//1495 1632//1495 1593//1495
f 1622//1311 1633//1311 1634//1311
f 1621//1825 1634//1825 1635//1825
f 1620//1826 1635//1826 1636//1826
f 1618//1827 1636//1827 1637//1827
f 1616//1828 1637//1828 1638//1828
f 1617//1829 1638//1829 1639//1829
f 1624//1830 1639//1830 1640//1830
f 1625//1831 1640//1831 1641//1831
f 1629//1832 1641//1832 1642//1832
f 1630//1833 1642//1833 1643//1833
f 1632//1834 1643//1834 1644//1834
f 1628//1835 1644//1835 1645//1835
f 1627//1836 1645//1836 1646//1836
f 1626//1837 1646//1837 1647//1837
f 1623//1838 1647//1838 1648//1838
f 1615//1839 1648//1839 1649//1839
f 1613//1840 1649//1840 1650//1840
f 1614//1841 1650//1841 1651//1841
f 1619//1842 1651//1842 1652//1842
f 1631//1843 1652//1843 1633//1843
f 1633//1844 1622//1844 1631//1844
f 1652//1845 1631//1845 1619//1845
f 1651//1846 1619//1846 1614//1846
f 1650//1847 1614//1847 1613//1847
f 1649//1848 1613//1848 1615//1848
f 1648//1849 1615//1849 1623//1849
f 1647//1850 1623//1850 1626//1850
f 1646//1851 1626//1851 1627//1851
f 1645//1852 1627//1852 1628//1852
f 1644//1853 1628//1853 1632//1853
f 1643//1854 1632//1854 1630//1854
f 1642//1855 1630//1855 1629//1855
f 1641//1856 1629//1856 1625//1856
f 1640//1857 1625//1857 1624//1857
f 1639//1858 1624//1858 1617//1858
f 1638//1859 1617//1859 1616//1859
f 1637//1860 1616//1860 1618//1860
f 1636//1861 1618//1861 1620//1861
f 1635//1862 1620//1862 1621//1862
f 1634//1863 1621//1863 1622//1863
f 1634//1864 1633//1864 1653//1864
f 1633//1865 1654//1865 1653//1865
f 1634//1866 1655//1866 1656//1866
f 1635//1867 1656//1867 1657//1867
f 1636//1868 1657//1868 1658//1868
f 1637//1869 1658//1869 1659//1869
f 1638//1870 1659//1870 1660//1870
f 1639//1871 1660//1871 1661//1871
f 1640//1872 1661//1872 1662//1872
f 1641//1873 1662//1873 1663//1873
f 1642//1874 1663//1874 1664//1874
f 1664//1875 1643//1875 1642//1875
f 1643//1876 1665//1876 1666//1876
f 1644//1877 1666//1877 1667//1877
f 1645//1878 1667//1878 1668//1878
f 1646//1879 1668//1879 1669//1879
f 1647//1880 1669//1880 1670//1880
f 1648//1881 1670//1881 1671//1881
f 1649//1882 1671//1882 1672//1882
f 1650//1883 1672//1883 1673//1883
f 1651//1884 1673//1884 1674//1884
f 1652//1885 1674//1885 1654//1885
f 1654//1886 1633//1886 1652//1886
f 1674//1884 1652//1884 1651//1884
f 1673//1883 1651//1883 1650//1883
f 1672//1882 1650//1882 1649//1882
f 1671//1881 1649//1881 1648//1881
f 1670//1880 1648//1880 1647//1880
f 1669//1879 1647//1879 1646//1879
f 1668//1878 1646//1878 1645//1878
f 1667//1877 1645//1877 1644//1877
f 1666//1887 1644//1887 1643//1887
f 1664//1888 1665//1888 1643//1888
f 1663//1873 1642//1873 1641//1873
f 1662//1872 1641//1872 1640//1872
f 1661//1871 1640//1871 1639//1871
f 1660//1870 1639//1870 1638//1870
f 1659//1869 1638//1869 1637//1869
f 1658//1868 1637//1868 1636//1868
f 1657//1867 1636//1867 1635//1867
f 1656//1866 1635//1866 1634//1866
f 1653//1889 1655//1889 1634//1889
f 1675//1890 1560//1890 1559//1890
f 1675//1891 1561//1891 1560//1891
f 1676//1892 1556//1892 1555//1892
f 1555//1893 1554//1893 1676//1893
f 1677//1894 1571//1894 1570//1894
f 1677//1895 1572//1895 1571//1895
f 1678//1896 1567//1896 1566//1896
f 1566//1897 1565//1897 1678//1897
f 1675//1898 1558//1898 1679//1898
f 1557//1899 1680//1899 1679//1899
f 1557//1900 1556//1900 1681//1900
f 1681//1901 1680//1901 1557//1901
f 1679//1902 1558//1902 1557//1902
f 1676//1903 1682//1903 1681//1903
f 1681//1904 1556//1904 1676//1904
f 1678//1905 1564//1905 1683//1905
f 1563//1906 1684//1906 1683//1906
f 1684//1907 1563//1907 1562//1907
f 1562//1908 1561//1908 1685//1908
f 1685//1909 1686//1909 1562//1909
f 1562//1910 1686//1910 1684//1910
f 1675//1911 1687//1911 1685//1911
f 1685//1912 1561//1912 1675//1912
f 1683//1913 1564//1913 1563//1913
f 1568//1914 1688//1914 1689//1914
f 1568//1915 1567//1915 1690//1915
f 1690//1916 1688//1916 1568//1916
f 1689//1917 1569//1917 1568//1917
f 1678//1918 1691//1918 1690//1918
f 1690//1919 1567//1919 1678//1919
f 1692//1920 1693//1920 1677//1920
f 1676//1921 1553//1921 1694//1921
f 1551//1922 1695//1922 1694//1922
f 1551//1923 1552//1923 1696//1923
f 1696//1924 1695//1924 1551//1924
f 1552//1925 1572//1925 1697//1925
f 1697//1926 1696//1926 1552//1926
f 1694//1927 1553//1927 1551//1927
f 1677//1928 1693//1928 1697//1928
f 1697//1929 1572//1929 1677//1929
f 1694//1930 1698//1930 1676//1930
f 1677//1931 1689//1931 1692//1931
f 1689//1932 1677//1932 1569//1932
f 1691//1933 1678//1933 1699//1933
f 1683//1934 1699//1934 1678//1934
f 1687//1935 1675//1935 1700//1935
f 1679//1936 1700//1936 1675//1936
f 1682//1937 1676//1937 1698//1937
f 1565//1938 1564//1938 1678//1938
f 1570//1939 1569//1939 1677//1939
f 1554//1940 1553//1940 1676//1940
f 1559//1941 1558//1941 1675//1941
f 1701//1942 1702//1942 1693//1942
f 1702//1943 1697//1943 1693//1943
f 1693//1944 1692//1944 1701//1944
f 1703//1945 1701//1945 1692//1945
f 1692//1946 1689//1946 1703//1946
f 1704//1947 1690//1947 1691//1947
f 1691//1948 1705//1948 1704//1948
f 1706//1949 1688//1949 1704//1949
f 1688//1950 1690//1950 1704//1950
f 1706//1951 1707//1951 1703//1951
f 1703//1952 1688//1952 1706//1952
f 1703//1953 1689//1953 1688//1953
f 1704//1954 1708//1954 1706//1954
f 1709//1955 1701//1955 1707//1955
f 1701//1956 1703//1956 1707//1956
f 1707//1957 1710//1957 1709//1957
f 1711//1958 1706//1958 1708//1958
f 1711//1959 1710//1959 1707//1959
f 1707//1960 1706//1960 1711//1960
f 1708//1961 1712//1961 1711//1961
f 1709//1962 1713//1962 1714//1962
f 1714//1963 1701//1963 1709//1963
f 1714//1964 1702//1964 1701//1964
f 1715//1965 1696//1965 1702//1965
f 1696//1966 1697//1966 1702//1966
f 1716//1967 1694//1967 1695//1967
f 1715//1968 1717//1968 1716//1968
f 1716//1969 1696//1969 1715//1969
f 1695//1970 1696//1970 1716//1970
f 1702//1971 1714//1971 1715//1971
f 1718//1972 1715//1972 1714//1972
f 1718//1973 1719//1973 1717//1973
f 1717//1974 1715//1974 1718//1974
f 1714//1975 1713//1975 1718//1975
f 1720//1976 1682//1976 1698//1976
f 1698//1977 1716//1977 1720//1977
f 1698//1978 1694//1978 1716//1978
f 1721//1979 1712//1979 1708//1979
f 1708//1980 1705//1980 1721//1980
f 1708//1981 1704//1981 1705//1981
f 1705//1982 1691//1982 1699//1982
f 1699//1983 1722//1983 1705//1983
f 1699//1984 1683//1984 1722//1984
f 1721//1985 1705//1985 1723//1985
f 1705//1986 1722//1986 1723//1986
f 1723//1987 1724//1987 1721//1987
f 1725//1988 1684//1988 1726//1988
f 1726//1989 1684//1989 1686//1989
f 1686//1990 1685//1990 1726//1990
f 1725//1991 1723//1991 1722//1991
f 1722//1992 1684//1992 1725//1992
f 1722//1993 1683//1993 1684//1993
f 1726//1994 1727//1994 1725//1994
f 1728//1995 1725//1995 1727//1995
f 1725//1996 1728//1996 1724//1996
f 1724//1997 1723//1997 1725//1997
f 1727//1998 1729//1998 1728//1998
f 1730//1999 1726//1999 1687//1999
f 1726//2000 1685//2000 1687//2000
f 1687//2001 1700//2001 1730//2001
f 1731//2002 1729//2002 1727//2002
f 1727//2003 1730//2003 1731//2003
f 1727//2004 1726//2004 1730//2004
f 1732//2005 1730//2005 1700//2005
f 1700//2006 1679//2006 1732//2006
f 1731//2007 1730//2007 1733//2007
f 1730//2008 1732//2008 1733//2008
f 1733//2009 1734//2009 1731//2009
f 1731//1495 1734//1495 1735//1495
f 1709//1495 1710//1495 1711//1495
f 1735//1495 1736//1495 1731//1495
f 1721//1495 1724//1495 1728//1495
f 1711//1495 1721//1495 1709//1495
f 1709//1495 1736//1495 1718//1495
f 1736//1495 1721//1495 1731//1495
f 1728//1495 1731//1495 1721//1495
f 1721//1495 1736//1495 1709//1495
f 1736//1495 1719//1495 1718//1495
f 1728//1495 1729//1495 1731//1495
f 1718//1495 1713//1495 1709//1495
f 1711//1495 1712//1495 1721//1495
f 1735//1495 1737//1495 1736//1495
f 1738//2010 1733//2010 1732//2010
f 1732//2011 1680//2011 1738//2011
f 1738//2012 1680//2012 1739//2012
f 1680//2013 1681//2013 1739//2013
f 1739//2014 1740//2014 1738//2014
f 1732//2015 1679//2015 1680//2015
f 1736//2016 1737//2016 1740//2016
f 1740//2017 1720//2017 1736//2017
f 1740//2018 1739//2018 1720//2018
f 1736//2019 1720//2019 1717//2019
f 1720//2020 1716//2020 1717//2020
f 1717//2021 1719//2021 1736//2021
f 1735//2022 1738//2022 1740//2022
f 1735//2023 1734//2023 1733//2023
f 1733//2024 1738//2024 1735//2024
f 1740//2025 1737//2025 1735//2025
f 1739//2026 1681//2026 1682//2026
f 1682//2027 1720//2027 1739//2027
f 1741//2028 1662//2028 1661//2028
f 1741//2029 1663//2029 1662//2029
f 1742//2030 1658//2030 1657//2030
f 1657//2031 1656//2031 1742//2031
f 1743//2032 1673//2032 1672//2032
f 1743//2033 1674//2033 1673//2033
f 1744//2034 1669//2034 1668//2034
f 1668//2035 1667//2035 1744//2035
f 1741//2036 1660//2036 1745//2036
f 1659//2037 1746//2037 1745//2037
f 1659//2038 1658//2038 1747//2038
f 1747//2039 1746//2039 1659//2039
f 1745//2040 1660//2040 1659//2040
f 1742//2041 1748//2041 1747//2041
f 1747//2042 1658//2042 1742//2042
f 1744//2043 1666//2043 1749//2043
f 1665//2044 1750//2044 1749//2044
f 1750//2045 1665//2045 1664//2045
f 1664//2046 1663//2046 1751//2046
f 1751//2047 1752//2047 1664//2047
f 1664//2048 1752//2048 1750//2048
f 1741//2049 1753//2049 1751//2049
f 1751//2050 1663//2050 1741//2050
f 1749//2051 1666//2051 1665//2051
f 1670//2052 1754//2052 1755//2052
f 1670//2053 1669//2053 1756//2053
f 1756//2054 1754//2054 1670//2054
f 1755//2055 1671//2055 1670//2055
f 1744//2056 1757//2056 1756//2056
f 1756//2057 1669//2057 1744//2057
f 1758//2058 1759//2058 1743//2058
f 1742//2059 1655//2059 1760//2059
f 1653//2060 1761//2060 1760//2060
f 1653//2061 1654//2061 1762//2061
f 1762//2062 1761//2062 1653//2062
f 1654//2063 1674//2063 1763//2063
f 1763//2064 1762//2064 1654//2064
f 1760//2065 1655//2065 1653//2065
f 1743//2066 1759//2066 1763//2066
f 1763//2067 1674//2067 1743//2067
f 1760//2068 1764//2068 1742//2068
f 1743//2069 1755//2069 1758//2069
f 1755//2070 1743//2070 1671//2070
f 1757//2071 1744//2071 1765//2071
f 1749//2072 1765//2072 1744//2072
f 1753//2073 1741//2073 1766//2073
f 1745//2074 1766//2074 1741//2074
f 1748//2075 1742//2075 1764//2075
f 1667//2076 1666//2076 1744//2076
f 1672//2077 1671//2077 1743//2077
f 1656//2078 1655//2078 1742//2078
f 1661//2079 1660//2079 1741//2079
f 1767//2080 1768//2080 1759//2080
f 1768//2081 1763//2081 1759//2081
f 1759//2082 1758//2082 1767//2082
f 1769//1945 1767//1945 1758//1945
f 1758//1946 1755//1946 1769//1946
f 1770//2083 1756//2083 1757//2083
f 1757//2084 1771//2084 1770//2084
f 1772//2085 1773//2085 1769//2085
f 1769//2086 1754//2086 1772//2086
f 1772//2087 1754//2087 1770//2087
f 1754//2088 1756//2088 1770//2088
f 1770//2089 1774//2089 1772//2089
f 1769//1953 1755//1953 1754//1953
f 1775//2090 1767//2090 1773//2090
f 1767//2091 1769//2091 1773//2091
f 1773//2092 1776//2092 1775//2092
f 1777//2093 1772//2093 1774//2093
f 1777//2094 1776//2094 1773//2094
f 1773//2095 1772//2095 1777//2095
f 1774//2096 1778//2096 1777//2096
f 1775//2097 1779//2097 1780//2097
f 1780//2098 1767//2098 1775//2098
f 1780//2099 1768//2099 1767//2099
f 1781//2100 1760//2100 1761//2100
f 1782//1968 1783//1968 1781//1968
f 1781//1969 1762//1969 1782//1969
f 1782//2101 1762//2101 1768//2101
f 1762//2102 1763//2102 1768//2102
f 1768//2103 1780//2103 1782//2103
f 1761//2104 1762//2104 1781//2104
f 1784//2105 1782//2105 1780//2105
f 1784//2106 1785//2106 1783//2106
f 1783//2107 1782//2107 1784//2107
f 1780//2108 1779//2108 1784//2108
f 1786//2109 1748//2109 1764//2109
f 1764//2110 1781//2110 1786//2110
f 1764//2111 1760//2111 1781//2111
f 1787//2009 1778//2009 1774//2009
f 1774//2112 1771//2112 1787//2112
f 1774//2113 1770//2113 1771//2113
f 1771//2114 1757//2114 1765//2114
f 1765//2115 1788//2115 1771//2115
f 1765//2116 1749//2116 1788//2116
f 1787//2117 1771//2117 1789//2117
f 1771//2118 1788//2118 1789//2118
f 1789//2119 1790//2119 1787//2119
f 1791//2120 1750//2120 1792//2120
f 1792//2121 1750//2121 1752//2121
f 1752//2122 1751//2122 1792//2122
f 1791//1991 1789//1991 1788//1991
f 1788//1992 1750//1992 1791//1992
f 1788//1993 1749//1993 1750//1993
f 1792//1994 1793//1994 1791//1994
f 1791//2123 1793//2123 1794//2123
f 1791//2124 1795//2124 1790//2124
f 1790//2125 1789//2125 1791//2125
f 1794//2126 1795//2126 1791//2126
f 1796//2127 1792//2127 1753//2127
f 1792//2128 1751//2128 1753//2128
f 1753//2129 1766//2129 1796//2129
f 1797//2130 1794//2130 1793//2130
f 1793//2131 1796//2131 1797//2131
f 1793//2132 1792//2132 1796//2132
f 1798//2005 1796//2005 1766//2005
f 1766//2006 1745//2006 1798//2006
f 1797//2133 1796//2133 1799//2133
f 1796//2134 1798//2134 1799//2134
f 1799//2009 1800//2009 1797//2009
f 1797//1495 1800//1495 1801//1495
f 1775//1495 1776//1495 1777//1495
f 1801//1495 1802//1495 1797//1495
f 1787//1495 1790//1495 1795//1495
f 1777//1495 1787//1495 1775//1495
f 1775//1495 1802//1495 1784//1495
f 1802//1495 1787//1495 1797//1495
f 1795//1495 1797//1495 1787//1495
f 1787//1495 1802//1495 1775//1495
f 1802//1495 1785//1495 1784//1495
f 1795//1495 1794//1495 1797//1495
f 1784//1495 1779//1495 1775//1495
f 1777//1495 1778//1495 1787//1495
f 1801//1495 1803//1495 1802//1495
f 1804//2135 1746//2135 1805//2135
f 1746//2136 1747//2136 1805//2136
f 1804//2010 1799//2010 1798//2010
f 1798//2011 1746//2011 1804//2011
f 1798//2015 1745//2015 1746//2015
f 1805//2137 1806//2137 1804//2137
f 1802//2138 1803//2138 1806//2138
f 1806//2139 1786//2139 1802//2139
f 1806//2140 1805//2140 1786//2140
f 1802//2141 1786//2141 1783//2141
f 1786//2142 1781//2142 1783//2142
f 1783//2143 1785//2143 1802//2143
f 1804//2144 1806//2144 1803//2144
f 1801//2145 1800//2145 1799//2145
f 1799//2146 1804//2146 1801//2146
f 1803//2147 1801//2147 1804//2147
f 1805//2148 1747//2148 1748//2148
f 1748//2149 1786//2149 1805//2149
f 1807//2150 1808//2150 1809//2150
f 1810//2150 1811//2150 1812//2150
f 1810//2150 1813//2150 1814//2150
f 1809//2150 1815//2150 1807//2150
f 1810//2150 1816//2150 1811//2150
f 1810//2150 1817//2150 1813//2150
f 1818//2150 1819//2150 1820//2150
f 1807//2150 1821//2150 1808//2150
f 1812//2150 1822//2150 1810//2150
f 1814//2150 1823//2150 1810//2150
f 1818//2150 1824//2150 1819//2150
f 1825//2150 1826//2150 1827//2150
f 1822//2150 1808//2150 1810//2150
f 1810//2150 1828//2150 1817//2150
f 1826//2150 1829//2150 1830//2150
f 1820//2150 1831//2150 1818//2150
f 1827//2150 1832//2150 1825//2150
f 1828//2150 1810//2150 1833//2150
f 1823//2150 1816//2150 1810//2150
f 1830//2150 1834//2150 1826//2150
f 1825//2150 1835//2150 1818//2150
f 1832//2150 1836//2150 1825//2150
f 1828//2150 1837//2150 1838//2150
f 1821//2150 1810//2150 1808//2150
f 1826//2150 1825//2150 1829//2150
f 1836//2150 1835//2150 1825//2150
f 1833//2150 1837//2150 1828//2150
f 1831//2150 1825//2150 1818//2150
f 1834//2150 1828//2150 1826//2150
f 1838//2150 1826//2150 1828//2150
f 1839//2151 1840//2151 1841//2151
f 1842//2152 1843//2152 1844//2152
f 1845//2153 1846//2153 1847//2153
f 1848//2154 1849//2154 1850//2154
f 1851//2155 1852//2155 1853//2155
f 1854//2156 1855//2156 1856//2156
f 1857//2157 1858//2157 1859//2157
f 1860//2158 1861//2158 1862//2158
f 1858//2159 1839//2159 1863//2159
f 1863//2160 1841//2160 1864//2160
f 1865//2161 1864//2161 1861//2161
f 1859//2162 1863//2162 1865//2162
f 1866//2163 1865//2163 1860//2163
f 1867//2164 1860//2164 1868//2164
f 1869//2165 1870//2165 1871//2165
f 1868//2166 1862//2166 1870//2166
f 1872//2167 1871//2167 1855//2167
f 1873//2168 1869//2168 1872//2168
f 1874//2169 1868//2169 1869//2169
f 1875//2170 1872//2170 1854//2170
f 1876//2171 1867//2171 1874//2171
f 1852//2172 1857//2172 1877//2172
f 1877//2173 1859//2173 1866//2173
f 1878//2174 1866//2174 1867//2174
f 1853//2175 1877//2175 1878//2175
f 1879//2176 1878//2176 1876//2176
f 1880//2177 1876//2177 1881//2177
f 1882//2178 1873//2178 1875//2178
f 1881//2179 1874//2179 1873//2179
f 1883//2180 1875//2180 1884//2180
f 1885//2181 1882//2181 1883//2181
f 1886//2182 1881//2182 1882//2182
f 1887//2183 1883//2183 1888//2183
f 1888//2184 1884//2184 1889//2184
f 1890//2185 1891//2185 1892//2185
f 1884//2186 1854//2186 1893//2186
f 1894//2187 1895//2187 1896//2187
f 1893//2188 1856//2188 1895//2188
f 1897//2189 1896//2189 1891//2189
f 1898//2190 1894//2190 1897//2190
f 1889//2191 1893//2191 1894//2191
f 1899//2192 1897//2192 1890//2192
f 1900//2193 1890//2193 1901//2193
f 1902//2194 1903//2194 1844//2194
f 1901//2195 1892//2195 1903//2195
f 1904//2196 1902//2196 1843//2196
f 1905//2197 1901//2197 1902//2197
f 1906//2198 1900//2198 1905//2198
f 1907//2199 1888//2199 1908//2199
f 1909//2200 1898//2200 1899//2200
f 1908//2201 1889//2201 1898//2201
f 1910//2202 1899//2202 1900//2202
f 1911//2203 1909//2203 1910//2203
f 1912//2204 1908//2204 1909//2204
f 1913//2205 1910//2205 1906//2205
f 1914//2206 1906//2206 1915//2206
f 1916//2207 1904//2207 1917//2207
f 1915//2208 1905//2208 1904//2208
f 1918//2209 1916//2209 1919//2209
f 1920//2210 1915//2210 1916//2210
f 1921//2211 1907//2211 1912//2211
f 1922//2212 1923//2212 1924//2212
f 1925//2213 1880//2213 1886//2213
f 1851//2214 1926//2214 1923//2214
f 1926//2215 1853//2215 1879//2215
f 1927//2216 1879//2216 1880//2216
f 1926//2217 1927//2217 1928//2217
f 1927//2218 1925//2218 1929//2218
f 1925//2219 1930//2219 1931//2219
f 1932//2220 1885//2220 1887//2220
f 1930//2221 1886//2221 1885//2221
f 1933//2222 1887//2222 1907//2222
f 1932//2223 1933//2223 1934//2223
f 1930//2224 1932//2224 1935//2224
f 1933//2225 1921//2225 1936//2225
f 1929//2226 1931//2226 1937//2226
f 1924//2227 1822//2227 1812//2227
f 1923//2228 1928//2228 1938//2228
f 1928//2229 1929//2229 1939//2229
f 1808//2230 1924//2230 1938//2230
f 1938//2231 1809//2231 1808//2231
f 1815//2232 1809//2232 1939//2232
f 1935//2233 1934//2233 1940//2233
f 1931//2234 1935//2234 1941//2234
f 1934//2235 1936//2235 1942//2235
f 1940//2236 1821//2236 1807//2236
f 1815//2237 1937//2237 1941//2237
f 1942//2238 1833//2238 1810//2238
f 1810//2239 1940//2239 1942//2239
f 1936//2240 1943//2240 1944//2240
f 1945//2241 1914//2241 1920//2241
f 1936//2242 1921//2242 1946//2242
f 1947//2243 1911//2243 1913//2243
f 1946//2244 1912//2244 1911//2244
f 1948//2245 1913//2245 1914//2245
f 1949//2246 1947//2246 1948//2246
f 1943//2247 1946//2247 1947//2247
f 1950//2248 1948//2248 1945//2248
f 1951//2249 1945//2249 1952//2249
f 1953//2250 1918//2250 1954//2250
f 1952//2251 1920//2251 1918//2251
f 1955//2252 1953//2252 1956//2252
f 1957//2253 1952//2253 1953//2253
f 1951//2254 1957//2254 1958//2254
f 1944//2255 1838//2255 1837//2255
f 1837//2256 1942//2256 1944//2256
f 1949//2257 1950//2257 1959//2257
f 1943//2258 1949//2258 1960//2258
f 1950//2259 1951//2259 1961//2259
f 1827//2260 1826//2260 1960//2260
f 1944//2261 1960//2261 1826//2261
f 1827//2262 1959//2262 1961//2262
f 1955//2263 1962//2263 1963//2263
f 1957//2264 1955//2264 1964//2264
f 1964//2265 1963//2265 1835//2265
f 1836//2266 1832//2266 1958//2266
f 1965//2267 1966//2267 1967//2267
f 1968//2268 1956//2268 1954//2268
f 1969//2269 1970//2269 1971//2269
f 1972//2270 1919//2270 1917//2270
f 1973//2271 1842//2271 1974//2271
f 1975//2272 1917//2272 1843//2272
f 1976//2273 1975//2273 1842//2273
f 1970//2274 1973//2274 1977//2274
f 1978//2275 1976//2275 1973//2275
f 1979//2276 1972//2276 1975//2276
f 1980//2277 1954//2277 1919//2277
f 1981//2278 1980//2278 1972//2278
f 1982//2279 1979//2279 1976//2279
f 1983//2280 1981//2280 1979//2280
f 1984//2281 1982//2281 1978//2281
f 1985//2282 1986//2282 1987//2282
f 1988//2283 1978//2283 1970//2283
f 1986//2284 1969//2284 1989//2284
f 1990//2285 1988//2285 1969//2285
f 1991//2286 1990//2286 1986//2286
f 1966//2287 1985//2287 1992//2287
f 1993//2288 1991//2288 1985//2288
f 1994//2289 1995//2289 1990//2289
f 1996//2290 1983//2290 1982//2290
f 1995//2291 1984//2291 1988//2291
f 1997//2292 1996//2292 1984//2292
f 1998//2293 1997//2293 1995//2293
f 1999//2294 1994//2294 1991//2294
f 2000//2295 1998//2295 1994//2295
f 2001//2296 2002//2296 1983//2296
f 2003//2297 2004//2297 1963//2297
f 2005//2298 1968//2298 1980//2298
f 2003//2299 1962//2299 1956//2299
f 2006//2300 2003//2300 1968//2300
f 2002//2301 2005//2301 1981//2301
f 2007//2302 2006//2302 2005//2302
f 2006//2303 2008//2303 2004//2303
f 1818//2304 1963//2304 2004//2304
f 2004//2305 1824//2305 1818//2305
f 1824//2306 2004//2306 2008//2306
f 2007//2307 2009//2307 2008//2307
f 2010//2308 2011//2308 2009//2308
f 2012//2309 2013//2309 1997//2309
f 2010//2310 2007//2310 2002//2310
f 2013//2311 2001//2311 1996//2311
f 2014//2312 2010//2312 2001//2312
f 2015//2313 2014//2313 2013//2313
f 2016//2314 2012//2314 1998//2314
f 2017//2315 2015//2315 2012//2315
f 2015//2316 2018//2316 2019//2316
f 1820//2317 1819//2317 2009//2317
f 2014//2318 2019//2318 2011//2318
f 1820//2319 2011//2319 2019//2319
f 2018//2320 1825//2320 1831//2320
f 2017//2321 2020//2321 2018//2321
f 2020//2322 1830//2322 1829//2322
f 1829//2323 2018//2323 2020//2323
f 2021//2324 2016//2324 2000//2324
f 2022//2325 2023//2325 2024//2325
f 2025//2326 1999//2326 1993//2326
f 2026//2327 2027//2327 2028//2327
f 2029//2328 1993//2328 1966//2328
f 2027//2329 1965//2329 2030//2329
f 2031//2330 2029//2330 1965//2330
f 2032//2331 2031//2331 2027//2331
f 2023//2332 2026//2332 2033//2332
f 2034//2333 2032//2333 2026//2333
f 2035//2334 2036//2334 2031//2334
f 2037//2335 2000//2335 1999//2335
f 2036//2336 2025//2336 2029//2336
f 2038//2337 2037//2337 2025//2337
f 2039//2338 2038//2338 2036//2338
f 2040//2339 2035//2339 2032//2339
f 2041//2340 2039//2340 2035//2340
f 2042//2341 2040//2341 2034//2341
f 1839//2342 2043//2342 2044//2342
f 2045//2343 2034//2343 2023//2343
f 2043//2344 2022//2344 2046//2344
f 2047//2345 2045//2345 2022//2345
f 1858//2346 2047//2346 2043//2346
f 1857//2347 2048//2347 2047//2347
f 2049//2348 2041//2348 2040//2348
f 2048//2349 2042//2349 2045//2349
f 2050//2350 2049//2350 2042//2350
f 1852//2351 2050//2351 2048//2351
f 2051//2352 2052//2352 2041//2352
f 2053//2353 2054//2353 2020//2353
f 2055//2354 2056//2354 2038//2354
f 2021//2355 2053//2355 2017//2355
f 2056//2356 2021//2356 2037//2356
f 2056//2357 2057//2357 2053//2357
f 2055//2358 2058//2358 2057//2358
f 2052//2359 2055//2359 2039//2359
f 2052//2360 2059//2360 2058//2360
f 2058//2361 2060//2361 2061//2361
f 2054//2362 1834//2362 1830//2362
f 2057//2363 2061//2363 2054//2363
f 2054//2364 2061//2364 1828//2364
f 2061//2365 1817//2365 1828//2365
f 2061//2366 2060//2366 1813//2366
f 2059//2367 2062//2367 2060//2367
f 1814//2368 1813//2368 2060//2368
f 2063//2369 2064//2369 2062//2369
f 1851//2370 2065//2370 2050//2370
f 2051//2371 2063//2371 2059//2371
f 2065//2372 2051//2372 2049//2372
f 2065//2373 2066//2373 2063//2373
f 1851//2374 1922//2374 2066//2374
f 1922//2375 2067//2375 2068//2375
f 1814//2376 2062//2376 2064//2376
f 2066//2377 2068//2377 2064//2377
f 2068//2378 1816//2378 1823//2378
f 2068//2379 2067//2379 1811//2379
f 2067//2380 1812//2380 1811//2380
f 2069//2381 2070//2381 2071//2381
f 2072//2382 2073//2382 2074//2382
f 2075//2383 2076//2383 2077//2383
f 2078//2384 2079//2384 2080//2384
f 1849//2385 2075//2385 2081//2385
f 2082//2386 1849//2386 2083//2386
f 1849//2387 1848//2387 2083//2387
f 2078//2388 2084//2388 2082//2388
f 2082//2389 2085//2389 2075//2389
f 2084//2390 2086//2390 2085//2390
f 2080//2391 2087//2391 2086//2391
f 2088//2392 2089//2392 2090//2392
f 2088//2393 2080//2393 2079//2393
f 2072//2394 2091//2394 2092//2394
f 2092//2395 2093//2395 2094//2395
f 2088//2396 2094//2396 2087//2396
f 2091//2397 2095//2397 2093//2397
f 2087//2398 2096//2398 2097//2398
f 2076//2399 2098//2399 2071//2399
f 2085//2400 2099//2400 2076//2400
f 2086//2401 2097//2401 2099//2401
f 2099//2402 2100//2402 2098//2402
f 2097//2403 2101//2403 2100//2403
f 2102//2404 2101//2404 2097//2404
f 2093//2405 2103//2405 2104//2405
f 2094//2406 2104//2406 2096//2406
f 2095//2407 2105//2407 2103//2407
f 2106//2408 2107//2408 2104//2408
f 2107//2409 2102//2409 2096//2409
f 2108//2410 2106//2410 2103//2410
f 2109//2411 2110//2411 2105//2411
f 2111//2412 2112//2412 2113//2412
f 2074//2413 2109//2413 2095//2413
f 2114//2414 2115//2414 2116//2414
f 2114//2415 2074//2415 2073//2415
f 2113//2416 2112//2416 2117//2416
f 2117//2417 2118//2417 2119//2417
f 2114//2418 2119//2418 2109//2418
f 2112//2419 2120//2419 2118//2419
f 2111//2420 2121//2420 2120//2420
f 1845//2421 2122//2421 2123//2421
f 2111//2422 2124//2422 2125//2422
f 2125//2423 2123//2423 2111//2423
f 2122//2424 2126//2424 2127//2424
f 2123//2425 2127//2425 2121//2425
f 2128//2426 2129//2426 2120//2426
f 2130//2427 2108//2427 2105//2427
f 2131//2428 2132//2428 2119//2428
f 2119//2429 2132//2429 2110//2429
f 2129//2430 2131//2430 2118//2430
f 2133//2431 2134//2431 2132//2431
f 2134//2432 2130//2432 2110//2432
f 2135//2433 2133//2433 2131//2433
f 2136//2434 2135//2434 2129//2434
f 2137//2435 2138//2435 2127//2435
f 2138//2436 2128//2436 2121//2436
f 2139//2437 2140//2437 2138//2437
f 2140//2438 2136//2438 2128//2438
f 2141//2439 2142//2439 2108//2439
f 2143//2440 2144//2440 2145//2440
f 2146//2441 2147//2441 2101//2441
f 2148//2442 2145//2442 2070//2442
f 2149//2443 2069//2443 2098//2443
f 2147//2444 2149//2444 2100//2444
f 2150//2445 2148//2445 2069//2445
f 2151//2446 2150//2446 2149//2446
f 2152//2447 2151//2447 2147//2447
f 2153//2448 2154//2448 2107//2448
f 2154//2449 2146//2449 2102//2449
f 2142//2450 2153//2450 2106//2450
f 2155//2451 2156//2451 2154//2451
f 2156//2452 2152//2452 2146//2452
f 2157//2453 2155//2453 2153//2453
f 2158//2454 2159//2454 2151//2454
f 1974//2455 1844//2455 2144//2455
f 2160//2456 2143//2456 2148//2456
f 2159//2457 2160//2457 2150//2457
f 1977//2458 1974//2458 2143//2458
f 1971//2459 1977//2459 2160//2459
f 1989//2460 1971//2460 2159//2460
f 2161//2461 2162//2461 2156//2461
f 2162//2462 2158//2462 2152//2462
f 2163//2463 2161//2463 2155//2463
f 1992//2464 1987//2464 2162//2464
f 1987//2465 1989//2465 2158//2465
f 1967//2466 1992//2466 2161//2466
f 2164//2467 2163//2467 2157//2467
f 2165//2468 2166//2468 2135//2468
f 2167//2469 2157//2469 2142//2469
f 2168//2470 2169//2470 2134//2470
f 2169//2471 2141//2471 2130//2471
f 2166//2472 2168//2472 2133//2472
f 2170//2473 2171//2473 2169//2473
f 2171//2474 2167//2474 2141//2474
f 2172//2475 2170//2475 2168//2475
f 2173//2476 2172//2476 2166//2476
f 2174//2477 2175//2477 2140//2477
f 2175//2478 2165//2478 2136//2478
f 2176//2479 2177//2479 2175//2479
f 2177//2480 2173//2480 2165//2480
f 2178//2481 2179//2481 2172//2481
f 2030//2482 1967//2482 2163//2482
f 2180//2483 2181//2483 2171//2483
f 2181//2484 2164//2484 2167//2484
f 2179//2485 2180//2485 2170//2485
f 2033//2486 2028//2486 2181//2486
f 2028//2487 2030//2487 2164//2487
f 2024//2488 2033//2488 2180//2488
f 2046//2489 2024//2489 2179//2489
f 2182//2490 2183//2490 2177//2490
f 2183//2491 2178//2491 2173//2491
f 1840//2492 2044//2492 2183//2492
f 2044//2493 2046//2493 2178//2493
f 2184//2494 2185//2494 2186//2494
f 2174//2495 2139//2495 2187//2495
f 2188//2496 2189//2496 2190//2496
f 2137//2497 2126//2497 2191//2497
f 2192//2498 1847//2498 2193//2498
f 1847//2499 1846//2499 2193//2499
f 2122//2500 1847//2500 2191//2500
f 1847//2501 2192//2501 2194//2501
f 2192//2502 2195//2502 2188//2502
f 2192//2503 2196//2503 2197//2503
f 2198//2504 2191//2504 2194//2504
f 2139//2505 2137//2505 2198//2505
f 2187//2506 2198//2506 2199//2506
f 2199//2507 2194//2507 2197//2507
f 2200//2508 2199//2508 2201//2508
f 2201//2509 2197//2509 2202//2509
f 2203//2510 2204//2510 2205//2510
f 2196//2511 2190//2511 2202//2511
f 2203//2512 2190//2512 2189//2512
f 2190//2513 2203//2513 2206//2513
f 2203//2514 2207//2514 2208//2514
f 2184//2515 2209//2515 2207//2515
f 2207//2516 2209//2516 2210//2516
f 2206//2517 2208//2517 2211//2517
f 2212//2518 2201//2518 2213//2518
f 2213//2519 2202//2519 2206//2519
f 2214//2520 2213//2520 2215//2520
f 2216//2521 2215//2521 2211//2521
f 2208//2522 2210//2522 2217//2522
f 2218//2523 2211//2523 2217//2523
f 2219//2524 2212//2524 2214//2524
f 2182//2525 2176//2525 2220//2525
f 2221//2526 2187//2526 2200//2526
f 2176//2527 2174//2527 2221//2527
f 2220//2528 2221//2528 2222//2528
f 2222//2529 2200//2529 2212//2529
f 2223//2530 2222//2530 2219//2530
f 2224//2531 2220//2531 2223//2531
f 1840//2532 2182//2532 2224//2532
f 1841//2533 2224//2533 2225//2533
f 2225//2534 2223//2534 2226//2534
f 1864//2535 2225//2535 2227//2535
f 2227//2536 2226//2536 2228//2536
f 2229//2537 2216//2537 2218//2537
f 2226//2538 2219//2538 2230//2538
f 2230//2539 2214//2539 2216//2539
f 2228//2540 2230//2540 2229//2540
f 2231//2541 2229//2541 2232//2541
f 2232//2542 2218//2542 2233//2542
f 2234//2543 2232//2543 2235//2543
f 2236//2544 2231//2544 2234//2544
f 1861//2545 2227//2545 2237//2545
f 2237//2546 2228//2546 2231//2546
f 1862//2547 2237//2547 2236//2547
f 1870//2548 2236//2548 2238//2548
f 2238//2549 2234//2549 2239//2549
f 1871//2550 2238//2550 2240//2550
f 2235//2551 2233//2551 2241//2551
f 2242//2552 2243//2552 2244//2552
f 2210//2553 2245//2553 2246//2553
f 2247//2554 2248//2554 2249//2554
f 2209//2555 2186//2555 2245//2555
f 2247//2556 2186//2556 2185//2556
f 2186//2557 2247//2557 2250//2557
f 2247//2558 2251//2558 2252//2558
f 2242//2559 2253//2559 2251//2559
f 2251//2560 2253//2560 2254//2560
f 2250//2561 2252//2561 2255//2561
f 2233//2562 2217//2562 2246//2562
f 2245//2563 2250//2563 2256//2563
f 2241//2564 2246//2564 2256//2564
f 2257//2565 2256//2565 2255//2565
f 2252//2566 2254//2566 2258//2566
f 2259//2567 2255//2567 2258//2567
f 2254//2568 2260//2568 2261//2568
f 2262//2569 2263//2569 2264//2569
f 2253//2570 2244//2570 2260//2570
f 2244//2571 2243//2571 2265//2571
f 2265//2572 2262//2572 2244//2572
f 2244//2573 2262//2573 2266//2573
f 2262//2574 1850//2574 2081//2574
f 2266//2575 2081//2575 2077//2575
f 2258//2576 2261//2576 2267//2576
f 2260//2577 2266//2577 2268//2577
f 2261//2578 2268//2578 2269//2578
f 2268//2579 2077//2579 2071//2579
f 2270//2580 2271//2580 2267//2580
f 2240//2581 2239//2581 2272//2581
f 2273//2582 2257//2582 2259//2582
f 2239//2583 2235//2583 2274//2583
f 2274//2584 2241//2584 2257//2584
f 2272//2585 2274//2585 2273//2585
f 2275//2586 2273//2586 2276//2586
f 2276//2587 2259//2587 2271//2587
f 2277//2588 2276//2588 2270//2588
f 2278//2589 2275//2589 2277//2589
f 1855//2590 2240//2590 2279//2590
f 2279//2591 2272//2591 2275//2591
f 1856//2592 2279//2592 2278//2592
f 1895//2593 2278//2593 2280//2593
f 2280//2594 2277//2594 2281//2594
f 1896//2595 2280//2595 2282//2595
f 2282//2596 2281//2596 2283//2596
f 2284//2597 2269//2597 2071//2597
f 2281//2598 2270//2598 2285//2598
f 2285//2599 2267//2599 2269//2599
f 2283//2600 2285//2600 2284//2600
f 2286//2601 2284//2601 2070//2601
f 2287//2602 2286//2602 2145//2602
f 1891//2603 2282//2603 2288//2603
f 2288//2604 2283//2604 2286//2604
f 1892//2605 2288//2605 2287//2605
f 1903//2606 2287//2606 2144//2606
f 2144//2606 1844//2606 1903//2606
f 2287//2605 1903//2605 1892//2605
f 2286//2604 2287//2604 2288//2604
f 2288//2603 1892//2603 1891//2603
f 2145//2602 2144//2602 2287//2602
f 2070//2601 2145//2601 2286//2601
f 2284//2600 2286//2600 2283//2600
f 2269//2599 2284//2599 2285//2599
f 2285//2598 2283//2598 2281//2598
f 2071//2597 2070//2597 2284//2597
f 2283//2596 2288//2596 2282//2596
f 2282//2595 1891//2595 1896//2595
f 2281//2594 2282//2594 2280//2594
f 2280//2593 1896//2593 1895//2593
f 2278//2592 1895//2592 1856//2592
f 2275//2591 2278//2591 2279//2591
f 2279//2590 1856//2590 1855//2590
f 2277//2589 2280//2589 2278//2589
f 2270//2588 2281//2588 2277//2588
f 2271//2587 2270//2587 2276//2587
f 2276//2586 2277//2586 2275//2586
f 2273//2585 2275//2585 2272//2585
f 2257//2584 2273//2584 2274//2584
f 2274//2583 2272//2583 2239//2583
f 2259//2582 2276//2582 2273//2582
f 2272//2581 2279//2581 2240//2581
f 2267//2580 2285//2580 2270//2580
f 2071//2579 2269//2579 2268//2579
f 2269//2578 2267//2578 2261//2578
f 2268//2577 2261//2577 2260//2577
f 2267//2576 2271//2576 2258//2576
f 2077//2575 2268//2575 2266//2575
f 2081//2574 2266//2574 2262//2574
f 2266//2573 2260//2573 2244//2573
f 2265//2607 2263//2607 2262//2607
f 2260//2570 2254//2570 2253//2570
f 2264//2569 1850//2569 2262//2569
f 2261//2568 2258//2568 2254//2568
f 2258//2567 2271//2567 2259//2567
f 2258//2566 2255//2566 2252//2566
f 2255//2565 2259//2565 2257//2565
f 2256//2564 2257//2564 2241//2564
f 2256//2563 2246//2563 2245//2563
f 2246//2562 2241//2562 2233//2562
f 2255//2561 2256//2561 2250//2561
f 2254//2560 2252//2560 2251//2560
f 2251//2608 2249//2608 2242//2608
f 2252//2558 2250//2558 2247//2558
f 2250//2557 2245//2557 2186//2557
f 2185//2609 2248//2609 2247//2609
f 2245//2555 2210//2555 2209//2555
f 2249//2610 2251//2610 2247//2610
f 2246//2553 2217//2553 2210//2553
f 2244//2611 2253//2611 2242//2611
f 2241//2551 2274//2551 2235//2551
f 2240//2550 1855//2550 1871//2550
f 2239//2549 2240//2549 2238//2549
f 2238//2548 1871//2548 1870//2548
f 2236//2547 1870//2547 1862//2547
f 2231//2546 2236//2546 2237//2546
f 2237//2545 1862//2545 1861//2545
f 2234//2544 2238//2544 2236//2544
f 2235//2543 2239//2543 2234//2543
f 2233//2542 2235//2542 2232//2542
f 2232//2541 2234//2541 2231//2541
f 2229//2540 2231//2540 2228//2540
f 2216//2539 2229//2539 2230//2539
f 2230//2538 2228//2538 2226//2538
f 2218//2537 2232//2537 2229//2537
f 2228//2536 2237//2536 2227//2536
f 2227//2535 1861//2535 1864//2535
f 2226//2534 2227//2534 2225//2534
f 2225//2533 1864//2533 1841//2533
f 2224//2532 1841//2532 1840//2532
f 2223//2531 2225//2531 2224//2531
f 2219//2530 2226//2530 2223//2530
f 2212//2529 2219//2529 2222//2529
f 2222//2528 2223//2528 2220//2528
f 2221//2527 2220//2527 2176//2527
f 2200//2526 2222//2526 2221//2526
f 2220//2525 2224//2525 2182//2525
f 2214//2524 2230//2524 2219//2524
f 2217//2523 2233//2523 2218//2523
f 2217//2522 2211//2522 2208//2522
f 2211//2521 2218//2521 2216//2521
f 2215//2520 2216//2520 2214//2520
f 2206//2519 2215//2519 2213//2519
f 2213//2518 2214//2518 2212//2518
f 2211//2517 2215//2517 2206//2517
f 2210//2516 2208//2516 2207//2516
f 2207//2612 2205//2612 2184//2612
f 2208//2514 2206//2514 2203//2514
f 2206//2513 2202//2513 2190//2513
f 2189//2613 2204//2613 2203//2613
f 2202//2511 2197//2511 2196//2511
f 2205//2614 2207//2614 2203//2614
f 2202//2509 2213//2509 2201//2509
f 2201//2508 2212//2508 2200//2508
f 2197//2507 2201//2507 2199//2507
f 2199//2506 2200//2506 2187//2506
f 2198//2505 2187//2505 2139//2505
f 2194//2504 2199//2504 2198//2504
f 2197//2503 2194//2503 2192//2503
f 2188//2615 2196//2615 2192//2615
f 2194//2501 2191//2501 1847//2501
f 2191//2500 2126//2500 2122//2500
f 2193//2616 2195//2616 2192//2616
f 2191//2497 2198//2497 2137//2497
f 2190//2617 2196//2617 2188//2617
f 2187//2495 2221//2495 2174//2495
f 2186//2618 2209//2618 2184//2618
f 2178//2493 2183//2493 2044//2493
f 2183//2492 2182//2492 1840//2492
f 2173//2491 2177//2491 2183//2491
f 2177//2490 2176//2490 2182//2490
f 2179//2489 2178//2489 2046//2489
f 2180//2488 2179//2488 2024//2488
f 2164//2487 2181//2487 2028//2487
f 2181//2486 2180//2486 2033//2486
f 2170//2485 2172//2485 2179//2485
f 2167//2484 2171//2484 2181//2484
f 2171//2483 2170//2483 2180//2483
f 2163//2482 2164//2482 2030//2482
f 2172//2481 2173//2481 2178//2481
f 2165//2480 2175//2480 2177//2480
f 2175//2479 2174//2479 2176//2479
f 2136//2478 2140//2478 2175//2478
f 2140//2477 2139//2477 2174//2477
f 2166//2476 2165//2476 2173//2476
f 2168//2475 2166//2475 2172//2475
f 2141//2474 2169//2474 2171//2474
f 2169//2473 2168//2473 2170//2473
f 2133//2472 2135//2472 2166//2472
f 2130//2471 2134//2471 2169//2471
f 2134//2470 2133//2470 2168//2470
f 2142//2469 2141//2469 2167//2469
f 2135//2468 2136//2468 2165//2468
f 2157//2467 2167//2467 2164//2467
f 2161//2466 2163//2466 1967//2466
f 2158//2465 2162//2465 1987//2465
f 2162//2464 2161//2464 1992//2464
f 2155//2463 2157//2463 2163//2463
f 2152//2462 2156//2462 2162//2462
f 2156//2461 2155//2461 2161//2461
f 2159//2460 2158//2460 1989//2460
f 2160//2459 2159//2459 1971//2459
f 2143//2458 2160//2458 1977//2458
f 2150//2457 2151//2457 2159//2457
f 2148//2456 2150//2456 2160//2456
f 2144//2455 2143//2455 1974//2455
f 2151//2454 2152//2454 2158//2454
f 2153//2453 2142//2453 2157//2453
f 2146//2452 2154//2452 2156//2452
f 2154//2451 2153//2451 2155//2451
f 2106//2450 2108//2450 2142//2450
f 2102//2449 2107//2449 2154//2449
f 2107//2448 2106//2448 2153//2448
f 2147//2447 2146//2447 2152//2447
f 2149//2446 2147//2446 2151//2446
f 2069//2445 2149//2445 2150//2445
f 2100//2444 2101//2444 2147//2444
f 2098//2443 2100//2443 2149//2443
f 2070//2442 2069//2442 2148//2442
f 2101//2441 2102//2441 2146//2441
f 2145//2440 2148//2440 2143//2440
f 2108//2439 2130//2439 2141//2439
f 2128//2438 2138//2438 2140//2438
f 2138//2437 2137//2437 2139//2437
f 2121//2436 2127//2436 2138//2436
f 2127//2435 2126//2435 2137//2435
f 2129//2434 2128//2434 2136//2434
f 2131//2433 2129//2433 2135//2433
f 2110//2432 2132//2432 2134//2432
f 2132//2431 2131//2431 2133//2431
f 2118//2430 2120//2430 2129//2430
f 2110//2429 2109//2429 2119//2429
f 2119//2428 2118//2428 2131//2428
f 2105//2427 2110//2427 2130//2427
f 2120//2426 2121//2426 2128//2426
f 2121//2425 2111//2425 2123//2425
f 2127//2424 2123//2424 2122//2424
f 2125//2619 2289//2619 2123//2619
f 2123//2421 2289//2421 1845//2421
f 2120//2420 2112//2420 2111//2420
f 2118//2419 2117//2419 2112//2419
f 2109//2418 2074//2418 2114//2418
f 2119//2417 2114//2417 2117//2417
f 2117//2620 2116//2620 2113//2620
f 2073//2621 2115//2621 2114//2621
f 2116//2622 2117//2622 2114//2622
f 2095//2413 2091//2413 2074//2413
f 2113//2623 2124//2623 2111//2623
f 2105//2411 2095//2411 2109//2411
f 2103//2410 2105//2410 2108//2410
f 2096//2409 2104//2409 2107//2409
f 2104//2408 2103//2408 2106//2408
f 2103//2407 2093//2407 2095//2407
f 2096//2406 2087//2406 2094//2406
f 2104//2405 2094//2405 2093//2405
f 2097//2404 2096//2404 2102//2404
f 2100//2403 2099//2403 2097//2403
f 2098//2402 2076//2402 2099//2402
f 2099//2401 2085//2401 2086//2401
f 2076//2400 2075//2400 2085//2400
f 2071//2399 2077//2399 2076//2399
f 2097//2398 2086//2398 2087//2398
f 2093//2397 2092//2397 2091//2397
f 2087//2396 2080//2396 2088//2396
f 2094//2395 2088//2395 2092//2395
f 2092//2624 2090//2624 2072//2624
f 2079//2625 2089//2625 2088//2625
f 2090//2626 2092//2626 2088//2626
f 2086//2391 2084//2391 2080//2391
f 2085//2390 2082//2390 2084//2390
f 2075//2389 1849//2389 2082//2389
f 2082//2627 2290//2627 2078//2627
f 2083//2628 2290//2628 2082//2628
f 2081//2385 1850//2385 1849//2385
f 2080//2629 2084//2629 2078//2629
f 2077//2383 2081//2383 2075//2383
f 2074//2630 2091//2630 2072//2630
f 2071//2381 2098//2381 2069//2381
f 1811//2631 1816//2631 2068//2631
f 1823//2632 2064//2632 2068//2632
f 2064//2377 2063//2377 2066//2377
f 2064//2633 1823//2633 1814//2633
f 2068//2375 2066//2375 1922//2375
f 2066//2374 2065//2374 1851//2374
f 2063//2373 2051//2373 2065//2373
f 2049//2372 2050//2372 2065//2372
f 2059//2371 2052//2371 2051//2371
f 2050//2370 1852//2370 1851//2370
f 2062//2369 2059//2369 2063//2369
f 2060//2634 2062//2634 1814//2634
f 2060//2367 2058//2367 2059//2367
f 1813//2635 1817//2635 2061//2635
f 1828//2636 1834//2636 2054//2636
f 2054//2363 2053//2363 2057//2363
f 1830//2637 2020//2637 2054//2637
f 2061//2361 2057//2361 2058//2361
f 2058//2360 2055//2360 2052//2360
f 2039//2359 2041//2359 2052//2359
f 2057//2358 2056//2358 2055//2358
f 2053//2357 2021//2357 2056//2357
f 2037//2356 2038//2356 2056//2356
f 2017//2355 2016//2355 2021//2355
f 2038//2354 2039//2354 2055//2354
f 2020//2353 2017//2353 2053//2353
f 2041//2352 2049//2352 2051//2352
f 2048//2351 1857//2351 1852//2351
f 2042//2350 2048//2350 2050//2350
f 2045//2349 2047//2349 2048//2349
f 2040//2348 2042//2348 2049//2348
f 2047//2347 1858//2347 1857//2347
f 2043//2346 1839//2346 1858//2346
f 2022//2345 2043//2345 2047//2345
f 2046//2344 2044//2344 2043//2344
f 2023//2343 2022//2343 2045//2343
f 2044//2342 1840//2342 1839//2342
f 2034//2341 2045//2341 2042//2341
f 2035//2340 2040//2340 2041//2340
f 2032//2339 2034//2339 2040//2339
f 2036//2338 2035//2338 2039//2338
f 2025//2337 2036//2337 2038//2337
f 2029//2336 2031//2336 2036//2336
f 1999//2335 2025//2335 2037//2335
f 2031//2334 2032//2334 2035//2334
f 2026//2333 2023//2333 2034//2333
f 2033//2332 2024//2332 2023//2332
f 2027//2331 2026//2331 2032//2331
f 1965//2330 2027//2330 2031//2330
f 2030//2329 2028//2329 2027//2329
f 1966//2328 1965//2328 2029//2328
f 2028//2327 2033//2327 2026//2327
f 1993//2326 2029//2326 2025//2326
f 2024//2325 2046//2325 2022//2325
f 2000//2324 2037//2324 2021//2324
f 1829//2638 1825//2638 2018//2638
f 2018//2321 2015//2321 2017//2321
f 1831//2639 2019//2639 2018//2639
f 2019//2640 1831//2640 1820//2640
f 2011//2318 2010//2318 2014//2318
f 2009//2641 2011//2641 1820//2641
f 2019//2316 2014//2316 2015//2316
f 2012//2315 2016//2315 2017//2315
f 1998//2314 2000//2314 2016//2314
f 2013//2313 2012//2313 2015//2313
f 2001//2312 2013//2312 2014//2312
f 1996//2311 1997//2311 2013//2311
f 2002//2310 2001//2310 2010//2310
f 1997//2309 1998//2309 2012//2309
f 2009//2308 2007//2308 2010//2308
f 2008//2642 2009//2642 1819//2642
f 2008//2307 2006//2307 2007//2307
f 2008//2643 1819//2643 1824//2643
f 1818//2644 1835//2644 1963//2644
f 2004//2303 2003//2303 2006//2303
f 2005//2302 2002//2302 2007//2302
f 1981//2301 1983//2301 2002//2301
f 1968//2300 2005//2300 2006//2300
f 1956//2299 1968//2299 2003//2299
f 1980//2298 1981//2298 2005//2298
f 1963//2297 1962//2297 2003//2297
f 1983//2296 1996//2296 2001//2296
f 1994//2295 1999//2295 2000//2295
f 1991//2294 1993//2294 1999//2294
f 1995//2293 1994//2293 1998//2293
f 1984//2292 1995//2292 1997//2292
f 1988//2291 1990//2291 1995//2291
f 1982//2290 1984//2290 1996//2290
f 1990//2289 1991//2289 1994//2289
f 1985//2288 1966//2288 1993//2288
f 1992//2287 1967//2287 1966//2287
f 1986//2286 1985//2286 1991//2286
f 1969//2285 1986//2285 1990//2285
f 1989//2284 1987//2284 1986//2284
f 1970//2283 1969//2283 1988//2283
f 1987//2282 1992//2282 1985//2282
f 1978//2281 1988//2281 1984//2281
f 1979//2280 1982//2280 1983//2280
f 1976//2279 1978//2279 1982//2279
f 1972//2278 1979//2278 1981//2278
f 1919//2277 1972//2277 1980//2277
f 1975//2276 1976//2276 1979//2276
f 1973//2275 1970//2275 1978//2275
f 1977//2274 1971//2274 1970//2274
f 1842//2273 1973//2273 1976//2273
f 1843//2272 1842//2272 1975//2272
f 1974//2271 1977//2271 1973//2271
f 1917//2270 1975//2270 1972//2270
f 1971//2269 1989//2269 1969//2269
f 1954//2268 1980//2268 1968//2268
f 1967//2267 2030//2267 1965//2267
f 1958//2645 1964//2645 1836//2645
f 1835//2646 1836//2646 1964//2646
f 1964//2264 1958//2264 1957//2264
f 1963//2263 1964//2263 1955//2263
f 1832//2647 1961//2647 1958//2647
f 1961//2648 1832//2648 1827//2648
f 1826//2649 1838//2649 1944//2649
f 1960//2650 1959//2650 1827//2650
f 1961//2259 1959//2259 1950//2259
f 1960//2258 1944//2258 1943//2258
f 1959//2257 1960//2257 1949//2257
f 1837//2651 1833//2651 1942//2651
f 1958//2254 1961//2254 1951//2254
f 1953//2253 1955//2253 1957//2253
f 1956//2252 1962//2252 1955//2252
f 1918//2251 1953//2251 1952//2251
f 1954//2250 1956//2250 1953//2250
f 1952//2249 1957//2249 1951//2249
f 1945//2248 1951//2248 1950//2248
f 1947//2247 1949//2247 1943//2247
f 1948//2246 1950//2246 1949//2246
f 1914//2245 1945//2245 1948//2245
f 1911//2244 1947//2244 1946//2244
f 1913//2243 1948//2243 1947//2243
f 1946//2242 1943//2242 1936//2242
f 1920//2241 1952//2241 1945//2241
f 1944//2240 1942//2240 1936//2240
f 1810//2652 1821//2652 1940//2652
f 1941//2653 1807//2653 1815//2653
f 1807//2654 1941//2654 1940//2654
f 1942//2235 1940//2235 1934//2235
f 1941//2234 1937//2234 1931//2234
f 1940//2233 1941//2233 1935//2233
f 1939//2655 1937//2655 1815//2655
f 1938//2656 1939//2656 1809//2656
f 1808//2657 1822//2657 1924//2657
f 1939//2229 1938//2229 1928//2229
f 1938//2228 1924//2228 1923//2228
f 1812//2658 2067//2658 1924//2658
f 1937//2226 1939//2226 1929//2226
f 1936//2225 1934//2225 1933//2225
f 1935//2224 1931//2224 1930//2224
f 1934//2223 1935//2223 1932//2223
f 1907//2222 1921//2222 1933//2222
f 1885//2221 1932//2221 1930//2221
f 1887//2220 1933//2220 1932//2220
f 1931//2219 1929//2219 1925//2219
f 1929//2218 1928//2218 1927//2218
f 1928//2217 1923//2217 1926//2217
f 1880//2216 1925//2216 1927//2216
f 1879//2215 1927//2215 1926//2215
f 1923//2214 1922//2214 1851//2214
f 1886//2213 1930//2213 1925//2213
f 1924//2212 2067//2212 1922//2212
f 1912//2211 1946//2211 1921//2211
f 1916//2210 1918//2210 1920//2210
f 1919//2209 1954//2209 1918//2209
f 1904//2208 1916//2208 1915//2208
f 1917//2207 1919//2207 1916//2207
f 1915//2206 1920//2206 1914//2206
f 1906//2205 1914//2205 1913//2205
f 1909//2204 1911//2204 1912//2204
f 1910//2203 1913//2203 1911//2203
f 1900//2202 1906//2202 1910//2202
f 1898//2201 1909//2201 1908//2201
f 1899//2200 1910//2200 1909//2200
f 1908//2199 1912//2199 1907//2199
f 1905//2198 1915//2198 1906//2198
f 1902//2197 1904//2197 1905//2197
f 1843//2196 1917//2196 1904//2196
f 1903//2195 1902//2195 1901//2195
f 1844//2194 1843//2194 1902//2194
f 1901//2193 1905//2193 1900//2193
f 1890//2192 1900//2192 1899//2192
f 1894//2191 1898//2191 1889//2191
f 1897//2190 1899//2190 1898//2190
f 1891//2189 1890//2189 1897//2189
f 1895//2188 1894//2188 1893//2188
f 1896//2187 1897//2187 1894//2187
f 1893//2186 1889//2186 1884//2186
f 1892//2185 1901//2185 1890//2185
f 1889//2184 1908//2184 1888//2184
f 1888//2183 1907//2183 1887//2183
f 1882//2182 1885//2182 1886//2182
f 1883//2181 1887//2181 1885//2181
f 1884//2180 1888//2180 1883//2180
f 1873//2179 1882//2179 1881//2179
f 1875//2178 1883//2178 1882//2178
f 1881//2177 1886//2177 1880//2177
f 1876//2176 1880//2176 1879//2176
f 1878//2175 1879//2175 1853//2175
f 1867//2174 1876//2174 1878//2174
f 1866//2173 1878//2173 1877//2173
f 1877//2172 1853//2172 1852//2172
f 1874//2171 1881//2171 1876//2171
f 1854//2170 1884//2170 1875//2170
f 1869//2169 1873//2169 1874//2169
f 1872//2168 1875//2168 1873//2168
f 1855//2167 1854//2167 1872//2167
f 1870//2166 1869//2166 1868//2166
f 1871//2165 1872//2165 1869//2165
f 1868//2164 1874//2164 1867//2164
f 1860//2163 1867//2163 1866//2163
f 1865//2162 1866//2162 1859//2162
f 1861//2161 1860//2161 1865//2161
f 1864//2160 1865//2160 1863//2160
f 1863//2159 1859//2159 1858//2159
f 1862//2158 1868//2158 1860//2158
f 1859//2157 1877//2157 1857//2157
f 1856//2156 1893//2156 1854//2156
f 1853//2155 1926//2155 1851//2155
f 1850//2154 2264//2154 1848//2154
f 1847//2153 2122//2153 1845//2153
f 1844//2152 1974//2152 1842//2152
f 1841//2151 1863//2151 1839//2151
f 2291//2659 1845//2659 2289//2659
f 2289//2660 2292//2660 2291//2660
f 2293//2661 2292//2661 2124//2661
f 2292//2662 2125//2662 2124//2662
f 2293//2663 2113//2663 2116//2663
f 2294//2664 2295//2664 2115//2664
f 2295//2665 2116//2665 2115//2665
f 2294//2666 2073//2666 2072//2666
f 2296//2667 2072//2667 2090//2667
f 2297//2668 2090//2668 2089//2668
f 2089//2669 2298//2669 2297//2669
f 2298//2670 2079//2670 2078//2670
f 2299//2671 2078//2671 2290//2671
f 2290//2672 2300//2672 2299//2672
f 2301//2673 2300//2673 1848//2673
f 2300//2674 2083//2674 1848//2674
f 2301//2675 2264//2675 2263//2675
f 2263//2676 2302//2676 2301//2676
f 2303//2677 2302//2677 2243//2677
f 2302//2678 2265//2678 2243//2678
f 2303//2679 2242//2679 2249//2679
f 2304//2680 2305//2680 2248//2680
f 2305//2681 2249//2681 2248//2681
f 2304//2682 2185//2682 2184//2682
f 2306//2683 2184//2683 2205//2683
f 2307//2684 2205//2684 2204//2684
f 2204//2685 2308//2685 2307//2685
f 2308//2686 2189//2686 2188//2686
f 2309//2687 2188//2687 2195//2687
f 2195//2688 2310//2688 2309//2688
f 2291//2689 2310//2689 1846//2689
f 2310//2690 2193//2690 1846//2690
f 1846//2691 1845//2691 2291//2691
f 2195//2692 2193//2692 2310//2692
f 2188//2686 2309//2686 2308//2686
f 2204//2693 2189//2693 2308//2693
f 2205//2683 2307//2683 2306//2683
f 2184//2682 2306//2682 2304//2682
f 2248//2694 2185//2694 2304//2694
f 2249//2679 2305//2679 2303//2679
f 2243//2695 2242//2695 2303//2695
f 2263//2696 2265//2696 2302//2696
f 1848//2697 2264//2697 2301//2697
f 2290//2698 2083//2698 2300//2698
f 2078//2670 2299//2670 2298//2670
f 2089//2699 2079//2699 2298//2699
f 2090//2667 2297//2667 2296//2667
f 2072//2666 2296//2666 2294//2666
f 2115//2700 2073//2700 2294//2700
f 2116//2663 2295//2663 2293//2663
f 2124//2701 2113//2701 2293//2701
f 2289//2702 2125//2702 2292//2702
f 2311//2703 2312//2703 2301//2703
f 2312//2704 2313//2704 2296//2704
f 2301//2705 2302//2705 2311//2705
f 2312//2705 2299//2705 2300//2705
f 2313//2705 2294//2705 2296//2705
f 2314//2705 2310//2705 2291//2705
f 2311//2706 2304//2706 2306//2706
f 2302//2707 2303//2707 2311//2707
f 2312//2705 2298//2705 2299//2705
f 2296//2708 2297//2708 2312//2708
f 2313//2705 2293//2705 2295//2705
f 2313//2705 2291//2705 2292//2705
f 2314//2709 2309//2709 2310//2709
f 2314//2710 2307//2710 2308//2710
f 2306//2711 2314//2711 2311//2711
f 2303//2712 2305//2712 2311//2712
f 2297//2705 2298//2705 2312//2705
f 2292//2705 2293//2705 2313//2705
f 2308//2713 2309//2713 2314//2713
f 2305//2714 2304//2714 2311//2714
f 2295//2705 2294//2705 2313//2705
f 2306//2715 2307//2715 2314//2715
f 2291//2716 2313//2716 2314//2716
f 2300//2705 2301//2705 2312//2705
f 2315//2717 2314//2717 2313//2717
f 2313//2718 2316//2718 2315//2718
f 2317//2719 2316//2719 2313//2719
f 2315//2720 2316//2720 2318//2720
f 2318//2721 2319//2721 2315//2721
f 2316//2663 2317//2663 2320//2663
f 2320//2663 2318//2663 2316//2663
f 2321//2722 2322//2722 2323//2722
f 2322//2723 2324//2723 2325//2723
f 2324//2724 2326//2724 2327//2724
f 2326//2725 2328//2725 2329//2725
f 2328//2726 2330//2726 2331//2726
f 2321//2727 2332//2727 2318//2727
f 2318//2727 2320//2727 2321//2727
f 2331//2728 2329//2728 2328//2728
f 2329//2725 2327//2725 2326//2725
f 2327//2724 2325//2724 2324//2724
f 2325//2723 2323//2723 2322//2723
f 2323//2722 2332//2722 2321//2722
f 2313//2729 2312//2729 2333//2729
f 2333//2729 2317//2729 2313//2729
f 2334//2730 2335//2730 2333//2730
f 2333//2730 2312//2730 2334//2730
f 2327//2731 2329//2731 2336//2731
f 2325//2732 2327//2732 2337//2732
f 2323//2733 2325//2733 2338//2733
f 2332//2734 2323//2734 2339//2734
f 2329//2735 2331//2735 2340//2735
f 2332//2736 2341//2736 2319//2736
f 2319//2737 2318//2737 2332//2737
f 2340//2738 2336//2738 2329//2738
f 2339//2734 2341//2734 2332//2734
f 2338//2733 2339//2733 2323//2733
f 2337//2732 2338//2732 2325//2732
f 2336//2731 2337//2731 2327//2731
f 2330//2739 2342//2739 2343//2739
f 2343//2740 2331//2740 2330//2740
f 2340//2741 2343//2741 2344//2741
f 2340//2742 2331//2742 2343//2742
f 2344//2743 2345//2743 2340//2743
f 2346//2744 2344//2744 2343//2744
f 2343//2745 2342//2745 2347//2745
f 2343//2746 2347//2746 2346//2746
f 2348//2747 2334//2747 2312//2747
f 2312//2748 2311//2748 2348//2748
f 2349//2749 2350//2749 2351//2749
f 2350//2750 2352//2750 2353//2750
f 2352//2751 2354//2751 2355//2751
f 2354//2752 2356//2752 2357//2752
f 2356//2753 2335//2753 2334//2753
f 2358//2754 2349//2754 2359//2754
f 2359//2755 2360//2755 2358//2755
f 2334//2753 2357//2753 2356//2753
f 2357//2752 2355//2752 2354//2752
f 2355//2751 2353//2751 2352//2751
f 2353//2750 2351//2750 2350//2750
f 2351//2749 2359//2749 2349//2749
f 2317//2756 2333//2756 2335//2756
f 2361//2757 2347//2757 2342//2757
f 2330//2758 2362//2758 2363//2758
f 2335//2756 2320//2756 2317//2756
f 2328//2759 2364//2759 2362//2759
f 2363//2760 2361//2760 2330//2760
f 2358//2761 2365//2761 2366//2761
f 2365//2762 2358//2762 2367//2762
f 2356//2763 2321//2763 2320//2763
f 2354//2764 2368//2764 2324//2764
f 2326//2765 2368//2765 2364//2765
f 2342//2766 2330//2766 2361//2766
f 2367//2767 2369//2767 2365//2767
f 2349//2768 2358//2768 2370//2768
f 2350//2769 2371//2769 2372//2769
f 2350//2770 2349//2770 2373//2770
f 2356//2756 2322//2756 2321//2756
f 2368//2771 2326//2771 2324//2771
f 2362//2772 2330//2772 2328//2772
f 2370//2773 2373//2773 2349//2773
f 2373//2774 2371//2774 2350//2774
f 2352//2756 2374//2756 2375//2756
f 2352//2756 2350//2756 2376//2756
f 2354//2756 2377//2756 2378//2756
f 2354//2756 2352//2756 2379//2756
f 2335//2775 2356//2775 2320//2775
f 2364//2776 2328//2776 2326//2776
f 2372//2777 2376//2777 2350//2777
f 2376//2778 2374//2778 2352//2778
f 2379//2756 2377//2756 2354//2756
f 2324//2756 2322//2756 2354//2756
f 2375//2756 2379//2756 2352//2756
f 2356//2756 2354//2756 2322//2756
f 2378//2756 2368//2756 2354//2756
f 2366//2779 2370//2779 2358//2779
f 2358//2780 2360//2780 2380//2780
f 2380//2781 2367//2781 2358//2781
f 2355//2782 2357//2782 2381//2782
f 2353//2783 2355//2783 2382//2783
f 2351//2784 2353//2784 2383//2784
f 2359//2785 2351//2785 2384//2785
f 2357//2786 2334//2786 2348//2786
f 2359//2787 2385//2787 2386//2787
f 2386//2788 2360//2788 2359//2788
f 2348//2789 2381//2789 2357//2789
f 2384//2785 2385//2785 2359//2785
f 2383//2784 2384//2784 2351//2784
f 2382//2783 2383//2783 2353//2783
f 2381//2782 2382//2782 2355//2782
f 2386//2790 2387//2790 2388//2790
f 2388//2791 2380//2791 2386//2791
f 2380//2792 2360//2792 2386//2792
f 2389//2793 2369//2793 2380//2793
f 2380//2794 2388//2794 2389//2794
f 2369//2795 2367//2795 2380//2795
f 2390//2796 2361//2796 2363//2796
f 2363//2797 2391//2797 2390//2797
f 2392//2798 2363//2798 2362//2798
f 2362//2799 2393//2799 2392//2799
f 2364//2800 2394//2800 2395//2800
f 2395//2801 2362//2801 2364//2801
f 2368//2802 2396//2802 2397//2802
f 2397//2803 2364//2803 2368//2803
f 2378//2804 2398//2804 2399//2804
f 2399//2805 2368//2805 2378//2805
f 2377//2806 2400//2806 2401//2806
f 2401//2807 2378//2807 2377//2807
f 2379//2808 2402//2808 2403//2808
f 2403//2809 2377//2809 2379//2809
f 2375//2810 2404//2810 2405//2810
f 2405//2811 2379//2811 2375//2811
f 2374//2812 2406//2812 2407//2812
f 2407//2813 2375//2813 2374//2813
f 2376//2814 2408//2814 2409//2814
f 2409//2815 2374//2815 2376//2815
f 2372//2816 2410//2816 2411//2816
f 2411//2817 2376//2817 2372//2817
f 2371//2818 2412//2818 2413//2818
f 2413//2819 2372//2819 2371//2819
f 2373//2820 2414//2820 2415//2820
f 2415//2821 2371//2821 2373//2821
f 2370//2822 2416//2822 2417//2822
f 2417//2823 2373//2823 2370//2823
f 2366//2824 2418//2824 2419//2824
f 2419//2825 2370//2825 2366//2825
f 2365//2826 2420//2826 2421//2826
f 2421//2827 2366//2827 2365//2827
f 2420//2828 2365//2828 2369//2828
f 2422//2829 2346//2829 2347//2829
f 2347//2830 2361//2830 2422//2830
f 2369//2831 2389//2831 2420//2831
f 2421//2832 2418//2832 2366//2832
f 2419//2833 2416//2833 2370//2833
f 2417//2834 2414//2834 2373//2834
f 2415//2835 2412//2835 2371//2835
f 2413//2836 2410//2836 2372//2836
f 2411//2837 2408//2837 2376//2837
f 2409//2838 2406//2838 2374//2838
f 2407//2839 2404//2839 2375//2839
f 2405//2840 2402//2840 2379//2840
f 2403//2841 2400//2841 2377//2841
f 2401//2842 2398//2842 2378//2842
f 2399//2843 2396//2843 2368//2843
f 2397//2844 2394//2844 2364//2844
f 2395//2845 2393//2845 2362//2845
f 2392//2846 2391//2846 2363//2846
f 2390//2847 2422//2847 2361//2847
f 2423//2848 2389//2848 2388//2848
f 2388//2849 2387//2849 2423//2849
f 2423//2850 2424//2850 2389//2850
f 2425//2851 2345//2851 2344//2851
f 2346//2852 2426//2852 2425//2852
f 2344//2853 2346//2853 2425//2853
f 2427//2854 2428//2854 2429//2854
f 2430//2855 2431//2855 2428//2855
f 2428//2856 2427//2856 2430//2856
f 2429//2857 2432//2857 2433//2857
f 2432//2858 2434//2858 2433//2858
f 2432//2859 2435//2859 2436//2859
f 2435//2860 2437//2860 2436//2860
f 2435//2861 2438//2861 2439//2861
f 2438//2862 2440//2862 2439//2862
f 2438//2863 2441//2863 2442//2863
f 2441//2864 2443//2864 2442//2864
f 2441//2865 2444//2865 2445//2865
f 2444//2866 2446//2866 2445//2866
f 2444//2867 2447//2867 2448//2867
f 2447//2868 2449//2868 2448//2868
f 2447//2869 2450//2869 2451//2869
f 2450//2870 2452//2870 2451//2870
f 2450//2871 2453//2871 2454//2871
f 2453//2872 2455//2872 2454//2872
f 2453//2873 2456//2873 2457//2873
f 2456//2874 2458//2874 2457//2874
f 2456//2875 2459//2875 2460//2875
f 2459//2876 2461//2876 2460//2876
f 2459//2877 2462//2877 2463//2877
f 2462//2878 2464//2878 2463//2878
f 2462//2879 2465//2879 2466//2879
f 2465//2880 2467//2880 2466//2880
f 2465//2881 2468//2881 2469//2881
f 2468//2882 2470//2882 2469//2882
f 2468//2883 2471//2883 2472//2883
f 2471//2884 2473//2884 2472//2884
f 2471//2885 2474//2885 2475//2885
f 2474//2886 2476//2886 2475//2886
f 2474//2887 2477//2887 2478//2887
f 2477//2888 2479//2888 2478//2888
f 2477//2889 2480//2889 2481//2889
f 2480//2890 2482//2890 2481//2890
f 2480//2891 2483//2891 2484//2891
f 2483//2892 2485//2892 2484//2892
f 2486//2893 2487//2893 2488//2893
f 2488//2894 2483//2894 2486//2894
f 2486//2895 2489//2895 2487//2895
f 2489//2896 2486//2896 2425//2896
f 2423//2897 2431//2897 2490//2897
f 2431//2898 2430//2898 2490//2898
f 2490//2899 2424//2899 2423//2899
f 2425//2900 2426//2900 2489//2900
f 2488//2901 2485//2901 2483//2901
f 2484//2902 2482//2902 2480//2902
f 2481//2903 2479//2903 2477//2903
f 2478//2904 2476//2904 2474//2904
f 2475//2905 2473//2905 2471//2905
f 2472//2906 2470//2906 2468//2906
f 2469//2907 2467//2907 2465//2907
f 2466//2908 2464//2908 2462//2908
f 2463//2909 2461//2909 2459//2909
f 2460//2910 2458//2910 2456//2910
f 2457//2911 2455//2911 2453//2911
f 2454//2912 2452//2912 2450//2912
f 2451//2913 2449//2913 2447//2913
f 2448//2914 2446//2914 2444//2914
f 2445//2915 2443//2915 2441//2915
f 2442//2916 2440//2916 2438//2916
f 2439//2917 2437//2917 2435//2917
f 2436//2918 2434//2918 2432//2918
f 2433//2919 2491//2919 2429//2919
f 2429//2854 2491//2854 2427//2854
f 2390//2920 2391//2920 2492//2920
f 2493//2921 2492//2921 2391//2921
f 2391//2922 2392//2922 2493//2922
f 2392//2923 2393//2923 2494//2923
f 2393//2924 2495//2924 2494//2924
f 2494//2925 2493//2925 2392//2925
f 2395//2926 2394//2926 2496//2926
f 2394//2927 2497//2927 2496//2927
f 2496//2928 2495//2928 2395//2928
f 2397//2929 2396//2929 2498//2929
f 2396//2930 2499//2930 2498//2930
f 2498//2931 2497//2931 2397//2931
f 2399//2932 2398//2932 2500//2932
f 2398//2933 2501//2933 2500//2933
f 2500//2934 2499//2934 2399//2934
f 2401//2935 2400//2935 2502//2935
f 2400//2936 2503//2936 2502//2936
f 2502//2937 2501//2937 2401//2937
f 2403//2938 2402//2938 2504//2938
f 2402//2939 2505//2939 2504//2939
f 2504//2940 2503//2940 2403//2940
f 2405//2941 2404//2941 2506//2941
f 2404//2942 2507//2942 2506//2942
f 2506//2943 2505//2943 2405//2943
f 2508//2944 2509//2944 2406//2944
f 2407//2945 2406//2945 2509//2945
f 2509//2946 2507//2946 2407//2946
f 2510//2947 2511//2947 2408//2947
f 2409//2948 2408//2948 2511//2948
f 2511//2949 2508//2949 2409//2949
f 2512//2950 2513//2950 2410//2950
f 2411//2951 2410//2951 2513//2951
f 2513//2952 2510//2952 2411//2952
f 2514//2953 2515//2953 2412//2953
f 2413//2954 2412//2954 2515//2954
f 2515//2955 2512//2955 2413//2955
f 2516//2956 2517//2956 2414//2956
f 2415//2957 2414//2957 2517//2957
f 2517//2958 2514//2958 2415//2958
f 2518//2959 2519//2959 2416//2959
f 2417//2960 2416//2960 2519//2960
f 2519//2961 2516//2961 2417//2961
f 2419//2962 2418//2962 2520//2962
f 2521//2963 2520//2963 2418//2963
f 2418//2964 2421//2964 2521//2964
f 2433//2965 2522//2965 2523//2965
f 2524//2966 2427//2966 2491//2966
f 2491//2967 2523//2967 2524//2967
f 2436//2968 2525//2968 2526//2968
f 2522//2969 2433//2969 2434//2969
f 2434//2970 2526//2970 2522//2970
f 2525//2971 2436//2971 2437//2971
f 2439//2972 2527//2972 2528//2972
f 2528//2973 2437//2973 2439//2973
f 2442//2974 2529//2974 2530//2974
f 2527//2975 2439//2975 2440//2975
f 2440//2976 2530//2976 2527//2976
f 2529//2977 2442//2977 2443//2977
f 2445//2978 2531//2978 2532//2978
f 2532//2979 2443//2979 2445//2979
f 2448//2980 2533//2980 2534//2980
f 2531//2981 2445//2981 2446//2981
f 2446//2982 2534//2982 2531//2982
f 2533//2983 2448//2983 2449//2983
f 2451//2984 2535//2984 2536//2984
f 2536//2985 2449//2985 2451//2985
f 2535//2986 2451//2986 2452//2986
f 2454//2987 2537//2987 2538//2987
f 2538//2988 2452//2988 2454//2988
f 2537//2989 2454//2989 2455//2989
f 2457//2990 2539//2990 2540//2990
f 2540//2991 2455//2991 2457//2991
f 2539//2992 2457//2992 2458//2992
f 2460//2993 2541//2993 2542//2993
f 2542//2994 2458//2994 2460//2994
f 2541//2995 2460//2995 2461//2995
f 2463//2996 2543//2996 2544//2996
f 2544//2997 2461//2997 2463//2997
f 2543//2998 2463//2998 2464//2998
f 2466//2999 2545//2999 2546//2999
f 2546//3000 2464//3000 2466//3000
f 2545//3001 2466//3001 2467//3001
f 2469//3002 2547//3002 2548//3002
f 2548//3003 2467//3003 2469//3003
f 2547//3004 2469//3004 2470//3004
f 2472//3005 2549//3005 2550//3005
f 2550//3006 2470//3006 2472//3006
f 2549//3007 2472//3007 2473//3007
f 2475//3008 2551//3008 2552//3008
f 2552//3009 2473//3009 2475//3009
f 2551//3010 2475//3010 2476//3010
f 2478//3011 2553//3011 2554//3011
f 2554//3012 2476//3012 2478//3012
f 2553//3013 2478//3013 2479//3013
f 2481//3014 2555//3014 2556//3014
f 2556//3015 2479//3015 2481//3015
f 2555//3016 2481//3016 2482//3016
f 2484//3017 2557//3017 2558//3017
f 2558//3018 2482//3018 2484//3018
f 2559//3019 2557//3019 2485//3019
f 2559//3020 2488//3020 2487//3020
f 2487//3021 2560//3021 2559//3021
f 2557//3022 2484//3022 2485//3022
f 2422//3023 2561//3023 2426//3023
f 2426//3024 2346//3024 2422//3024
f 2426//3025 2561//3025 2562//3025
f 2562//3026 2489//3026 2426//3026
f 2560//3027 2487//3027 2489//3027
f 2562//3028 2560//3028 2489//3028
f 2563//3029 2564//3029 2424//3029
f 2424//3030 2490//3030 2563//3030
f 2421//3031 2420//3031 2424//3031
f 2424//3032 2521//3032 2421//3032
f 2420//3033 2389//3033 2424//3033
f 2427//3034 2524//3034 2565//3034
f 2563//3035 2490//3035 2430//3035
f 2430//3036 2565//3036 2563//3036
f 2565//3037 2430//3037 2427//3037
f 2564//3038 2521//3038 2424//3038
f 2422//3039 2390//3039 2561//3039
f 2485//3040 2488//3040 2559//3040
f 2482//3041 2558//3041 2555//3041
f 2479//3042 2556//3042 2553//3042
f 2476//3043 2554//3043 2551//3043
f 2473//3044 2552//3044 2549//3044
f 2470//3045 2550//3045 2547//3045
f 2467//3046 2548//3046 2545//3046
f 2464//3047 2546//3047 2543//3047
f 2461//3048 2544//3048 2541//3048
f 2458//3049 2542//3049 2539//3049
f 2455//3050 2540//3050 2537//3050
f 2452//3051 2538//3051 2535//3051
f 2449//3052 2536//3052 2533//3052
f 2534//3053 2446//3053 2448//3053
f 2443//3054 2532//3054 2529//3054
f 2530//3055 2440//3055 2442//3055
f 2437//3056 2528//3056 2525//3056
f 2526//3057 2434//3057 2436//3057
f 2523//3058 2491//3058 2433//3058
f 2520//3059 2518//3059 2419//3059
f 2416//3060 2419//3060 2518//3060
f 2414//3061 2417//3061 2516//3061
f 2412//3062 2415//3062 2514//3062
f 2410//3063 2413//3063 2512//3063
f 2408//3064 2411//3064 2510//3064
f 2406//3065 2409//3065 2508//3065
f 2404//3066 2407//3066 2507//3066
f 2402//3067 2405//3067 2505//3067
f 2400//3068 2403//3068 2503//3068
f 2398//3069 2401//3069 2501//3069
f 2396//3070 2399//3070 2499//3070
f 2394//3071 2397//3071 2497//3071
f 2393//3072 2395//3072 2495//3072
f 2492//3073 2561//3073 2390//3073
f 2558//3074 2557//3074 2566//3074
f 2557//3075 2559//3075 2567//3075
f 2567//3076 2566//3076 2557//3076
f 2556//3077 2555//3077 2568//3077
f 2555//3078 2558//3078 2569//3078
f 2569//3078 2568//3078 2555//3078
f 2554//3079 2553//3079 2570//3079
f 2553//3080 2556//3080 2571//3080
f 2571//3080 2570//3080 2553//3080
f 2552//3081 2551//3081 2572//3081
f 2551//3082 2554//3082 2573//3082
f 2573//3082 2572//3082 2551//3082
f 2550//3083 2549//3083 2574//3083
f 2549//3084 2552//3084 2575//3084
f 2575//3084 2574//3084 2549//3084
f 2548//3085 2547//3085 2576//3085
f 2547//3086 2550//3086 2577//3086
f 2577//3086 2576//3086 2547//3086
f 2546//3087 2545//3087 2578//3087
f 2545//3088 2548//3088 2579//3088
f 2579//3088 2578//3088 2545//3088
f 2544//3089 2543//3089 2580//3089
f 2543//3090 2546//3090 2581//3090
f 2581//3090 2580//3090 2543//3090
f 2542//3091 2541//3091 2582//3091
f 2541//3092 2544//3092 2583//3092
f 2583//3092 2582//3092 2541//3092
f 2540//3093 2539//3093 2584//3093
f 2539//3094 2542//3094 2585//3094
f 2585//3094 2584//3094 2539//3094
f 2538//3095 2537//3095 2586//3095
f 2537//3096 2540//3096 2587//3096
f 2587//3096 2586//3096 2537//3096
f 2536//3097 2535//3097 2588//3097
f 2535//3098 2538//3098 2589//3098
f 2589//3098 2588//3098 2535//3098
f 2534//3099 2533//3099 2590//3099
f 2533//3100 2536//3100 2591//3100
f 2591//3100 2590//3100 2533//3100
f 2532//3101 2531//3101 2592//3101
f 2531//3102 2534//3102 2593//3102
f 2593//3102 2592//3102 2531//3102
f 2530//3103 2529//3103 2594//3103
f 2529//3104 2532//3104 2595//3104
f 2595//3104 2594//3104 2529//3104
f 2528//3105 2527//3105 2596//3105
f 2527//3106 2530//3106 2597//3106
f 2597//3106 2596//3106 2527//3106
f 2526//3107 2525//3107 2598//3107
f 2525//3108 2528//3108 2599//3108
f 2599//3108 2598//3108 2525//3108
f 2523//3109 2522//3109 2600//3109
f 2522//3110 2526//3110 2601//3110
f 2601//3110 2600//3110 2522//3110
f 2565//3111 2524//3111 2602//3111
f 2523//3112 2603//3112 2602//3112
f 2602//3112 2524//3112 2523//3112
f 2563//3113 2604//3113 2605//3113
f 2565//3114 2606//3114 2604//3114
f 2604//3114 2563//3114 2565//3114
f 2521//3115 2607//3115 2608//3115
f 2564//3116 2605//3116 2607//3116
f 2607//3116 2521//3116 2564//3116
f 2518//3117 2609//3117 2610//3117
f 2520//3118 2608//3118 2609//3118
f 2609//3118 2518//3118 2520//3118
f 2516//3119 2611//3119 2612//3119
f 2519//3120 2610//3120 2611//3120
f 2611//3120 2516//3120 2519//3120
f 2514//3121 2613//3121 2614//3121
f 2517//3122 2612//3122 2613//3122
f 2613//3122 2514//3122 2517//3122
f 2512//3123 2615//3123 2616//3123
f 2515//3124 2614//3124 2615//3124
f 2615//3124 2512//3124 2515//3124
f 2510//3125 2617//3125 2618//3125
f 2513//3126 2616//3126 2617//3126
f 2617//3126 2510//3126 2513//3126
f 2508//3127 2619//3127 2620//3127
f 2511//3128 2618//3128 2619//3128
f 2619//3128 2508//3128 2511//3128
f 2507//3129 2621//3129 2622//3129
f 2509//3130 2620//3130 2621//3130
f 2621//3130 2507//3130 2509//3130
f 2505//3131 2623//3131 2624//3131
f 2506//3132 2622//3132 2623//3132
f 2623//3132 2505//3132 2506//3132
f 2503//3133 2625//3133 2626//3133
f 2504//3134 2624//3134 2625//3134
f 2625//3134 2503//3134 2504//3134
f 2501//3135 2627//3135 2628//3135
f 2502//3136 2626//3136 2627//3136
f 2627//3136 2501//3136 2502//3136
f 2499//3137 2629//3137 2630//3137
f 2500//3138 2628//3138 2629//3138
f 2629//3138 2499//3138 2500//3138
f 2497//3139 2631//3139 2632//3139
f 2498//3140 2630//3140 2631//3140
f 2631//3140 2497//3140 2498//3140
f 2495//3141 2633//3141 2634//3141
f 2496//3142 2632//3142 2633//3142
f 2633//3142 2495//3142 2496//3142
f 2493//3143 2635//3143 2636//3143
f 2494//3144 2634//3144 2635//3144
f 2635//3144 2493//3144 2494//3144
f 2561//3145 2637//3145 2638//3145
f 2492//3146 2636//3146 2637//3146
f 2637//3146 2561//3146 2492//3146
f 2560//3147 2639//3147 2567//3147
f 2562//3148 2638//3148 2639//3148
f 2639//3148 2560//3148 2562//3148
f 2567//3147 2559//3147 2560//3147
f 2638//3145 2562//3145 2561//3145
f 2636//3143 2492//3143 2493//3143
f 2634//3141 2494//3141 2495//3141
f 2632//3139 2496//3139 2497//3139
f 2630//3137 2498//3137 2499//3137
f 2628//3135 2500//3135 2501//3135
f 2626//3133 2502//3133 2503//3133
f 2624//3131 2504//3131 2505//3131
f 2622//3129 2506//3129 2507//3129
f 2620//3127 2509//3127 2508//3127
f 2618//3125 2511//3125 2510//3125
f 2616//3123 2513//3123 2512//3123
f 2614//3121 2515//3121 2514//3121
f 2612//3119 2517//3119 2516//3119
f 2610//3117 2519//3117 2518//3117
f 2608//3115 2520//3115 2521//3115
f 2605//3113 2564//3113 2563//3113
f 2602//3149 2606//3149 2565//3149
f 2600//3109 2603//3109 2523//3109
f 2598//3107 2601//3107 2526//3107
f 2596//3105 2599//3105 2528//3105
f 2594//3103 2597//3103 2530//3103
f 2592//3101 2595//3101 2532//3101
f 2590//3099 2593//3099 2534//3099
f 2588//3097 2591//3097 2536//3097
f 2586//3095 2589//3095 2538//3095
f 2584//3093 2587//3093 2540//3093
f 2582//3091 2585//3091 2542//3091
f 2580//3089 2583//3089 2544//3089
f 2578//3087 2581//3087 2546//3087
f 2576//3085 2579//3085 2548//3085
f 2574//3083 2577//3083 2550//3083
f 2572//3081 2575//3081 2552//3081
f 2570//3079 2573//3079 2554//3079
f 2568//3077 2571//3077 2556//3077
f 2566//3074 2569//3074 2558//3074
f 2640//3150 2641//3150 2603//3150
f 2642//3151 2602//3151 2603//3151
f 2603//3151 2641//3151 2642//3151
f 2643//3152 2644//3152 2601//3152
f 2644//3153 2640//3153 2600//3153
f 2600//3153 2601//3153 2644//3153
f 2645//3154 2646//3154 2599//3154
f 2646//3155 2643//3155 2598//3155
f 2598//3155 2599//3155 2646//3155
f 2647//3156 2648//3156 2597//3156
f 2648//3157 2645//3157 2596//3157
f 2596//3157 2597//3157 2648//3157
f 2649//3158 2650//3158 2595//3158
f 2650//3159 2647//3159 2594//3159
f 2594//3159 2595//3159 2650//3159
f 2651//3160 2593//3160 2590//3160
f 2649//3161 2592//3161 2593//3161
f 2593//3161 2651//3161 2649//3161
f 2652//3162 2653//3162 2591//3162
f 2654//3163 2590//3163 2591//3163
f 2591//3163 2653//3163 2654//3163
f 2655//3164 2589//3164 2586//3164
f 2652//3165 2588//3165 2589//3165
f 2589//3165 2655//3165 2652//3165
f 2656//3166 2657//3166 2587//3166
f 2657//3167 2658//3167 2586//3167
f 2586//3167 2587//3167 2657//3167
f 2659//3168 2585//3168 2582//3168
f 2656//3169 2584//3169 2585//3169
f 2585//3169 2659//3169 2656//3169
f 2660//3170 2661//3170 2583//3170
f 2661//3171 2662//3171 2582//3171
f 2582//3171 2583//3171 2661//3171
f 2663//3172 2581//3172 2578//3172
f 2660//3173 2580//3173 2581//3173
f 2581//3173 2663//3173 2660//3173
f 2664//3174 2665//3174 2579//3174
f 2665//3175 2666//3175 2578//3175
f 2578//3175 2579//3175 2665//3175
f 2667//3176 2577//3176 2574//3176
f 2664//3177 2576//3177 2577//3177
f 2577//3177 2667//3177 2664//3177
f 2668//3178 2575//3178 2572//3178
f 2669//3179 2574//3179 2575//3179
f 2575//3179 2668//3179 2669//3179
f 2670//3180 2573//3180 2570//3180
f 2670//3181 2671//3181 2572//3181
f 2572//3181 2573//3181 2670//3181
f 2672//3182 2571//3182 2568//3182
f 2672//3183 2673//3183 2570//3183
f 2570//3183 2571//3183 2672//3183
f 2674//3184 2675//3184 2569//3184
f 2675//3185 2676//3185 2568//3185
f 2568//3185 2569//3185 2675//3185
f 2677//3186 2567//3186 2639//3186
f 2677//3187 2674//3187 2566//3187
f 2566//3187 2567//3187 2677//3187
f 2678//3188 2679//3188 2638//3188
f 2679//3189 2680//3189 2639//3189
f 2639//3189 2638//3189 2679//3189
f 2681//3190 2636//3190 2635//3190
f 2678//3191 2637//3191 2636//3191
f 2636//3191 2681//3191 2678//3191
f 2682//3192 2634//3192 2633//3192
f 2683//3193 2635//3193 2634//3193
f 2634//3193 2682//3193 2683//3193
f 2684//3194 2685//3194 2632//3194
f 2685//3195 2686//3195 2633//3195
f 2633//3195 2632//3195 2685//3195
f 2687//3196 2630//3196 2629//3196
f 2684//3197 2631//3197 2630//3197
f 2630//3197 2687//3197 2684//3197
f 2688//3198 2689//3198 2628//3198
f 2689//3199 2690//3199 2629//3199
f 2629//3199 2628//3199 2689//3199
f 2691//3200 2626//3200 2625//3200
f 2688//3201 2627//3201 2626//3201
f 2626//3201 2691//3201 2688//3201
f 2692//3202 2693//3202 2624//3202
f 2693//3203 2694//3203 2625//3203
f 2625//3203 2624//3203 2693//3203
f 2695//3204 2696//3204 2622//3204
f 2696//3205 2692//3205 2623//3205
f 2623//3205 2622//3205 2696//3205
f 2697//3206 2620//3206 2619//3206
f 2695//3207 2621//3207 2620//3207
f 2620//3207 2697//3207 2695//3207
f 2698//3208 2618//3208 2617//3208
f 2699//3209 2619//3209 2618//3209
f 2618//3209 2698//3209 2699//3209
f 2700//3210 2616//3210 2615//3210
f 2701//3211 2617//3211 2616//3211
f 2616//3211 2700//3211 2701//3211
f 2702//3212 2703//3212 2614//3212
f 2703//3213 2704//3213 2615//3213
f 2615//3213 2614//3213 2703//3213
f 2705//3214 2706//3214 2612//3214
f 2702//3215 2613//3215 2612//3215
f 2612//3215 2706//3215 2702//3215
f 2707//3216 2708//3216 2610//3216
f 2708//3217 2705//3217 2611//3217
f 2611//3217 2610//3217 2708//3217
f 2709//3218 2608//3218 2607//3218
f 2707//3219 2609//3219 2608//3219
f 2608//3219 2709//3219 2707//3219
f 2710//3220 2711//3220 2605//3220
f 2712//3221 2607//3221 2605//3221
f 2605//3221 2711//3221 2712//3221
f 2642//3222 2713//3222 2606//3222
f 2713//3223 2710//3223 2604//3223
f 2604//3223 2606//3223 2713//3223
f 2606//3222 2602//3222 2642//3222
f 2605//3220 2604//3220 2710//3220
f 2607//3218 2712//3218 2709//3218
f 2610//3216 2609//3216 2707//3216
f 2612//3214 2611//3214 2705//3214
f 2614//3212 2613//3212 2702//3212
f 2615//3210 2704//3210 2700//3210
f 2617//3208 2701//3208 2698//3208
f 2619//3206 2699//3206 2697//3206
f 2622//3204 2621//3204 2695//3204
f 2624//3202 2623//3202 2692//3202
f 2625//3200 2694//3200 2691//3200
f 2628//3198 2627//3198 2688//3198
f 2629//3196 2690//3196 2687//3196
f 2632//3194 2631//3194 2684//3194
f 2633//3192 2686//3192 2682//3192
f 2635//3190 2683//3190 2681//3190
f 2638//3188 2637//3188 2678//3188
f 2639//3186 2680//3186 2677//3186
f 2569//3184 2566//3184 2674//3184
f 2568//3182 2676//3182 2672//3182
f 2570//3180 2673//3180 2670//3180
f 2572//3178 2671//3178 2668//3178
f 2574//3176 2669//3176 2667//3176
f 2579//3174 2576//3174 2664//3174
f 2578//3172 2666//3172 2663//3172
f 2583//3170 2580//3170 2660//3170
f 2582//3168 2662//3168 2659//3168
f 2587//3166 2584//3166 2656//3166
f 2586//3164 2658//3164 2655//3164
f 2591//3162 2588//3162 2652//3162
f 2590//3160 2654//3160 2651//3160
f 2595//3158 2592//3158 2649//3158
f 2597//3156 2594//3156 2647//3156
f 2599//3154 2596//3154 2645//3154
f 2601//3152 2598//3152 2643//3152
f 2603//3150 2600//3150 2640//3150
f 2714//3224 2675//3224 2674//3224
f 2674//3225 2715//3225 2714//3225
f 2714//3226 2716//3226 2676//3226
f 2716//3227 2672//3227 2676//3227
f 2716//3228 2717//3228 2673//3228
f 2717//3229 2670//3229 2673//3229
f 2717//3230 2718//3230 2671//3230
f 2718//3231 2668//3231 2671//3231
f 2718//3232 2719//3232 2669//3232
f 2719//3233 2667//3233 2669//3233
f 2719//3234 2720//3234 2664//3234
f 2720//3235 2665//3235 2664//3235
f 2720//3236 2721//3236 2666//3236
f 2721//3237 2663//3237 2666//3237
f 2721//3238 2722//3238 2660//3238
f 2722//3239 2661//3239 2660//3239
f 2722//3240 2723//3240 2662//3240
f 2723//3241 2659//3241 2662//3241
f 2723//3242 2724//3242 2656//3242
f 2724//3243 2657//3243 2656//3243
f 2724//3244 2725//3244 2658//3244
f 2725//3245 2655//3245 2658//3245
f 2725//3246 2726//3246 2652//3246
f 2726//3247 2653//3247 2652//3247
f 2726//3248 2727//3248 2654//3248
f 2727//3249 2651//3249 2654//3249
f 2727//3250 2728//3250 2649//3250
f 2728//3251 2650//3251 2649//3251
f 2728//3252 2729//3252 2647//3252
f 2729//3253 2648//3253 2647//3253
f 2729//3254 2730//3254 2645//3254
f 2730//3255 2646//3255 2645//3255
f 2730//3256 2731//3256 2643//3256
f 2731//3257 2644//3257 2643//3257
f 2731//3258 2732//3258 2640//3258
f 2732//3259 2641//3259 2640//3259
f 2713//3260 2642//3260 2733//3260
f 2732//3261 2733//3261 2642//3261
f 2642//3262 2641//3262 2732//3262
f 2734//3263 2711//3263 2710//3263
f 2710//3264 2735//3264 2734//3264
f 2736//3265 2709//3265 2712//3265
f 2712//3266 2734//3266 2736//3266
f 2737//3267 2708//3267 2707//3267
f 2707//3268 2736//3268 2737//3268
f 2738//3269 2706//3269 2705//3269
f 2705//3270 2737//3270 2738//3270
f 2739//3271 2703//3271 2702//3271
f 2702//3272 2738//3272 2739//3272
f 2740//3273 2700//3273 2704//3273
f 2704//3274 2739//3274 2740//3274
f 2741//3275 2698//3275 2701//3275
f 2701//3276 2740//3276 2741//3276
f 2742//3277 2697//3277 2699//3277
f 2699//3278 2741//3278 2742//3278
f 2743//3279 2696//3279 2695//3279
f 2695//3280 2742//3280 2743//3280
f 2744//3281 2693//3281 2692//3281
f 2692//3282 2743//3282 2744//3282
f 2745//3283 2691//3283 2694//3283
f 2694//3284 2744//3284 2745//3284
f 2746//3285 2689//3285 2688//3285
f 2688//3286 2745//3286 2746//3286
f 2747//3287 2687//3287 2690//3287
f 2690//3288 2746//3288 2747//3288
f 2748//3289 2685//3289 2684//3289
f 2684//3290 2747//3290 2748//3290
f 2749//3291 2682//3291 2686//3291
f 2686//3292 2748//3292 2749//3292
f 2750//3293 2681//3293 2683//3293
f 2683//3294 2749//3294 2750//3294
f 2751//3295 2679//3295 2678//3295
f 2678//3296 2750//3296 2751//3296
f 2751//3297 2715//3297 2680//3297
f 2715//3298 2677//3298 2680//3298
f 2680//3299 2679//3299 2751//3299
f 2678//3300 2681//3300 2750//3300
f 2683//3301 2682//3301 2749//3301
f 2686//3302 2685//3302 2748//3302
f 2684//3303 2687//3303 2747//3303
f 2690//3304 2689//3304 2746//3304
f 2688//3305 2691//3305 2745//3305
f 2694//3306 2693//3306 2744//3306
f 2692//3307 2696//3307 2743//3307
f 2695//3308 2697//3308 2742//3308
f 2699//3309 2698//3309 2741//3309
f 2701//3310 2700//3310 2740//3310
f 2704//3311 2703//3311 2739//3311
f 2702//3312 2706//3312 2738//3312
f 2705//3313 2708//3313 2737//3313
f 2707//3314 2709//3314 2736//3314
f 2712//3315 2711//3315 2734//3315
f 2710//3316 2713//3316 2735//3316
f 2733//3317 2735//3317 2713//3317
f 2640//3318 2644//3318 2731//3318
f 2643//3319 2646//3319 2730//3319
f 2645//3320 2648//3320 2729//3320
f 2647//3321 2650//3321 2728//3321
f 2649//3322 2651//3322 2727//3322
f 2654//3323 2653//3323 2726//3323
f 2652//3324 2655//3324 2725//3324
f 2658//3325 2657//3325 2724//3325
f 2656//3326 2659//3326 2723//3326
f 2662//3327 2661//3327 2722//3327
f 2660//3328 2663//3328 2721//3328
f 2666//3329 2665//3329 2720//3329
f 2664//3330 2667//3330 2719//3330
f 2669//3331 2668//3331 2718//3331
f 2671//3332 2670//3332 2717//3332
f 2673//3333 2672//3333 2716//3333
f 2676//3334 2675//3334 2714//3334
f 2674//3335 2677//3335 2715//3335
f 2715//3336 2752//3336 2753//3336
f 2714//3337 2753//3337 2754//3337
f 2716//3338 2754//3338 2755//3338
f 2717//3339 2755//3339 2756//3339
f 2718//3340 2756//3340 2757//3340
f 2719//3341 2757//3341 2758//3341
f 2721//3342 2720//3342 2759//3342
f 2720//3343 2758//3343 2759//3343
f 2721//3344 2760//3344 2761//3344
f 2722//3345 2761//3345 2762//3345
f 2723//3346 2762//3346 2763//3346
f 2724//3347 2763//3347 2764//3347
f 2725//3348 2764//3348 2765//3348
f 2726//3349 2765//3349 2766//3349
f 2727//3350 2766//3350 2767//3350
f 2728//3351 2767//3351 2768//3351
f 2729//3352 2768//3352 2769//3352
f 2730//3353 2769//3353 2770//3353
f 2731//3354 2770//3354 2771//3354
f 2733//3355 2772//3355 2773//3355
f 2733//3112 2732//3112 2771//3112
f 2771//3356 2772//3356 2733//3356
f 2735//3357 2773//3357 2774//3357
f 2774//3358 2734//3358 2735//3358
f 2734//3359 2775//3359 2776//3359
f 2736//3360 2776//3360 2777//3360
f 2737//3361 2777//3361 2778//3361
f 2738//3362 2778//3362 2779//3362
f 2739//3363 2779//3363 2780//3363
f 2740//3364 2780//3364 2781//3364
f 2741//3365 2781//3365 2782//3365
f 2742//3366 2782//3366 2783//3366
f 2743//3367 2783//3367 2784//3367
f 2744//3368 2784//3368 2785//3368
f 2745//3369 2785//3369 2786//3369
f 2746//3370 2786//3370 2787//3370
f 2747//3371 2787//3371 2788//3371
f 2748//3372 2788//3372 2789//3372
f 2749//3373 2789//3373 2790//3373
f 2750//3374 2790//3374 2791//3374
f 2751//3375 2791//3375 2752//3375
f 2752//3376 2715//3376 2751//3376
f 2791//3374 2751//3374 2750//3374
f 2790//3373 2750//3373 2749//3373
f 2789//3372 2749//3372 2748//3372
f 2788//3371 2748//3371 2747//3371
f 2787//3370 2747//3370 2746//3370
f 2786//3369 2746//3369 2745//3369
f 2785//3368 2745//3368 2744//3368
f 2784//3367 2744//3367 2743//3367
f 2783//3366 2743//3366 2742//3366
f 2782//3365 2742//3365 2741//3365
f 2781//3364 2741//3364 2740//3364
f 2780//3363 2740//3363 2739//3363
f 2779//3362 2739//3362 2738//3362
f 2778//3361 2738//3361 2737//3361
f 2777//3360 2737//3360 2736//3360
f 2776//3359 2736//3359 2734//3359
f 2774//3377 2775//3377 2734//3377
f 2773//3111 2735//3111 2733//3111
f 2771//3354 2732//3354 2731//3354
f 2770//3353 2731//3353 2730//3353
f 2769//3352 2730//3352 2729//3352
f 2768//3351 2729//3351 2728//3351
f 2767//3350 2728//3350 2727//3350
f 2766//3349 2727//3349 2726//3349
f 2765//3348 2726//3348 2725//3348
f 2764//3347 2725//3347 2724//3347
f 2763//3346 2724//3346 2723//3346
f 2762//3345 2723//3345 2722//3345
f 2761//3344 2722//3344 2721//3344
f 2759//3378 2760//3378 2721//3378
f 2758//3341 2720//3341 2719//3341
f 2757//3340 2719//3340 2718//3340
f 2756//3339 2718//3339 2717//3339
f 2755//3338 2717//3338 2716//3338
f 2754//3337 2716//3337 2714//3337
f 2753//3379 2714//3379 2715//3379
f 2338//2756 2792//2756 2793//2756
f 2793//2756 2339//2756 2338//2756
f 2337//3380 2336//3380 2794//3380
f 2795//3381 2796//3381 2480//3381
f 2794//3382 2792//3382 2337//3382
f 2336//3383 2340//3383 2797//3383
f 2480//3384 2477//3384 2795//3384
f 2797//3385 2794//3385 2336//3385
f 2340//3386 2345//3386 2798//3386
f 2477//3387 2799//3387 2795//3387
f 2315//2756 2800//2756 2801//2756
f 2315//2756 2802//2756 2803//2756
f 2319//3388 2804//3388 2802//3388
f 2341//3389 2805//3389 2804//3389
f 2798//3390 2797//3390 2340//3390
f 2806//3391 2345//3391 2486//3391
f 2311//2756 2453//2756 2450//2756
f 2477//3392 2801//3392 2799//3392
f 2803//2756 2800//2756 2315//2756
f 2804//2756 2319//2756 2341//2756
f 2339//3393 2793//3393 2805//3393
f 2345//3394 2806//3394 2798//3394
f 2486//3395 2807//3395 2808//3395
f 2311//2756 2456//2756 2453//2756
f 2483//3396 2480//3396 2809//3396
f 2801//3397 2477//3397 2315//3397
f 2805//3398 2341//3398 2339//3398
f 2486//3399 2808//3399 2806//3399
f 2311//2756 2459//2756 2456//2756
f 2810//2756 2435//2756 2432//2756
f 2385//3400 2811//3400 2812//3400
f 2384//3401 2813//3401 2811//3401
f 2796//3402 2809//3402 2480//3402
f 2338//3403 2337//3403 2792//3403
f 2311//2756 2462//2756 2459//2756
f 2311//3404 2438//3404 2814//3404
f 2815//2756 2438//2756 2435//2756
f 2432//2756 2816//2756 2817//2756
f 2429//3405 2818//3405 2816//3405
f 2428//3406 2819//3406 2818//3406
f 2428//3407 2431//3407 2820//3407
f 2821//3408 2822//3408 2431//3408
f 2386//3409 2812//3409 2823//3409
f 2811//3410 2385//3410 2384//3410
f 2383//3411 2382//3411 2824//3411
f 2802//3412 2315//3412 2319//3412
f 2486//3413 2483//3413 2825//3413
f 2311//2756 2447//2756 2444//2756
f 2311//2756 2465//2756 2462//2756
f 2438//2756 2815//2756 2814//2756
f 2432//2756 2817//2756 2810//2756
f 2818//3414 2429//3414 2428//3414
f 2431//3415 2822//3415 2820//3415
f 2387//3416 2823//3416 2821//3416
f 2812//3417 2386//3417 2385//3417
f 2813//3418 2384//3418 2383//3418
f 2825//3419 2807//3419 2486//3419
f 2474//2756 2314//2756 2315//2756
f 2444//2756 2441//2756 2311//2756
f 2311//2756 2468//2756 2465//2756
f 2348//3420 2311//3420 2826//3420
f 2814//3421 2827//3421 2311//3421
f 2816//3422 2432//3422 2429//3422
f 2431//3423 2387//3423 2821//3423
f 2824//3424 2813//3424 2383//3424
f 2382//3425 2381//3425 2828//3425
f 2381//3426 2348//3426 2829//3426
f 2809//3427 2830//3427 2483//3427
f 2315//2756 2477//2756 2474//2756
f 2450//2756 2447//2756 2311//2756
f 2311//2756 2314//2756 2471//2756
f 2311//3428 2831//3428 2826//3428
f 2435//2756 2810//2756 2815//2756
f 2823//3429 2387//3429 2386//3429
f 2829//3430 2828//3430 2381//3430
f 2474//2756 2471//2756 2314//2756
f 2471//2756 2468//2756 2311//2756
f 2827//3431 2831//3431 2311//3431
f 2828//3432 2824//3432 2382//3432
f 2441//2756 2438//2756 2311//2756
f 2820//3433 2819//3433 2428//3433
f 2830//3434 2825//3434 2483//3434
f 2431//3435 2423//3435 2387//3435
f 2826//3436 2829//3436 2348//3436
f 2345//3437 2425//3437 2486//3437
f 2825//3438 2830//3438 2832//3438
f 2830//3439 2809//3439 2833//3439
f 2809//3440 2796//3440 2834//3440
f 2796//3441 2795//3441 2835//3441
f 2795//3442 2799//3442 2836//3442
f 2799//3443 2801//3443 2837//3443
f 2801//3444 2800//3444 2838//3444
f 2800//3445 2803//3445 2839//3445
f 2803//3446 2802//3446 2840//3446
f 2802//3447 2804//3447 2841//3447
f 2804//3448 2805//3448 2842//3448
f 2805//3449 2793//3449 2843//3449
f 2793//3450 2792//3450 2844//3450
f 2792//3451 2794//3451 2845//3451
f 2794//3452 2797//3452 2846//3452
f 2797//3453 2798//3453 2847//3453
f 2798//3454 2806//3454 2848//3454
f 2806//3455 2808//3455 2849//3455
f 2808//3456 2807//3456 2850//3456
f 2807//3457 2825//3457 2851//3457
f 2851//3458 2850//3458 2807//3458
f 2850//3456 2849//3456 2808//3456
f 2849//3455 2848//3455 2806//3455
f 2848//3454 2847//3454 2798//3454
f 2847//3453 2846//3453 2797//3453
f 2846//3452 2845//3452 2794//3452
f 2845//3451 2844//3451 2792//3451
f 2844//3450 2843//3450 2793//3450
f 2843//3449 2842//3449 2805//3449
f 2842//3448 2841//3448 2804//3448
f 2841//3447 2840//3447 2802//3447
f 2840//3446 2839//3446 2803//3446
f 2839//3445 2838//3445 2800//3445
f 2838//3444 2837//3444 2801//3444
f 2837//3443 2836//3443 2799//3443
f 2836//3442 2835//3442 2795//3442
f 2835//3441 2834//3441 2796//3441
f 2834//3440 2833//3440 2809//3440
f 2833//3439 2832//3439 2830//3439
f 2832//3438 2851//3438 2825//3438
f 2829//3438 2826//3438 2852//3438
f 2826//3439 2831//3439 2853//3439
f 2831//3440 2827//3440 2854//3440
f 2827//3441 2814//3441 2855//3441
f 2814//3442 2815//3442 2856//3442
f 2815//3443 2810//3443 2857//3443
f 2810//3444 2817//3444 2858//3444
f 2817//3445 2816//3445 2859//3445
f 2816//3446 2818//3446 2860//3446
f 2818//3459 2819//3459 2861//3459
f 2819//3448 2820//3448 2862//3448
f 2820//3449 2822//3449 2863//3449
f 2822//3450 2821//3450 2864//3450
f 2821//3451 2823//3451 2865//3451
f 2823//3452 2812//3452 2866//3452
f 2812//3453 2811//3453 2867//3453
f 2811//3454 2813//3454 2868//3454
f 2813//3455 2824//3455 2869//3455
f 2824//3456 2828//3456 2870//3456
f 2828//3460 2829//3460 2871//3460
f 2871//3458 2870//3458 2828//3458
f 2870//3456 2869//3456 2824//3456
f 2869//3455 2868//3455 2813//3455
f 2868//3454 2867//3454 2811//3454
f 2867//3453 2866//3453 2812//3453
f 2866//3452 2865//3452 2823//3452
f 2865//3451 2864//3451 2821//3451
f 2864//3450 2863//3450 2822//3450
f 2863//3449 2862//3449 2820//3449
f 2862//3448 2861//3448 2819//3448
f 2861//3447 2860//3447 2818//3447
f 2860//3446 2859//3446 2816//3446
f 2859//3445 2858//3445 2817//3445
f 2858//3444 2857//3444 2810//3444
f 2857//3443 2856//3443 2815//3443
f 2856//3442 2855//3442 2814//3442
f 2855//3441 2854//3441 2827//3441
f 2854//3440 2853//3440 2831//3440
f 2853//3439 2852//3439 2826//3439
f 2852//3438 2871//3438 2829//3438
f 2872//3461 2873//3461 2841//3461
f 2874//3462 2872//3462 2842//3462
f 2875//3463 2874//3463 2843//3463
f 2876//3464 2875//3464 2844//3464
f 2877//3465 2876//3465 2845//3465
f 2878//3466 2877//3466 2846//3466
f 2879//3467 2878//3467 2847//3467
f 2880//3468 2879//3468 2848//3468
f 2881//3469 2880//3469 2849//3469
f 2882//3470 2881//3470 2850//3470
f 2883//3471 2882//3471 2851//3471
f 2884//3472 2883//3472 2832//3472
f 2885//3473 2884//3473 2833//3473
f 2886//3474 2885//3474 2834//3474
f 2887//3475 2886//3475 2835//3475
f 2888//3476 2887//3476 2836//3476
f 2889//3477 2888//3477 2837//3477
f 2890//3478 2889//3478 2838//3478
f 2891//3479 2890//3479 2839//3479
f 2873//3480 2891//3480 2840//3480
f 2840//3480 2841//3480 2873//3480
f 2839//3479 2840//3479 2891//3479
f 2838//3478 2839//3478 2890//3478
f 2837//3477 2838//3477 2889//3477
f 2836//3476 2837//3476 2888//3476
f 2835//3475 2836//3475 2887//3475
f 2834//3474 2835//3474 2886//3474
f 2833//3473 2834//3473 2885//3473
f 2832//3472 2833//3472 2884//3472
f 2851//3471 2832//3471 2883//3471
f 2850//3470 2851//3470 2882//3470
f 2849//3469 2850//3469 2881//3469
f 2848//3468 2849//3468 2880//3468
f 2847//3467 2848//3467 2879//3467
f 2846//3466 2847//3466 2878//3466
f 2845//3465 2846//3465 2877//3465
f 2844//3464 2845//3464 2876//3464
f 2843//3463 2844//3463 2875//3463
f 2842//3462 2843//3462 2874//3462
f 2841//3461 2842//3461 2872//3461
f 2892//3461 2893//3461 2861//3461
f 2894//3462 2892//3462 2862//3462
f 2895//3463 2894//3463 2863//3463
f 2896//3464 2895//3464 2864//3464
f 2897//3465 2896//3465 2865//3465
f 2898//3466 2897//3466 2866//3466
f 2899//3467 2898//3467 2867//3467
f 2900//3468 2899//3468 2868//3468
f 2901//3469 2900//3469 2869//3469
f 2902//3470 2901//3470 2870//3470
f 2903//3471 2902//3471 2871//3471
f 2904//3472 2903//3472 2852//3472
f 2905//3473 2904//3473 2853//3473
f 2906//3474 2905//3474 2854//3474
f 2907//3475 2906//3475 2855//3475
f 2908//3476 2907//3476 2856//3476
f 2909//3477 2908//3477 2857//3477
f 2910//3478 2909//3478 2858//3478
f 2911//3479 2910//3479 2859//3479
f 2893//3480 2911//3480 2860//3480
f 2860//3480 2861//3480 2893//3480
f 2859//3479 2860//3479 2911//3479
f 2858//3478 2859//3478 2910//3478
f 2857//3477 2858//3477 2909//3477
f 2856//3476 2857//3476 2908//3476
f 2855//3475 2856//3475 2907//3475
f 2854//3474 2855//3474 2906//3474
f 2853//3473 2854//3473 2905//3473
f 2852//3472 2853//3472 2904//3472
f 2871//3471 2852//3471 2903//3471
f 2870//3470 2871//3470 2902//3470
f 2869//3469 2870//3469 2901//3469
f 2868//3468 2869//3468 2900//3468
f 2867//3467 2868//3467 2899//3467
f 2866//3466 2867//3466 2898//3466
f 2865//3465 2866//3465 2897//3465
f 2864//3464 2865//3464 2896//3464
f 2863//3463 2864//3463 2895//3463
f 2862//3462 2863//3462 2894//3462
f 2861//3461 2862//3461 2892//3461
f 2912//3481 2913//3481 2891//3481
f 2913//3482 2914//3482 2890//3482
f 2914//3483 2915//3483 2889//3483
f 2915//3484 2916//3484 2888//3484
f 2916//3485 2917//3485 2887//3485
f 2917//3486 2918//3486 2886//3486
f 2918//3487 2919//3487 2885//3487
f 2919//3488 2920//3488 2884//3488
f 2920//3489 2921//3489 2883//3489
f 2921//3490 2922//3490 2882//3490
f 2922//3491 2923//3491 2881//3491
f 2923//3492 2924//3492 2880//3492
f 2924//3493 2925//3493 2879//3493
f 2925//3494 2926//3494 2878//3494
f 2926//3495 2927//3495 2877//3495
f 2927//3496 2928//3496 2876//3496
f 2928//3497 2929//3497 2875//3497
f 2929//3498 2930//3498 2874//3498
f 2930//3499 2931//3499 2872//3499
f 2931//3500 2912//3500 2873//3500
f 2873//3500 2872//3500 2931//3500
f 2872//3499 2874//3499 2930//3499
f 2874//3498 2875//3498 2929//3498
f 2875//3497 2876//3497 2928//3497
f 2876//3496 2877//3496 2927//3496
f 2877//3495 2878//3495 2926//3495
f 2878//3494 2879//3494 2925//3494
f 2879//3493 2880//3493 2924//3493
f 2880//3492 2881//3492 2923//3492
f 2881//3491 2882//3491 2922//3491
f 2882//3490 2883//3490 2921//3490
f 2883//3489 2884//3489 2920//3489
f 2884//3488 2885//3488 2919//3488
f 2885//3487 2886//3487 2918//3487
f 2886//3486 2887//3486 2917//3486
f 2887//3485 2888//3485 2916//3485
f 2888//3484 2889//3484 2915//3484
f 2889//3483 2890//3483 2914//3483
f 2890//3482 2891//3482 2913//3482
f 2891//3481 2873//3481 2912//3481
f 2932//3481 2933//3481 2911//3481
f 2933//3482 2934//3482 2910//3482
f 2934//3483 2935//3483 2909//3483
f 2935//3484 2936//3484 2908//3484
f 2936//3485 2937//3485 2907//3485
f 2937//3486 2938//3486 2906//3486
f 2938//3487 2939//3487 2905//3487
f 2939//3488 2940//3488 2904//3488
f 2940//3489 2941//3489 2903//3489
f 2941//3490 2942//3490 2902//3490
f 2942//3491 2943//3491 2901//3491
f 2943//3492 2944//3492 2900//3492
f 2944//3493 2945//3493 2899//3493
f 2945//3494 2946//3494 2898//3494
f 2946//3495 2947//3495 2897//3495
f 2947//3496 2948//3496 2896//3496
f 2948//3497 2949//3497 2895//3497
f 2949//3498 2950//3498 2894//3498
f 2950//3499 2951//3499 2892//3499
f 2951//3500 2932//3500 2893//3500
f 2893//3500 2892//3500 2951//3500
f 2892//3499 2894//3499 2950//3499
f 2894//3498 2895//3498 2949//3498
f 2895//3497 2896//3497 2948//3497
f 2896//3496 2897//3496 2947//3496
f 2897//3495 2898//3495 2946//3495
f 2898//3494 2899//3494 2945//3494
f 2899//3493 2900//3493 2944//3493
f 2900//3492 2901//3492 2943//3492
f 2901//3491 2902//3491 2942//3491
f 2902//3490 2903//3490 2941//3490
f 2903//3489 2904//3489 2940//3489
f 2904//3488 2905//3488 2939//3488
f 2905//3487 2906//3487 2938//3487
f 2906//3486 2907//3486 2937//3486
f 2907//3485 2908//3485 2936//3485
f 2908//3484 2909//3484 2935//3484
f 2909//3483 2910//3483 2934//3483
f 2910//3482 2911//3482 2933//3482
f 2911//3481 2893//3481 2932//3481
f 2926//3501 2925//3501 2952//3501
f 2925//3502 2924//3502 2953//3502
f 2924//3503 2923//3503 2954//3503
f 2922//3504 2955//3504 2954//3504
f 2921//3505 2956//3505 2955//3505
f 2920//3506 2957//3506 2956//3506
f 2919//3507 2958//3507 2957//3507
f 2918//3508 2959//3508 2958//3508
f 2929//3509 2960//3509 2961//3509
f 2929//3510 2928//3510 2962//3510
f 2928//3511 2927//3511 2963//3511
f 2927//3512 2926//3512 2964//3512
f 2953//3502 2952//3502 2925//3502
f 2954//3513 2923//3513 2922//3513
f 2956//3506 2921//3506 2920//3506
f 2958//3508 2919//3508 2918//3508
f 2917//3514 2965//3514 2959//3514
f 2917//3515 2916//3515 2966//3515
f 2916//3516 2915//3516 2967//3516
f 2915//3517 2914//3517 2968//3517
f 2931//3518 2930//3518 2961//3518
f 2962//3510 2960//3510 2929//3510
f 2964//3512 2963//3512 2927//3512
f 2954//3503 2953//3503 2924//3503
f 2957//3507 2920//3507 2919//3507
f 2966//3515 2965//3515 2917//3515
f 2968//3517 2967//3517 2915//3517
f 2914//3519 2913//3519 2969//3519
f 2912//3520 2970//3520 2969//3520
f 2912//3521 2931//3521 2971//3521
f 2961//3509 2930//3509 2929//3509
f 2952//3501 2964//3501 2926//3501
f 2959//3514 2918//3514 2917//3514
f 2969//3519 2968//3519 2914//3519
f 2971//3522 2970//3522 2912//3522
f 2963//3511 2962//3511 2928//3511
f 2967//3516 2966//3516 2916//3516
f 2961//3518 2971//3518 2931//3518
f 2969//3523 2913//3523 2912//3523
f 2955//3524 2922//3524 2921//3524
f 2948//3525 2972//3525 2973//3525
f 2948//3526 2947//3526 2974//3526
f 2950//3527 2949//3527 2973//3527
f 2974//3526 2972//3526 2948//3526
f 2947//3528 2946//3528 2975//3528
f 2946//3529 2945//3529 2976//3529
f 2938//3530 2977//3530 2978//3530
f 2938//3531 2937//3531 2979//3531
f 2937//3532 2936//3532 2980//3532
f 2936//3533 2935//3533 2981//3533
f 2973//3525 2949//3525 2948//3525
f 2976//3529 2975//3529 2946//3529
f 2940//3534 2939//3534 2978//3534
f 2979//3531 2977//3531 2938//3531
f 2981//3533 2980//3533 2936//3533
f 2935//3535 2934//3535 2982//3535
f 2975//3528 2974//3528 2947//3528
f 2945//3536 2944//3536 2983//3536
f 2941//3537 2984//3537 2985//3537
f 2941//3538 2940//3538 2986//3538
f 2978//3530 2939//3530 2938//3530
f 2982//3535 2981//3535 2935//3535
f 2951//3539 2950//3539 2987//3539
f 2983//3536 2976//3536 2945//3536
f 2944//3540 2943//3540 2988//3540
f 2942//3541 2985//3541 2988//3541
f 2986//3538 2984//3538 2941//3538
f 2980//3532 2979//3532 2937//3532
f 2932//3542 2989//3542 2990//3542
f 2932//3543 2951//3543 2991//3543
f 2973//3527 2987//3527 2950//3527
f 2988//3544 2943//3544 2942//3544
f 2978//3534 2986//3534 2940//3534
f 2933//3545 2990//3545 2982//3545
f 2991//3546 2989//3546 2932//3546
f 2988//3540 2983//3540 2944//3540
f 2982//3545 2934//3545 2933//3545
f 2987//3539 2991//3539 2951//3539
f 2990//3547 2933//3547 2932//3547
f 2985//3548 2942//3548 2941//3548
f 2955//3438 2956//3438 2992//3438
f 2956//3439 2957//3439 2993//3439
f 2957//3440 2958//3440 2994//3440
f 2958//3441 2959//3441 2995//3441
f 2959//3442 2965//3442 2996//3442
f 2965//3443 2966//3443 2997//3443
f 2966//3444 2967//3444 2998//3444
f 2967//3445 2968//3445 2999//3445
f 2968//3446 2969//3446 3000//3446
f 2969//3447 2970//3447 3001//3447
f 2970//3448 2971//3448 3002//3448
f 2971//3449 2961//3449 3003//3449
f 2961//3450 2960//3450 3004//3450
f 2960//3451 2962//3451 3005//3451
f 2962//3452 2963//3452 3006//3452
f 2963//3453 2964//3453 3007//3453
f 2964//3454 2952//3454 3008//3454
f 2952//3455 2953//3455 3009//3455
f 2953//3456 2954//3456 3010//3456
f 2954//3458 2955//3458 3011//3458
f 3011//3458 3010//3458 2954//3458
f 3010//3456 3009//3456 2953//3456
f 3009//3455 3008//3455 2952//3455
f 3008//3454 3007//3454 2964//3454
f 3007//3453 3006//3453 2963//3453
f 3006//3452 3005//3452 2962//3452
f 3005//3451 3004//3451 2960//3451
f 3004//3450 3003//3450 2961//3450
f 3003//3449 3002//3449 2971//3449
f 3002//3448 3001//3448 2970//3448
f 3001//3447 3000//3447 2969//3447
f 3000//3446 2999//3446 2968//3446
f 2999//3445 2998//3445 2967//3445
f 2998//3444 2997//3444 2966//3444
f 2997//3443 2996//3443 2965//3443
f 2996//3442 2995//3442 2959//3442
f 2995//3441 2994//3441 2958//3441
f 2994//3440 2993//3440 2957//3440
f 2993//3439 2992//3439 2956//3439
f 2992//3438 3011//3438 2955//3438
f 2985//3438 2984//3438 3012//3438
f 2984//3439 2986//3439 3013//3439
f 2986//3440 2978//3440 3014//3440
f 2978//3441 2977//3441 3015//3441
f 2977//3442 2979//3442 3016//3442
f 2979//3443 2980//3443 3017//3443
f 2980//3444 2981//3444 3018//3444
f 2981//3445 2982//3445 3019//3445
f 2982//3446 2990//3446 3020//3446
f 2990//3447 2989//3447 3021//3447
f 2989//3448 2991//3448 3022//3448
f 2991//3449 2987//3449 3023//3449
f 2987//3450 2973//3450 3024//3450
f 2973//3451 2972//3451 3025//3451
f 2972//3452 2974//3452 3026//3452
f 2974//3453 2975//3453 3027//3453
f 2975//3454 2976//3454 3028//3454
f 2976//3455 2983//3455 3029//3455
f 2983//3456 2988//3456 3030//3456
f 2988//3458 2985//3458 3031//3458
f 3031//3458 3030//3458 2988//3458
f 3030//3456 3029//3456 2983//3456
f 3029//3455 3028//3455 2976//3455
f 3028//3454 3027//3454 2975//3454
f 3027//3453 3026//3453 2974//3453
f 3026//3452 3025//3452 2972//3452
f 3025//3451 3024//3451 2973//3451
f 3024//3450 3023//3450 2987//3450
f 3023//3449 3022//3449 2991//3449
f 3022//3448 3021//3448 2989//3448
f 3021//3447 3020//3447 2990//3447
f 3020//3446 3019//3446 2982//3446
f 3019//3445 3018//3445 2981//3445
f 3018//3444 3017//3444 2980//3444
f 3017//3443 3016//3443 2979//3443
f 3016//3442 3015//3442 2977//3442
f 3015//3441 3014//3441 2978//3441
f 3014//3440 3013//3440 2986//3440
f 3013//3439 3012//3439 2984//3439
f 3012//3438 3031//3438 2985//3438
f 3032//3549 3033//3549 2998//3549
f 3033//3550 3034//3550 2997//3550
f 3035//3551 3010//3551 3011//3551
f 3035//3552 3036//3552 3009//3552
f 3036//3553 3037//3553 3008//3553
f 3037//3554 3038//3554 3007//3554
f 3039//3555 3032//3555 2999//3555
f 2997//3550 2998//3550 3033//3550
f 3009//3552 3010//3552 3035//3552
f 3007//3554 3008//3554 3037//3554
f 2998//3549 2999//3549 3032//3549
f 3040//3556 2996//3556 2997//3556
f 3041//3557 3042//3557 2994//3557
f 3042//3558 3043//3558 2993//3558
f 3043//3559 3044//3559 2992//3559
f 3044//3560 3045//3560 3011//3560
f 3008//3553 3009//3553 3036//3553
f 3046//3561 3006//3561 3007//3561
f 3047//3562 3048//3562 3004//3562
f 3048//3563 3049//3563 3003//3563
f 2997//3556 3034//3556 3040//3556
f 3040//3564 3041//3564 2995//3564
f 2993//3558 2994//3558 3042//3558
f 3011//3565 2992//3565 3044//3565
f 3007//3561 3038//3561 3046//3561
f 3046//3566 3047//3566 3005//3566
f 3003//3567 3004//3567 3048//3567
f 3049//3568 3050//3568 3002//3568
f 2995//3564 2996//3564 3040//3564
f 2992//3559 2993//3559 3043//3559
f 3005//3566 3006//3566 3046//3566
f 3002//3568 3003//3568 3049//3568
f 3039//3569 3000//3569 3001//3569
f 2994//3557 2995//3557 3041//3557
f 3004//3562 3005//3562 3047//3562
f 3051//3570 3001//3570 3002//3570
f 2999//3555 3000//3555 3039//3555
f 3002//3571 3050//3571 3051//3571
f 3011//3572 3045//3572 3035//3572
f 3001//3573 3051//3573 3039//3573
f 3052//3574 3015//3574 3016//3574
f 3053//3575 3014//3575 3015//3575
f 3054//3576 3055//3576 3018//3576
f 3055//3577 3056//3577 3017//3577
f 3056//3578 3057//3578 3016//3578
f 3015//3579 3052//3579 3053//3579
f 3058//3580 3059//3580 3025//3580
f 3059//3581 3060//3581 3024//3581
f 3017//3577 3018//3577 3055//3577
f 3016//3582 3057//3582 3052//3582
f 3061//3583 3058//3583 3026//3583
f 3024//3581 3025//3581 3059//3581
f 3016//3578 3017//3578 3056//3578
f 3062//3584 3013//3584 3014//3584
f 3025//3580 3026//3580 3058//3580
f 3063//3585 3023//3585 3024//3585
f 3063//3586 3064//3586 3022//3586
f 3065//3587 3021//3587 3022//3587
f 3066//3588 3054//3588 3019//3588
f 3014//3584 3053//3584 3062//3584
f 3067//3589 3012//3589 3013//3589
f 3067//3590 3068//3590 3031//3590
f 3069//3591 3070//3591 3028//3591
f 3070//3592 3061//3592 3027//3592
f 3024//3585 3060//3585 3063//3585
f 3022//3593 3064//3593 3065//3593
f 3018//3576 3019//3576 3054//3576
f 3031//3594 3012//3594 3067//3594
f 3071//3595 3030//3595 3031//3595
f 3071//3596 3069//3596 3029//3596
f 3027//3592 3028//3592 3070//3592
f 3022//3586 3023//3586 3063//3586
f 3066//3597 3020//3597 3021//3597
f 3013//3589 3062//3589 3067//3589
f 3029//3596 3030//3596 3071//3596
f 3026//3583 3027//3583 3061//3583
f 3019//3588 3020//3588 3066//3588
f 3028//3591 3029//3591 3069//3591
f 3031//3598 3068//3598 3071//3598
f 3021//3599 3065//3599 3066//3599
f 3035//3600 3045//3600 3072//3600
f 3036//3469 3035//3469 3073//3469
f 3037//3468 3036//3468 3074//3468
f 3038//3467 3037//3467 3075//3467
f 3046//3466 3038//3466 3076//3466
f 3047//3465 3046//3465 3077//3465
f 3048//3464 3047//3464 3078//3464
f 3049//3463 3048//3463 3079//3463
f 3050//3462 3049//3462 3080//3462
f 3051//3461 3050//3461 3081//3461
f 3039//3601 3051//3601 3082//3601
f 3032//3479 3039//3479 3083//3479
f 3033//3478 3032//3478 3084//3478
f 3034//3477 3033//3477 3085//3477
f 3040//3476 3034//3476 3086//3476
f 3041//3475 3040//3475 3087//3475
f 3042//3474 3041//3474 3088//3474
f 3043//3473 3042//3473 3089//3473
f 3044//3472 3043//3472 3090//3472
f 3045//3471 3044//3471 3091//3471
f 3091//3602 3072//3602 3045//3602
f 3090//3472 3091//3472 3044//3472
f 3089//3473 3090//3473 3043//3473
f 3088//3474 3089//3474 3042//3474
f 3087//3475 3088//3475 3041//3475
f 3086//3476 3087//3476 3040//3476
f 3085//3477 3086//3477 3034//3477
f 3084//3478 3085//3478 3033//3478
f 3083//3479 3084//3479 3032//3479
f 3082//3480 3083//3480 3039//3480
f 3081//3461 3082//3461 3051//3461
f 3080//3462 3081//3462 3050//3462
f 3079//3463 3080//3463 3049//3463
f 3078//3464 3079//3464 3048//3464
f 3077//3465 3078//3465 3047//3465
f 3076//3466 3077//3466 3046//3466
f 3075//3467 3076//3467 3038//3467
f 3074//3468 3075//3468 3037//3468
f 3073//3469 3074//3469 3036//3469
f 3072//3470 3073//3470 3035//3470
f 3092//3481 3093//3481 3083//3481
f 3093//3482 3094//3482 3084//3482
f 3094//3483 3095//3483 3085//3483
f 3095//3484 3096//3484 3086//3484
f 3096//3485 3097//3485 3087//3485
f 3097//3486 3098//3486 3088//3486
f 3098//3487 3099//3487 3089//3487
f 3099//3488 3100//3488 3090//3488
f 3100//3489 3101//3489 3091//3489
f 3101//3490 3102//3490 3072//3490
f 3102//3603 3103//3603 3073//3603
f 3103//3492 3104//3492 3074//3492
f 3104//3493 3105//3493 3075//3493
f 3105//3494 3106//3494 3076//3494
f 3106//3495 3107//3495 3077//3495
f 3107//3496 3108//3496 3078//3496
f 3108//3497 3109//3497 3079//3497
f 3109//3498 3110//3498 3080//3498
f 3110//3499 3111//3499 3081//3499
f 3111//3500 3092//3500 3082//3500
f 3082//3500 3081//3500 3111//3500
f 3081//3499 3080//3499 3110//3499
f 3080//3498 3079//3498 3109//3498
f 3079//3497 3078//3497 3108//3497
f 3078//3496 3077//3496 3107//3496
f 3077//3495 3076//3495 3106//3495
f 3076//3494 3075//3494 3105//3494
f 3075//3493 3074//3493 3104//3493
f 3074//3492 3073//3492 3103//3492
f 3073//3604 3072//3604 3102//3604
f 3072//3490 3091//3490 3101//3490
f 3091//3489 3090//3489 3100//3489
f 3090//3488 3089//3488 3099//3488
f 3089//3487 3088//3487 3098//3487
f 3088//3486 3087//3486 3097//3486
f 3087//3485 3086//3485 3096//3485
f 3086//3484 3085//3484 3095//3484
f 3085//3483 3084//3483 3094//3483
f 3084//3482 3083//3482 3093//3482
f 3083//3481 3082//3481 3092//3481
f 3071//3605 3068//3605 3112//3605
f 3069//3469 3071//3469 3113//3469
f 3070//3468 3069//3468 3114//3468
f 3061//3467 3070//3467 3115//3467
f 3058//3466 3061//3466 3116//3466
f 3059//3465 3058//3465 3117//3465
f 3060//3464 3059//3464 3118//3464
f 3063//3463 3060//3463 3119//3463
f 3064//3462 3063//3462 3120//3462
f 3065//3461 3064//3461 3121//3461
f 3066//3606 3065//3606 3122//3606
f 3054//3479 3066//3479 3123//3479
f 3055//3478 3054//3478 3124//3478
f 3056//3477 3055//3477 3125//3477
f 3057//3476 3056//3476 3126//3476
f 3052//3475 3057//3475 3127//3475
f 3053//3474 3052//3474 3128//3474
f 3062//3473 3053//3473 3129//3473
f 3067//3472 3062//3472 3130//3472
f 3068//3471 3067//3471 3131//3471
f 3131//3607 3112//3607 3068//3607
f 3130//3472 3131//3472 3067//3472
f 3129//3473 3130//3473 3062//3473
f 3128//3474 3129//3474 3053//3474
f 3127//3475 3128//3475 3052//3475
f 3126//3476 3127//3476 3057//3476
f 3125//3477 3126//3477 3056//3477
f 3124//3478 3125//3478 3055//3478
f 3123//3479 3124//3479 3054//3479
f 3122//3480 3123//3480 3066//3480
f 3121//3461 3122//3461 3065//3461
f 3120//3462 3121//3462 3064//3462
f 3119//3463 3120//3463 3063//3463
f 3118//3464 3119//3464 3060//3464
f 3117//3465 3118//3465 3059//3465
f 3116//3466 3117//3466 3058//3466
f 3115//3467 3116//3467 3061//3467
f 3114//3468 3115//3468 3070//3468
f 3113//3469 3114//3469 3069//3469
f 3112//3470 3113//3470 3071//3470
f 3132//3608 3133//3608 3123//3608
f 3133//3482 3134//3482 3124//3482
f 3134//3483 3135//3483 3125//3483
f 3135//3484 3136//3484 3126//3484
f 3136//3485 3137//3485 3127//3485
f 3137//3486 3138//3486 3128//3486
f 3138//3487 3139//3487 3129//3487
f 3139//3488 3140//3488 3130//3488
f 3140//3489 3141//3489 3131//3489
f 3141//3490 3142//3490 3112//3490
f 3142//3609 3143//3609 3113//3609
f 3143//3492 3144//3492 3114//3492
f 3144//3493 3145//3493 3115//3493
f 3145//3494 3146//3494 3116//3494
f 3146//3495 3147//3495 3117//3495
f 3147//3496 3148//3496 3118//3496
f 3148//3497 3149//3497 3119//3497
f 3149//3498 3150//3498 3120//3498
f 3150//3499 3151//3499 3121//3499
f 3151//3500 3132//3500 3122//3500
f 3122//3500 3121//3500 3151//3500
f 3121//3499 3120//3499 3150//3499
f 3120//3498 3119//3498 3149//3498
f 3119//3497 3118//3497 3148//3497
f 3118//3496 3117//3496 3147//3496
f 3117//3495 3116//3495 3146//3495
f 3116//3494 3115//3494 3145//3494
f 3115//3493 3114//3493 3144//3493
f 3114//3492 3113//3492 3143//3492
f 3113//3491 3112//3491 3142//3491
f 3112//3490 3131//3490 3141//3490
f 3131//3489 3130//3489 3140//3489
f 3130//3488 3129//3488 3139//3488
f 3129//3487 3128//3487 3138//3487
f 3128//3486 3127//3486 3137//3486
f 3127//3485 3126//3485 3136//3485
f 3126//3484 3125//3484 3135//3484
f 3125//3483 3124//3483 3134//3483
f 3124//3482 3123//3482 3133//3482
f 3123//3481 3122//3481 3132//3481
f 3152//3610 2789//3610 2788//3610
f 3152//3610 2790//3610 2789//3610
f 2788//3610 2787//3610 3152//3610
f 2786//3610 3153//3610 3154//3610
f 3155//3611 3156//3611 3157//3611
f 3156//3612 3158//3612 3159//3612
f 2786//3610 3160//3610 3153//3610
f 3157//3610 2786//3610 3155//3610
f 3155//3613 2784//3613 2783//3613
f 3155//3610 2786//3610 2785//3610
f 3156//3614 3161//3614 3162//3614
f 3159//3610 3163//3610 3156//3610
f 3157//3610 3160//3610 2786//3610
f 2785//3610 2784//3610 3155//3610
f 3164//3615 2782//3615 2781//3615
f 3163//3616 3161//3616 3156//3616
f 2783//3610 3164//3610 3155//3610
f 3164//3617 2783//3617 2782//3617
f 3165//3618 2780//3618 2779//3618
f 3159//3619 3166//3619 3167//3619
f 3162//3620 3157//3620 3156//3620
f 2781//3610 3165//3610 3164//3610
f 3165//3621 2781//3621 2780//3621
f 3168//3622 2779//3622 2778//3622
f 3169//3623 2778//3623 2777//3623
f 3167//3624 2774//3624 3159//3624
f 3158//3625 3170//3625 3159//3625
f 2779//3626 3168//3626 3165//3626
f 2777//3627 3171//3627 3169//3627
f 3172//3628 3173//3628 2775//3628
f 3167//3629 3174//3629 2774//3629
f 3170//3630 3175//3630 3159//3630
f 2778//3631 3169//3631 3168//3631
f 2777//3632 2776//3632 3176//3632
f 2775//3633 2774//3633 3172//3633
f 3175//3634 3166//3634 3159//3634
f 2777//3635 3177//3635 3171//3635
f 2776//3636 3178//3636 3176//3636
f 3174//3637 3172//3637 2774//3637
f 3176//3638 3177//3638 2777//3638
f 2776//3639 2775//3639 3179//3639
f 3173//3640 3180//3640 2775//3640
f 3179//3641 3178//3641 2776//3641
f 3154//3610 3152//3610 2786//3610
f 3140//3610 2760//3610 3181//3610
f 2760//3610 3182//3610 3181//3610
f 2760//3610 3183//3610 3182//3610
f 2760//3610 2759//3610 3184//3610
f 3152//3642 3185//3642 3186//3642
f 3184//3610 3183//3610 2760//3610
f 2759//3610 3152//3610 3187//3610
f 3152//3610 3188//3610 3185//3610
f 2759//3610 3189//3610 3184//3610
f 3186//3643 3187//3643 3152//3643
f 3159//3644 2774//3644 3147//3644
f 2770//3645 3135//3645 3134//3645
f 3138//3610 3137//3610 2768//3610
f 3140//3610 2762//3610 2761//3610
f 3140//3610 3139//3610 2763//3610
f 2759//3610 3190//3610 3189//3610
f 3152//3610 3154//3610 3188//3610
f 3191//3610 3192//3610 3142//3610
f 2774//3646 3148//3646 3147//3646
f 2774//3647 2773//3647 3150//3647
f 3134//3648 2771//3648 2770//3648
f 3136//3649 3135//3649 2770//3649
f 3137//3650 3136//3650 2769//3650
f 2768//3610 2767//3610 3138//3610
f 3139//3610 2765//3610 2764//3610
f 3139//3610 3138//3610 2766//3610
f 2763//3610 2762//3610 3140//3610
f 3187//3610 3190//3610 2759//3610
f 3141//3610 3193//3610 3191//3610
f 3159//3610 3145//3610 3144//3610
f 2774//3651 3149//3651 3148//3651
f 2773//3652 3151//3652 3150//3652
f 2770//3653 2769//3653 3136//3653
f 2767//3610 2766//3610 3138//3610
f 2766//3610 2765//3610 3139//3610
f 3181//3610 3141//3610 3140//3610
f 3141//3610 3194//3610 3193//3610
f 3143//3610 3195//3610 3196//3610
f 3195//3610 3143//3610 3142//3610
f 3159//3610 3146//3610 3145//3610
f 3150//3654 3149//3654 2774//3654
f 2769//3655 2768//3655 3137//3655
f 2761//3610 2760//3610 3140//3610
f 3141//3656 3181//3656 3194//3656
f 3142//3610 3192//3610 3195//3610
f 3147//3657 3146//3657 3159//3657
f 2772//3658 3132//3658 3151//3658
f 2772//3659 2771//3659 3133//3659
f 2764//3610 2763//3610 3139//3610
f 3196//3610 3159//3610 3143//3610
f 3151//3660 2773//3660 2772//3660
f 3134//3661 3133//3661 2771//3661
f 3144//3610 3143//3610 3159//3610
f 3142//3610 3141//3610 3191//3610
f 2754//3662 3098//3662 3197//3662
f 3197//3663 3198//3663 2754//3663
f 3098//3610 3199//3610 3197//3610
f 3097//3610 3096//3610 3200//3610
f 3098//3610 3201//3610 3199//3610
f 3201//3610 3098//3610 3097//3610
f 3095//3610 3202//3610 3203//3610
f 3200//3610 3201//3610 3097//3610
f 3203//3610 3096//3610 3095//3610
f 3096//3610 3203//3610 3200//3610
f 3098//3664 2754//3664 2753//3664
f 3204//3665 2758//3665 2757//3665
f 3198//3666 3205//3666 2754//3666
f 2753//3667 3100//3667 3099//3667
f 3152//3610 3109//3610 3108//3610
f 3204//3668 2759//3668 2758//3668
f 3206//3669 2757//3669 2756//3669
f 3207//3610 3094//3610 3093//3610
f 2753//3670 3099//3670 3098//3670
f 3094//3671 3207//3671 3208//3671
f 3106//3672 3105//3672 2791//3672
f 2790//3673 3108//3673 3107//3673
f 3152//3610 3110//3610 3109//3610
f 2759//3610 3204//3610 3209//3610
f 2756//3674 3210//3674 3206//3674
f 2755//3675 3211//3675 3212//3675
f 2755//3676 2754//3676 3213//3676
f 3093//3610 3152//3610 3207//3610
f 3208//3610 3202//3610 3094//3610
f 2753//3677 2752//3677 3101//3677
f 2791//3678 3104//3678 3103//3678
f 2791//3679 2790//3679 3106//3679
f 3108//3680 2790//3680 3152//3680
f 2757//3681 3206//3681 3204//3681
f 3212//3682 2756//3682 2755//3682
f 2754//3683 3205//3683 3213//3683
f 3095//3610 3094//3610 3202//3610
f 2752//3684 3102//3684 3101//3684
f 3103//3685 2752//3685 2791//3685
f 3107//3686 3106//3686 2790//3686
f 3212//3687 3210//3687 2756//3687
f 3213//3688 3214//3688 2755//3688
f 3101//3689 3100//3689 2753//3689
f 3152//3690 2759//3690 3215//3690
f 3105//3691 3104//3691 2791//3691
f 3152//3610 3092//3610 3111//3610
f 3214//3692 3211//3692 2755//3692
f 3215//3693 3207//3693 3152//3693
f 3111//3610 3110//3610 3152//3610
f 3209//3694 3216//3694 2759//3694
f 3103//3695 3102//3695 2752//3695
f 3093//3610 3092//3610 3152//3610
f 3216//3696 3215//3696 2759//3696
f 3133//3697 3132//3697 2772//3697
f 3180//3698 3179//3698 2775//3698
f 2787//3610 2786//3610 3152//3610
f 3191//3699 3217//3699 3218//3699
f 3193//3700 3219//3700 3220//3700
f 3220//3701 3191//3701 3193//3701
f 3194//3702 3221//3702 3222//3702
f 3222//3703 3193//3703 3194//3703
f 3181//3704 3223//3704 3224//3704
f 3224//3705 3194//3705 3181//3705
f 3182//3706 3225//3706 3226//3706
f 3226//3707 3181//3707 3182//3707
f 3183//3708 3227//3708 3228//3708
f 3228//3709 3182//3709 3183//3709
f 3184//3710 3229//3710 3230//3710
f 3230//3711 3183//3711 3184//3711
f 3189//3712 3231//3712 3232//3712
f 3232//3713 3184//3713 3189//3713
f 3190//3714 3233//3714 3234//3714
f 3234//3715 3189//3715 3190//3715
f 3187//3716 3235//3716 3236//3716
f 3236//3717 3190//3717 3187//3717
f 3187//3718 3186//3718 3237//3718
f 3186//3719 3185//3719 3238//3719
f 3238//3720 3237//3720 3186//3720
f 3185//3721 3188//3721 3239//3721
f 3188//3722 3240//3722 3239//3722
f 3188//3723 3154//3723 3241//3723
f 3242//3724 3241//3724 3154//3724
f 3154//3725 3153//3725 3242//3725
f 3153//3726 3160//3726 3243//3726
f 3160//3727 3244//3727 3243//3727
f 3160//3728 3157//3728 3245//3728
f 3157//3729 3246//3729 3245//3729
f 3157//3730 3162//3730 3247//3730
f 3162//3731 3248//3731 3247//3731
f 3162//3732 3161//3732 3249//3732
f 3161//3733 3250//3733 3249//3733
f 3161//3734 3163//3734 3251//3734
f 3163//3735 3252//3735 3251//3735
f 3252//3736 3163//3736 3159//3736
f 3196//3737 3253//3737 3254//3737
f 3254//3738 3159//3738 3196//3738
f 3196//3739 3195//3739 3255//3739
f 3195//3740 3256//3740 3255//3740
f 3192//3741 3218//3741 3256//3741
f 3256//3742 3195//3742 3192//3742
f 3255//3743 3253//3743 3196//3743
f 3159//3744 3254//3744 3252//3744
f 3251//3745 3250//3745 3161//3745
f 3249//3746 3248//3746 3162//3746
f 3247//3747 3246//3747 3157//3747
f 3245//3748 3244//3748 3160//3748
f 3243//3749 3242//3749 3153//3749
f 3241//3750 3240//3750 3188//3750
f 3239//3751 3238//3751 3185//3751
f 3237//3752 3235//3752 3187//3752
f 3236//3753 3233//3753 3190//3753
f 3234//3754 3231//3754 3189//3754
f 3232//3755 3229//3755 3184//3755
f 3230//3756 3227//3756 3183//3756
f 3228//3757 3225//3757 3182//3757
f 3226//3758 3223//3758 3181//3758
f 3224//3759 3221//3759 3194//3759
f 3222//3760 3219//3760 3193//3760
f 3220//3761 3217//3761 3191//3761
f 3218//3762 3192//3762 3191//3762
f 3217//3763 3257//3763 3258//3763
f 3258//3764 3218//3764 3217//3764
f 3257//3765 3220//3765 3219//3765
f 3219//3766 3259//3766 3257//3766
f 3259//3767 3222//3767 3221//3767
f 3221//3768 3260//3768 3259//3768
f 3260//3769 3224//3769 3223//3769
f 3223//3770 3261//3770 3260//3770
f 3261//3771 3226//3771 3225//3771
f 3225//3772 3262//3772 3261//3772
f 3262//3773 3228//3773 3227//3773
f 3227//3774 3263//3774 3262//3774
f 3263//3775 3230//3775 3229//3775
f 3229//3776 3264//3776 3263//3776
f 3264//3777 3232//3777 3231//3777
f 3231//3778 3265//3778 3264//3778
f 3265//3779 3234//3779 3233//3779
f 3233//3780 3266//3780 3265//3780
f 3266//3781 3236//3781 3235//3781
f 3235//3782 3267//3782 3266//3782
f 3268//3783 3267//3783 3238//3783
f 3267//3784 3237//3784 3238//3784
f 3269//3785 3268//3785 3240//3785
f 3268//3786 3239//3786 3240//3786
f 3270//3787 3269//3787 3242//3787
f 3269//3788 3241//3788 3242//3788
f 3271//3789 3270//3789 3244//3789
f 3270//3790 3243//3790 3244//3790
f 3272//3791 3271//3791 3246//3791
f 3271//3792 3245//3792 3246//3792
f 3273//3793 3272//3793 3248//3793
f 3272//3794 3247//3794 3248//3794
f 3274//3795 3273//3795 3250//3795
f 3273//3796 3249//3796 3250//3796
f 3275//3797 3274//3797 3252//3797
f 3274//3798 3251//3798 3252//3798
f 3276//3799 3275//3799 3253//3799
f 3275//3800 3254//3800 3253//3800
f 3256//3801 3218//3801 3258//3801
f 3276//3802 3255//3802 3256//3802
f 3258//3803 3276//3803 3256//3803
f 3253//3804 3255//3804 3276//3804
f 3252//3805 3254//3805 3275//3805
f 3250//3806 3251//3806 3274//3806
f 3248//3807 3249//3807 3273//3807
f 3246//3808 3247//3808 3272//3808
f 3244//3809 3245//3809 3271//3809
f 3242//3810 3243//3810 3270//3810
f 3240//3811 3241//3811 3269//3811
f 3238//3812 3239//3812 3268//3812
f 3235//3813 3237//3813 3267//3813
f 3233//3814 3236//3814 3266//3814
f 3231//3815 3234//3815 3265//3815
f 3229//3816 3232//3816 3264//3816
f 3227//3817 3230//3817 3263//3817
f 3225//3818 3228//3818 3262//3818
f 3223//3819 3226//3819 3261//3819
f 3221//3820 3224//3820 3260//3820
f 3219//3821 3222//3821 3259//3821
f 3217//3822 3220//3822 3257//3822
f 3258//3823 3274//3823 3275//3823
f 3258//3824 3273//3824 3274//3824
f 3258//3610 3271//3610 3272//3610
f 3258//3610 3269//3610 3270//3610
f 3261//3610 3264//3610 3265//3610
f 3264//3610 3261//3610 3262//3610
f 3266//3610 3259//3610 3260//3610
f 3272//3610 3273//3610 3258//3610
f 3258//3610 3268//3610 3269//3610
f 3262//3610 3263//3610 3264//3610
f 3266//3610 3257//3610 3259//3610
f 3270//3610 3271//3610 3258//3610
f 3257//3825 3266//3825 3267//3825
f 3260//3610 3261//3610 3266//3610
f 3275//3826 3276//3826 3258//3826
f 3265//3610 3266//3610 3261//3610
f 3267//3827 3268//3827 3257//3827
f 3258//3828 3257//3828 3268//3828
f 3215//3481 3216//3481 3277//3481
f 3216//3482 3209//3482 3278//3482
f 3209//3483 3204//3483 3279//3483
f 3204//3484 3206//3484 3280//3484
f 3206//3485 3210//3485 3281//3485
f 3210//3486 3212//3486 3282//3486
f 3212//3487 3211//3487 3283//3487
f 3211//3488 3214//3488 3284//3488
f 3214//3489 3213//3489 3285//3489
f 3213//3829 3205//3829 3286//3829
f 3205//3830 3198//3830 3287//3830
f 3198//3492 3197//3492 3288//3492
f 3197//3493 3199//3493 3289//3493
f 3199//3494 3201//3494 3290//3494
f 3201//3495 3200//3495 3291//3495
f 3200//3496 3203//3496 3292//3496
f 3203//3497 3202//3497 3293//3497
f 3202//3498 3208//3498 3294//3498
f 3208//3499 3207//3499 3295//3499
f 3207//3500 3215//3500 3296//3500
f 3296//3500 3295//3500 3207//3500
f 3295//3499 3294//3499 3208//3499
f 3294//3498 3293//3498 3202//3498
f 3293//3497 3292//3497 3203//3497
f 3292//3496 3291//3496 3200//3496
f 3291//3495 3290//3495 3201//3495
f 3290//3494 3289//3494 3199//3494
f 3289//3493 3288//3493 3197//3493
f 3288//3492 3287//3492 3198//3492
f 3287//3831 3286//3831 3205//3831
f 3286//3490 3285//3490 3213//3490
f 3285//3489 3284//3489 3214//3489
f 3284//3488 3283//3488 3211//3488
f 3283//3487 3282//3487 3212//3487
f 3282//3486 3281//3486 3210//3486
f 3281//3485 3280//3485 3206//3485
f 3280//3484 3279//3484 3204//3484
f 3279//3483 3278//3483 3209//3483
f 3278//3482 3277//3482 3216//3482
f 3277//3481 3296//3481 3215//3481
f 3295//3832 3296//3832 3297//3832
f 3294//3833 3295//3833 3298//3833
f 3293//3834 3294//3834 3299//3834
f 3292//3835 3293//3835 3300//3835
f 3291//3836 3292//3836 3301//3836
f 3290//3837 3291//3837 3302//3837
f 3289//3838 3290//3838 3303//3838
f 3288//3839 3289//3839 3304//3839
f 3287//3840 3288//3840 3305//3840
f 3286//3841 3287//3841 3306//3841
f 3285//3842 3286//3842 3307//3842
f 3284//3843 3285//3843 3308//3843
f 3283//3844 3284//3844 3309//3844
f 3282//3845 3283//3845 3310//3845
f 3281//3846 3282//3846 3311//3846
f 3280//3847 3281//3847 3312//3847
f 3279//3848 3280//3848 3313//3848
f 3278//3849 3279//3849 3314//3849
f 3277//3850 3278//3850 3315//3850
f 3296//3851 3277//3851 3316//3851
f 3316//3852 3297//3852 3296//3852
f 3315//3853 3316//3853 3277//3853
f 3314//3854 3315//3854 3278//3854
f 3313//3855 3314//3855 3279//3855
f 3312//3856 3313//3856 3280//3856
f 3311//3857 3312//3857 3281//3857
f 3310//3858 3311//3858 3282//3858
f 3309//3859 3310//3859 3283//3859
f 3308//3860 3309//3860 3284//3860
f 3307//3861 3308//3861 3285//3861
f 3306//3862 3307//3862 3286//3862
f 3305//3863 3306//3863 3287//3863
f 3304//3864 3305//3864 3288//3864
f 3303//3865 3304//3865 3289//3865
f 3302//3866 3303//3866 3290//3866
f 3301//3867 3302//3867 3291//3867
f 3300//3868 3301//3868 3292//3868
f 3299//3869 3300//3869 3293//3869
f 3298//3870 3299//3870 3294//3870
f 3297//3871 3298//3871 3295//3871
f 3306//3610 3317//3610 3318//3610
f 3305//3610 3319//3610 3317//3610
f 3315//3610 3320//3610 3321//3610
f 3314//3610 3322//3610 3320//3610
f 3317//3610 3306//3610 3305//3610
f 3304//3610 3323//3610 3319//3610
f 3320//3610 3315//3610 3314//3610
f 3313//3610 3324//3610 3322//3610
f 3312//3610 3325//3610 3324//3610
f 3311//3610 3326//3610 3325//3610
f 3319//3610 3305//3610 3304//3610
f 3303//3610 3327//3610 3323//3610
f 3302//3610 3328//3610 3327//3610
f 3301//3610 3329//3610 3328//3610
f 3322//3610 3314//3610 3313//3610
f 3325//3610 3312//3610 3311//3610
f 3310//3610 3330//3610 3326//3610
f 3309//3610 3331//3610 3330//3610
f 3323//3610 3304//3610 3303//3610
f 3328//3610 3302//3610 3301//3610
f 3300//3610 3332//3610 3329//3610
f 3299//3610 3333//3610 3332//3610
f 3324//3610 3313//3610 3312//3610
f 3330//3610 3310//3610 3309//3610
f 3308//3610 3334//3610 3331//3610
f 3308//3610 3307//3610 3318//3610
f 3327//3610 3303//3610 3302//3610
f 3332//3610 3300//3610 3299//3610
f 3326//3610 3311//3610 3310//3610
f 3318//3610 3334//3610 3308//3610
f 3329//3610 3301//3610 3300//3610
f 3298//3610 3335//3610 3333//3610
f 3297//3610 3316//3610 3321//3610
f 3331//3610 3309//3610 3308//3610
f 3333//3610 3299//3610 3298//3610
f 3298//3610 3297//3610 3336//3610
f 3321//3610 3316//3610 3315//3610
f 3336//3610 3335//3610 3298//3610
f 3318//3610 3307//3610 3306//3610
f 3321//3610 3336//3610 3297//3610
f 3318//3872 3337//3872 3338//3872
f 3334//3462 3338//3462 3339//3462
f 3331//3463 3339//3463 3340//3463
f 3330//3464 3340//3464 3341//3464
f 3326//3465 3341//3465 3342//3465
f 3325//3466 3342//3466 3343//3466
f 3324//3467 3343//3467 3344//3467
f 3322//3468 3344//3468 3345//3468
f 3320//3469 3345//3469 3346//3469
f 3321//3470 3346//3470 3347//3470
f 3336//3873 3347//3873 3348//3873
f 3335//3472 3348//3472 3349//3472
f 3333//3473 3349//3473 3350//3473
f 3332//3474 3350//3474 3351//3474
f 3329//3475 3351//3475 3352//3475
f 3328//3476 3352//3476 3353//3476
f 3327//3477 3353//3477 3354//3477
f 3323//3478 3354//3478 3355//3478
f 3319//3479 3355//3479 3356//3479
f 3317//3480 3356//3480 3337//3480
f 3337//3874 3318//3874 3317//3874
f 3356//3479 3317//3479 3319//3479
f 3355//3478 3319//3478 3323//3478
f 3354//3477 3323//3477 3327//3477
f 3353//3476 3327//3476 3328//3476
f 3352//3475 3328//3475 3329//3475
f 3351//3474 3329//3474 3332//3474
f 3350//3473 3332//3473 3333//3473
f 3349//3472 3333//3472 3335//3472
f 3348//3471 3335//3471 3336//3471
f 3347//3875 3336//3875 3321//3875
f 3346//3469 3321//3469 3320//3469
f 3345//3468 3320//3468 3322//3468
f 3344//3467 3322//3467 3324//3467
f 3343//3466 3324//3466 3325//3466
f 3342//3465 3325//3465 3326//3465
f 3341//3464 3326//3464 3330//3464
f 3340//3463 3330//3463 3331//3463
f 3339//3462 3331//3462 3334//3462
f 3338//3461 3334//3461 3318//3461
f 3338//3876 3337//3876 3357//3876
f 3337//3877 3358//3877 3357//3877
f 3338//3878 3359//3878 3360//3878
f 3339//3879 3360//3879 3361//3879
f 3340//3880 3361//3880 3362//3880
f 3341//3881 3362//3881 3363//3881
f 3342//3882 3363//3882 3364//3882
f 3343//3883 3364//3883 3365//3883
f 3344//3884 3365//3884 3366//3884
f 3345//3885 3366//3885 3367//3885
f 3346//3886 3367//3886 3368//3886
f 3368//3887 3347//3887 3346//3887
f 3347//3888 3369//3888 3370//3888
f 3348//3889 3370//3889 3371//3889
f 3349//3890 3371//3890 3372//3890
f 3350//3891 3372//3891 3373//3891
f 3351//3892 3373//3892 3374//3892
f 3352//3893 3374//3893 3375//3893
f 3353//3894 3375//3894 3376//3894
f 3354//3895 3376//3895 3377//3895
f 3355//3896 3377//3896 3378//3896
f 3356//3897 3378//3897 3358//3897
f 3358//3898 3337//3898 3356//3898
f 3378//3896 3356//3896 3355//3896
f 3377//3895 3355//3895 3354//3895
f 3376//3894 3354//3894 3353//3894
f 3375//3893 3353//3893 3352//3893
f 3374//3892 3352//3892 3351//3892
f 3373//3891 3351//3891 3350//3891
f 3372//3890 3350//3890 3349//3890
f 3371//3889 3349//3889 3348//3889
f 3370//3899 3348//3899 3347//3899
f 3368//3900 3369//3900 3347//3900
f 3367//3885 3346//3885 3345//3885
f 3366//3884 3345//3884 3344//3884
f 3365//3883 3344//3883 3343//3883
f 3364//3882 3343//3882 3342//3882
f 3363//3881 3342//3881 3341//3881
f 3362//3880 3341//3880 3340//3880
f 3361//3879 3340//3879 3339//3879
f 3360//3878 3339//3878 3338//3878
f 3357//3901 3359//3901 3338//3901
f 3179//3481 3180//3481 3379//3481
f 3180//3482 3173//3482 3380//3482
f 3173//3483 3172//3483 3381//3483
f 3172//3484 3174//3484 3382//3484
f 3174//3485 3167//3485 3383//3485
f 3167//3486 3166//3486 3384//3486
f 3166//3487 3175//3487 3385//3487
f 3175//3488 3170//3488 3386//3488
f 3170//3489 3158//3489 3387//3489
f 3158//3829 3156//3829 3388//3829
f 3156//3830 3155//3830 3389//3830
f 3155//3492 3164//3492 3390//3492
f 3164//3493 3165//3493 3391//3493
f 3165//3494 3168//3494 3392//3494
f 3168//3495 3169//3495 3393//3495
f 3169//3496 3171//3496 3394//3496
f 3171//3497 3177//3497 3395//3497
f 3177//3498 3176//3498 3396//3498
f 3176//3499 3178//3499 3397//3499
f 3178//3500 3179//3500 3398//3500
f 3398//3500 3397//3500 3178//3500
f 3397//3499 3396//3499 3176//3499
f 3396//3498 3395//3498 3177//3498
f 3395//3497 3394//3497 3171//3497
f 3394//3496 3393//3496 3169//3496
f 3393//3495 3392//3495 3168//3495
f 3392//3494 3391//3494 3165//3494
f 3391//3493 3390//3493 3164//3493
f 3390//3492 3389//3492 3155//3492
f 3389//3831 3388//3831 3156//3831
f 3388//3490 3387//3490 3158//3490
f 3387//3489 3386//3489 3170//3489
f 3386//3488 3385//3488 3175//3488
f 3385//3487 3384//3487 3166//3487
f 3384//3486 3383//3486 3167//3486
f 3383//3485 3382//3485 3174//3485
f 3382//3484 3381//3484 3172//3484
f 3381//3483 3380//3483 3173//3483
f 3380//3482 3379//3482 3180//3482
f 3379//3481 3398//3481 3179//3481
f 3397//3902 3398//3902 3399//3902
f 3396//3903 3397//3903 3400//3903
f 3395//3904 3396//3904 3401//3904
f 3394//3905 3395//3905 3402//3905
f 3393//3906 3394//3906 3403//3906
f 3392//3907 3393//3907 3404//3907
f 3391//3908 3392//3908 3405//3908
f 3390//3909 3391//3909 3406//3909
f 3389//3910 3390//3910 3407//3910
f 3388//3911 3389//3911 3408//3911
f 3387//3912 3388//3912 3409//3912
f 3386//3913 3387//3913 3410//3913
f 3385//3914 3386//3914 3411//3914
f 3384//3915 3385//3915 3412//3915
f 3383//3916 3384//3916 3413//3916
f 3382//3917 3383//3917 3414//3917
f 3381//3918 3382//3918 3415//3918
f 3380//3919 3381//3919 3416//3919
f 3379//3920 3380//3920 3417//3920
f 3398//3921 3379//3921 3418//3921
f 3418//3922 3399//3922 3398//3922
f 3417//3923 3418//3923 3379//3923
f 3416//3924 3417//3924 3380//3924
f 3415//3925 3416//3925 3381//3925
f 3414//3926 3415//3926 3382//3926
f 3413//3927 3414//3927 3383//3927
f 3412//3928 3413//3928 3384//3928
f 3411//3929 3412//3929 3385//3929
f 3410//3930 3411//3930 3386//3930
f 3409//3931 3410//3931 3387//3931
f 3408//3932 3409//3932 3388//3932
f 3407//3933 3408//3933 3389//3933
f 3406//3934 3407//3934 3390//3934
f 3405//3935 3406//3935 3391//3935
f 3404//3936 3405//3936 3392//3936
f 3403//3937 3404//3937 3393//3937
f 3402//3938 3403//3938 3394//3938
f 3401//3939 3402//3939 3395//3939
f 3400//3940 3401//3940 3396//3940
f 3399//3941 3400//3941 3397//3941
f 3405//3610 3419//3610 3420//3610
f 3404//3610 3421//3610 3419//3610
f 3413//3610 3422//3610 3423//3610
f 3412//3610 3424//3610 3422//3610
f 3406//3610 3420//3610 3425//3610
f 3419//3610 3405//3610 3404//3610
f 3422//3610 3413//3610 3412//3610
f 3412//3610 3411//3610 3426//3610
f 3410//3610 3427//3610 3426//3610
f 3410//3610 3409//3610 3428//3610
f 3420//3610 3406//3610 3405//3610
f 3403//3610 3429//3610 3421//3610
f 3415//3610 3430//3610 3431//3610
f 3414//3610 3423//3610 3430//3610
f 3426//3610 3424//3610 3412//3610
f 3428//3610 3427//3610 3410//3610
f 3421//3610 3404//3610 3403//3610
f 3402//3610 3432//3610 3429//3610
f 3401//3610 3433//3610 3432//3610
f 3400//3610 3434//3610 3433//3610
f 3417//3610 3435//3610 3436//3610
f 3416//3610 3431//3610 3435//3610
f 3430//3610 3415//3610 3414//3610
f 3426//3610 3411//3610 3410//3610
f 3408//3610 3437//3610 3428//3610
f 3407//3610 3425//3610 3437//3610
f 3429//3610 3403//3610 3402//3610
f 3433//3610 3401//3610 3400//3610
f 3435//3610 3417//3610 3416//3610
f 3423//3610 3414//3610 3413//3610
f 3437//3610 3408//3610 3407//3610
f 3432//3610 3402//3610 3401//3610
f 3399//3610 3418//3610 3436//3610
f 3431//3610 3416//3610 3415//3610
f 3425//3610 3407//3610 3406//3610
f 3400//3610 3399//3610 3438//3610
f 3436//3610 3418//3610 3417//3610
f 3438//3610 3434//3610 3400//3610
f 3428//3610 3409//3610 3408//3610
f 3436//3610 3438//3610 3399//3610
f 3428//3461 3439//3461 3440//3461
f 3427//3942 3440//3942 3441//3942
f 3426//3943 3441//3943 3442//3943
f 3424//3944 3442//3944 3443//3944
f 3422//3945 3443//3945 3444//3945
f 3423//3946 3444//3946 3445//3946
f 3430//3947 3445//3947 3446//3947
f 3431//3948 3446//3948 3447//3948
f 3435//3949 3447//3949 3448//3949
f 3436//3950 3448//3950 3449//3950
f 3438//3951 3449//3951 3450//3951
f 3434//3952 3450//3952 3451//3952
f 3433//3953 3451//3953 3452//3953
f 3432//3954 3452//3954 3453//3954
f 3429//3955 3453//3955 3454//3955
f 3421//3956 3454//3956 3455//3956
f 3419//3957 3455//3957 3456//3957
f 3420//3958 3456//3958 3457//3958
f 3425//3959 3457//3959 3458//3959
f 3437//3960 3458//3960 3439//3960
f 3439//3961 3428//3961 3437//3961
f 3458//3962 3437//3962 3425//3962
f 3457//3963 3425//3963 3420//3963
f 3456//3964 3420//3964 3419//3964
f 3455//3965 3419//3965 3421//3965
f 3454//3966 3421//3966 3429//3966
f 3453//3967 3429//3967 3432//3967
f 3452//3968 3432//3968 3433//3968
f 3451//3969 3433//3969 3434//3969
f 3450//3970 3434//3970 3438//3970
f 3449//3971 3438//3971 3436//3971
f 3448//3972 3436//3972 3435//3972
f 3447//3973 3435//3973 3431//3973
f 3446//3974 3431//3974 3430//3974
f 3445//3975 3430//3975 3423//3975
f 3444//3976 3423//3976 3422//3976
f 3443//3977 3422//3977 3424//3977
f 3442//3978 3424//3978 3426//3978
f 3441//3979 3426//3979 3427//3979
f 3440//3980 3427//3980 3428//3980
f 3440//3981 3439//3981 3459//3981
f 3439//3982 3460//3982 3459//3982
f 3440//3983 3461//3983 3462//3983
f 3441//3984 3462//3984 3463//3984
f 3442//3985 3463//3985 3464//3985
f 3443//3986 3464//3986 3465//3986
f 3444//3987 3465//3987 3466//3987
f 3445//3988 3466//3988 3467//3988
f 3446//3989 3467//3989 3468//3989
f 3447//3990 3468//3990 3469//3990
f 3448//3991 3469//3991 3470//3991
f 3470//3992 3449//3992 3448//3992
f 3449//3993 3471//3993 3472//3993
f 3450//3994 3472//3994 3473//3994
f 3451//3995 3473//3995 3474//3995
f 3452//3996 3474//3996 3475//3996
f 3453//3997 3475//3997 3476//3997
f 3454//3998 3476//3998 3477//3998
f 3455//3999 3477//3999 3478//3999
f 3456//4000 3478//4000 3479//4000
f 3457//4001 3479//4001 3480//4001
f 3458//4002 3480//4002 3460//4002
f 3460//4003 3439//4003 3458//4003
f 3480//4001 3458//4001 3457//4001
f 3479//4000 3457//4000 3456//4000
f 3478//3999 3456//3999 3455//3999
f 3477//3998 3455//3998 3454//3998
f 3476//3997 3454//3997 3453//3997
f 3475//3996 3453//3996 3452//3996
f 3474//3995 3452//3995 3451//3995
f 3473//3994 3451//3994 3450//3994
f 3472//4004 3450//4004 3449//4004
f 3470//4005 3471//4005 3449//4005
f 3469//3990 3448//3990 3447//3990
f 3468//3989 3447//3989 3446//3989
f 3467//3988 3446//3988 3445//3988
f 3466//3987 3445//3987 3444//3987
f 3465//3986 3444//3986 3443//3986
f 3464//3985 3443//3985 3442//3985
f 3463//3984 3442//3984 3441//3984
f 3462//3983 3441//3983 3440//3983
f 3459//4006 3461//4006 3440//4006
f 3481//4007 3366//4007 3365//4007
f 3481//4008 3367//4008 3366//4008
f 3482//4009 3362//4009 3361//4009
f 3361//4010 3360//4010 3482//4010
f 3483//4011 3377//4011 3376//4011
f 3483//4012 3378//4012 3377//4012
f 3484//4013 3373//4013 3372//4013
f 3372//4014 3371//4014 3484//4014
f 3481//4015 3364//4015 3485//4015
f 3363//4016 3486//4016 3485//4016
f 3363//4017 3362//4017 3487//4017
f 3487//4018 3486//4018 3363//4018
f 3485//4019 3364//4019 3363//4019
f 3482//4020 3488//4020 3487//4020
f 3487//4021 3362//4021 3482//4021
f 3484//4022 3370//4022 3489//4022
f 3369//4023 3490//4023 3489//4023
f 3490//4024 3369//4024 3368//4024
f 3368//4025 3367//4025 3491//4025
f 3491//4026 3492//4026 3368//4026
f 3368//4027 3492//4027 3490//4027
f 3481//4028 3493//4028 3491//4028
f 3491//4029 3367//4029 3481//4029
f 3489//4030 3370//4030 3369//4030
f 3374//4031 3494//4031 3495//4031
f 3374//4032 3373//4032 3496//4032
f 3496//4033 3494//4033 3374//4033
f 3495//4034 3375//4034 3374//4034
f 3484//4035 3497//4035 3496//4035
f 3496//4036 3373//4036 3484//4036
f 3498//4037 3499//4037 3483//4037
f 3482//4038 3359//4038 3500//4038
f 3357//4039 3501//4039 3500//4039
f 3357//4040 3358//4040 3502//4040
f 3502//4041 3501//4041 3357//4041
f 3358//4042 3378//4042 3503//4042
f 3503//4043 3502//4043 3358//4043
f 3500//4044 3359//4044 3357//4044
f 3483//4045 3499//4045 3503//4045
f 3503//4046 3378//4046 3483//4046
f 3500//4047 3504//4047 3482//4047
f 3483//4048 3495//4048 3498//4048
f 3495//4049 3483//4049 3375//4049
f 3497//4050 3484//4050 3505//4050
f 3489//4051 3505//4051 3484//4051
f 3493//4052 3481//4052 3506//4052
f 3485//4053 3506//4053 3481//4053
f 3488//4054 3482//4054 3504//4054
f 3371//4055 3370//4055 3484//4055
f 3376//4056 3375//4056 3483//4056
f 3360//4057 3359//4057 3482//4057
f 3365//4058 3364//4058 3481//4058
f 3507//4059 3508//4059 3499//4059
f 3508//4060 3503//4060 3499//4060
f 3499//4061 3498//4061 3507//4061
f 3509//4062 3507//4062 3498//4062
f 3498//4063 3495//4063 3509//4063
f 3510//4064 3496//4064 3497//4064
f 3497//4065 3511//4065 3510//4065
f 3512//4066 3494//4066 3510//4066
f 3494//4067 3496//4067 3510//4067
f 3512//4068 3513//4068 3509//4068
f 3509//4069 3494//4069 3512//4069
f 3509//4070 3495//4070 3494//4070
f 3510//4071 3514//4071 3512//4071
f 3515//4072 3507//4072 3513//4072
f 3507//4073 3509//4073 3513//4073
f 3513//4074 3516//4074 3515//4074
f 3517//4075 3512//4075 3514//4075
f 3517//4076 3516//4076 3513//4076
f 3513//4077 3512//4077 3517//4077
f 3514//4078 3518//4078 3517//4078
f 3515//4079 3519//4079 3520//4079
f 3520//4080 3507//4080 3515//4080
f 3520//4081 3508//4081 3507//4081
f 3521//4082 3502//4082 3508//4082
f 3502//4083 3503//4083 3508//4083
f 3522//4084 3500//4084 3501//4084
f 3521//4085 3523//4085 3522//4085
f 3522//4086 3502//4086 3521//4086
f 3501//4087 3502//4087 3522//4087
f 3508//4088 3520//4088 3521//4088
f 3524//4089 3521//4089 3520//4089
f 3524//4090 3525//4090 3523//4090
f 3523//4091 3521//4091 3524//4091
f 3520//4092 3519//4092 3524//4092
f 3526//4093 3488//4093 3504//4093
f 3504//4094 3522//4094 3526//4094
f 3504//4095 3500//4095 3522//4095
f 3527//4096 3518//4096 3514//4096
f 3514//4097 3511//4097 3527//4097
f 3514//4098 3510//4098 3511//4098
f 3511//4099 3497//4099 3505//4099
f 3505//4100 3528//4100 3511//4100
f 3505//4101 3489//4101 3528//4101
f 3527//4102 3511//4102 3529//4102
f 3511//4103 3528//4103 3529//4103
f 3529//4104 3530//4104 3527//4104
f 3531//4105 3490//4105 3532//4105
f 3532//4106 3490//4106 3492//4106
f 3492//4107 3491//4107 3532//4107
f 3531//4108 3529//4108 3528//4108
f 3528//4109 3490//4109 3531//4109
f 3528//4110 3489//4110 3490//4110
f 3532//4111 3533//4111 3531//4111
f 3534//4112 3531//4112 3533//4112
f 3531//4113 3534//4113 3530//4113
f 3530//4114 3529//4114 3531//4114
f 3533//4115 3535//4115 3534//4115
f 3536//4116 3532//4116 3493//4116
f 3532//4117 3491//4117 3493//4117
f 3493//4118 3506//4118 3536//4118
f 3537//4119 3535//4119 3533//4119
f 3533//4120 3536//4120 3537//4120
f 3533//4121 3532//4121 3536//4121
f 3538//4122 3536//4122 3506//4122
f 3506//4123 3485//4123 3538//4123
f 3537//4124 3536//4124 3539//4124
f 3536//4125 3538//4125 3539//4125
f 3539//4126 3540//4126 3537//4126
f 3537//3610 3540//3610 3541//3610
f 3515//3610 3516//3610 3517//3610
f 3541//3610 3542//3610 3537//3610
f 3527//3610 3530//3610 3534//3610
f 3517//3610 3527//3610 3515//3610
f 3515//3610 3542//3610 3524//3610
f 3542//3610 3527//3610 3537//3610
f 3534//3610 3537//3610 3527//3610
f 3527//3610 3542//3610 3515//3610
f 3542//3610 3525//3610 3524//3610
f 3534//3610 3535//3610 3537//3610
f 3524//3610 3519//3610 3515//3610
f 3517//3610 3518//3610 3527//3610
f 3541//3610 3543//3610 3542//3610
f 3544//4127 3539//4127 3538//4127
f 3538//4128 3486//4128 3544//4128
f 3544//4129 3486//4129 3545//4129
f 3486//4130 3487//4130 3545//4130
f 3545//4131 3546//4131 3544//4131
f 3538//4132 3485//4132 3486//4132
f 3542//4133 3543//4133 3546//4133
f 3546//4134 3526//4134 3542//4134
f 3546//4135 3545//4135 3526//4135
f 3542//4136 3526//4136 3523//4136
f 3526//4137 3522//4137 3523//4137
f 3523//4138 3525//4138 3542//4138
f 3541//4139 3544//4139 3546//4139
f 3541//4140 3540//4140 3539//4140
f 3539//4141 3544//4141 3541//4141
f 3546//4142 3543//4142 3541//4142
f 3545//4143 3487//4143 3488//4143
f 3488//4144 3526//4144 3545//4144
f 3547//4145 3468//4145 3467//4145
f 3547//4146 3469//4146 3468//4146
f 3548//4147 3464//4147 3463//4147
f 3463//4148 3462//4148 3548//4148
f 3549//4149 3479//4149 3478//4149
f 3549//4150 3480//4150 3479//4150
f 3550//4151 3475//4151 3474//4151
f 3474//4152 3473//4152 3550//4152
f 3547//4153 3466//4153 3551//4153
f 3465//4154 3552//4154 3551//4154
f 3465//4155 3464//4155 3553//4155
f 3553//4156 3552//4156 3465//4156
f 3551//4157 3466//4157 3465//4157
f 3548//4158 3554//4158 3553//4158
f 3553//4159 3464//4159 3548//4159
f 3550//4160 3472//4160 3555//4160
f 3471//4161 3556//4161 3555//4161
f 3556//4162 3471//4162 3470//4162
f 3470//4163 3469//4163 3557//4163
f 3557//4164 3558//4164 3470//4164
f 3470//4165 3558//4165 3556//4165
f 3547//4166 3559//4166 3557//4166
f 3557//4167 3469//4167 3547//4167
f 3555//4168 3472//4168 3471//4168
f 3476//4169 3560//4169 3561//4169
f 3476//4170 3475//4170 3562//4170
f 3562//4171 3560//4171 3476//4171
f 3561//4172 3477//4172 3476//4172
f 3550//4173 3563//4173 3562//4173
f 3562//4174 3475//4174 3550//4174
f 3564//4175 3565//4175 3549//4175
f 3548//4176 3461//4176 3566//4176
f 3459//4177 3567//4177 3566//4177
f 3459//4178 3460//4178 3568//4178
f 3568//4179 3567//4179 3459//4179
f 3460//4180 3480//4180 3569//4180
f 3569//4181 3568//4181 3460//4181
f 3566//4182 3461//4182 3459//4182
f 3549//4183 3565//4183 3569//4183
f 3569//4184 3480//4184 3549//4184
f 3566//4185 3570//4185 3548//4185
f 3549//4186 3561//4186 3564//4186
f 3561//4187 3549//4187 3477//4187
f 3563//4188 3550//4188 3571//4188
f 3555//4189 3571//4189 3550//4189
f 3559//4190 3547//4190 3572//4190
f 3551//4191 3572//4191 3547//4191
f 3554//4192 3548//4192 3570//4192
f 3473//4193 3472//4193 3550//4193
f 3478//4194 3477//4194 3549//4194
f 3462//4195 3461//4195 3548//4195
f 3467//4196 3466//4196 3547//4196
f 3573//4197 3574//4197 3565//4197
f 3574//4198 3569//4198 3565//4198
f 3565//4199 3564//4199 3573//4199
f 3575//4200 3573//4200 3564//4200
f 3564//4063 3561//4063 3575//4063
f 3576//4201 3562//4201 3563//4201
f 3563//4202 3577//4202 3576//4202
f 3578//4203 3579//4203 3575//4203
f 3575//4204 3560//4204 3578//4204
f 3578//4205 3560//4205 3576//4205
f 3560//4206 3562//4206 3576//4206
f 3576//4207 3580//4207 3578//4207
f 3575//4070 3561//4070 3560//4070
f 3581//4208 3573//4208 3579//4208
f 3573//4209 3575//4209 3579//4209
f 3579//4210 3582//4210 3581//4210
f 3583//4211 3578//4211 3580//4211
f 3583//4212 3582//4212 3579//4212
f 3579//4213 3578//4213 3583//4213
f 3580//4214 3584//4214 3583//4214
f 3581//4215 3585//4215 3586//4215
f 3586//4216 3573//4216 3581//4216
f 3586//4217 3574//4217 3573//4217
f 3587//4218 3566//4218 3567//4218
f 3588//4219 3589//4219 3587//4219
f 3587//4220 3568//4220 3588//4220
f 3588//4221 3568//4221 3574//4221
f 3568//4222 3569//4222 3574//4222
f 3574//4223 3586//4223 3588//4223
f 3567//4224 3568//4224 3587//4224
f 3590//4225 3588//4225 3586//4225
f 3590//4226 3591//4226 3589//4226
f 3589//4227 3588//4227 3590//4227
f 3586//4228 3585//4228 3590//4228
f 3592//4229 3554//4229 3570//4229
f 3570//4230 3587//4230 3592//4230
f 3570//4231 3566//4231 3587//4231
f 3593//4126 3584//4126 3580//4126
f 3580//4232 3577//4232 3593//4232
f 3580//4233 3576//4233 3577//4233
f 3577//4234 3563//4234 3571//4234
f 3571//4235 3594//4235 3577//4235
f 3571//4236 3555//4236 3594//4236
f 3593//4237 3577//4237 3595//4237
f 3577//4238 3594//4238 3595//4238
f 3595//4239 3596//4239 3593//4239
f 3597//4240 3556//4240 3598//4240
f 3598//4241 3556//4241 3558//4241
f 3558//4242 3557//4242 3598//4242
f 3597//4243 3595//4243 3594//4243
f 3594//4109 3556//4109 3597//4109
f 3594//4110 3555//4110 3556//4110
f 3598//4244 3599//4244 3597//4244
f 3597//4245 3599//4245 3600//4245
f 3597//4246 3601//4246 3596//4246
f 3596//4247 3595//4247 3597//4247
f 3600//4248 3601//4248 3597//4248
f 3602//4249 3598//4249 3559//4249
f 3598//4250 3557//4250 3559//4250
f 3559//4251 3572//4251 3602//4251
f 3603//4252 3600//4252 3599//4252
f 3599//4253 3602//4253 3603//4253
f 3599//4254 3598//4254 3602//4254
f 3604//4122 3602//4122 3572//4122
f 3572//4123 3551//4123 3604//4123
f 3603//4255 3602//4255 3605//4255
f 3602//4256 3604//4256 3605//4256
f 3605//4126 3606//4126 3603//4126
f 3603//3610 3606//3610 3607//3610
f 3581//3610 3582//3610 3583//3610
f 3607//3610 3608//3610 3603//3610
f 3593//3610 3596//3610 3601//3610
f 3583//3610 3593//3610 3581//3610
f 3581//3610 3608//3610 3590//3610
f 3608//3610 3593//3610 3603//3610
f 3601//3610 3603//3610 3593//3610
f 3593//3610 3608//3610 3581//3610
f 3608//3610 3591//3610 3590//3610
f 3601//3610 3600//3610 3603//3610
f 3590//3610 3585//3610 3581//3610
f 3583//3610 3584//3610 3593//3610
f 3607//3610 3609//3610 3608//3610
f 3610//4257 3552//4257 3611//4257
f 3552//4258 3553//4258 3611//4258
f 3610//4259 3605//4259 3604//4259
f 3604//4260 3552//4260 3610//4260
f 3604//4132 3551//4132 3552//4132
f 3611//4261 3612//4261 3610//4261
f 3608//4262 3609//4262 3612//4262
f 3612//4263 3592//4263 3608//4263
f 3612//4264 3611//4264 3592//4264
f 3608//4265 3592//4265 3589//4265
f 3592//4266 3587//4266 3589//4266
f 3589//4267 3591//4267 3608//4267
f 3610//4268 3612//4268 3609//4268
f 3607//4269 3606//4269 3605//4269
f 3605//4270 3610//4270 3607//4270
f 3609//4271 3607//4271 3610//4271
f 3611//4272 3553//4272 3554//4272
f 3554//4273 3592//4273 3611//4273
#7232 polygons

