# Aspose.3D Wavefront OBJ Exporter
# Copyright 2004-2023 Aspose Pty Ltd.
# File created: 06/30/2023 19:29:13


#
# object obj_20739284
#

v 5 -151.98089599609375008 18.65426063537597656
v 5 -151.98089599609375008 16.23617935180664064
v 4.28181362152099608 -152.0946502685546875 16.23617935180664064
v 4.28181362152099608 -152.0946502685546875 18.65426063537597656
v 3.63392829895019528 -152.42475891113281248 16.23617935180664064
v 3.63392829895019528 -152.42475891113281248 18.65426063537597656
v 3.11976361274719238 -152.93893432617187504 16.23617935180664064
v 3.11976361274719238 -152.93893432617187504 18.65426063537597656
v 2.789649486541748 -153.58680725097656248 16.23617935180664064
v 2.789649486541748 -153.58680725097656248 18.65426063537597656
v 2.67589998245239256 -154.30499267578125 16.23617935180664064
v 2.67589998245239256 -154.30499267578125 18.65426063537597656
v 2.789649486541748 -155.023193359375 16.23617935180664064
v 2.789649486541748 -155.023193359375 18.65426063537597656
v 3.11976361274719238 -155.67106628417968752 16.23617935180664064
v 3.11976361274719238 -155.67106628417968752 18.65426063537597656
v 3.63392829895019528 -156.18524169921875 16.23617935180664064
v 3.63392829895019528 -156.18524169921875 18.65426063537597656
v 4.28181362152099608 -156.51535034179687504 16.23617935180664064
v 4.28181362152099608 -156.51535034179687504 18.65426063537597656
v 5 -156.62910461425781248 16.23617935180664064
v 5 -156.62910461425781248 18.65426063537597656
v 5.71818637847900392 -156.51535034179687504 16.23617935180664064
v 5.71818637847900392 -156.51535034179687504 18.65426063537597656
v 6.36607170104980472 -156.18524169921875 16.23617935180664064
v 6.36607170104980472 -156.18524169921875 18.65426063537597656
v 6.88023662567138672 -155.67106628417968752 16.23617935180664064
v 6.88023662567138672 -155.67106628417968752 18.65426063537597656
v 7.21035051345825196 -155.023193359375 16.23617935180664064
v 7.21035051345825196 -155.023193359375 18.65426063537597656
v 7.32410001754760744 -154.30499267578125 16.23617935180664064
v 7.32410001754760744 -154.30499267578125 18.65426063537597656
v 7.21035051345825196 -153.58680725097656248 16.23617935180664064
v 7.21035051345825196 -153.58680725097656248 18.65426063537597656
v 6.88023662567138672 -152.93893432617187504 16.23617935180664064
v 6.88023662567138672 -152.93893432617187504 18.65426063537597656
v 6.36607170104980472 -152.42475891113281248 16.23617935180664064
v 6.36607170104980472 -152.42475891113281248 18.65426063537597656
v 5.71818637847900392 -152.0946502685546875 16.23617935180664064
v 5.71818637847900392 -152.0946502685546875 18.65426063537597656
v 12.481806755065918 -141.74040222167968752 18.796499252319336
v 9.7995624542236328 -145.284454345703125 18.796499252319336
v 9.72054004669189456 -143.776611328125 18.796499252319336
v 11.98694515228271488 -141.41903686523437504 18.796499252319336
v 6.26194667816162108 -152.90347290039062496 18.796499252319336
v 8.58641719818115232 -148.0092315673828125 18.796499252319336
v 9.40877056121826168 -146.74290466308593744 18.796499252319336
v 5.76708507537841792 -152.58209228515625 18.796499252319336
v 7.41300010681152344 -148.95944213867187504 18.796499252319336
v 13.05175685882568359 -141.89311218261718752 18.796499252319336
v 11.35000038146972656 -155.77851867675781248 18.796499252319336
v 6.84473752975463872 -153.91288757324218752 18.796499252319336
v 9.17943859100341796 -142.36700439453125 18.796499252319336
v 6.87561845779418944 -154.50213623046875 18.796499252319336
v 6.72290086746215824 -155.07208251953125 18.796499252319336
v 8.74339103698730464 -156.915771484375 18.796499252319336
v 5.94907236099243168 -157.44448852539062496 18.796499252319336
v 5.94297504425048832 -155.93827819824218752 18.796499252319336
v -7.66448831558227536 -145.72906494140624992 18.796499252319336
v -7.55815172195434568 -142.88716125488281248 18.796499252319336
v 0.20043733716011048 -144.275543212890625 18.796499252319336
v 13.64100265502929688 -141.86224365234375008 18.796499252319336
v 14.1918668746948242 -141.65078735351562496 18.796499252319336
v 17.55815124511718752 -146.67283630371093752 18.796499252319336
v -1.98694515228271488 -138.615966796875 18.796499252319336
v 11.37327384948730472 -139.82035827636718752 18.796499252319336
v 5.50445413589477536 -139.98043823242187504 18.796499252319336
v 11.61561107635498048 -140.96047973632812496 18.796499252319336
v 6.63328075408935544 -153.36203002929687504 18.796499252319336
v 6.40153408050537112 -155.56694030761718752 18.796499252319336
v 0.59122961759567264 -142.81709289550781248 18.796499252319336
v -1.847357988357544 -141.279449462890625 18.796499252319336
v -1.52599096298217776 -140.78459167480468752 18.796499252319336
v 4.49554586410522464 -149.57955932617187504 18.796499252319336
v 6.00338172912597656 -149.50053405761718752 18.796499252319336
v 5.19713544845581056 -152.42938232421875 18.796499252319336
v 3.03708887100219726 -149.18876647949218752 18.796499252319336
v 4.05702495574951172 -152.67172241210937504 18.796499252319336
v 0.27945968508720396 -145.78338623046875008 18.796499252319336
v -7.13577461242675782 -148.52339172363281248 18.796499252319336
v 17.6644878387451172 -143.8309326171875 18.796499252319336
v 14.65042591094970704 -141.279449462890625 18.796499252319336
v 14.97179317474365232 -140.78459167480468752 18.796499252319336
v 16.82209587097167968 -149.41983032226562496 18.796499252319336
v 3.99661827087402336 -140.0594635009765625 18.796499252319336
v 11.40415477752685544 -140.40960693359375 18.796499252319336
v 8.22922420501708984 -141.19358825683593752 18.796499252319336
v 15.49323272705078128 -151.93415832519531248 18.796499252319336
v 1.41358304023742672 -141.55078125 18.796499252319336
v -2.30591702461242676 -141.65078735351562496 18.796499252319336
v 3.59846591949462888 -153.043060302734375 18.796499252319336
v 3.27709889411926268 -153.53791809082031248 18.796499252319336
v 1.77077567577362064 -148.36640930175781248 18.796499252319336
v 17.13577461242675782 -141.0366058349609375 18.796499252319336
v 15.1245107650756836 -140.214630126953125 18.796499252319336
v 15.09362983703613282 -139.62538146972656248 18.796499252319336
v 6.96291112899780272 -140.37123107910156248 18.796499252319336
v 13.63819408416748048 -154.089752197265625 18.796499252319336
v -1.37327337265014648 -140.214630126953125 18.796499252319336
v 2.58699989318847656 -140.60055541992187504 18.796499252319336
v -2.85678100585937504 -141.86224365234375008 18.796499252319336
v -4.0159769058227539 -141.74040222167968752 18.796499252319336
v -3.4460275173187256 -141.89311218261718752 18.796499252319336
v 4.60788917541503904 -152.46026611328125 18.796499252319336
v 0.82056140899658208 -147.1929931640625 18.796499252319336
v 15.99852275848388672 -138.42999267578125 18.796499252319336
v -4.5108389854431152 -141.41903686523437504 18.796499252319336
v 3.12438154220581054 -154.1078643798828125 18.796499252319336
v -4.30975866317749024 -153.41819763183593752 18.796499252319336
v 11.8473577499389648 -138.75555419921875008 18.796499252319336
v 6.89283657073974608 -132.22184753417968752 18.796499252319336
v 9.6398305892944336 -132.95790100097656256 18.796499252319336
v 14.30975914001464844 -136.1417999267578125 18.796499252319336
v 14.51083850860595704 -138.615966796875 18.796499252319336
v -1.4041545391082764 -139.62538146972656248 18.796499252319336
v -1.6156113147735596 -139.07452392578125 18.796499252319336
v -4.88217258453369136 -140.96047973632812496 18.796499252319336
v -5.99852275848388672 -151.1300048828125 18.796499252319336
v 4.80286455154418944 -156.18061828613281248 18.796499252319336
v 5.39211082458496096 -156.1497344970703125 18.796499252319336
v 3.1071631908416748 -157.33815002441406248 18.796499252319336
v 4.23291492462158204 -156.0279083251953125 18.796499252319336
v 0.36016899347305296 -156.60209655761718752 18.796499252319336
v 3.3667194843292236 -155.24797058105468752 18.796499252319336
v 3.73805308341979984 -155.70652770996093752 18.796499252319336
v 3.15526247024536132 -154.69711303710937504 18.796499252319336
v 11.52599048614501952 -139.25041198730468752 18.796499252319336
v 1.25660932064056396 -132.64422607421875 18.796499252319336
v 4.05092763900756836 -132.115509033203125 18.796499252319336
v 12.30591678619384764 -138.38421630859375 18.796499252319336
v 12.15416431427001954 -134.286773681640625 18.796499252319336
v 14.0159769058227539 -138.29460144042968752 18.796499252319336
v -2.15416479110717774 -155.27323913574218752 18.796499252319336
v -1.35000002384185792 -133.78147888183593744 18.796499252319336
v 12.85678100585937504 -138.172760009765625 18.796499252319336
v 13.44602775573730472 -138.141876220703125 18.796499252319336
v 14.88217258453369136 -139.07452392578125 18.796499252319336
v -5.49323225021362304 -137.62583923339843752 18.796499252319336
v -3.05175662040710449 -138.141876220703125 18.796499252319336
v -3.64100313186645504 -138.172760009765625 18.796499252319336
v -2.48180699348449704 -138.29460144042968752 18.796499252319336
v -6.82209682464599616 -140.140167236328125 18.796499252319336
v -5.0936293601989746 -140.40960693359375 18.796499252319336
v -4.97179317474365232 -139.25041198730468752 18.796499252319336
v -4.1918668746948242 -138.38421630859375 18.796499252319336
v -4.65042591094970704 -138.75555419921875008 18.796499252319336
v -3.63819384574890136 -135.47024536132812496 18.796499252319336
v -5.1245107650756836 -139.82035827636718752 18.796499252319336
v 17.69694519042968752 -127 20.95499992370605472
v 17.69694519042968752 -128.60464477539062496 20.95499992370605472
v 9.12444591522216796 -128.60464477539062496 20.95499992370605472
v 17.69694519042968752 -136.0487518310546875 20.95499992370605472
v 9.12444591522216796 -136.0487518310546875 20.95499992370605472
v 9.12444591522216796 -127 20.95499992370605472
v 0.8755540251731872 -128.60464477539062496 20.95499992370605472
v 0.8755540251731872 -136.0487518310546875 20.95499992370605472
v 9.12444591522216796 -138.18840026855468752 20.95499992370605472
v 0.8755540251731872 -138.18840026855468752 20.95499992370605472
v 0.8755540251731872 -127 20.95499992370605472
v -7.69694614410400392 -128.60464477539062496 20.95499992370605472
v -7.69694614410400392 -136.0487518310546875 20.95499992370605472
v -7.69694614410400392 -127 20.95499992370605472
v -15.62035465240478512 -128.60464477539062496 20.95499992370605472
v 17.69694519042968752 -138.18840026855468752 20.95499992370605472
v 13.24889183044433592 -138.14678955078125 20.95499992370605472
v -3.24889206886291504 -138.14678955078125 20.95499992370605472
v 13.24889183044433592 -141.88821411132812496 20.95499992370605472
v 11.09722328186035156 -147.1729888916015625 20.95499992370605472
v 11.53168487548828128 -145.26948547363281248 20.95499992370605472
v 12.67081069946289064 -141.79664611816406256 20.95499992370605472
v 11.38577747344970704 -143.32249450683593752 20.95499992370605472
v 9.45513153076171872 -139.978515625 20.95499992370605472
v 11.37818241119384768 -140.0175018310546875 20.95499992370605472
v 11.46974086761474608 -140.5955810546875 20.95499992370605472
v 11.46974086761474608 -139.43942260742187504 20.95499992370605472
v 7.8419384956359864 -138.87864685058593744 20.95499992370605472
v 12.14931583404541016 -141.53092956542968752 20.95499992370605472
v 10.67246627807617184 -141.5050048828125 20.95499992370605472
v 11.73545551300048832 -141.1170806884765625 20.95499992370605472
v 12.14931583404541016 -138.50405883789062496 20.95499992370605472
v 11.73545551300048832 -138.91792297363281248 20.95499992370605472
v 17.69694519042968752 -146.60910034179687504 20.95499992370605472
v 12.67081069946289064 -138.23834228515625 20.95499992370605472
v 15.02804279327392578 -139.43942260742187504 20.95499992370605472
v 14.76232814788818352 -138.91792297363281248 20.95499992370605472
v 14.34846782684326172 -141.53092956542968752 20.95499992370605472
v 14.76232814788818352 -141.1170806884765625 20.95499992370605472
v 14.34846782684326172 -138.50405883789062496 20.95499992370605472
v 15.02804279327392578 -140.5955810546875 20.95499992370605472
v 13.82697296142578128 -141.79664611816406256 20.95499992370605472
v 13.82697296142578128 -138.23834228515625 20.95499992370605472
v 15.11960220336914062 -140.0175018310546875 20.95499992370605472
v 5.97622680664062496 -138.30316162109375 20.95499992370605472
v 4.023773193359375 -138.30316162109375 20.95499992370605472
v -1.46974098682403568 -139.43942260742187504 20.95499992370605472
v -1.73545575141906736 -138.91792297363281248 20.95499992370605472
v 2.15806150436401368 -138.87864685058593744 20.95499992370605472
v 0.5448685884475708 -139.978515625 20.95499992370605472
v -0.67246639728546144 -141.5050048828125 20.95499992370605472
v -1.46974098682403568 -140.5955810546875 20.95499992370605472
v -1.38577783107757568 -143.32249450683593752 20.95499992370605472
v -2.14931631088256836 -141.53092956542968752 20.95499992370605472
v -1.73545575141906736 -141.1170806884765625 20.95499992370605472
v -2.14931631088256836 -138.50405883789062496 20.95499992370605472
v -1.37818193435668944 -140.0175018310546875 20.95499992370605472
v -2.67081069946289064 -141.79664611816406256 20.95499992370605472
v -7.69694614410400392 -146.60910034179687504 20.95499992370605472
v -3.82697319984436032 -141.79664611816406256 20.95499992370605472
v -3.24889206886291504 -141.88821411132812496 20.95499992370605472
v -4.76232814788818352 -141.1170806884765625 20.95499992370605472
v -4.34846782684326172 -141.53092956542968752 20.95499992370605472
v -7.69694614410400392 -138.18840026855468752 20.95499992370605472
v -5.11960220336914062 -140.0175018310546875 20.95499992370605472
v -5.02804279327392578 -140.5955810546875 20.95499992370605472
v -1.53168487548828128 -145.26948547363281248 20.95499992370605472
v -4.34846782684326172 -138.50405883789062496 20.95499992370605472
v -4.76232814788818352 -138.91792297363281248 20.95499992370605472
v -1.09722304344177246 -147.1729888916015625 20.95499992370605472
v -5.02804279327392578 -139.43942260742187504 20.95499992370605472
v -3.82697319984436032 -138.23834228515625 20.95499992370605472
v -2.67081069946289064 -138.23834228515625 20.95499992370605472
v 9.12444591522216796 -151.88214111328124992 20.95499992370605472
v 0.8755540251731872 -151.88214111328124992 20.95499992370605472
v 5 -151.33000183105468752 20.95499992370605472
v 6.93064641952514656 -151.03900146484375 20.95499992370605472
v 1.31025362014770508 -150.191864013671875 20.95499992370605472
v 3.06935358047485352 -151.03900146484375 20.95499992370605472
v -8.27214527130126952 -146.60910034179687504 20.95499992370605472
v -12.45542335510253904 -138.18840026855468752 20.95499992370605472
v -10.63156414031982424 -130.98042297363281248 20.95499992370605472
v -11.04542446136474609 -130.56655883789062496 20.95499992370605472
v -10.365849494934082 -132.6580810546875 20.95499992370605472
v -10.2742900848388672 -132.0800018310546875 20.95499992370605472
v -13.65843582153320312 -130.98042297363281248 20.95499992370605472
v -13.92415046691894528 -131.50192260742187504 20.95499992370605472
v -10.365849494934082 -131.50192260742187504 20.95499992370605472
v -11.04542446136474609 -133.59342956542968752 20.95499992370605472
v -10.63156414031982424 -133.1795806884765625 20.95499992370605472
v -13.24457550048828124 -130.56655883789062496 20.95499992370605472
v -11.56691837310791016 -133.85914611816406256 20.95499992370605472
v -13.5183658599853516 -136.0487518310546875 20.95499992370605472
v -12.14500045776367188 -133.95071411132812496 20.95499992370605472
v -15.62035465240478512 -131.81756591796875008 20.95499992370605472
v -13.92415046691894528 -132.6580810546875 20.95499992370605472
v -13.65843582153320312 -133.1795806884765625 20.95499992370605472
v -12.72308158874511712 -130.30084228515625 20.95499992370605472
v -11.56691837310791016 -130.30084228515625 20.95499992370605472
v -12.14500045776367188 -130.20928955078125 20.95499992370605472
v -12.72308158874511712 -133.85914611816406256 20.95499992370605472
v -13.24457550048828124 -133.59342956542968752 20.95499992370605472
v -14.01570987701416015 -132.0800018310546875 20.95499992370605472
v -16.56190872192382816 -129.92227172851562496 20.95499992370605472
v -15.62035465240478512 -127 20.95499992370605472
v -17.05700492858886719 -128.54806518554687504 20.95499992370605472
v -17.22500038146972656 -127.09709930419921876 20.95499992370605472
v 27.22500038146972656 -127.09709930419921876 20.95499992370605472
v 27.05700492858886719 -128.54806518554687504 20.95499992370605472
v 27.22500038146972656 -127 20.95499992370605472
v 21.04542350769042969 -130.56655883789062496 20.95499992370605472
v 20.63156318664550784 -130.98042297363281248 20.95499992370605472
v 22.72308158874511712 -130.30084228515625 20.95499992370605472
v 22.14500045776367188 -130.20928955078125 20.95499992370605472
v 21.56691932678222656 -130.30084228515625 20.95499992370605472
v 23.65843582153320312 -130.98042297363281248 20.95499992370605472
v 23.24457550048828124 -130.56655883789062496 20.95499992370605472
v 26.56190872192382816 -129.92227172851562496 20.95499992370605472
v 20.3658485412597656 -131.50192260742187504 20.95499992370605472
v 23.92415046691894528 -131.50192260742187504 20.95499992370605472
v 23.5183658599853516 -136.0487518310546875 20.95499992370605472
v 23.65843582153320312 -133.1795806884765625 20.95499992370605472
v 23.92415046691894528 -132.6580810546875 20.95499992370605472
v 20.63156318664550784 -133.1795806884765625 20.95499992370605472
v 21.04542350769042969 -133.59342956542968752 20.95499992370605472
v 24.01571083068847656 -132.0800018310546875 20.95499992370605472
v 23.24457550048828124 -133.59342956542968752 20.95499992370605472
v 21.56691932678222656 -133.85914611816406256 20.95499992370605472
v 20.3658485412597656 -132.6580810546875 20.95499992370605472
v 20.2742900848388672 -132.0800018310546875 20.95499992370605472
v 22.72308158874511712 -133.85914611816406256 20.95499992370605472
v 22.14500045776367188 -133.95071411132812496 20.95499992370605472
v 22.45542335510253904 -138.18840026855468752 20.95499992370605472
v 18.27214431762695312 -146.60910034179687504 20.95499992370605472
v 16.37381553649902344 -150.43034362792968752 20.95499992370605472
v 14.85103702545166016 -152.79542541503906256 20.95499992370605472
v 10.12099647521972656 -148.86386108398437504 20.95499992370605472
v 17.69694519042968752 -147.76695251464843744 20.95499992370605472
v 8.68974685668945312 -150.191864013671875 20.95499992370605472
v 12.84498977661132816 -154.76730346679687504 20.95499992370605472
v 10.45408439636230472 -156.24922180175781248 20.95499992370605472
v 6.87070989608764656 -154.30499267578125 20.95499992370605472
v 7.7956156730651856 -157.168487548828125 20.95499992370605472
v 6.51343631744384768 -155.40457153320312496 20.95499992370605472
v 6.77915096282958992 -153.72691345214843744 20.95499992370605472
v 6.51343631744384768 -153.20542907714843752 20.95499992370605472
v 6.77915096282958992 -154.88308715820312496 20.95499992370605472
v 6.09957551956176758 -155.81843566894531248 20.95499992370605472
v 5 -157.47999572753906248 20.95499992370605472
v 5.57808113098144528 -156.0841522216796875 20.95499992370605472
v 2.20438432693481444 -157.168487548828125 20.95499992370605472
v 3.90042424201965328 -155.81843566894531248 20.95499992370605472
v 4.42191886901855472 -156.0841522216796875 20.95499992370605472
v 6.09957551956176758 -152.79156494140624992 20.95499992370605472
v 5.57808113098144528 -152.52584838867187504 20.95499992370605472
v 5 -156.1757049560546875 20.95499992370605472
v 3.48656392097473144 -155.40457153320312496 20.95499992370605472
v -0.45408478379249576 -156.24922180175781248 20.95499992370605472
v 3.22084903717041016 -154.88308715820312496 20.95499992370605472
v 5 -152.43429565429687504 20.95499992370605472
v 3.12929010391235352 -154.30499267578125 20.95499992370605472
v 3.22084903717041016 -153.72691345214843744 20.95499992370605472
v 3.90042424201965328 -152.79156494140624992 20.95499992370605472
v 3.48656392097473144 -153.20542907714843752 20.95499992370605472
v 4.42191886901855472 -152.52584838867187504 20.95499992370605472
v -2.84498953819274896 -154.76730346679687504 20.95499992370605472
v -6.37381649017333984 -150.43034362792968752 20.95499992370605472
v -7.69694614410400392 -147.76695251464843744 20.95499992370605472
v -0.12099620699882508 -148.86386108398437504 20.95499992370605472
v -4.8510375022888184 -152.79542541503906256 20.95499992370605472
v -17.22500038146972656 -127 20.95499992370605472
v 3.21200013160705568 -156.069305419921875 -0.01337445713579654
v 3.23834586143493652 -156.069305419921875 -0.30610018968582152
v 1.52006959915161136 -155.65060424804687504 -0.60466313362121584
v 3.31228947639465332 -156.069305419921875 -0.59055542945861816
v 1.66613602638244632 -155.65060424804687504 -1.16656947135925292
v 3.43183302879333496 -156.069305419921875 -0.85905456542968752
v 1.9022796154022216 -155.65060424804687504 -1.69695639610290528
v 3.59374666213989256 -156.069305419921875 -1.10434305667877198
v 2.22211980819702148 -155.65060424804687504 -2.18149352073669432
v 3.79365539550781248 -156.069305419921875 -1.31979358196258544
v 2.6170151233673096 -155.65060424804687504 -2.6070895195007324
v 4.02615833282470703 -156.069305419921875 -1.49958479404449464
v 3.07629561424255371 -155.65060424804687504 -2.96224474906921392
v 4.28497314453125 -156.069305419921875 -1.63885903358459472
v 3.587552547454834 -155.65060424804687504 -3.2373638153076172
v 4.56310701370239256 -156.069305419921875 -1.73385322093963616
v 4.13697195053100586 -155.65060424804687504 -3.42501330375671384
v 4.85304546356201168 -156.069305419921875 -1.78200078010559088
v 4.70970964431762696 -155.65060424804687504 -3.52012276649475096
v 5.14695453643798828 -156.069305419921875 -1.78200078010559088
v 5.29029035568237304 -155.65060424804687504 -3.52012276649475096
v 5.43689298629760744 -156.069305419921875 -1.73385322093963616
v 5.86302804946899408 -155.65060424804687504 -3.42501330375671384
v 5.71502685546875 -156.069305419921875 -1.63885903358459472
v 6.412447452545166 -155.65060424804687504 -3.2373638153076172
v 5.97384166717529296 -156.069305419921875 -1.49958479404449464
v 6.9237041473388672 -155.65060424804687504 -2.96224474906921392
v 6.20634460449218752 -156.069305419921875 -1.31979358196258544
v 7.38298511505126952 -155.65060424804687504 -2.6070895195007324
v 6.40625333786010744 -156.069305419921875 -1.10434305667877198
v 7.77788019180297856 -155.65060424804687504 -2.18149352073669432
v 6.56816673278808592 -156.069305419921875 -0.85905456542968752
v 8.09772014617919922 -155.65060424804687504 -1.69695639610290528
v 6.6877102851867676 -156.069305419921875 -0.59055542945861816
v 8.3338642120361328 -155.65060424804687504 -1.16656947135925292
v 6.76165390014648432 -156.069305419921875 -0.30610018968582152
v 8.47992992401123048 -155.65060424804687504 -0.60466313362121584
v 6.78799962997436528 -156.069305419921875 -0.01337445713579654
v 8.53197288513183592 -155.65060424804687504 -0.02641959115862846
v 1.46802675724029544 -155.65060424804687504 -0.02641959115862846
v -0.11251922696828842 -154.9642333984375 -0.88833731412887568
v 0.10207343846559524 -154.9642333984375 -1.71385860443115232
v 0.44900226593017576 -154.9642333984375 -2.49307346343994144
v 0.91889363527297968 -154.9642333984375 -3.20492863655090332
v 1.49905169010162352 -154.9642333984375 -3.83019018173217776
v 2.17380118370056152 -154.9642333984375 -4.35196447372436524
v 2.9249112606048584 -154.9642333984375 -4.7561540603637696
v 3.73208761215209968 -154.9642333984375 -5.03183794021606445
v 4.57352161407470704 -154.9642333984375 -5.17156744003295898
v 5.42647838592529296 -154.9642333984375 -5.17156744003295898
v 6.2679123878479004 -154.9642333984375 -5.03183794021606445
v 7.0750889778137207 -154.9642333984375 -4.7561540603637696
v 7.8261990547180176 -154.9642333984375 -4.35196447372436524
v 8.50094795227050784 -154.9642333984375 -3.83019018173217776
v 9.08110618591308594 -154.9642333984375 -3.20492863655090332
v 9.55099773406982424 -154.9642333984375 -2.49307346343994144
v 9.89792633056640624 -154.9642333984375 -1.71385860443115232
v 10.1125192642211914 -154.9642333984375 -0.88833731412887568
v 10.18897724151611328 -154.9642333984375 -0.03881418704986572
v -0.18897768855094908 -154.9642333984375 -0.03881418704986572
v -1.61922085285186768 -154.0270843505859375 -1.15013766288757324
v -1.34138596057891844 -154.0270843505859375 -2.21894693374633788
v -0.89221441745758064 -154.0270843505859375 -3.22780299186706544
v -0.28384214639663696 -154.0270843505859375 -4.14944744110107422
v 0.46729323267936704 -154.0270843505859375 -4.9589786529541016
v 1.34089696407318116 -154.0270843505859375 -5.6345243453979492
v 2.31336522102355956 -154.0270843505859375 -6.15783214569091796
v 3.35842347145080568 -154.0270843505859375 -6.51476240158081056
v 4.44783496856689456 -154.0270843505859375 -6.69567155838012696
v 5.55216503143310544 -154.0270843505859375 -6.69567155838012696
v 6.64157676696777344 -154.0270843505859375 -6.51476240158081056
v 7.68663454055786136 -154.0270843505859375 -6.15783214569091796
v 8.65910339355468752 -154.0270843505859375 -5.6345243453979492
v 9.53270721435546872 -154.0270843505859375 -4.9589786529541016
v 10.2838420867919922 -154.0270843505859375 -4.14944744110107422
v 10.89221477508544928 -154.0270843505859375 -3.22780299186706544
v 11.34138584136962892 -154.0270843505859375 -2.21894693374633788
v 11.61922073364257816 -154.0270843505859375 -1.15013766288757324
v 11.71821212768554688 -154.0270843505859375 -0.05025304853916168
v -1.7182122468948364 -154.0270843505859375 -0.05025304853916168
v -2.96293544769287104 -152.86224365234375008 -1.38361775875091552
v -2.62869954109191896 -152.86224365234375008 -2.66939735412597656
v -2.08834505081176758 -152.86224365234375008 -3.88305306434631344
v -1.35647225379943848 -152.86224365234375008 -4.99179315567016608
v -0.45285490155220032 -152.86224365234375008 -5.96566104888916016
v 0.59809207916259768 -152.86224365234375008 -6.778343677520752
v 1.7679733037948608 -152.86224365234375008 -7.40788364410400392
v 3.02518010139465332 -152.86224365234375008 -7.83727169036865232
v 4.33574438095092772 -152.86224365234375008 -8.05490589141845703
v 5.66425561904907224 -152.86224365234375008 -8.05490589141845703
v 6.97481966018676752 -152.86224365234375008 -7.83727169036865232
v 8.2320270538330078 -152.86224365234375008 -7.40788364410400392
v 9.40190792083740232 -152.86224365234375008 -6.778343677520752
v 10.45285511016845704 -152.86224365234375008 -5.96566104888916016
v 11.35647201538085936 -152.86224365234375008 -4.99179315567016608
v 12.08834552764892578 -152.86224365234375008 -3.88305306434631344
v 12.62869930267333984 -152.86224365234375008 -2.66939735412597656
v 12.96293544769287104 -152.86224365234375008 -1.38361775875091552
v 13.08202266693115234 -152.86224365234375008 -0.06045451387763023
v -3.08202219009399414 -152.86224365234375008 -0.06045451387763023
v -4.11057615280151368 -151.49839782714843752 -1.58302867412567136
v -3.7281689643859864 -151.49839782714843752 -3.05411839485168457
v -3.10993742942810058 -151.49839782714843752 -4.44268941879272464
v -2.2725849151611328 -151.49839782714843752 -5.71122455596923832
v -1.23873567581176756 -151.49839782714843752 -6.825448989868164
v -0.03632325306534767 -151.49839782714843752 -7.75525760650634768
v 1.30216455459594728 -151.49839782714843752 -8.4755287170410156
v 2.7405636310577392 -151.49839782714843752 -8.9668006896972656
v 4.24000978469848632 -151.49839782714843752 -9.21580123901367188
v 5.7599902153015136 -151.49839782714843752 -9.21580123901367188
v 7.25943660736083984 -151.49839782714843752 -8.9668006896972656
v 8.69783496856689456 -151.49839782714843752 -8.4755287170410156
v 10.03632354736328125 -151.49839782714843752 -7.75525760650634768
v 11.23873519897460936 -151.49839782714843752 -6.825448989868164
v 12.2725849151611328 -151.49839782714843752 -5.71122455596923832
v 13.10993766784667968 -151.49839782714843752 -4.44268941879272464
v 13.72816944122314448 -151.49839782714843752 -3.05411839485168457
v 14.11057567596435546 -151.49839782714843752 -1.58302867412567136
v 14.246826171875 -151.49839782714843752 -0.06916738301515579
v -4.246826171875 -151.49839782714843752 -0.06916738301515579
v -5.03388404846191406 -149.9691162109375 -1.74346017837524416
v -4.61272192001342776 -149.9691162109375 -3.36363697052001952
v -3.93183588981628416 -149.9691162109375 -4.89293241500854496
v -3.00962233543395996 -149.9691162109375 -6.29002618789672852
v -1.87099802494049072 -149.9691162109375 -7.51717138290405272
v -0.54672759771347048 -149.9691162109375 -8.54121112823486328
v 0.9274088144302368 -149.9691162109375 -9.33447837829589844
v 2.51158189773559568 -149.9691162109375 -9.87553787231445312
v 4.16298913955688476 -149.9691162109375 -10.14977264404296876
v 5.8370108604431152 -149.9691162109375 -10.14977264404296876
v 7.48841810226440432 -149.9691162109375 -9.87553787231445312
v 9.07259082794189453 -149.9691162109375 -9.33447837829589844
v 10.54672718048095704 -149.9691162109375 -8.54121112823486328
v 11.87099838256835936 -149.9691162109375 -7.51717138290405272
v 13.00962257385253906 -149.9691162109375 -6.29002618789672852
v 13.93183612823486336 -149.9691162109375 -4.89293241500854496
v 14.61272239685058592 -149.9691162109375 -3.36363697052001952
v 15.03388404846191406 -149.9691162109375 -1.74346017837524416
v 15.18394184112548828 -149.9691162109375 -0.07617712765932083
v -5.18394231796264648 -149.9691162109375 -0.07617712765932083
v -5.71012449264526368 -148.31207275390625 -1.8609617948532104
v -5.26057815551757812 -148.31207275390625 -3.59033155441284176
v -4.53380298614501952 -148.31207275390625 -5.22269487380981444
v -3.54943609237670896 -148.31207275390625 -6.71394681930541992
v -2.334073543548584 -148.31207275390625 -8.02379608154296875
v -0.92055308818817136 -148.31207275390625 -9.116851806640625
v 0.6529337763786316 -148.31207275390625 -9.96358203887939456
v 2.34387326240539552 -148.31207275390625 -10.54110717773437504
v 4.10657787322998046 -148.31207275390625 -10.83382415771484368
v 5.89342212677001952 -148.31207275390625 -10.83382415771484368
v 7.6561269760131836 -148.31207275390625 -10.54110717773437504
v 9.34706592559814452 -148.31207275390625 -9.96358203887939456
v 10.92055320739746096 -148.31207275390625 -9.116851806640625
v 12.3340740203857422 -148.31207275390625 -8.02379608154296875
v 13.5494365692138672 -148.31207275390625 -6.71394681930541992
v 14.53380298614501952 -148.31207275390625 -5.22269487380981444
v 15.26057815551757812 -148.31207275390625 -3.59033155441284176
v 15.71012401580810544 -148.31207275390625 -1.8609617948532104
v 15.870295524597168 -148.31207275390625 -0.08131113648414612
v -5.87029600143432624 -148.31207275390625 -0.08131113648414612
v -6.12264585494995118 -146.56805419921875 -1.9326404333114624
v -5.65578460693359376 -146.56805419921875 -3.7286202907562256
v -4.90101623535156256 -146.56805419921875 -5.4238572120666504
v -3.87873458862304688 -146.56805419921875 -6.97254800796508784
v -2.61655998229980472 -146.56805419921875 -8.33284854888916016
v -1.14859485626220704 -146.56805419921875 -9.46800613403320312
v 0.485497921705246 -146.56805419921875 -10.3473482131958008
v 2.24156713485717772 -146.56805419921875 -10.94711875915527344
v 4.07216596603393555 -146.56805419921875 -11.25111007690429688
v 5.92783403396606448 -146.56805419921875 -11.25111007690429688
v 7.75843286514282224 -146.56805419921875 -10.94711875915527344
v 9.51450252532958984 -146.56805419921875 -10.3473482131958008
v 11.14859485626220704 -146.56805419921875 -9.46800613403320312
v 12.61655998229980472 -146.56805419921875 -8.33284854888916016
v 13.87873458862304688 -146.56805419921875 -6.97254800796508784
v 14.90101623535156256 -146.56805419921875 -5.4238572120666504
v 15.65578460693359376 -146.56805419921875 -3.7286202907562256
v 16.12264633178710938 -146.56805419921875 -1.9326404333114624
v 16.28898620605468752 -146.56805419921875 -0.08444299548864365
v -6.28898668289184572 -146.56805419921875 -0.08444299548864365
v -6.2612910270690918 -144.77999877929687504 -1.9567310810089112
v -5.90699100494384768 -144.77999877929687504 -3.41804385185241696
v -5.78861045837402336 -144.77999877929687504 -3.7750980854034424
v -5.02443408966064453 -144.77999877929687504 -5.49146604537963864
v -3.98940920829772944 -144.77999877929687504 -7.05946159362792969
v -4.83830308914184576 -144.77999877929687504 -5.81835603713989264
v -3.24973750114440916 -144.77999877929687504 -7.91121387481689456
v -2.7115013599395752 -144.77999877929687504 -8.43671894073486328
v -1.22523784637451172 -144.77999877929687504 -9.58602619171142576
v 0.42922407388687136 -144.77999877929687504 -10.47632980346679688
v 2.2071828842163086 -144.77999877929687504 -11.08357524871826172
v 1.12821698188781738 -144.77999877929687504 -10.75429058074951168
v 3.68626546859741208 -144.77999877929687504 -11.3542757034301758
v 4.06060028076171875 -144.77999877929687504 -11.3913564682006836
v 5.93939971923828128 -144.77999877929687504 -11.3913564682006836
v 7.79281711578369136 -144.77999877929687504 -11.08357524871826172
v 6.31373453140258788 -144.77999877929687504 -11.3542757034301758
v 8.87178325653076176 -144.77999877929687504 -10.75429058074951168
v 9.57077598571777344 -144.77999877929687504 -10.47632980346679688
v 11.22523784637451172 -144.77999877929687504 -9.58602619171142576
v 12.71150112152099608 -144.77999877929687504 -8.43671894073486328
v 13.98940944671630864 -144.77999877929687504 -7.05946159362792969
v 13.24973773956298828 -144.77999877929687504 -7.91121387481689456
v 14.83830261230468752 -144.77999877929687504 -5.81835603713989264
v 15.02443408966064453 -144.77999877929687504 -5.49146604537963864
v 15.78861045837402336 -144.77999877929687504 -3.7750980854034424
v 16.26129150390625 -144.77999877929687504 -1.9567310810089112
v 15.90699100494384768 -144.77999877929687504 -3.41804385185241696
v 16.42970466613769528 -144.77999877929687504 -0.08549559116363525
v -6.28930282592773436 -146.56805419921875 0
v -6.42970561981201168 -144.77999877929687504 -0.08549559116363525
v -5.90699148178100592 -148.19804382324218752 0
v -5.18422698974609376 -149.9691162109375 0
v -4.83830308914184576 -150.59835815429687504 0
v -4.24708461761474608 -151.49839782714843752 0
v -3.24973869323730468 -152.69120788574218752 0
v -1.718400239944458 -154.0270843505859375 0
v -1.22523736953735352 -154.36602783203125 0
v -0.18912285566329956 -154.9642333984375 0
v 1.12821590900421142 -155.53428649902343752 0
v 3.21195006370544432 -156.069305419921875 0
v 3.68626642227172848 -156.13427734375 0
v 5 -156.21002197265625 0
v 6.31373357772827148 -156.13427734375 0
v 6.78804969787597664 -156.069305419921875 0
v 8.53207206726074216 -155.65060424804687504 0
v 8.87178421020507808 -155.53428649902343752 0
v 10.18912315368652344 -154.9642333984375 0
v 11.22523689270019532 -154.36602783203125 0
v 11.71840000152587888 -154.0270843505859375 0
v 13.08224868774414062 -152.86224365234375008 0
v 13.24973869323730468 -152.69120788574218752 0
v 14.24708461761474608 -151.49839782714843752 0
v 14.83830261230468752 -150.59835815429687504 0
v 15.18422698974609376 -149.9691162109375 0
v 15.8705997467041016 -148.31207275390625 0
v 15.906991958618164 -148.19804382324218752 0
v 16.28930282592773436 -146.56805419921875 0
v 16.43001174926757816 -144.77999877929687504 0
v 1.46792793273925784 -155.65060424804687504 0
v -3.08224844932556152 -152.86224365234375008 0
v -5.8705997467041016 -148.31207275390625 0
v -6.43001270294189456 -144.77999877929687504 0
v 15.90699100494384768 -133.350006103515625 -3.41804385185241696
v 14.83830261230468752 -133.350006103515625 -5.81835603713989264
v 13.24973773956298828 -133.350006103515625 -7.91121387481689456
v 11.22523784637451172 -133.350006103515625 -9.58602619171142576
v 8.87178325653076176 -133.350006103515625 -10.75429058074951168
v 6.31373453140258788 -133.350006103515625 -11.3542757034301758
v 3.68626546859741208 -133.350006103515625 -11.3542757034301758
v 1.12821698188781738 -133.350006103515625 -10.75429058074951168
v -1.22523784637451172 -133.350006103515625 -9.58602619171142576
v -3.24973750114440916 -133.350006103515625 -7.91121387481689456
v -4.83830308914184576 -133.350006103515625 -5.81835603713989264
v -5.90699100494384768 -133.350006103515625 -3.41804385185241696
v -6.39932966232299808 -133.350006103515625 -0.83711445331573488
v -6.43001270294189456 -133.350006103515625 0
v 16.43001174926757816 -133.350006103515625 0
v 16.39933013916015624 -133.350006103515625 -0.83711445331573488
v -5.90696716308593744 -148.19804382324218752 18.796499252319336
v -4.83828115463256832 -150.59834289550781248 18.796499252319336
v -3.24971938133239748 -152.69119262695312496 18.796499252319336
v -1.22522413730621336 -154.36599731445312496 18.796499252319336
v 1.12822556495666504 -155.53427124023437504 18.796499252319336
v 8.87177467346191408 -155.53427124023437504 18.796499252319336
v 11.22522449493408204 -154.36599731445312496 18.796499252319336
v 13.24971961975097656 -152.69119262695312496 18.796499252319336
v 14.83828163146972656 -150.59834289550781248 18.796499252319336
v 15.90696716308593744 -148.19804382324218752 18.796499252319336
v 16.39930534362792968 -145.61711120605468752 18.796499252319336
v -6.42999982833862304 -144.77999877929687504 18.796499252319336
v -6.39930438995361328 -145.61711120605468752 18.796499252319336
v 3.16556906700134278 -156.06182861328125 9.27149963378906248
v 3.68626832962036136 -156.134246826171875 9.27149963378906248
v 3.16556906700134278 -156.06182861328125 18.796499252319336
v 6.31373167037963868 -156.134246826171875 9.27149963378906248
v 6.83443069458007808 -156.06182861328125 9.27149963378906248
v 6.83443069458007808 -156.06182861328125 18.796499252319336
v 16.43000030517578128 -144.77999877929687504 18.796499252319336
v 6.30154848098754884 -156.48619079589843752 18.796499252319336
v 5.67505121231079104 -156.75364685058593744 18.796499252319336
v 6.30154848098754884 -156.48619079589843752 9.27149963378906248
v 5 -156.84500122070312496 18.796499252319336
v 5.67505121231079104 -156.75364685058593744 9.27149963378906248
v 4.324948787689209 -156.75364685058593744 18.796499252319336
v 5 -156.84500122070312496 9.27149963378906248
v 3.69845128059387208 -156.48619079589843752 18.796499252319336
v 4.324948787689209 -156.75364685058593744 9.27149963378906248
v 3.69845128059387208 -156.48619079589843752 9.27149963378906248
v -6.42999982833862304 -139.24420166015625 18.796499252319336
v -6.42999982833862304 -133.350006103515625 20.95499992370605472
v -6.42999982833862304 -139.24420166015625 20.95499992370605472
v -7.2445969581604004 -141.40956115722656248 18.796499252319336
v -7.65285968780517576 -143.68678283691406248 18.796499252319336
v -7.2445969581604004 -141.40956115722656248 20.95499992370605472
v -7.641240119934082 -146.0002593994140625 18.796499252319336
v -7.65285968780517576 -143.68678283691406248 20.95499992370605472
v -7.21012353897094728 -148.27326965332031248 18.796499252319336
v -7.641240119934082 -146.0002593994140625 20.95499992370605472
v -6.37381649017333984 -150.43034362792968752 18.796499252319336
v -7.21012353897094728 -148.27326965332031248 20.95499992370605472
v -3.25501251220703124 -130.1750030517578125 0
v -3.25500011444091796 -130.1750030517578125 20.95499992370605472
v -2.87727785110473632 -130.1750030517578125 -2.46858930587768552
v -3.20626139640808104 -130.1750030517578125 -0.89594447612762448
v -2.10544705390930176 -130.1750030517578125 -4.2021498680114746
v -2.68264961242675784 -130.1750030517578125 -3.02032041549682617
v -0.95814889669418336 -130.1750030517578125 -5.71365928649902344
v -1.61934041976928712 -130.1750030517578125 -4.93252182006835936
v -0.0910298377275467 -130.1750030517578125 -6.49821949005126952
v 0.50399100780487064 -130.1750030517578125 -6.9232468605041504
v 1.7949199676513672 -130.1750030517578125 -7.60742425918579104
v 2.20370984077453612 -130.1750030517578125 -7.76699447631835936
v 3.90602302551269536 -130.1750030517578125 -8.18221569061279296
v 4.05119085311889648 -130.1750030517578125 -8.2003173828125
v 5.94880914688110352 -130.1750030517578125 -8.2003173828125
v 7.7962899208068848 -130.1750030517578125 -7.76699447631835936
v 6.09397697448730468 -130.1750030517578125 -8.18221569061279296
v 9.49600887298583984 -130.1750030517578125 -6.9232468605041504
v 8.2050800323486328 -130.1750030517578125 -7.60742425918579104
v 10.95814895629882816 -130.1750030517578125 -5.71365928649902344
v 10.09103012084960938 -130.1750030517578125 -6.49821949005126952
v 11.61934089660644528 -130.1750030517578125 -4.93252182006835936
v 12.10544681549072266 -130.1750030517578125 -4.2021498680114746
v 12.68264961242675784 -130.1750030517578125 -3.02032041549682617
v 12.87727832794189456 -130.1750030517578125 -2.46858930587768552
v 13.20626163482666016 -130.1750030517578125 -0.89594447612762448
v 13.23285579681396484 -130.1750030517578125 -0.60458314418792728
v -3.23285603523254396 -130.1750030517578125 -0.60458314418792728
v 13.25501251220703124 -130.1750030517578125 0
v -3.25501251220703124 -127 0
v -3.25500011444091796 -127 20.95499992370605472
v 13.20626163482666016 -127 -0.89594447612762448
v 12.68264961242675784 -127 -3.02032041549682617
v 11.61934089660644528 -127 -4.93252182006835936
v 10.09103012084960938 -127 -6.49821949005126952
v 8.2050800323486328 -127 -7.60742425918579104
v 6.09397697448730468 -127 -8.18221569061279296
v 3.90602302551269536 -127 -8.18221569061279296
v 1.7949199676513672 -127 -7.60742425918579104
v -0.0910298377275467 -127 -6.49821949005126952
v -1.61934041976928712 -127 -4.93252182006835936
v -2.68264961242675784 -127 -3.02032041549682617
v -3.20626139640808104 -127 -0.89594447612762448
v 13.25501251220703124 -127 0
v 13.25500011444091796 -130.1750030517578125 20.95499992370605472
v 13.25500011444091796 -127 20.95499992370605472
v 16.43000030517578128 -133.350006103515625 20.95499992370605472
v 16.43000030517578128 -139.24420166015625 18.796499252319336
v 16.43000030517578128 -139.24420166015625 20.95499992370605472
v 17.21012306213378908 -148.27326965332031248 18.796499252319336
v 16.37381553649902344 -150.43034362792968752 18.796499252319336
v 17.6412391662597656 -146.0002593994140625 18.796499252319336
v 17.21012306213378908 -148.27326965332031248 20.95499992370605472
v 17.65286064147949216 -143.68678283691406248 18.796499252319336
v 17.6412391662597656 -146.0002593994140625 20.95499992370605472
v 17.2445964813232422 -141.40956115722656248 18.796499252319336
v 17.65286064147949216 -143.68678283691406248 20.95499992370605472
v 17.2445964813232422 -141.40956115722656248 20.95499992370605472
v 23.25353431701660156 -133.60575866699218752 20.95499992370605472
v 22.7277908325195312 -133.87364196777343744 20.95499992370605472
v 23.67076492309570312 -130.97146606445312496 20.95499992370605472
v 23.93864440917968752 -131.49720764160156248 20.95499992370605472
v 23.25353431701660156 -130.55422973632812496 20.95499992370605472
v 20.61923408508300784 -133.18853759765625 20.95499992370605472
v 21.56221008300781248 -133.87364196777343744 20.95499992370605472
v 21.03646659851074219 -133.60575866699218752 20.95499992370605472
v 23.93864440917968752 -132.66279602050781248 20.95499992370605472
v 23.67076492309570312 -133.18853759765625 20.95499992370605472
v 21.56221008300781248 -130.28636169433593752 20.95499992370605472
v 22.14500045776367188 -130.19404602050781248 20.95499992370605472
v 20.35135459899902344 -132.66279602050781248 20.95499992370605472
v 22.14500045776367188 -133.9659423828125 20.95499992370605472
v 24.03095054626464844 -132.0800018310546875 20.95499992370605472
v 22.7277908325195312 -130.28636169433593752 20.95499992370605472
v 21.03646659851074219 -130.55422973632812496 20.95499992370605472
v 20.35135459899902344 -131.49720764160156248 20.95499992370605472
v 20.61923408508300784 -130.97146606445312496 20.95499992370605472
v 20.25905036926269532 -132.0800018310546875 20.95499992370605472
v 27.22500038146972656 -127 17.78000068664550784
v 27.22500038146972656 -127.09709930419921876 17.78000068664550784
v 26.56190872192382816 -129.92227172851562496 17.78000068664550784
v 27.05700492858886719 -128.54806518554687504 17.78000068664550784
v 16.37381553649902344 -150.43034362792968752 17.78000068664550784
v 22.64929962158203128 -133.632080078125 20.70100021362304688
v 23.10423660278320312 -133.4002685546875 20.70100021362304688
v 23.4652748107910156 -133.0392303466796875 20.70100021362304688
v 23.6970767974853516 -132.58430480957031248 20.70100021362304688
v 23.77695083618164064 -132.0800018310546875 20.70100021362304688
v 23.6970767974853516 -131.57569885253906248 20.70100021362304688
v 23.4652748107910156 -131.120758056640625 20.70100021362304688
v 23.10423660278320312 -130.75971984863281248 20.70100021362304688
v 22.64929962158203128 -130.52792358398437504 20.70100021362304688
v 22.14500045776367188 -130.44804382324218752 20.70100021362304688
v 21.64069938659667968 -130.52792358398437504 20.70100021362304688
v 21.18576431274414064 -130.75971984863281248 20.70100021362304688
v 20.82472419738769536 -131.120758056640625 20.70100021362304688
v 20.59292411804199216 -131.57569885253906248 20.70100021362304688
v 20.51305007934570312 -132.0800018310546875 20.70100021362304688
v 20.59292411804199216 -132.58430480957031248 20.70100021362304688
v 20.82472419738769536 -133.0392303466796875 20.70100021362304688
v 21.18576431274414064 -133.4002685546875 20.70100021362304688
v 21.64069938659667968 -133.632080078125 20.70100021362304688
v 22.14500045776367188 -133.71194458007812496 20.70100021362304688
v 21.64069938659667968 -130.52792358398437504 18.03400039672851562
v 22.14500045776367188 -130.44804382324218752 18.03400039672851562
v 21.18576431274414064 -130.75971984863281248 18.03400039672851562
v 20.82472419738769536 -131.120758056640625 18.03400039672851562
v 20.59292411804199216 -131.57569885253906248 18.03400039672851562
v 20.51305007934570312 -132.0800018310546875 18.03400039672851562
v 20.59292411804199216 -132.58430480957031248 18.03400039672851562
v 20.82472419738769536 -133.0392303466796875 18.03400039672851562
v 21.18576431274414064 -133.4002685546875 18.03400039672851562
v 21.64069938659667968 -133.632080078125 18.03400039672851562
v 22.14500045776367188 -133.71194458007812496 18.03400039672851562
v 22.64929962158203128 -133.632080078125 18.03400039672851562
v 23.10423660278320312 -133.4002685546875 18.03400039672851562
v 23.4652748107910156 -133.0392303466796875 18.03400039672851562
v 23.6970767974853516 -132.58430480957031248 18.03400039672851562
v 23.77695083618164064 -132.0800018310546875 18.03400039672851562
v 23.6970767974853516 -131.57569885253906248 18.03400039672851562
v 23.4652748107910156 -131.120758056640625 18.03400039672851562
v 23.10423660278320312 -130.75971984863281248 18.03400039672851562
v 22.64929962158203128 -130.52792358398437504 18.03400039672851562
v 22.14500045776367188 -130.19404602050781248 17.78000068664550784
v 22.7277908325195312 -130.28636169433593752 17.78000068664550784
v 23.25353431701660156 -130.55422973632812496 17.78000068664550784
v 23.67076492309570312 -130.97146606445312496 17.78000068664550784
v 23.93864440917968752 -131.49720764160156248 17.78000068664550784
v 24.03095054626464844 -132.0800018310546875 17.78000068664550784
v 23.93864440917968752 -132.66279602050781248 17.78000068664550784
v 23.67076492309570312 -133.18853759765625 17.78000068664550784
v 23.25353431701660156 -133.60575866699218752 17.78000068664550784
v 22.7277908325195312 -133.87364196777343744 17.78000068664550784
v 22.14500045776367188 -133.9659423828125 17.78000068664550784
v 21.56221008300781248 -133.87364196777343744 17.78000068664550784
v 21.03646659851074219 -133.60575866699218752 17.78000068664550784
v 20.61923408508300784 -133.18853759765625 17.78000068664550784
v 20.35135459899902344 -132.66279602050781248 17.78000068664550784
v 20.25905036926269532 -132.0800018310546875 17.78000068664550784
v 20.35135459899902344 -131.49720764160156248 17.78000068664550784
v 20.61923408508300784 -130.97146606445312496 17.78000068664550784
v 21.03646659851074219 -130.55422973632812496 17.78000068664550784
v 21.56221008300781248 -130.28636169433593752 17.78000068664550784
v -16.56190872192382816 -129.92227172851562496 17.78000068664550784
v -6.37381649017333984 -150.43034362792968752 17.78000068664550784
v -17.22500038146972656 -127.09709930419921876 17.78000068664550784
v -17.05700492858886719 -128.54806518554687504 17.78000068664550784
v -17.22500038146972656 -127 17.78000068664550784
v -11.03646659851074219 -130.55422973632812496 20.95499992370605472
v -12.14500045776367188 -130.19404602050781248 20.95499992370605472
v -13.25353336334228516 -130.55422973632812496 20.95499992370605472
v -13.67076587677001952 -130.97146606445312496 20.95499992370605472
v -13.67076587677001952 -133.18853759765625 20.95499992370605472
v -13.25353336334228516 -133.60575866699218752 20.95499992370605472
v -11.56220912933349608 -133.87364196777343744 20.95499992370605472
v -10.35135459899902344 -132.66279602050781248 20.95499992370605472
v -10.61923408508300784 -133.18853759765625 20.95499992370605472
v -11.56220912933349608 -130.28636169433593752 20.95499992370605472
v -12.7277908325195312 -130.28636169433593752 20.95499992370605472
v -14.03094959259033203 -132.0800018310546875 20.95499992370605472
v -13.93864536285400384 -131.49720764160156248 20.95499992370605472
v -13.93864536285400384 -132.66279602050781248 20.95499992370605472
v -12.7277908325195312 -133.87364196777343744 20.95499992370605472
v -10.25905036926269532 -132.0800018310546875 20.95499992370605472
v -10.61923408508300784 -130.97146606445312496 20.95499992370605472
v -10.35135459899902344 -131.49720764160156248 20.95499992370605472
v -12.14500045776367188 -133.9659423828125 20.95499992370605472
v -11.03646659851074219 -133.60575866699218752 20.95499992370605472
v -11.64069938659667968 -133.632080078125 20.70100021362304688
v -11.18576431274414064 -133.4002685546875 20.70100021362304688
v -10.82472515106201168 -133.0392303466796875 20.70100021362304688
v -10.59292316436767576 -132.58430480957031248 20.70100021362304688
v -10.51305007934570312 -132.0800018310546875 20.70100021362304688
v -10.59292316436767576 -131.57569885253906248 20.70100021362304688
v -10.82472515106201168 -131.120758056640625 20.70100021362304688
v -11.18576431274414064 -130.75971984863281248 20.70100021362304688
v -11.64069938659667968 -130.52792358398437504 20.70100021362304688
v -12.14500045776367188 -130.44804382324218752 20.70100021362304688
v -12.64930057525634768 -130.52792358398437504 20.70100021362304688
v -13.10423660278320312 -130.75971984863281248 20.70100021362304688
v -13.4652748107910156 -131.120758056640625 20.70100021362304688
v -13.6970767974853516 -131.57569885253906248 20.70100021362304688
v -13.77694988250732416 -132.0800018310546875 20.70100021362304688
v -13.6970767974853516 -132.58430480957031248 20.70100021362304688
v -13.4652748107910156 -133.0392303466796875 20.70100021362304688
v -13.10423660278320312 -133.4002685546875 20.70100021362304688
v -12.64930057525634768 -133.632080078125 20.70100021362304688
v -12.14500045776367188 -133.71194458007812496 20.70100021362304688
v -12.64930057525634768 -130.52792358398437504 18.03400039672851562
v -12.14500045776367188 -130.44804382324218752 18.03400039672851562
v -13.10423660278320312 -130.75971984863281248 18.03400039672851562
v -13.4652748107910156 -131.120758056640625 18.03400039672851562
v -13.6970767974853516 -131.57569885253906248 18.03400039672851562
v -13.77694988250732416 -132.0800018310546875 18.03400039672851562
v -13.6970767974853516 -132.58430480957031248 18.03400039672851562
v -13.4652748107910156 -133.0392303466796875 18.03400039672851562
v -13.10423660278320312 -133.4002685546875 18.03400039672851562
v -12.64930057525634768 -133.632080078125 18.03400039672851562
v -12.14500045776367188 -133.71194458007812496 18.03400039672851562
v -11.64069938659667968 -133.632080078125 18.03400039672851562
v -11.18576431274414064 -133.4002685546875 18.03400039672851562
v -10.82472515106201168 -133.0392303466796875 18.03400039672851562
v -10.59292316436767576 -132.58430480957031248 18.03400039672851562
v -10.51305007934570312 -132.0800018310546875 18.03400039672851562
v -10.59292316436767576 -131.57569885253906248 18.03400039672851562
v -10.82472515106201168 -131.120758056640625 18.03400039672851562
v -11.18576431274414064 -130.75971984863281248 18.03400039672851562
v -11.64069938659667968 -130.52792358398437504 18.03400039672851562
v -12.14500045776367188 -130.19404602050781248 17.78000068664550784
v -11.56220912933349608 -130.28636169433593752 17.78000068664550784
v -11.03646659851074219 -130.55422973632812496 17.78000068664550784
v -10.61923408508300784 -130.97146606445312496 17.78000068664550784
v -10.35135459899902344 -131.49720764160156248 17.78000068664550784
v -10.25905036926269532 -132.0800018310546875 17.78000068664550784
v -10.35135459899902344 -132.66279602050781248 17.78000068664550784
v -10.61923408508300784 -133.18853759765625 17.78000068664550784
v -11.03646659851074219 -133.60575866699218752 17.78000068664550784
v -11.56220912933349608 -133.87364196777343744 17.78000068664550784
v -12.14500045776367188 -133.9659423828125 17.78000068664550784
v -12.7277908325195312 -133.87364196777343744 17.78000068664550784
v -13.25353336334228516 -133.60575866699218752 17.78000068664550784
v -13.67076587677001952 -133.18853759765625 17.78000068664550784
v -13.93864536285400384 -132.66279602050781248 17.78000068664550784
v -14.03094959259033203 -132.0800018310546875 17.78000068664550784
v -13.93864536285400384 -131.49720764160156248 17.78000068664550784
v -13.67076587677001952 -130.97146606445312496 17.78000068664550784
v -13.25353336334228516 -130.55422973632812496 17.78000068664550784
v -12.7277908325195312 -130.28636169433593752 17.78000068664550784
v 14.52499961853027344 -127 17.78000068664550784
v 14.5250234603881836 -127 0
v 14.48670196533203128 -127 -0.85381865501403808
v 13.99053382873535152 -127 -3.14592361450195312
v 12.94934940338134768 -127 -5.24731969833374024
v 9.51362133026123048 -127 -8.38771438598632816
v 7.32735395431518556 -127 -9.23633861541748048
v 5 -127 -9.52504730224609376
v -4.48670244216918944 -127 -0.85381865501403808
v -4.5250234603881836 -127 0
v -4.52500009536743168 -127 17.78000068664550784
v 11.4262685775756836 -127 -7.03061819076538086
v -3.99053335189819328 -127 -3.14592361450195312
v 2.67264604568481448 -127 -9.23633861541748048
v 0.4863785803318024 -127 -8.38771438598632816
v -1.42626881599426272 -127 -7.03061819076538086
v -2.94934964179992672 -127 -5.24731969833374024
v -4.16743183135986328 -129.19993591308593752 -2.5854830741882324
v -3.99053335189819328 -129.19993591308593752 -3.14592361450195312
v -3.40034174919128416 -129.19993591308593752 -4.49007606506347656
v -2.94934964179992672 -129.19993591308593752 -5.24731969833374024
v -1.42626881599426272 -129.19993591308593752 -7.03061819076538086
v -2.24290275573730468 -129.19993591308593752 -6.18602323532104492
v 0.4863785803318024 -129.19993591308593752 -8.38771438598632816
v -0.74889892339706416 -129.19993591308593752 -7.59451675415039064
v 2.67264604568481448 -129.19993591308593752 -9.23633861541748048
v 1.0122462511062622 -129.19993591308593752 -8.65010643005371096
v 5 -129.19993591308593752 -9.52504730224609376
v 2.95869517326354976 -129.19993591308593752 -9.303741455078125
v 7.04130458831787109 -129.19993591308593752 -9.303741455078125
v 7.32735395431518556 -129.19993591308593752 -9.23633861541748048
v 8.98775386810302736 -129.19993591308593752 -8.65010643005371096
v 9.51362133026123048 -129.19993591308593752 -8.38771438598632816
v 10.74889850616455072 -129.19993591308593752 -7.59451675415039064
v 11.4262685775756836 -129.19993591308593752 -7.03061819076538086
v 12.94934940338134768 -129.19993591308593752 -5.24731969833374024
v 12.24290275573730468 -129.19993591308593752 -6.18602323532104492
v 13.99053382873535152 -129.19993591308593752 -3.14592361450195312
v 13.40034198760986328 -129.19993591308593752 -4.49007606506347656
v 14.48670196533203128 -129.19993591308593752 -0.85381865501403808
v 14.16743183135986328 -129.19993591308593752 -2.5854830741882324
v -4.50852727890014648 -129.19993591308593752 -0.56074720621109008
v -4.48670244216918944 -129.19993591308593752 -0.85381865501403808
v 14.5250234603881836 -129.19993591308593752 0
v 14.50852680206298832 -129.19993591308593752 -0.56074720621109008
v -4.5250234603881836 -129.19993591308593752 0
v -4.52500009536743168 -129.19993591308593752 17.78000068664550784
v -7.69999980926513672 -132.37493896484375 17.78000068664550784
v -7.69999980926513672 -144.77999877929687504 17.78000068664550784
v -6.44230461120605472 -150.29032897949218752 17.78000068664550784
v -7.38158464431762696 -147.60601806640625 17.78000068664550784
v -7.69999980926513672 -132.37490844726562496 0
v -7.69999980926513672 -144.77999877929687504 0
v -7.38158464431762696 -132.37489318847656248 -2.82601594924926752
v -7.67797327041625976 -132.37489318847656248 -0.7476592063903808
v -7.22318172454833984 -132.37489318847656248 -3.447293758392334
v -6.44230461120605472 -132.37489318847656248 -5.51032352447509768
v -6.20039987564086916 -132.37489318847656248 -5.98673868179321296
v -4.65715599060058592 -132.37489318847656248 -8.24799060821533204
v -4.92925977706909184 -132.37489318847656248 -7.91832065582275392
v -2.66516041755676272 -132.37489318847656248 -10.12597274780273438
v -2.91832041740417488 -132.37489318847656248 -9.92926025390624992
v -0.31697866320610048 -132.37489318847656248 -11.53341865539550784
v -0.51032346487045288 -132.37489318847656248 -11.44230461120605472
v 2.2782738208770752 -132.37489318847656248 -12.40492630004882816
v 2.17398405075073242 -132.37489318847656248 -12.38158416748046872
v 5 -132.37489318847656248 -12.69999980926513672
v 10.31697845458984376 -132.37489318847656248 -11.53341865539550784
v 7.82601594924926752 -132.37489318847656248 -12.38158416748046872
v 7.72172641754150384 -132.37489318847656248 -12.40492630004882816
v 12.6651601791381836 -132.37489318847656248 -10.12597274780273438
v 10.51032352447509768 -132.37489318847656248 -11.44230461120605472
v 14.65715599060058592 -132.37489318847656248 -8.24799060821533204
v 12.91832065582275392 -132.37489318847656248 -9.92926025390624992
v 16.20039939880371092 -132.37489318847656248 -5.98673868179321296
v 14.92926025390624992 -132.37489318847656248 -7.91832065582275392
v 16.44230461120605472 -132.37489318847656248 -5.51032352447509768
v 17.22318077087402344 -132.37489318847656248 -3.447293758392334
v 17.38158416748046872 -132.37489318847656248 -2.82601594924926752
v 17.6779727935791016 -132.37489318847656248 -0.7476592063903808
v 17.70000076293945312 -132.37490844726562496 0
v 14.52499961853027344 -129.19993591308593752 17.78000068664550784
v 16.44230461120605472 -150.29032897949218752 17.78000068664550784
v 17.38158416748046872 -147.60601806640625 17.78000068664550784
v 17.70000076293945312 -144.77999877929687504 17.78000068664550784
v 17.70000076293945312 -132.37493896484375 17.78000068664550784
v 17.70000076293945312 -144.77999877929687504 0
v -6.44230461120605472 -144.77999877929687504 -5.51032352447509768
v -7.07841777801513672 -144.77999877929687504 -3.92451572418212896
v -7.38158464431762696 -144.77999877929687504 -2.82601594924926752
v -5.27451562881469728 -144.77999877929687504 -7.4648728370666504
v -4.92925977706909184 -144.77999877929687504 -7.91832065582275392
v -6.31578302383422852 -144.77999877929687504 -5.7656793594360352
v -2.91832041740417488 -144.77999877929687504 -9.92926025390624992
v -3.98025608062744144 -144.77999877929687504 -8.98025608062744144
v -0.7656793594360352 -144.77999877929687504 -11.31578254699707032
v -0.51032346487045288 -144.77999877929687504 -11.44230461120605472
v -2.46487259864807128 -144.77999877929687504 -10.27451610565185548
v 1.07548415660858154 -144.77999877929687504 -12.07841777801513672
v 2.17398405075073242 -144.77999877929687504 -12.38158416748046872
v 5 -144.77999877929687504 -12.69999980926513672
v 3.01328229904174804 -144.77999877929687504 -12.5436420440673828
v 6.986717700958252 -144.77999877929687504 -12.5436420440673828
v 7.82601594924926752 -144.77999877929687504 -12.38158416748046872
v 10.51032352447509768 -144.77999877929687504 -11.44230461120605472
v 8.92451572418212896 -144.77999877929687504 -12.07841777801513672
v 12.91832065582275392 -144.77999877929687504 -9.92926025390624992
v 12.46487236022949216 -144.77999877929687504 -10.27451610565185548
v 10.7656793594360352 -144.77999877929687504 -11.31578254699707032
v 13.98025608062744144 -144.77999877929687504 -8.98025608062744144
v 14.92926025390624992 -144.77999877929687504 -7.91832065582275392
v 16.44230461120605472 -144.77999877929687504 -5.51032352447509768
v 16.31578254699707032 -144.77999877929687504 -5.7656793594360352
v 15.27451610565185548 -144.77999877929687504 -7.4648728370666504
v 17.38158416748046872 -144.77999877929687504 -2.82601594924926752
v 17.07841682434082031 -144.77999877929687504 -3.92451572418212896
v -7.5436420440673828 -144.77999877929687504 -1.986717700958252
v 17.5436420440673828 -144.77999877929687504 -1.986717700958252
v -7.5436420440673828 -146.7667236328125 0
v -6.92971229553222656 -146.7667236328125 -3.87619853019714352
v -7.38920879364013672 -146.7667236328125 -1.96225786209106448
v -6.1764669418334961 -146.7667236328125 -5.69469404220581056
v -3.86969423294067376 -146.7667236328125 -8.869694709777832
v -5.14801931381225586 -146.7667236328125 -7.37296772003173832
v -2.37296772003173832 -146.7667236328125 -10.14801979064941406
v 1.12380146980285644 -146.7667236328125 -11.92971229553222656
v -0.69469428062438968 -146.7667236328125 -11.1764669418334961
v 3.03774213790893554 -146.7667236328125 -12.38920879364013672
v 5 -146.7667236328125 -12.5436420440673828
v 8.87619876861572272 -146.7667236328125 -11.92971229553222656
v 6.96225786209106448 -146.7667236328125 -12.38920879364013672
v 10.69469451904296872 -146.7667236328125 -11.1764669418334961
v 13.869694709777832 -146.7667236328125 -8.869694709777832
v 12.37296772003173832 -146.7667236328125 -10.14801979064941406
v 15.14801979064941406 -146.7667236328125 -7.37296772003173832
v 16.92971229553222656 -146.7667236328125 -3.87619853019714352
v 16.17646598815917968 -146.7667236328125 -5.69469404220581056
v 17.38920974731445312 -146.7667236328125 -1.96225786209106448
v -6.92971229553222656 -148.70451354980468752 -1.88948082923889168
v -7.07841777801513672 -148.70451354980468752 0
v -7.38158464431762696 -147.60601806640625 0
v -6.48725795745849608 -148.70451354980468752 -3.73243641853332512
v -5.76194906234741216 -148.70451354980468752 -5.48348712921142576
v -4.7716450691223144 -148.70451354980468752 -7.09951591491699218
v -3.54073119163513184 -148.70451354980468752 -8.54073143005371096
v -2.09951591491699218 -148.70451354980468752 -9.77164554595947264
v -0.48348692059516904 -148.70451354980468752 -10.76194858551025392
v 1.26756370067596436 -148.70451354980468752 -11.48725795745849608
v 3.1105191707611084 -148.70451354980468752 -11.92971229553222656
v 5 -148.70451354980468752 -12.07841777801513672
v 6.88948059082031248 -148.70451354980468752 -11.92971229553222656
v 8.73243618011474608 -148.70451354980468752 -11.48725795745849608
v 10.48348712921142576 -148.70451354980468752 -10.76194858551025392
v 12.09951591491699218 -148.70451354980468752 -9.77164554595947264
v 13.54073143005371096 -148.70451354980468752 -8.54073143005371096
v 14.77164554595947264 -148.70451354980468752 -7.09951591491699218
v 15.76194858551025392 -148.70451354980468752 -5.48348712921142576
v 16.48725700378417968 -148.70451354980468752 -3.73243641853332512
v 16.92971229553222656 -148.70451354980468752 -1.88948082923889168
v 17.38158416748046872 -147.60601806640625 0
v 17.5436420440673828 -146.7667236328125 0
v -6.1764669418334961 -150.54568481445312496 -1.7701784372329712
v -6.44230461120605472 -150.29032897949218752 0
v -5.76194906234741216 -150.54568481445312496 -3.49676918983459472
v -5.08243656158447266 -150.54568481445312496 -5.13725805282592774
v -4.15466070175170898 -150.54568481445312496 -6.65125036239624024
v -3.00146675109863281 -150.54568481445312496 -8.00146675109863281
v -1.65125024318695072 -150.54568481445312496 -9.15466022491455078
v -0.13725791871547698 -150.54568481445312496 -10.08243656158447266
v 1.50323081016540528 -150.54568481445312496 -10.76194858551025392
v 3.22982144355773924 -150.54568481445312496 -11.1764669418334961
v 5 -150.54568481445312496 -11.31578254699707032
v 6.7701783180236816 -150.54568481445312496 -11.1764669418334961
v 8.4967689514160156 -150.54568481445312496 -10.76194858551025392
v 10.13725757598876954 -150.54568481445312496 -10.08243656158447266
v 11.651249885559082 -150.54568481445312496 -9.15466022491455078
v 13.00146675109863281 -150.54568481445312496 -8.00146675109863281
v 14.15466022491455078 -150.54568481445312496 -6.65125036239624024
v 15.08243656158447266 -150.54568481445312496 -5.13725805282592774
v 15.76194858551025392 -150.54568481445312496 -3.49676918983459472
v 17.07841682434082031 -148.70451354980468752 0
v 16.44230461120605472 -150.29032897949218752 0
v -5.27451562881469728 -152.244873046875 0
v -5.14801931381225586 -152.244873046875 -1.60728836059570312
v -4.7716450691223144 -152.244873046875 -3.17499995231628418
v -4.15466070175170898 -152.244873046875 -4.66453266143798832
v -3.31225800514221192 -152.244873046875 -6.03920888900756836
v -2.2651798725128174 -152.244873046875 -7.26517963409423828
v -1.03920888900756836 -152.244873046875 -8.3122577667236328
v 0.33546742796897888 -152.244873046875 -9.15466022491455078
v 1.82500004768371584 -152.244873046875 -9.77164554595947264
v 3.39271163940429688 -152.244873046875 -10.14801979064941406
v 5 -152.244873046875 -10.27451610565185548
v 6.60728836059570312 -152.244873046875 -10.14801979064941406
v 8.17500019073486328 -152.244873046875 -9.77164554595947264
v 9.66453266143798832 -152.244873046875 -9.15466022491455078
v 11.03920841217041015 -152.244873046875 -8.3122577667236328
v 12.26517963409423828 -152.244873046875 -7.26517963409423828
v 13.3122577667236328 -152.244873046875 -6.03920888900756836
v 14.15466022491455078 -152.244873046875 -4.66453266143798832
v 14.77164554595947264 -152.244873046875 -3.17499995231628418
v 16.17646598815917968 -150.54568481445312496 -1.7701784372329712
v 15.27451610565185548 -152.244873046875 0
v 15.14801979064941406 -152.244873046875 -1.60728836059570312
v -3.86969423294067376 -153.76025390625 -1.40482151508331296
v -3.98025608062744144 -153.76025390625 0
v -4.92925977706909184 -152.69831848144531248 0
v -3.54073119163513184 -153.76025390625 -2.77505183219909664
v -3.00146675109863281 -153.76025390625 -4.07695102691650391
v -2.2651798725128174 -153.76025390625 -5.27846193313598632
v -1.35000002384185792 -153.76025390625 -6.34999990463256836
v -0.27846211194992064 -153.76025390625 -7.26517963409423828
v 0.9230490326881408 -153.76025390625 -8.00146675109863281
v 2.22494816780090332 -153.76025390625 -8.54073143005371096
v 3.59517836570739744 -153.76025390625 -8.869694709777832
v 5 -153.76025390625 -8.98025608062744144
v 6.40482139587402344 -153.76025390625 -8.869694709777832
v 7.7750515937805176 -153.76025390625 -8.54073143005371096
v 9.07695102691650391 -153.76025390625 -8.00146675109863281
v 10.27846240997314452 -153.76025390625 -7.26517963409423828
v 11.35000038146972656 -153.76025390625 -6.34999990463256836
v 12.26517963409423828 -153.76025390625 -5.27846193313598632
v 13.00146675109863281 -153.76025390625 -4.07695102691650391
v 13.54073143005371096 -153.76025390625 -2.77505183219909664
v 13.869694709777832 -153.76025390625 -1.40482151508331296
v 14.92926025390624992 -152.69831848144531248 0
v -2.37296772003173832 -155.0545196533203125 -1.167763352394104
v -2.91832041740417488 -154.70925903320312496 0
v -2.09951591491699218 -155.0545196533203125 -2.30677247047424316
v -1.65125024318695072 -155.0545196533203125 -3.38898134231567384
v -1.03920888900756836 -155.0545196533203125 -4.38774204254150392
v -0.27846211194992064 -155.0545196533203125 -5.27846193313598632
v 0.61225789785385128 -155.0545196533203125 -6.03920888900756836
v 1.61101865768432616 -155.0545196533203125 -6.65125036239624024
v 2.6932275295257568 -155.0545196533203125 -7.09951591491699218
v 3.8322365283966064 -155.0545196533203125 -7.37296772003173832
v 5 -155.0545196533203125 -7.4648728370666504
v 6.16776323318481446 -155.0545196533203125 -7.37296772003173832
v 7.30677270889282228 -155.0545196533203125 -7.09951591491699218
v 8.3889808654785156 -155.0545196533203125 -6.65125036239624024
v 9.38774204254150392 -155.0545196533203125 -6.03920888900756836
v 10.27846240997314452 -155.0545196533203125 -5.27846193313598632
v 11.03920841217041015 -155.0545196533203125 -4.38774204254150392
v 11.651249885559082 -155.0545196533203125 -3.38898134231567384
v 12.09951591491699218 -155.0545196533203125 -2.30677247047424316
v 13.98025608062744144 -153.76025390625 0
v 12.91832065582275392 -154.70925903320312496 0
v 12.37296772003173832 -155.0545196533203125 -1.167763352394104
v -0.7656793594360352 -156.0957794189453125 0
v -0.69469428062438968 -156.0957794189453125 -0.90195095539093024
v -0.48348692059516904 -156.0957794189453125 -1.78169286251068112
v -0.13725791871547698 -156.0957794189453125 -2.61756372451782224
v 0.33546742796897888 -156.0957794189453125 -3.38898134231567384
v 0.9230490326881408 -156.0957794189453125 -4.07695102691650391
v 1.61101865768432616 -156.0957794189453125 -4.66453266143798832
v 2.38243627548217776 -156.0957794189453125 -5.13725805282592774
v 3.21830701828002928 -156.0957794189453125 -5.48348712921142576
v 4.09804916381835938 -156.0957794189453125 -5.69469404220581056
v 5 -156.0957794189453125 -5.7656793594360352
v 5.90195083618164064 -156.0957794189453125 -5.69469404220581056
v 6.78169298171997072 -156.0957794189453125 -5.48348712921142576
v 7.61756372451782224 -156.0957794189453125 -5.13725805282592774
v 8.3889808654785156 -156.0957794189453125 -4.66453266143798832
v 9.07695102691650391 -156.0957794189453125 -4.07695102691650391
v 9.66453266143798832 -156.0957794189453125 -3.38898134231567384
v 10.13725757598876954 -156.0957794189453125 -2.61756372451782224
v 10.48348712921142576 -156.0957794189453125 -1.78169286251068112
v 12.46487236022949216 -155.0545196533203125 0
v 10.51032352447509768 -156.22230529785156248 0
v 10.69469451904296872 -156.0957794189453125 -0.90195095539093024
v 1.12380146980285644 -156.85841369628906256 -0.61392951011657712
v 1.07548415660858154 -156.85841369628906256 0
v -0.51032346487045288 -156.22230529785156248 0
v 1.26756370067596436 -156.85841369628906256 -1.21274209022521972
v 1.50323081016540528 -156.85841369628906256 -1.78169286251068112
v 1.82500004768371584 -156.85841369628906256 -2.30677247047424316
v 2.22494816780090332 -156.85841369628906256 -2.77505183219909664
v 2.6932275295257568 -156.85841369628906256 -3.17499995231628418
v 3.21830701828002928 -156.85841369628906256 -3.49676918983459472
v 3.78725790977478032 -156.85841369628906256 -3.73243641853332512
v 4.38607025146484376 -156.85841369628906256 -3.87619853019714352
v 5 -156.85841369628906256 -3.92451572418212896
v 5.61392974853515624 -156.85841369628906256 -3.87619853019714352
v 6.21274185180664064 -156.85841369628906256 -3.73243641853332512
v 6.78169298171997072 -156.85841369628906256 -3.49676918983459472
v 7.30677270889282228 -156.85841369628906256 -3.17499995231628418
v 7.7750515937805176 -156.85841369628906256 -2.77505183219909664
v 8.17500019073486328 -156.85841369628906256 -2.30677247047424316
v 8.4967689514160156 -156.85841369628906256 -1.78169286251068112
v 8.73243618011474608 -156.85841369628906256 -1.21274209022521972
v 8.87619876861572272 -156.85841369628906256 -0.61392951011657712
v 3.03774213790893554 -157.323638916015625 -0.31079113483428956
v 2.17398405075073242 -157.161590576171875 0
v 3.1105191707611084 -157.323638916015625 -0.61392951011657712
v 3.22982144355773924 -157.323638916015625 -0.90195095539093024
v 3.39271163940429688 -157.323638916015625 -1.167763352394104
v 3.59517836570739744 -157.323638916015625 -1.40482151508331296
v 3.8322365283966064 -157.323638916015625 -1.60728836059570312
v 4.09804916381835938 -157.323638916015625 -1.7701784372329712
v 4.38607025146484376 -157.323638916015625 -1.88948082923889168
v 4.689208984375 -157.323638916015625 -1.96225786209106448
v 5 -157.323638916015625 -1.986717700958252
v 5.310791015625 -157.323638916015625 -1.96225786209106448
v 5.61392974853515624 -157.323638916015625 -1.88948082923889168
v 5.90195083618164064 -157.323638916015625 -1.7701784372329712
v 6.16776323318481446 -157.323638916015625 -1.60728836059570312
v 6.40482139587402344 -157.323638916015625 -1.40482151508331296
v 6.60728836059570312 -157.323638916015625 -1.167763352394104
v 6.7701783180236816 -157.323638916015625 -0.90195095539093024
v 6.88948059082031248 -157.323638916015625 -0.61392951011657712
v 8.92451572418212896 -156.85841369628906256 0
v 7.82601594924926752 -157.161590576171875 0
v 5 -157.47999572753906248 0
v 6.96225786209106448 -157.323638916015625 -0.31079113483428956
v 13.13372611999511718 -154.53358459472656248 8.66757869720458984
v 12.9375 -154.69393920898437504 8.63650035858154296
v 13.31074333190917968 -154.38320922851562496 8.75777435302734368
v 13.54142093658447264 -154.178619384765625 9.07527446746826172
v 13.50240516662597656 -154.21392822265625 8.98148727416992192
v 13.56455421447753904 -154.1575469970703125 9.17135810852050782
v 14.92926025390624992 -152.69831848144531248 18.796499252319336
v 13.57250022888183592 -154.1502838134765625 18.16150093078613282
v 13.57250022888183592 -154.1502838134765625 9.27149963378906248
v 13.56447601318359376 -154.157623291015625 18.26212882995605468
v 13.45122623443603512 -154.25981140136718752 18.53474426269531248
v 13.502197265625 -154.21412658691406248 18.45191574096679688
v 13.54142093658447264 -154.178619384765625 18.3577251434326172
v 13.31074333190917968 -154.38320922851562496 18.6752262115478516
v 13.45122623443603512 -154.25981140136718752 8.89825630187988288
v 12.9375 -154.69393920898437504 18.796499252319336
v 13.13372611999511718 -154.53358459472656248 18.76542091369628912
v 10.51032352447509768 -156.22230529785156248 8.63650035858154296
v 12.91832065582275392 -154.70925903320312496 8.63650035858154296
v 7.82601594924926752 -157.161590576171875 8.63650035858154296
v 5 -157.47999572753906248 8.63650035858154296
v 2.17398405075073242 -157.161590576171875 8.63650035858154296
v -0.51032346487045288 -156.22230529785156248 8.63650035858154296
v -2.91832041740417488 -154.70925903320312496 8.63650035858154296
v -4.92925977706909184 -152.69831848144531248 18.796499252319336
v -3.3107435703277588 -154.38320922851562496 18.6752262115478516
v -3.13372588157653808 -154.53358459472656248 18.76542091369628912
v -3.54142093658447264 -154.178619384765625 18.3577251434326172
v -3.50240492820739744 -154.21392822265625 18.45151329040527344
v -3.56455397605896 -154.1575469970703125 18.26164245605468752
v -3.5724999904632568 -154.1502838134765625 9.27149963378906248
v -3.5724999904632568 -154.1502838134765625 18.16150093078613282
v -3.56447577476501464 -154.157623291015625 9.17087078094482422
v -3.45122575759887696 -154.25981140136718752 8.89825630187988288
v -3.50219750404357912 -154.21412658691406248 8.98108386993408208
v -3.54142093658447264 -154.178619384765625 9.07527446746826172
v -3.3107435703277588 -154.38320922851562496 8.75777435302734368
v -3.45122575759887696 -154.25981140136718752 18.53474426269531248
v -2.9375 -154.69393920898437504 8.63650035858154296
v -3.13372588157653808 -154.53358459472656248 8.66757869720458984
v -2.9375 -154.69393920898437504 18.796499252319336
v 13.57250022888183592 -159.38499450683593752 9.27149963378906248
v 13.57250022888183592 -159.38499450683593752 18.16150093078613282
v -3.5724999904632568 -159.38499450683593752 9.27149963378906248
v -3.5724999904632568 -159.38499450683593752 18.16150093078613282
v 13.13372611999511718 -159.38499450683593752 8.66757869720458984
v 12.9375 -159.38499450683593752 8.63650035858154296
v 13.31074333190917968 -159.38499450683593752 8.75777435302734368
v 13.45122623443603512 -159.38499450683593752 8.89825630187988288
v 13.54142093658447264 -159.38499450683593752 9.07527446746826172
v 7.22249984741210936 -165.29621887207031248 8.66757869720458984
v 7.22249984741210936 -165.100006103515625 8.63650035858154296
v 8.4942073822021484 -164.95671081542968752 8.63650035858154296
v 8.53787136077880856 -165.1480255126953125 8.66757869720458984
v 9.7021455764770508 -164.53404235839843752 8.63650035858154296
v 9.78728485107421872 -164.71083068847656248 8.66757869720458984
v 10.78574466705322272 -163.85316467285156256 8.63650035858154296
v 10.9080886840820312 -164.0065765380859375 8.66757869720458984
v 11.69066715240478512 -162.9482421875 8.63650035858154296
v 11.84408283233642576 -163.070587158203125 8.66757869720458984
v 12.37153720855712888 -161.86463928222656256 8.63650035858154296
v 12.54833030700683592 -161.94978332519531248 8.66757869720458984
v 12.79421329498291008 -160.65670776367187504 8.63650035858154296
v 12.98551940917968752 -160.70037841796875 8.66757869720458984
v 7.22249984741210936 -165.47323608398437504 8.75777435302734368
v 8.57726192474365232 -165.32060241699218752 8.75777435302734368
v 9.86408996582031248 -164.87031555175781248 8.75777435302734368
v 11.01845741271972656 -164.1449737548828125 8.75777435302734368
v 11.98248100280761712 -163.18095397949218752 8.75777435302734368
v 12.70781803131103512 -162.0265960693359375 8.75777435302734368
v 13.15809822082519532 -160.73976135253906256 8.75777435302734368
v 7.22249984741210936 -165.61372375488281248 8.89825630187988288
v 8.6085214614868164 -165.45756530761718752 8.89825630187988288
v 9.9250431060791016 -164.99688720703124992 8.89825630187988288
v 11.10604667663574218 -164.25480651855468752 8.89825630187988288
v 12.09231376647949218 -163.26853942871093752 8.89825630187988288
v 12.83438777923583984 -162.0875396728515625 8.89825630187988288
v 13.29505825042724608 -160.77102661132812496 8.89825630187988288
v 7.22249984741210936 -165.70391845703125 9.07527446746826172
v 8.62859249114990232 -165.54548645019531248 9.07527446746826172
v 9.964177131652832 -165.078155517578125 9.07527446746826172
v 11.16228294372558594 -164.32533264160156248 9.07527446746826172
v 12.16283130645751954 -163.32478332519531248 9.07527446746826172
v 12.9156513214111328 -162.126678466796875 9.07527446746826172
v 13.3829927444458008 -160.79109191894531248 9.07527446746826172
v 7.22249984741210936 -165.73500061035156256 9.27149963378906248
v 9.97766208648681648 -165.1061553955078125 9.27149963378906248
v 9.18475818634033204 -165.42420959472656248 9.27149963378906248
v 10.95493602752685552 -164.52226257324218752 9.27149963378906248
v 11.18166065216064452 -164.34962463378906248 9.27149963378906248
v 12.94365215301513664 -162.140167236328125 9.27149963378906248
v 12.35975837707519532 -163.117431640625 9.27149963378906248
v 13.26170921325683592 -161.347259521484375 9.27149963378906248
v 13.41329193115234376 -160.79800415039062496 9.27149963378906248
v 12.18712997436523436 -163.34416198730468752 9.27149963378906248
v 8.63550758361816408 -165.57579040527343752 9.27149963378906248
v -3.54142093658447264 -159.38499450683593752 9.07527446746826172
v -3.45122575759887696 -159.38499450683593752 8.89825630187988288
v -3.3107435703277588 -159.38499450683593752 8.75777435302734368
v -3.13372588157653808 -159.38499450683593752 8.66757869720458984
v -2.9375 -159.38499450683593752 8.63650035858154296
v -2.79421305656433104 -160.65670776367187504 8.63650035858154296
v -2.98551893234252928 -160.70037841796875 8.66757869720458984
v -2.37153697013854984 -161.86463928222656256 8.63650035858154296
v -2.54833030700683592 -161.94978332519531248 8.66757869720458984
v -1.69066691398620608 -162.9482421875 8.63650035858154296
v -1.84408247470855712 -163.070587158203125 8.66757869720458984
v -0.78574419021606448 -163.85316467285156256 8.63650035858154296
v -0.9080889821052552 -164.0065765380859375 8.66757869720458984
v 0.2978544235229492 -164.53404235839843752 8.63650035858154296
v 0.2127152532339096 -164.71083068847656248 8.66757869720458984
v 1.50579285621643064 -164.95671081542968752 8.63650035858154296
v 1.46212852001190184 -165.1480255126953125 8.66757869720458984
v 2.77749991416931152 -165.100006103515625 8.63650035858154296
v -3.15809869766235352 -160.73976135253906256 8.75777435302734368
v -2.70781803131103512 -162.0265960693359375 8.75777435302734368
v -1.98248052597045904 -163.18095397949218752 8.75777435302734368
v -1.01845777034759521 -164.1449737548828125 8.75777435302734368
v 0.13591009378433228 -164.87031555175781248 8.75777435302734368
v 1.42273831367492672 -165.32060241699218752 8.75777435302734368
v 2.77749991416931152 -165.29621887207031248 8.66757869720458984
v -3.29505872726440428 -160.77102661132812496 8.89825630187988288
v -2.83438801765441888 -162.0875396728515625 8.89825630187988288
v -2.09231400489807128 -163.26853942871093752 8.89825630187988288
v -1.10604703426361084 -164.25480651855468752 8.89825630187988288
v 0.07495716214179993 -164.99688720703124992 8.89825630187988288
v 1.39147806167602536 -165.45756530761718752 8.89825630187988288
v 2.77749991416931152 -165.47323608398437504 8.75777435302734368
v -3.38299226760864256 -160.79109191894531248 9.07527446746826172
v -2.91565108299255376 -162.126678466796875 9.07527446746826172
v -2.16283130645751954 -163.32478332519531248 9.07527446746826172
v -1.16228270530700684 -164.32533264160156248 9.07527446746826172
v 0.03582297638058662 -165.078155517578125 9.07527446746826172
v 1.37140786647796632 -165.54548645019531248 9.07527446746826172
v 2.77749991416931152 -165.61372375488281248 8.89825630187988288
v -2.94365239143371584 -162.140167236328125 9.27149963378906248
v -3.26170897483825684 -161.347259521484375 9.27149963378906248
v -2.35975790023803712 -163.117431640625 9.27149963378906248
v -2.18712997436523436 -163.34416198730468752 9.27149963378906248
v 0.02233825623989105 -165.1061553955078125 9.27149963378906248
v -0.95493632555007936 -164.52226257324218752 9.27149963378906248
v 0.81524211168289184 -165.42420959472656248 9.27149963378906248
v 1.36449205875396728 -165.57579040527343752 9.27149963378906248
v 2.77749991416931152 -165.70391845703125 9.07527446746826172
v 2.77749991416931152 -165.73500061035156256 9.27149963378906248
v -1.18166029453277588 -164.34962463378906248 9.27149963378906248
v -3.41329216957092288 -160.79800415039062496 9.27149963378906248
v 7.22249984741210936 -165.73500061035156256 18.16150093078613282
v 2.77749991416931152 -165.73500061035156256 18.16150093078613282
v 13.41329193115234376 -160.79800415039062496 18.16150093078613282
v 12.35975837707519532 -163.117431640625 18.16150093078613282
v 13.26170921325683592 -161.347259521484375 18.16150093078613282
v 12.94365215301513664 -162.140167236328125 18.16150093078613282
v 12.18712997436523436 -163.34416198730468752 18.16150093078613282
v 11.18166065216064452 -164.34962463378906248 18.16150093078613282
v 10.95493602752685552 -164.52226257324218752 18.16150093078613282
v 9.97766208648681648 -165.1061553955078125 18.16150093078613282
v 9.18475818634033204 -165.42420959472656248 18.16150093078613282
v 8.63550758361816408 -165.57579040527343752 18.16150093078613282
v 13.54142093658447264 -159.38499450683593752 18.3577251434326172
v 13.45122623443603512 -159.38499450683593752 18.53474426269531248
v 13.31074333190917968 -159.38499450683593752 18.6752262115478516
v 13.13372611999511718 -159.38499450683593752 18.76542091369628912
v 12.9375 -159.38499450683593752 18.796499252319336
v 12.79421329498291008 -160.65670776367187504 18.796499252319336
v 12.98551940917968752 -160.70037841796875 18.76542091369628912
v 12.37153720855712888 -161.86463928222656256 18.796499252319336
v 12.54833030700683592 -161.94978332519531248 18.76542091369628912
v 11.69066715240478512 -162.9482421875 18.796499252319336
v 11.84408283233642576 -163.070587158203125 18.76542091369628912
v 10.78574466705322272 -163.85316467285156256 18.796499252319336
v 10.9080886840820312 -164.0065765380859375 18.76542091369628912
v 9.7021455764770508 -164.53404235839843752 18.796499252319336
v 9.78728485107421872 -164.71083068847656248 18.76542091369628912
v 8.4942073822021484 -164.95671081542968752 18.796499252319336
v 8.53787136077880856 -165.1480255126953125 18.76542091369628912
v 7.22249984741210936 -165.100006103515625 18.796499252319336
v 13.15809822082519532 -160.73976135253906256 18.6752262115478516
v 12.70781803131103512 -162.0265960693359375 18.6752262115478516
v 11.98248100280761712 -163.18095397949218752 18.6752262115478516
v 11.01845741271972656 -164.1449737548828125 18.6752262115478516
v 9.86408996582031248 -164.87031555175781248 18.6752262115478516
v 8.57726192474365232 -165.32060241699218752 18.6752262115478516
v 7.22249984741210936 -165.29621887207031248 18.76542091369628912
v 13.29505825042724608 -160.77102661132812496 18.53474426269531248
v 12.83438777923583984 -162.0875396728515625 18.53474426269531248
v 12.09231376647949218 -163.26853942871093752 18.53474426269531248
v 11.10604667663574218 -164.25480651855468752 18.53474426269531248
v 9.9250431060791016 -164.99688720703124992 18.53474426269531248
v 8.6085214614868164 -165.45756530761718752 18.53474426269531248
v 7.22249984741210936 -165.47323608398437504 18.6752262115478516
v 13.3829927444458008 -160.79109191894531248 18.3577251434326172
v 12.9156513214111328 -162.126678466796875 18.3577251434326172
v 12.16283130645751954 -163.32478332519531248 18.3577251434326172
v 11.16228294372558594 -164.32533264160156248 18.3577251434326172
v 9.964177131652832 -165.078155517578125 18.3577251434326172
v 8.62859249114990232 -165.54548645019531248 18.3577251434326172
v 7.22249984741210936 -165.61372375488281248 18.53474426269531248
v 7.22249984741210936 -165.70391845703125 18.3577251434326172
v -3.41329216957092288 -160.79800415039062496 18.16150093078613282
v -2.35975790023803712 -163.117431640625 18.16150093078613282
v -2.94365239143371584 -162.140167236328125 18.16150093078613282
v -3.26170897483825684 -161.347259521484375 18.16150093078613282
v -1.18166029453277588 -164.34962463378906248 18.16150093078613282
v -2.18712997436523436 -163.34416198730468752 18.16150093078613282
v 0.81524211168289184 -165.42420959472656248 18.16150093078613282
v 0.02233825623989105 -165.1061553955078125 18.16150093078613282
v -0.95493632555007936 -164.52226257324218752 18.16150093078613282
v 1.36449205875396728 -165.57579040527343752 18.16150093078613282
v 2.77749991416931152 -165.100006103515625 18.796499252319336
v 2.77749991416931152 -165.29621887207031248 18.76542091369628912
v 2.77749991416931152 -165.47323608398437504 18.6752262115478516
v 2.77749991416931152 -165.61372375488281248 18.53474426269531248
v 2.77749991416931152 -165.70391845703125 18.3577251434326172
v 1.50579285621643064 -164.95671081542968752 18.796499252319336
v 1.46212852001190184 -165.1480255126953125 18.76542091369628912
v 0.2978544235229492 -164.53404235839843752 18.796499252319336
v 0.2127152532339096 -164.71083068847656248 18.76542091369628912
v -0.78574419021606448 -163.85316467285156256 18.796499252319336
v -0.9080889821052552 -164.0065765380859375 18.76542091369628912
v -1.69066691398620608 -162.9482421875 18.796499252319336
v -1.84408247470855712 -163.070587158203125 18.76542091369628912
v -2.37153697013854984 -161.86463928222656256 18.796499252319336
v -2.54833030700683592 -161.94978332519531248 18.76542091369628912
v -2.79421305656433104 -160.65670776367187504 18.796499252319336
v -2.98551893234252928 -160.70037841796875 18.76542091369628912
v -2.9375 -159.38499450683593752 18.796499252319336
v 1.42273831367492672 -165.32060241699218752 18.6752262115478516
v 0.13591009378433228 -164.87031555175781248 18.6752262115478516
v -1.01845777034759521 -164.1449737548828125 18.6752262115478516
v -1.98248052597045904 -163.18095397949218752 18.6752262115478516
v -2.70781803131103512 -162.0265960693359375 18.6752262115478516
v -3.15809869766235352 -160.73976135253906256 18.6752262115478516
v -3.13372588157653808 -159.38499450683593752 18.76542091369628912
v 1.39147806167602536 -165.45756530761718752 18.53474426269531248
v 0.07495716214179993 -164.99688720703124992 18.53474426269531248
v -1.10604703426361084 -164.25480651855468752 18.53474426269531248
v -2.09231400489807128 -163.26853942871093752 18.53474426269531248
v -2.83438801765441888 -162.0875396728515625 18.53474426269531248
v -3.29505872726440428 -160.77102661132812496 18.53474426269531248
v -3.3107435703277588 -159.38499450683593752 18.6752262115478516
v 1.37140786647796632 -165.54548645019531248 18.3577251434326172
v 0.03582297638058662 -165.078155517578125 18.3577251434326172
v -1.16228270530700684 -164.32533264160156248 18.3577251434326172
v -2.16283130645751954 -163.32478332519531248 18.3577251434326172
v -2.91565108299255376 -162.126678466796875 18.3577251434326172
v -3.38299226760864256 -160.79109191894531248 18.3577251434326172
v -3.45122575759887696 -159.38499450683593752 18.53474426269531248
v -3.54142093658447264 -159.38499450683593752 18.3577251434326172
v -0.20700000226497652 -159.38499450683593752 18.796499252319336
v 10.2069997787475586 -162.1790008544921875 18.796499252319336
v -0.20700000226497652 -162.1790008544921875 18.796499252319336
v 10.2069997787475586 -159.38499450683593752 18.796499252319336
v -0.20700000226497652 -159.38499450683593752 8.63650035858154296
v 10.2069997787475586 -162.1790008544921875 8.63650035858154296
v 10.2069997787475586 -159.38499450683593752 8.63650035858154296
v -0.20700000226497652 -162.1790008544921875 8.63650035858154296
# 1419 vertices

vn -0.15643446147441864 0.9876883625984192 0
vn -0.45399048924446104 0.8910065293312072 0
vn -0.7071067690849304 0.7071067690849304 0
vn -0.8910065293312072 0.45399048924446104 0
vn -0.9876883625984192 0.15643446147441864 0
vn -0.9876883625984192 -0.15643446147441864 0
vn -0.8910065293312072 -0.45399048924446104 0
vn -0.7071067690849304 -0.7071067690849304 0
vn -0.45399048924446104 -0.8910065293312072 0
vn -0.15643446147441864 -0.9876883625984192 0
vn 0.15643446147441864 -0.9876883625984192 0
vn 0.45399048924446104 -0.8910065293312072 0
vn 0.7071067690849304 -0.7071067690849304 0
vn 0.8910065293312072 -0.45399048924446104 0
vn 0.9876883625984192 -0.15643446147441864 0
vn 0.9876883625984192 0.15643446147441864 0
vn 0.8910065293312072 0.45399048924446104 0
vn 0.7071067690849304 0.7071067690849304 0
vn 0.45399048924446104 0.8910065293312072 0
vn 0.15643446147441864 0.9876883625984192 0
vn 0 0 -1
vn 0.233251616358757 0.97218978404998784 0.02099302597343921
vn 0.22666148841381072 0.97218978404998784 0.05892021581530571
vn 0.21394723653793336 0.97218978404998784 0.09525544941425324
vn 0.19545239210128784 0.97218978404998784 0.12901699542999268
vn 0.1716766506433487 0.97218978404998784 0.15929265320301056
vn 0.14326241612434388 0.97218978404998784 0.1852644234895706
vn 0.1109773963689804 0.97218978404998784 0.2062305510044098
vn 0.07569389790296555 0.97218978404998784 0.22162458300590516
vn 0.03836524114012718 0.97218978404998784 0.23103058338165284
vn 0 0.97218978404998784 0.23419441282749176
vn -0.03836524114012718 0.97218978404998784 0.23103058338165284
vn -0.07569389790296555 0.97218978404998784 0.22162458300590516
vn -0.1109773963689804 0.97218978404998784 0.2062305510044098
vn -0.14326241612434388 0.97218978404998784 0.1852644234895706
vn -0.1716766506433487 0.97218978404998784 0.15929265320301056
vn -0.19545239210128784 0.97218978404998784 0.12901699542999268
vn -0.21394723653793336 0.97218978404998784 0.09525544941425324
vn -0.22666148841381072 0.97218978404998784 0.05892021581530571
vn -0.233251616358757 0.97218978404998784 0.02099302597343921
vn 0.38224637508392336 0.92341983318328864 0.03440279513597488
vn 0.37144666910171512 0.92341983318328864 0.09655683487653732
vn 0.35061088204383852 0.92341983318328864 0.1561020314693451
vn 0.32030203938484192 0.92341983318328864 0.21142952144145964
vn 0.28133901953697204 0.92341983318328864 0.261044442653656
vn 0.23477452993392944 0.92341983318328864 0.3036062717437744
vn 0.18186672031879424 0.92341983318328864 0.33796501159667968
vn 0.12404508888721466 0.92341983318328864 0.36319231986999512
vn 0.06287190318107605 0.92341983318328864 0.37860661745071408
vn 0 0.92341983318328864 0.38379141688346864
vn -0.06287190318107605 0.92341983318328864 0.37860661745071408
vn -0.12404508888721466 0.92341983318328864 0.36319231986999512
vn -0.18186672031879424 0.92341983318328864 0.33796501159667968
vn -0.23477452993392944 0.92341983318328864 0.3036062717437744
vn -0.28133901953697204 0.92341983318328864 0.261044442653656
vn -0.32030203938484192 0.92341983318328864 0.21142952144145964
vn -0.35061088204383852 0.92341983318328864 0.1561020314693451
vn -0.37144666910171512 0.92341983318328864 0.09655683487653732
vn -0.38224637508392336 0.92341983318328864 0.03440279513597488
vn 0.52167761325836184 0.85184973478317264 0.04695183411240578
vn 0.50693851709365848 0.85184973478317264 0.13177767395973206
vn 0.47850251197814944 0.85184973478317264 0.21304304897785188
vn 0.43713796138763424 0.85184973478317264 0.28855225443840028
vn 0.3839624524116516 0.85184973478317264 0.3562650978565216
vn 0.3204127550125122 0.85184973478317264 0.4143520891666412
vn 0.24820587038993836 0.85184973478317264 0.46124380826950072
vn 0.16929276287555694 0.85184973478317264 0.4956732392311096
vn 0.08580556511878967 0.85184973478317264 0.5167101621627808
vn 0 0.85184973478317264 0.523786187171936
vn -0.08580556511878967 0.85184973478317264 0.5167101621627808
vn -0.16929276287555694 0.85184973478317264 0.4956732392311096
vn -0.24820587038993836 0.85184973478317264 0.46124380826950072
vn -0.3204127550125122 0.85184973478317264 0.4143520891666412
vn -0.3839624524116516 0.85184973478317264 0.3562650978565216
vn -0.43713796138763424 0.85184973478317264 0.28855225443840028
vn -0.47850251197814944 0.85184973478317264 0.21304304897785188
vn -0.50693851709365848 0.85184973478317264 0.13177767395973206
vn -0.52167761325836184 0.85184973478317264 0.04695183411240578
vn 0.6481004357337952 0.75931775569915776 0.05833009630441666
vn 0.62978947162628176 0.75931775569915776 0.16371254622936248
vn 0.59446233510971072 0.75931775569915776 0.2646716833114624
vn 0.54307353496551512 0.75931775569915776 0.35847970843315124
vn 0.47701156139373776 0.75931775569915776 0.44260203838348392
vn 0.39806127548217776 0.75931775569915776 0.51476579904556272
vn 0.30835583806037904 0.75931775569915776 0.57302117347717288
vn 0.21031899750232696 0.75931775569915776 0.61579418182373048
vn 0.1065995991230011 0.75931775569915776 0.64192920923233032
vn 0 0.75931775569915776 0.6507200598716736
vn -0.1065995991230011 0.75931775569915776 0.64192920923233032
vn -0.21031899750232696 0.75931775569915776 0.61579418182373048
vn -0.30835583806037904 0.75931775569915776 0.57302117347717288
vn -0.39806127548217776 0.75931775569915776 0.51476579904556272
vn -0.47701156139373776 0.75931775569915776 0.44260203838348392
vn -0.54307353496551512 0.75931775569915776 0.35847970843315124
vn -0.59446233510971072 0.75931775569915776 0.2646716833114624
vn -0.62978947162628176 0.75931775569915776 0.16371254622936248
vn -0.6481004357337952 0.75931775569915776 0.05833009630441666
vn 0.75842595100402832 0.6481748819351196 0.06825957447290421
vn 0.73699790239334112 0.6481748819351196 0.19158117473125456
vn 0.69565707445144656 0.6481748819351196 0.30972650647163392
vn 0.63552045822143552 0.6481748819351196 0.4195033609867096
vn 0.55821275711059568 0.6481748819351196 0.51794576644897464
vn 0.46582284569740296 0.6481748819351196 0.60239386558532712
vn 0.36084696650505064 0.6481748819351196 0.67056602239608768
vn 0.2461214065551758 0.6481748819351196 0.72062027454376224
vn 0.1247459426522255 0.6481748819351196 0.75120419263839728
vn 0 0.6481748819351196 0.76149147748947136
vn -0.1247459426522255 0.6481748819351196 0.75120419263839728
vn -0.2461214065551758 0.6481748819351196 0.72062027454376224
vn -0.36084696650505064 0.6481748819351196 0.67056602239608768
vn -0.46582284569740296 0.6481748819351196 0.60239386558532712
vn -0.55821275711059568 0.6481748819351196 0.51794576644897464
vn -0.63552045822143552 0.6481748819351196 0.4195033609867096
vn -0.69565707445144656 0.6481748819351196 0.30972650647163392
vn -0.73699790239334112 0.6481748819351196 0.19158117473125456
vn -0.75842595100402832 0.6481748819351196 0.06825957447290421
vn 0.84999173879623408 0.52121168375015256 0.07650064677000046
vn 0.82597672939300544 0.52121168375015256 0.2147110402584076
vn 0.77964472770690912 0.52121168375015256 0.34712019562721252
vn 0.71224766969680784 0.52121168375015256 0.47015058994293216
vn 0.6256065368652344 0.52121168375015256 0.58047807216644288
vn 0.52206230163574216 0.52121168375015256 0.67512172460556032
vn 0.40441250801086424 0.52121168375015256 0.75152438879013056
vn 0.27583599090576172 0.52121168375015256 0.80762171745300288
vn 0.13980670273303986 0.52121168375015256 0.84189814329147344
vn 0 0.52121168375015256 0.85342741012573248
vn -0.13980670273303986 0.52121168375015256 0.84189814329147344
vn -0.27583599090576172 0.52121168375015256 0.80762171745300288
vn -0.40441250801086424 0.52121168375015256 0.75152438879013056
vn -0.52206230163574216 0.52121168375015256 0.67512172460556032
vn -0.6256065368652344 0.52121168375015256 0.58047807216644288
vn -0.71224766969680784 0.52121168375015256 0.47015058994293216
vn -0.77964472770690912 0.52121168375015256 0.34712019562721252
vn -0.82597672939300544 0.52121168375015256 0.2147110402584076
vn -0.84999173879623408 0.52121168375015256 0.07650064677000046
vn 0.9206157326698304 0.38157755136489872 0.0828569158911705
vn 0.89460527896881104 0.38157755136489872 0.23255090415477752
vn 0.84442371129989632 0.38157755136489872 0.37596166133880616
vn 0.77142679691314704 0.38157755136489872 0.5092143416404724
vn 0.67758685350418088 0.38157755136489872 0.62870872020721432
vn 0.5654392838478088 0.38157755136489872 0.73121607303619392
vn 0.43801426887512208 0.38157755136489872 0.8139668703079224
vn 0.29875460267066956 0.38157755136489872 0.87472522258758544
vn 0.15142293274402618 0.38157755136489872 0.911849558353424
vn 0 0.38157755136489872 0.92433685064315792
vn -0.15142293274402618 0.38157755136489872 0.911849558353424
vn -0.29875460267066956 0.38157755136489872 0.87472522258758544
vn -0.43801426887512208 0.38157755136489872 0.8139668703079224
vn -0.5654392838478088 0.38157755136489872 0.73121607303619392
vn -0.67758685350418088 0.38157755136489872 0.62870872020721432
vn -0.77142679691314704 0.38157755136489872 0.5092143416404724
vn -0.84442371129989632 0.38157755136489872 0.37596166133880616
vn -0.89460527896881104 0.38157755136489872 0.23255090415477752
vn -0.9206157326698304 0.38157755136489872 0.0828569158911705
vn 0.968633770942688 0.2326984405517578 0.08717861771583557
vn 0.941266655921936 0.2326984405517578 0.24468043446540832
vn 0.88846766948699952 0.2326984405517578 0.39557129144668576
vn 0.81166332960128784 0.2326984405517578 0.535774290561676
vn 0.71292883157730104 0.2326984405517578 0.66150128841400144
vn 0.59493184089660648 0.2326984405517578 0.76935529708862304
vn 0.46086046099662784 0.2326984405517578 0.856422245502472
vn 0.31433722376823424 0.2326984405517578 0.92034971714019776
vn 0.15932093560695648 0.2326984405517578 0.95941036939620976
vn 0 0.2326984405517578 0.97254896163940432
vn -0.15932093560695648 0.2326984405517578 0.95941036939620976
vn -0.31433722376823424 0.2326984405517578 0.92034971714019776
vn -0.46086046099662784 0.2326984405517578 0.856422245502472
vn -0.59493184089660648 0.2326984405517578 0.76935529708862304
vn -0.71292883157730104 0.2326984405517578 0.66150128841400144
vn -0.81166332960128784 0.2326984405517578 0.535774290561676
vn -0.88846766948699952 0.2326984405517578 0.39557129144668576
vn -0.941266655921936 0.2326984405517578 0.24468043446540832
vn -0.968633770942688 0.2326984405517578 0.08717861771583557
vn 0.99292469024658208 0.07819528877735138 0.08936484158039093
vn 0.96374064683914192 0.09188304096460342 0.25052249431610108
vn 0.94626510143280032 0.07844854146242142 0.31373268365859984
vn 0.91074824333190912 0.07819528877735138 0.40549123287200928
vn 0.82286167144775392 0.07829022407531738 0.5628226399421692
vn 0.83104282617568976 0.09188304096460342 0.5485665798187256
vn 0.72947168350219728 0.09871161729097366 0.6768508553504944
vn 0.69644248485565184 0.07841686904430389 0.71331524848937992
vn 0.60985124111175536 0.07819528877735138 0.78864884376525872
vn 0.47241771221160888 0.07819528877735138 0.87789922952651984
vn 0.29099714756011964 0.07836408913135529 0.95350915193557744
vn 0.32163113355636596 0.09871161729097366 0.94170558452606208
vn 0.1631249338388443 0.09188304096460342 0.98231756687164304
vn 0.09827163070440292 0.07844854146242142 0.99206274747848512
vn 0 0.07819528877735138 0.99693804979324336
vn -0.1794760674238205 0.07829022407531738 0.98064213991165168
vn -0.1631249338388443 0.09188304096460342 0.98231756687164304
vn -0.32163113355636596 0.09871161729097366 0.94170558452606208
vn -0.3683772087097168 0.07841686904430389 0.92636334896087648
vn -0.47241771221160888 0.07819528877735138 0.87789922952651984
vn -0.60985124111175536 0.07819528877735138 0.78864884376525872
vn -0.75271475315094 0.07836408913135529 0.6536662578582764
vn -0.72947168350219728 0.09871161729097366 0.6768508553504944
vn -0.83104282617568976 0.09188304096460342 0.5485665798187256
vn -0.86632376909255984 0.07844854146242142 0.49328386783599856
vn -0.91074824333190912 0.07819528877735138 0.40549123287200928
vn -0.9688606262207032 0.07829022407531738 0.2349035292863846
vn -0.96374064683914192 0.09188304096460342 0.25052249431610108
vn -0.99292469024658208 0.07819528877735138 0.08936484158039093
vn 0.99691039323806768 0.07845854759216309 0.00372845353558659
vn 0.97357249259948736 0.22834928333759308 0.00364116951823234
vn 0.9663724899291992 0.23219744861125948 0.11049214750528336
vn 0.92387402057647712 0.38268116116523744 0.00345529685728251
vn 0.77252906560897824 0.47532305121421816 0.42103064060211184
vn 0.8763019442558288 0.48175111413002016 0.00327737699262797
vn 0.76716202497482304 0.64144694805145264 0.00286919274367392
vn 0.73384636640548704 0.62839502096176144 0.25804895162582396
vn 0.6494461297988892 0.76040369272232048 0.00242893421091139
vn 0.42977216839790344 0.70814275741577152 0.56020510196685792
vn 0.56640493869781496 0.82412433624267584 0.0021183593198657
vn 0.39714750647544864 0.9177535772323608 0.00148533505853265
vn 0.29757556319236756 0.72951185703277584 0.61584192514419552
vn 0.23344527184963228 0.9723695516586304 0.00087308738147839
vn 0.13571551442146302 0.9907476902008056 0.00050757720600813
vn 0.01930765062570572 0.3348558247089386 0.94207155704498288
vn -0.01930765062570572 0.3348558247089386 0.94207155704498288
vn -0.13571551442146302 0.9907476902008056 0.00050757720600813
vn -0.23344527184963228 0.9723695516586304 0.00087308732327073
vn -0.29757556319236756 0.72951185703277584 0.61584192514419552
vn -0.39714750647544864 0.9177535772323608 0.00148533505853265
vn -0.32391723990440368 0.94608461856842048 0.00121145322918891
vn -0.4999991059303284 0.86602389812469488 0.00187000096775591
vn -0.42977216839790344 0.70814275741577152 0.56020510196685792
vn -0.6494461297988892 0.76040369272232048 0.00242893421091139
vn -0.73384636640548704 0.62839502096176144 0.25804895162582396
vn -0.71447014808654784 0.69966077804565432 0.00267212465405464
vn -0.83580327033996576 0.54902017116546632 0.00312591157853603
vn -0.77252906560897824 0.47532305121421816 0.42103064060211184
vn -0.92387402057647712 0.38268116116523744 0.00345529685728251
vn -0.9663724899291992 0.23219744861125948 0.11049214750528336
vn -0.95265543460845952 0.30403107404708864 0.00356293958611786
vn -0.99691092967987056 0.07845156639814377 0.00372845563106238
vn -0.99691092967987056 0.0784585028886795 0.00358148710802197
vn -0.97357249259948736 0.22834928333759308 0.00364116951823234
vn -0.8763019442558288 0.48175111413002016 0.00327737699262797
vn -0.76716202497482304 0.64144694805145264 0.00286919274367392
vn -0.56640493869781496 0.82412433624267584 0.0021183593198657
vn -0.23344527184963228 0.9723695516586304 0.00087308738147839
vn 0.32391723990440368 0.94608461856842048 0.00121145322918891
vn 0.4999991059303284 0.86602389812469488 0.00187000096775591
vn 0.71447014808654784 0.69966077804565432 0.00267212465405464
vn 0.83580327033996576 0.54902017116546632 0.00312591157853603
vn 0.95265543460845952 0.30403107404708864 0.00356293958611786
vn 0.9969114661216736 0.07845161110162735 0.00358148920349776
vn -0.94626510143280032 0.07844854146242142 0.31373268365859984
vn -0.82286167144775392 0.07829022407531738 0.5628226399421692
vn -0.69644248485565184 0.07841686904430389 0.71331524848937992
vn -0.29099714756011964 0.07836408913135529 0.95350915193557744
vn -0.09827163070440292 0.07844854146242142 0.99206274747848512
vn 0.1794760674238205 0.07829022407531738 0.98064213991165168
vn 0.3683772087097168 0.07841686904430389 0.92636334896087648
vn 0.75271475315094 0.07836408913135529 0.6536662578582764
vn 0.86632376909255984 0.07844854146242142 0.49328386783599856
vn 0.9688606262207032 0.07829022407531738 0.2349035292863846
vn -0.07840686291456223 0.99689644575119024 0.00705674523487687
vn -0.07619161158800125 0.99689644575119024 0.01980586163699627
vn -0.07191774994134903 0.99689644575119024 0.03201984614133835
vn -0.06570076197385788 0.99689644575119024 0.04336869344115257
vn -0.05770861729979515 0.99689644575119024 0.05354576930403709
vn -0.04815724864602089 0.99689644575119024 0.06227610260248184
vn -0.03730473294854164 0.99689644575119024 0.06932380795478821
vn -0.02544428594410419 0.99689644575119024 0.07449846714735031
vn -0.01289636548608541 0.99689644575119024 0.07766027003526688
vn 0 0.99689644575119024 0.07872378081083298
vn 0.01289636548608541 0.99689644575119024 0.07766027003526688
vn 0.02544428594410419 0.99689644575119024 0.07449846714735031
vn 0.03730473294854164 0.99689644575119024 0.06932380795478821
vn 0.04815724864602089 0.99689644575119024 0.06227610260248184
vn 0.05770861729979515 0.99689644575119024 0.05354576930403709
vn 0.06570076197385788 0.99689644575119024 0.04336869344115257
vn 0.07191774994134903 0.99689644575119024 0.03201984614133835
vn 0.07619161158800125 0.99689644575119024 0.01980586163699627
vn 0.07840686291456223 0.99689644575119024 0.00705674523487687
vn -0.97184360027313232 0 0.23562677204608916
vn -0.91354066133499152 -0.00324415042996406 0.4067344963550568
vn -0.86900186538696288 0 0.49480879306793216
vn -0.79651314020156864 -0.00649171555414795 0.60458636283874512
vn -0.75503665208816528 0 0.65568262338638304
vn -0.611724317073822 0 0.79107105731964112
vn -0.63741469383239744 -0.00540882069617509 0.770501971244812
vn -0.44462868571281432 -0.00540882069617509 0.89569866657257088
vn -0.36951509118080136 0 0.92922472953796384
vn -0.18002864718437194 0 0.98366135358810432
vn -0.2283460646867752 -0.00649171555414795 0.97355836629867552
vn 0 -0.00324415042996406 0.99999475479125984
vn 0.0985754206776619 0 0.99512958526611328
vn 0.2283460646867752 -0.00649171555414795 0.97355836629867552
vn 0.291894793510437 0 0.95645046234130864
vn 0.47386866807937624 0 0.88059550523757936
vn 0.44462868571281432 -0.00540882069617509 0.89569866657257088
vn 0.63741469383239744 -0.00540882069617509 0.770501971244812
vn 0.69859373569488528 0 0.71551859378814696
vn 0.82539510726928704 0 0.56455546617507936
vn 0.79651314020156864 -0.00649171555414795 0.60458636283874512
vn 0.91354066133499152 -0.00324415042996406 0.4067344963550568
vn 0.94919031858444208 0 0.31470254063606264
vn 0.98226654529571536 -0.00649171555414795 0.18737736344337464
vn 0.99596905708312992 0.00324766780249774 0.0896388366818428
vn 0.99999356269836432 0 0.00359256169758737
vn -0.99932891130447392 -0.00024712568847462535 0.03662868216633796
vn -0.99596905708312992 0.00324766780249774 0.0896388366818428
vn -0.99999356269836432 0 0.00359256169758737
vn 0.99932891130447392 -0.00024712568847462535 0.03662868216633796
vn 0.97184360027313232 0 0.23562677204608916
vn 0.86900186538696288 0 0.49480879306793216
vn 0.75503665208816528 0 0.65568262338638304
vn 0.611724317073822 0 0.79107105731964112
vn 0.36951509118080136 0 0.92922472953796384
vn 0.18002864718437194 0 0.98366135358810432
vn -0.0985754206776619 0 0.99512958526611328
vn -0.291894793510437 0 0.95645046234130864
vn -0.47386866807937624 0 0.88059550523757936
vn -0.69859373569488528 0 0.71551859378814696
vn -0.82539510726928704 0 0.56455546617507936
vn -0.94919031858444208 0 0.31470254063606264
vn -0.98226654529571536 -0.00649171555414795 0.18737736344337464
vn 0.97357892990112304 0.22835080325603484 -1.3442042927636066E-06
vn 0.91354078054428096 0.40673455595970152 -0.00319792190566659
vn 0.92387938499450688 0.38268336653709408 -0.00053418858442455
vn 0.87630665302276608 0.48175367712974552 -1.339786308562907E-06
vn 0.76716518402099616 0.64144957065582272 -1.343263647868298E-06
vn 0.79652386903762816 0.60459452867507936 -0.00389791443012654
vn 0.63742142915725712 0.77051013708114624 -0.00283136428333818
vn 0.64944761991500856 0.76040548086166384 -0.00113345973659306
vn 0.5664061903953552 0.82412618398666384 -1.3397310567597742E-06
vn 0.397147923707962 0.91775459051132208 -1.342434643447632E-06
vn 0.44463163614273072 0.89570462703704832 -0.00399793498218059
vn -0.44463163614273072 0.89570462703704832 -0.00399793498218059
vn -0.4999999701976776 0.86602544784545904 -1.341109850727662E-06
vn -0.64944761991500856 0.76040548086166384 -0.00113345973659306
vn -0.7144727110862732 0.69966328144073488 -1.3402266176854027E-06
vn -0.63742142915725712 0.77051013708114624 -0.00283136428333818
vn -0.79652386903762816 0.60459452867507936 -0.00389791443012654
vn -0.83580732345581056 0.5490228533744812 -1.3406134939941694E-06
vn -0.92387938499450688 0.38268336653709408 -0.00053418858442455
vn -0.91354078054428096 0.40673455595970152 -0.00319792190566659
vn -0.95266151428222656 0.30403298139572144 -1.340612811873143E-06
vn -0.982280433177948 0.18738001585006712 -0.00373122561722993
vn -0.99691617488861088 0.0784519761800766 0.0018652252620086
vn 0.99932837486267088 0.03664370998740196 -6.701045549561968E-07
vn 0.23344534635543824 0.97236984968185424 0.00038445863174274564
vn 0.1357155293226242 0.99074786901474 -2.716203880481771E-06
vn 0.13775132596492768 0.990466833114624 -0.0001088332719518803
vn 0.25067985057830812 0.9680700302124024 0
vn 0.25067403912544252 0.96807157993316656 -1.3295908729560324E-06
vn 0 0.99996662139892576 -0.00817256793379783
vn -0.05756398662924767 0.99834179878234864 -2.7201188004255528E-06
vn -0.25067403912544252 0.96807157993316656 -1.3295908729560324E-06
vn -0.13775132596492768 0.990466833114624 -0.0001088332719518803
vn -0.32386875152587892 0.94594299793243408 -0.0173445027321577
vn -0.23344534635543824 0.97236984968185424 0.00038445863174274564
vn -0.1357155293226242 0.99074786901474 -2.716203880481771E-06
vn -0.25067985057830812 0.9680700302124024 0
vn 0.05756398662924767 0.99834179878234864 -2.7201188004255528E-06
vn 0.32386875152587892 0.94594299793243408 -0.0173445027321577
vn 0.99691617488861088 0.0784519761800766 0.0018652252620086
vn -0.99932837486267088 0.03664370998740196 -6.701045549561968E-07
vn -0.97357892990112304 0.22835080325603484 -1.3442042927636066E-06
vn -0.87630665302276608 0.48175367712974552 -1.339786308562907E-06
vn -0.76716518402099616 0.64144957065582272 -1.343263647868298E-06
vn -0.5664061903953552 0.82412618398666384 -1.3397310567597742E-06
vn -0.397147923707962 0.91775459051132208 -1.342434643447632E-06
vn 0.4999999701976776 0.86602544784545904 -1.341109850727662E-06
vn 0.7144727110862732 0.69966328144073488 -1.3402266176854027E-06
vn 0.83580732345581056 0.5490228533744812 -1.3406134939941694E-06
vn 0.95266151428222656 0.30403298139572144 -1.340612811873143E-06
vn 0.982280433177948 0.18738001585006712 -0.00373122561722993
vn -0.62294495105743408 0.78226566314697264 0
vn -0.39264062047004696 0.91969197988510128 0
vn -0.1340951919555664 0.99096846580505376 0
vn 0.1340951919555664 0.99096846580505376 0
vn 0.39264062047004696 0.91969197988510128 0
vn 0.62294495105743408 0.78226566314697264 0
vn 0 0 1
vn 1 0 -6.70554925363831E-07
vn 1 0 0
vn 1 2.2026779333828017E-07 -6.014834639245237E-07
vn 0.93596130609512336 -0.35210290551185608 0
vn 0.98430633544921872 -0.17646820843219758 0
vn 0.99998736381530768 0.00502254394814372 0
vn 0.9824840426445008 0.1863466203212738 0
vn 0.93237721920013424 0.36148682236671448 0
vn 0.7071067690849304 -0.7071067690849304 -4.253130327924737E-07
vn 0.69376939535140992 -0.70542269945144656 0.14513041079044342
vn 0.70001882314682008 -0.70152819156646728 0.13353574275970458
vn 0.63638728857040408 -0.70598042011260984 0.31080996990203856
vn 0.65289223194122312 -0.69945204257965088 0.29068636894226076
vn 0.5402367115020752 -0.70642590522766112 0.45728188753128048
vn 0.56996101140975952 -0.69855630397796632 0.432623952627182
vn 0.455925852060318 -0.69885528087615968 0.55111968517303464
vn 0.41120705008506776 -0.70675957202911376 0.57567322254180912
vn 0.31738296151161192 -0.70034420490264896 0.63936382532119752
vn 0.25716814398765564 -0.7069818377494812 0.65881806612014768
vn 0.16240094602108002 -0.70299941301345824 0.69239997863769528
vn 0.08749536424875259 -0.70709288120269776 0.70168668031692504
vn 0 -0.70475202798843384 0.70945370197296144
vn -0.16803593933582306 -0.70510149002075192 0.68890911340713504
vn -0.16240094602108002 -0.70299941301345824 0.69239997863769528
vn -0.33177819848060608 -0.7057156562805176 0.62601011991500856
vn -0.31738296151161192 -0.70034420490264896 0.63936382532119752
vn -0.47501140832901 -0.70621716976165768 0.52499663829803464
vn -0.455925852060318 -0.69885528087615968 0.55111968517303464
vn -0.56996101140975952 -0.69855630397796632 0.432623952627182
vn -0.5890648365020752 -0.70660668611526488 0.39205810427665712
vn -0.65289223194122312 -0.69945204257965088 0.29068636894226076
vn -0.66704237461090088 -0.70688462257385256 0.23530541360378264
vn -0.70001882314682008 -0.70152819156646728 0.13353574275970458
vn -0.70423465967178344 -0.70705127716064456 0.06428103893995285
vn 0.70686978101730344 -0.70686900615692136 0.02590909600257873
vn -0.7068694829940796 -0.7068694829940796 0.02590499073266983
vn -0.70686978101730344 -0.70686900615692136 0.02590909600257873
vn 0.7068694829940796 -0.7068694829940796 0.02590499073266983
vn -0.69376939535140992 -0.70542269945144656 0.14513041079044342
vn -0.63638728857040408 -0.70598042011260984 0.31080996990203856
vn -0.5402367115020752 -0.70642590522766112 0.45728188753128048
vn -0.41120705008506776 -0.70675957202911376 0.57567322254180912
vn -0.25716814398765564 -0.7069818377494812 0.65881806612014768
vn -0.08749536424875259 -0.70709288120269776 0.70168668031692504
vn 0.16803593933582306 -0.70510149002075192 0.68890911340713504
vn 0.33177819848060608 -0.7057156562805176 0.62601011991500856
vn 0.47501140832901 -0.70621716976165768 0.52499663829803464
vn 0.5890648365020752 -0.70660668611526488 0.39205810427665712
vn 0.66704237461090088 -0.70688462257385256 0.23530541360378264
vn 0.70423465967178344 -0.70705127716064456 0.06428103893995285
vn 1 0 -6.014834639245237E-07
vn -0.97078573703765872 -0.01792935281991958 0.2392771989107132
vn -0.94304412603378288 0 0.33266761898994444
vn -0.87375634908676144 -0.02200817689299583 0.48586571216583248
vn -0.83247518539428704 0 0.55406230688095096
vn -0.6709245443344116 0 0.74152565002441408
vn -0.71541255712509152 -0.02282407321035862 0.6983293890953064
vn -0.46828573942184448 0 0.88357710838317872
vn -0.50685459375381472 -0.02037651278078556 0.86179071664810176
vn -0.23696857690811156 0 0.97151732444763184
vn -0.26267912983894348 -0.01466717664152383 0.96477174758911136
vn 0 -0.00570113584399223 0.99998372793197632
vn 0.12373470515012742 0 0.9923153519630432
vn 0.26267912983894348 -0.01466717664152383 0.96477174758911136
vn 0.36362645030021664 0 0.93154484033584592
vn 0.50685459375381472 -0.02037651278078556 0.86179071664810176
vn 0.58124929666519168 0 0.81372553110122688
vn 0.71541255712509152 -0.02282407321035862 0.6983293890953064
vn 0.76327586174011232 0 0.64607274532318112
vn 0.89855849742889408 0 0.43885377049446104
vn 0.87375634908676144 -0.02200817689299583 0.48586571216583248
vn 0.97881245613098144 0 0.204758882522583
vn 0.97078573703765872 -0.01792935281991958 0.2392771989107132
vn 0.99932914972305296 0 0.03662290424108505
vn 0.99851715564727776 -0.00337794772349298 0.05433261394500732
vn -0.99851715564727776 -0.00337794772349298 0.05433261394500732
vn -0.99586004018783568 0 0.0908999815583229
vn -0.99932914972305296 0 0.03662290424108505
vn 0.99586004018783568 0 0.0908999815583229
vn 0.94304412603378288 0 0.33266761898994444
vn 0.83247518539428704 0 0.55406230688095096
vn 0.6709245443344116 0 0.74152565002441408
vn 0.46828573942184448 0 0.88357710838317872
vn 0.23696857690811156 0 0.97151732444763184
vn -0.12373470515012742 0 0.9923153519630432
vn -0.36362645030021664 0 0.93154484033584592
vn -0.58124929666519168 0 0.81372553110122688
vn -0.76327586174011232 0 0.64607274532318112
vn -0.89855849742889408 0 0.43885377049446104
vn -0.97881245613098144 0 0.204758882522583
vn -1 0 -6.014834639245237E-07
vn -0.7071067690849304 -0.7071067690849304 -4.253130327924737E-07
vn -1 2.2026779333828017E-07 -6.014834639245237E-07
vn -1 0 -6.70554925363831E-07
vn -1 0 0
vn -0.93237721920013424 0.36148682236671448 0
vn -0.9824840426445008 0.1863466203212738 0
vn -0.99998736381530768 0.00502254394814372 0
vn -0.98430633544921872 -0.17646820843219758 0
vn -0.93596130609512336 -0.35210290551185608 0
vn 1 1.133222440330428E-06 0
vn 0.94080322980880736 -0.33895313739776612 0
vn 0.99336403608322144 -0.11501282453536988 0
vn 0.89557611942291264 -0.44490838050842288 0
vn -0.11129888892173768 0.70271348953247072 0.70271348953247072
vn -0.3230019509792328 0.63392698764801024 0.70271348953247072
vn -0.50308734178543088 0.50308734178543088 0.70271348953247072
vn -0.63392698764801024 0.3230019509792328 0.70271348953247072
vn -0.70271348953247072 0.11129888892173768 0.70271348953247072
vn -0.70271348953247072 -0.11129888892173768 0.70271348953247072
vn -0.63392698764801024 -0.3230019509792328 0.70271348953247072
vn -0.50308734178543088 -0.50308734178543088 0.70271348953247072
vn -0.3230019509792328 -0.63392698764801024 0.70271348953247072
vn -0.11129888892173768 -0.70271348953247072 0.70271348953247072
vn 0.11129888892173768 -0.70271348953247072 0.70271348953247072
vn 0.3230019509792328 -0.63392698764801024 0.70271348953247072
vn 0.50308734178543088 -0.50308734178543088 0.70271348953247072
vn 0.63392698764801024 -0.3230019509792328 0.70271348953247072
vn 0.70271348953247072 -0.11129888892173768 0.70271348953247072
vn 0.70271348953247072 0.11129888892173768 0.70271348953247072
vn 0.63392698764801024 0.3230019509792328 0.70271348953247072
vn 0.50308734178543088 0.50308734178543088 0.70271348953247072
vn 0.3230019509792328 0.63392698764801024 0.70271348953247072
vn 0.11129888892173768 0.70271348953247072 0.70271348953247072
vn -0.11129888892173768 -0.70271348953247072 -0.70271348953247072
vn -0.3230019509792328 -0.63392698764801024 -0.70271348953247072
vn -0.50308734178543088 -0.50308734178543088 -0.70271348953247072
vn -0.63392698764801024 -0.3230019509792328 -0.70271348953247072
vn -0.70271348953247072 -0.11129888892173768 -0.70271348953247072
vn -0.70271348953247072 0.11129888892173768 -0.70271348953247072
vn -0.63392698764801024 0.3230019509792328 -0.70271348953247072
vn -0.50308734178543088 0.50308734178543088 -0.70271348953247072
vn -0.3230019509792328 0.63392698764801024 -0.70271348953247072
vn -0.11129888892173768 0.70271348953247072 -0.70271348953247072
vn 0.11129888892173768 0.70271348953247072 -0.70271348953247072
vn 0.3230019509792328 0.63392698764801024 -0.70271348953247072
vn 0.50308734178543088 0.50308734178543088 -0.70271348953247072
vn 0.63392698764801024 0.3230019509792328 -0.70271348953247072
vn 0.70271348953247072 0.11129888892173768 -0.70271348953247072
vn 0.70271348953247072 -0.11129888892173768 -0.70271348953247072
vn 0.63392698764801024 -0.3230019509792328 -0.70271348953247072
vn 0.50308734178543088 -0.50308734178543088 -0.70271348953247072
vn 0.3230019509792328 -0.63392698764801024 -0.70271348953247072
vn 0.11129888892173768 -0.70271348953247072 -0.70271348953247072
vn -0.89557611942291264 -0.44490838050842288 0
vn -0.99336397647857664 -0.11501289904117584 0
vn -0.94080322980880736 -0.33895313739776612 0
vn 0 1 0
vn -0.97706532478332512 0.02468515001237392 -0.21150402724742888
vn -0.95362317562103264 0 -0.30100303888320924
vn -0.89561736583709712 0.03085849434137344 -0.4437536299228668
vn -0.85916727781295776 0 -0.51169478893280032
vn -0.71890664100646976 0 -0.69510662555694584
vn -0.75999391078948976 0.03291617706418037 -0.64909613132476808
vn -0.54031902551651 0 -0.84146028757095344
vn -0.57839572429656984 0.03085849434137344 -0.81517249345779424
vn -0.33292534947395324 0 -0.94295316934585568
vn -0.36174675822257992 0.02468515001237392 -0.93194955587387088
vn -0.10778246074914932 0 -0.99417448043823248
vn -0.1230938583612442 0.01439685095101595 -0.99229061603546144
vn 0.1230938583612442 0.01439685095101595 -0.99229061603546144
vn 0.22935207188129424 0 -0.97334355115890496
vn 0.36174675822257992 0.02468515001237392 -0.93194955587387088
vn 0.44647669792175296 0 -0.89479523897171024
vn 0.57839572429656984 0.03085849434137344 -0.81517249345779424
vn 0.63979834318161008 0 -0.76854282617568976
vn 0.79901045560836784 0 -0.60131710767745968
vn 0.75999391078948976 0.03291617706418037 -0.64909613132476808
vn 0.91562503576278688 0 -0.40203338861465456
vn 0.89561736583709712 0.03085849434137344 -0.4437536299228668
vn 0.98342484235763552 0 -0.1813161075115204
vn 0.97706532478332512 0.02468515001237392 -0.21150402724742888
vn -0.998986542224884 0.00393755547702312 -0.0448368676006794
vn -0.99723863601684576 0 -0.07426389306783676
vn 0.99956756830215456 0 -0.02940605394542217
vn 0.998986542224884 0.00393755547702312 -0.0448368676006794
vn 0.99723863601684576 0 -0.07426389306783676
vn -0.99956756830215456 0 -0.02940605394542217
vn 0.95362317562103264 0 -0.30100303888320924
vn 0.85916727781295776 0 -0.51169478893280032
vn 0.71890664100646976 0 -0.69510662555694584
vn 0.54031902551651 0 -0.84146028757095344
vn 0.33292534947395324 0 -0.94295316934585568
vn 0.10778246074914932 0 -0.99417448043823248
vn -0.22935207188129424 0 -0.97334355115890496
vn -0.44647669792175296 0 -0.89479523897171024
vn -0.63979834318161008 0 -0.76854282617568976
vn -0.79901045560836784 0 -0.60131710767745968
vn -0.91562503576278688 0 -0.40203338861465456
vn -0.98342484235763552 0 -0.1813161075115204
vn -1 0 1.3300725640874589E-06
vn -0.7071067690849304 0.7071067690849304 9.405032983522688E-07
vn -0.70340955257415768 0.70367079973220824 -0.10031131654977798
vn -0.6852958798408508 0.70699411630630496 -0.17472521960735322
vn -0.70519614219665528 0.70706468820571896 -0.05251562595367432
vn -0.66601610183715824 0.70204800367355344 -0.2520935833454132
vn -0.6305561065673828 0.70702850818634032 -0.32017123699188232
vn -0.67447394132614136 0.70693844556808472 -0.21289193630218504
vn -0.545379102230072 0.70705670118331912 -0.45014712214469912
vn -0.60784840583801272 0.70672786235809328 -0.36201664805412296
vn -0.59560304880142208 0.70116162300109864 -0.39195591211318968
vn -0.43387803435325624 0.7070786356925964 -0.55838131904602048
vn -0.508827805519104 0.70643281936645504 -0.49198260903358456
vn -0.49570935964584352 0.70102012157440184 -0.51268213987350464
vn -0.301435649394989 0.7070942521095276 -0.63965165615081784
vn -0.38263168931007384 0.70605307817459104 -0.59588754177093504
vn -0.3714522421360016 0.70162457227706912 -0.60806763172149656
vn -0.15444481372833252 0.70710366964340208 -0.69003713130950928
vn -0.23591822385787964 0.70558834075927736 -0.6681973338127136
vn -0.22924409806728364 0.70296847820281984 -0.67326253652572632
vn -0.07643602788448334 0.70503813028335568 -0.70503813028335568
vn 0.07643602788448334 0.70503813028335568 -0.70503813028335568
vn 0.22924409806728364 0.70296847820281984 -0.67326253652572632
vn 0.16215543448925018 0.70719820261001584 -0.68816882371902464
vn 0.15444481372833252 0.70710366964340208 -0.69003713130950928
vn 0.3714522421360016 0.70162457227706912 -0.60806763172149656
vn 0.31554344296455384 0.70747226476669312 -0.63238859176635744
vn 0.301435649394989 0.7070942521095276 -0.63965165615081784
vn 0.49570935964584352 0.70102012157440184 -0.51268213987350464
vn 0.45187959074974064 0.70792824029922488 -0.542809784412384
vn 0.43387803435325624 0.7070786356925964 -0.55838131904602048
vn 0.59560304880142208 0.70116162300109864 -0.39195591211318968
vn 0.56381827592849728 0.7085648775100708 -0.42431679368019104
vn 0.545379102230072 0.70705670118331912 -0.45014712214469912
vn 0.64535599946975712 0.709380567073822 -0.2833634614944458
vn 0.66601610183715824 0.70204800367355344 -0.2520935833454132
vn 0.6305561065673828 0.70702850818634032 -0.32017123699188232
vn 0.69215923547744752 0.71037316322326664 -0.12761485576629638
vn 0.70340955257415768 0.70367079973220824 -0.10031131654977798
vn 0.6852958798408508 0.70699411630630496 -0.17472521960735322
vn -0.7069538235664368 0.7069538235664368 -0.02079771645367145
vn 0.7069547176361084 0.70695292949676512 -0.02079774253070354
vn 0.7069537043571472 0.7069537043571472 -0.02080516703426838
vn -0.70695436000823976 0.70695304870605472 -0.02080518752336502
vn 0.70519614219665528 0.70706468820571896 -0.05251562595367432
vn 0.67447394132614136 0.70693844556808472 -0.21289193630218504
vn 0.60784840583801272 0.70672786235809328 -0.36201664805412296
vn 0.508827805519104 0.70643281936645504 -0.49198260903358456
vn 0.38263168931007384 0.70605307817459104 -0.59588754177093504
vn 0.23591822385787964 0.70558834075927736 -0.6681973338127136
vn -0.16215543448925018 0.70719820261001584 -0.68816882371902464
vn -0.31554344296455384 0.70747226476669312 -0.63238859176635744
vn -0.45187959074974064 0.70792824029922488 -0.542809784412384
vn -0.56381827592849728 0.7085648775100708 -0.42431679368019104
vn -0.64535599946975712 0.709380567073822 -0.2833634614944458
vn -0.69215923547744752 0.71037316322326664 -0.12761485576629638
vn 1 0 1.3300725640874589E-06
vn 0.7071067690849304 0.7071067690849304 9.405032983522688E-07
vn -0.92811501026153568 0 -0.37229365110397336
vn -0.96900033950805664 0 -0.24705941975116728
vn -0.96396237611770624 -0.00101475929841399 -0.266036719083786
vn -0.83534091711044304 0.00315480353310704 -0.54972320795059208
vn -0.79562455415725712 0 -0.60579001903533936
vn -0.8916423320770264 0.0002255322615383193 -0.4527404010295868
vn -0.89604407548904416 0 -0.44396507740020752
vn -0.66634654998779296 0 -0.7456421852111816
vn -0.69509953260421752 0.0045072422362864 -0.71889936923980712
vn -0.77122795581817632 0 -0.63655906915664672
vn -0.52130115032196048 0.0020271788816899 -0.8533703684806824
vn -0.44396507740020752 0 -0.89604407548904416
vn -0.61357176303863528 0 -0.78963899612426752
vn -0.60579001903533936 -0.00025372239178977907 -0.79562449455261232
vn -0.32231998443603516 0.00540795037522912 -0.94661533832550048
vn -0.26603683829307556 0 -0.96396285295486448
vn -0.42628681659698488 0 -0.90458804368972784
vn -0.07845909893512726 0 -0.9969173073768616
vn -0.10778125375509262 0.00473074847832322 -0.99416339397430416
vn -0.21841697394847868 0 -0.97585552930831904
vn 0.10778125375509262 0.00473074847832322 -0.99416339397430416
vn 0.18958508968353272 -0.00025369576178491116 -0.98186427354812624
vn 0.07845909893512726 0 -0.9969173073768616
vn 0.37229347229003904 -0.00101433345116674 -0.92811453342437744
vn 0.32231998443603516 0.00540795037522912 -0.94661533832550048
vn 0.26603683829307556 0 -0.96396285295486448
vn 0.60579001903533936 -0.00025372239178977907 -0.79562449455261232
vn 0.5224977135658264 0.00177379103843122 -0.85263884067535408
vn 0.52130115032196048 0.0020271788816899 -0.8533703684806824
vn 0.44396507740020752 0 -0.89604407548904416
vn 0.69509953260421752 0.0045072422362864 -0.71889936923980712
vn 0.74564146995544432 -0.00135283090639859 -0.6663459539413452
vn 0.66634654998779296 0 -0.7456421852111816
vn 0.89604407548904416 0 -0.44396507740020752
vn 0.85263937711715696 -0.00138032576069235 -0.52249807119369504
vn 0.83534091711044304 0.00315480353310704 -0.54972320795059208
vn 0.79562455415725712 0 -0.60579001903533936
vn 0.96396237611770624 -0.00101475929841399 -0.266036719083786
vn 0.93524217605590816 0.00270426017232239 -0.35399827361106872
vn 0.92811501026153568 0 -0.37229365110397336
vn -0.9899784326553344 0.0033810930326581 -0.14117811620235444
vn -0.99956631660461424 0 -0.02944817394018173
vn -0.98186427354812624 0 -0.18958508968353272
vn 0.99691295623779296 -0.00295859132893383 -0.0784587487578392
vn 0.9899784326553344 0.0033810930326581 -0.14117811620235444
vn 0.99956631660461424 0 -0.02944817394018173
vn 0.98186427354812624 0 -0.18958508968353272
vn -0.99691295623779296 -0.00295859132893383 -0.0784587487578392
vn 0.96900033950805664 0 -0.24705941975116728
vn 0.8916423320770264 0.0002255322615383193 -0.4527404010295868
vn 0.77122795581817632 0 -0.63655906915664672
vn 0.61357176303863528 0 -0.78963899612426752
vn 0.42628681659698488 0 -0.90458804368972784
vn 0.21841697394847868 0 -0.97585552930831904
vn -0.18958508968353272 -0.00025369576178491116 -0.98186427354812624
vn -0.37229347229003904 -0.00101433345116674 -0.92811453342437744
vn -0.5224977135658264 0.00177379103843122 -0.85263884067535408
vn -0.74564146995544432 -0.00135283090639859 -0.6663459539413452
vn -0.85263937711715696 -0.00138032576069235 -0.52249807119369504
vn -0.93524217605590816 0.00270426017232239 -0.35399827361106872
vn -0.99386298656463616 -0.07821871340274811 -0.07821871340274811
vn -0.96775627136230464 -0.09729867428541184 -0.23233771324157716
vn -0.97884094715118416 -0.0784149244427681 -0.18900132179260252
vn -0.92526680231094368 -0.07828246802091599 -0.37115117907524112
vn -0.92031419277191168 -0.08776836842298508 -0.38120663166046144
vn -0.850027859210968 -0.07821871340274811 -0.52089774608612064
vn -0.75703012943267824 -0.0941242128610611 -0.646564781665802
vn -0.79317313432693488 -0.07843946665525436 -0.6039235591888428
vn -0.6642988920211792 -0.07833642512559891 -0.74335080385208128
vn -0.646564781665802 -0.0941242128610611 -0.75703012943267824
vn -0.52089774608612064 -0.07821871340274811 -0.850027859210968
vn -0.38120663166046144 -0.08776836842298508 -0.92031419277191168
vn -0.44259664416313168 -0.07845418900251389 -0.89328223466873168
vn -0.26521837711334228 -0.07838057726621628 -0.96099722385406496
vn -0.23233771324157716 -0.09729867428541184 -0.96775627136230464
vn -0.07821871340274811 -0.07821871340274811 -0.99386298656463616
vn 0.07821871340274811 -0.07821871340274811 -0.99386298656463616
vn 0.23233771324157716 -0.09729867428541184 -0.96775627136230464
vn 0.18900132179260252 -0.0784149244427681 -0.97884094715118416
vn 0.37115117907524112 -0.07828246802091599 -0.92526680231094368
vn 0.38120663166046144 -0.08776836842298508 -0.92031419277191168
vn 0.52089774608612064 -0.07821871340274811 -0.850027859210968
vn 0.646564781665802 -0.0941242128610611 -0.75703012943267824
vn 0.6039235591888428 -0.07843946665525436 -0.79317313432693488
vn 0.74335080385208128 -0.07833642512559891 -0.6642988920211792
vn 0.75703012943267824 -0.0941242128610611 -0.646564781665802
vn 0.850027859210968 -0.07821871340274811 -0.52089774608612064
vn 0.92031419277191168 -0.08776836842298508 -0.38120663166046144
vn 0.89328223466873168 -0.07845418900251389 -0.44259664416313168
vn 0.96099722385406496 -0.07838057726621628 -0.26521837711334228
vn 0.96775627136230464 -0.09729867428541184 -0.23233771324157716
vn 0.99386298656463616 -0.07821871340274811 -0.07821871340274811
vn -0.96120071411132816 -0.26527452468872072 -0.07564813643693924
vn -0.96771675348281856 -0.23307065665721892 -0.09592904150485992
vn -0.94566190242767328 -0.23276478052139284 -0.227033331990242
vn -0.8985033631324768 -0.23276478052139284 -0.37217229604721072
vn -0.82922077178955072 -0.23276478052139284 -0.50814712047576904
vn -0.73951995372772224 -0.23276478052139284 -0.63160967826843264
vn -0.63160967826843264 -0.23276478052139284 -0.73951995372772224
vn -0.50814712047576904 -0.23276478052139284 -0.82922077178955072
vn -0.37217229604721072 -0.23276478052139284 -0.8985033631324768
vn -0.227033331990242 -0.23276478052139284 -0.94566190242767328
vn -0.07630406320095062 -0.23276478052139284 -0.96953505277633664
vn 0.07630406320095062 -0.23276478052139284 -0.96953505277633664
vn 0.227033331990242 -0.23276478052139284 -0.94566190242767328
vn 0.37217229604721072 -0.23276478052139284 -0.8985033631324768
vn 0.50814712047576904 -0.23276478052139284 -0.82922077178955072
vn 0.63160967826843264 -0.23276478052139284 -0.73951995372772224
vn 0.73951995372772224 -0.23276478052139284 -0.63160967826843264
vn 0.82922077178955072 -0.23276478052139284 -0.50814712047576904
vn 0.8985033631324768 -0.23276478052139284 -0.37217229604721072
vn 0.94566190242767328 -0.23276478052139284 -0.227033331990242
vn 0.96771675348281856 -0.23307065665721892 -0.09592904150485992
vn 0.9789458513259888 -0.18902157247066496 -0.07704471051692963
vn -0.92043668031692512 -0.38194999098777768 -0.08312931656837463
vn -0.89875787496566768 -0.38167583942413328 -0.21577267348766328
vn -0.85393840074539184 -0.38167583942413328 -0.35371285676956176
vn -0.78809213638305664 -0.38167583942413328 -0.48294347524642944
vn -0.70284038782119752 -0.38167583942413328 -0.60028237104415896
vn -0.60028237104415896 -0.38167583942413328 -0.70284038782119752
vn -0.48294347524642944 -0.38167583942413328 -0.78809213638305664
vn -0.35371285676956176 -0.38167583942413328 -0.85393840074539184
vn -0.21577267348766328 -0.38167583942413328 -0.89875787496566768
vn -0.072519451379776 -0.38167583942413328 -0.92144697904586784
vn 0.072519451379776 -0.38167583942413328 -0.92144697904586784
vn 0.21577267348766328 -0.38167583942413328 -0.89875787496566768
vn 0.35371285676956176 -0.38167583942413328 -0.85393840074539184
vn 0.48294347524642944 -0.38167583942413328 -0.78809213638305664
vn 0.60028237104415896 -0.38167583942413328 -0.70284038782119752
vn 0.70284038782119752 -0.38167583942413328 -0.60028237104415896
vn 0.78809213638305664 -0.38167583942413328 -0.48294347524642944
vn 0.85393840074539184 -0.38167583942413328 -0.35371285676956176
vn 0.89875787496566768 -0.38167583942413328 -0.21577267348766328
vn 0.92564886808395392 -0.37130442261695864 -0.07285014539957047
vn -0.85715663433074944 -0.51212722063064576 -0.05484755709767342
vn -0.82977920770645136 -0.52132612466812136 -0.19921235740184784
vn -0.78839957714080816 -0.52132612466812136 -0.32656580209732056
vn -0.7276068925857544 -0.52132612466812136 -0.44587808847427368
vn -0.64889818429946896 -0.52132612466812136 -0.55421137809753416
vn -0.55421137809753416 -0.52132612466812136 -0.64889818429946896
vn -0.44587808847427368 -0.52132612466812136 -0.7276068925857544
vn -0.32656580209732056 -0.52132612466812136 -0.78839957714080816
vn -0.19921235740184784 -0.52132612466812136 -0.82977920770645136
vn -0.06695365905761719 -0.52132612466812136 -0.85072690248489376
vn 0.06695365905761719 -0.52132612466812136 -0.85072690248489376
vn 0.19921235740184784 -0.52132612466812136 -0.82977920770645136
vn 0.32656580209732056 -0.52132612466812136 -0.78839957714080816
vn 0.44587808847427368 -0.52132612466812136 -0.7276068925857544
vn 0.55421137809753416 -0.52132612466812136 -0.64889818429946896
vn 0.64889818429946896 -0.52132612466812136 -0.55421137809753416
vn 0.7276068925857544 -0.52132612466812136 -0.44587808847427368
vn 0.78839957714080816 -0.52132612466812136 -0.32656580209732056
vn 0.82977920770645136 -0.52132612466812136 -0.19921235740184784
vn 0.85072690248489376 -0.52132612466812136 -0.06695365905761719
vn -0.7443615794181824 -0.66520220041275024 -0.05858252570033073
vn -0.75660437345504768 -0.64894783496856688 -0.08010350167751312
vn -0.74035763740539552 -0.64828819036483768 -0.17774415016174316
vn -0.70343732833862304 -0.64828819036483768 -0.29137328267097472
vn -0.6491960287094116 -0.64828819036483768 -0.39782783389091488
vn -0.57896935939788816 -0.64828819036483768 -0.494486540555954
vn -0.494486540555954 -0.64828819036483768 -0.57896935939788816
vn -0.39782783389091488 -0.64828819036483768 -0.6491960287094116
vn -0.29137328267097472 -0.64828819036483768 -0.70343732833862304
vn -0.17774415016174316 -0.64828819036483768 -0.74035763740539552
vn -0.05973836779594421 -0.64828819036483768 -0.75904792547225952
vn 0.05973836779594421 -0.64828819036483768 -0.75904792547225952
vn 0.17774415016174316 -0.64828819036483768 -0.74035763740539552
vn 0.29137328267097472 -0.64828819036483768 -0.70343732833862304
vn 0.39782783389091488 -0.64828819036483768 -0.6491960287094116
vn 0.494486540555954 -0.64828819036483768 -0.57896935939788816
vn 0.57896935939788816 -0.64828819036483768 -0.494486540555954
vn 0.6491960287094116 -0.64828819036483768 -0.39782783389091488
vn 0.70343732833862304 -0.64828819036483768 -0.29137328267097472
vn 0.74035763740539552 -0.64828819036483768 -0.17774415016174316
vn 0.75660437345504768 -0.64894783496856688 -0.08010350167751312
vn 0.7940693497657776 -0.60460591316223144 -0.06249461323022842
vn -0.6452056169509888 -0.76016241312026976 -0.07656861841678619
vn -0.63263064622879032 -0.75941461324691776 -0.15188117325305938
vn -0.60108244419097904 -0.75941461324691776 -0.24897651374340056
vn -0.55473363399505616 -0.75941461324691776 -0.33994120359420776
vn -0.49472540616989136 -0.75941461324691776 -0.42253541946411136
vn -0.42253541946411136 -0.75941461324691776 -0.49472540616989136
vn -0.33994120359420776 -0.75941461324691776 -0.55473363399505616
vn -0.24897651374340056 -0.75941461324691776 -0.60108244419097904
vn -0.15188117325305938 -0.75941461324691776 -0.63263064622879032
vn -0.05104603618383408 -0.75941461324691776 -0.64860135316848752
vn 0.05104603618383408 -0.75941461324691776 -0.64860135316848752
vn 0.15188117325305938 -0.75941461324691776 -0.63263064622879032
vn 0.24897651374340056 -0.75941461324691776 -0.60108244419097904
vn 0.33994120359420776 -0.75941461324691776 -0.55473363399505616
vn 0.42253541946411136 -0.75941461324691776 -0.49472540616989136
vn 0.49472540616989136 -0.75941461324691776 -0.42253541946411136
vn 0.55473363399505616 -0.75941461324691776 -0.33994120359420776
vn 0.60108244419097904 -0.75941461324691776 -0.24897651374340056
vn 0.63263064622879032 -0.75941461324691776 -0.15188117325305938
vn 0.66543215513229368 -0.74461895227432256 -0.05237064510583878
vn 0.6452056169509888 -0.76016241312026976 -0.07656861841678619
vn -0.54149353504180912 -0.84069377183914192 -0.00432486832141876
vn -0.50920259952545168 -0.85192018747329712 -0.12224872410297394
vn -0.48380953073501584 -0.85192018747329712 -0.20040047168731688
vn -0.44650349020957944 -0.85192018747329712 -0.273617684841156
vn -0.398203045129776 -0.85192018747329712 -0.3400975465774536
vn -0.3400975465774536 -0.85192018747329712 -0.398203045129776
vn -0.273617684841156 -0.85192018747329712 -0.44650349020957944
vn -0.20040047168731688 -0.85192018747329712 -0.48380953073501584
vn -0.12224872410297394 -0.85192018747329712 -0.50920259952545168
vn -0.04108680412173271 -0.85192018747329712 -0.52205735445022584
vn 0.04108680412173271 -0.85192018747329712 -0.52205735445022584
vn 0.12224872410297394 -0.85192018747329712 -0.50920259952545168
vn 0.20040047168731688 -0.85192018747329712 -0.48380953073501584
vn 0.273617684841156 -0.85192018747329712 -0.44650349020957944
vn 0.3400975465774536 -0.85192018747329712 -0.398203045129776
vn 0.398203045129776 -0.85192018747329712 -0.3400975465774536
vn 0.44650349020957944 -0.85192018747329712 -0.273617684841156
vn 0.48380953073501584 -0.85192018747329712 -0.20040047168731688
vn 0.50920259952545168 -0.85192018747329712 -0.12224872410297394
vn 0.51283705234527584 -0.85834467411041264 -0.01557414326816797
vn -0.37213394045829776 -0.927716851234436 -0.02928757667541504
vn -0.37919265031814576 -0.92385083436965936 -0.05208176001906395
vn -0.37309131026268008 -0.92346078157424928 -0.08957130461931229
vn -0.3544858992099762 -0.92346078157424928 -0.14683286845684052
vn -0.3271518647670746 -0.92346078157424928 -0.20047892630100252
vn -0.29176229238510132 -0.92346078157424928 -0.24918852746486664
vn -0.24918852746486664 -0.92346078157424928 -0.29176229238510132
vn -0.20047892630100252 -0.92346078157424928 -0.3271518647670746
vn -0.14683286845684052 -0.92346078157424928 -0.3544858992099762
vn -0.08957130461931229 -0.92346078157424928 -0.37309131026268008
vn -0.03010418824851513 -0.92346078157424928 -0.38250997662544248
vn 0.03010418824851513 -0.92346078157424928 -0.38250997662544248
vn 0.08957130461931229 -0.92346078157424928 -0.37309131026268008
vn 0.14683286845684052 -0.92346078157424928 -0.3544858992099762
vn 0.20047892630100252 -0.92346078157424928 -0.3271518647670746
vn 0.24918852746486664 -0.92346078157424928 -0.29176229238510132
vn 0.29176229238510132 -0.92346078157424928 -0.24918852746486664
vn 0.3271518647670746 -0.92346078157424928 -0.20047892630100252
vn 0.3544858992099762 -0.92346078157424928 -0.14683286845684052
vn 0.37309131026268008 -0.92346078157424928 -0.08957130461931229
vn 0.37919265031814576 -0.92385083436965936 -0.05208176001906395
vn -0.21936266124248504 -0.97010481357574464 -0.10381099581718444
vn -0.227658748626709 -0.97220587730407712 -0.05465602874755859
vn -0.21630580723285676 -0.97220587730407712 -0.08959679305553436
vn -0.19962668418884276 -0.97220587730407712 -0.1223313957452774
vn -0.17803211510181428 -0.97220587730407712 -0.15205378830432892
vn -0.15205378830432892 -0.97220587730407712 -0.17803211510181428
vn -0.1223313957452774 -0.97220587730407712 -0.19962668418884276
vn -0.08959679305553436 -0.97220587730407712 -0.21630580723285676
vn -0.05465602874755859 -0.97220587730407712 -0.227658748626709
vn -0.01836944930255413 -0.97220587730407712 -0.23340597748756408
vn 0.01836944930255413 -0.97220587730407712 -0.23340597748756408
vn 0.05465602874755859 -0.97220587730407712 -0.227658748626709
vn 0.08959679305553436 -0.97220587730407712 -0.21630580723285676
vn 0.1223313957452774 -0.97220587730407712 -0.19962668418884276
vn 0.15205378830432892 -0.97220587730407712 -0.17803211510181428
vn 0.17803211510181428 -0.97220587730407712 -0.15205378830432892
vn 0.19962668418884276 -0.97220587730407712 -0.1223313957452774
vn 0.21630580723285676 -0.97220587730407712 -0.08959679305553436
vn 0.227658748626709 -0.97220587730407712 -0.05465602874755859
vn 0.26597854495048524 -0.96375161409378048 -0.02093296684324741
vn 0.10964051634073258 -0.9730864763259888 0.2026861011981964
vn 0.07652571052312851 -0.99689835309982304 -0.01837219856679439
vn 0.07270950824022293 -0.99689835309982304 -0.03011726588010788
vn 0.06710295379161835 -0.99689835309982304 -0.041120745241642
vn 0.05984410643577576 -0.99689835309982304 -0.05111169442534447
vn 0.05111169442534447 -0.99689835309982304 -0.05984410643577576
vn 0.041120745241642 -0.99689835309982304 -0.06710295379161835
vn 0.03011726588010788 -0.99689835309982304 -0.07270950824022293
vn 0.01837219856679439 -0.99689835309982304 -0.07652571052312851
vn 0.00617474690079689 -0.99689835309982304 -0.07845760136842728
vn -0.00617474690079689 -0.99689835309982304 -0.07845760136842728
vn -0.01837219856679439 -0.99689835309982304 -0.07652571052312851
vn -0.03011726588010788 -0.99689835309982304 -0.07270950824022293
vn -0.041120745241642 -0.99689835309982304 -0.06710295379161835
vn -0.05111169442534447 -0.99689835309982304 -0.05984410643577576
vn -0.05984410643577576 -0.99689835309982304 -0.05111169442534447
vn -0.06710295379161835 -0.99689835309982304 -0.041120745241642
vn -0.07270950824022293 -0.99689835309982304 -0.03011726588010788
vn -0.07652571052312851 -0.99689835309982304 -0.01837219856679439
vn -0.10964051634073258 -0.9730864763259888 0.2026861011981964
vn 0.21936266124248504 -0.97010481357574464 -0.10381099581718444
vn -0.26597854495048524 -0.96375161409378048 -0.02093296684324741
vn 0.37213394045829776 -0.927716851234436 -0.02928757667541504
vn -0.44369429349899288 -0.89549762010574336 -0.03491950035095215
vn 0.52205735445022584 -0.85192018747329712 -0.04108680412173271
vn -0.52205735445022584 -0.85192018747329712 -0.04108680412173271
vn 0.60510271787643432 -0.79472184181213376 -0.04762261733412743
vn -0.66543215513229368 -0.74461895227432256 -0.05237064510583878
vn 0.7443615794181824 -0.66520220041275024 -0.05858252570033073
vn -0.7940693497657776 -0.60460591316223144 -0.06249461323022842
vn 0.85715663433074944 -0.51212722063064576 -0.05484755709767342
vn -0.85072690248489376 -0.52132612466812136 -0.06695365905761719
vn 0.92043668031692512 -0.38194999098777768 -0.08312931656837463
vn -0.92564886808395392 -0.37130442261695864 -0.07285014539957047
vn 0.96120071411132816 -0.26527452468872072 -0.07564813643693924
vn -0.9789458513259888 -0.18902157247066496 -0.07704471051692963
vn 0.97884094715118416 -0.0784149244427681 -0.18900132179260252
vn 0.92526680231094368 -0.07828246802091599 -0.37115117907524112
vn 0.79317313432693488 -0.07843946665525436 -0.6039235591888428
vn 0.6642988920211792 -0.07833642512559891 -0.74335080385208128
vn 0.44259664416313168 -0.07845418900251389 -0.89328223466873168
vn 0.26521837711334228 -0.07838057726621628 -0.96099722385406496
vn -0.18900132179260252 -0.0784149244427681 -0.97884094715118416
vn -0.37115117907524112 -0.07828246802091599 -0.92526680231094368
vn -0.6039235591888428 -0.07843946665525436 -0.79317313432693488
vn -0.74335080385208128 -0.07833642512559891 -0.6642988920211792
vn -0.89328223466873168 -0.07845418900251389 -0.44259664416313168
vn -0.96099722385406496 -0.07838057726621628 -0.26521837711334228
vn 0.63342165946960448 -0.77377361059188848 -0.00717319035902619
vn 0.66634654998779296 -0.7456421852111816 -0.00015664476086385548
vn 0.74557548761367792 -0.66628700494766232 0.01337056327611208
vn 0.65445685386657712 -0.7557043433189392 -0.02443831786513328
vn 0.68810194730758664 -0.72549557685852048 -0.01311022695153951
vn 0.69676697254180912 -0.71722161769866944 -0.01043552067130804
vn 0.73065531253814704 -0.68274652957916256 0
vn 0.72883588075637824 -0.6846391558647156 0.00821514707058668
vn 0.71971273422241208 -0.69154757261276248 0.06144563481211662
vn 0.722813069820404 -0.68982470035552976 0.04102715477347374
vn 0.72575926780700688 -0.687531054019928 0.02397020347416401
vn 0.71244037151336672 -0.70171004533767704 -0.00563530204817652
vn 0.71341395378112792 -0.6928576231002808 0.10482774674892426
vn 0.68109554052352904 -0.73203414678573616 -0.01532667595893144
vn 0.54618602991104128 -0.5451312065124512 0.63601315021514896
vn 0.69475561380386352 -0.68350547552108768 0.22390821576118468
vn 0.67037731409072872 -0.74178177118301392 -0.01881755515933036
vn 0.51289927959442136 -0.8584488034248352 0
vn 0.53202277421951296 -0.84670937061309808 0.00591523805633187
vn 0.3302660584449768 -0.94384616613388064 0.0088756438344717
vn 0.26603683829307556 -0.96396285295486448 0
vn 0.11196447908878326 -0.99371218681335456 0
vn -0.11196447908878326 -0.99371218681335456 0
vn -0.37229365110397336 -0.92811501026153568 0
vn -0.3302660584449768 -0.94384616613388064 0.0088756438344717
vn -0.54149860143661496 -0.84070163965225216 0
vn -0.53202915191650392 -0.84671950340270992 0.00332638318650424
vn -0.69475561380386352 -0.68350547552108768 0.22390821576118468
vn -0.72282052040100096 -0.6898192763328552 0.04098528996109962
vn -0.72576582431793216 -0.68752551078796384 0.02393083833158016
vn -0.73065531253814704 -0.68274652957916256 0
vn -0.71237879991531376 -0.70177233219146728 -0.00565406959503889
vn -0.72884470224380496 -0.68463021516799928 0.00817576888948679
vn -0.68108093738555912 -0.73204761743545536 -0.01533146295696497
vn -0.68808406591415408 -0.725512444972992 -0.01311569847166538
vn -0.69674193859100344 -0.71724587678909304 -0.01044330466538667
vn -0.67037731409072872 -0.74178177118301392 -0.01881755515933036
vn -0.71971946954727176 -0.69154518842697144 0.06139351055026054
vn -0.62424516677856448 -0.78122848272323616 0
vn -0.74552154541015632 -0.66623878479003904 0.01798697561025619
vn -0.66634654998779296 -0.7456421852111816 -0.00015664476086385548
vn -0.63544613122940064 -0.77149337530136112 -0.03171965107321739
vn -0.65445685386657712 -0.7557043433189392 -0.02443831786513328
vn -0.71341395378112792 -0.6928576231002808 0.10482774674892426
vn -0.85844856500625616 -0.51289916038513184 -0.00073221820639446
vn -0.89828938245773312 -0.43940433859825136 0
vn -0.84344345331192016 -0.5372179746627808 0
vn -0.94387453794479376 -0.33027598261833192 0.00431140651926398
vn -0.96396285295486448 -0.26603683829307556 0
vn -0.9969173073768616 -0.07845909893512726 0
vn -0.99370515346527104 -0.1119636818766594 0.00377201358787715
vn 0.99370515346527104 -0.1119636818766594 0.00377201358787715
vn 0.98186427354812624 -0.18958508968353272 0
vn 0.92811501026153568 -0.37229365110397336 0
vn 0.94387453794479376 -0.33027598261833192 0.00431140651926398
vn 0.84344345331192016 -0.5372179746627808 0
vn 0.89828938245773312 -0.43940433859825136 0
vn 0.79556107521057136 -0.60574173927307128 0.01263102609664201
vn 0.85844856500625616 -0.51289916038513184 -0.00073221820639446
vn 0.96396285295486448 -0.26603683829307556 0
vn 0.9969173073768616 -0.07845909893512726 0
vn -0.98186427354812624 -0.18958508968353272 0
vn -0.92811501026153568 -0.37229365110397336 0
vn -0.79556107521057136 -0.60574173927307128 0.01263102609664201
vn -0.54618602991104128 -0.5451312065124512 0.63601315021514896
vn -0.44396507740020752 -0.89604407548904416 0
vn -0.26603683829307556 -0.96396285295486448 0
vn 0.37229365110397336 -0.92811501026153568 0
vn 0.60579001903533936 -0.79562455415725712 0
vn 0.62424516677856448 -0.78122848272323616 0
vn 0.15643446147441864 0 -0.9876883625984192
vn 0.45399048924446104 0 -0.8910065293312072
vn 0.7071067690849304 0 -0.7071067690849304
vn 0.8910065293312072 0 -0.45399048924446104
vn 0.85258430242538448 -0.00304519641213119 -0.52258086204528808
vn 0.9876883625984192 0 -0.15643446147441864
vn 0.97236466407775872 -0.0029940812382847 -0.23344811797142028
vn 0.9968667030334472 0 -0.07909949868917465
vn 0.9232932925224304 0 -0.38409572839736936
vn 0.01762319356203079 -0.15641017258167266 -0.98753494024276736
vn 0.05198588222265244 -0.14856711030006408 -0.98753494024276736
vn 0.08374177664518356 -0.13327427208423614 -0.98753494024276736
vn 0.11129851639270782 -0.11129851639270782 -0.98753494024276736
vn 0.13327427208423614 -0.08374177664518356 -0.98753494024276736
vn 0.14856711030006408 -0.05198588222265244 -0.98753494024276736
vn 0.15641017258167266 -0.01762319356203079 -0.98753494024276736
vn 0.05108565464615822 -0.45339772105216976 -0.88984310626983648
vn 0.1506953090429306 -0.43066245317459104 -0.88984310626983648
vn 0.2427484840154648 -0.38633197546005248 -0.88984310626983648
vn 0.32262921333312988 -0.32262921333312988 -0.88984310626983648
vn 0.38633197546005248 -0.2427484840154648 -0.88984310626983648
vn 0.43066245317459104 -0.1506953090429306 -0.88984310626983648
vn 0.45339772105216976 -0.05108565464615822 -0.88984310626983648
vn 0.07942013442516327 -0.70487320423126224 -0.70487320423126224
vn 0.23427794873714448 -0.66952788829803464 -0.70487320423126224
vn 0.3773880898952484 -0.60060971975326536 -0.70487320423126224
vn 0.5015743970870972 -0.5015743970870972 -0.70487320423126224
vn 0.60060971975326536 -0.3773880898952484 -0.70487320423126224
vn 0.66952788829803464 -0.23427794873714448 -0.70487320423126224
vn 0.70487320423126224 -0.07942013442516327 -0.70487320423126224
vn 0.09989020973443984 -0.8865501284599304 -0.45171985030174256
vn 0.2946617007255554 -0.84209477901458736 -0.45171985030174256
vn 0.47465765476226808 -0.75541335344314576 -0.45171985030174256
vn 0.63085228204727176 -0.63085228204727176 -0.45171985030174256
vn 0.75541335344314576 -0.47465765476226808 -0.45171985030174256
vn 0.84209477901458736 -0.2946617007255554 -0.45171985030174256
vn 0.8865501284599304 -0.09989020973443984 -0.45171985030174256
vn 0.1106029748916626 -0.98162853717803952 -0.1554746925830841
vn 0.36773046851158144 -0.91673910617828368 -0.15608876943588256
vn 0.31147173047065736 -0.89013504981994624 -0.33263331651687624
vn 0.5113109350204468 -0.81374663114547728 -0.27636489272117616
vn 0.5983354449272156 -0.78583395481109616 -0.1563960462808609
vn 0.69850826263427736 -0.69850826263427736 -0.1554746925830841
vn 0.84796321392059328 -0.5066344738006592 -0.15582002699375152
vn 0.81374663114547728 -0.5113109350204468 -0.27636489272117616
vn 0.89013504981994624 -0.31147173047065736 -0.33263331651687624
vn 0.95211833715438848 -0.2627679705619812 -0.15628080070018768
vn 0.98162853717803952 -0.1106029748916626 -0.1554746925830841
vn 0.91673910617828368 -0.36773046851158144 -0.15608876943588256
vn 0.78583395481109616 -0.5983354449272156 -0.1563960462808609
vn 0.5066344738006592 -0.84796321392059328 -0.15582002699375152
vn 0.2627679705619812 -0.95211833715438848 -0.15628080070018768
vn -0.9722747206687928 -0.00300871510989964 -0.23382215201854704
vn -0.9968358874320984 0 -0.07948712259531021
vn -0.852401316165924 -0.00305871851742267 -0.52287912368774416
vn -0.92315608263015744 0 -0.38442537188529968
vn -0.7071067690849304 0 -0.7071067690849304
vn -0.45399048924446104 0 -0.8910065293312072
vn -0.15643446147441864 0 -0.9876883625984192
vn -0.8910065293312072 0 -0.45399048924446104
vn -0.9876883625984192 0 -0.15643446147441864
vn -0.15641017258167266 -0.01762319356203079 -0.98753494024276736
vn -0.14856711030006408 -0.05198588222265244 -0.98753494024276736
vn -0.13327427208423614 -0.08374177664518356 -0.98753494024276736
vn -0.11129851639270782 -0.11129851639270782 -0.98753494024276736
vn -0.08374177664518356 -0.13327427208423614 -0.98753494024276736
vn -0.05198588222265244 -0.14856711030006408 -0.98753494024276736
vn -0.01762319356203079 -0.15641017258167266 -0.98753494024276736
vn -0.45339772105216976 -0.05108565464615822 -0.88984310626983648
vn -0.43066245317459104 -0.1506953090429306 -0.88984310626983648
vn -0.38633197546005248 -0.2427484840154648 -0.88984310626983648
vn -0.32262921333312988 -0.32262921333312988 -0.88984310626983648
vn -0.2427484840154648 -0.38633197546005248 -0.88984310626983648
vn -0.1506953090429306 -0.43066245317459104 -0.88984310626983648
vn -0.05108565464615822 -0.45339772105216976 -0.88984310626983648
vn -0.70487320423126224 -0.07942013442516327 -0.70487320423126224
vn -0.66952788829803464 -0.23427794873714448 -0.70487320423126224
vn -0.60060971975326536 -0.3773880898952484 -0.70487320423126224
vn -0.5015743970870972 -0.5015743970870972 -0.70487320423126224
vn -0.3773880898952484 -0.60060971975326536 -0.70487320423126224
vn -0.23427794873714448 -0.66952788829803464 -0.70487320423126224
vn -0.07942013442516327 -0.70487320423126224 -0.70487320423126224
vn -0.8865501284599304 -0.09989020973443984 -0.45171985030174256
vn -0.84209477901458736 -0.2946617007255554 -0.45171985030174256
vn -0.75541335344314576 -0.47465765476226808 -0.45171985030174256
vn -0.63085228204727176 -0.63085228204727176 -0.45171985030174256
vn -0.47465765476226808 -0.75541335344314576 -0.45171985030174256
vn -0.2946617007255554 -0.84209477901458736 -0.45171985030174256
vn -0.09989020973443984 -0.8865501284599304 -0.45171985030174256
vn -0.98162853717803952 -0.1106029748916626 -0.1554746925830841
vn -0.91673910617828368 -0.36773046851158144 -0.15608876943588256
vn -0.89013504981994624 -0.31147173047065736 -0.33263331651687624
vn -0.81374663114547728 -0.5113109350204468 -0.27636489272117616
vn -0.78583395481109616 -0.5983354449272156 -0.1563960462808609
vn -0.69850826263427736 -0.69850826263427736 -0.1554746925830841
vn -0.5066344738006592 -0.84796321392059328 -0.15582002699375152
vn -0.5113109350204468 -0.81374663114547728 -0.27636489272117616
vn -0.31147173047065736 -0.89013504981994624 -0.33263331651687624
vn -0.2627679705619812 -0.95211833715438848 -0.15628080070018768
vn -0.1106029748916626 -0.98162853717803952 -0.1554746925830841
vn -0.36773046851158144 -0.91673910617828368 -0.15608876943588256
vn -0.5983354449272156 -0.78583395481109616 -0.1563960462808609
vn -0.84796321392059328 -0.5066344738006592 -0.15582002699375152
vn -0.95211833715438848 -0.2627679705619812 -0.15628080070018768
vn 0 -0.15643446147441864 -0.9876883625984192
vn 0 -0.45399048924446104 -0.8910065293312072
vn 0 -0.7071067690849304 -0.7071067690849304
vn 0 -0.8910065293312072 -0.45399048924446104
vn 0 -0.9876883625984192 -0.15643446147441864
vn 0 -1 0
vn 0.99371218681335456 -0.11196447908878326 0
vn 0.8584488034248352 -0.51289927959442136 0
vn 0.79562455415725712 -0.60579001903533936 0
vn 0.9722747206687928 -0.00300871510989964 0.23382215201854704
vn 0.9968358874320984 0 0.07948712259531021
vn 0.852401316165924 -0.00305871851742267 0.52287912368774416
vn 0.92315608263015744 0 0.38442537188529968
vn 0.7071067690849304 0 0.7071067690849304
vn 0.45399048924446104 0 0.8910065293312072
vn 0.15643446147441864 0 0.9876883625984192
vn 0.8910065293312072 0 0.45399048924446104
vn 0.9876883625984192 0 0.15643446147441864
vn 0.15641017258167266 -0.01762319356203079 0.98753494024276736
vn 0.14856711030006408 -0.05198588222265244 0.98753494024276736
vn 0.13327427208423614 -0.08374177664518356 0.98753494024276736
vn 0.11129851639270782 -0.11129851639270782 0.98753494024276736
vn 0.08374177664518356 -0.13327427208423614 0.98753494024276736
vn 0.05198588222265244 -0.14856711030006408 0.98753494024276736
vn 0.01762319356203079 -0.15641017258167266 0.98753494024276736
vn 0.45339772105216976 -0.05108565464615822 0.88984310626983648
vn 0.43066245317459104 -0.1506953090429306 0.88984310626983648
vn 0.38633197546005248 -0.2427484840154648 0.88984310626983648
vn 0.32262921333312988 -0.32262921333312988 0.88984310626983648
vn 0.2427484840154648 -0.38633197546005248 0.88984310626983648
vn 0.1506953090429306 -0.43066245317459104 0.88984310626983648
vn 0.05108565464615822 -0.45339772105216976 0.88984310626983648
vn 0.70487320423126224 -0.07942013442516327 0.70487320423126224
vn 0.66952788829803464 -0.23427794873714448 0.70487320423126224
vn 0.60060971975326536 -0.3773880898952484 0.70487320423126224
vn 0.5015743970870972 -0.5015743970870972 0.70487320423126224
vn 0.3773880898952484 -0.60060971975326536 0.70487320423126224
vn 0.23427794873714448 -0.66952788829803464 0.70487320423126224
vn 0.07942013442516327 -0.70487320423126224 0.70487320423126224
vn 0.8865501284599304 -0.09989020973443984 0.45171985030174256
vn 0.84209477901458736 -0.2946617007255554 0.45171985030174256
vn 0.75541335344314576 -0.47465765476226808 0.45171985030174256
vn 0.63085228204727176 -0.63085228204727176 0.45171985030174256
vn 0.47465765476226808 -0.75541335344314576 0.45171985030174256
vn 0.2946617007255554 -0.84209477901458736 0.45171985030174256
vn 0.09989020973443984 -0.8865501284599304 0.45171985030174256
vn 0.98162853717803952 -0.1106029748916626 0.1554746925830841
vn 0.91673910617828368 -0.36773046851158144 0.15608876943588256
vn 0.89013504981994624 -0.31147173047065736 0.33263331651687624
vn 0.81374663114547728 -0.5113109350204468 0.27636489272117616
vn 0.78583395481109616 -0.5983354449272156 0.1563960462808609
vn 0.69850826263427736 -0.69850826263427736 0.1554746925830841
vn 0.5066344738006592 -0.84796321392059328 0.15582002699375152
vn 0.5113109350204468 -0.81374663114547728 0.27636489272117616
vn 0.31147173047065736 -0.89013504981994624 0.33263331651687624
vn 0.2627679705619812 -0.95211833715438848 0.15628080070018768
vn 0.1106029748916626 -0.98162853717803952 0.1554746925830841
vn 0.36773046851158144 -0.91673910617828368 0.15608876943588256
vn 0.5983354449272156 -0.78583395481109616 0.1563960462808609
vn 0.84796321392059328 -0.5066344738006592 0.15582002699375152
vn 0.95211833715438848 -0.2627679705619812 0.15628080070018768
vn -0.99371218681335456 -0.11196447908878326 0
vn -0.8584488034248352 -0.51289927959442136 0
vn -0.60579001903533936 -0.79562455415725712 0
vn -0.79562455415725712 -0.60579001903533936 0
vn -0.51289927959442136 -0.8584488034248352 0
vn 0 -0.15643446147441864 0.9876883625984192
vn 0 -0.45399048924446104 0.8910065293312072
vn 0 -0.7071067690849304 0.7071067690849304
vn 0 -0.8910065293312072 0.45399048924446104
vn 0 -0.9876883625984192 0.15643446147441864
vn -0.01762319356203079 -0.15641017258167266 0.98753494024276736
vn -0.05198588222265244 -0.14856711030006408 0.98753494024276736
vn -0.08374177664518356 -0.13327427208423614 0.98753494024276736
vn -0.11129851639270782 -0.11129851639270782 0.98753494024276736
vn -0.13327427208423614 -0.08374177664518356 0.98753494024276736
vn -0.14856711030006408 -0.05198588222265244 0.98753494024276736
vn -0.15641017258167266 -0.01762319356203079 0.98753494024276736
vn -0.05108565464615822 -0.45339772105216976 0.88984310626983648
vn -0.1506953090429306 -0.43066245317459104 0.88984310626983648
vn -0.2427484840154648 -0.38633197546005248 0.88984310626983648
vn -0.32262921333312988 -0.32262921333312988 0.88984310626983648
vn -0.38633197546005248 -0.2427484840154648 0.88984310626983648
vn -0.43066245317459104 -0.1506953090429306 0.88984310626983648
vn -0.45339772105216976 -0.05108565464615822 0.88984310626983648
vn -0.07942013442516327 -0.70487320423126224 0.70487320423126224
vn -0.23427794873714448 -0.66952788829803464 0.70487320423126224
vn -0.3773880898952484 -0.60060971975326536 0.70487320423126224
vn -0.5015743970870972 -0.5015743970870972 0.70487320423126224
vn -0.60060971975326536 -0.3773880898952484 0.70487320423126224
vn -0.66952788829803464 -0.23427794873714448 0.70487320423126224
vn -0.70487320423126224 -0.07942013442516327 0.70487320423126224
vn -0.09989020973443984 -0.8865501284599304 0.45171985030174256
vn -0.2946617007255554 -0.84209477901458736 0.45171985030174256
vn -0.47465765476226808 -0.75541335344314576 0.45171985030174256
vn -0.63085228204727176 -0.63085228204727176 0.45171985030174256
vn -0.75541335344314576 -0.47465765476226808 0.45171985030174256
vn -0.84209477901458736 -0.2946617007255554 0.45171985030174256
vn -0.8865501284599304 -0.09989020973443984 0.45171985030174256
vn -0.1106029748916626 -0.98162853717803952 0.1554746925830841
vn -0.36773046851158144 -0.91673910617828368 0.15608876943588256
vn -0.31147173047065736 -0.89013504981994624 0.33263331651687624
vn -0.5113109350204468 -0.81374663114547728 0.27636489272117616
vn -0.5983354449272156 -0.78583395481109616 0.1563960462808609
vn -0.69850826263427736 -0.69850826263427736 0.1554746925830841
vn -0.84796321392059328 -0.5066344738006592 0.15582002699375152
vn -0.81374663114547728 -0.5113109350204468 0.27636489272117616
vn -0.89013504981994624 -0.31147173047065736 0.33263331651687624
vn -0.95211833715438848 -0.2627679705619812 0.15628080070018768
vn -0.98162853717803952 -0.1106029748916626 0.1554746925830841
vn -0.91673910617828368 -0.36773046851158144 0.15608876943588256
vn -0.78583395481109616 -0.5983354449272156 0.1563960462808609
vn -0.5066344738006592 -0.84796321392059328 0.15582002699375152
vn -0.2627679705619812 -0.95211833715438848 0.15628080070018768
vn -0.15643446147441864 0 0.9876883625984192
vn -0.45399048924446104 0 0.8910065293312072
vn -0.7071067690849304 0 0.7071067690849304
vn -0.8910065293312072 0 0.45399048924446104
vn -0.85258430242538448 -0.00304519641213119 0.52258086204528808
vn -0.9876883625984192 0 0.15643446147441864
vn -0.97236466407775872 -0.0029940812382847 0.23344811797142028
vn -0.9968667030334472 0 0.07909949868917465
vn -0.9232932925224304 0 0.38409572839736936
# 1228 vertex normals

g obj_20739284
s 1
f 1//1 2//1 3//1
f 4//2 3//2 5//2
f 6//3 5//3 7//3
f 8//4 7//4 9//4
f 10//5 9//5 11//5
f 12//6 11//6 13//6
f 14//7 13//7 15//7
f 16//8 15//8 17//8
f 18//9 17//9 19//9
f 20//10 19//10 21//10
f 22//11 21//11 23//11
f 24//12 23//12 25//12
f 26//13 25//13 27//13
f 28//14 27//14 29//14
f 30//15 29//15 31//15
f 32//16 31//16 33//16
f 34//17 33//17 35//17
f 36//18 35//18 37//18
f 38//19 37//19 39//19
f 40//20 39//20 2//20
f 2//20 1//20 40//20
f 39//19 40//19 38//19
f 37//18 38//18 36//18
f 35//17 36//17 34//17
f 33//16 34//16 32//16
f 31//15 32//15 30//15
f 29//14 30//14 28//14
f 27//13 28//13 26//13
f 25//12 26//12 24//12
f 23//11 24//11 22//11
f 21//10 22//10 20//10
f 19//9 20//9 18//9
f 17//8 18//8 16//8
f 15//7 16//7 14//7
f 13//6 14//6 12//6
f 11//5 12//5 10//5
f 9//4 10//4 8//4
f 7//3 8//3 6//3
f 5//2 6//2 4//2
f 3//1 4//1 1//1
f 41//21 42//21 43//21
f 43//21 44//21 41//21
f 45//21 46//21 47//21
f 45//21 48//21 49//21
f 50//21 51//21 52//21
f 50//21 47//21 42//21
f 44//21 43//21 53//21
f 49//21 46//21 45//21
f 51//21 54//21 52//21
f 55//21 51//21 56//21
f 56//21 57//21 58//21
f 59//21 60//21 61//21
f 62//21 63//21 64//21
f 65//21 66//21 67//21
f 53//21 68//21 44//21
f 50//21 69//21 45//21
f 51//21 55//21 54//21
f 58//21 70//21 56//21
f 71//21 72//21 73//21
f 74//21 75//21 76//21
f 77//21 74//21 78//21
f 79//21 80//21 59//21
f 81//21 82//21 83//21
f 63//21 82//21 81//21
f 64//21 84//21 62//21
f 67//21 85//21 65//21
f 86//21 68//21 53//21
f 66//21 86//21 87//21
f 50//21 62//21 88//21
f 47//21 50//21 45//21
f 56//21 70//21 55//21
f 73//21 89//21 71//21
f 61//21 90//21 72//21
f 75//21 48//21 76//21
f 78//21 91//21 77//21
f 92//21 80//21 93//21
f 61//21 79//21 59//21
f 94//21 95//21 96//21
f 83//21 94//21 81//21
f 84//21 88//21 62//21
f 66//21 97//21 67//21
f 87//21 97//21 66//21
f 88//21 98//21 50//21
f 52//21 69//21 50//21
f 99//21 100//21 89//21
f 61//21 101//21 90//21
f 60//21 102//21 103//21
f 76//21 104//21 74//21
f 93//21 77//21 92//21
f 79//21 105//21 80//21
f 96//21 106//21 94//21
f 81//21 64//21 63//21
f 53//21 87//21 86//21
f 41//21 50//21 42//21
f 72//21 71//21 61//21
f 60//21 107//21 102//21
f 92//21 108//21 109//21
f 75//21 49//21 48//21
f 105//21 93//21 80//21
f 83//21 95//21 94//21
f 98//21 51//21 50//21
f 110//21 111//21 112//21
f 113//21 106//21 114//21
f 100//21 115//21 116//21
f 73//21 99//21 89//21
f 60//21 117//21 107//21
f 109//21 118//21 92//21
f 91//21 92//21 77//21
f 85//21 100//21 65//21
f 57//21 119//21 120//21
f 121//21 122//21 119//21
f 123//21 124//21 125//21
f 126//21 124//21 123//21
f 127//21 128//21 129//21
f 110//21 129//21 111//21
f 130//21 112//21 131//21
f 114//21 132//21 113//21
f 99//21 115//21 100//21
f 103//21 61//21 60//21
f 104//21 78//21 74//21
f 120//21 58//21 57//21
f 121//21 125//21 122//21
f 123//21 133//21 126//21
f 127//21 134//21 128//21
f 131//21 135//21 130//21
f 131//21 113//21 136//21
f 106//21 137//21 114//21
f 103//21 101//21 61//21
f 96//21 137//21 106//21
f 125//21 121//21 123//21
f 108//21 126//21 133//21
f 112//21 130//21 110//21
f 132//21 136//21 113//21
f 118//21 80//21 92//21
f 133//21 109//21 108//21
f 138//21 139//21 140//21
f 66//21 141//21 139//21
f 136//21 135//21 131//21
f 119//21 57//21 121//21
f 60//21 142//21 143//21
f 142//21 138//21 144//21
f 138//21 145//21 146//21
f 139//21 138//21 66//21
f 66//21 147//21 134//21
f 116//21 65//21 100//21
f 142//21 148//21 143//21
f 146//21 144//21 138//21
f 66//21 65//21 141//21
f 66//21 138//21 147//21
f 143//21 117//21 60//21
f 140//21 145//21 138//21
f 129//21 110//21 127//21
f 134//21 127//21 66//21
f 144//21 148//21 142//21
f 149//21 150//21 151//21
f 150//21 152//21 153//21
f 154//21 151//21 155//21
f 151//21 153//21 156//21
f 153//21 157//21 158//21
f 159//21 155//21 160//21
f 155//21 156//21 161//21
f 162//21 160//21 163//21
f 152//21 164//21 165//21
f 165//21 153//21 152//21
f 161//21 156//21 166//21
f 156//21 158//21 166//21
f 167//21 168//21 169//21
f 170//21 169//21 171//21
f 172//21 173//21 174//21
f 175//21 176//21 157//21
f 171//21 177//21 170//21
f 171//21 178//21 179//21
f 174//21 178//21 172//21
f 175//21 173//21 172//21
f 157//21 180//21 181//21
f 182//21 168//21 167//21
f 179//21 177//21 171//21
f 172//21 176//21 175//21
f 157//21 183//21 180//21
f 164//21 184//21 185//21
f 182//21 186//21 187//21
f 169//21 170//21 167//21
f 157//21 181//21 175//21
f 185//21 188//21 164//21
f 164//21 182//21 189//21
f 182//21 190//21 186//21
f 174//21 179//21 178//21
f 188//21 191//21 164//21
f 189//21 192//21 164//21
f 167//21 190//21 182//21
f 192//21 184//21 164//21
f 157//21 165//21 183//21
f 187//21 189//21 182//21
f 158//21 157//21 193//21
f 157//21 176//21 193//21
f 193//21 194//21 158//21
f 195//21 196//21 158//21
f 158//21 197//21 195//21
f 195//21 197//21 198//21
f 198//21 199//21 200//21
f 201//21 202//21 203//21
f 196//21 204//21 158//21
f 200//21 205//21 198//21
f 203//21 199//21 201//21
f 206//21 202//21 201//21
f 207//21 208//21 209//21
f 207//21 210//21 211//21
f 212//21 213//21 214//21
f 198//21 205//21 195//21
f 201//21 215//21 206//21
f 209//21 206//21 215//21
f 211//21 208//21 207//21
f 214//21 207//21 212//21
f 212//21 216//21 217//21
f 203//21 200//21 199//21
f 209//21 218//21 207//21
f 212//21 219//21 213//21
f 212//21 220//21 216//21
f 215//21 218//21 209//21
f 217//21 219//21 212//21
f 204//21 221//21 158//21
f 212//21 166//21 220//21
f 214//21 210//21 207//21
f 222//21 223//21 224//21
f 224//21 225//21 222//21
f 223//21 226//21 227//21
f 227//21 224//21 223//21
f 212//21 207//21 228//21
f 161//21 212//21 229//21
f 160//21 230//21 231//21
f 161//21 232//21 233//21
f 163//21 234//21 235//21
f 160//21 236//21 230//21
f 233//21 160//21 161//21
f 161//21 237//21 238//21
f 163//21 239//21 234//21
f 233//21 236//21 160//21
f 161//21 240//21 237//21
f 241//21 242//21 240//21
f 243//21 244//21 245//21
f 163//21 246//21 239//21
f 160//21 247//21 248//21
f 238//21 232//21 161//21
f 241//21 249//21 242//21
f 241//21 245//21 250//21
f 243//21 251//21 244//21
f 235//21 243//21 163//21
f 248//21 163//21 160//21
f 240//21 161//21 241//21
f 245//21 241//21 243//21
f 248//21 246//21 163//21
f 250//21 249//21 241//21
f 231//21 247//21 160//21
f 163//21 243//21 252//21
f 253//21 163//21 254//21
f 254//21 255//21 253//21
f 149//21 256//21 257//21
f 149//21 258//21 256//21
f 150//21 259//21 260//21
f 257//21 261//21 262//21
f 150//21 263//21 259//21
f 262//21 150//21 257//21
f 262//21 263//21 150//21
f 257//21 264//21 265//21
f 264//21 257//21 266//21
f 260//21 267//21 150//21
f 266//21 268//21 264//21
f 269//21 270//21 271//21
f 152//21 272//21 273//21
f 265//21 261//21 257//21
f 266//21 271//21 274//21
f 269//21 275//21 270//21
f 269//21 152//21 276//21
f 152//21 277//21 272//21
f 152//21 150//21 278//21
f 274//21 268//21 266//21
f 269//21 279//21 275//21
f 276//21 280//21 269//21
f 278//21 277//21 152//21
f 271//21 266//21 269//21
f 273//21 276//21 152//21
f 280//21 279//21 269//21
f 152//21 269//21 281//21
f 164//21 281//21 282//21
f 283//21 284//21 285//21
f 168//21 182//21 286//21
f 286//21 283//21 168//21
f 284//21 222//21 287//21
f 287//21 285//21 284//21
f 222//21 284//21 288//21
f 222//21 289//21 290//21
f 289//21 291//21 292//21
f 222//21 293//21 294//21
f 289//21 295//21 290//21
f 291//21 296//21 292//21
f 291//21 297//21 298//21
f 290//21 293//21 222//21
f 298//21 296//21 291//21
f 292//21 295//21 289//21
f 299//21 300//21 301//21
f 222//21 302//21 303//21
f 297//21 304//21 298//21
f 299//21 305//21 300//21
f 294//21 302//21 222//21
f 301//21 297//21 299//21
f 306//21 307//21 305//21
f 223//21 222//21 308//21
f 301//21 304//21 297//21
f 306//21 309//21 307//21
f 223//21 310//21 309//21
f 223//21 311//21 312//21
f 308//21 313//21 223//21
f 305//21 299//21 306//21
f 312//21 310//21 223//21
f 303//21 308//21 222//21
f 313//21 311//21 223//21
f 223//21 306//21 314//21
f 218//21 315//21 316//21
f 315//21 218//21 317//21
f 318//21 317//21 226//21
f 317//21 318//21 315//21
f 316//21 207//21 218//21
f 226//21 223//21 318//21
f 314//21 318//21 223//21
f 309//21 306//21 223//21
f 288//21 289//21 222//21
f 285//21 168//21 283//21
f 286//21 182//21 282//21
f 282//21 182//21 164//21
f 281//21 164//21 152//21
f 267//21 278//21 150//21
f 257//21 150//21 149//21
f 255//21 319//21 253//21
f 252//21 254//21 163//21
f 235//21 251//21 243//21
f 229//21 241//21 161//21
f 228//21 229//21 212//21
f 228//21 207//21 316//21
f 225//21 287//21 222//21
f 221//21 166//21 158//21
f 194//21 197//21 158//21
f 191//21 165//21 164//21
f 166//21 212//21 161//21
f 165//21 157//21 153//21
f 163//21 253//21 162//21
f 161//21 160//21 155//21
f 160//21 162//21 159//21
f 158//21 156//21 153//21
f 156//21 155//21 151//21
f 155//21 159//21 154//21
f 153//21 151//21 150//21
f 151//21 154//21 149//21
f 320//22 321//22 322//22
f 321//23 323//23 324//23
f 323//24 325//24 326//24
f 325//25 327//25 328//25
f 327//26 329//26 330//26
f 329//27 331//27 332//27
f 331//28 333//28 334//28
f 333//29 335//29 336//29
f 335//30 337//30 338//30
f 337//31 339//31 340//31
f 339//32 341//32 342//32
f 341//33 343//33 344//33
f 343//34 345//34 346//34
f 345//35 347//35 348//35
f 347//36 349//36 350//36
f 349//37 351//37 352//37
f 351//38 353//38 354//38
f 353//39 355//39 356//39
f 355//40 357//40 358//40
f 359//41 322//41 360//41
f 322//42 324//42 361//42
f 324//43 326//43 362//43
f 326//44 328//44 363//44
f 328//45 330//45 364//45
f 330//46 332//46 365//46
f 332//47 334//47 366//47
f 334//48 336//48 367//48
f 336//49 338//49 368//49
f 338//50 340//50 369//50
f 340//51 342//51 370//51
f 342//52 344//52 371//52
f 344//53 346//53 372//53
f 346//54 348//54 373//54
f 348//55 350//55 374//55
f 350//56 352//56 375//56
f 352//57 354//57 376//57
f 354//58 356//58 377//58
f 356//59 358//59 378//59
f 379//60 360//60 380//60
f 360//61 361//61 381//61
f 361//62 362//62 382//62
f 362//63 363//63 383//63
f 363//64 364//64 384//64
f 364//65 365//65 385//65
f 365//66 366//66 386//66
f 366//67 367//67 387//67
f 367//68 368//68 388//68
f 368//69 369//69 389//69
f 369//70 370//70 390//70
f 370//71 371//71 391//71
f 371//72 372//72 392//72
f 372//73 373//73 393//73
f 373//74 374//74 394//74
f 374//75 375//75 395//75
f 375//76 376//76 396//76
f 376//77 377//77 397//77
f 377//78 378//78 398//78
f 399//79 380//79 400//79
f 380//80 381//80 401//80
f 381//81 382//81 402//81
f 382//82 383//82 403//82
f 383//83 384//83 404//83
f 384//84 385//84 405//84
f 385//85 386//85 406//85
f 386//86 387//86 407//86
f 387//87 388//87 408//87
f 388//88 389//88 409//88
f 389//89 390//89 410//89
f 390//90 391//90 411//90
f 391//91 392//91 412//91
f 392//92 393//92 413//92
f 393//93 394//93 414//93
f 394//94 395//94 415//94
f 395//95 396//95 416//95
f 396//96 397//96 417//96
f 397//97 398//97 418//97
f 419//98 400//98 420//98
f 400//99 401//99 421//99
f 401//100 402//100 422//100
f 402//101 403//101 423//101
f 403//102 404//102 424//102
f 404//103 405//103 425//103
f 405//104 406//104 426//104
f 406//105 407//105 427//105
f 407//106 408//106 428//106
f 408//107 409//107 429//107
f 409//108 410//108 430//108
f 410//109 411//109 431//109
f 411//110 412//110 432//110
f 412//111 413//111 433//111
f 413//112 414//112 434//112
f 414//113 415//113 435//113
f 415//114 416//114 436//114
f 416//115 417//115 437//115
f 417//116 418//116 438//116
f 439//117 420//117 440//117
f 420//118 421//118 441//118
f 421//119 422//119 442//119
f 422//120 423//120 443//120
f 423//121 424//121 444//121
f 424//122 425//122 445//122
f 425//123 426//123 446//123
f 426//124 427//124 447//124
f 427//125 428//125 448//125
f 428//126 429//126 449//126
f 429//127 430//127 450//127
f 430//128 431//128 451//128
f 431//129 432//129 452//129
f 432//130 433//130 453//130
f 433//131 434//131 454//131
f 434//132 435//132 455//132
f 435//133 436//133 456//133
f 436//134 437//134 457//134
f 437//135 438//135 458//135
f 459//136 440//136 460//136
f 440//137 441//137 461//137
f 441//138 442//138 462//138
f 442//139 443//139 463//139
f 443//140 444//140 464//140
f 444//141 445//141 465//141
f 445//142 446//142 466//142
f 446//143 447//143 467//143
f 447//144 448//144 468//144
f 448//145 449//145 469//145
f 449//146 450//146 470//146
f 450//147 451//147 471//147
f 451//148 452//148 472//148
f 452//149 453//149 473//149
f 453//150 454//150 474//150
f 454//151 455//151 475//151
f 455//152 456//152 476//152
f 456//153 457//153 477//153
f 457//154 458//154 478//154
f 479//155 460//155 480//155
f 460//156 461//156 481//156
f 461//157 462//157 482//157
f 462//158 463//158 483//158
f 463//159 464//159 484//159
f 464//160 465//160 485//160
f 465//161 466//161 486//161
f 466//162 467//162 487//162
f 467//163 468//163 488//163
f 468//164 469//164 489//164
f 469//165 470//165 490//165
f 470//166 471//166 491//166
f 471//167 472//167 492//167
f 472//168 473//168 493//168
f 473//169 474//169 494//169
f 474//170 475//170 495//170
f 475//171 476//171 496//171
f 476//172 477//172 497//172
f 477//173 478//173 498//173
f 499//174 480//174 500//174
f 480//175 481//175 501//175
f 481//176 502//176 501//176
f 481//177 482//177 503//177
f 483//178 504//178 505//178
f 505//179 482//179 483//179
f 483//180 484//180 506//180
f 484//181 507//181 506//181
f 484//182 485//182 508//182
f 485//183 486//183 509//183
f 487//184 510//184 511//184
f 511//185 486//185 487//185
f 487//186 488//186 512//186
f 488//187 513//187 512//187
f 488//188 489//188 514//188
f 490//189 515//189 516//189
f 516//190 489//190 490//190
f 490//191 491//191 517//191
f 491//192 518//192 517//192
f 491//193 492//193 519//193
f 492//194 493//194 520//194
f 494//195 521//195 522//195
f 522//196 493//196 494//196
f 494//197 495//197 523//197
f 495//198 524//198 523//198
f 495//199 496//199 525//199
f 497//200 526//200 527//200
f 527//201 496//201 497//201
f 497//202 498//202 528//202
f 529//203 499//203 530//203
f 499//204 529//204 531//204
f 531//205 479//205 499//205
f 532//206 459//206 479//206
f 439//207 459//207 533//207
f 459//208 532//208 533//208
f 439//209 534//209 535//209
f 535//210 419//210 439//210
f 536//211 399//211 419//211
f 379//212 399//212 537//212
f 399//213 536//213 537//213
f 379//214 538//214 539//214
f 539//215 359//215 379//215
f 540//216 320//216 359//216
f 320//217 540//217 541//217
f 541//218 542//218 320//218
f 357//219 542//219 543//219
f 543//220 544//220 357//220
f 357//221 544//221 545//221
f 378//222 358//222 546//222
f 546//223 547//223 378//223
f 358//224 545//224 546//224
f 378//225 547//225 548//225
f 548//226 398//226 378//226
f 398//227 549//227 550//227
f 438//228 418//228 551//228
f 418//229 550//229 551//229
f 438//230 552//230 553//230
f 553//231 458//231 438//231
f 458//232 554//232 555//232
f 498//233 478//233 556//233
f 478//234 555//234 556//234
f 498//235 557//235 558//235
f 558//236 528//236 498//236
f 556//237 557//237 498//237
f 555//232 478//232 458//232
f 553//238 554//238 458//238
f 551//239 552//239 438//239
f 550//227 418//227 398//227
f 548//240 549//240 398//240
f 545//241 358//241 357//241
f 359//216 559//216 540//216
f 539//242 559//242 359//242
f 537//243 538//243 379//243
f 419//211 560//211 536//211
f 535//244 560//244 419//244
f 533//245 534//245 439//245
f 479//206 561//206 532//206
f 531//246 561//246 479//246
f 530//247 562//247 529//247
f 528//202 526//202 497//202
f 527//248 525//248 496//248
f 525//199 524//199 495//199
f 523//249 521//249 494//249
f 522//250 520//250 493//250
f 520//194 519//194 492//194
f 519//193 518//193 491//193
f 517//251 515//251 490//251
f 516//252 514//252 489//252
f 514//188 513//188 488//188
f 512//253 510//253 487//253
f 511//254 509//254 486//254
f 509//183 508//183 485//183
f 508//182 507//182 484//182
f 506//255 504//255 483//255
f 505//256 503//256 482//256
f 503//177 502//177 481//177
f 501//257 500//257 480//257
f 500//174 530//174 499//174
f 498//173 497//173 477//173
f 497//172 496//172 476//172
f 496//171 495//171 475//171
f 495//170 494//170 474//170
f 494//169 493//169 473//169
f 493//168 492//168 472//168
f 492//167 491//167 471//167
f 491//166 490//166 470//166
f 490//165 489//165 469//165
f 489//164 488//164 468//164
f 488//163 487//163 467//163
f 487//162 486//162 466//162
f 486//161 485//161 465//161
f 485//160 484//160 464//160
f 484//159 483//159 463//159
f 483//158 482//158 462//158
f 482//157 481//157 461//157
f 481//156 480//156 460//156
f 480//155 499//155 479//155
f 478//154 477//154 457//154
f 477//153 476//153 456//153
f 476//152 475//152 455//152
f 475//151 474//151 454//151
f 474//150 473//150 453//150
f 473//149 472//149 452//149
f 472//148 471//148 451//148
f 471//147 470//147 450//147
f 470//146 469//146 449//146
f 469//145 468//145 448//145
f 468//144 467//144 447//144
f 467//143 466//143 446//143
f 466//142 465//142 445//142
f 465//141 464//141 444//141
f 464//140 463//140 443//140
f 463//139 462//139 442//139
f 462//138 461//138 441//138
f 461//137 460//137 440//137
f 460//136 479//136 459//136
f 458//135 457//135 437//135
f 457//134 456//134 436//134
f 456//133 455//133 435//133
f 455//132 454//132 434//132
f 454//131 453//131 433//131
f 453//130 452//130 432//130
f 452//129 451//129 431//129
f 451//128 450//128 430//128
f 450//127 449//127 429//127
f 449//126 448//126 428//126
f 448//125 447//125 427//125
f 447//124 446//124 426//124
f 446//123 445//123 425//123
f 445//122 444//122 424//122
f 444//121 443//121 423//121
f 443//120 442//120 422//120
f 442//119 441//119 421//119
f 441//118 440//118 420//118
f 440//117 459//117 439//117
f 438//116 437//116 417//116
f 437//115 436//115 416//115
f 436//114 435//114 415//114
f 435//113 434//113 414//113
f 434//112 433//112 413//112
f 433//111 432//111 412//111
f 432//110 431//110 411//110
f 431//109 430//109 410//109
f 430//108 429//108 409//108
f 429//107 428//107 408//107
f 428//106 427//106 407//106
f 427//105 426//105 406//105
f 426//104 425//104 405//104
f 425//103 424//103 404//103
f 424//102 423//102 403//102
f 423//101 422//101 402//101
f 422//100 421//100 401//100
f 421//99 420//99 400//99
f 420//98 439//98 419//98
f 418//97 417//97 397//97
f 417//96 416//96 396//96
f 416//95 415//95 395//95
f 415//94 414//94 394//94
f 414//93 413//93 393//93
f 413//92 412//92 392//92
f 412//91 411//91 391//91
f 411//90 410//90 390//90
f 410//89 409//89 389//89
f 409//88 408//88 388//88
f 408//87 407//87 387//87
f 407//86 406//86 386//86
f 406//85 405//85 385//85
f 405//84 404//84 384//84
f 404//83 403//83 383//83
f 403//82 402//82 382//82
f 402//81 401//81 381//81
f 401//80 400//80 380//80
f 400//79 419//79 399//79
f 398//78 397//78 377//78
f 397//77 396//77 376//77
f 396//76 395//76 375//76
f 395//75 394//75 374//75
f 394//74 393//74 373//74
f 393//73 392//73 372//73
f 392//72 391//72 371//72
f 391//71 390//71 370//71
f 390//70 389//70 369//70
f 389//69 388//69 368//69
f 388//68 387//68 367//68
f 387//67 386//67 366//67
f 386//66 385//66 365//66
f 385//65 384//65 364//65
f 384//64 383//64 363//64
f 383//63 382//63 362//63
f 382//62 381//62 361//62
f 381//61 380//61 360//61
f 380//60 399//60 379//60
f 378//59 377//59 356//59
f 377//58 376//58 354//58
f 376//57 375//57 352//57
f 375//56 374//56 350//56
f 374//55 373//55 348//55
f 373//54 372//54 346//54
f 372//53 371//53 344//53
f 371//52 370//52 342//52
f 370//51 369//51 340//51
f 369//50 368//50 338//50
f 368//49 367//49 336//49
f 367//48 366//48 334//48
f 366//47 365//47 332//47
f 365//46 364//46 330//46
f 364//45 363//45 328//45
f 363//44 362//44 326//44
f 362//43 361//43 324//43
f 361//42 360//42 322//42
f 360//41 379//41 359//41
f 358//40 356//40 355//40
f 356//39 354//39 353//39
f 354//38 352//38 351//38
f 352//37 350//37 349//37
f 350//36 348//36 347//36
f 348//35 346//35 345//35
f 346//34 344//34 343//34
f 344//33 342//33 341//33
f 342//32 340//32 339//32
f 340//31 338//31 337//31
f 338//30 336//30 335//30
f 336//29 334//29 333//29
f 334//28 332//28 331//28
f 332//27 330//27 329//27
f 330//26 328//26 327//26
f 328//25 326//25 325//25
f 326//24 324//24 323//24
f 324//23 322//23 321//23
f 322//22 359//22 320//22
f 357//258 355//258 542//258
f 355//259 353//259 542//259
f 353//260 351//260 542//260
f 351//261 349//261 542//261
f 349//262 347//262 542//262
f 347//263 345//263 542//263
f 345//264 343//264 542//264
f 343//265 341//265 542//265
f 341//266 339//266 542//266
f 339//267 337//267 542//267
f 337//268 335//268 542//268
f 335//269 333//269 542//269
f 333//270 331//270 542//270
f 331//271 329//271 542//271
f 329//272 327//272 542//272
f 327//273 325//273 542//273
f 325//274 323//274 542//274
f 323//275 321//275 542//275
f 321//276 320//276 542//276
f 563//277 527//277 526//277
f 563//278 564//278 524//278
f 524//278 525//278 563//278
f 564//279 523//279 524//279
f 564//280 565//280 521//280
f 565//281 522//281 521//281
f 566//282 519//282 520//282
f 520//283 565//283 566//283
f 566//284 567//284 518//284
f 567//285 517//285 518//285
f 568//286 516//286 515//286
f 515//287 567//287 568//287
f 568//288 569//288 513//288
f 513//288 514//288 568//288
f 569//289 512//289 513//289
f 569//290 570//290 510//290
f 570//291 511//291 510//291
f 571//292 508//292 509//292
f 509//293 570//293 571//293
f 571//294 572//294 507//294
f 572//295 506//295 507//295
f 573//296 505//296 504//296
f 504//297 572//297 573//297
f 573//298 574//298 502//298
f 502//298 503//298 573//298
f 574//299 501//299 502//299
f 574//300 575//300 500//300
f 530//301 500//301 575//301
f 576//302 562//302 530//302
f 528//303 577//303 578//303
f 578//304 526//304 528//304
f 528//305 558//305 577//305
f 575//306 576//306 530//306
f 500//307 501//307 574//307
f 503//308 505//308 573//308
f 504//309 506//309 572//309
f 507//310 508//310 571//310
f 509//311 511//311 570//311
f 510//312 512//312 569//312
f 514//313 516//313 568//313
f 515//314 517//314 567//314
f 518//315 519//315 566//315
f 520//316 522//316 565//316
f 521//317 523//317 564//317
f 525//318 527//318 563//318
f 526//319 578//319 563//319
f 579//320 531//320 529//320
f 579//321 580//321 532//321
f 532//322 561//322 579//322
f 580//323 533//323 532//323
f 581//324 535//324 534//324
f 534//325 580//325 581//325
f 581//326 582//326 536//326
f 536//327 560//327 581//327
f 582//328 537//328 536//328
f 583//329 539//329 538//329
f 538//330 582//330 583//330
f 584//331 585//331 547//331
f 585//332 548//332 547//332
f 586//333 550//333 549//333
f 586//334 551//334 550//334
f 549//335 585//335 586//335
f 586//336 587//336 552//336
f 587//337 553//337 552//337
f 588//338 555//338 554//338
f 554//339 587//339 588//339
f 588//340 556//340 555//340
f 588//341 589//341 557//341
f 558//342 557//342 589//342
f 562//343 590//343 591//343
f 592//344 540//344 559//344
f 593//345 541//345 540//345
f 540//346 592//346 593//346
f 583//347 594//347 592//347
f 592//348 539//348 583//348
f 593//349 595//349 542//349
f 595//350 543//350 542//350
f 584//351 546//351 596//351
f 595//352 596//352 544//352
f 596//353 546//353 545//353
f 545//354 544//354 596//354
f 544//355 543//355 595//355
f 596//356 597//356 584//356
f 542//357 541//357 593//357
f 559//358 539//358 592//358
f 591//359 529//359 562//359
f 589//360 598//360 558//360
f 557//361 556//361 588//361
f 554//362 553//362 587//362
f 552//363 551//363 586//363
f 549//364 548//364 585//364
f 547//365 546//365 584//365
f 538//366 537//366 582//366
f 560//367 535//367 581//367
f 534//368 533//368 580//368
f 561//369 531//369 579//369
f 529//370 591//370 579//370
f 599//371 597//371 596//371
f 600//372 599//372 601//372
f 602//373 600//373 603//373
f 604//374 602//374 605//374
f 606//375 604//375 607//375
f 594//376 606//376 608//376
f 608//376 592//376 594//376
f 607//375 608//375 606//375
f 605//374 607//374 604//374
f 603//373 605//373 602//373
f 601//372 603//372 600//372
f 596//371 601//371 599//371
f 593//377 607//377 605//377
f 595//377 593//377 603//377
f 593//377 608//377 607//377
f 605//377 603//377 593//377
f 603//377 601//377 595//377
f 601//377 596//377 595//377
f 593//377 592//377 608//377
f 562//378 576//378 609//378
f 610//379 611//379 609//379
f 609//380 576//380 610//380
f 609//378 590//378 562//378
f 612//381 609//381 611//381
f 613//382 612//382 614//382
f 615//383 613//383 616//383
f 617//384 615//384 618//384
f 619//385 617//385 620//385
f 620//385 315//385 619//385
f 618//384 620//384 617//384
f 616//383 618//383 615//383
f 614//382 616//382 613//382
f 611//381 614//381 612//381
f 610//386 576//386 621//386
f 621//386 622//386 610//386
f 574//387 623//387 624//387
f 624//388 575//388 574//388
f 573//389 625//389 626//389
f 626//390 574//390 573//390
f 572//391 627//391 628//391
f 628//392 573//392 572//392
f 572//393 571//393 629//393
f 571//394 630//394 629//394
f 571//395 570//395 631//395
f 570//396 632//396 631//396
f 570//397 569//397 633//397
f 569//398 634//398 633//398
f 569//399 568//399 635//399
f 567//400 636//400 637//400
f 637//401 568//401 567//401
f 566//402 638//402 639//402
f 639//403 567//403 566//403
f 565//404 640//404 641//404
f 641//405 566//405 565//405
f 565//406 564//406 642//406
f 564//407 643//407 642//407
f 564//408 563//408 644//408
f 563//409 645//409 644//409
f 563//410 578//410 646//410
f 578//411 647//411 646//411
f 576//412 575//412 648//412
f 577//413 649//413 647//413
f 647//414 578//414 577//414
f 648//415 621//415 576//415
f 646//416 645//416 563//416
f 644//417 643//417 564//417
f 642//418 640//418 565//418
f 641//419 638//419 566//419
f 639//420 636//420 567//420
f 637//421 635//421 568//421
f 635//399 634//399 569//399
f 633//422 632//422 570//422
f 631//423 630//423 571//423
f 629//424 627//424 572//424
f 628//425 625//425 573//425
f 626//426 623//426 574//426
f 624//427 648//427 575//427
f 650//428 651//428 622//428
f 622//428 621//428 650//428
f 652//429 653//429 645//429
f 653//430 644//430 645//430
f 653//431 654//431 643//431
f 654//432 642//432 643//432
f 655//433 641//433 640//433
f 640//434 654//434 655//434
f 656//435 639//435 638//435
f 638//436 655//436 656//436
f 657//437 637//437 636//437
f 636//438 656//438 657//438
f 657//439 658//439 634//439
f 634//439 635//439 657//439
f 658//440 633//440 634//440
f 658//441 659//441 632//441
f 659//442 631//442 632//442
f 659//443 660//443 630//443
f 660//444 629//444 630//444
f 660//445 661//445 627//445
f 661//446 628//446 627//446
f 662//447 626//447 625//447
f 625//448 661//448 662//448
f 663//449 624//449 623//449
f 623//450 662//450 663//450
f 650//451 621//451 648//451
f 648//452 663//452 650//452
f 664//453 652//453 647//453
f 652//454 646//454 647//454
f 647//455 649//455 664//455
f 648//456 624//456 663//456
f 623//457 626//457 662//457
f 625//458 628//458 661//458
f 627//459 629//459 660//459
f 630//460 631//460 659//460
f 632//461 633//461 658//461
f 635//462 637//462 657//462
f 636//463 639//463 656//463
f 638//464 641//464 655//464
f 640//465 642//465 654//465
f 643//466 644//466 653//466
f 645//467 646//467 652//467
f 665//468 666//468 664//468
f 664//468 649//468 665//468
f 667//469 665//469 649//469
f 649//469 577//469 667//469
f 667//470 577//470 668//470
f 558//471 598//471 668//471
f 668//471 577//471 558//471
f 668//472 669//472 667//472
f 670//473 671//473 283//473
f 672//474 670//474 673//474
f 674//475 672//475 675//475
f 676//476 674//476 677//476
f 668//477 676//477 678//477
f 678//477 669//477 668//477
f 677//476 678//476 676//476
f 675//475 677//475 674//475
f 673//474 675//474 672//474
f 283//473 673//473 670//473
f 679//377 680//377 673//377
f 681//377 682//377 266//377
f 683//377 681//377 257//377
f 667//377 669//377 684//377
f 685//377 678//377 677//377
f 685//377 686//377 669//377
f 673//377 283//377 679//377
f 266//377 687//377 688//377
f 266//377 257//377 681//377
f 257//377 256//377 683//377
f 666//377 689//377 690//377
f 684//377 691//377 667//377
f 669//377 678//377 685//377
f 692//377 685//377 675//377
f 283//377 688//377 679//377
f 266//377 693//377 687//377
f 256//377 258//377 683//377
f 258//377 690//377 694//377
f 666//377 695//377 689//377
f 696//377 666//377 665//377
f 669//377 686//377 684//377
f 675//377 673//377 692//377
f 688//377 283//377 266//377
f 694//377 683//377 258//377
f 666//377 697//377 695//377
f 665//377 667//377 696//377
f 677//377 675//377 685//377
f 682//377 693//377 266//377
f 696//377 697//377 666//377
f 691//377 698//377 667//377
f 690//377 258//377 666//377
f 680//377 692//377 673//377
f 698//377 696//377 667//377
f 699//478 258//478 256//478
f 256//478 700//478 699//478
f 266//479 701//479 702//479
f 257//480 702//480 700//480
f 700//480 256//480 257//480
f 702//479 257//479 266//479
f 266//481 283//481 671//481
f 671//481 701//481 266//481
f 671//481 703//481 701//481
f 692//482 680//482 704//482
f 680//483 679//483 705//483
f 679//484 688//484 706//484
f 688//485 687//485 707//485
f 687//486 693//486 708//486
f 693//487 682//487 709//487
f 682//488 681//488 710//488
f 681//489 683//489 711//489
f 683//490 694//490 712//490
f 694//491 690//491 713//491
f 690//492 689//492 714//492
f 689//493 695//493 715//493
f 695//494 697//494 716//494
f 697//495 696//495 717//495
f 696//496 698//496 718//496
f 698//497 691//497 719//497
f 691//498 684//498 720//498
f 684//499 686//499 721//499
f 686//500 685//500 722//500
f 685//501 692//501 723//501
f 723//501 722//501 685//501
f 722//500 721//500 686//500
f 721//499 720//499 684//499
f 720//498 719//498 691//498
f 719//497 718//497 698//497
f 718//496 717//496 696//496
f 717//495 716//495 697//495
f 716//494 715//494 695//494
f 715//493 714//493 689//493
f 714//492 713//492 690//492
f 713//491 712//491 694//491
f 712//490 711//490 683//490
f 711//489 710//489 681//489
f 710//488 709//488 682//488
f 709//487 708//487 693//487
f 708//486 707//486 687//486
f 707//485 706//485 688//485
f 706//484 705//484 679//484
f 705//483 704//483 680//483
f 704//482 723//482 692//482
f 724//11 725//11 713//11
f 726//12 724//12 714//12
f 727//13 726//13 715//13
f 728//14 727//14 716//14
f 729//15 728//15 717//15
f 730//16 729//16 718//16
f 731//17 730//17 719//17
f 732//18 731//18 720//18
f 733//19 732//19 721//19
f 734//20 733//20 722//20
f 735//1 734//1 723//1
f 736//2 735//2 704//2
f 737//3 736//3 705//3
f 738//4 737//4 706//4
f 739//5 738//5 707//5
f 740//6 739//6 708//6
f 741//7 740//7 709//7
f 742//8 741//8 710//8
f 743//9 742//9 711//9
f 725//10 743//10 712//10
f 712//10 713//10 725//10
f 711//9 712//9 743//9
f 710//8 711//8 742//8
f 709//7 710//7 741//7
f 708//6 709//6 740//6
f 707//5 708//5 739//5
f 706//4 707//4 738//4
f 705//3 706//3 737//3
f 704//2 705//2 736//2
f 723//1 704//1 735//1
f 722//20 723//20 734//20
f 721//19 722//19 733//19
f 720//18 721//18 732//18
f 719//17 720//17 731//17
f 718//16 719//16 730//16
f 717//15 718//15 729//15
f 716//14 717//14 728//14
f 715//13 716//13 727//13
f 714//12 715//12 726//12
f 713//11 714//11 724//11
f 744//502 745//502 743//502
f 745//503 746//503 742//503
f 746//504 747//504 741//504
f 747//505 748//505 740//505
f 748//506 749//506 739//506
f 749//507 750//507 738//507
f 750//508 751//508 737//508
f 751//509 752//509 736//509
f 752//510 753//510 735//510
f 753//511 754//511 734//511
f 754//512 755//512 733//512
f 755//513 756//513 732//513
f 756//514 757//514 731//514
f 757//515 758//515 730//515
f 758//516 759//516 729//516
f 759//517 760//517 728//517
f 760//518 761//518 727//518
f 761//519 762//519 726//519
f 762//520 763//520 724//520
f 763//521 744//521 725//521
f 725//521 724//521 763//521
f 724//520 726//520 762//520
f 726//519 727//519 761//519
f 727//518 728//518 760//518
f 728//517 729//517 759//517
f 729//516 730//516 758//516
f 730//515 731//515 757//515
f 731//514 732//514 756//514
f 732//513 733//513 755//513
f 733//512 734//512 754//512
f 734//511 735//511 753//511
f 735//510 736//510 752//510
f 736//509 737//509 751//509
f 737//508 738//508 750//508
f 738//507 739//507 749//507
f 739//506 740//506 748//506
f 740//505 741//505 747//505
f 741//504 742//504 746//504
f 742//503 743//503 745//503
f 743//502 725//502 744//502
f 252//522 764//522 619//522
f 764//522 765//522 619//522
f 619//522 315//522 252//522
f 255//523 766//523 767//523
f 254//524 767//524 764//524
f 764//524 252//524 254//524
f 767//523 254//523 255//523
f 768//472 766//472 255//472
f 255//472 319//472 768//472
f 769//377 610//377 622//377
f 651//377 319//377 770//377
f 771//377 255//377 254//377
f 772//377 254//377 252//377
f 252//377 315//377 773//377
f 774//377 315//377 620//377
f 775//377 614//377 611//377
f 775//377 618//377 616//377
f 610//377 776//377 777//377
f 651//377 778//377 769//377
f 319//377 779//377 770//377
f 771//377 319//377 255//377
f 252//377 780//377 781//377
f 773//377 782//377 252//377
f 620//377 783//377 774//377
f 616//377 614//377 775//377
f 610//377 784//377 776//377
f 610//377 785//377 786//377
f 770//377 778//377 651//377
f 254//377 772//377 771//377
f 782//377 780//377 252//377
f 620//377 787//377 783//377
f 787//377 620//377 618//377
f 611//377 777//377 788//377
f 786//377 784//377 610//377
f 771//377 779//377 319//377
f 774//377 773//377 315//377
f 611//377 788//377 775//377
f 610//377 769//377 785//377
f 252//377 781//377 772//377
f 777//377 611//377 610//377
f 618//377 775//377 787//377
f 622//377 651//377 769//377
f 787//482 775//482 789//482
f 775//483 788//483 790//483
f 788//484 777//484 791//484
f 777//485 776//485 792//485
f 776//486 784//486 793//486
f 784//487 786//487 794//487
f 786//488 785//488 795//488
f 785//489 769//489 796//489
f 769//490 778//490 797//490
f 778//491 770//491 798//491
f 770//492 779//492 799//492
f 779//493 771//493 800//493
f 771//494 772//494 801//494
f 772//495 781//495 802//495
f 781//496 780//496 803//496
f 780//497 782//497 804//497
f 782//498 773//498 805//498
f 773//499 774//499 806//499
f 774//500 783//500 807//500
f 783//501 787//501 808//501
f 808//501 807//501 783//501
f 807//500 806//500 774//500
f 806//499 805//499 773//499
f 805//498 804//498 782//498
f 804//497 803//497 780//497
f 803//496 802//496 781//496
f 802//495 801//495 772//495
f 801//494 800//494 771//494
f 800//493 799//493 779//493
f 799//492 798//492 770//492
f 798//491 797//491 778//491
f 797//490 796//490 769//490
f 796//489 795//489 785//489
f 795//488 794//488 786//488
f 794//487 793//487 784//487
f 793//486 792//486 776//486
f 792//485 791//485 777//485
f 791//484 790//484 788//484
f 790//483 789//483 775//483
f 789//482 808//482 787//482
f 809//11 810//11 798//11
f 811//12 809//12 799//12
f 812//13 811//13 800//13
f 813//14 812//14 801//14
f 814//15 813//15 802//15
f 815//16 814//16 803//16
f 816//17 815//17 804//17
f 817//18 816//18 805//18
f 818//19 817//19 806//19
f 819//20 818//20 807//20
f 820//1 819//1 808//1
f 821//2 820//2 789//2
f 822//3 821//3 790//3
f 823//4 822//4 791//4
f 824//5 823//5 792//5
f 825//6 824//6 793//6
f 826//7 825//7 794//7
f 827//8 826//8 795//8
f 828//9 827//9 796//9
f 810//10 828//10 797//10
f 797//10 798//10 810//10
f 796//9 797//9 828//9
f 795//8 796//8 827//8
f 794//7 795//7 826//7
f 793//6 794//6 825//6
f 792//5 793//5 824//5
f 791//4 792//4 823//4
f 790//3 791//3 822//3
f 789//2 790//2 821//2
f 808//1 789//1 820//1
f 807//20 808//20 819//20
f 806//19 807//19 818//19
f 805//18 806//18 817//18
f 804//17 805//17 816//17
f 803//16 804//16 815//16
f 802//15 803//15 814//15
f 801//14 802//14 813//14
f 800//13 801//13 812//13
f 799//12 800//12 811//12
f 798//11 799//11 809//11
f 829//502 830//502 828//502
f 830//503 831//503 827//503
f 831//504 832//504 826//504
f 832//505 833//505 825//505
f 833//506 834//506 824//506
f 834//507 835//507 823//507
f 835//508 836//508 822//508
f 836//509 837//509 821//509
f 837//510 838//510 820//510
f 838//511 839//511 819//511
f 839//512 840//512 818//512
f 840//513 841//513 817//513
f 841//514 842//514 816//514
f 842//515 843//515 815//515
f 843//516 844//516 814//516
f 844//517 845//517 813//517
f 845//518 846//518 812//518
f 846//519 847//519 811//519
f 847//520 848//520 809//520
f 848//521 829//521 810//521
f 810//521 809//521 848//521
f 809//520 811//520 847//520
f 811//519 812//519 846//519
f 812//518 813//518 845//518
f 813//517 814//517 844//517
f 814//516 815//516 843//516
f 815//515 816//515 842//515
f 816//514 817//514 841//514
f 817//513 818//513 840//513
f 818//512 819//512 839//512
f 819//511 820//511 838//511
f 820//510 821//510 837//510
f 821//509 822//509 836//509
f 822//508 823//508 835//508
f 823//507 824//507 834//507
f 824//506 825//506 833//506
f 825//505 826//505 832//505
f 826//504 827//504 831//504
f 827//503 828//503 830//503
f 828//502 810//502 829//502
f 664//525 666//525 849//525
f 664//525 850//525 851//525
f 851//525 652//525 664//525
f 852//525 653//525 652//525
f 652//525 851//525 852//525
f 853//525 654//525 653//525
f 854//525 656//525 655//525
f 855//525 657//525 656//525
f 856//525 658//525 657//525
f 650//525 663//525 857//525
f 650//525 858//525 859//525
f 653//525 852//525 853//525
f 860//525 655//525 654//525
f 656//525 854//525 855//525
f 657//525 855//525 856//525
f 861//525 857//525 663//525
f 859//525 651//525 650//525
f 654//525 853//525 860//525
f 856//525 862//525 658//525
f 863//525 864//525 660//525
f 864//525 865//525 661//525
f 865//525 861//525 662//525
f 857//525 858//525 650//525
f 655//525 860//525 854//525
f 862//525 863//525 659//525
f 661//525 660//525 864//525
f 663//525 662//525 861//525
f 659//525 658//525 862//525
f 662//525 661//525 865//525
f 660//525 659//525 863//525
f 258//525 699//525 849//525
f 319//525 651//525 859//525
f 849//525 666//525 258//525
f 849//525 850//525 664//525
f 859//525 768//525 319//525
f 857//526 861//526 866//526
f 861//527 867//527 866//527
f 861//528 865//528 868//528
f 865//529 869//529 868//529
f 864//530 870//530 871//530
f 871//531 865//531 864//531
f 863//532 872//532 873//532
f 873//533 864//533 863//533
f 862//534 874//534 875//534
f 875//535 863//535 862//535
f 856//536 876//536 877//536
f 877//537 862//537 856//537
f 856//538 855//538 878//538
f 855//539 879//539 878//539
f 855//540 854//540 880//540
f 854//541 881//541 880//541
f 854//542 860//542 882//542
f 860//543 883//543 882//543
f 853//544 884//544 885//544
f 885//545 860//545 853//545
f 852//546 886//546 887//546
f 887//547 853//547 852//547
f 851//548 888//548 889//548
f 889//549 852//549 851//549
f 858//550 857//550 890//550
f 857//551 891//551 890//551
f 850//552 892//552 893//552
f 893//553 851//553 850//553
f 893//554 888//554 851//554
f 890//555 894//555 858//555
f 889//556 886//556 852//556
f 887//557 884//557 853//557
f 885//558 883//558 860//558
f 882//559 881//559 854//559
f 880//560 879//560 855//560
f 878//561 876//561 856//561
f 877//562 874//562 862//562
f 875//563 872//563 863//563
f 873//564 870//564 864//564
f 871//565 869//565 865//565
f 868//566 867//566 861//566
f 866//567 891//567 857//567
f 858//568 894//568 895//568
f 895//568 859//568 858//568
f 764//21 843//21 842//21
f 847//21 846//21 767//21
f 838//21 896//21 897//21
f 842//21 898//21 764//21
f 846//21 845//21 764//21
f 767//21 766//21 847//21
f 832//21 859//21 895//21
f 833//21 895//21 896//21
f 899//21 839//21 838//21
f 840//21 839//21 899//21
f 764//21 844//21 843//21
f 764//21 767//21 846//21
f 768//21 848//21 847//21
f 896//21 834//21 833//21
f 896//21 836//21 835//21
f 899//21 898//21 840//21
f 898//21 842//21 841//21
f 845//21 844//21 764//21
f 768//21 829//21 848//21
f 859//21 830//21 829//21
f 859//21 832//21 831//21
f 835//21 834//21 896//21
f 896//21 838//21 837//21
f 841//21 840//21 898//21
f 766//21 768//21 847//21
f 831//21 830//21 859//21
f 837//21 836//21 896//21
f 898//21 765//21 764//21
f 895//21 833//21 832//21
f 829//21 768//21 859//21
f 897//21 899//21 838//21
f 896//569 895//569 894//569
f 894//569 900//569 896//569
f 901//472 897//472 896//472
f 896//472 900//472 901//472
f 902//570 903//570 891//570
f 866//571 904//571 902//571
f 903//572 890//572 891//572
f 905//573 904//573 867//573
f 868//574 906//574 905//574
f 904//575 866//575 867//575
f 871//576 907//576 908//576
f 906//577 868//577 869//577
f 869//578 908//578 906//578
f 873//579 909//579 910//579
f 907//580 871//580 870//580
f 870//581 910//581 907//581
f 875//582 911//582 912//582
f 909//583 873//583 872//583
f 872//584 912//584 909//584
f 877//585 913//585 914//585
f 911//586 875//586 874//586
f 874//587 914//587 911//587
f 913//588 877//588 876//588
f 915//589 876//589 878//589
f 916//590 917//590 879//590
f 878//591 879//591 917//591
f 917//592 918//592 878//592
f 919//593 920//593 881//593
f 880//594 881//594 920//594
f 920//595 916//595 880//595
f 921//596 922//596 883//596
f 882//597 883//597 922//597
f 922//598 919//598 882//598
f 923//599 924//599 884//599
f 885//600 884//600 924//600
f 924//601 921//601 885//601
f 925//602 887//602 886//602
f 886//603 926//603 925//603
f 925//604 923//604 887//604
f 927//605 889//605 888//605
f 888//606 928//606 927//606
f 927//607 926//607 889//607
f 900//608 894//608 890//608
f 928//609 893//609 892//609
f 892//610 929//610 928//610
f 890//611 903//611 900//611
f 888//612 893//612 928//612
f 886//613 889//613 926//613
f 884//614 887//614 923//614
f 883//615 885//615 921//615
f 881//616 882//616 919//616
f 879//617 880//617 916//617
f 878//589 918//589 915//589
f 876//588 915//588 913//588
f 914//618 874//618 877//618
f 912//619 872//619 875//619
f 910//620 870//620 873//620
f 908//621 869//621 871//621
f 867//622 868//622 905//622
f 891//623 866//623 902//623
f 850//624 849//624 930//624
f 930//624 892//624 850//624
f 701//21 703//21 931//21
f 746//21 700//21 702//21
f 931//21 751//21 701//21
f 751//21 750//21 701//21
f 699//21 746//21 745//21
f 746//21 699//21 700//21
f 747//21 702//21 701//21
f 753//21 931//21 932//21
f 755//21 932//21 933//21
f 702//21 747//21 746//21
f 701//21 749//21 748//21
f 931//21 752//21 751//21
f 932//21 754//21 753//21
f 933//21 756//21 755//21
f 934//21 758//21 757//21
f 701//21 748//21 747//21
f 753//21 752//21 931//21
f 933//21 757//21 756//21
f 934//21 759//21 758//21
f 762//21 934//21 930//21
f 750//21 749//21 701//21
f 757//21 933//21 934//21
f 934//21 761//21 760//21
f 849//21 763//21 762//21
f 849//21 699//21 744//21
f 755//21 754//21 932//21
f 934//21 762//21 761//21
f 744//21 763//21 849//21
f 760//21 759//21 934//21
f 745//21 744//21 699//21
f 930//21 849//21 762//21
f 934//625 929//625 892//625
f 892//625 930//625 934//625
f 935//379 929//379 934//379
f 934//379 933//379 935//379
f 905//626 936//626 937//626
f 938//627 902//627 904//627
f 904//628 937//628 938//628
f 906//629 908//629 939//629
f 908//630 940//630 939//630
f 905//631 906//631 941//631
f 941//632 936//632 905//632
f 910//633 942//633 943//633
f 943//634 907//634 910//634
f 940//635 908//635 907//635
f 909//636 912//636 944//636
f 912//637 945//637 944//637
f 942//638 910//638 909//638
f 909//639 946//639 942//639
f 911//640 914//640 947//640
f 914//641 948//641 947//641
f 945//642 912//642 911//642
f 915//643 949//643 950//643
f 950//644 913//644 915//644
f 948//645 914//645 913//645
f 915//646 918//646 951//646
f 918//647 952//647 951//647
f 951//648 949//648 915//648
f 916//649 953//649 954//649
f 954//650 917//650 916//650
f 954//651 952//651 917//651
f 955//652 956//652 919//652
f 919//653 956//653 957//653
f 957//654 920//654 919//654
f 957//655 953//655 920//655
f 922//656 921//656 958//656
f 921//657 959//657 958//657
f 958//658 955//658 922//658
f 925//659 960//659 961//659
f 923//660 961//660 962//660
f 962//661 924//661 923//661
f 962//662 959//662 924//662
f 963//663 964//663 926//663
f 925//664 926//664 964//664
f 964//665 960//665 925//665
f 903//666 902//666 965//666
f 901//667 900//667 903//667
f 902//668 938//668 965//668
f 928//669 935//669 966//669
f 966//670 927//670 928//670
f 928//671 929//671 935//671
f 966//672 963//672 927//672
f 965//673 901//673 903//673
f 926//674 927//674 963//674
f 961//675 923//675 925//675
f 921//676 924//676 959//676
f 919//677 922//677 955//677
f 916//678 920//678 953//678
f 918//679 917//679 952//679
f 950//680 948//680 913//680
f 947//681 945//681 911//681
f 944//682 946//682 909//682
f 943//683 940//683 907//683
f 939//684 941//684 906//684
f 937//685 904//685 905//685
f 967//686 901//686 965//686
f 968//687 969//687 938//687
f 969//688 965//688 938//688
f 968//689 937//689 936//689
f 936//690 970//690 968//690
f 970//691 941//691 939//691
f 971//692 972//692 940//692
f 972//693 939//693 940//693
f 971//694 943//694 942//694
f 942//695 973//695 971//695
f 973//696 946//696 944//696
f 974//697 975//697 945//697
f 975//698 944//698 945//698
f 974//699 947//699 948//699
f 948//700 976//700 974//700
f 976//701 950//701 949//701
f 977//702 949//702 951//702
f 978//703 979//703 952//703
f 979//704 951//704 952//704
f 978//705 954//705 953//705
f 953//706 980//706 978//706
f 980//707 957//707 956//707
f 981//708 982//708 955//708
f 982//709 956//709 955//709
f 981//710 958//710 959//710
f 959//711 983//711 981//711
f 983//712 962//712 961//712
f 984//713 985//713 960//713
f 985//714 961//714 960//714
f 984//715 964//715 963//715
f 963//716 986//716 984//716
f 986//717 966//717 935//717
f 987//718 988//718 989//718
f 989//719 969//719 987//719
f 987//720 969//720 968//720
f 990//721 968//721 970//721
f 991//722 970//722 972//722
f 992//723 972//723 971//723
f 993//724 971//724 973//724
f 994//725 973//725 975//725
f 995//726 975//726 974//726
f 996//727 974//727 976//727
f 997//728 976//728 977//728
f 998//729 977//729 979//729
f 999//730 979//730 978//730
f 1000//731 978//731 980//731
f 1001//732 980//732 982//732
f 1002//733 982//733 981//733
f 1003//734 981//734 983//734
f 1004//735 983//735 985//735
f 1005//736 985//736 984//736
f 1006//737 984//737 986//737
f 1007//738 986//738 1008//738
f 986//739 1009//739 1008//739
f 987//740 1010//740 1011//740
f 1010//741 987//741 990//741
f 1012//742 990//742 991//742
f 1013//743 991//743 992//743
f 1014//744 992//744 993//744
f 1015//745 993//745 994//745
f 1016//746 994//746 995//746
f 1017//747 995//747 996//747
f 1018//748 996//748 997//748
f 1019//749 997//749 998//749
f 1020//750 998//750 999//750
f 1021//751 999//751 1000//751
f 1022//752 1000//752 1001//752
f 1023//753 1001//753 1002//753
f 1024//754 1002//754 1003//754
f 1025//755 1003//755 1004//755
f 1026//756 1004//756 1005//756
f 1027//757 1005//757 1006//757
f 1028//758 1006//758 1007//758
f 1007//759 1029//759 1030//759
f 1031//760 1011//760 1010//760
f 1032//761 1010//761 1012//761
f 1033//762 1012//762 1013//762
f 1034//763 1013//763 1014//763
f 1035//764 1014//764 1015//764
f 1036//765 1015//765 1016//765
f 1037//766 1016//766 1017//766
f 1038//767 1017//767 1018//767
f 1039//768 1018//768 1019//768
f 1040//769 1019//769 1020//769
f 1041//770 1020//770 1021//770
f 1042//771 1021//771 1022//771
f 1043//772 1022//772 1023//772
f 1044//773 1023//773 1024//773
f 1045//774 1024//774 1025//774
f 1046//775 1025//775 1026//775
f 1047//776 1026//776 1027//776
f 1048//777 1027//777 1028//777
f 1049//778 1028//778 1050//778
f 1051//779 1052//779 1050//779
f 1053//780 1054//780 1055//780
f 1055//781 1032//781 1053//781
f 1053//782 1032//782 1033//782
f 1056//783 1033//783 1034//783
f 1057//784 1034//784 1035//784
f 1058//785 1035//785 1036//785
f 1059//786 1036//786 1037//786
f 1060//787 1037//787 1038//787
f 1061//788 1038//788 1039//788
f 1062//789 1039//789 1040//789
f 1063//790 1040//790 1041//790
f 1064//791 1041//791 1042//791
f 1065//792 1042//792 1043//792
f 1066//793 1043//793 1044//793
f 1067//794 1044//794 1045//794
f 1068//795 1045//795 1046//795
f 1069//796 1046//796 1047//796
f 1070//797 1047//797 1048//797
f 1071//798 1048//798 1049//798
f 1072//799 1049//799 1052//799
f 1073//800 1052//800 1074//800
f 1052//801 1051//801 1074//801
f 1053//802 1075//802 1076//802
f 1075//803 1053//803 1056//803
f 1077//804 1056//804 1057//804
f 1078//805 1057//805 1058//805
f 1079//806 1058//806 1059//806
f 1080//807 1059//807 1060//807
f 1081//808 1060//808 1061//808
f 1082//809 1061//809 1062//809
f 1083//810 1062//810 1063//810
f 1084//811 1063//811 1064//811
f 1085//812 1064//812 1065//812
f 1086//813 1065//813 1066//813
f 1087//814 1066//814 1067//814
f 1088//815 1067//815 1068//815
f 1089//816 1068//816 1069//816
f 1090//817 1069//817 1070//817
f 1091//818 1070//818 1071//818
f 1092//819 1071//819 1072//819
f 1093//820 1072//820 1073//820
f 1073//821 1094//821 1095//821
f 1095//822 1096//822 1073//822
f 1097//823 1076//823 1075//823
f 1098//824 1075//824 1077//824
f 1099//825 1077//825 1078//825
f 1100//826 1078//826 1079//826
f 1101//827 1079//827 1080//827
f 1102//828 1080//828 1081//828
f 1103//829 1081//829 1082//829
f 1104//830 1082//830 1083//830
f 1105//831 1083//831 1084//831
f 1106//832 1084//832 1085//832
f 1107//833 1085//833 1086//833
f 1108//834 1086//834 1087//834
f 1109//835 1087//835 1088//835
f 1110//836 1088//836 1089//836
f 1111//837 1089//837 1090//837
f 1112//838 1090//838 1091//838
f 1113//839 1091//839 1092//839
f 1114//840 1092//840 1093//840
f 1115//841 1093//841 1096//841
f 1116//842 1117//842 1118//842
f 1119//843 1120//843 1121//843
f 1121//844 1098//844 1119//844
f 1119//845 1098//845 1099//845
f 1122//846 1099//846 1100//846
f 1123//847 1100//847 1101//847
f 1124//848 1101//848 1102//848
f 1125//849 1102//849 1103//849
f 1126//850 1103//850 1104//850
f 1127//851 1104//851 1105//851
f 1128//852 1105//852 1106//852
f 1129//853 1106//853 1107//853
f 1130//854 1107//854 1108//854
f 1131//855 1108//855 1109//855
f 1132//856 1109//856 1110//856
f 1133//857 1110//857 1111//857
f 1134//858 1111//858 1112//858
f 1135//859 1112//859 1113//859
f 1136//860 1113//860 1114//860
f 1137//861 1114//861 1115//861
f 1138//862 1115//862 1118//862
f 1139//863 1118//863 1117//863
f 1119//864 1140//864 1141//864
f 1140//865 1119//865 1122//865
f 1142//866 1122//866 1123//866
f 1143//867 1123//867 1124//867
f 1144//868 1124//868 1125//868
f 1145//869 1125//869 1126//869
f 1146//870 1126//870 1127//870
f 1147//871 1127//871 1128//871
f 1148//872 1128//872 1129//872
f 1149//873 1129//873 1130//873
f 1150//874 1130//874 1131//874
f 1151//875 1131//875 1132//875
f 1152//876 1132//876 1133//876
f 1153//877 1133//877 1134//877
f 1154//878 1134//878 1135//878
f 1155//879 1135//879 1136//879
f 1156//880 1136//880 1137//880
f 1157//881 1137//881 1138//881
f 1158//882 1138//882 1139//882
f 1139//883 1159//883 1160//883
f 1161//884 1162//884 1160//884
f 1161//885 1158//885 1162//885
f 1161//886 1157//886 1158//886
f 1161//887 1156//887 1157//887
f 1161//888 1155//888 1156//888
f 1161//889 1154//889 1155//889
f 1161//890 1153//890 1154//890
f 1161//891 1152//891 1153//891
f 1161//892 1151//892 1152//892
f 1161//893 1150//893 1151//893
f 1161//894 1149//894 1150//894
f 1161//895 1148//895 1149//895
f 1161//896 1147//896 1148//896
f 1161//897 1146//897 1147//897
f 1161//898 1145//898 1146//898
f 1161//899 1144//899 1145//899
f 1161//900 1143//900 1144//900
f 1161//901 1142//901 1143//901
f 1161//902 1140//902 1142//902
f 1161//903 1141//903 1140//903
f 1160//904 1162//904 1139//904
f 1139//882 1162//882 1158//882
f 1138//881 1158//881 1157//881
f 1137//880 1157//880 1156//880
f 1136//879 1156//879 1155//879
f 1135//878 1155//878 1154//878
f 1134//877 1154//877 1153//877
f 1133//876 1153//876 1152//876
f 1132//875 1152//875 1151//875
f 1131//874 1151//874 1150//874
f 1130//873 1150//873 1149//873
f 1129//872 1149//872 1148//872
f 1128//871 1148//871 1147//871
f 1127//870 1147//870 1146//870
f 1126//869 1146//869 1145//869
f 1125//868 1145//868 1144//868
f 1124//867 1144//867 1143//867
f 1123//866 1143//866 1142//866
f 1122//865 1142//865 1140//865
f 1141//905 1120//905 1119//905
f 1117//906 1159//906 1139//906
f 1118//862 1139//862 1138//862
f 1115//861 1138//861 1137//861
f 1114//860 1137//860 1136//860
f 1113//859 1136//859 1135//859
f 1112//858 1135//858 1134//858
f 1111//857 1134//857 1133//857
f 1110//856 1133//856 1132//856
f 1109//855 1132//855 1131//855
f 1108//854 1131//854 1130//854
f 1107//853 1130//853 1129//853
f 1106//852 1129//852 1128//852
f 1105//851 1128//851 1127//851
f 1104//850 1127//850 1126//850
f 1103//849 1126//849 1125//849
f 1102//848 1125//848 1124//848
f 1101//847 1124//847 1123//847
f 1100//846 1123//846 1122//846
f 1099//845 1122//845 1119//845
f 1121//907 1097//907 1098//907
f 1118//908 1096//908 1116//908
f 1096//841 1118//841 1115//841
f 1093//840 1115//840 1114//840
f 1092//839 1114//839 1113//839
f 1091//838 1113//838 1112//838
f 1090//837 1112//837 1111//837
f 1089//836 1111//836 1110//836
f 1088//835 1110//835 1109//835
f 1087//834 1109//834 1108//834
f 1086//833 1108//833 1107//833
f 1085//832 1107//832 1106//832
f 1084//831 1106//831 1105//831
f 1083//830 1105//830 1104//830
f 1082//829 1104//829 1103//829
f 1081//828 1103//828 1102//828
f 1080//827 1102//827 1101//827
f 1079//826 1101//826 1100//826
f 1078//825 1100//825 1099//825
f 1077//824 1099//824 1098//824
f 1075//909 1098//909 1097//909
f 1095//910 1116//910 1096//910
f 1073//820 1096//820 1093//820
f 1072//819 1093//819 1092//819
f 1071//818 1092//818 1091//818
f 1070//817 1091//817 1090//817
f 1069//816 1090//816 1089//816
f 1068//815 1089//815 1088//815
f 1067//814 1088//814 1087//814
f 1066//813 1087//813 1086//813
f 1065//812 1086//812 1085//812
f 1064//811 1085//811 1084//811
f 1063//810 1084//810 1083//810
f 1062//809 1083//809 1082//809
f 1061//808 1082//808 1081//808
f 1060//807 1081//807 1080//807
f 1059//806 1080//806 1079//806
f 1058//805 1079//805 1078//805
f 1057//804 1078//804 1077//804
f 1056//803 1077//803 1075//803
f 1076//911 1054//911 1053//911
f 1074//912 1094//912 1073//912
f 1052//799 1073//799 1072//799
f 1049//798 1072//798 1071//798
f 1048//797 1071//797 1070//797
f 1047//796 1070//796 1069//796
f 1046//795 1069//795 1068//795
f 1045//794 1068//794 1067//794
f 1044//793 1067//793 1066//793
f 1043//792 1066//792 1065//792
f 1042//791 1065//791 1064//791
f 1041//790 1064//790 1063//790
f 1040//789 1063//789 1062//789
f 1039//788 1062//788 1061//788
f 1038//787 1061//787 1060//787
f 1037//786 1060//786 1059//786
f 1036//785 1059//785 1058//785
f 1035//784 1058//784 1057//784
f 1034//783 1057//783 1056//783
f 1033//782 1056//782 1053//782
f 1055//913 1031//913 1032//913
f 1050//914 1030//914 1051//914
f 1050//778 1052//778 1049//778
f 1028//777 1049//777 1048//777
f 1027//776 1048//776 1047//776
f 1026//775 1047//775 1046//775
f 1025//774 1046//774 1045//774
f 1024//773 1045//773 1044//773
f 1023//772 1044//772 1043//772
f 1022//771 1043//771 1042//771
f 1021//770 1042//770 1041//770
f 1020//769 1041//769 1040//769
f 1019//768 1040//768 1039//768
f 1018//767 1039//767 1038//767
f 1017//766 1038//766 1037//766
f 1016//765 1037//765 1036//765
f 1015//764 1036//764 1035//764
f 1014//763 1035//763 1034//763
f 1013//762 1034//762 1033//762
f 1012//761 1033//761 1032//761
f 1010//915 1032//915 1031//915
f 1030//916 1050//916 1007//916
f 1007//758 1050//758 1028//758
f 1006//757 1028//757 1027//757
f 1005//756 1027//756 1026//756
f 1004//755 1026//755 1025//755
f 1003//754 1025//754 1024//754
f 1002//753 1024//753 1023//753
f 1001//752 1023//752 1022//752
f 1000//751 1022//751 1021//751
f 999//750 1021//750 1020//750
f 998//749 1020//749 1019//749
f 997//748 1019//748 1018//748
f 996//747 1018//747 1017//747
f 995//746 1017//746 1016//746
f 994//745 1016//745 1015//745
f 993//744 1015//744 1014//744
f 992//743 1014//743 1013//743
f 991//742 1013//742 1012//742
f 990//741 1012//741 1010//741
f 1011//917 988//917 987//917
f 1008//918 1029//918 1007//918
f 986//737 1007//737 1006//737
f 984//736 1006//736 1005//736
f 985//735 1005//735 1004//735
f 983//734 1004//734 1003//734
f 981//733 1003//733 1002//733
f 982//732 1002//732 1001//732
f 980//731 1001//731 1000//731
f 978//730 1000//730 999//730
f 979//729 999//729 998//729
f 977//728 998//728 997//728
f 976//727 997//727 996//727
f 974//726 996//726 995//726
f 975//725 995//725 994//725
f 973//724 994//724 993//724
f 971//723 993//723 992//723
f 972//722 992//722 991//722
f 970//721 991//721 990//721
f 968//720 990//720 987//720
f 989//919 967//919 969//919
f 935//717 1009//717 986//717
f 963//920 966//920 986//920
f 960//921 964//921 984//921
f 961//712 985//712 983//712
f 959//922 962//922 983//922
f 955//923 958//923 981//923
f 956//707 982//707 980//707
f 953//924 957//924 980//924
f 952//925 954//925 978//925
f 951//702 979//702 977//702
f 949//701 977//701 976//701
f 948//926 950//926 976//926
f 945//927 947//927 974//927
f 944//696 975//696 973//696
f 942//928 946//928 973//928
f 940//929 943//929 971//929
f 939//691 972//691 970//691
f 936//930 941//930 970//930
f 938//931 937//931 968//931
f 965//686 969//686 967//686
f 1094//932 1163//932 1164//932
f 1164//933 1095//933 1094//933
f 1094//934 1074//934 1163//934
f 1074//935 1165//935 1163//935
f 1074//936 1166//936 1167//936
f 1074//937 1168//937 1166//937
f 1169//938 1170//938 1171//938
f 1171//938 1074//938 1169//938
f 1169//939 1172//939 1170//939
f 1169//940 1173//940 1174//940
f 1174//941 1175//941 1169//941
f 1175//942 1172//942 1169//942
f 1171//943 1168//943 1074//943
f 1169//944 1176//944 1173//944
f 1167//945 1177//945 1074//945
f 1169//946 1178//946 1179//946
f 1179//947 1176//947 1169//947
f 1177//948 1165//948 1074//948
f 1180//949 1117//949 1116//949
f 1116//950 1181//950 1180//950
f 1180//951 1182//951 1159//951
f 1182//952 1160//952 1159//952
f 1183//953 1161//953 1160//953
f 1184//954 1141//954 1161//954
f 1185//955 1121//955 1120//955
f 1120//956 1184//956 1185//956
f 1186//957 1076//957 1097//957
f 1097//958 1185//958 1186//958
f 1187//959 1188//959 1189//959
f 1187//960 1190//960 1191//960
f 1187//961 1192//961 1190//961
f 1187//962 1193//962 1194//962
f 1055//963 1195//963 1193//963
f 1193//962 1187//962 1055//962
f 1194//964 1192//964 1187//964
f 1055//965 1196//965 1197//965
f 1197//966 1198//966 1055//966
f 1198//967 1195//967 1055//967
f 1055//968 1199//968 1196//968
f 1191//969 1200//969 1187//969
f 1076//970 1186//970 1201//970
f 1201//971 1055//971 1054//971
f 1201//972 1054//972 1076//972
f 1201//973 1202//973 1055//973
f 1202//974 1199//974 1055//974
f 1200//975 1188//975 1187//975
f 1011//976 1031//976 765//976
f 765//977 898//977 1011//977
f 1187//978 619//978 765//978
f 765//978 1055//978 1187//978
f 898//979 899//979 988//979
f 899//980 989//980 988//980
f 897//981 901//981 967//981
f 967//982 899//982 897//982
f 933//983 932//983 1009//983
f 932//984 1008//984 1009//984
f 931//985 1030//985 1029//985
f 1029//986 932//986 931//986
f 1169//987 1074//987 703//987
f 1030//988 931//988 703//988
f 703//989 1074//989 1051//989
f 703//990 1051//990 1030//990
f 703//987 671//987 1169//987
f 1029//991 1008//991 932//991
f 1009//992 935//992 933//992
f 967//993 989//993 899//993
f 988//994 1011//994 898//994
f 1031//995 1055//995 765//995
f 1189//996 1203//996 1187//996
f 1097//997 1121//997 1185//997
f 1120//998 1141//998 1184//998
f 1161//954 1183//954 1184//954
f 1160//953 1182//953 1183//953
f 1159//999 1117//999 1180//999
f 1116//1000 1095//1000 1181//1000
f 1164//1001 1181//1001 1095//1001
f 1204//379 1171//379 1170//379
f 1170//379 1205//379 1204//379
f 1193//472 1206//472 1207//472
f 1207//472 1194//472 1193//472
f 1208//1002 1209//1002 1164//1002
f 1210//1003 1208//1003 1163//1003
f 1211//1004 1210//1004 1165//1004
f 1212//1005 1211//1005 1177//1005
f 1177//1006 1167//1006 1212//1006
f 1204//1007 1212//1007 1166//1007
f 1166//1008 1168//1008 1204//1008
f 1168//1009 1171//1009 1204//1009
f 1167//1010 1166//1010 1212//1010
f 1165//1004 1177//1004 1211//1004
f 1163//1003 1165//1003 1210//1003
f 1164//1002 1163//1002 1208//1002
f 1213//1011 1214//1011 1215//1011
f 1216//1012 1215//1012 1217//1012
f 1218//1013 1217//1013 1219//1013
f 1220//1014 1219//1014 1221//1014
f 1222//1015 1221//1015 1223//1015
f 1224//1016 1223//1016 1225//1016
f 1226//1017 1225//1017 1209//1017
f 1227//1018 1213//1018 1216//1018
f 1228//1019 1216//1019 1218//1019
f 1229//1020 1218//1020 1220//1020
f 1230//1021 1220//1021 1222//1021
f 1231//1022 1222//1022 1224//1022
f 1232//1023 1224//1023 1226//1023
f 1233//1024 1226//1024 1208//1024
f 1234//1025 1227//1025 1228//1025
f 1235//1026 1228//1026 1229//1026
f 1236//1027 1229//1027 1230//1027
f 1237//1028 1230//1028 1231//1028
f 1238//1029 1231//1029 1232//1029
f 1239//1030 1232//1030 1233//1030
f 1240//1031 1233//1031 1210//1031
f 1241//1032 1234//1032 1235//1032
f 1242//1033 1235//1033 1236//1033
f 1243//1034 1236//1034 1237//1034
f 1244//1035 1237//1035 1238//1035
f 1245//1036 1238//1036 1239//1036
f 1246//1037 1239//1037 1240//1037
f 1247//1038 1240//1038 1211//1038
f 1248//1039 1241//1039 1242//1039
f 1243//1040 1249//1040 1250//1040
f 1250//1041 1242//1041 1243//1041
f 1243//1042 1244//1042 1251//1042
f 1244//1043 1252//1043 1251//1043
f 1252//1044 1244//1044 1245//1044
f 1246//1045 1253//1045 1254//1045
f 1254//1046 1245//1046 1246//1046
f 1246//1047 1247//1047 1255//1047
f 1247//1048 1256//1048 1255//1048
f 1256//1049 1247//1049 1212//1049
f 1212//1049 1204//1049 1256//1049
f 1255//1050 1253//1050 1246//1050
f 1254//1051 1257//1051 1245//1051
f 1245//1044 1257//1044 1252//1044
f 1251//1052 1249//1052 1243//1052
f 1250//1053 1258//1053 1242//1053
f 1242//1039 1258//1039 1248//1039
f 1211//1038 1212//1038 1247//1038
f 1240//1037 1247//1037 1246//1037
f 1239//1036 1246//1036 1245//1036
f 1238//1035 1245//1035 1244//1035
f 1237//1034 1244//1034 1243//1034
f 1236//1033 1243//1033 1242//1033
f 1235//1032 1242//1032 1241//1032
f 1210//1031 1211//1031 1240//1031
f 1233//1030 1240//1030 1239//1030
f 1232//1029 1239//1029 1238//1029
f 1231//1028 1238//1028 1237//1028
f 1230//1027 1237//1027 1236//1027
f 1229//1026 1236//1026 1235//1026
f 1228//1025 1235//1025 1234//1025
f 1208//1024 1210//1024 1233//1024
f 1226//1023 1233//1023 1232//1023
f 1224//1022 1232//1022 1231//1022
f 1222//1021 1231//1021 1230//1021
f 1220//1020 1230//1020 1229//1020
f 1218//1019 1229//1019 1228//1019
f 1216//1018 1228//1018 1227//1018
f 1209//1017 1208//1017 1226//1017
f 1225//1016 1226//1016 1224//1016
f 1223//1015 1224//1015 1222//1015
f 1221//1014 1222//1014 1220//1014
f 1219//1013 1220//1013 1218//1013
f 1217//1012 1218//1012 1216//1012
f 1215//1011 1216//1011 1213//1011
f 1206//1054 1195//1054 1198//1054
f 1206//1055 1193//1055 1195//1055
f 1259//1056 1197//1056 1196//1056
f 1259//1057 1198//1057 1197//1057
f 1260//1058 1196//1058 1199//1058
f 1261//1059 1199//1059 1202//1059
f 1262//1060 1202//1060 1201//1060
f 1201//1060 1263//1060 1262//1060
f 1202//1059 1262//1059 1261//1059
f 1199//1058 1261//1058 1260//1058
f 1196//1061 1260//1061 1259//1061
f 1198//1062 1259//1062 1206//1062
f 1262//1063 1263//1063 1264//1063
f 1265//1064 1264//1064 1266//1064
f 1267//1065 1266//1065 1268//1065
f 1269//1066 1268//1066 1270//1066
f 1271//1067 1270//1067 1272//1067
f 1273//1068 1272//1068 1274//1068
f 1275//1069 1274//1069 1276//1069
f 1261//1070 1262//1070 1265//1070
f 1277//1071 1265//1071 1267//1071
f 1278//1072 1267//1072 1269//1072
f 1279//1073 1269//1073 1271//1073
f 1280//1074 1271//1074 1273//1074
f 1281//1075 1273//1075 1275//1075
f 1282//1076 1275//1076 1283//1076
f 1260//1077 1261//1077 1277//1077
f 1284//1078 1277//1078 1278//1078
f 1285//1079 1278//1079 1279//1079
f 1286//1080 1279//1080 1280//1080
f 1287//1081 1280//1081 1281//1081
f 1288//1082 1281//1082 1282//1082
f 1289//1083 1282//1083 1290//1083
f 1259//1084 1260//1084 1284//1084
f 1291//1085 1284//1085 1285//1085
f 1292//1086 1285//1086 1286//1086
f 1293//1087 1286//1087 1287//1087
f 1294//1088 1287//1088 1288//1088
f 1295//1089 1288//1089 1289//1089
f 1296//1090 1289//1090 1297//1090
f 1206//1091 1259//1091 1291//1091
f 1292//1092 1298//1092 1299//1092
f 1299//1093 1291//1093 1292//1093
f 1292//1094 1293//1094 1300//1094
f 1293//1095 1301//1095 1300//1095
f 1301//1096 1293//1096 1294//1096
f 1295//1097 1302//1097 1303//1097
f 1303//1098 1294//1098 1295//1098
f 1295//1099 1296//1099 1304//1099
f 1296//1100 1305//1100 1304//1100
f 1305//1101 1296//1101 1306//1101
f 1306//1101 1307//1101 1305//1101
f 1304//1102 1302//1102 1295//1102
f 1303//1103 1308//1103 1294//1103
f 1294//1096 1308//1096 1301//1096
f 1300//1104 1298//1104 1292//1104
f 1299//1105 1309//1105 1291//1105
f 1291//1091 1309//1091 1206//1091
f 1297//1090 1306//1090 1296//1090
f 1289//1089 1296//1089 1295//1089
f 1288//1088 1295//1088 1294//1088
f 1287//1087 1294//1087 1293//1087
f 1286//1086 1293//1086 1292//1086
f 1285//1085 1292//1085 1291//1085
f 1284//1084 1291//1084 1259//1084
f 1290//1083 1297//1083 1289//1083
f 1282//1082 1289//1082 1288//1082
f 1281//1081 1288//1081 1287//1081
f 1280//1080 1287//1080 1286//1080
f 1279//1079 1286//1079 1285//1079
f 1278//1078 1285//1078 1284//1078
f 1277//1077 1284//1077 1260//1077
f 1283//1076 1290//1076 1282//1076
f 1275//1075 1282//1075 1281//1075
f 1273//1074 1281//1074 1280//1074
f 1271//1073 1280//1073 1279//1073
f 1269//1072 1279//1072 1278//1072
f 1267//1071 1278//1071 1277//1071
f 1265//1070 1277//1070 1261//1070
f 1276//1069 1283//1069 1275//1069
f 1274//1068 1275//1068 1273//1068
f 1272//1067 1273//1067 1271//1067
f 1270//1066 1271//1066 1269//1066
f 1268//1065 1269//1065 1267//1065
f 1266//1064 1267//1064 1265//1064
f 1264//1063 1265//1063 1262//1063
f 1276//1106 1214//1106 1213//1106
f 1283//1107 1213//1107 1227//1107
f 1290//1108 1227//1108 1234//1108
f 1297//1109 1234//1109 1241//1109
f 1306//1110 1241//1110 1248//1110
f 1248//1110 1307//1110 1306//1110
f 1241//1109 1306//1109 1297//1109
f 1234//1108 1297//1108 1290//1108
f 1227//1107 1290//1107 1283//1107
f 1213//1106 1283//1106 1276//1106
f 1248//1111 1310//1111 1311//1111
f 1311//1111 1307//1111 1248//1111
f 1255//991 1256//991 1312//991
f 1205//1112 1312//1112 1256//1112
f 1256//1112 1204//1112 1205//1112
f 1313//1113 1254//1113 1253//1113
f 1255//985 1314//985 1315//985
f 1315//985 1253//985 1255//985
f 1313//1114 1316//1114 1257//1114
f 1317//1000 1318//1000 1251//1000
f 1317//13 1252//13 1257//13
f 1257//13 1316//13 1317//13
f 1251//1000 1252//1000 1317//1000
f 1319//999 1320//999 1250//999
f 1249//949 1251//949 1318//949
f 1318//949 1319//949 1249//949
f 1248//953 1258//953 1321//953
f 1258//952 1250//952 1320//952
f 1320//952 1321//952 1258//952
f 1321//953 1310//953 1248//953
f 1250//999 1249//999 1319//999
f 1257//1114 1254//1114 1313//1114
f 1253//1113 1315//1113 1313//1113
f 1312//991 1314//991 1255//991
f 1205//1115 1172//1115 1175//1115
f 1205//1116 1170//1116 1172//1116
f 1322//1117 1174//1117 1173//1117
f 1322//1118 1175//1118 1174//1118
f 1323//1119 1173//1119 1176//1119
f 1324//1120 1176//1120 1179//1120
f 1325//1121 1179//1121 1178//1121
f 1178//1121 1326//1121 1325//1121
f 1179//1120 1325//1120 1324//1120
f 1176//1119 1324//1119 1323//1119
f 1173//1122 1323//1122 1322//1122
f 1175//1123 1322//1123 1205//1123
f 1325//1124 1326//1124 1327//1124
f 1328//1125 1327//1125 1329//1125
f 1330//1126 1329//1126 1331//1126
f 1332//1127 1331//1127 1333//1127
f 1334//1128 1333//1128 1335//1128
f 1336//1129 1335//1129 1337//1129
f 1338//1130 1337//1130 1339//1130
f 1324//1131 1325//1131 1328//1131
f 1340//1132 1328//1132 1330//1132
f 1341//1133 1330//1133 1332//1133
f 1342//1134 1332//1134 1334//1134
f 1343//1135 1334//1135 1336//1135
f 1344//1136 1336//1136 1338//1136
f 1345//1137 1338//1137 1346//1137
f 1323//1138 1324//1138 1340//1138
f 1347//1139 1340//1139 1341//1139
f 1348//1140 1341//1140 1342//1140
f 1349//1141 1342//1141 1343//1141
f 1350//1142 1343//1142 1344//1142
f 1351//1143 1344//1143 1345//1143
f 1352//1144 1345//1144 1353//1144
f 1322//1145 1323//1145 1347//1145
f 1354//1146 1347//1146 1348//1146
f 1355//1147 1348//1147 1349//1147
f 1356//1148 1349//1148 1350//1148
f 1357//1149 1350//1149 1351//1149
f 1358//1150 1351//1150 1352//1150
f 1359//1151 1352//1151 1360//1151
f 1205//1152 1322//1152 1354//1152
f 1355//1153 1315//1153 1314//1153
f 1314//1154 1354//1154 1355//1154
f 1355//1155 1356//1155 1313//1155
f 1356//1156 1316//1156 1313//1156
f 1316//1157 1356//1157 1357//1157
f 1358//1158 1319//1158 1318//1158
f 1318//1159 1357//1159 1358//1159
f 1358//1160 1359//1160 1320//1160
f 1359//1161 1321//1161 1320//1161
f 1321//1162 1359//1162 1361//1162
f 1361//1162 1310//1162 1321//1162
f 1320//1163 1319//1163 1358//1163
f 1318//1164 1317//1164 1357//1164
f 1357//1157 1317//1157 1316//1157
f 1313//1165 1315//1165 1355//1165
f 1314//1166 1312//1166 1354//1166
f 1354//1152 1312//1152 1205//1152
f 1360//1151 1361//1151 1359//1151
f 1352//1150 1359//1150 1358//1150
f 1351//1149 1358//1149 1357//1149
f 1350//1148 1357//1148 1356//1148
f 1349//1147 1356//1147 1355//1147
f 1348//1146 1355//1146 1354//1146
f 1347//1145 1354//1145 1322//1145
f 1353//1144 1360//1144 1352//1144
f 1345//1143 1352//1143 1351//1143
f 1344//1142 1351//1142 1350//1142
f 1343//1141 1350//1141 1349//1141
f 1342//1140 1349//1140 1348//1140
f 1341//1139 1348//1139 1347//1139
f 1340//1138 1347//1138 1323//1138
f 1346//1137 1353//1137 1345//1137
f 1338//1136 1345//1136 1344//1136
f 1336//1135 1344//1135 1343//1135
f 1334//1134 1343//1134 1342//1134
f 1332//1133 1342//1133 1341//1133
f 1330//1132 1341//1132 1340//1132
f 1328//1131 1340//1131 1324//1131
f 1339//1130 1346//1130 1338//1130
f 1337//1129 1338//1129 1336//1129
f 1335//1128 1336//1128 1334//1128
f 1333//1127 1334//1127 1332//1127
f 1331//1126 1332//1126 1330//1126
f 1329//1125 1330//1125 1328//1125
f 1327//1124 1328//1124 1325//1124
f 1362//980 1309//980 1299//980
f 1309//1167 1362//1167 1207//1167
f 1207//1167 1206//1167 1309//1167
f 1300//1168 1363//1168 1364//1168
f 1365//994 1299//994 1298//994
f 1298//994 1364//994 1365//994
f 1366//1169 1308//1169 1303//1169
f 1301//1170 1367//1170 1363//1170
f 1367//8 1301//8 1308//8
f 1308//8 1366//8 1367//8
f 1363//1170 1300//1170 1301//1170
f 1304//955 1368//955 1369//955
f 1370//1171 1303//1171 1302//1171
f 1302//1171 1369//1171 1370//1171
f 1307//954 1311//954 1371//954
f 1305//998 1371//998 1368//998
f 1368//998 1304//998 1305//998
f 1371//954 1305//954 1307//954
f 1369//955 1302//955 1304//955
f 1303//1169 1370//1169 1366//1169
f 1364//1168 1298//1168 1300//1168
f 1299//980 1365//980 1362//980
f 1339//1172 1372//1172 1373//1172
f 1346//1173 1373//1173 1374//1173
f 1353//1174 1374//1174 1375//1174
f 1360//1175 1375//1175 1376//1175
f 1361//1176 1376//1176 1311//1176
f 1311//1176 1310//1176 1361//1176
f 1376//1175 1361//1175 1360//1175
f 1375//1174 1360//1174 1353//1174
f 1374//1173 1353//1173 1346//1173
f 1373//1172 1346//1172 1339//1172
f 1373//1177 1372//1177 1377//1177
f 1378//1178 1377//1178 1379//1178
f 1380//1179 1379//1179 1381//1179
f 1382//1180 1381//1180 1383//1180
f 1384//1181 1383//1181 1385//1181
f 1386//1182 1385//1182 1387//1182
f 1388//1183 1387//1183 1389//1183
f 1374//1184 1373//1184 1378//1184
f 1390//1185 1378//1185 1380//1185
f 1391//1186 1380//1186 1382//1186
f 1392//1187 1382//1187 1384//1187
f 1393//1188 1384//1188 1386//1188
f 1394//1189 1386//1189 1388//1189
f 1395//1190 1388//1190 1396//1190
f 1375//1191 1374//1191 1390//1191
f 1397//1192 1390//1192 1391//1192
f 1398//1193 1391//1193 1392//1193
f 1399//1194 1392//1194 1393//1194
f 1400//1195 1393//1195 1394//1195
f 1401//1196 1394//1196 1395//1196
f 1402//1197 1395//1197 1403//1197
f 1376//1198 1375//1198 1397//1198
f 1404//1199 1397//1199 1398//1199
f 1405//1200 1398//1200 1399//1200
f 1406//1201 1399//1201 1400//1201
f 1407//1202 1400//1202 1401//1202
f 1408//1203 1401//1203 1402//1203
f 1409//1204 1402//1204 1410//1204
f 1311//1205 1376//1205 1404//1205
f 1405//1206 1369//1206 1368//1206
f 1368//1207 1404//1207 1405//1207
f 1405//1208 1406//1208 1370//1208
f 1406//1209 1366//1209 1370//1209
f 1366//1210 1406//1210 1407//1210
f 1408//1211 1364//1211 1363//1211
f 1363//1212 1407//1212 1408//1212
f 1408//1213 1409//1213 1365//1213
f 1409//1214 1362//1214 1365//1214
f 1362//1215 1409//1215 1411//1215
f 1411//1215 1207//1215 1362//1215
f 1365//1216 1364//1216 1408//1216
f 1363//1217 1367//1217 1407//1217
f 1407//1210 1367//1210 1366//1210
f 1370//1218 1369//1218 1405//1218
f 1368//1219 1371//1219 1404//1219
f 1404//1205 1371//1205 1311//1205
f 1410//1204 1411//1204 1409//1204
f 1402//1203 1409//1203 1408//1203
f 1401//1202 1408//1202 1407//1202
f 1400//1201 1407//1201 1406//1201
f 1399//1200 1406//1200 1405//1200
f 1398//1199 1405//1199 1404//1199
f 1397//1198 1404//1198 1376//1198
f 1403//1197 1410//1197 1402//1197
f 1395//1196 1402//1196 1401//1196
f 1394//1195 1401//1195 1400//1195
f 1393//1194 1400//1194 1399//1194
f 1392//1193 1399//1193 1398//1193
f 1391//1192 1398//1192 1397//1192
f 1390//1191 1397//1191 1375//1191
f 1396//1190 1403//1190 1395//1190
f 1388//1189 1395//1189 1394//1189
f 1386//1188 1394//1188 1393//1188
f 1384//1187 1393//1187 1392//1187
f 1382//1186 1392//1186 1391//1186
f 1380//1185 1391//1185 1390//1185
f 1378//1184 1390//1184 1374//1184
f 1389//1183 1396//1183 1388//1183
f 1387//1182 1388//1182 1386//1182
f 1385//1181 1386//1181 1384//1181
f 1383//1180 1384//1180 1382//1180
f 1381//1179 1382//1179 1380//1179
f 1379//1178 1380//1178 1378//1178
f 1377//1177 1378//1177 1373//1177
f 1396//1220 1389//1220 1203//1220
f 1403//1221 1396//1221 1189//1221
f 1410//1222 1403//1222 1188//1222
f 1411//1223 1410//1223 1200//1223
f 1200//1224 1191//1224 1411//1224
f 1207//1225 1411//1225 1190//1225
f 1190//1226 1192//1226 1207//1226
f 1192//1227 1194//1227 1207//1227
f 1191//1228 1190//1228 1411//1228
f 1188//1222 1200//1222 1410//1222
f 1189//1221 1188//1221 1403//1221
f 1203//1220 1189//1220 1396//1220
f 590//377 609//377 612//377
f 615//377 591//377 590//377
f 590//377 613//377 615//377
f 591//377 615//377 617//377
f 617//377 579//377 591//377
f 579//377 617//377 619//377
f 619//377 580//377 579//377
f 1187//377 581//377 580//377
f 1412//377 583//377 582//377
f 1412//377 606//377 594//377
f 580//377 619//377 1187//377
f 1203//377 582//377 581//377
f 672//377 674//377 598//377
f 598//377 674//377 676//377
f 594//377 583//377 1412//377
f 581//377 1187//377 1203//377
f 589//377 588//377 670//377
f 676//377 668//377 598//377
f 1413//377 1335//377 1333//377
f 1413//377 1339//377 1337//377
f 1414//377 1379//377 1377//377
f 612//377 613//377 590//377
f 1178//377 1169//377 586//377
f 1169//377 671//377 587//377
f 588//377 587//377 671//377
f 598//377 589//377 672//377
f 1337//377 1335//377 1413//377
f 1414//377 1372//377 1339//377
f 1414//377 1381//377 1379//377
f 1415//377 1329//377 1327//377
f 1329//377 1415//377 1413//377
f 1412//377 604//377 606//377
f 1412//377 1415//377 602//377
f 587//377 586//377 1169//377
f 670//377 672//377 589//377
f 1415//377 584//377 597//377
f 1415//377 1178//377 585//377
f 1339//377 1413//377 1414//377
f 1414//377 1383//377 1381//377
f 1413//377 1331//377 1329//377
f 602//377 604//377 1412//377
f 1415//377 599//377 600//377
f 671//377 670//377 588//377
f 585//377 584//377 1415//377
f 1377//377 1372//377 1414//377
f 1327//377 1326//377 1415//377
f 600//377 602//377 1415//377
f 597//377 599//377 1415//377
f 1385//377 1383//377 1414//377
f 1412//377 1389//377 1387//377
f 1326//377 1178//377 1415//377
f 586//377 585//377 1178//377
f 1387//377 1385//377 1412//377
f 582//377 1203//377 1412//377
f 1412//377 1203//377 1389//377
f 1414//377 1412//377 1385//377
f 1333//377 1331//377 1413//377
f 1416//21 1185//21 1184//21
f 1416//21 1201//21 1186//21
f 1417//21 1219//21 1217//21
f 1418//21 1180//21 1181//21
f 1418//21 1416//21 1183//21
f 1186//21 1185//21 1416//21
f 1223//21 1221//21 1417//21
f 1418//21 1209//21 1225//21
f 1419//21 1276//21 1274//21
f 1217//21 1215//21 1417//21
f 1418//21 1182//21 1180//21
f 1184//21 1183//21 1416//21
f 1225//21 1223//21 1418//21
f 1274//21 1272//21 1419//21
f 1419//21 1417//21 1214//21
f 1417//21 1221//21 1219//21
f 1266//21 1416//21 1419//21
f 1183//21 1182//21 1418//21
f 1418//21 1164//21 1209//21
f 1272//21 1270//21 1419//21
f 1215//21 1214//21 1417//21
f 1419//21 1268//21 1266//21
f 1417//21 1418//21 1223//21
f 1214//21 1276//21 1419//21
f 1266//21 1264//21 1416//21
f 1270//21 1268//21 1419//21
f 1264//21 1263//21 1416//21
f 1263//21 1201//21 1416//21
f 1181//21 1164//21 1418//21
f 1414//525 1413//525 1417//525
f 1417//525 1419//525 1414//525
f 1413//472 1415//472 1418//472
f 1418//472 1417//472 1413//472
f 1412//379 1414//379 1419//379
f 1419//379 1416//379 1412//379
f 1412//1111 1416//1111 1418//1111
f 1418//1111 1415//1111 1412//1111
#2580 polygons

