# Aspose.3D Wavefront OBJ Exporter
# Copyright 2004-2023 Aspose Pty Ltd.
# File created: 06/29/2023 04:14:31


#
# object obj_30354754
#

v -21.22755813598632812 284.39511108398437504 -32.49153900146484376
v -21.22755813598632812 261.42352294921875 -32.49153900146484376
v -23.90656089782714848 261.42352294921875 -30.57426452636718752
v -25.13244247436523438 284.39511108398437504 -29.57481384277343752
v -28.64097213745117184 284.39511108398437504 -26.19167709350585936
v -26.41331481933593752 261.42352294921875 -28.4367008209228516
v -25.13244247436523438 261.42352294921875 -29.57481384277343752
v -28.72976303100585936 261.42352294921875 -26.09425163269042968
v -30.83921051025390624 261.42352294921875 -23.56379318237304688
v -31.6978168487548828 284.39511108398437504 -22.39548301696777344
v -28.64097213745117184 261.42352294921875 -26.19167709350585936
v -34.25476837158203124 284.39511108398437504 -18.24609756469726564
v -32.72645950317382816 261.42352294921875 -20.86355781555175776
v -31.6978168487548828 261.42352294921875 -22.39548301696777344
v -34.37791824340820312 261.42352294921875 -18.01299858093261718
v -35.78167724609375008 261.42352294921875 -15.0326547622680664
v -36.27150344848632812 284.39511108398437504 -13.8089599609375
v -34.25476837158203124 261.42352294921875 -18.24609756469726564
v -37.71621322631835936 284.39511108398437504 -9.15404796600341796
v -36.92763137817382816 261.42352294921875 -11.94400119781494144
v -36.27150344848632812 261.42352294921875 -13.8089599609375
v -37.80752182006835936 261.42352294921875 -8.7692909240722656
v -38.41500854492187504 261.42352294921875 -5.5313973426818848
v -38.56611633300781248 284.39511108398437504 -4.35477066040039064
v -37.71621322631835936 261.42352294921875 -9.15404796600341796
v -38.80780792236328128 284.39511108398437504 0.51318389177322384
v -38.74571228027343744 261.42352294921875 -2.25365018844604492
v -38.56611633300781248 261.42352294921875 -4.35477066040039064
v -38.7972526550292968 261.42352294921875 1.04033470153808594
v -38.56925964355468752 261.42352294921875 4.32682371139526368
v -38.43747711181640624 284.39511108398437504 5.37304544448852536
v -38.80780792236328128 261.42352294921875 0.51318389177322384
v -37.46096420288085936 284.39511108398437504 10.14817047119140624
v -38.06337356567382812 261.42352294921875 7.58213806152343752
v -38.43747711181640624 261.42352294921875 5.37304544448852536
v -37.28324127197265624 261.42352294921875 10.78282356262207024
v -36.23447799682617188 261.42352294921875 13.90581703186035152
v -35.8936691284179688 284.39511108398437504 14.7632532119750976
v -37.46096420288085936 261.42352294921875 10.14817047119140624
v -33.76031112670898432 284.39511108398437504 19.14550971984863282
v -34.92464828491210944 261.42352294921875 16.92861938476562496
v -35.8936691284179688 261.42352294921875 14.7632532119750976
v -31.09453392028808594 284.39511108398437504 23.2258319854736328
v -33.36318588256835936 261.42352294921875 19.82945251464843744
v -31.5613384246826172 261.42352294921875 22.58741188049316408
v -33.76031112670898432 261.42352294921875 19.14550971984863282
v -31.09453392028808594 261.42352294921875 23.2258319854736328
v -29.53209114074707032 261.42352294921875 25.18262863159179688
v -27.93837547302246096 284.39511108398437504 26.93986701965332032
v -24.3416118621826172 284.39511108398437504 30.22904586791992188
v -27.29006576538085936 261.42352294921875 27.59640502929687504
v -24.85141563415527344 261.42352294921875 29.81134796142578128
v -27.93837547302246096 261.42352294921875 26.93986701965332032
v -24.3416118621826172 261.42352294921875 30.22904586791992188
v -22.23370933532714844 261.42352294921875 31.81149864196777344
v -20.3609676361083984 284.39511108398437504 33.04149246215820312
v -16.05921745300292969 284.39511108398437504 35.332855224609375
v -19.4558086395263672 261.42352294921875 33.58244705200195312
v -16.53772735595703128 261.42352294921875 35.1114349365234375
v -20.3609676361083984 261.42352294921875 33.04149246215820312
v -16.05921745300292969 261.42352294921875 35.332855224609375
v -13.5004920959472656 261.42352294921875 36.38744354248046872
v -11.50420475006103512 284.39511108398437504 37.0670013427734375
v -6.7677640914916992 284.39511108398437504 38.21657562255859376
v -10.36598587036132816 261.42352294921875 37.40127944946289064
v -7.15679264068603516 261.42352294921875 38.14563751220703124
v -11.50420475006103512 261.42352294921875 37.0670013427734375
v -6.7677640914916992 261.42352294921875 38.21657562255859376
v -3.89603424072265632 261.42352294921875 38.61515426635742184
v -1.92459118366241456 284.39511108398437504 38.76345062255859376
v 2.94893360137939456 284.39511108398437504 38.69900512695312496
v -0.6072048544883728 261.42352294921875 38.80644989013671872
v 2.6859993934631348 261.42352294921875 38.7181434631347656
v -1.92459118366241456 261.42352294921875 38.76345062255859376
v 2.94893360137939456 261.42352294921875 38.69900512695312496
v 5.95985126495361328 261.42352294921875 38.35087203979492188
v 7.77595186233520512 284.39511108398437504 38.02425384521484375
v 12.48033905029296872 284.39511108398437504 36.74983596801757808
v 9.19076156616210936 261.42352294921875 37.70728302001953128
v 12.35545253753662108 261.42352294921875 36.79201126098632816
v 7.77595186233520512 261.42352294921875 38.02425384521484375
v 12.48033905029296872 261.42352294921875 36.74983596801757808
v 15.43112277984619144 261.42352294921875 35.61165237426757816
v 16.9879035949707032 284.39511108398437504 34.89585113525390624
v 21.22755813598632812 284.39511108398437504 32.49153900146484376
v 18.39561080932617184 261.42352294921875 34.17470932006835938
v 16.9879035949707032 261.42352294921875 34.89585113525390624
v 21.22755813598632812 261.42352294921875 32.49153900146484376
v 23.90656089782714848 261.42352294921875 30.57426452636718752
v 25.13244247436523438 284.39511108398437504 29.57481384277343752
v 28.64097213745117184 284.39511108398437504 26.19167709350585936
v 26.41331481933593752 261.42352294921875 28.4367008209228516
v 25.13244247436523438 261.42352294921875 29.57481384277343752
v 28.72976303100585936 261.42352294921875 26.09425163269042968
v 30.83921051025390624 261.42352294921875 23.56379318237304688
v 31.6978168487548828 284.39511108398437504 22.39548301696777344
v 28.64097213745117184 261.42352294921875 26.19167709350585936
v 34.25476837158203124 284.39511108398437504 18.24609756469726564
v 32.72645950317382816 261.42352294921875 20.86355781555175776
v 31.6978168487548828 261.42352294921875 22.39548301696777344
v 34.37791824340820312 261.42352294921875 18.01299858093261718
v 35.78167724609375008 261.42352294921875 15.0326547622680664
v 36.27150344848632812 284.39511108398437504 13.8089599609375
v 34.25476837158203124 261.42352294921875 18.24609756469726564
v 37.71621322631835936 284.39511108398437504 9.15404796600341796
v 36.92763137817382816 261.42352294921875 11.94400119781494144
v 36.27150344848632812 261.42352294921875 13.8089599609375
v 37.80752182006835936 261.42352294921875 8.7692909240722656
v 38.41500854492187504 261.42352294921875 5.5313973426818848
v 38.56611633300781248 284.39511108398437504 4.35477066040039064
v 37.71621322631835936 261.42352294921875 9.15404796600341796
v 38.80780792236328128 284.39511108398437504 -0.51318389177322384
v 38.74571228027343744 261.42352294921875 2.25365018844604492
v 38.56611633300781248 261.42352294921875 4.35477066040039064
v 38.7972526550292968 261.42352294921875 -1.04033470153808594
v 38.56925964355468752 261.42352294921875 -4.32682371139526368
v 38.43747711181640624 284.39511108398437504 -5.37304544448852536
v 38.80780792236328128 261.42352294921875 -0.51318389177322384
v 37.46096420288085936 284.39511108398437504 -10.14817047119140624
v 38.06337356567382812 261.42352294921875 -7.58213806152343752
v 38.43747711181640624 261.42352294921875 -5.37304544448852536
v 37.28324127197265624 261.42352294921875 -10.78282356262207024
v 36.23447799682617188 261.42352294921875 -13.90581703186035152
v 35.8936691284179688 284.39511108398437504 -14.7632532119750976
v 37.46096420288085936 261.42352294921875 -10.14817047119140624
v 33.76031112670898432 284.39511108398437504 -19.14550971984863282
v 34.92464828491210944 261.42352294921875 -16.92861938476562496
v 35.8936691284179688 261.42352294921875 -14.7632532119750976
v 33.36318588256835936 261.42352294921875 -19.82945251464843744
v 31.5613384246826172 261.42352294921875 -22.58741188049316408
v 31.09453392028808594 284.39511108398437504 -23.2258319854736328
v 33.76031112670898432 261.42352294921875 -19.14550971984863282
v 31.09453392028808594 261.42352294921875 -23.2258319854736328
v 29.53209114074707032 261.42352294921875 -25.18262863159179688
v 27.93837547302246096 284.39511108398437504 -26.93986701965332032
v 24.3416118621826172 284.39511108398437504 -30.22904586791992188
v 27.29006576538085936 261.42352294921875 -27.59640502929687504
v 24.85141563415527344 261.42352294921875 -29.81134796142578128
v 27.93837547302246096 261.42352294921875 -26.93986701965332032
v 24.3416118621826172 261.42352294921875 -30.22904586791992188
v 22.23370933532714844 261.42352294921875 -31.81149864196777344
v 20.3609676361083984 284.39511108398437504 -33.04149246215820312
v 16.05921745300292969 284.39511108398437504 -35.332855224609375
v 19.4558086395263672 261.42352294921875 -33.58244705200195312
v 16.53772735595703128 261.42352294921875 -35.1114349365234375
v 20.3609676361083984 261.42352294921875 -33.04149246215820312
v 16.05921745300292969 261.42352294921875 -35.332855224609375
v 13.5004920959472656 261.42352294921875 -36.38744354248046872
v 11.50420475006103512 284.39511108398437504 -37.0670013427734375
v 6.7677640914916992 284.39511108398437504 -38.21657562255859376
v 10.36598587036132816 261.42352294921875 -37.40127944946289064
v 7.15679264068603516 261.42352294921875 -38.14563751220703124
v 11.50420475006103512 261.42352294921875 -37.0670013427734375
v 6.7677640914916992 261.42352294921875 -38.21657562255859376
v 3.89603424072265632 261.42352294921875 -38.61515426635742184
v 1.92459118366241456 284.39511108398437504 -38.76345062255859376
v -2.94893360137939456 284.39511108398437504 -38.69900512695312496
v 0.6072048544883728 261.42352294921875 -38.80644989013671872
v -2.6859993934631348 261.42352294921875 -38.7181434631347656
v 1.92459118366241456 261.42352294921875 -38.76345062255859376
v -2.94893360137939456 261.42352294921875 -38.69900512695312496
v -5.95985126495361328 261.42352294921875 -38.35087203979492188
v -7.77595186233520512 284.39511108398437504 -38.02425384521484375
v -12.48033905029296872 284.39511108398437504 -36.74983596801757808
v -9.19076156616210936 261.42352294921875 -37.70728302001953128
v -12.35545253753662108 261.42352294921875 -36.79201126098632816
v -7.77595186233520512 261.42352294921875 -38.02425384521484375
v -12.48033905029296872 261.42352294921875 -36.74983596801757808
v -15.43112277984619144 261.42352294921875 -35.61165237426757816
v -16.9879035949707032 284.39511108398437504 -34.89585113525390624
v -18.39561080932617184 261.42352294921875 -34.17470932006835938
v -16.9879035949707032 261.42352294921875 -34.89585113525390624
v 23.26205062866210936 252.44325256347656248 35.6055908203125
v 26.1978130340576172 252.44325256347656248 33.50456237792968752
v 25.40058708190917968 253.95863342285156256 32.4849853515625
v 28.06400108337402344 253.95863342285156256 30.213836669921875
v 27.23831748962402344 252.44325256347656248 32.66427993774414064
v 28.9448204040527344 252.44325256347656248 31.16213226318359376
v 30.84623336791992192 252.44325256347656248 29.28124046325683592
v 30.5252132415771484 253.95863342285156256 27.72499847412109376
v 31.4832801818847656 252.44325256347656248 28.59517860412597656
v 33.79490280151367184 252.44325256347656248 25.82219505310058592
v 32.7664909362792968 253.95863342285156256 25.03639984130859375
v 34.77168273925781248 253.95863342285156256 22.16741371154785156
v 34.03700637817382812 252.44325256347656248 25.50222206115722656
v 36.52634429931640624 253.95863342285156256 19.13871002197265624
v 36.76748657226562496 252.44325256347656248 21.37833023071289064
v 35.8630294799804688 252.44325256347656248 22.8631629943847656
v 37.67276382446289064 252.44325256347656248 19.73940086364746096
v 39.00075149536132812 252.44325256347656248 16.96533203125
v 38.01783370971679687 253.95863342285156256 15.97211265563964848
v 39.21106719970703124 252.44325256347656248 16.47341537475585936
v 40.46685028076171872 252.44325256347656248 13.08873844146728516
v 39.23540496826171876 253.95863342285156256 12.690434455871582
v 40.17028427124023438 253.95863342285156256 9.3173227310180664
v 40.70659637451171872 252.44325256347656248 12.3229084014892578
v 41.43107223510742184 252.44325256347656248 9.60975742340087888
v 41.86195755004882816 252.44325256347656248 7.51383733749389648
v 40.81573486328124992 253.95863342285156256 5.8770790100097656
v 42.09677886962890624 252.44325256347656248 6.06153774261474609
v 42.45918273925781248 252.44325256347656248 2.46964454650878904
v 41.16710662841796876 253.95863342285156256 2.39449071884155272
v 42.51566314697265624 252.44325256347656248 -1.14004242420196534
v 41.22186660766601564 253.95863342285156256 -1.10534977912902832
v 40.9796257019042968 253.95863342285156256 -4.5972261428833008
v 42.4663734436035156 252.44325256347656248 -2.34273052215576172
v 42.26581573486328124 252.44325256347656248 -4.74151563644409184
v 41.90725708007812496 252.44325256347656248 -7.25693464279174804
v 40.44212341308593752 253.95863342285156256 -8.05597972869873047
v 41.71144485473632816 252.44325256347656248 -8.30882549285888672
v 40.85654067993164064 252.44325256347656248 -11.81627082824707024
v 39.61323547363281248 253.95863342285156256 -11.45668983459472656
v 38.49893188476562496 253.95863342285156256 -14.77485370635986336
v 40.78141403198242192 252.44325256347656248 -12.07300186157226562
v 37.10724639892578124 253.95863342285156256 -17.9865646362304688
v 39.10407638549804688 252.44325256347656248 -16.72580146789550784
v 39.70726394653320312 252.44325256347656248 -15.23857879638671876
v 38.27189636230468752 252.44325256347656248 -18.55109405517578128
v 36.89792251586914064 252.44325256347656248 -21.15241432189941406
v 35.44819641113281248 253.95863342285156256 -21.06868171691894531
v 36.56077957153320312 252.44325256347656248 -21.72994613647460944
v 34.58624267578125 252.44325256347656248 -24.75223541259765632
v 33.53374481201171872 253.95863342285156256 -23.99899864196777344
v 31.3776836395263672 253.95863342285156256 -26.75640296936035152
v 34.19278335571289064 252.44325256347656248 -25.29297637939453124
v 32.36250686645507816 252.44325256347656248 -27.59618186950683592
v 31.02525138854980469 252.44325256347656248 -29.09149360656738282
v 28.99554443359375008 253.95863342285156256 -29.32102584838867188
v 29.90560150146484368 252.44325256347656248 -30.24129867553710936
v 27.43815231323242184 252.44325256347656248 -32.49660110473632816
v 26.40448951721191408 253.95863342285156256 -31.67439079284667968
v 27.23322486877441408 252.44325256347656248 -32.66852569580078128
v 24.36463165283203128 252.44325256347656248 -34.86037826538085936
v 23.62319183349609376 253.95863342285156256 -33.79954147338867184
v 20.6716880798339844 253.95863342285156256 -35.68116378784179688
v 23.48000144958496096 252.44325256347656248 -35.46224594116210936
v 21.32049179077148436 252.44325256347656248 -36.80105590820312496
v 19.20432281494140624 252.44325256347656248 -37.94832229614257808
v 17.57124328613281248 253.95863342285156256 -37.30570220947265624
v 18.12273597717285156 252.44325256347656248 -38.47658538818359376
v 14.79440689086914064 252.44325256347656248 -39.8748893737792968
v 14.34419822692871092 253.95863342285156256 -38.66145324707031248
v 11.35948276519775392 252.44325256347656248 -40.98589324951171872
v 11.01380252838134765 253.95863342285156256 -39.7386512756347656
v 7.60405254364013672 253.95863342285156256 -40.52952575683593752
v 9.93518161773681648 252.44325256347656248 -41.35424041748046876
v 7.84271430969238288 252.44325256347656248 -41.80158996582031248
v 5.06706905364990234 252.44325256347656248 -42.22802352905273436
v 4.13951492309570312 253.95863342285156256 -41.02838516235351562
v 4.2694382667541504 252.44325256347656248 -42.31610870361328124
v 0.66540062427520752 252.44325256347656248 -42.52573776245117184
v 0.64515179395675656 253.95863342285156256 -41.23163604736328124
v -2.85385942459106448 253.95863342285156256 -41.13781356811523438
v 0.13043294847011566 252.44325256347656248 -42.53074264526367184
v -2.9434311389923096 252.44325256347656248 -42.42897033691406248
v -4.80796718597412112 252.44325256347656248 -42.25830841064453124
v -6.3323087692260742 253.95863342285156256 -40.74758911132812496
v -6.53105545043945312 252.44325256347656248 -42.02649688720703125
v -9.68134784698486328 252.44325256347656248 -41.41440200805664064
v -9.7651329040527344 253.95863342285156256 -40.06377792358398438
v -10.07162284851074219 252.44325256347656248 -41.32122421264648436
v -13.53962421417236328 252.44325256347656248 -40.31822967529296876
v -13.12759971618652344 253.95863342285156256 -39.09130477905273438
v -16.39548301696777344 253.95863342285156256 -37.83718109130859376
v -14.42380428314208984 252.44325256347656248 -40.01043701171875
v -16.91007232666015632 252.44325256347656248 -39.02474212646484375
v -18.97120475769042976 252.44325256347656248 -38.065399169921875
v -19.54523468017578128 253.95863342285156256 -36.31044006347656248
v -20.15868377685546876 252.44325256347656248 -37.45008087158203128
v -23.26205062866210936 252.44325256347656248 -35.6055908203125
v -22.55416297912597656 253.95863342285156256 -34.52207946777343752
v 22.55416297912597656 253.95863342285156256 34.52207946777343752
v 24.75919723510742192 255.6578369140625 31.66470718383789064
v 27.35535812377929688 255.6578369140625 29.45090866088867184
v 29.75442123413085936 255.6578369140625 27.02491378784179687
v 31.93910217285156256 255.6578369140625 24.40420532226562496
v 33.89366149902343744 255.6578369140625 21.6076641082763672
v 35.60401916503906248 255.6578369140625 18.65543937683105472
v 37.0578460693359375 255.6578369140625 15.56880092620849608
v 38.24467086791992188 255.6578369140625 12.36998844146728512
v 39.15594482421875 255.6578369140625 9.08205127716064453
v 39.78509521484375008 255.6578369140625 5.72867679595947264
v 40.127593994140625 255.6578369140625 2.3340275287628174
v 40.18097305297851564 255.6578369140625 -1.0774385929107666
v 39.94484710693359376 255.6578369140625 -4.48114156723022464
v 39.42092132568359376 255.6578369140625 -7.85255813598632816
v 38.61296081542968752 255.6578369140625 -11.16739654541015624
v 37.5267982482910156 255.6578369140625 -14.40177440643310544
v 36.17024993896484376 255.6578369140625 -17.53238677978515624
v 34.5530967712402344 255.6578369140625 -20.5366764068603516
v 32.68698501586914064 255.6578369140625 -23.3930015563964844
v 30.58536529541015624 255.6578369140625 -26.08077812194824219
v 28.26337814331054688 255.6578369140625 -28.58064079284667968
v 25.73775100708007808 255.6578369140625 -30.87458038330078128
v 23.02668190002441406 255.6578369140625 -32.94606781005859376
v 20.14970779418945312 255.6578369140625 -34.78017807006835936
v 17.12755203247070312 255.6578369140625 -36.36369705200195312
v 13.98199272155761712 255.6578369140625 -37.68521499633789064
v 10.73569297790527344 255.6578369140625 -38.73521041870117184
v 7.4120426177978516 255.6578369140625 -39.50611495971679688
v 4.03498792648315429 255.6578369140625 -39.99237823486328128
v 0.62886106967926024 255.6578369140625 -40.19049835205078124
v -2.78179669380187984 255.6578369140625 -40.09904098510742188
v -6.17241144180297852 255.6578369140625 -39.71867370605468752
v -9.5185537338256836 255.6578369140625 -39.05212783813476562
v -12.79611492156982416 255.6578369140625 -38.10421371459960938
v -15.98147964477539056 255.6578369140625 -36.88175582885742192
v -19.05169868469238281 255.6578369140625 -35.39356231689453128
v -21.98464775085449216 255.6578369140625 -33.65036010742187504
v 21.98464775085449216 255.6578369140625 33.65036010742187504
v 24.28943634033203124 257.49899291992187504 31.06392669677734375
v 26.83633995056152336 257.49899291992187504 28.89212989807128912
v 29.18988418579101564 257.49899291992187504 26.51216506958007816
v 31.33311653137207032 257.49899291992187504 23.94118118286132816
v 33.25059127807617188 257.49899291992187504 21.19769859313964844
v 34.92849731445312496 257.49899291992187504 18.3014850616455078
v 36.35474014282226564 257.49899291992187504 15.27341079711914064
v 37.51905059814453128 257.49899291992187504 12.13529109954833984
v 38.41303253173828128 257.49899291992187504 8.9097356796264648
v 39.03024673461914062 257.49899291992187504 5.61998558044433592
v 39.36624526977539064 257.49899291992187504 2.28974366188049316
v 39.41861343383789064 257.49899291992187504 -1.05699622631072998
v 39.18696594238281248 257.49899291992187504 -4.3961200714111328
v 38.6729774475097656 257.49899291992187504 -7.70357036590576168
v 37.88035202026367184 257.49899291992187504 -10.9555158615112304
v 36.81479263305664064 257.49899291992187504 -14.12852668762207032
v 35.48398590087890624 257.49899291992187504 -17.19974136352539064
v 33.89751434326171872 257.49899291992187504 -20.14703178405761718
v 32.06681060791015625 257.49899291992187504 -22.94916152954101568
v 30.00506401062011718 257.49899291992187504 -25.5859413146972656
v 27.72713088989257808 257.49899291992187504 -28.0383758544921875
v 25.24942398071289064 257.49899291992187504 -30.28879165649414064
v 22.58979415893554688 257.49899291992187504 -32.32097625732421876
v 19.76740264892578128 257.49899291992187504 -34.12028884887695312
v 16.80258750915527344 257.49899291992187504 -35.6737632751464844
v 13.71671009063720704 257.49899291992187504 -36.9702072143554688
v 10.53200340270996096 257.49899291992187504 -38.00027847290039062
v 7.27141237258911132 257.49899291992187504 -38.75655746459960944
v 3.95843124389648432 257.49899291992187504 -39.23359680175781248
v 0.61692959070205688 257.49899291992187504 -39.42795562744140624
v -2.72901725769042976 257.49899291992187504 -39.33823394775390624
v -6.05530118942260742 257.49899291992187504 -38.9650840759277344
v -9.33795642852783204 257.49899291992187504 -38.31118392944335936
v -12.55333232879638672 257.49899291992187504 -37.38125610351562496
v -15.67826080322265624 257.49899291992187504 -36.18199157714843752
v -18.69022750854492184 257.49899291992187504 -34.7220344543457032
v -21.56752967834472656 257.49899291992187504 -33.01190567016601562
v 21.56752967834472656 257.49899291992187504 33.01190567016601562
v 24.00287246704101562 259.43679809570312496 30.69743728637695312
v 26.51972579956054688 259.43679809570312496 28.5512638092041016
v 28.84550476074218752 259.43679809570312496 26.19937705993652344
v 30.96345138549804688 259.43679809570312496 23.65872383117675784
v 32.85830688476562496 259.43679809570312496 20.94760894775390624
v 34.5164146423339844 259.43679809570312496 18.08556747436523438
v 35.92583084106445312 259.43679809570312496 15.0932168960571289
v 37.07640457153320312 259.43679809570312496 11.9921197891235352
v 37.9598388671875 259.43679809570312496 8.8046197891235352
v 38.56977081298828128 259.43679809570312496 5.5536818504333496
v 38.90180587768554688 259.43679809570312496 2.26272940635681152
v 38.95355606079101568 259.43679809570312496 -1.0445258617401123
v 38.72464370727539056 259.43679809570312496 -4.34425544738769532
v 38.21672058105468752 259.43679809570312496 -7.61268424987792968
v 37.43344116210937504 259.43679809570312496 -10.82626342773437504
v 36.38045501708984376 259.43679809570312496 -13.96183967590332032
v 35.06534957885742188 259.43679809570312496 -16.9968204498291016
v 33.49759292602539064 259.43679809570312496 -19.90933799743652336
v 31.68848991394042968 259.43679809570312496 -22.6784095764160156
v 29.6510677337646484 259.43679809570312496 -25.28408241271972656
v 27.40000915527343752 259.43679809570312496 -27.70758056640625
v 24.9515342712402344 259.43679809570312496 -29.93144798278808592
v 22.32328033447265624 259.43679809570312496 -31.93965721130371088
v 19.53418922424316408 259.43679809570312496 -33.71773910522460936
v 16.60435295104980472 259.43679809570312496 -35.25288772583007812
v 13.55488204956054688 259.43679809570312496 -36.53403472900390624
v 10.40774726867675784 259.43679809570312496 -37.55195617675781248
v 7.18562507629394532 259.43679809570312496 -38.29931259155273436
v 3.91173005104064944 259.43679809570312496 -38.77072143554687504
v 0.6096510887145996 259.43679809570312496 -38.96278762817382816
v -2.69682049751281736 259.43679809570312496 -38.87412643432617184
v -5.9838614463806152 259.43679809570312496 -38.5053749084472656
v -9.22778892517089844 259.43679809570312496 -37.85919189453124992
v -12.40522956848144528 259.43679809570312496 -36.94023513793945312
v -15.4932899475097656 259.43679809570312496 -35.7551193237304688
v -18.4697208404541016 259.43679809570312496 -34.31238937377929688
v -21.3130779266357422 259.43679809570312496 -32.6224365234375
v 21.3130779266357422 259.43679809570312496 32.6224365234375
v -26.1978130340576172 252.44325256347656248 -33.50456237792968752
v -25.40058708190917968 253.95863342285156256 -32.4849853515625
v -28.06400108337402344 253.95863342285156256 -30.213836669921875
v -27.23831748962402344 252.44325256347656248 -32.66427993774414064
v -28.9448204040527344 252.44325256347656248 -31.16213226318359376
v -30.84623336791992192 252.44325256347656248 -29.28124046325683592
v -30.5252132415771484 253.95863342285156256 -27.72499847412109376
v -31.4832801818847656 252.44325256347656248 -28.59517860412597656
v -33.79490280151367184 252.44325256347656248 -25.82219505310058592
v -32.7664909362792968 253.95863342285156256 -25.03639984130859375
v -34.77168273925781248 253.95863342285156256 -22.16741371154785156
v -34.03700637817382812 252.44325256347656248 -25.50222206115722656
v -36.52634429931640624 253.95863342285156256 -19.13871002197265624
v -36.76748657226562496 252.44325256347656248 -21.37833023071289064
v -35.8630294799804688 252.44325256347656248 -22.8631629943847656
v -37.67276382446289064 252.44325256347656248 -19.73940086364746096
v -39.00075149536132812 252.44325256347656248 -16.96533203125
v -38.01783370971679687 253.95863342285156256 -15.97211265563964848
v -39.21106719970703124 252.44325256347656248 -16.47341537475585936
v -40.46685028076171872 252.44325256347656248 -13.08873844146728516
v -39.23540496826171876 253.95863342285156256 -12.690434455871582
v -40.17028427124023438 253.95863342285156256 -9.3173227310180664
v -40.70659637451171872 252.44325256347656248 -12.3229084014892578
v -41.43107223510742184 252.44325256347656248 -9.60975742340087888
v -41.86195755004882816 252.44325256347656248 -7.51383733749389648
v -40.81573486328124992 253.95863342285156256 -5.8770790100097656
v -42.09677886962890624 252.44325256347656248 -6.06153774261474609
v -42.45918273925781248 252.44325256347656248 -2.46964454650878904
v -41.16710662841796876 253.95863342285156256 -2.39449071884155272
v -42.51566314697265624 252.44325256347656248 1.14004242420196534
v -41.22186660766601564 253.95863342285156256 1.10534977912902832
v -40.9796257019042968 253.95863342285156256 4.5972261428833008
v -42.4663734436035156 252.44325256347656248 2.34273052215576172
v -42.26581573486328124 252.44325256347656248 4.74151563644409184
v -41.90725708007812496 252.44325256347656248 7.25693464279174804
v -40.44212341308593752 253.95863342285156256 8.05597972869873047
v -41.71144485473632816 252.44325256347656248 8.30882549285888672
v -40.85654067993164064 252.44325256347656248 11.81627082824707024
v -39.61323547363281248 253.95863342285156256 11.45668983459472656
v -38.49893188476562496 253.95863342285156256 14.77485370635986336
v -40.78141403198242192 252.44325256347656248 12.07300186157226562
v -37.10724639892578124 253.95863342285156256 17.9865646362304688
v -39.10407638549804688 252.44325256347656248 16.72580146789550784
v -39.70726394653320312 252.44325256347656248 15.23857879638671876
v -38.27189636230468752 252.44325256347656248 18.55109405517578128
v -36.89792251586914064 252.44325256347656248 21.15241432189941406
v -35.44819641113281248 253.95863342285156256 21.06868171691894531
v -36.56077957153320312 252.44325256347656248 21.72994613647460944
v -34.58624267578125 252.44325256347656248 24.75223541259765632
v -33.53374481201171872 253.95863342285156256 23.99899864196777344
v -31.3776836395263672 253.95863342285156256 26.75640296936035152
v -34.19278335571289064 252.44325256347656248 25.29297637939453124
v -32.36250686645507816 252.44325256347656248 27.59618186950683592
v -31.02525138854980469 252.44325256347656248 29.09149360656738282
v -28.99554443359375008 253.95863342285156256 29.32102584838867188
v -29.90560150146484368 252.44325256347656248 30.24129867553710936
v -27.43815231323242184 252.44325256347656248 32.49660110473632816
v -26.40448951721191408 253.95863342285156256 31.67439079284667968
v -27.23322486877441408 252.44325256347656248 32.66852569580078128
v -24.36463165283203128 252.44325256347656248 34.86037826538085936
v -23.62319183349609376 253.95863342285156256 33.79954147338867184
v -20.6716880798339844 253.95863342285156256 35.68116378784179688
v -23.48000144958496096 252.44325256347656248 35.46224594116210936
v -21.32049179077148436 252.44325256347656248 36.80105590820312496
v -19.20432281494140624 252.44325256347656248 37.94832229614257808
v -17.57124328613281248 253.95863342285156256 37.30570220947265624
v -18.12273597717285156 252.44325256347656248 38.47658538818359376
v -14.79440689086914064 252.44325256347656248 39.8748893737792968
v -14.34419822692871092 253.95863342285156256 38.66145324707031248
v -11.35948276519775392 252.44325256347656248 40.98589324951171872
v -11.01380252838134765 253.95863342285156256 39.7386512756347656
v -7.60405254364013672 253.95863342285156256 40.52952575683593752
v -9.93518161773681648 252.44325256347656248 41.35424041748046876
v -7.84271430969238288 252.44325256347656248 41.80158996582031248
v -5.06706905364990234 252.44325256347656248 42.22802352905273436
v -4.13951492309570312 253.95863342285156256 41.02838516235351562
v -4.2694382667541504 252.44325256347656248 42.31610870361328124
v -0.66540062427520752 252.44325256347656248 42.52573776245117184
v -0.64515179395675656 253.95863342285156256 41.23163604736328124
v 2.85385942459106448 253.95863342285156256 41.13781356811523438
v -0.13043294847011566 252.44325256347656248 42.53074264526367184
v 2.9434311389923096 252.44325256347656248 42.42897033691406248
v 4.80796718597412112 252.44325256347656248 42.25830841064453124
v 6.3323087692260742 253.95863342285156256 40.74758911132812496
v 6.53105545043945312 252.44325256347656248 42.02649688720703125
v 9.68134784698486328 252.44325256347656248 41.41440200805664064
v 9.7651329040527344 253.95863342285156256 40.06377792358398438
v 10.07162284851074219 252.44325256347656248 41.32122421264648436
v 13.53962421417236328 252.44325256347656248 40.31822967529296876
v 13.12759971618652344 253.95863342285156256 39.09130477905273438
v 16.39548301696777344 253.95863342285156256 37.83718109130859376
v 14.42380428314208984 252.44325256347656248 40.01043701171875
v 16.91007232666015632 252.44325256347656248 39.02474212646484375
v 18.97120475769042976 252.44325256347656248 38.065399169921875
v 19.54523468017578128 253.95863342285156256 36.31044006347656248
v 20.15868377685546876 252.44325256347656248 37.45008087158203128
v -24.75919723510742192 255.6578369140625 -31.66470718383789064
v -27.35535812377929688 255.6578369140625 -29.45090866088867184
v -29.75442123413085936 255.6578369140625 -27.02491378784179687
v -31.93910217285156256 255.6578369140625 -24.40420532226562496
v -33.89366149902343744 255.6578369140625 -21.6076641082763672
v -35.60401916503906248 255.6578369140625 -18.65543937683105472
v -37.0578460693359375 255.6578369140625 -15.56880092620849608
v -38.24467086791992188 255.6578369140625 -12.36998844146728512
v -39.15594482421875 255.6578369140625 -9.08205127716064453
v -39.78509521484375008 255.6578369140625 -5.72867679595947264
v -40.127593994140625 255.6578369140625 -2.3340275287628174
v -40.18097305297851564 255.6578369140625 1.0774385929107666
v -39.94484710693359376 255.6578369140625 4.48114156723022464
v -39.42092132568359376 255.6578369140625 7.85255813598632816
v -38.61296081542968752 255.6578369140625 11.16739654541015624
v -37.5267982482910156 255.6578369140625 14.40177440643310544
v -36.17024993896484376 255.6578369140625 17.53238677978515624
v -34.5530967712402344 255.6578369140625 20.5366764068603516
v -32.68698501586914064 255.6578369140625 23.3930015563964844
v -30.58536529541015624 255.6578369140625 26.08077812194824219
v -28.26337814331054688 255.6578369140625 28.58064079284667968
v -25.73775100708007808 255.6578369140625 30.87458038330078128
v -23.02668190002441406 255.6578369140625 32.94606781005859376
v -20.14970779418945312 255.6578369140625 34.78017807006835936
v -17.12755203247070312 255.6578369140625 36.36369705200195312
v -13.98199272155761712 255.6578369140625 37.68521499633789064
v -10.73569297790527344 255.6578369140625 38.73521041870117184
v -7.4120426177978516 255.6578369140625 39.50611495971679688
v -4.03498792648315429 255.6578369140625 39.99237823486328128
v -0.62886106967926024 255.6578369140625 40.19049835205078124
v 2.78179669380187984 255.6578369140625 40.09904098510742188
v 6.17241144180297852 255.6578369140625 39.71867370605468752
v 9.5185537338256836 255.6578369140625 39.05212783813476562
v 12.79611492156982416 255.6578369140625 38.10421371459960938
v 15.98147964477539056 255.6578369140625 36.88175582885742192
v 19.05169868469238281 255.6578369140625 35.39356231689453128
v -24.28943634033203124 257.49899291992187504 -31.06392669677734375
v -26.83633995056152336 257.49899291992187504 -28.89212989807128912
v -29.18988418579101564 257.49899291992187504 -26.51216506958007816
v -31.33311653137207032 257.49899291992187504 -23.94118118286132816
v -33.25059127807617188 257.49899291992187504 -21.19769859313964844
v -34.92849731445312496 257.49899291992187504 -18.3014850616455078
v -36.35474014282226564 257.49899291992187504 -15.27341079711914064
v -37.51905059814453128 257.49899291992187504 -12.13529109954833984
v -38.41303253173828128 257.49899291992187504 -8.9097356796264648
v -39.03024673461914062 257.49899291992187504 -5.61998558044433592
v -39.36624526977539064 257.49899291992187504 -2.28974366188049316
v -39.41861343383789064 257.49899291992187504 1.05699622631072998
v -39.18696594238281248 257.49899291992187504 4.3961200714111328
v -38.6729774475097656 257.49899291992187504 7.70357036590576168
v -37.88035202026367184 257.49899291992187504 10.9555158615112304
v -36.81479263305664064 257.49899291992187504 14.12852668762207032
v -35.48398590087890624 257.49899291992187504 17.19974136352539064
v -33.89751434326171872 257.49899291992187504 20.14703178405761718
v -32.06681060791015625 257.49899291992187504 22.94916152954101568
v -30.00506401062011718 257.49899291992187504 25.5859413146972656
v -27.72713088989257808 257.49899291992187504 28.0383758544921875
v -25.24942398071289064 257.49899291992187504 30.28879165649414064
v -22.58979415893554688 257.49899291992187504 32.32097625732421876
v -19.76740264892578128 257.49899291992187504 34.12028884887695312
v -16.80258750915527344 257.49899291992187504 35.6737632751464844
v -13.71671009063720704 257.49899291992187504 36.9702072143554688
v -10.53200340270996096 257.49899291992187504 38.00027847290039062
v -7.27141237258911132 257.49899291992187504 38.75655746459960944
v -3.95843124389648432 257.49899291992187504 39.23359680175781248
v -0.61692959070205688 257.49899291992187504 39.42795562744140624
v 2.72901725769042976 257.49899291992187504 39.33823394775390624
v 6.05530118942260742 257.49899291992187504 38.9650840759277344
v 9.33795642852783204 257.49899291992187504 38.31118392944335936
v 12.55333232879638672 257.49899291992187504 37.38125610351562496
v 15.67826080322265624 257.49899291992187504 36.18199157714843752
v 18.69022750854492184 257.49899291992187504 34.7220344543457032
v -24.00287246704101562 259.43679809570312496 -30.69743728637695312
v -26.51972579956054688 259.43679809570312496 -28.5512638092041016
v -28.84550476074218752 259.43679809570312496 -26.19937705993652344
v -30.96345138549804688 259.43679809570312496 -23.65872383117675784
v -32.85830688476562496 259.43679809570312496 -20.94760894775390624
v -34.5164146423339844 259.43679809570312496 -18.08556747436523438
v -35.92583084106445312 259.43679809570312496 -15.0932168960571289
v -37.07640457153320312 259.43679809570312496 -11.9921197891235352
v -37.9598388671875 259.43679809570312496 -8.8046197891235352
v -38.56977081298828128 259.43679809570312496 -5.5536818504333496
v -38.90180587768554688 259.43679809570312496 -2.26272940635681152
v -38.95355606079101568 259.43679809570312496 1.0445258617401123
v -38.72464370727539056 259.43679809570312496 4.34425544738769532
v -38.21672058105468752 259.43679809570312496 7.61268424987792968
v -37.43344116210937504 259.43679809570312496 10.82626342773437504
v -36.38045501708984376 259.43679809570312496 13.96183967590332032
v -35.06534957885742188 259.43679809570312496 16.9968204498291016
v -33.49759292602539064 259.43679809570312496 19.90933799743652336
v -31.68848991394042968 259.43679809570312496 22.6784095764160156
v -29.6510677337646484 259.43679809570312496 25.28408241271972656
v -27.40000915527343752 259.43679809570312496 27.70758056640625
v -24.9515342712402344 259.43679809570312496 29.93144798278808592
v -22.32328033447265624 259.43679809570312496 31.93965721130371088
v -19.53418922424316408 259.43679809570312496 33.71773910522460936
v -16.60435295104980472 259.43679809570312496 35.25288772583007812
v -13.55488204956054688 259.43679809570312496 36.53403472900390624
v -10.40774726867675784 259.43679809570312496 37.55195617675781248
v -7.18562507629394532 259.43679809570312496 38.29931259155273436
v -3.91173005104064944 259.43679809570312496 38.77072143554687504
v -0.6096510887145996 259.43679809570312496 38.96278762817382816
v 2.69682049751281736 259.43679809570312496 38.87412643432617184
v 5.9838614463806152 259.43679809570312496 38.5053749084472656
v 9.22778892517089844 259.43679809570312496 37.85919189453124992
v 12.40522956848144528 259.43679809570312496 36.94023513793945312
v 15.4932899475097656 259.43679809570312496 35.7551193237304688
v 18.4697208404541016 259.43679809570312496 34.31238937377929688
v 24.16579627990722656 250.7908935546875 36.9888954162597656
v 19.7082481384277344 250.7908935546875 39.54426574707031248
v 14.98417854309082032 250.7908935546875 41.56486892700195312
v 10.05747413635253906 250.7908935546875 43.02338027954101562
v 4.99475955963134768 250.7908935546875 43.90007400512695312
v -0.13550035655498504 250.7908935546875 44.18309402465820312
v -5.26392793655395508 250.7908935546875 43.86861038208007808
v -10.3211698532104492 250.7908935546875 42.96088409423828128
v -15.23883628845214844 250.7908935546875 41.47218322753906248
v -19.95042228698730464 250.7908935546875 39.42264175415039064
v -24.3922138214111328 250.7908935546875 36.8399772644042968
v -28.50414276123046872 250.7908935546875 33.75911331176757808
v -32.23060226440429688 250.7908935546875 30.22171783447265624
v -35.52119827270507816 250.7908935546875 26.27562522888183592
v -38.33143234252929688 250.7908935546875 21.97419929504394528
v -40.6232948303222656 250.7908935546875 17.3756103515625
v -42.36580276489257816 250.7908935546875 12.54204559326171872
v -43.53538131713867184 250.7908935546875 7.53887176513671872
v -44.11621856689453124 250.7908935546875 2.43374729156494144
v -44.1004638671875 250.7908935546875 -2.704289436340332
v -43.48832321166992184 250.7908935546875 -7.8057551383972168
v -42.28807830810546876 250.7908935546875 -12.80166149139404304
v -40.51595687866210936 250.7908935546875 -17.6244468688964844
v -38.19593048095703124 250.7908935546875 -22.208892822265625
v -35.35936737060546876 250.7908935546875 -26.49300193786621096
v -32.0446319580078125 250.7908935546875 -30.41883659362792968
v -28.29654502868652344 250.7908935546875 -33.93331146240234368
v -24.16579627990722656 250.7908935546875 -36.9888954162597656
v -19.7082481384277344 250.7908935546875 -39.54426574707031248
v -14.98417854309082032 250.7908935546875 -41.56486892700195312
v -10.05747413635253906 250.7908935546875 -43.02338027954101562
v -4.99475955963134768 250.7908935546875 -43.90007400512695312
v 0.13550035655498504 250.7908935546875 -44.18309402465820312
v 5.26392793655395508 250.7908935546875 -43.86861038208007808
v 10.3211698532104492 250.7908935546875 -42.96088409423828128
v 15.23883628845214844 250.7908935546875 -41.47218322753906248
v 19.95042228698730464 250.7908935546875 -39.42264175415039064
v 24.3922138214111328 250.7908935546875 -36.8399772644042968
v 28.50414276123046872 250.7908935546875 -33.75911331176757808
v 32.23060226440429688 250.7908935546875 -30.22171783447265624
v 35.52119827270507816 250.7908935546875 -26.27562522888183592
v 38.33143234252929688 250.7908935546875 -21.97419929504394528
v 40.6232948303222656 250.7908935546875 -17.3756103515625
v 42.36580276489257816 250.7908935546875 -12.54204559326171872
v 43.53538131713867184 250.7908935546875 -7.53887176513671872
v 44.11621856689453124 250.7908935546875 -2.43374729156494144
v 44.1004638671875 250.7908935546875 2.704289436340332
v 43.48832321166992184 250.7908935546875 7.8057551383972168
v 42.28807830810546876 250.7908935546875 12.80166149139404304
v 40.51595687866210936 250.7908935546875 17.6244468688964844
v 38.19593048095703124 250.7908935546875 22.208892822265625
v 35.35936737060546876 250.7908935546875 26.49300193786621096
v 32.0446319580078125 250.7908935546875 30.41883659362792968
v 28.29654502868652344 250.7908935546875 33.93331146240234368
v 24.16579627990722656 246.42210388183593752 36.9888954162597656
v 28.29654502868652344 246.42210388183593752 33.93331146240234368
v 32.0446319580078125 246.42210388183593752 30.41883659362792968
v 35.35936737060546876 246.42210388183593752 26.49300193786621096
v 38.19593048095703124 246.42210388183593752 22.208892822265625
v 40.51595687866210936 246.42210388183593752 17.6244468688964844
v 42.28807830810546876 246.42210388183593752 12.80166149139404304
v 43.48832321166992184 246.42210388183593752 7.8057551383972168
v 44.1004638671875 246.42210388183593752 2.704289436340332
v 44.11621856689453124 246.42210388183593752 -2.43374729156494144
v 43.53538131713867184 246.42210388183593752 -7.53887176513671872
v 42.36580276489257816 246.42210388183593752 -12.54204559326171872
v 40.6232948303222656 246.42210388183593752 -17.3756103515625
v 38.33143234252929688 246.42210388183593752 -21.97419929504394528
v 35.52119827270507816 246.42210388183593752 -26.27562522888183592
v 32.23060226440429688 246.42210388183593752 -30.22171783447265624
v 28.50414276123046872 246.42210388183593752 -33.75911331176757808
v 24.3922138214111328 246.42210388183593752 -36.8399772644042968
v 19.95042228698730464 246.42210388183593752 -39.42264175415039064
v 15.23883628845214844 246.42210388183593752 -41.47218322753906248
v 10.3211698532104492 246.42210388183593752 -42.96088409423828128
v 5.26392793655395508 246.42210388183593752 -43.86861038208007808
v 0.13550035655498504 246.42210388183593752 -44.18309402465820312
v -4.99475955963134768 246.42210388183593752 -43.90007400512695312
v -10.05747413635253906 246.42210388183593752 -43.02338027954101562
v -14.98417854309082032 246.42210388183593752 -41.56486892700195312
v -19.7082481384277344 246.42210388183593752 -39.54426574707031248
v -24.16579627990722656 246.42210388183593752 -36.9888954162597656
v -28.29654502868652344 246.42210388183593752 -33.93331146240234368
v -32.0446319580078125 246.42210388183593752 -30.41883659362792968
v -35.35936737060546876 246.42210388183593752 -26.49300193786621096
v -38.19593048095703124 246.42210388183593752 -22.208892822265625
v -40.51595687866210936 246.42210388183593752 -17.6244468688964844
v -42.28807830810546876 246.42210388183593752 -12.80166149139404304
v -43.48832321166992184 246.42210388183593752 -7.8057551383972168
v -44.1004638671875 246.42210388183593752 -2.704289436340332
v -44.11621856689453124 246.42210388183593752 2.43374729156494144
v -43.53538131713867184 246.42210388183593752 7.53887176513671872
v -42.36580276489257816 246.42210388183593752 12.54204559326171872
v -40.6232948303222656 246.42210388183593752 17.3756103515625
v -38.33143234252929688 246.42210388183593752 21.97419929504394528
v -35.52119827270507816 246.42210388183593752 26.27562522888183592
v -32.23060226440429688 246.42210388183593752 30.22171783447265624
v -28.50414276123046872 246.42210388183593752 33.75911331176757808
v -24.3922138214111328 246.42210388183593752 36.8399772644042968
v -19.95042228698730464 246.42210388183593752 39.42264175415039064
v -15.23883628845214844 246.42210388183593752 41.47218322753906248
v -10.3211698532104492 246.42210388183593752 42.96088409423828128
v -5.26392793655395508 246.42210388183593752 43.86861038208007808
v -0.13550035655498504 246.42210388183593752 44.18309402465820312
v 4.99475955963134768 246.42210388183593752 43.90007400512695312
v 10.05747413635253906 246.42210388183593752 43.02338027954101562
v 14.98417854309082032 246.42210388183593752 41.56486892700195312
v 19.7082481384277344 246.42210388183593752 39.54426574707031248
v -4.35313987731933592 284.39511108398437504 -28.74252128601074224
v 11.87728595733642576 284.39511108398437504 -26.53323173522949216
v 7.9803194999694824 284.39511108398437504 -27.95347595214843744
v -0.21834412217140196 284.39511108398437504 -29.06948089599609375
v -8.39931869506835936 284.39511108398437504 -27.8304462432861328
v -12.27451133728027344 284.39511108398437504 -26.35182571411132812
v -15.89982986450195312 284.39511108398437504 -24.33675765991210936
v -22.11223220825195312 284.39511108398437504 -18.87144660949707024
v -19.2014751434326172 284.39511108398437504 -21.82626152038574224
v -24.57284927368164064 284.39511108398437504 -15.5324649810791016
v 3.92089676856994624 284.39511108398437504 -28.80466842651367184
v -27.95347595214843744 284.39511108398437504 -7.9803194999694824
v -28.80466842651367184 284.39511108398437504 -3.92089676856994624
v 22.11223220825195312 284.39511108398437504 18.87144660949707024
v 19.2014751434326172 284.39511108398437504 21.82626152038574224
v 24.57284927368164064 284.39511108398437504 15.5324649810791016
v -26.53323173522949216 284.39511108398437504 -11.87728595733642576
v -29.06948089599609375 284.39511108398437504 0.21834412217140196
v -28.74252128601074224 284.39511108398437504 4.35313987731933592
v -27.8304462432861328 284.39511108398437504 8.39931869506835936
v -26.35182571411132812 284.39511108398437504 12.27451133728027344
v -24.33675765991210936 284.39511108398437504 15.89982986450195312
v -21.82626152038574224 284.39511108398437504 19.2014751434326172
v -18.87144660949707024 284.39511108398437504 22.11223220825195312
v -15.5324649810791016 284.39511108398437504 24.57284927368164064
v -3.92089676856994624 284.39511108398437504 28.80466842651367184
v -7.9803194999694824 284.39511108398437504 27.95347595214843744
v 0.21834412217140196 284.39511108398437504 29.06948089599609375
v 4.35313987731933592 284.39511108398437504 28.74252128601074224
v 8.39931869506835936 284.39511108398437504 27.8304462432861328
v 12.27451133728027344 284.39511108398437504 26.35182571411132812
v 15.89982986450195312 284.39511108398437504 24.33675765991210936
v 26.53323173522949216 284.39511108398437504 11.87728595733642576
v 27.95347595214843744 284.39511108398437504 7.9803194999694824
v 29.06948089599609375 284.39511108398437504 -0.21834412217140196
v 28.74252128601074224 284.39511108398437504 -4.35313987731933592
v 21.82626152038574224 284.39511108398437504 -19.2014751434326172
v 18.87144660949707024 284.39511108398437504 -22.11223220825195312
v 15.5324649810791016 284.39511108398437504 -24.57284927368164064
v -11.87728595733642576 284.39511108398437504 26.53323173522949216
v 28.80466842651367184 284.39511108398437504 3.92089676856994624
v 26.35182571411132812 284.39511108398437504 -12.27451133728027344
v 27.8304462432861328 284.39511108398437504 -8.39931869506835936
v 24.33675765991210936 284.39511108398437504 -15.89982986450195312
v -15.89982986450195312 288.02728271484375 -24.33675765991210936
v -19.2014751434326172 288.02728271484375 -21.82626152038574224
v -22.11223220825195312 288.02728271484375 -18.87144660949707024
v -24.57284927368164064 288.02728271484375 -15.5324649810791016
v -26.53323173522949216 288.02728271484375 -11.87728595733642576
v -27.95347595214843744 288.02728271484375 -7.9803194999694824
v -28.80466842651367184 288.02728271484375 -3.92089676856994624
v -29.06948089599609375 288.02728271484375 0.21834412217140196
v -28.74252128601074224 288.02728271484375 4.35313987731933592
v -27.8304462432861328 288.02728271484375 8.39931869506835936
v -26.35182571411132812 288.02728271484375 12.27451133728027344
v -24.33675765991210936 288.02728271484375 15.89982986450195312
v -21.82626152038574224 288.02728271484375 19.2014751434326172
v -18.87144660949707024 288.02728271484375 22.11223220825195312
v -15.5324649810791016 288.02728271484375 24.57284927368164064
v -11.87728595733642576 288.02728271484375 26.53323173522949216
v -7.9803194999694824 288.02728271484375 27.95347595214843744
v -3.92089676856994624 288.02728271484375 28.80466842651367184
v 0.21834412217140196 288.02728271484375 29.06948089599609375
v 4.35313987731933592 288.02728271484375 28.74252128601074224
v 8.39931869506835936 288.02728271484375 27.8304462432861328
v 12.27451133728027344 288.02728271484375 26.35182571411132812
v 15.89982986450195312 288.02728271484375 24.33675765991210936
v 19.2014751434326172 288.02728271484375 21.82626152038574224
v 22.11223220825195312 288.02728271484375 18.87144660949707024
v 24.57284927368164064 288.02728271484375 15.5324649810791016
v 26.53323173522949216 288.02728271484375 11.87728595733642576
v 27.95347595214843744 288.02728271484375 7.9803194999694824
v 28.80466842651367184 288.02728271484375 3.92089676856994624
v 29.06948089599609375 288.02728271484375 -0.21834412217140196
v 28.74252128601074224 288.02728271484375 -4.35313987731933592
v 27.8304462432861328 288.02728271484375 -8.39931869506835936
v 26.35182571411132812 288.02728271484375 -12.27451133728027344
v 24.33675765991210936 288.02728271484375 -15.89982986450195312
v 21.82626152038574224 288.02728271484375 -19.2014751434326172
v 18.87144660949707024 288.02728271484375 -22.11223220825195312
v 15.5324649810791016 288.02728271484375 -24.57284927368164064
v 11.87728595733642576 288.02728271484375 -26.53323173522949216
v 7.9803194999694824 288.02728271484375 -27.95347595214843744
v 3.92089676856994624 288.02728271484375 -28.80466842651367184
v -0.21834412217140196 288.02728271484375 -29.06948089599609375
v -4.35313987731933592 288.02728271484375 -28.74252128601074224
v -8.39931869506835936 288.02728271484375 -27.8304462432861328
v -12.27451133728027344 288.02728271484375 -26.35182571411132812
v 36.91400146484375008 246.42210388183593752 8.9593448638916016
v 37.74582672119140624 246.42210388183593752 4.2621464729309082
v -24.59788513183593752 246.42210388183593752 -28.94576835632324224
v -20.77605628967285152 246.42210388183593752 -31.80045509338378912
v 35.50001907348632816 246.42210388183593752 13.51524925231933592
v -35.50001907348632816 246.42210388183593752 -13.51524925231933592
v -33.52618408203125 246.42210388183593752 -17.85800933837890624
v -16.62657737731933592 246.42210388183593752 -34.15362930297851562
v 33.52618408203125 246.42210388183593752 17.85800933837890624
v 24.59788513183593752 246.42210388183593752 28.94576835632324224
v 20.77605628967285152 246.42210388183593752 31.80045509338378912
v 16.62657737731933592 246.42210388183593752 34.15362930297851562
v 12.21488666534423828 246.42210388183593752 35.96818161010742192
v -31.02361679077148437 246.42210388183593752 -21.91913795471191408
v -28.03178977966308594 246.42210388183593752 -25.63459014892578128
v 31.02361679077148437 246.42210388183593752 21.91913795471191408
v -12.21488666534423828 246.42210388183593752 -35.96818161010742192
v -7.61056041717529296 246.42210388183593752 -37.21549224853515624
v 11.25951480865478516 246.42210388183593752 -36.27859878540039064
v 28.03178977966308594 246.42210388183593752 25.63459014892578128
v 7.61056041717529296 246.42210388183593752 37.21549224853515624
v -11.25951480865478516 246.42210388183593752 36.27859878540039064
v -2.8862109184265136 246.42210388183593752 -37.87589263916015632
v 1.88365578651428224 246.42210388183593752 -37.9389686584472656
v 6.62381601333618168 246.42210388183593752 -37.40372085571289064
v 36.6641845703125 246.42210388183593752 -9.9323225021362304
v 35.13022613525390624 246.42210388183593752 -14.44924354553222656
v 37.61992645263671872 246.42210388183593752 -5.25876235961914064
v 2.8862109184265136 246.42210388183593752 37.87589263916015632
v -1.88365578651428224 246.42210388183593752 37.9389686584472656
v -6.62381601333618168 246.42210388183593752 37.40372085571289064
v -15.71764469146728512 246.42210388183593752 34.58134078979492184
v -19.92789649963378912 246.42210388183593752 32.33871078491210936
v -37.98237991333007808 246.42210388183593752 0.50226867198944088
v -37.61992645263671872 246.42210388183593752 5.25876235961914064
v -37.74582672119140624 246.42210388183593752 -4.2621464729309082
v -36.91400146484375008 246.42210388183593752 -8.9593448638916016
v 15.71764469146728512 246.42210388183593752 -34.58134078979492184
v 19.92789649963378912 246.42210388183593752 -32.33871078491210936
v 23.82387542724609376 246.42210388183593752 -29.58608436584472656
v 30.4331645965576172 246.42210388183593752 -22.73182678222656256
v 33.04224395751953125 246.42210388183593752 -18.7382926940917968
v 27.34413719177246092 246.42210388183593752 -26.36686515808105472
v 37.98237991333007808 246.42210388183593752 -0.50226867198944088
v -23.82387542724609376 246.42210388183593752 29.58608436584472656
v -27.34413719177246092 246.42210388183593752 26.36686515808105472
v -30.4331645965576172 246.42210388183593752 22.73182678222656256
v -33.04224395751953125 246.42210388183593752 18.7382926940917968
v -36.6641845703125 246.42210388183593752 9.9323225021362304
v -35.13022613525390624 246.42210388183593752 14.44924354553222656
v 16.62657737731933592 259.122100830078125 34.15362930297851562
v 20.77605628967285152 259.122100830078125 31.80045509338378912
v 12.21488666534423828 259.122100830078125 35.96818161010742192
v 7.61056041717529296 259.122100830078125 37.21549224853515624
v 2.8862109184265136 259.122100830078125 37.87589263916015632
v -1.88365578651428224 259.122100830078125 37.9389686584472656
v -6.62381601333618168 259.122100830078125 37.40372085571289064
v -11.25951480865478516 259.122100830078125 36.27859878540039064
v -15.71764469146728512 259.122100830078125 34.58134078979492184
v -19.92789649963378912 259.122100830078125 32.33871078491210936
v -23.82387542724609376 259.122100830078125 29.58608436584472656
v -27.34413719177246092 259.122100830078125 26.36686515808105472
v -30.4331645965576172 259.122100830078125 22.73182678222656256
v -33.04224395751953125 259.122100830078125 18.7382926940917968
v -35.13022613525390624 259.122100830078125 14.44924354553222656
v -36.6641845703125 259.122100830078125 9.9323225021362304
v -37.61992645263671872 259.122100830078125 5.25876235961914064
v -37.98237991333007808 259.122100830078125 0.50226867198944088
v -37.74582672119140624 259.122100830078125 -4.2621464729309082
v -36.91400146484375008 259.122100830078125 -8.9593448638916016
v -35.50001907348632816 259.122100830078125 -13.51524925231933592
v -33.52618408203125 259.122100830078125 -17.85800933837890624
v -31.02361679077148437 259.122100830078125 -21.91913795471191408
v -28.03178977966308594 259.122100830078125 -25.63459014892578128
v -24.59788513183593752 259.122100830078125 -28.94576835632324224
v -20.77605628967285152 259.122100830078125 -31.80045509338378912
v -16.62657737731933592 259.122100830078125 -34.15362930297851562
v -12.21488666534423828 259.122100830078125 -35.96818161010742192
v -7.61056041717529296 259.122100830078125 -37.21549224853515624
v -2.8862109184265136 259.122100830078125 -37.87589263916015632
v 1.88365578651428224 259.122100830078125 -37.9389686584472656
v 6.62381601333618168 259.122100830078125 -37.40372085571289064
v 11.25951480865478516 259.122100830078125 -36.27859878540039064
v 15.71764469146728512 259.122100830078125 -34.58134078979492184
v 19.92789649963378912 259.122100830078125 -32.33871078491210936
v 23.82387542724609376 259.122100830078125 -29.58608436584472656
v 27.34413719177246092 259.122100830078125 -26.36686515808105472
v 30.4331645965576172 259.122100830078125 -22.73182678222656256
v 33.04224395751953125 259.122100830078125 -18.7382926940917968
v 35.13022613525390624 259.122100830078125 -14.44924354553222656
v 36.6641845703125 259.122100830078125 -9.9323225021362304
v 37.61992645263671872 259.122100830078125 -5.25876235961914064
v 37.98237991333007808 259.122100830078125 -0.50226867198944088
v 37.74582672119140624 259.122100830078125 4.2621464729309082
v 36.91400146484375008 259.122100830078125 8.9593448638916016
v 35.50001907348632816 259.122100830078125 13.51524925231933592
v 33.52618408203125 259.122100830078125 17.85800933837890624
v 31.02361679077148437 259.122100830078125 21.91913795471191408
v 28.03178977966308594 259.122100830078125 25.63459014892578128
v 24.59788513183593752 259.122100830078125 28.94576835632324224
v -30.73491096496582032 259.122100830078125 -20.9992637634277344
v -27.73101615905761712 259.122100830078125 -24.83132362365722656
v -33.21292495727539064 259.122100830078125 -16.80790138244628912
v -35.12265396118164062 259.122100830078125 -12.3289518356323242
v 31.16253089904785156 259.122100830078125 -20.3592853546142578
v 28.23851203918457032 259.122100830078125 -24.25263404846191408
v -24.25263404846191408 259.122100830078125 -28.23851203918457032
v 2.8184409141540528 259.122100830078125 -37.11684417724609376
v -2.05039191246032715 259.122100830078125 -37.16718673706054688
v 7.63904905319213864 259.122100830078125 -36.43142700195312496
v 12.3289518356323242 259.122100830078125 -35.12265396118164062
v 16.80790138244628912 259.122100830078125 -33.21292495727539064
v 24.83132362365722656 259.122100830078125 -27.73101615905761712
v 33.55335235595703128 259.122100830078125 -16.11758232116699218
v 35.37006378173828128 259.122100830078125 -11.600102424621582
v 35.12265396118164062 259.122100830078125 12.3289518356323242
v 33.21292495727539064 259.122100830078125 16.80790138244628912
v 20.3592853546142578 259.122100830078125 31.16253089904785156
v 16.11758232116699218 259.122100830078125 33.55335235595703128
v 2.05039191246032715 259.122100830078125 37.16718673706054688
v 6.88414192199707024 259.122100830078125 36.58158493041992184
v -2.8184409141540528 259.122100830078125 37.11684417724609376
v -20.3592853546142578 259.122100830078125 -31.16253089904785156
v -16.11758232116699218 259.122100830078125 -33.55335235595703128
v 20.9992637634277344 259.122100830078125 -30.73491096496582032
v 36.58158493041992184 259.122100830078125 -6.88414192199707024
v 37.16718673706054688 259.122100830078125 -2.05039191246032715
v 37.11684417724609376 259.122100830078125 2.8184409141540528
v 36.43142700195312496 259.122100830078125 7.63904905319213864
v 30.73491096496582032 259.122100830078125 20.9992637634277344
v 24.25263404846191408 259.122100830078125 28.23851203918457032
v 27.73101615905761712 259.122100830078125 24.83132362365722656
v 11.600102424621582 259.122100830078125 35.37006378173828128
v -7.63904905319213864 259.122100830078125 36.43142700195312496
v -33.55335235595703128 259.122100830078125 16.11758232116699218
v -35.37006378173828128 259.122100830078125 11.600102424621582
v -37.11684417724609376 259.122100830078125 -2.8184409141540528
v -36.43142700195312496 259.122100830078125 -7.63904905319213864
v -11.600102424621582 259.122100830078125 -35.37006378173828128
v -6.88414192199707024 259.122100830078125 -36.58158493041992184
v -12.3289518356323242 259.122100830078125 35.12265396118164062
v -16.80790138244628912 259.122100830078125 33.21292495727539064
v -20.9992637634277344 259.122100830078125 30.73491096496582032
v -24.83132362365722656 259.122100830078125 27.73101615905761712
v -36.58158493041992184 259.122100830078125 6.88414192199707024
v -37.16718673706054688 259.122100830078125 2.05039191246032715
v -28.23851203918457032 259.122100830078125 24.25263404846191408
v -31.16253089904785156 259.122100830078125 20.3592853546142578
v 16.11758232116699218 278.299102783203125 33.55335235595703128
v 20.3592853546142578 278.299102783203125 31.16253089904785156
v 11.600102424621582 278.299102783203125 35.37006378173828128
v 6.88414192199707024 278.299102783203125 36.58158493041992184
v 2.05039191246032715 278.299102783203125 37.16718673706054688
v -2.8184409141540528 278.299102783203125 37.11684417724609376
v -7.63904905319213864 278.299102783203125 36.43142700195312496
v -12.3289518356323242 278.299102783203125 35.12265396118164062
v -16.80790138244628912 278.299102783203125 33.21292495727539064
v -20.9992637634277344 278.299102783203125 30.73491096496582032
v -24.83132362365722656 278.299102783203125 27.73101615905761712
v -28.23851203918457032 278.299102783203125 24.25263404846191408
v -31.16253089904785156 278.299102783203125 20.3592853546142578
v -33.55335235595703128 278.299102783203125 16.11758232116699218
v -35.37006378173828128 278.299102783203125 11.600102424621582
v -36.58158493041992184 278.299102783203125 6.88414192199707024
v -37.16718673706054688 278.299102783203125 2.05039191246032715
v -37.11684417724609376 278.299102783203125 -2.8184409141540528
v -36.43142700195312496 278.299102783203125 -7.63904905319213864
v -35.12265396118164062 278.299102783203125 -12.3289518356323242
v -33.21292495727539064 278.299102783203125 -16.80790138244628912
v -30.73491096496582032 278.299102783203125 -20.9992637634277344
v -27.73101615905761712 278.299102783203125 -24.83132362365722656
v -24.25263404846191408 278.299102783203125 -28.23851203918457032
v -20.3592853546142578 278.299102783203125 -31.16253089904785156
v -16.11758232116699218 278.299102783203125 -33.55335235595703128
v -11.600102424621582 278.299102783203125 -35.37006378173828128
v -6.88414192199707024 278.299102783203125 -36.58158493041992184
v -2.05039191246032715 278.299102783203125 -37.16718673706054688
v 2.8184409141540528 278.299102783203125 -37.11684417724609376
v 7.63904905319213864 278.299102783203125 -36.43142700195312496
v 12.3289518356323242 278.299102783203125 -35.12265396118164062
v 16.80790138244628912 278.299102783203125 -33.21292495727539064
v 20.9992637634277344 278.299102783203125 -30.73491096496582032
v 24.83132362365722656 278.299102783203125 -27.73101615905761712
v 28.23851203918457032 278.299102783203125 -24.25263404846191408
v 31.16253089904785156 278.299102783203125 -20.3592853546142578
v 33.55335235595703128 278.299102783203125 -16.11758232116699218
v 35.37006378173828128 278.299102783203125 -11.600102424621582
v 36.58158493041992184 278.299102783203125 -6.88414192199707024
v 37.16718673706054688 278.299102783203125 -2.05039191246032715
v 37.11684417724609376 278.299102783203125 2.8184409141540528
v 36.43142700195312496 278.299102783203125 7.63904905319213864
v 35.12265396118164062 278.299102783203125 12.3289518356323242
v 33.21292495727539064 278.299102783203125 16.80790138244628912
v 30.73491096496582032 278.299102783203125 20.9992637634277344
v 27.73101615905761712 278.299102783203125 24.83132362365722656
v 24.25263404846191408 278.299102783203125 28.23851203918457032
v -11.87265872955322272 278.299102783203125 -12.40413761138916016
v -13.94975852966308592 278.299102783203125 -10.0113382339477539
v -3.56440091133117672 278.299102783203125 -16.79636001586914064
v -9.39124965667724608 278.299102783203125 -14.37452793121337888
v -6.59003305435180664 278.299102783203125 -15.855412483215332
v -0.41738730669021608 278.299102783203125 -17.16532707214355468
v 2.74383997917175296 278.299102783203125 -16.94974899291992192
v -15.5518150329589844 278.299102783203125 -7.27761459350585936
v -2.74383997917175296 278.299102783203125 16.94974899291992192
v 0.41738730669021608 278.299102783203125 17.16532707214355468
v -17.05359077453613281 278.299102783203125 1.99942326545715328
v -16.39582824707031248 278.299102783203125 5.098968505859375
v -17.13061332702636718 278.299102783203125 -1.16820967197418212
v -16.62427520751953128 278.299102783203125 -4.29606056213378908
v 5.81162881851196288 278.299102783203125 -16.1569671630859375
v 11.25575256347656248 278.299102783203125 -12.96652126312255856
v 15.17972469329833984 278.299102783203125 -8.02487373352050781
v 15.5518150329589844 278.299102783203125 7.27761459350585936
v -5.81162881851196288 278.299102783203125 16.1569671630859375
v -11.25575256347656248 278.299102783203125 12.96652126312255856
v 8.68150997161865232 278.299102783203125 -14.81398105621337888
v 13.44669437408447264 278.299102783203125 -10.67750263214111328
v 16.39582824707031248 278.299102783203125 -5.098968505859375
v 17.05359077453613281 278.299102783203125 -1.99942326545715328
v 17.13061332702636718 278.299102783203125 1.16820967197418212
v 16.62427520751953128 278.299102783203125 4.29606056213378908
v 13.94975852966308592 278.299102783203125 10.0113382339477539
v 11.87265872955322272 278.299102783203125 12.40413761138916016
v 3.56440091133117672 278.299102783203125 16.79636001586914064
v -8.68150997161865232 278.299102783203125 14.81398105621337888
v -13.44669437408447264 278.299102783203125 10.67750263214111328
v -15.17972469329833984 278.299102783203125 8.02487373352050781
v 9.39124965667724608 278.299102783203125 14.37452793121337888
v 6.59003305435180664 278.299102783203125 15.855412483215332
v -9.39124965667724608 265.85308837890624992 -14.37452793121337888
v -11.87265872955322272 265.85308837890624992 -12.40413761138916016
v -13.94975852966308592 265.85308837890624992 -10.0113382339477539
v -15.5518150329589844 265.85308837890624992 -7.27761459350585936
v -16.62427520751953128 265.85308837890624992 -4.29606056213378908
v -17.13061332702636718 265.85308837890624992 -1.16820967197418212
v -17.05359077453613281 265.85308837890624992 1.99942326545715328
v -16.39582824707031248 265.85308837890624992 5.098968505859375
v -15.17972469329833984 265.85308837890624992 8.02487373352050781
v -13.44669437408447264 265.85308837890624992 10.67750263214111328
v -11.25575256347656248 265.85308837890624992 12.96652126312255856
v -8.68150997161865232 265.85308837890624992 14.81398105621337888
v -5.81162881851196288 265.85308837890624992 16.1569671630859375
v -2.74383997917175296 265.85308837890624992 16.94974899291992192
v 0.41738730669021608 265.85308837890624992 17.16532707214355468
v 3.56440091133117672 265.85308837890624992 16.79636001586914064
v 6.59003305435180664 265.85308837890624992 15.855412483215332
v 9.39124965667724608 265.85308837890624992 14.37452793121337888
v 11.87265872955322272 265.85308837890624992 12.40413761138916016
v 13.94975852966308592 265.85308837890624992 10.0113382339477539
v 15.5518150329589844 265.85308837890624992 7.27761459350585936
v 16.62427520751953128 265.85308837890624992 4.29606056213378908
v 17.13061332702636718 265.85308837890624992 1.16820967197418212
v 17.05359077453613281 265.85308837890624992 -1.99942326545715328
v 16.39582824707031248 265.85308837890624992 -5.098968505859375
v 15.17972469329833984 265.85308837890624992 -8.02487373352050781
v 13.44669437408447264 265.85308837890624992 -10.67750263214111328
v 11.25575256347656248 265.85308837890624992 -12.96652126312255856
v 8.68150997161865232 265.85308837890624992 -14.81398105621337888
v 5.81162881851196288 265.85308837890624992 -16.1569671630859375
v 2.74383997917175296 265.85308837890624992 -16.94974899291992192
v -0.41738730669021608 265.85308837890624992 -17.16532707214355468
v -3.56440091133117672 265.85308837890624992 -16.79636001586914064
v -6.59003305435180664 265.85308837890624992 -15.855412483215332
v 12.52173900604248048 265.85308837890624992 4.76716375350952144
v 2.1323845386505127 265.85308837890624992 13.22772598266601564
v 4.83598566055297856 265.85308837890624992 12.49532127380371096
v -0.6644122004508972 265.85308837890624992 13.3820161819458008
v -3.43217086791992184 265.85308837890624992 12.95144844055175776
v 3.43217086791992184 265.85308837890624992 -12.95144844055175776
v 0.6644122004508972 265.85308837890624992 -13.3820161819458008
v 13.2392578125 265.85308837890624992 2.05957412719726562
v 11.2569599151611328 265.85308837890624992 7.26640605926513672
v -13.37815856933593752 265.85308837890624992 0.73802912235260016
v -12.93236827850341792 265.85308837890624992 3.50337696075439456
v -13.2392578125 265.85308837890624992 -2.05957412719726562
v -12.52173900604248048 265.85308837890624992 -4.76716375350952144
v -9.50019741058349608 265.85308837890624992 -9.44807147979736328
v -7.32823085784912108 265.85308837890624992 -11.21681022644042968
v 6.0499272346496582 265.85308837890624992 -11.9548397064208984
v 9.50019741058349608 265.85308837890624992 9.44807147979736328
v -6.0499272346496582 265.85308837890624992 11.9548397064208984
v -11.92137241363525392 265.85308837890624992 6.11561012268066406
v -11.2569599151611328 265.85308837890624992 -7.26640605926513672
v -4.83598566055297856 265.85308837890624992 -12.49532127380371096
v -2.1323845386505127 265.85308837890624992 -13.22772598266601564
v 8.40327262878417968 265.85308837890624992 -10.43574714660644528
v 7.32823085784912108 265.85308837890624992 11.21681022644042968
v -8.40327262878417968 265.85308837890624992 10.43574714660644528
v 10.38935470581054688 265.85308837890624992 -8.46056175231933592
v 11.92137241363525392 265.85308837890624992 -6.11561012268066406
v 12.93236827850341792 265.85308837890624992 -3.50337696075439456
v 13.37815856933593752 265.85308837890624992 -0.73802912235260016
v -10.38935470581054688 265.85308837890624992 8.46056175231933592
v 4.83598566055297856 267.12310791015625 12.49532127380371096
v 7.32823085784912108 267.12310791015625 11.21681022644042968
v 2.1323845386505127 267.12310791015625 13.22772598266601564
v -0.6644122004508972 267.12310791015625 13.3820161819458008
v -3.43217086791992184 267.12310791015625 12.95144844055175776
v -6.0499272346496582 267.12310791015625 11.9548397064208984
v -8.40327262878417968 267.12310791015625 10.43574714660644528
v -10.38935470581054688 267.12310791015625 8.46056175231933592
v -11.92137241363525392 267.12310791015625 6.11561012268066406
v -12.93236827850341792 267.12310791015625 3.50337696075439456
v -13.37815856933593752 267.12310791015625 0.73802912235260016
v -13.2392578125 267.12310791015625 -2.05957412719726562
v -12.52173900604248048 267.12310791015625 -4.76716375350952144
v -11.2569599151611328 267.12310791015625 -7.26640605926513672
v -9.50019741058349608 267.12310791015625 -9.44807147979736328
v -7.32823085784912108 267.12310791015625 -11.21681022644042968
v -4.83598566055297856 267.12310791015625 -12.49532127380371096
v -2.1323845386505127 267.12310791015625 -13.22772598266601564
v 0.6644122004508972 267.12310791015625 -13.3820161819458008
v 3.43217086791992184 267.12310791015625 -12.95144844055175776
v 6.0499272346496582 267.12310791015625 -11.9548397064208984
v 8.40327262878417968 267.12310791015625 -10.43574714660644528
v 10.38935470581054688 267.12310791015625 -8.46056175231933592
v 11.92137241363525392 267.12310791015625 -6.11561012268066406
v 12.93236827850341792 267.12310791015625 -3.50337696075439456
v 13.37815856933593752 267.12310791015625 -0.73802912235260016
v 13.2392578125 267.12310791015625 2.05957412719726562
v 12.52173900604248048 267.12310791015625 4.76716375350952144
v 11.2569599151611328 267.12310791015625 7.26640605926513672
v 9.50019741058349608 267.12310791015625 9.44807147979736328
v -12.45698642730712888 267.12310791015625 6.3903779983520508
v -10.8561372756958008 267.12310791015625 8.84068584442138672
v -8.78082275390624992 267.12310791015625 10.90461349487304688
v -7.65748023986816408 267.12310791015625 -11.720768928527832
v -9.92703151702880864 267.12310791015625 -9.8725624084472656
v -11.76272296905517584 267.12310791015625 -7.59287786483764648
v -6.3217439651489258 267.12310791015625 12.49195766448974608
v 10.8561372756958008 267.12310791015625 -8.84068584442138672
v 8.78082275390624992 267.12310791015625 -10.90461349487304688
v 6.3217439651489258 267.12310791015625 -12.49195766448974608
v 3.5863745212554932 267.12310791015625 -13.53334236145019528
v 0.69426351785659792 267.12310791015625 -13.98325538635253904
v -2.22819018363952636 267.12310791015625 -13.82203388214111328
v -5.05326128005981445 267.12310791015625 -13.05672168731689453
v -3.5863745212554932 267.12310791015625 13.53334236145019528
v 7.65748023986816408 267.12310791015625 11.720768928527832
v 9.92703151702880864 267.12310791015625 9.8725624084472656
v -0.69426351785659792 267.12310791015625 13.98325538635253904
v 2.22819018363952636 267.12310791015625 13.82203388214111328
v 5.05326128005981445 267.12310791015625 13.05672168731689453
v 11.76272296905517584 267.12310791015625 7.59287786483764648
v 13.08432674407958984 267.12310791015625 4.98134756088256832
v 13.83408355712890624 267.12310791015625 2.15210843086242676
v -13.08432674407958984 267.12310791015625 -4.98134756088256832
v -13.83408355712890624 267.12310791015625 -2.15210843086242676
v -13.97922420501708992 267.12310791015625 0.771187961101532
v -13.51340579986572264 267.12310791015625 3.66077971458435056
v 13.97922420501708992 267.12310791015625 -0.771187961101532
v 13.51340579986572264 267.12310791015625 -3.66077971458435056
v 12.45698642730712888 267.12310791015625 -6.3903779983520508
v 5.05326128005981445 280.96609497070312496 13.05672168731689453
v 7.65748023986816408 280.96609497070312496 11.720768928527832
v 2.22819018363952636 280.96609497070312496 13.82203388214111328
v -0.69426351785659792 280.96609497070312496 13.98325538635253904
v -3.5863745212554932 280.96609497070312496 13.53334236145019528
v -6.3217439651489258 280.96609497070312496 12.49195766448974608
v -8.78082275390624992 280.96609497070312496 10.90461349487304688
v -10.8561372756958008 280.96609497070312496 8.84068584442138672
v -12.45698642730712888 280.96609497070312496 6.3903779983520508
v -13.51340579986572264 280.96609497070312496 3.66077971458435056
v -13.97922420501708992 280.96609497070312496 0.771187961101532
v -13.83408355712890624 280.96609497070312496 -2.15210843086242676
v -13.08432674407958984 280.96609497070312496 -4.98134756088256832
v -11.76272296905517584 280.96609497070312496 -7.59287786483764648
v -9.92703151702880864 280.96609497070312496 -9.8725624084472656
v -7.65748023986816408 280.96609497070312496 -11.720768928527832
v -5.05326128005981445 280.96609497070312496 -13.05672168731689453
v -2.22819018363952636 280.96609497070312496 -13.82203388214111328
v 0.69426351785659792 280.96609497070312496 -13.98325538635253904
v 3.5863745212554932 280.96609497070312496 -13.53334236145019528
v 6.3217439651489258 280.96609497070312496 -12.49195766448974608
v 8.78082275390624992 280.96609497070312496 -10.90461349487304688
v 10.8561372756958008 280.96609497070312496 -8.84068584442138672
v 12.45698642730712888 280.96609497070312496 -6.3903779983520508
v 13.51340579986572264 280.96609497070312496 -3.66077971458435056
v 13.97922420501708992 280.96609497070312496 -0.771187961101532
v 13.83408355712890624 280.96609497070312496 2.15210843086242676
v 13.08432674407958984 280.96609497070312496 4.98134756088256832
v 11.76272296905517584 280.96609497070312496 7.59287786483764648
v 9.92703151702880864 280.96609497070312496 9.8725624084472656
v 15.02674293518066406 280.96609497070312496 -14.09014892578125
v 12.35172367095947264 280.96609497070312496 -16.48545455932617184
v 9.30140495300292968 280.96609497070312496 -18.37985801696777344
v -18.37985801696777344 280.96609497070312496 -9.30140495300292968
v -19.71579742431640624 280.96609497070312496 -5.96846675872802736
v 5.96846675872802736 280.96609497070312496 -19.71579742431640624
v -1.13467609882354736 280.96609497070312496 -20.56812477111816408
v -4.68905544281005856 280.96609497070312496 -20.05861473083496094
v -16.48545455932617184 280.96609497070312496 -12.35172367095947264
v -20.45268440246582032 280.96609497070312496 -2.45417976379394528
v 2.45417976379394528 280.96609497070312496 -20.45268440246582032
v -8.10095977783203124 280.96609497070312496 -18.93963432312011712
v -14.09014892578125 280.96609497070312496 -15.02674293518066406
v -20.56812477111816408 280.96609497070312496 1.13467609882354736
v -20.05861473083496094 280.96609497070312496 4.68905544281005856
v -18.93963432312011712 280.96609497070312496 8.10095977783203124
v 8.10095977783203124 280.96609497070312496 18.93963432312011712
v 11.2667207717895508 280.96609497070312496 17.24518203735351564
v 14.09014892578125 280.96609497070312496 15.02674293518066406
v -11.2667207717895508 280.96609497070312496 -17.24518203735351564
v -17.24518203735351564 280.96609497070312496 11.2667207717895508
v -12.35172367095947264 280.96609497070312496 16.48545455932617184
v -9.30140495300292968 280.96609497070312496 18.37985801696777344
v -5.96846675872802736 280.96609497070312496 19.71579742431640624
v 16.48545455932617184 280.96609497070312496 12.35172367095947264
v 18.37985801696777344 280.96609497070312496 9.30140495300292968
v -15.02674293518066406 280.96609497070312496 14.09014892578125
v 17.24518203735351564 280.96609497070312496 -11.2667207717895508
v -2.45417976379394528 280.96609497070312496 20.45268440246582032
v 1.13467609882354736 280.96609497070312496 20.56812477111816408
v 19.71579742431640624 280.96609497070312496 5.96846675872802736
v 20.45268440246582032 280.96609497070312496 2.45417976379394528
v 18.93963432312011712 280.96609497070312496 -8.10095977783203124
v 4.68905544281005856 280.96609497070312496 20.05861473083496094
v 20.56812477111816408 280.96609497070312496 -1.13467609882354736
v 20.05861473083496094 280.96609497070312496 -4.68905544281005856
v 8.10095977783203124 284.39511108398437504 18.93963432312011712
v 11.2667207717895508 284.39511108398437504 17.24518203735351564
v 4.68905544281005856 284.39511108398437504 20.05861473083496094
v 1.13467609882354736 284.39511108398437504 20.56812477111816408
v -2.45417976379394528 284.39511108398437504 20.45268440246582032
v -5.96846675872802736 284.39511108398437504 19.71579742431640624
v -9.30140495300292968 284.39511108398437504 18.37985801696777344
v -12.35172367095947264 284.39511108398437504 16.48545455932617184
v -15.02674293518066406 284.39511108398437504 14.09014892578125
v -17.24518203735351564 284.39511108398437504 11.2667207717895508
v -18.93963432312011712 284.39511108398437504 8.10095977783203124
v -20.05861473083496094 284.39511108398437504 4.68905544281005856
v -20.56812477111816408 284.39511108398437504 1.13467609882354736
v -20.45268440246582032 284.39511108398437504 -2.45417976379394528
v -19.71579742431640624 284.39511108398437504 -5.96846675872802736
v -18.37985801696777344 284.39511108398437504 -9.30140495300292968
v -16.48545455932617184 284.39511108398437504 -12.35172367095947264
v -14.09014892578125 284.39511108398437504 -15.02674293518066406
v -11.2667207717895508 284.39511108398437504 -17.24518203735351564
v -8.10095977783203124 284.39511108398437504 -18.93963432312011712
v -4.68905544281005856 284.39511108398437504 -20.05861473083496094
v -1.13467609882354736 284.39511108398437504 -20.56812477111816408
v 2.45417976379394528 284.39511108398437504 -20.45268440246582032
v 5.96846675872802736 284.39511108398437504 -19.71579742431640624
v 9.30140495300292968 284.39511108398437504 -18.37985801696777344
v 12.35172367095947264 284.39511108398437504 -16.48545455932617184
v 15.02674293518066406 284.39511108398437504 -14.09014892578125
v 17.24518203735351564 284.39511108398437504 -11.2667207717895508
v 18.93963432312011712 284.39511108398437504 -8.10095977783203124
v 20.05861473083496094 284.39511108398437504 -4.68905544281005856
v 20.56812477111816408 284.39511108398437504 -1.13467609882354736
v 20.45268440246582032 284.39511108398437504 2.45417976379394528
v 19.71579742431640624 284.39511108398437504 5.96846675872802736
v 18.37985801696777344 284.39511108398437504 9.30140495300292968
v 16.48545455932617184 284.39511108398437504 12.35172367095947264
v 14.09014892578125 284.39511108398437504 15.02674293518066406
v 15.05420398712158203 284.39511108398437504 -18.6953182220458984
v 11.94426918029785152 284.39511108398437504 -20.82014465332031248
v -20.82014465332031248 284.39511108398437504 -11.94426918029785152
v -22.4323101043701172 284.39511108398437504 -8.540226936340332
v -23.49211692810058592 284.39511108398437504 -4.92589664459228512
v 8.540226936340332 284.39511108398437504 -22.4323101043701172
v 4.92589664459228512 284.39511108398437504 -23.49211692810058592
v 1.19027400016784668 284.39511108398437504 -23.97347068786621088
v -2.57465720176696776 284.39511108398437504 -23.86451721191406256
v -6.27619171142578124 284.39511108398437504 -23.16794013977050782
v -4.92589664459228512 284.39511108398437504 23.49211692810058592
v 18.6953182220458984 284.39511108398437504 15.05420398712158203
v 20.82014465332031248 284.39511108398437504 11.94426918029785152
v 23.49211692810058592 284.39511108398437504 4.92589664459228512
v 23.97347068786621088 284.39511108398437504 1.19027400016784668
v 23.86451721191406256 284.39511108398437504 -2.57465720176696776
v 23.16794013977050782 284.39511108398437504 -6.27619171142578124
v -9.823185920715332 284.39511108398437504 -21.9008903503417968
v -18.6953182220458984 284.39511108398437504 -15.05420398712158203
v -23.97347068786621088 284.39511108398437504 -1.19027400016784668
v -23.86451721191406256 284.39511108398437504 2.57465720176696776
v -23.16794013977050782 284.39511108398437504 6.27619171142578124
v -21.9008903503417968 284.39511108398437504 9.823185920715332
v -20.09457015991210938 284.39511108398437504 13.12829971313476562
v -17.7934532165527344 284.39511108398437504 16.1101531982421875
v -8.540226936340332 284.39511108398437504 22.4323101043701172
v -1.19027400016784668 284.39511108398437504 23.97347068786621088
v 2.57465720176696776 284.39511108398437504 23.86451721191406256
v 9.823185920715332 284.39511108398437504 21.9008903503417968
v 13.12829971313476562 284.39511108398437504 20.09457015991210938
v 16.1101531982421875 284.39511108398437504 17.7934532165527344
v 22.4323101043701172 284.39511108398437504 8.540226936340332
v -13.12829971313476562 284.39511108398437504 -20.09457015991210938
v -16.1101531982421875 284.39511108398437504 -17.7934532165527344
v -15.05420398712158203 284.39511108398437504 18.6953182220458984
v -11.94426918029785152 284.39511108398437504 20.82014465332031248
v 6.27619171142578124 284.39511108398437504 23.16794013977050782
v 21.9008903503417968 284.39511108398437504 -9.823185920715332
v 20.09457015991210938 284.39511108398437504 -13.12829971313476562
v 17.7934532165527344 284.39511108398437504 -16.1101531982421875
v 4.92589664459228512 288.02728271484375 -23.49211692810058592
v 8.540226936340332 288.02728271484375 -22.4323101043701172
v 11.94426918029785152 288.02728271484375 -20.82014465332031248
v 15.05420398712158203 288.02728271484375 -18.6953182220458984
v 17.7934532165527344 288.02728271484375 -16.1101531982421875
v 20.09457015991210938 288.02728271484375 -13.12829971313476562
v 1.19027400016784668 288.02728271484375 -23.97347068786621088
v -2.57465720176696776 288.02728271484375 -23.86451721191406256
v -6.27619171142578124 288.02728271484375 -23.16794013977050782
v -9.823185920715332 288.02728271484375 -21.9008903503417968
v -13.12829971313476562 288.02728271484375 -20.09457015991210938
v -23.49211692810058592 288.02728271484375 -4.92589664459228512
v -22.4323101043701172 288.02728271484375 -8.540226936340332
v -16.1101531982421875 288.02728271484375 -17.7934532165527344
v -18.6953182220458984 288.02728271484375 -15.05420398712158203
v -20.82014465332031248 288.02728271484375 -11.94426918029785152
v -17.7934532165527344 288.02728271484375 16.1101531982421875
v -20.09457015991210938 288.02728271484375 13.12829971313476562
v -15.05420398712158203 288.02728271484375 18.6953182220458984
v 2.57465720176696776 288.02728271484375 23.86451721191406256
v 6.27619171142578124 288.02728271484375 23.16794013977050782
v 9.823185920715332 288.02728271484375 21.9008903503417968
v 13.12829971313476562 288.02728271484375 20.09457015991210938
v 16.1101531982421875 288.02728271484375 17.7934532165527344
v 18.6953182220458984 288.02728271484375 15.05420398712158203
v -23.86451721191406256 288.02728271484375 2.57465720176696776
v -23.16794013977050782 288.02728271484375 6.27619171142578124
v -21.9008903503417968 288.02728271484375 9.823185920715332
v -11.94426918029785152 288.02728271484375 20.82014465332031248
v -8.540226936340332 288.02728271484375 22.4323101043701172
v -4.92589664459228512 288.02728271484375 23.49211692810058592
v -1.19027400016784668 288.02728271484375 23.97347068786621088
v 20.82014465332031248 288.02728271484375 11.94426918029785152
v 23.49211692810058592 288.02728271484375 4.92589664459228512
v 22.4323101043701172 288.02728271484375 8.540226936340332
v 23.97347068786621088 288.02728271484375 1.19027400016784668
v 23.86451721191406256 288.02728271484375 -2.57465720176696776
v -23.97347068786621088 288.02728271484375 -1.19027400016784668
v 23.16794013977050782 288.02728271484375 -6.27619171142578124
v 21.9008903503417968 288.02728271484375 -9.823185920715332
# 1322 vertices

vn -0.5819817781448364 0 -0.81320184469223024
vn -0.59842860698699952 0.00292220851406455 -0.801170825958252
vn -0.69412291049957272 0.00303913094103336 -0.71985012292861936
vn -0.66421961784362792 0 -0.74753749370574944
vn -0.76811194419860832 0.0002532703510951251 -0.64031553268432616
vn -0.77887123823165888 0.00278580258600413 -0.62717765569686888
vn -0.73910129070281984 0 -0.67359429597854616
vn -0.85133492946624752 0.00313656823709607 -0.52461320161819456
vn -0.83020478487014768 0 -0.55745851993560792
vn -0.904672622680664 0.00052600883645936 -0.42610701918601992
vn -0.91037470102310176 0.0026299140881747 -0.41377648711204528
vn -0.88419169187545776 0 -0.46712422370910648
vn -0.95505446195602416 0.00321451923809945 -0.29641303420066832
vn -0.94332164525985712 0 -0.33187994360923768
vn -0.98285090923309328 0.00081821216735988 -0.18440012633800508
vn -0.98467606306076048 0.00245454511605203 -0.17437604069709778
vn -0.9729757905006408 0 -0.23090720176696776
vn -0.99876439571380608 0.00327298347838223 -0.04958828538656235
vn -0.99636667966842656 0 -0.08516692370176315
vn -0.99760168790817264 0.00112987693864852 0.06920676678419113
vn -0.99710667133331296 0.00225969753228127 0.07598131895065308
vn -0.99979966878890992 0 0.02001425437629222
vn -0.97971832752227776 0.00331195979379117 0.20035219192504884
vn -0.9859620332717896 0 0.16696962714195252
vn -0.9479730129241944 0.0014609993668273 0.3183472752571106
vn -0.94688540697097776 0.00204537343233823 0.3215647339820862
vn -0.96295529603958128 0 0.26966118812561036
vn -0.89911305904388432 0.00333144818432629 0.43770378828048704
vn -0.9127702116966248 0 0.4084733724594116
vn -0.837167739868164 0.0018115754937753 0.54694324731826784
vn -0.8647887706756592 0 0.50213581323623656
vn -0.78145223855972288 0 0.62396508455276488
vn -0.7620132565498352 0.00333144818432629 0.64755284786224368
vn -0.67484700679779056 0.00204537343233823 0.73795485496520992
vn -0.67233747243881224 0.0014609993668273 0.74024331569671632
vn -0.71155160665512088 0 0.7026338577270508
vn -0.60037046670913696 0 0.79972201585769648
vn -0.57703340053558352 0.00331195979379117 0.81671380996704096
vn -0.47012332081794736 0.00225969753228127 0.88259786367416384
vn -0.46411824226379392 0.00112987693864852 0.88577252626419072
vn -0.51300203800201416 0 0.85838741064071648
vn -0.38105645775794984 0 0.92455178499221808
vn -0.35579642653465272 0.00327298347838223 0.93455773591995232
vn -0.23586027324199676 0.00245454511605203 0.97178387641906736
vn -0.2259473502635956 0.00081821216735988 0.97413915395736688
vn -0.28178393840789796 0 0.95947790145874016
vn -0.1374763548374176 0 0.99050503969192512
vn -0.11220338940620422 0.00321451923809945 0.99368005990982048
vn 0.01322252582758665 0.0026299140881747 0.9999091029167176
vn 0.02680500783026218 0.00052600883645936 0.99964052438735968
vn -0.03262152522802353 0 0.99946779012680048
vn 0.11485839635133744 0 0.99338185787200928
vn 0.13843990862369538 0.00313656823709607 0.99036586284637456
vn 0.26147428154945372 0.00278580258600413 0.96520644426345824
vn 0.27782759070396424 0.0002532703510951251 0.96063089370727536
vn 0.2186182588338852 0 0.97581046819686896
vn 0.35987883806228636 0 0.932999074459076
vn 0.3803846538066864 0.00303913094103336 0.92482340335845952
vn 0.49329647421836856 0.00292220851406455 0.86985635757446288
vn 0.45593619346618656 0 0.89001244306564336
vn 0.51092088222503664 0 0.85962778329849248
vn 0.41775217652320864 0 0.90856099128723152
vn 0.3199569582939148 0 0.9474321007728576
vn 0.17700670659542084 0 0.98420965671539312
vn 0.07259458303451538 0 0.99736154079437248
vn -0.075010746717453 0 0.9971827268600464
vn -0.17939071357250214 0 0.98377788066864016
vn -0.32225143909454344 0 0.94665414094924928
vn -0.41995218396186832 0 0.9075462222099304
vn -0.54897081851959232 0 0.83584153652191168
vn -0.6337706446647644 0 0.7735210061073304
vn -0.74073112010955808 0 0.67180162668228152
vn -0.80722993612289424 0 0.5902370810508728
vn -0.88532084226608272 0 0.46498066186904904
vn -0.92928391695022576 0 0.36936625838279728
vn -0.97353237867355344 0 0.22854922711849212
vn -0.99216002225875856 0 0.12497377395629882
vn -0.9997482895851136 0 -0.02243648283183574
vn -0.9918543696403504 0 -0.12737718224525452
vn -0.96229910850524896 0 -0.27199339866638184
vn -0.92838627099990848 0 -0.37161663174629208
vn -0.86356967687606816 0 -0.50422948598861696
vn -0.8057975769042968 0 -0.5921911001205444
vn -0.70984721183776856 0 -0.70435571670532224
vn -0.63189476728439328 0 -0.77505421638488768
vn 0.5819817781448364 0 0.81320184469223024
vn 0.59842860698699952 0.00292220851406455 0.801170825958252
vn 0.69412291049957272 0.00303913094103336 0.71985012292861936
vn 0.66421961784362792 0 0.74753749370574944
vn 0.76811194419860832 0.0002532703510951251 0.64031553268432616
vn 0.77887123823165888 0.00278580258600413 0.62717765569686888
vn 0.73910129070281984 0 0.67359429597854616
vn 0.85133492946624752 0.00313656823709607 0.52461320161819456
vn 0.83020478487014768 0 0.55745851993560792
vn 0.904672622680664 0.00052600883645936 0.42610701918601992
vn 0.91037470102310176 0.0026299140881747 0.41377648711204528
vn 0.88419169187545776 0 0.46712422370910648
vn 0.95505446195602416 0.00321451923809945 0.29641303420066832
vn 0.94332164525985712 0 0.33187994360923768
vn 0.98285090923309328 0.00081821216735988 0.18440012633800508
vn 0.98467606306076048 0.00245454511605203 0.17437604069709778
vn 0.9729757905006408 0 0.23090720176696776
vn 0.99876439571380608 0.00327298347838223 0.04958828538656235
vn 0.99636667966842656 0 0.08516692370176315
vn 0.99760168790817264 0.00112987693864852 -0.06920676678419113
vn 0.99710667133331296 0.00225969753228127 -0.07598131895065308
vn 0.99979966878890992 0 -0.02001425437629222
vn 0.97971832752227776 0.00331195979379117 -0.20035219192504884
vn 0.9859620332717896 0 -0.16696962714195252
vn 0.9479730129241944 0.0014609993668273 -0.3183472752571106
vn 0.94688540697097776 0.00204537343233823 -0.3215647339820862
vn 0.96295529603958128 0 -0.26966118812561036
vn 0.89911305904388432 0.00333144818432629 -0.43770378828048704
vn 0.9127702116966248 0 -0.4084733724594116
vn 0.837167739868164 0.0018115754937753 -0.54694324731826784
vn 0.8647887706756592 0 -0.50213581323623656
vn 0.78145223855972288 0 -0.62396508455276488
vn 0.7620132565498352 0.00333144818432629 -0.64755284786224368
vn 0.67484700679779056 0.00204537343233823 -0.73795485496520992
vn 0.67233747243881224 0.0014609993668273 -0.74024331569671632
vn 0.71155160665512088 0 -0.7026338577270508
vn 0.60037046670913696 0 -0.79972201585769648
vn 0.57703340053558352 0.00331195979379117 -0.81671380996704096
vn 0.47012332081794736 0.00225969753228127 -0.88259786367416384
vn 0.46411824226379392 0.00112987693864852 -0.88577252626419072
vn 0.51300203800201416 0 -0.85838741064071648
vn 0.38105645775794984 0 -0.92455178499221808
vn 0.35579642653465272 0.00327298347838223 -0.93455773591995232
vn 0.23586027324199676 0.00245454511605203 -0.97178387641906736
vn 0.2259473502635956 0.00081821216735988 -0.97413915395736688
vn 0.28178393840789796 0 -0.95947790145874016
vn 0.1374763548374176 0 -0.99050503969192512
vn 0.11220338940620422 0.00321451923809945 -0.99368005990982048
vn -0.01322252582758665 0.0026299140881747 -0.9999091029167176
vn -0.02680500783026218 0.00052600883645936 -0.99964052438735968
vn 0.03262152522802353 0 -0.99946779012680048
vn -0.11485839635133744 0 -0.99338185787200928
vn -0.13843990862369538 0.00313656823709607 -0.99036586284637456
vn -0.26147428154945372 0.00278580258600413 -0.96520644426345824
vn -0.27782759070396424 0.0002532703510951251 -0.96063089370727536
vn -0.2186182588338852 0 -0.97581046819686896
vn -0.35987883806228636 0 -0.932999074459076
vn -0.3803846538066864 0.00303913094103336 -0.92482340335845952
vn -0.49329647421836856 0.00292220851406455 -0.86985635757446288
vn -0.45593619346618656 0 -0.89001244306564336
vn -0.51092088222503664 0 -0.85962778329849248
vn -0.41775217652320864 0 -0.90856099128723152
vn -0.3199569582939148 0 -0.9474321007728576
vn -0.17700670659542084 0 -0.98420965671539312
vn -0.07259458303451538 0 -0.99736154079437248
vn 0.075010746717453 0 -0.9971827268600464
vn 0.17939071357250214 0 -0.98377788066864016
vn 0.32225143909454344 0 -0.94665414094924928
vn 0.41995218396186832 0 -0.9075462222099304
vn 0.54897081851959232 0 -0.83584153652191168
vn 0.6337706446647644 0 -0.7735210061073304
vn 0.74073112010955808 0 -0.67180162668228152
vn 0.80722993612289424 0 -0.5902370810508728
vn 0.88532084226608272 0 -0.46498066186904904
vn 0.92928391695022576 0 -0.36936625838279728
vn 0.97353237867355344 0 -0.22854922711849212
vn 0.99216002225875856 0 -0.12497377395629882
vn 0.9997482895851136 0 0.02243648283183574
vn 0.9918543696403504 0 0.12737718224525452
vn 0.96229910850524896 0 0.27199339866638184
vn 0.92838627099990848 0 0.37161663174629208
vn 0.86356967687606816 0 0.50422948598861696
vn 0.8057975769042968 0 0.5921911001205444
vn 0.70984721183776856 0 0.70435571670532224
vn 0.63189476728439328 0 0.77505421638488768
vn 0.44271063804626464 0.64910948276519776 0.61859852075576784
vn 0.48784947395324704 0.65931314229965208 0.57210928201675416
vn 0.47777324914932248 0.64940160512924192 0.5916166305541992
vn 0.53487467765808104 0.64926230907440184 0.54071015119552616
vn 0.535714328289032 0.65753817558288576 0.52976757287979128
vn 0.58429890871047976 0.64910948276519776 0.487084835767746
vn 0.6204310059547424 0.6534743309020996 0.43363192677497864
vn 0.6063891053199768 0.64944386482238768 0.45881900191307064
vn 0.65003770589828488 0.66002011299133304 0.37659582495689392
vn 0.6494693160057068 0.64936959743499752 0.39561182260513304
vn 0.68605625629425048 0.64920240640640256 0.32842513918876648
vn 0.68385124206542968 0.65467548370361328 0.32209864258766176
vn 0.71318960189819336 0.64910948276519776 0.26460808515548708
vn 0.72675013542175296 0.65670615434646608 0.20142312347888948
vn 0.72569143772125248 0.64943134784698488 0.22718036174774168
vn 0.74492847919464112 0.64932918548583984 0.15314431488513946
vn 0.73866987228393552 0.65966683626174928 0.13858745992183686
vn 0.75685250759124752 0.64910948276519776 0.07636181265115738
vn 0.76060187816619872 0.64910948276519776 0.01190114393830299
vn 0.7504785656929016 0.65884089469909664 -0.05206305906176567
vn 0.75980025529861456 0.64941042661666872 -0.03113848716020584
vn 0.75293803215026848 0.6492804288864136 -0.10732755064964294
vn 0.7438711524009704 0.65824949741363528 -0.11560000479221344
vn 0.7390583157539368 0.64910948276519776 -0.18013785779476166
vn 0.71865171194076536 0.65214747190475464 -0.24133682250976564
vn 0.72980302572250368 0.64944618940353392 -0.21355830132961272
vn 0.68941080570220944 0.6599023938179016 -0.2987332046031952
vn 0.70470786094665528 0.64938122034072872 -0.28581610321998596
vn 0.6725482940673828 0.64922332763671872 -0.35522934794425964
vn 0.66478461027145384 0.65575230121612552 -0.35784122347831728
vn 0.63683032989501952 0.64910948276519776 -0.41605767607688904
vn 0.5947468280792236 0.65575230121612552 -0.46504315733909608
vn 0.61487323045730592 0.6494364142417908 -0.44739601016044616
vn 0.56687545776367184 0.64934360980987552 -0.50695675611495968
vn 0.5505099892616272 0.6599023938179016 -0.511339008808136
vn 0.51318472623825072 0.64915782213211056 -0.56145840883255008
vn 0.50969433784484864 0.65214747190475464 -0.56117326021194456
vn 0.46184760332107544 0.64910948276519776 -0.60444492101669312
vn 0.40467911958694456 0.65824949741363528 -0.63477742671966552
vn 0.42775252461433408 0.64941835403442384 -0.62871581315994264
vn 0.36247566342353824 0.64929759502410888 -0.6685985326766968
vn 0.3491481840610504 0.65884089469909664 -0.66635143756866456
vn 0.29463827610015868 0.64910948276519776 -0.70131671428680416
vn 0.23410102725028992 0.64910948276519776 -0.72377729415893552
vn 0.1698126345872879 0.65966683626174928 -0.73212248086929328
vn 0.19040295481681824 0.64939188957214352 -0.73623156547546384
vn 0.11549577116966248 0.64924329519271848 -0.75176054239273072
vn 0.1074814572930336 0.65670615434646608 -0.74644809961318976
vn 0.0441712811589241 0.64910948276519776 -0.75941145420074464
vn -0.02026217803359031 0.65467548370361328 -0.7556384801864624
vn 0.00711450958624482 0.64944064617156984 -0.76037901639938352
vn -0.06931706517934799 0.64935708045959472 -0.75731801986694336
vn -0.08375205099582672 0.66002011299133304 -0.74656480550765984
vn -0.1450766772031784 0.6491805911064148 -0.74667084217071536
vn -0.14787714183330536 0.6534743309020996 -0.74236351251602176
vn -0.21134206652641296 0.64910948276519776 -0.73074716329574592
vn -0.26994624733924864 0.65753817558288576 -0.70340073108673096
vn -0.2499990314245224 0.64942532777786256 -0.71815544366836544
vn -0.32092162966728212 0.64931386709213256 -0.68949317932128904
vn -0.32794901728630064 0.65931314229965208 -0.67657637596130368
vn -0.38865494728088376 0.64910948276519776 -0.65391451120376584
vn 0.49634310603141784 0.52215617895126344 0.69353908300399784
vn 0.55337125062942504 0.52215617895126344 0.64894777536392208
vn 0.6064123511314392 0.52215617895126344 0.59968078136444088
vn 0.65508419275283816 0.52215617895126344 0.54609304666519168
vn 0.69903618097305296 0.52215617895126344 0.48857071995735168
vn 0.73795157670974736 0.52215617895126344 0.42752823233604432
vn 0.77155005931854256 0.52215617895126344 0.36340537667274472
vn 0.799589455127716 0.52215617895126344 0.29666420817375184
vn 0.82186782360076912 0.52215617895126344 0.22778554260730744
vn 0.83822458982467648 0.52215617895126344 0.15726567804813386
vn 0.8485419154167176 0.52215617895126344 0.08561272174119949
vn 0.85274553298950192 0.52215617895126344 0.01334291603416204
vn 0.8508050441741944 0.52215617895126344 -0.05902302265167236
vn 0.8427345156669616 0.52215617895126344 -0.13096369802951812
vn 0.82859206199646 0.52215617895126344 -0.20196077227592468
vn 0.8084795475006104 0.52215617895126344 -0.27150273323059084
vn 0.78254199028015136 0.52215617895126344 -0.33908849954605104
vn 0.75096613168716432 0.52215617895126344 -0.40423110127449032
vn 0.7139796018600464 0.52215617895126344 -0.46646124124526976
vn 0.6718487739562988 0.52215617895126344 -0.5253304839134216
vn 0.62487727403640744 0.52215617895126344 -0.58041477203369144
vn 0.57340353727340696 0.52215617895126344 -0.63131707906723024
vn 0.51779842376708984 0.52215617895126344 -0.67767077684402464
vn 0.45846256613731384 0.52215617895126344 -0.71914184093475344
vn 0.39582344889640808 0.52215617895126344 -0.75543147325515744
vn 0.3303324282169342 0.52215617895126344 -0.7862781882286072
vn 0.2624613642692566 0.52215617895126344 -0.81145977973937984
vn 0.19269923865795136 0.52215617895126344 -0.83079475164413456
vn 0.12154871970415116 0.52215617895126344 -0.84414386749267584
vn 0.04952244088053703 0.52215617895126344 -0.85141086578369136
vn -0.02286065183579921 0.52215617895126344 -0.85254341363906864
vn -0.09507902711629868 0.52215617895126344 -0.84753340482711792
vn -0.16661235690116882 0.52215617895126344 -0.83641690015792848
vn -0.236945241689682 0.52215617895126344 -0.8192740082740784
vn -0.30557093024253844 0.52215617895126344 -0.79622817039489744
vn -0.37199497222900392 0.52215617895126344 -0.76744556427001952
vn -0.43573880195617672 0.52215617895126344 -0.73313343524932864
vn 0.53775197267532352 0.3823890686035156 0.75139963626861568
vn 0.59953784942626952 0.3823890686035156 0.7030881643295288
vn 0.65700405836105344 0.3823890686035156 0.64971089363098144
vn 0.70973652601242064 0.3823890686035156 0.5916524529457092
vn 0.7573553323745728 0.3823890686035156 0.52933114767074584
vn 0.79951739311218256 0.3823890686035156 0.46319603919982912
vn 0.83591890335083008 0.3823890686035156 0.39372354745864872
vn 0.86629754304885872 0.3823890686035156 0.32141429185867308
vn 0.89043456315994256 0.3823890686035156 0.24678921699523924
vn 0.90815591812133792 0.3823890686035156 0.17038603127002716
vn 0.91933405399322512 0.3823890686035156 0.09275521337985992
vn 0.9238883256912232 0.3823890686035156 0.01445608865469694
vn 0.9217859506607056 0.3823890686035156 -0.06394719332456589
vn 0.91304212808609008 0.3823890686035156 -0.14188973605632782
vn 0.89771980047225952 0.3823890686035156 -0.21880994737148284
vn 0.87592935562133792 0.3823890686035156 -0.29415363073349
vn 0.84782785177230832 0.3823890686035156 -0.36737796664237976
vn 0.81361770629882816 0.3823890686035156 -0.4379552900791168
vn 0.77354544401168816 0.3823890686035156 -0.50537717342376712
vn 0.72789973020553584 0.3823890686035156 -0.56915777921676632
vn 0.67700952291488648 0.3823890686035156 -0.62883758544921872
vn 0.62124145030975344 0.3823890686035156 -0.68398660421371456
vn 0.5609973073005676 0.3823890686035156 -0.73420751094818112
vn 0.49671116471290592 0.3823890686035156 -0.77913838624954224
vn 0.42884621024131776 0.3823890686035156 -0.81845557689666752
vn 0.35789138078689576 0.3823890686035156 -0.85187578201293952
vn 0.2843579649925232 0.3823890686035156 -0.8791581988334656
vn 0.20877574384212492 0.3823890686035156 -0.90010625123977664
vn 0.13168928027153016 0.3823890686035156 -0.91456902027130128
vn 0.05365399643778801 0.3823890686035156 -0.92244231700897216
vn -0.02476786822080612 0.3823890686035156 -0.9236693978309632
vn -0.10301128029823304 0.3823890686035156 -0.91824138164520256
vn -0.1805124878883362 0.3823890686035156 -0.90619748830795296
vn -0.25671309232711792 0.3823890686035156 -0.88762432336807248
vn -0.33106410503387452 0.3823890686035156 -0.86265587806701664
vn -0.40302976965904232 0.3823890686035156 -0.83147197961807248
vn -0.47209158539772032 0.3823890686035156 -0.79429727792739872
vn 0.56592935323715208 0.23324647545814516 0.79077178239822384
vn 0.63095271587371824 0.23324647545814516 0.73992890119552608
vn 0.69143009185791016 0.23324647545814516 0.68375474214553832
vn 0.74692565202713008 0.23324647545814516 0.62265413999557496
vn 0.7970395684242248 0.23324647545814516 0.55706727504730224
vn 0.84141087532043456 0.23324647545814516 0.48746678233146664
vn 0.87971973419189456 0.23324647545814516 0.4143540561199188
vn 0.91169023513793952 0.23324647545814516 0.3382558822631836
vn 0.93709194660186768 0.23324647545814516 0.2597205936908722
vn 0.95574188232421872 0.23324647545814516 0.1793140023946762
vn 0.96750569343566896 0.23324647545814516 0.09761544317007064
vn 0.97229862213134768 0.23324647545814516 0.01521356496959924
vn 0.97008609771728512 0.23324647545814516 -0.06729792803525925
vn 0.96088409423828128 0.23324647545814516 -0.14932453632354736
vn 0.94475889205932624 0.23324647545814516 -0.23027525842189788
vn 0.921826720237732 0.23324647545814516 -0.30956682562828064
vn 0.8922526836395264 0.23324647545814516 -0.38662797212600712
vn 0.85624998807907104 0.23324647545814516 -0.46090346574783328
vn 0.81407803297042848 0.23324647545814516 -0.53185814619064328
vn 0.76604056358337408 0.23324647545814516 -0.59898072481155392
vn 0.7124837636947632 0.23324647545814516 -0.6617876887321472
vn 0.65379351377487184 0.23324647545814516 -0.71982645988464352
vn 0.59039270877838136 0.23324647545814516 -0.77267879247665408
vn 0.5227380394935608 0.23324647545814516 -0.81996405124664304
vn 0.45131707191467288 0.23324647545814516 -0.86134141683578496
vn 0.37664434313774112 0.23324647545814516 -0.89651274681091312
vn 0.29925787448883056 0.23324647545814516 -0.92522472143173216
vn 0.21971526741981508 0.23324647545814516 -0.94727045297622688
vn 0.13858959078788758 0.23324647545814516 -0.96249103546142576
vn 0.05646537989377975 0.23324647545814516 -0.9707768559455872
vn -0.02606566622853279 0.23324647545814516 -0.97206825017929072
vn -0.10840891301631928 0.23324647545814516 -0.96635586023330688
vn -0.18997105956077576 0.23324647545814516 -0.95368081331253056
vn -0.27016448974609376 0.23324647545814516 -0.9341344833374024
vn -0.34841135144233704 0.23324647545814516 -0.90785771608352656
vn -0.42414790391922 0.23324647545814516 -0.87503981590270992
vn -0.49682846665382384 0.23324647545814516 -0.83591717481613152
vn 0.58019095659255984 0.07838883250951767 0.81069946289062496
vn 0.66217303276062008 0.07844009250402451 0.74523419141769408
vn 0.64764344692230224 0.06094346940517426 0.75950235128402704
vn 0.70900154113769528 0.07570955157279968 0.7011311650276184
vn 0.73682290315628048 0.07845897972583771 0.67151784896850584
vn 0.76574838161468512 0.07838883250951767 0.63834518194198608
vn 0.82764697074890144 0.07843706011772156 0.55574101209640504
vn 0.81811261177062992 0.06116754934191704 0.57179564237594608
vn 0.86295264959335328 0.07325199246406555 0.49994689226150512
vn 0.881466031074524 0.07845864444971085 0.46568426489830016
vn 0.90188890695571904 0.07838883250951767 0.4247958958148956
vn 0.94041556119918816 0.0784337967634201 0.3308575451374054
vn 0.93576866388320928 0.06161567941308022 0.34718948602676392
vn 0.96123915910720832 0.0710165947675705 0.2664131224155426
vn 0.9699764847755432 0.07845808565616608 0.23019541800022124
vn 0.97982686758041376 0.07838883250951767 0.18383276462554932
vn 0.99329751729965216 0.07843031734228134 0.08490457385778427
vn 0.99301677942276 0.06228780001401901 0.10018935054540634
vn 0.99749428033828736 0.06900374591350555 0.01560780219733715
vn 0.9967178106307984 0.0784572958946228 -0.0199525598436594
vn 0.99453258514404304 0.07838883250951767 -0.06899385154247284
vn 0.98292517662048336 0.07842660695314407 -0.16645534336566926
vn 0.98616492748260496 0.06318381428718567 -0.15325325727462768
vn 0.96935963630676272 0.06721378117799759 -0.2362714260816574
vn 0.95998698472976688 0.07845628261566162 -0.26882997155189516
vn 0.94505697488784784 0.07838883250951767 -0.31736800074577332
vn 0.90995907783508304 0.0784226730465889 -0.40721535682678224
vn 0.91566216945648192 0.06430359184741974 -0.39677169919013976
vn 0.87863790988922112 0.06564698368310928 -0.47295445203781128
vn 0.86212319135665888 0.07845504581928253 -0.500588059425354
vn 0.83459299802780144 0.07838883250951767 -0.54526114463806152
vn 0.77904576063156128 0.07841850817203522 -0.62204360961914064
vn 0.78606981039047248 0.06564698368310928 -0.61464196443557736
vn 0.73117679357528688 0.06430359184741974 -0.67915064096450808
vn 0.70935845375061032 0.07845358550548553 -0.70046818256378176
vn 0.67026931047439576 0.07838883250951767 -0.73796629905700688
vn 0.59852182865142824 0.07841412723064423 -0.79725956916809088
vn 0.60576599836349488 0.06721378117799759 -0.79279875755310064
vn 0.5364912748336792 0.06318381428718567 -0.8415372371673584
vn 0.51142090559005736 0.07845190167427063 -0.85574173927307136
vn 0.46269038319587704 0.07838883250951767 -0.88304746150970464
vn 0.37988325953483584 0.07840951532125473 -0.92170530557632448
vn 0.38640451431274416 0.06900374591350555 -0.91974455118179328
vn 0.30714866518974304 0.06228780001401901 -0.94962096214294432
vn 0.28091549873352052 0.07844998687505722 -0.95652079582214352
vn 0.2252521514892578 0.07838883250951767 -0.97114193439483648
vn 0.13705314695835114 0.07840468734502792 -0.9874559044837952
vn 0.1421608030796051 0.0710165947675705 -0.98729276657104496
vn 0.05795667693018913 0.06161567941308022 -0.99641585350036624
vn 0.03252099454402923 0.0784478560090065 -0.99638766050338752
vn -0.02672252990305423 0.07838883250951767 -0.9965646266937256
vn -0.1145048588514328 0.07839962840080261 -0.99032425880432128
vn -0.11118439584970474 0.07325199246406555 -0.9910964369773864
vn -0.1949937343597412 0.06116754934191704 -0.9788953065872192
vn -0.21794457733631136 0.07844549417495728 -0.9728034138679504
vn -0.2769727110862732 0.07838883250951767 -0.95767498016357424
vn -0.35877126455307008 0.07839434593915939 -0.93012768030166624
vn -0.35726559162139892 0.07570955157279968 -0.93092930316925056
vn -0.43536797165870664 0.06094346940517426 -0.8981873989105224
vn -0.45453128218650816 0.07844290882349014 -0.88726997375488288
vn -0.50934869050979616 0.07838883250951767 -0.85698258876800544
vn -0.41646501421928408 0.07844009250402451 -0.9057615995407104
vn -0.318970650434494 0.07845897972583771 -0.94451147317886352
vn -0.1764613687992096 0.07843706011772156 -0.98117738962173456
vn -0.07237079739570618 0.07845864444971085 -0.99428701400756832
vn 0.07477966696023941 0.0784337967634201 -0.99411070346832272
vn 0.17883771657943726 0.07845808565616608 -0.98074531555175776
vn 0.32125878334045412 0.07843031734228134 -0.94373804330825808
vn 0.41865769028663632 0.0784572958946228 -0.90474867820739744
vn 0.5472798943519592 0.07842660695314407 -0.83326703310012816
vn 0.63181710243225096 0.07845628261566162 -0.77113664150238032
vn 0.7384498119354248 0.0784226730465889 -0.66973263025283816
vn 0.8047417402267456 0.07845504581928253 -0.58841776847839352
vn 0.88259452581405632 0.07841850817203522 -0.46354877948760984
vn 0.92641961574554448 0.07845358550548553 -0.36822777986526488
vn 0.9705347418785096 0.07841412723064423 -0.22784548997879028
vn 0.98910212516784672 0.07845190167427063 -0.12458859384059906
vn 0.99667030572891232 0.07840951532125473 0.02236740477383136
vn 0.98879748582839968 0.07844998687505722 0.1269846111536026
vn 0.95933675765991216 0.07840468734502792 0.27115610241889952
vn 0.92552518844604496 0.0784478560090065 0.37047138810157776
vn 0.8609116077423096 0.07839962840080261 0.50267750024795536
vn 0.80331438779830928 0.07844549417495728 0.59036624431610104
vn 0.70766258239746096 0.07839434593915939 0.70218801498413088
vn 0.62994760274887088 0.07844290882349014 0.77266597747802736
vn -0.34986090660095216 0.64940160512924192 -0.67518508434295656
vn -0.2803044319152832 0.64926230907440184 -0.70702749490737912
vn -0.17658336460590362 0.64944386482238768 -0.739622175693512
vn -0.1013946682214737 0.64936959743499752 -0.75368314981460576
vn -0.02517003193497658 0.64920240640640256 -0.76019912958145136
vn 0.08346845954656601 0.64943134784698488 -0.75582534074783328
vn 0.15899603068828582 0.64932918548583984 -0.74370145797729488
vn 0.33373066782951356 0.64941042661666872 -0.6832934617996216
vn 0.40074568986892704 0.6492804288864136 -0.64640372991561888
vn 0.48873513936996456 0.64944618940353392 -0.58254408836364744
vn 0.54482579231262208 0.64938122034072872 -0.53053641319274904
vn 0.59547370672225952 0.64922332763671872 -0.47320204973220824
vn 0.65670877695083616 0.6494364142417908 -0.38336127996444704
vn 0.69197177886962888 0.64934360980987552 -0.3154805600643158
vn 0.72031491994857792 0.64915782213211056 -0.2444187104701996
vn 0.74758875370025632 0.64941835403442384 -0.13916489481925964
vn 0.7578901052474976 0.64929759502410888 -0.06336529552936554
vn 0.75070405006408688 0.64939188957214352 0.12138211727142334
vn 0.73483449220657344 0.64924329519271848 0.1962178647518158
vn 0.69918984174728392 0.64944064617156984 0.2989322245121002
vn 0.66568374633789064 0.64935708045959472 0.36769628524780272
vn 0.62550044059753416 0.6491805911064148 0.43279761075973512
vn 0.55723917484283448 0.64942532777786256 0.51742756366729736
vn 0.50250118970870968 0.64931386709213256 0.57086253166198728
vn -0.44271063804626464 0.64910948276519776 -0.61859852075576784
vn -0.48784947395324704 0.65931314229965208 -0.57210928201675416
vn -0.47777324914932248 0.64940160512924192 -0.5916166305541992
vn -0.53487467765808104 0.64926230907440184 -0.54071015119552616
vn -0.535714328289032 0.65753817558288576 -0.52976757287979128
vn -0.58429890871047976 0.64910948276519776 -0.487084835767746
vn -0.6204310059547424 0.6534743309020996 -0.43363192677497864
vn -0.6063891053199768 0.64944386482238768 -0.45881900191307064
vn -0.65003770589828488 0.66002011299133304 -0.37659582495689392
vn -0.6494693160057068 0.64936959743499752 -0.39561182260513304
vn -0.68605625629425048 0.64920240640640256 -0.32842513918876648
vn -0.68385124206542968 0.65467548370361328 -0.32209864258766176
vn -0.71318960189819336 0.64910948276519776 -0.26460808515548708
vn -0.72675013542175296 0.65670615434646608 -0.20142312347888948
vn -0.72569143772125248 0.64943134784698488 -0.22718036174774168
vn -0.74492847919464112 0.64932918548583984 -0.15314431488513946
vn -0.73866987228393552 0.65966683626174928 -0.13858745992183686
vn -0.75685250759124752 0.64910948276519776 -0.07636181265115738
vn -0.76060187816619872 0.64910948276519776 -0.01190114393830299
vn -0.7504785656929016 0.65884089469909664 0.05206305906176567
vn -0.75980025529861456 0.64941042661666872 0.03113848716020584
vn -0.75293803215026848 0.6492804288864136 0.10732755064964294
vn -0.7438711524009704 0.65824949741363528 0.11560000479221344
vn -0.7390583157539368 0.64910948276519776 0.18013785779476166
vn -0.71865171194076536 0.65214747190475464 0.24133682250976564
vn -0.72980302572250368 0.64944618940353392 0.21355830132961272
vn -0.68941080570220944 0.6599023938179016 0.2987332046031952
vn -0.70470786094665528 0.64938122034072872 0.28581610321998596
vn -0.6725482940673828 0.64922332763671872 0.35522934794425964
vn -0.66478461027145384 0.65575230121612552 0.35784122347831728
vn -0.63683032989501952 0.64910948276519776 0.41605767607688904
vn -0.5947468280792236 0.65575230121612552 0.46504315733909608
vn -0.61487323045730592 0.6494364142417908 0.44739601016044616
vn -0.56687545776367184 0.64934360980987552 0.50695675611495968
vn -0.5505099892616272 0.6599023938179016 0.511339008808136
vn -0.51318472623825072 0.64915782213211056 0.56145840883255008
vn -0.50969433784484864 0.65214747190475464 0.56117326021194456
vn -0.46184760332107544 0.64910948276519776 0.60444492101669312
vn -0.40467911958694456 0.65824949741363528 0.63477742671966552
vn -0.42775252461433408 0.64941835403442384 0.62871581315994264
vn -0.36247566342353824 0.64929759502410888 0.6685985326766968
vn -0.3491481840610504 0.65884089469909664 0.66635143756866456
vn -0.29463827610015868 0.64910948276519776 0.70131671428680416
vn -0.23410102725028992 0.64910948276519776 0.72377729415893552
vn -0.1698126345872879 0.65966683626174928 0.73212248086929328
vn -0.19040295481681824 0.64939188957214352 0.73623156547546384
vn -0.11549577116966248 0.64924329519271848 0.75176054239273072
vn -0.1074814572930336 0.65670615434646608 0.74644809961318976
vn -0.0441712811589241 0.64910948276519776 0.75941145420074464
vn 0.02026217803359031 0.65467548370361328 0.7556384801864624
vn -0.00711450958624482 0.64944064617156984 0.76037901639938352
vn 0.06931706517934799 0.64935708045959472 0.75731801986694336
vn 0.08375205099582672 0.66002011299133304 0.74656480550765984
vn 0.1450766772031784 0.6491805911064148 0.74667084217071536
vn 0.14787714183330536 0.6534743309020996 0.74236351251602176
vn 0.21134206652641296 0.64910948276519776 0.73074716329574592
vn 0.26994624733924864 0.65753817558288576 0.70340073108673096
vn 0.2499990314245224 0.64942532777786256 0.71815544366836544
vn 0.32092162966728212 0.64931386709213256 0.68949317932128904
vn 0.32794901728630064 0.65931314229965208 0.67657637596130368
vn 0.38865494728088376 0.64910948276519776 0.65391451120376584
vn -0.49634310603141784 0.52215617895126344 -0.69353908300399784
vn -0.55337125062942504 0.52215617895126344 -0.64894777536392208
vn -0.6064123511314392 0.52215617895126344 -0.59968078136444088
vn -0.65508419275283816 0.52215617895126344 -0.54609304666519168
vn -0.69903618097305296 0.52215617895126344 -0.48857071995735168
vn -0.73795157670974736 0.52215617895126344 -0.42752823233604432
vn -0.77155005931854256 0.52215617895126344 -0.36340537667274472
vn -0.799589455127716 0.52215617895126344 -0.29666420817375184
vn -0.82186782360076912 0.52215617895126344 -0.22778554260730744
vn -0.83822458982467648 0.52215617895126344 -0.15726567804813386
vn -0.8485419154167176 0.52215617895126344 -0.08561272174119949
vn -0.85274553298950192 0.52215617895126344 -0.01334291603416204
vn -0.8508050441741944 0.52215617895126344 0.05902302265167236
vn -0.8427345156669616 0.52215617895126344 0.13096369802951812
vn -0.82859206199646 0.52215617895126344 0.20196077227592468
vn -0.8084795475006104 0.52215617895126344 0.27150273323059084
vn -0.78254199028015136 0.52215617895126344 0.33908849954605104
vn -0.75096613168716432 0.52215617895126344 0.40423110127449032
vn -0.7139796018600464 0.52215617895126344 0.46646124124526976
vn -0.6718487739562988 0.52215617895126344 0.5253304839134216
vn -0.62487727403640744 0.52215617895126344 0.58041477203369144
vn -0.57340353727340696 0.52215617895126344 0.63131707906723024
vn -0.51779842376708984 0.52215617895126344 0.67767077684402464
vn -0.45846256613731384 0.52215617895126344 0.71914184093475344
vn -0.39582344889640808 0.52215617895126344 0.75543147325515744
vn -0.3303324282169342 0.52215617895126344 0.7862781882286072
vn -0.2624613642692566 0.52215617895126344 0.81145977973937984
vn -0.19269923865795136 0.52215617895126344 0.83079475164413456
vn -0.12154871970415116 0.52215617895126344 0.84414386749267584
vn -0.04952244088053703 0.52215617895126344 0.85141086578369136
vn 0.02286065183579921 0.52215617895126344 0.85254341363906864
vn 0.09507902711629868 0.52215617895126344 0.84753340482711792
vn 0.16661235690116882 0.52215617895126344 0.83641690015792848
vn 0.236945241689682 0.52215617895126344 0.8192740082740784
vn 0.30557093024253844 0.52215617895126344 0.79622817039489744
vn 0.37199497222900392 0.52215617895126344 0.76744556427001952
vn 0.43573880195617672 0.52215617895126344 0.73313343524932864
vn -0.53775197267532352 0.3823890686035156 -0.75139963626861568
vn -0.59953784942626952 0.3823890686035156 -0.7030881643295288
vn -0.65700405836105344 0.3823890686035156 -0.64971089363098144
vn -0.70973652601242064 0.3823890686035156 -0.5916524529457092
vn -0.7573553323745728 0.3823890686035156 -0.52933114767074584
vn -0.79951739311218256 0.3823890686035156 -0.46319603919982912
vn -0.83591890335083008 0.3823890686035156 -0.39372354745864872
vn -0.86629754304885872 0.3823890686035156 -0.32141429185867308
vn -0.89043456315994256 0.3823890686035156 -0.24678921699523924
vn -0.90815591812133792 0.3823890686035156 -0.17038603127002716
vn -0.91933405399322512 0.3823890686035156 -0.09275521337985992
vn -0.9238883256912232 0.3823890686035156 -0.01445608865469694
vn -0.9217859506607056 0.3823890686035156 0.06394719332456589
vn -0.91304212808609008 0.3823890686035156 0.14188973605632782
vn -0.89771980047225952 0.3823890686035156 0.21880994737148284
vn -0.87592935562133792 0.3823890686035156 0.29415363073349
vn -0.84782785177230832 0.3823890686035156 0.36737796664237976
vn -0.81361770629882816 0.3823890686035156 0.4379552900791168
vn -0.77354544401168816 0.3823890686035156 0.50537717342376712
vn -0.72789973020553584 0.3823890686035156 0.56915777921676632
vn -0.67700952291488648 0.3823890686035156 0.62883758544921872
vn -0.62124145030975344 0.3823890686035156 0.68398660421371456
vn -0.5609973073005676 0.3823890686035156 0.73420751094818112
vn -0.49671116471290592 0.3823890686035156 0.77913838624954224
vn -0.42884621024131776 0.3823890686035156 0.81845557689666752
vn -0.35789138078689576 0.3823890686035156 0.85187578201293952
vn -0.2843579649925232 0.3823890686035156 0.8791581988334656
vn -0.20877574384212492 0.3823890686035156 0.90010625123977664
vn -0.13168928027153016 0.3823890686035156 0.91456902027130128
vn -0.05365399643778801 0.3823890686035156 0.92244231700897216
vn 0.02476786822080612 0.3823890686035156 0.9236693978309632
vn 0.10301128029823304 0.3823890686035156 0.91824138164520256
vn 0.1805124878883362 0.3823890686035156 0.90619748830795296
vn 0.25671309232711792 0.3823890686035156 0.88762432336807248
vn 0.33106410503387452 0.3823890686035156 0.86265587806701664
vn 0.40302976965904232 0.3823890686035156 0.83147197961807248
vn 0.47209158539772032 0.3823890686035156 0.79429727792739872
vn -0.56592935323715208 0.23324647545814516 -0.79077178239822384
vn -0.63095271587371824 0.23324647545814516 -0.73992890119552608
vn -0.69143009185791016 0.23324647545814516 -0.68375474214553832
vn -0.74692565202713008 0.23324647545814516 -0.62265413999557496
vn -0.7970395684242248 0.23324647545814516 -0.55706727504730224
vn -0.84141087532043456 0.23324647545814516 -0.48746678233146664
vn -0.87971973419189456 0.23324647545814516 -0.4143540561199188
vn -0.91169023513793952 0.23324647545814516 -0.3382558822631836
vn -0.93709194660186768 0.23324647545814516 -0.2597205936908722
vn -0.95574188232421872 0.23324647545814516 -0.1793140023946762
vn -0.96750569343566896 0.23324647545814516 -0.09761544317007064
vn -0.97229862213134768 0.23324647545814516 -0.01521356496959924
vn -0.97008609771728512 0.23324647545814516 0.06729792803525925
vn -0.96088409423828128 0.23324647545814516 0.14932453632354736
vn -0.94475889205932624 0.23324647545814516 0.23027525842189788
vn -0.921826720237732 0.23324647545814516 0.30956682562828064
vn -0.8922526836395264 0.23324647545814516 0.38662797212600712
vn -0.85624998807907104 0.23324647545814516 0.46090346574783328
vn -0.81407803297042848 0.23324647545814516 0.53185814619064328
vn -0.76604056358337408 0.23324647545814516 0.59898072481155392
vn -0.7124837636947632 0.23324647545814516 0.6617876887321472
vn -0.65379351377487184 0.23324647545814516 0.71982645988464352
vn -0.59039270877838136 0.23324647545814516 0.77267879247665408
vn -0.5227380394935608 0.23324647545814516 0.81996405124664304
vn -0.45131707191467288 0.23324647545814516 0.86134141683578496
vn -0.37664434313774112 0.23324647545814516 0.89651274681091312
vn -0.29925787448883056 0.23324647545814516 0.92522472143173216
vn -0.21971526741981508 0.23324647545814516 0.94727045297622688
vn -0.13858959078788758 0.23324647545814516 0.96249103546142576
vn -0.05646537989377975 0.23324647545814516 0.9707768559455872
vn 0.02606566622853279 0.23324647545814516 0.97206825017929072
vn 0.10840891301631928 0.23324647545814516 0.96635586023330688
vn 0.18997105956077576 0.23324647545814516 0.95368081331253056
vn 0.27016448974609376 0.23324647545814516 0.9341344833374024
vn 0.34841135144233704 0.23324647545814516 0.90785771608352656
vn 0.42414790391922 0.23324647545814516 0.87503981590270992
vn 0.49682846665382384 0.23324647545814516 0.83591717481613152
vn -0.58019095659255984 0.07838883250951767 -0.81069946289062496
vn -0.66217303276062008 0.07844009250402451 -0.74523419141769408
vn -0.64764344692230224 0.06094346940517426 -0.75950235128402704
vn -0.70900154113769528 0.07570955157279968 -0.7011311650276184
vn -0.73682290315628048 0.07845897972583771 -0.67151784896850584
vn -0.76574838161468512 0.07838883250951767 -0.63834518194198608
vn -0.82764697074890144 0.07843706011772156 -0.55574101209640504
vn -0.81811261177062992 0.06116754934191704 -0.57179564237594608
vn -0.86295264959335328 0.07325199246406555 -0.49994689226150512
vn -0.881466031074524 0.07845864444971085 -0.46568426489830016
vn -0.90188890695571904 0.07838883250951767 -0.4247958958148956
vn -0.94041556119918816 0.0784337967634201 -0.3308575451374054
vn -0.93576866388320928 0.06161567941308022 -0.34718948602676392
vn -0.96123915910720832 0.0710165947675705 -0.2664131224155426
vn -0.9699764847755432 0.07845808565616608 -0.23019541800022124
vn -0.97982686758041376 0.07838883250951767 -0.18383276462554932
vn -0.99329751729965216 0.07843031734228134 -0.08490457385778427
vn -0.99301677942276 0.06228780001401901 -0.10018935054540634
vn -0.99749428033828736 0.06900374591350555 -0.01560780219733715
vn -0.9967178106307984 0.0784572958946228 0.0199525598436594
vn -0.99453258514404304 0.07838883250951767 0.06899385154247284
vn -0.98292517662048336 0.07842660695314407 0.16645534336566926
vn -0.98616492748260496 0.06318381428718567 0.15325325727462768
vn -0.96935963630676272 0.06721378117799759 0.2362714260816574
vn -0.95998698472976688 0.07845628261566162 0.26882997155189516
vn -0.94505697488784784 0.07838883250951767 0.31736800074577332
vn -0.90995907783508304 0.0784226730465889 0.40721535682678224
vn -0.91566216945648192 0.06430359184741974 0.39677169919013976
vn -0.87863790988922112 0.06564698368310928 0.47295445203781128
vn -0.86212319135665888 0.07845504581928253 0.500588059425354
vn -0.83459299802780144 0.07838883250951767 0.54526114463806152
vn -0.77904576063156128 0.07841850817203522 0.62204360961914064
vn -0.78606981039047248 0.06564698368310928 0.61464196443557736
vn -0.73117679357528688 0.06430359184741974 0.67915064096450808
vn -0.70935845375061032 0.07845358550548553 0.70046818256378176
vn -0.67026931047439576 0.07838883250951767 0.73796629905700688
vn -0.59852182865142824 0.07841412723064423 0.79725956916809088
vn -0.60576599836349488 0.06721378117799759 0.79279875755310064
vn -0.5364912748336792 0.06318381428718567 0.8415372371673584
vn -0.51142090559005736 0.07845190167427063 0.85574173927307136
vn -0.46269038319587704 0.07838883250951767 0.88304746150970464
vn -0.37988325953483584 0.07840951532125473 0.92170530557632448
vn -0.38640451431274416 0.06900374591350555 0.91974455118179328
vn -0.30714866518974304 0.06228780001401901 0.94962096214294432
vn -0.28091549873352052 0.07844998687505722 0.95652079582214352
vn -0.2252521514892578 0.07838883250951767 0.97114193439483648
vn -0.13705314695835114 0.07840468734502792 0.9874559044837952
vn -0.1421608030796051 0.0710165947675705 0.98729276657104496
vn -0.05795667693018913 0.06161567941308022 0.99641585350036624
vn -0.03252099454402923 0.0784478560090065 0.99638766050338752
vn 0.02672252990305423 0.07838883250951767 0.9965646266937256
vn 0.1145048588514328 0.07839962840080261 0.99032425880432128
vn 0.11118439584970474 0.07325199246406555 0.9910964369773864
vn 0.1949937343597412 0.06116754934191704 0.9788953065872192
vn 0.21794457733631136 0.07844549417495728 0.9728034138679504
vn 0.2769727110862732 0.07838883250951767 0.95767498016357424
vn 0.35877126455307008 0.07839434593915939 0.93012768030166624
vn 0.35726559162139892 0.07570955157279968 0.93092930316925056
vn 0.43536797165870664 0.06094346940517426 0.8981873989105224
vn 0.45453128218650816 0.07844290882349014 0.88726997375488288
vn 0.50934869050979616 0.07838883250951767 0.85698258876800544
vn 0.41646501421928408 0.07844009250402451 0.9057615995407104
vn 0.318970650434494 0.07845897972583771 0.94451147317886352
vn 0.1764613687992096 0.07843706011772156 0.98117738962173456
vn 0.07237079739570618 0.07845864444971085 0.99428701400756832
vn -0.07477966696023941 0.0784337967634201 0.99411070346832272
vn -0.17883771657943726 0.07845808565616608 0.98074531555175776
vn -0.32125878334045412 0.07843031734228134 0.94373804330825808
vn -0.41865769028663632 0.0784572958946228 0.90474867820739744
vn -0.5472798943519592 0.07842660695314407 0.83326703310012816
vn -0.63181710243225096 0.07845628261566162 0.77113664150238032
vn -0.7384498119354248 0.0784226730465889 0.66973263025283816
vn -0.8047417402267456 0.07845504581928253 0.58841776847839352
vn -0.88259452581405632 0.07841850817203522 0.46354877948760984
vn -0.92641961574554448 0.07845358550548553 0.36822777986526488
vn -0.9705347418785096 0.07841412723064423 0.22784548997879028
vn -0.98910212516784672 0.07845190167427063 0.12458859384059906
vn -0.99667030572891232 0.07840951532125473 -0.02236740477383136
vn -0.98879748582839968 0.07844998687505722 -0.1269846111536026
vn -0.95933675765991216 0.07840468734502792 -0.27115610241889952
vn -0.92552518844604496 0.0784478560090065 -0.37047138810157776
vn -0.8609116077423096 0.07839962840080261 -0.50267750024795536
vn -0.80331438779830928 0.07844549417495728 -0.59036624431610104
vn -0.70766258239746096 0.07839434593915939 -0.70218801498413088
vn -0.62994760274887088 0.07844290882349014 -0.77266597747802736
vn 0.34986090660095216 0.64940160512924192 0.67518508434295656
vn 0.2803044319152832 0.64926230907440184 0.70702749490737912
vn 0.17658336460590362 0.64944386482238768 0.739622175693512
vn 0.1013946682214737 0.64936959743499752 0.75368314981460576
vn 0.02517003193497658 0.64920240640640256 0.76019912958145136
vn -0.08346845954656601 0.64943134784698488 0.75582534074783328
vn -0.15899603068828582 0.64932918548583984 0.74370145797729488
vn -0.33373066782951356 0.64941042661666872 0.6832934617996216
vn -0.40074568986892704 0.6492804288864136 0.64640372991561888
vn -0.48873513936996456 0.64944618940353392 0.58254408836364744
vn -0.54482579231262208 0.64938122034072872 0.53053641319274904
vn -0.59547370672225952 0.64922332763671872 0.47320204973220824
vn -0.65670877695083616 0.6494364142417908 0.38336127996444704
vn -0.69197177886962888 0.64934360980987552 0.3154805600643158
vn -0.72031491994857792 0.64915782213211056 0.2444187104701996
vn -0.74758875370025632 0.64941835403442384 0.13916489481925964
vn -0.7578901052474976 0.64929759502410888 0.06336529552936554
vn -0.75070405006408688 0.64939188957214352 -0.12138211727142334
vn -0.73483449220657344 0.64924329519271848 -0.1962178647518158
vn -0.69918984174728392 0.64944064617156984 -0.2989322245121002
vn -0.66568374633789064 0.64935708045959472 -0.36769628524780272
vn -0.62550044059753416 0.6491805911064148 -0.43279761075973512
vn -0.55723917484283448 0.64942532777786256 -0.51742756366729736
vn -0.50250118970870968 0.64931386709213256 -0.57086253166198728
vn 0.36143839359283448 0.7067880034446716 0.60812252759933472
vn 0.3580676317214966 0.69401252269744872 0.62460726499557496
vn 0.28439691662788392 0.69066560268402096 0.66490560770034792
vn 0.29843559861183168 0.70698046684265136 0.64118236303329464
vn 0.20359322428703308 0.69684565067291256 0.6877179145812988
vn 0.1977147161960602 0.7025389075279236 0.68362849950790408
vn 0.23247693479061128 0.70708537101745608 0.66782093048095704
vn 0.1349153220653534 0.7068549394607544 0.69437307119369504
vn 0.12317373603582382 0.6920097470283508 0.71130210161209104
vn 0.03978902846574783 0.69153052568435672 0.72125053405761712
vn 0.06445963680744171 0.70702111721038816 0.70424860715866088
vn -0.04141604527831077 0.70091402530670168 0.71204227209091184
vn -0.00661584176123142 0.70709979534149168 0.70708280801773072
vn -0.04383138567209244 0.69796973466873168 0.7147846221923828
vn -0.1074049025774002 0.7069140076637268 0.69909715652465824
vn -0.12772893905639648 0.69085806608200072 0.71161818504333496
vn -0.20881426334381104 0.69325149059295656 0.68978184461593624
vn -0.1770590990781784 0.70705389976501464 0.68463486433029176
vn -0.27451300621032716 0.70547413825988768 0.6534132361412048
vn -0.28686028718948364 0.694865882396698 0.65944868326187136
vn -0.36355233192443848 0.690569281578064 0.62525492906570432
vn -0.3370791971683502 0.70696514844894408 0.62175387144088744
vn -0.4306591749191284 0.69581061601638792 0.57478713989257816
vn -0.43115499615669248 0.70405834913253784 0.564275860786438
vn -0.39777249097824096 0.7070788145065308 0.58465081453323368
vn -0.47724291682243344 0.70683348178863528 0.52213561534881592
vn -0.49661862850189208 0.69258362054824832 0.5231614112854004
vn -0.5550536513328552 0.69114649295806888 0.46285200119018552
vn -0.5271528959274292 0.70700842142105104 0.47143286466598512
vn -0.59852904081344608 0.69918173551559448 0.39103442430496216
vn -0.57177627086639408 0.70709586143493656 0.41603764891624448
vn -0.62543660402297976 0.70689517259597776 0.33034569025039672
vn -0.6468331217765808 0.69114649295806888 0.32237157225608824
vn -0.67858904600143432 0.69258362054824832 0.24463205039501192
vn -0.6553218960762024 0.7070438265800476 0.26578608155250548
vn -0.6899433732032776 0.70405834913253784 0.16816659271717072
vn -0.67864918708801272 0.70710504055023192 0.19858942925930024
vn -0.69937014579772952 0.69581061601638792 0.16349011659622192
vn -0.70018678903579712 0.7069489359855652 0.09980811923742294
vn -0.7186298966407776 0.690569281578064 0.08176258951425552
vn -0.71913594007492064 0.694865882396698 -0.00220544054172933
vn -0.70654910802841184 0.70707136392593384 0.02895612083375454
vn -0.7026435732841492 0.70800155401229856 -0.07089246809482574
vn -0.71556276082992552 0.69325149059295656 -0.08586254715919495
vn -0.7029874920845032 0.69085806608200072 -0.16888976097106934
vn -0.69273132085800168 0.70699489116668704 -0.14241348206996918
vn -0.67218518257141112 0.69796973466873168 -0.24699254333972932
vn -0.66870355606079104 0.70091402530670168 -0.24810284376144408
vn -0.67482781410217288 0.70709103345870968 -0.21125732362270356
vn -0.63800108432769776 0.70687550306320192 -0.3054204285144806
vn -0.6445158123970032 0.69153052568435672 -0.32616695761680604
vn -0.601909339427948 0.6920097470283508 -0.39853179454803464
vn -0.60395592451095584 0.70703291893005368 -0.36788821220397952
vn -0.54662328958511352 0.7025389075279236 -0.45567756891250608
vn -0.56388592720031736 0.70710283517837528 -0.42665934562683104
vn -0.54800683259963992 0.69684565067291256 -0.4627036452293396
vn -0.49740293622016904 0.70693188905715944 -0.50282961130142208
vn -0.49465680122375488 0.69066560268402096 -0.52753740549087528
vn -0.42815896868705752 0.69401252269744872 -0.5788147449493408
vn -0.44428896903991696 0.70706307888031008 -0.55015373229980472
vn -0.41170871257781984 0.7067880034446716 -0.5752796530723572
vn -0.46729239821434024 0.70698046684265136 -0.53086388111114504
vn -0.51818305253982544 0.70708537101745608 -0.48116174340248104
vn -0.58168959617614744 0.7068549394607544 -0.40248391032218936
vn -0.61903566122055056 0.70702111721038816 -0.34192982316017152
vn -0.65018248558044432 0.70709979534149168 -0.27797955274581908
vn -0.68335682153701784 0.7069140076637268 -0.18247213959693908
vn -0.698093056678772 0.70705389976501464 -0.11287539452314376
vn -0.70864892005920408 0.70547413825988768 -0.01108823623508215
vn -0.7047893404960632 0.70696514844894408 0.05892567336559296
vn -0.695192277431488 0.7070788145065308 0.12941120564937592
vn -0.66986638307571408 0.70683348178863528 0.22730039060115816
vn -0.64348334074020384 0.70700842142105104 0.29337394237518312
vn -0.61067950725555416 0.70709586143493656 0.35649117827415468
vn -0.55376100540161136 0.70689517259597776 0.44005447626113888
vn -0.50664436817169192 0.7070438265800476 0.49335637688636776
vn -0.45447838306427 0.70710504055023192 0.54171198606491088
vn -0.37266919016838072 0.7069489359855652 0.60111629962921144
vn -0.31034088134765624 0.70707136392593384 0.63540428876876832
vn -0.21733373403549196 0.70800155401229856 0.67193734645843504
vn -0.14785516262054444 0.70699489116668704 0.6915902495384216
vn -0.07761817425489426 0.70709103345870968 0.70284968614578248
vn 0.02340698428452015 0.70687550306320192 0.70695060491561888
vn 0.0942891463637352 0.70703291893005368 0.7008666396141052
vn 0.16420623660087586 0.70710283517837528 0.68778038024902344
vn 0.2606671154499054 0.70693188905715944 0.65749520063400272
vn 0.32534122467041016 0.70706307888031008 0.62786531448364256
vn -0.36143839359283448 0.7067880034446716 -0.60812252759933472
vn -0.3580676317214966 0.69401252269744872 -0.62460726499557496
vn -0.28439691662788392 0.69066560268402096 -0.66490560770034792
vn -0.29843559861183168 0.70698046684265136 -0.64118236303329464
vn -0.20359322428703308 0.69684565067291256 -0.6877179145812988
vn -0.1977147161960602 0.7025389075279236 -0.68362849950790408
vn -0.23247693479061128 0.70708537101745608 -0.66782093048095704
vn -0.1349153220653534 0.7068549394607544 -0.69437307119369504
vn -0.12317373603582382 0.6920097470283508 -0.71130210161209104
vn -0.03978902846574783 0.69153052568435672 -0.72125053405761712
vn -0.06445963680744171 0.70702111721038816 -0.70424860715866088
vn 0.04141604527831077 0.70091402530670168 -0.71204227209091184
vn 0.00661584176123142 0.70709979534149168 -0.70708280801773072
vn 0.04383138567209244 0.69796973466873168 -0.7147846221923828
vn 0.1074049025774002 0.7069140076637268 -0.69909715652465824
vn 0.12772893905639648 0.69085806608200072 -0.71161818504333496
vn 0.20881426334381104 0.69325149059295656 -0.68978184461593624
vn 0.1770590990781784 0.70705389976501464 -0.68463486433029176
vn 0.27451300621032716 0.70547413825988768 -0.6534132361412048
vn 0.28686028718948364 0.694865882396698 -0.65944868326187136
vn 0.36355233192443848 0.690569281578064 -0.62525492906570432
vn 0.3370791971683502 0.70696514844894408 -0.62175387144088744
vn 0.4306591749191284 0.69581061601638792 -0.57478713989257816
vn 0.43115499615669248 0.70405834913253784 -0.564275860786438
vn 0.39777249097824096 0.7070788145065308 -0.58465081453323368
vn 0.47724291682243344 0.70683348178863528 -0.52213561534881592
vn 0.49661862850189208 0.69258362054824832 -0.5231614112854004
vn 0.5550536513328552 0.69114649295806888 -0.46285200119018552
vn 0.5271528959274292 0.70700842142105104 -0.47143286466598512
vn 0.59852904081344608 0.69918173551559448 -0.39103442430496216
vn 0.57177627086639408 0.70709586143493656 -0.41603764891624448
vn 0.62543660402297976 0.70689517259597776 -0.33034569025039672
vn 0.6468331217765808 0.69114649295806888 -0.32237157225608824
vn 0.67858904600143432 0.69258362054824832 -0.24463205039501192
vn 0.6553218960762024 0.7070438265800476 -0.26578608155250548
vn 0.6899433732032776 0.70405834913253784 -0.16816659271717072
vn 0.67864918708801272 0.70710504055023192 -0.19858942925930024
vn 0.69937014579772952 0.69581061601638792 -0.16349011659622192
vn 0.70018678903579712 0.7069489359855652 -0.09980811923742294
vn 0.7186298966407776 0.690569281578064 -0.08176258951425552
vn 0.71913594007492064 0.694865882396698 0.00220544054172933
vn 0.70654910802841184 0.70707136392593384 -0.02895612083375454
vn 0.7026435732841492 0.70800155401229856 0.07089246809482574
vn 0.71556276082992552 0.69325149059295656 0.08586254715919495
vn 0.7029874920845032 0.69085806608200072 0.16888976097106934
vn 0.69273132085800168 0.70699489116668704 0.14241348206996918
vn 0.67218518257141112 0.69796973466873168 0.24699254333972932
vn 0.66870355606079104 0.70091402530670168 0.24810284376144408
vn 0.67482781410217288 0.70709103345870968 0.21125732362270356
vn 0.63800108432769776 0.70687550306320192 0.3054204285144806
vn 0.6445158123970032 0.69153052568435672 0.32616695761680604
vn 0.601909339427948 0.6920097470283508 0.39853179454803464
vn 0.60395592451095584 0.70703291893005368 0.36788821220397952
vn 0.54662328958511352 0.7025389075279236 0.45567756891250608
vn 0.56388592720031736 0.70710283517837528 0.42665934562683104
vn 0.54800683259963992 0.69684565067291256 0.4627036452293396
vn 0.49740293622016904 0.70693188905715944 0.50282961130142208
vn 0.49465680122375488 0.69066560268402096 0.52753740549087528
vn 0.42815896868705752 0.69401252269744872 0.5788147449493408
vn 0.44428896903991696 0.70706307888031008 0.55015373229980472
vn 0.41170871257781984 0.7067880034446716 0.5752796530723572
vn 0.46729239821434024 0.70698046684265136 0.53086388111114504
vn 0.51818305253982544 0.70708537101745608 0.48116174340248104
vn 0.58168959617614744 0.7068549394607544 0.40248391032218936
vn 0.61903566122055056 0.70702111721038816 0.34192982316017152
vn 0.65018248558044432 0.70709979534149168 0.27797955274581908
vn 0.68335682153701784 0.7069140076637268 0.18247213959693908
vn 0.698093056678772 0.70705389976501464 0.11287539452314376
vn 0.70864892005920408 0.70547413825988768 0.01108823623508215
vn 0.7047893404960632 0.70696514844894408 -0.05892567336559296
vn 0.695192277431488 0.7070788145065308 -0.12941120564937592
vn 0.66986638307571408 0.70683348178863528 -0.22730039060115816
vn 0.64348334074020384 0.70700842142105104 -0.29337394237518312
vn 0.61067950725555416 0.70709586143493656 -0.35649117827415468
vn 0.55376100540161136 0.70689517259597776 -0.44005447626113888
vn 0.50664436817169192 0.7070438265800476 -0.49335637688636776
vn 0.45447838306427 0.70710504055023192 -0.54171198606491088
vn 0.37266919016838072 0.7069489359855652 -0.60111629962921144
vn 0.31034088134765624 0.70707136392593384 -0.63540428876876832
vn 0.21733373403549196 0.70800155401229856 -0.67193734645843504
vn 0.14785516262054444 0.70699489116668704 -0.6915902495384216
vn 0.07761817425489426 0.70709103345870968 -0.70284968614578248
vn -0.02340698428452015 0.70687550306320192 -0.70695060491561888
vn -0.0942891463637352 0.70703291893005368 -0.7008666396141052
vn -0.16420623660087586 0.70710283517837528 -0.68778038024902344
vn -0.2606671154499054 0.70693188905715944 -0.65749520063400272
vn -0.32534122467041016 0.70706307888031008 -0.62786531448364256
vn 0.59469586610794064 0 0.80395078659057616
vn 0.68400770425796512 0 0.7294747829437256
vn 0.76406955718994144 0 0.6451338529586792
vn 0.83379864692687984 0 0.55206865072250368
vn 0.89225208759307856 0 0.45153763890266416
vn 0.9386392831802368 0 0.34490036964416504
vn 0.97233307361602784 0 0.23359890282154084
vn 0.99287766218185424 0 0.11913841217756272
vn 0.99999529123306272 0 0.00306677771732211
vn 0.99358969926834112 0 -0.1130463257431984
vn 0.97374755144119264 0 -0.22763067483901976
vn 0.94073712825775152 0 -0.33913671970367432
vn 0.89500480890274048 0 -0.4460564851760864
vn 0.83716911077499392 0 -0.54694414138793944
vn 0.7680121064186096 0 -0.64043527841567992
vn 0.68846911191940304 0 -0.72526568174362176
vn 0.59961569309234616 0 -0.80028808116912848
vn 0.5026535391807556 0 -0.86448794603347776
vn 0.3988938629627228 0 -0.91699707508087152
vn 0.28973981738090516 0 -0.95710545778274544
vn 0.17666754126548768 0 -0.98427057266235344
vn 0.0612061433494091 0 -0.99812513589859008
vn -0.05508296564221382 0 -0.99848181009292608
vn -0.1706271767616272 0 -0.98533564805984496
vn -0.28386393189430236 0 -0.95886456966400144
vn -0.39326193928718568 0 -0.91942650079727168
vn -0.49734175205230712 0 -0.86755472421646112
vn -0.59469586610794064 0 -0.80395078659057616
vn -0.68400770425796512 0 -0.7294747829437256
vn -0.76406955718994144 0 -0.6451338529586792
vn -0.83379864692687984 0 -0.55206865072250368
vn -0.89225208759307856 0 -0.45153763890266416
vn -0.9386392831802368 0 -0.34490036964416504
vn -0.97233307361602784 0 -0.23359890282154084
vn -0.99287766218185424 0 -0.11913841217756272
vn -0.99999529123306272 0 -0.00306677771732211
vn -0.99358969926834112 0 0.1130463257431984
vn -0.97374755144119264 0 0.22763067483901976
vn -0.94073712825775152 0 0.33913671970367432
vn -0.89500480890274048 0 0.4460564851760864
vn -0.83716911077499392 0 0.54694414138793944
vn -0.7680121064186096 0 0.64043527841567992
vn -0.68846911191940304 0 0.72526568174362176
vn -0.59961569309234616 0 0.80028808116912848
vn -0.5026535391807556 0 0.86448794603347776
vn -0.3988938629627228 0 0.91699707508087152
vn -0.28973981738090516 0 0.95710545778274544
vn -0.17666754126548768 0 0.98427057266235344
vn -0.0612061433494091 0 0.99812513589859008
vn 0.05508296564221382 0 0.99848181009292608
vn 0.1706271767616272 0 0.98533564805984496
vn 0.28386393189430236 0 0.95886456966400144
vn 0.39326193928718568 0 0.91942650079727168
vn 0.49734175205230712 0 0.86755472421646112
vn 0 1 0
vn -0.60527354478836056 0 -0.79601752758026128
vn -0.71239787340164184 0 -0.70177584886550904
vn -0.80501979589462288 0 -0.59324795007705688
vn -0.88125383853912352 0 -0.47264331579208376
vn -0.9395480751991272 0 -0.34241697192192076
vn -0.97871583700180048 0 -0.2052200436592102
vn -0.9979597926139832 0 -0.06384541094303131
vn -0.9968881607055664 0 0.07882893085479736
vn -0.97552275657653808 0 0.2198985517024994
vn -0.93429851531982416 0 0.35649165511131288
vn -0.87405467033386224 0 0.48582762479782104
vn -0.79601752758026128 0 0.60527354478836056
vn -0.70177584886550904 0 0.71239787340164184
vn -0.59324795007705688 0 0.80501979589462288
vn -0.47264331579208376 0 0.88125383853912352
vn -0.34241697192192076 0 0.9395480751991272
vn -0.2052200436592102 0 0.97871583700180048
vn -0.06384541094303131 0 0.9979597926139832
vn 0.07882893085479736 0 0.9968881607055664
vn 0.2198985517024994 0 0.97552275657653808
vn 0.35649165511131288 0 0.93429851531982416
vn 0.48582762479782104 0 0.87405467033386224
vn 0.60527354478836056 0 0.79601752758026128
vn 0.71239787340164184 0 0.70177584886550904
vn 0.80501979589462288 0 0.59324795007705688
vn 0.88125383853912352 0 0.47264331579208376
vn 0.9395480751991272 0 0.34241697192192076
vn 0.97871583700180048 0 0.2052200436592102
vn 0.9979597926139832 0 0.06384541094303131
vn 0.9968881607055664 0 -0.07882893085479736
vn 0.97552275657653808 0 -0.2198985517024994
vn 0.93429851531982416 0 -0.35649165511131288
vn 0.87405467033386224 0 -0.48582762479782104
vn 0.79601752758026128 0 -0.60527354478836056
vn 0.70177584886550904 0 -0.71239787340164184
vn 0.59324795007705688 0 -0.80501979589462288
vn 0.47264331579208376 0 -0.88125383853912352
vn 0.34241697192192076 0 -0.9395480751991272
vn 0.2052200436592102 0 -0.97871583700180048
vn 0.06384541094303131 0 -0.9979597926139832
vn -0.07882893085479736 0 -0.9968881607055664
vn -0.2198985517024994 0 -0.97552275657653808
vn -0.35649165511131288 0 -0.93429851531982416
vn -0.48582762479782104 0 -0.87405467033386224
vn 0 -1 0
vn -0.49329859018325808 0 -0.86986005306243904
vn -0.38038641214370728 0 -0.92482763528823856
vn -0.26147529482841492 0 -0.9652101397514344
vn -0.1384405791759491 0 -0.99037075042724608
vn -0.0132225714623928 0 -0.99991255998611456
vn 0.11220397055149078 0 -0.9936851859092712
vn 0.23586098849773408 0 -0.97178679704666144
vn 0.35579833388328552 0 -0.9345627427101136
vn 0.47012454271316528 0 -0.88260006904602048
vn 0.57703655958175656 0 -0.8167182803153992
vn 0.67484843730926512 0 -0.73795634508132928
vn 0.76201748847961424 0 -0.64755642414093016
vn 0.89911806583404544 0 -0.43770620226860048
vn 0.94688737392425536 0 -0.32156538963317872
vn 0.97972369194030768 0 -0.20035329461097716
vn 0.9971092343330384 0 -0.0759815126657486
vn 0.998769760131836 0 0.04958854988217354
vn 0.9846790432929992 0 0.17437656223773956
vn 0.95505934953689568 0 0.29641455411911012
vn 0.91037786006927488 0 0.41377791762351992
vn 0.85133910179138176 0 0.52461576461791992
vn 0.77887427806854256 0 0.62718009948730472
vn 0.69412612915039064 0 0.719853401184082
vn 0.59843116998672488 0 0.80117422342300416
vn 0.49329859018325808 0 0.86986005306243904
vn 0.38038641214370728 0 0.92482763528823856
vn 0.26147529482841492 0 0.9652101397514344
vn 0.1384405791759491 0 0.99037075042724608
vn 0.0132225714623928 0 0.99991255998611456
vn -0.11220397055149078 0 0.9936851859092712
vn -0.23586098849773408 0 0.97178679704666144
vn -0.35579833388328552 0 0.9345627427101136
vn -0.47012454271316528 0 0.88260006904602048
vn -0.57703655958175656 0 0.8167182803153992
vn -0.67484843730926512 0 0.73795634508132928
vn -0.76201748847961424 0 0.64755642414093016
vn -0.89911806583404544 0 0.43770620226860048
vn -0.94688737392425536 0 0.32156538963317872
vn -0.97972369194030768 0 0.20035329461097716
vn -0.9971092343330384 0 0.0759815126657486
vn -0.998769760131836 0 -0.04958854988217354
vn -0.9846790432929992 0 -0.17437656223773956
vn -0.95505934953689568 0 -0.29641455411911012
vn -0.91037786006927488 0 -0.41377791762351992
vn -0.85133910179138176 0 -0.52461576461791992
vn -0.77887427806854256 0 -0.62718009948730472
vn -0.69412612915039064 0 -0.719853401184082
vn -0.59843116998672488 0 -0.80117422342300416
vn -0.49101960659027096 0 -0.87114852666854864
vn -0.37311115860939024 0 -0.927786648273468
vn -0.24881869554519652 0 -0.96855008602142336
vn -0.12026885896921158 0 -0.99274134635925296
vn 0.01033880375325679 0 -0.99994653463363648
vn 0.1407695710659027 0 -0.9900423884391784
vn 0.26879173517227172 0 -0.96319830417633056
vn 0.3922147750854492 0 -0.91987365484237664
vn 0.50892692804336544 0 -0.86080974340438848
vn 0.61693120002746584 0 -0.78701704740524288
vn 0.714379608631134 0 -0.6997583508491516
vn 0.79960477352142336 0 -0.60052657127380368
vn 0.87114852666854864 0 -0.49101960659027096
vn 0.927786648273468 0 -0.37311115860939024
vn 0.96855008602142336 0 -0.24881869554519652
vn 0.99274134635925296 0 -0.12026885896921158
vn 0.99994653463363648 0 0.01033880375325679
vn 0.9900423884391784 0 0.1407695710659027
vn 0.96319830417633056 0 0.26879173517227172
vn 0.91987365484237664 0 0.3922147750854492
vn 0.86080974340438848 0 0.50892692804336544
vn 0.78701704740524288 0 0.61693120002746584
vn 0.6997583508491516 0 0.714379608631134
vn 0.60052657127380368 0 0.79960477352142336
vn 0.49101960659027096 0 0.87114852666854864
vn 0.37311115860939024 0 0.927786648273468
vn 0.24881869554519652 0 0.96855008602142336
vn 0.12026885896921158 0 0.99274134635925296
vn -0.01033880375325679 0 0.99994653463363648
vn -0.1407695710659027 0 0.9900423884391784
vn -0.26879173517227172 0 0.96319830417633056
vn -0.3922147750854492 0 0.91987365484237664
vn -0.50892692804336544 0 0.86080974340438848
vn -0.61693120002746584 0 0.78701704740524288
vn -0.714379608631134 0 0.6997583508491516
vn -0.79960477352142336 0 0.60052657127380368
vn -0.87114852666854864 0 0.49101960659027096
vn -0.927786648273468 0 0.37311115860939024
vn -0.96855008602142336 0 0.24881869554519652
vn -0.99274134635925296 0 0.12026885896921158
vn -0.99994653463363648 0 -0.01033880375325679
vn -0.9900423884391784 0 -0.1407695710659027
vn -0.96319830417633056 0 -0.26879173517227172
vn -0.91987365484237664 0 -0.3922147750854492
vn -0.86080974340438848 0 -0.50892692804336544
vn -0.78701704740524288 0 -0.61693120002746584
vn -0.6997583508491516 0 -0.714379608631134
vn -0.60052657127380368 0 -0.79960477352142336
vn -0.6218551993370056 0 -0.78313225507736208
vn -0.75516712665557856 0 -0.65553236007690432
vn -0.86276268959045408 0 -0.50560909509658816
vn -0.940977931022644 0 -0.33846789598464964
vn -0.98714929819107056 0 -0.15980058908462524
vn -0.99970448017120368 0 0.02430853620171547
vn -0.97821593284606928 0 0.20758986473083496
vn -0.9234154224395752 0 0.38380196690559384
vn -0.7224140167236328 0 0.69146078824996952
vn -0.58305794000625608 0 0.81243056058883664
vn -0.4238465428352356 0 0.90573400259017952
vn -0.250201553106308 0 0.968193769454956
vn -0.06803625077009201 0 0.99768286943435664
vn 0.11644593626260758 0 0.9931970238685608
vn 0.296962708234787 0 0.95488905906677248
vn 0.46736675500869752 0 0.88406354188919072
vn 0.6218551993370056 0 0.78313225507736208
vn 0.75516712665557856 0 0.65553236007690432
vn 0.86276268959045408 0 0.50560909509658816
vn 0.940977931022644 0 0.33846789598464964
vn 0.98714929819107056 0 0.15980058908462524
vn 0.99970448017120368 0 -0.02430853620171547
vn 0.97821593284606928 0 -0.20758986473083496
vn 0.9234154224395752 0 -0.38380196690559384
vn 0.7224140167236328 0 -0.69146078824996952
vn 0.58305794000625608 0 -0.81243056058883664
vn 0.4238465428352356 0 -0.90573400259017952
vn 0.250201553106308 0 -0.968193769454956
vn 0.06803625077009201 0 -0.99768286943435664
vn -0.11644593626260758 0 -0.9931970238685608
vn -0.296962708234787 0 -0.95488905906677248
vn -0.46736675500869752 0 -0.88406354188919072
vn -0.45643991231918336 0 -0.88975423574447632
vn 0.15371675789356232 0 -0.98811495304107664
vn 0.54232978820800784 0 -0.84016567468643184
vn 0.70515888929367064 0 -0.7090493440628052
vn 0.93259102106094368 0 -0.360934853553772
vn 0.98725426197052 0 -0.15915098786354064
vn 0.9666341543197632 0 0.25616082549095152
vn 0.63145589828491208 0 0.7754117846488952
vn 0.45643991231918336 0 0.88975423574447632
vn -0.15371675789356232 0 0.98811495304107664
vn -0.54232978820800784 0 0.84016567468643184
vn -0.70515888929367064 0 0.7090493440628052
vn -0.93259102106094368 0 0.360934853553772
vn -0.98725426197052 0 0.15915098786354064
vn -0.9666341543197632 0 -0.25616082549095152
vn -0.63145589828491208 0 -0.7754117846488952
vn -0.47189876437187192 0 -0.88165277242660528
vn -0.31163215637207032 0 -0.95020282268524176
vn -0.1418967843055725 0 -0.98988145589828496
vn 0.03215006366372108 0 -0.99948304891586304
vn 0.37205451726913456 0 -0.9282108545303344
vn 0.52758431434631344 0 -0.849502682685852
vn 0.66708368062973024 0 -0.74498277902603152
vn 0.78631412982940672 0 -0.6178269386291504
vn 0.88165277242660528 0 -0.47189876437187192
vn 0.95020282268524176 0 -0.31163215637207032
vn 0.98988145589828496 0 -0.1418967843055725
vn 0.99948304891586304 0 0.03215006366372108
vn 0.9282108545303344 0 0.37205451726913456
vn 0.849502682685852 0 0.52758431434631344
vn 0.74498277902603152 0 0.66708368062973024
vn 0.6178269386291504 0 0.78631412982940672
vn 0.47189876437187192 0 0.88165277242660528
vn 0.31163215637207032 0 0.95020282268524176
vn 0.1418967843055725 0 0.98988145589828496
vn -0.03215006366372108 0 0.99948304891586304
vn -0.37205451726913456 0 0.9282108545303344
vn -0.52758431434631344 0 0.849502682685852
vn -0.66708368062973024 0 0.74498277902603152
vn -0.78631412982940672 0 0.6178269386291504
vn -0.88165277242660528 0 0.47189876437187192
vn -0.95020282268524176 0 0.31163215637207032
vn -0.98988145589828496 0 0.1418967843055725
vn -0.99948304891586304 0 -0.03215006366372108
vn -0.9282108545303344 0 -0.37205451726913456
vn -0.849502682685852 0 -0.52758431434631344
vn -0.74498277902603152 0 -0.66708368062973024
vn -0.6178269386291504 0 -0.78631412982940672
vn -0.4795745611190796 0 -0.87750113010406496
vn -0.33639878034591676 0 -0.94171965122222896
vn -0.18493974208831788 0 -0.98274987936019904
vn -0.02892688475549221 0 -0.999581515789032
vn 0.12779825925827026 0 -0.99180018901824944
vn 0.28137657046318056 0 -0.95959740877151488
vn 0.42802646756172184 0 -0.90376621484756464
vn 0.56413692235946656 0 -0.82568126916885376
vn 0.68635648488998416 0 -0.72726529836654656
vn 0.79167562723159792 0 -0.6109416484832764
vn 0.87750113010406496 0 -0.4795745611190796
vn 0.94171965122222896 0 -0.33639878034591676
vn 0.98274987936019904 0 -0.18493974208831788
vn 0.999581515789032 0 -0.02892688475549221
vn 0.99180018901824944 0 0.12779825925827026
vn 0.95959740877151488 0 0.28137657046318056
vn 0.90376621484756464 0 0.42802646756172184
vn 0.82568126916885376 0 0.56413692235946656
vn 0.72726529836654656 0 0.68635648488998416
vn 0.6109416484832764 0 0.79167562723159792
vn 0.4795745611190796 0 0.87750113010406496
vn 0.33639878034591676 0 0.94171965122222896
vn 0.18493974208831788 0 0.98274987936019904
vn 0.02892688475549221 0 0.999581515789032
vn -0.12779825925827026 0 0.99180018901824944
vn -0.28137657046318056 0 0.95959740877151488
vn -0.42802646756172184 0 0.90376621484756464
vn -0.56413692235946656 0 0.82568126916885376
vn -0.68635648488998416 0 0.72726529836654656
vn -0.79167562723159792 0 0.6109416484832764
vn -0.87750113010406496 0 0.4795745611190796
vn -0.94171965122222896 0 0.33639878034591676
vn -0.98274987936019904 0 0.18493974208831788
vn -0.999581515789032 0 0.02892688475549221
vn -0.99180018901824944 0 -0.12779825925827026
vn -0.95959740877151488 0 -0.28137657046318056
vn -0.90376621484756464 0 -0.42802646756172184
vn -0.82568126916885376 0 -0.56413692235946656
vn -0.72726529836654656 0 -0.68635648488998416
vn -0.6109416484832764 0 -0.79167562723159792
# 1222 vertex normals

g obj_30354754
s 1
f 1//1 2//1 3//1
f 3//2 4//2 1//2
f 5//3 4//3 6//3
f 4//4 7//4 6//4
f 5//5 8//5 9//5
f 9//6 10//6 5//6
f 5//7 11//7 8//7
f 12//8 10//8 13//8
f 10//9 14//9 13//9
f 12//10 15//10 16//10
f 16//11 17//11 12//11
f 12//12 18//12 15//12
f 19//13 17//13 20//13
f 17//14 21//14 20//14
f 19//15 22//15 23//15
f 23//16 24//16 19//16
f 19//17 25//17 22//17
f 26//18 24//18 27//18
f 24//19 28//19 27//19
f 26//20 29//20 30//20
f 30//21 31//21 26//21
f 26//22 32//22 29//22
f 33//23 31//23 34//23
f 31//24 35//24 34//24
f 33//25 36//25 37//25
f 37//26 38//26 33//26
f 33//27 39//27 36//27
f 40//28 38//28 41//28
f 38//29 42//29 41//29
f 43//30 40//30 44//30
f 44//30 45//30 43//30
f 40//31 46//31 44//31
f 43//32 47//32 48//32
f 48//33 49//33 43//33
f 50//34 49//34 51//34
f 51//35 52//35 50//35
f 49//36 53//36 51//36
f 50//37 54//37 55//37
f 55//38 56//38 50//38
f 57//39 56//39 58//39
f 58//40 59//40 57//40
f 56//41 60//41 58//41
f 57//42 61//42 62//42
f 62//43 63//43 57//43
f 64//44 63//44 65//44
f 65//45 66//45 64//45
f 63//46 67//46 65//46
f 64//47 68//47 69//47
f 69//48 70//48 64//48
f 71//49 70//49 72//49
f 72//50 73//50 71//50
f 70//51 74//51 72//51
f 71//52 75//52 76//52
f 76//53 77//53 71//53
f 78//54 77//54 79//54
f 79//55 80//55 78//55
f 77//56 81//56 79//56
f 78//57 82//57 83//57
f 83//58 84//58 78//58
f 85//59 84//59 86//59
f 84//60 87//60 86//60
f 86//61 88//61 85//61
f 83//62 87//62 84//62
f 80//63 82//63 78//63
f 76//64 81//64 77//64
f 73//65 75//65 71//65
f 69//66 74//66 70//66
f 66//67 68//67 64//67
f 62//68 67//68 63//68
f 59//69 61//69 57//69
f 55//70 60//70 56//70
f 52//71 54//71 50//71
f 48//72 53//72 49//72
f 45//73 47//73 43//73
f 41//74 46//74 40//74
f 37//75 42//75 38//75
f 34//76 39//76 33//76
f 30//77 35//77 31//77
f 27//78 32//78 26//78
f 23//79 28//79 24//79
f 20//80 25//80 19//80
f 16//81 21//81 17//81
f 13//82 18//82 12//82
f 9//83 14//83 10//83
f 6//84 11//84 5//84
f 3//85 7//85 4//85
f 85//86 88//86 89//86
f 89//87 90//87 85//87
f 91//88 90//88 92//88
f 90//89 93//89 92//89
f 91//90 94//90 95//90
f 95//91 96//91 91//91
f 91//92 97//92 94//92
f 98//93 96//93 99//93
f 96//94 100//94 99//94
f 98//95 101//95 102//95
f 102//96 103//96 98//96
f 98//97 104//97 101//97
f 105//98 103//98 106//98
f 103//99 107//99 106//99
f 105//100 108//100 109//100
f 109//101 110//101 105//101
f 105//102 111//102 108//102
f 112//103 110//103 113//103
f 110//104 114//104 113//104
f 112//105 115//105 116//105
f 116//106 117//106 112//106
f 112//107 118//107 115//107
f 119//108 117//108 120//108
f 117//109 121//109 120//109
f 119//110 122//110 123//110
f 123//111 124//111 119//111
f 119//112 125//112 122//112
f 126//113 124//113 127//113
f 124//114 128//114 127//114
f 126//115 129//115 130//115
f 130//115 131//115 126//115
f 126//116 132//116 129//116
f 131//117 133//117 134//117
f 134//118 135//118 131//118
f 136//119 135//119 137//119
f 137//120 138//120 136//120
f 135//121 139//121 137//121
f 136//122 140//122 141//122
f 141//123 142//123 136//123
f 143//124 142//124 144//124
f 144//125 145//125 143//125
f 142//126 146//126 144//126
f 143//127 147//127 148//127
f 148//128 149//128 143//128
f 150//129 149//129 151//129
f 151//130 152//130 150//130
f 149//131 153//131 151//131
f 150//132 154//132 155//132
f 155//133 156//133 150//133
f 157//134 156//134 158//134
f 158//135 159//135 157//135
f 156//136 160//136 158//136
f 157//137 161//137 162//137
f 162//138 163//138 157//138
f 164//139 163//139 165//139
f 165//140 166//140 164//140
f 163//141 167//141 165//141
f 164//142 168//142 169//142
f 169//143 170//143 164//143
f 1//144 170//144 171//144
f 170//145 172//145 171//145
f 171//146 2//146 1//146
f 169//147 172//147 170//147
f 166//148 168//148 164//148
f 162//149 167//149 163//149
f 159//150 161//150 157//150
f 155//151 160//151 156//151
f 152//152 154//152 150//152
f 148//153 153//153 149//153
f 145//154 147//154 143//154
f 141//155 146//155 142//155
f 138//156 140//156 136//156
f 134//157 139//157 135//157
f 130//158 133//158 131//158
f 127//159 132//159 126//159
f 123//160 128//160 124//160
f 120//161 125//161 119//161
f 116//162 121//162 117//162
f 113//163 118//163 112//163
f 109//164 114//164 110//164
f 106//165 111//165 105//165
f 102//166 107//166 103//166
f 99//167 104//167 98//167
f 95//168 100//168 96//168
f 92//169 97//169 91//169
f 89//170 93//170 90//170
f 173//171 174//171 175//171
f 176//172 175//172 177//172
f 175//173 174//173 177//173
f 176//174 178//174 179//174
f 179//175 180//175 176//175
f 181//176 182//176 183//176
f 184//177 183//177 185//177
f 183//178 182//178 185//178
f 186//179 184//179 187//179
f 184//180 188//180 187//180
f 186//181 189//181 190//181
f 190//182 191//182 186//182
f 192//183 193//183 194//183
f 195//184 194//184 196//184
f 194//185 193//185 196//185
f 195//186 197//186 198//186
f 198//187 199//187 195//187
f 200//188 201//188 202//188
f 201//189 203//189 204//189
f 205//190 204//190 206//190
f 204//191 203//191 206//191
f 205//192 207//192 208//192
f 208//193 209//193 205//193
f 210//194 211//194 212//194
f 213//195 212//195 214//195
f 212//196 211//196 214//196
f 215//197 213//197 216//197
f 213//198 217//198 216//198
f 215//199 218//199 219//199
f 219//200 220//200 215//200
f 221//201 222//201 223//201
f 224//202 223//202 225//202
f 223//203 222//203 225//203
f 224//204 226//204 227//204
f 227//205 228//205 224//205
f 228//206 229//206 230//206
f 230//207 231//207 228//207
f 232//208 233//208 234//208
f 235//209 234//209 236//209
f 234//210 233//210 236//210
f 235//211 237//211 238//211
f 238//212 239//212 235//212
f 240//213 241//213 242//213
f 241//214 243//214 244//214
f 245//215 244//215 246//215
f 244//216 243//216 246//216
f 245//217 247//217 248//217
f 248//218 249//218 245//218
f 250//219 251//219 252//219
f 253//220 252//220 254//220
f 252//221 251//221 254//221
f 253//222 255//222 256//222
f 256//223 257//223 253//223
f 257//224 258//224 259//224
f 259//225 260//225 257//225
f 261//226 262//226 263//226
f 264//227 263//227 265//227
f 263//228 262//228 265//228
f 264//229 266//229 267//229
f 267//230 268//230 264//230
f 269//231 270//231 271//231
f 272//232 175//232 273//232
f 175//233 176//233 274//233
f 176//234 180//234 275//234
f 180//235 183//235 276//235
f 183//236 184//236 277//236
f 184//237 186//237 278//237
f 186//238 191//238 279//238
f 191//239 194//239 280//239
f 194//240 195//240 281//240
f 195//241 199//241 282//241
f 199//242 202//242 283//242
f 202//243 204//243 284//243
f 204//244 205//244 285//244
f 205//245 209//245 286//245
f 209//246 212//246 287//246
f 212//247 213//247 288//247
f 213//248 215//248 289//248
f 215//249 220//249 290//249
f 220//250 223//250 291//250
f 223//251 224//251 292//251
f 224//252 228//252 293//252
f 228//253 231//253 294//253
f 231//254 234//254 295//254
f 234//255 235//255 296//255
f 235//256 239//256 297//256
f 239//257 242//257 298//257
f 242//258 244//258 299//258
f 244//259 245//259 300//259
f 245//260 249//260 301//260
f 249//261 252//261 302//261
f 252//262 253//262 303//262
f 253//263 257//263 304//263
f 257//264 260//264 305//264
f 260//265 263//265 306//265
f 263//266 264//266 307//266
f 264//267 268//267 308//267
f 268//268 271//268 309//268
f 310//269 273//269 311//269
f 273//270 274//270 312//270
f 274//271 275//271 313//271
f 275//272 276//272 314//272
f 276//273 277//273 315//273
f 277//274 278//274 316//274
f 278//275 279//275 317//275
f 279//276 280//276 318//276
f 280//277 281//277 319//277
f 281//278 282//278 320//278
f 282//279 283//279 321//279
f 283//280 284//280 322//280
f 284//281 285//281 323//281
f 285//282 286//282 324//282
f 286//283 287//283 325//283
f 287//284 288//284 326//284
f 288//285 289//285 327//285
f 289//286 290//286 328//286
f 290//287 291//287 329//287
f 291//288 292//288 330//288
f 292//289 293//289 331//289
f 293//290 294//290 332//290
f 294//291 295//291 333//291
f 295//292 296//292 334//292
f 296//293 297//293 335//293
f 297//294 298//294 336//294
f 298//295 299//295 337//295
f 299//296 300//296 338//296
f 300//297 301//297 339//297
f 301//298 302//298 340//298
f 302//299 303//299 341//299
f 303//300 304//300 342//300
f 304//301 305//301 343//301
f 305//302 306//302 344//302
f 306//303 307//303 345//303
f 307//304 308//304 346//304
f 308//305 309//305 347//305
f 348//306 311//306 349//306
f 311//307 312//307 350//307
f 312//308 313//308 351//308
f 313//309 314//309 352//309
f 314//310 315//310 353//310
f 315//311 316//311 354//311
f 316//312 317//312 355//312
f 317//313 318//313 356//313
f 318//314 319//314 357//314
f 319//315 320//315 358//315
f 320//316 321//316 359//316
f 321//317 322//317 360//317
f 322//318 323//318 361//318
f 323//319 324//319 362//319
f 324//320 325//320 363//320
f 325//321 326//321 364//321
f 326//322 327//322 365//322
f 327//323 328//323 366//323
f 328//324 329//324 367//324
f 329//325 330//325 368//325
f 330//326 331//326 369//326
f 331//327 332//327 370//327
f 332//328 333//328 371//328
f 333//329 334//329 372//329
f 334//330 335//330 373//330
f 335//331 336//331 374//331
f 336//332 337//332 375//332
f 337//333 338//333 376//333
f 338//334 339//334 377//334
f 339//335 340//335 378//335
f 340//336 341//336 379//336
f 341//337 342//337 380//337
f 342//338 343//338 381//338
f 343//339 344//339 382//339
f 344//340 345//340 383//340
f 345//341 346//341 384//341
f 346//342 347//342 385//342
f 386//343 349//343 89//343
f 350//344 92//344 93//344
f 93//345 349//345 350//345
f 350//346 351//346 97//346
f 351//347 94//347 97//347
f 351//348 352//348 95//348
f 353//349 99//349 100//349
f 100//350 352//350 353//350
f 353//351 354//351 104//351
f 354//352 101//352 104//352
f 354//353 355//353 102//353
f 356//354 106//354 107//354
f 107//355 355//355 356//355
f 356//356 357//356 111//356
f 357//357 108//357 111//357
f 357//358 358//358 109//358
f 359//359 113//359 114//359
f 114//360 358//360 359//360
f 359//361 360//361 118//361
f 360//362 115//362 118//362
f 360//363 361//363 116//363
f 362//364 120//364 121//364
f 121//365 361//365 362//365
f 362//366 363//366 125//366
f 363//367 122//367 125//367
f 363//368 364//368 123//368
f 365//369 127//369 128//369
f 128//370 364//370 365//370
f 365//371 366//371 132//371
f 366//372 129//372 132//372
f 366//373 367//373 130//373
f 368//374 134//374 133//374
f 133//375 367//375 368//375
f 368//376 369//376 139//376
f 369//377 137//377 139//377
f 369//378 370//378 138//378
f 371//379 141//379 140//379
f 140//380 370//380 371//380
f 371//381 372//381 146//381
f 372//382 144//382 146//382
f 372//383 373//383 145//383
f 374//384 148//384 147//384
f 147//385 373//385 374//385
f 374//386 375//386 153//386
f 375//387 151//387 153//387
f 375//388 376//388 152//388
f 377//389 155//389 154//389
f 154//390 376//390 377//390
f 377//391 378//391 160//391
f 378//392 158//392 160//392
f 378//393 379//393 159//393
f 380//394 162//394 161//394
f 161//395 379//395 380//395
f 380//396 381//396 167//396
f 381//397 165//397 167//397
f 381//398 382//398 166//398
f 383//399 169//399 168//399
f 168//400 382//400 383//400
f 383//401 384//401 172//401
f 384//402 171//402 172//402
f 384//403 385//403 2//403
f 2//403 171//403 384//403
f 172//404 169//404 383//404
f 168//405 166//405 382//405
f 166//398 165//398 381//398
f 167//406 162//406 380//406
f 161//407 159//407 379//407
f 159//393 158//393 378//393
f 160//408 155//408 377//408
f 154//409 152//409 376//409
f 152//388 151//388 375//388
f 153//410 148//410 374//410
f 147//411 145//411 373//411
f 145//383 144//383 372//383
f 146//412 141//412 371//412
f 140//413 138//413 370//413
f 138//378 137//378 369//378
f 139//414 134//414 368//414
f 133//415 130//415 367//415
f 130//373 129//373 366//373
f 132//416 127//416 365//416
f 128//417 123//417 364//417
f 123//368 122//368 363//368
f 125//418 120//418 362//418
f 121//419 116//419 361//419
f 116//363 115//363 360//363
f 118//420 113//420 359//420
f 114//421 109//421 358//421
f 109//358 108//358 357//358
f 111//422 106//422 356//422
f 107//423 102//423 355//423
f 102//353 101//353 354//353
f 104//424 99//424 353//424
f 100//425 95//425 352//425
f 95//348 94//348 351//348
f 97//426 92//426 350//426
f 93//427 89//427 349//427
f 89//343 88//343 386//343
f 385//342 384//342 346//342
f 384//341 383//341 345//341
f 383//340 382//340 344//340
f 382//339 381//339 343//339
f 381//338 380//338 342//338
f 380//337 379//337 341//337
f 379//336 378//336 340//336
f 378//335 377//335 339//335
f 377//334 376//334 338//334
f 376//333 375//333 337//333
f 375//332 374//332 336//332
f 374//331 373//331 335//331
f 373//330 372//330 334//330
f 372//329 371//329 333//329
f 371//328 370//328 332//328
f 370//327 369//327 331//327
f 369//326 368//326 330//326
f 368//325 367//325 329//325
f 367//324 366//324 328//324
f 366//323 365//323 327//323
f 365//322 364//322 326//322
f 364//321 363//321 325//321
f 363//320 362//320 324//320
f 362//319 361//319 323//319
f 361//318 360//318 322//318
f 360//317 359//317 321//317
f 359//316 358//316 320//316
f 358//315 357//315 319//315
f 357//314 356//314 318//314
f 356//313 355//313 317//313
f 355//312 354//312 316//312
f 354//311 353//311 315//311
f 353//310 352//310 314//310
f 352//309 351//309 313//309
f 351//308 350//308 312//308
f 350//307 349//307 311//307
f 349//306 386//306 348//306
f 347//305 346//305 308//305
f 346//304 345//304 307//304
f 345//303 344//303 306//303
f 344//302 343//302 305//302
f 343//301 342//301 304//301
f 342//300 341//300 303//300
f 341//299 340//299 302//299
f 340//298 339//298 301//298
f 339//297 338//297 300//297
f 338//296 337//296 299//296
f 337//295 336//295 298//295
f 336//294 335//294 297//294
f 335//293 334//293 296//293
f 334//292 333//292 295//292
f 333//291 332//291 294//291
f 332//290 331//290 293//290
f 331//289 330//289 292//289
f 330//288 329//288 291//288
f 329//287 328//287 290//287
f 328//286 327//286 289//286
f 327//285 326//285 288//285
f 326//284 325//284 287//284
f 325//283 324//283 286//283
f 324//282 323//282 285//282
f 323//281 322//281 284//281
f 322//280 321//280 283//280
f 321//279 320//279 282//279
f 320//278 319//278 281//278
f 319//277 318//277 280//277
f 318//276 317//276 279//276
f 317//275 316//275 278//275
f 316//274 315//274 277//274
f 315//273 314//273 276//273
f 314//272 313//272 275//272
f 313//271 312//271 274//271
f 312//270 311//270 273//270
f 311//269 348//269 310//269
f 309//268 308//268 268//268
f 308//267 307//267 264//267
f 307//266 306//266 263//266
f 306//265 305//265 260//265
f 305//264 304//264 257//264
f 304//263 303//263 253//263
f 303//262 302//262 252//262
f 302//261 301//261 249//261
f 301//260 300//260 245//260
f 300//259 299//259 244//259
f 299//258 298//258 242//258
f 298//257 297//257 239//257
f 297//256 296//256 235//256
f 296//255 295//255 234//255
f 295//254 294//254 231//254
f 294//253 293//253 228//253
f 293//252 292//252 224//252
f 292//251 291//251 223//251
f 291//250 290//250 220//250
f 290//249 289//249 215//249
f 289//248 288//248 213//248
f 288//247 287//247 212//247
f 287//246 286//246 209//246
f 286//245 285//245 205//245
f 285//244 284//244 204//244
f 284//243 283//243 202//243
f 283//242 282//242 199//242
f 282//241 281//241 195//241
f 281//240 280//240 194//240
f 280//239 279//239 191//239
f 279//238 278//238 186//238
f 278//237 277//237 184//237
f 277//236 276//236 183//236
f 276//235 275//235 180//235
f 275//234 274//234 176//234
f 274//233 273//233 175//233
f 273//232 310//232 272//232
f 271//231 268//231 269//231
f 267//428 269//428 268//428
f 265//429 266//429 264//429
f 263//226 260//226 261//226
f 259//430 261//430 260//430
f 256//431 258//431 257//431
f 254//432 255//432 253//432
f 252//219 249//219 250//219
f 248//433 250//433 249//433
f 246//434 247//434 245//434
f 244//214 242//214 241//214
f 242//213 239//213 240//213
f 238//435 240//435 239//435
f 236//436 237//436 235//436
f 234//208 231//208 232//208
f 230//437 232//437 231//437
f 227//438 229//438 228//438
f 225//439 226//439 224//439
f 223//201 220//201 221//201
f 219//440 221//440 220//440
f 216//441 218//441 215//441
f 214//442 217//442 213//442
f 212//194 209//194 210//194
f 208//443 210//443 209//443
f 206//444 207//444 205//444
f 204//189 202//189 201//189
f 202//188 199//188 200//188
f 198//445 200//445 199//445
f 196//446 197//446 195//446
f 194//183 191//183 192//183
f 190//447 192//447 191//447
f 187//448 189//448 186//448
f 185//449 188//449 184//449
f 183//176 180//176 181//176
f 179//450 181//450 180//450
f 177//451 178//451 176//451
f 175//171 272//171 173//171
f 270//452 387//452 388//452
f 389//453 388//453 390//453
f 388//454 387//454 390//454
f 389//455 391//455 392//455
f 392//456 393//456 389//456
f 394//457 395//457 396//457
f 397//458 396//458 398//458
f 396//459 395//459 398//459
f 399//460 397//460 400//460
f 397//461 401//461 400//461
f 399//462 402//462 403//462
f 403//463 404//463 399//463
f 405//464 406//464 407//464
f 408//465 407//465 409//465
f 407//466 406//466 409//466
f 408//467 410//467 411//467
f 411//468 412//468 408//468
f 413//469 414//469 415//469
f 414//470 416//470 417//470
f 418//471 417//471 419//471
f 417//472 416//472 419//472
f 418//473 420//473 421//473
f 421//474 422//474 418//474
f 423//475 424//475 425//475
f 426//476 425//476 427//476
f 425//477 424//477 427//477
f 428//478 426//478 429//478
f 426//479 430//479 429//479
f 428//480 431//480 432//480
f 432//481 433//481 428//481
f 434//482 435//482 436//482
f 437//483 436//483 438//483
f 436//484 435//484 438//484
f 437//485 439//485 440//485
f 440//486 441//486 437//486
f 441//487 442//487 443//487
f 443//488 444//488 441//488
f 445//489 446//489 447//489
f 448//490 447//490 449//490
f 447//491 446//491 449//491
f 448//492 450//492 451//492
f 451//493 452//493 448//493
f 453//494 454//494 455//494
f 454//495 456//495 457//495
f 458//496 457//496 459//496
f 457//497 456//497 459//497
f 458//498 460//498 461//498
f 461//499 462//499 458//499
f 463//500 464//500 465//500
f 466//501 465//501 467//501
f 465//502 464//502 467//502
f 466//503 468//503 469//503
f 469//504 470//504 466//504
f 470//505 471//505 472//505
f 472//506 473//506 470//506
f 474//507 475//507 476//507
f 477//508 476//508 478//508
f 476//509 475//509 478//509
f 477//510 479//510 480//510
f 480//511 481//511 477//511
f 482//512 173//512 272//512
f 271//513 388//513 483//513
f 388//514 389//514 484//514
f 389//515 393//515 485//515
f 393//516 396//516 486//516
f 396//517 397//517 487//517
f 397//518 399//518 488//518
f 399//519 404//519 489//519
f 404//520 407//520 490//520
f 407//521 408//521 491//521
f 408//522 412//522 492//522
f 412//523 415//523 493//523
f 415//524 417//524 494//524
f 417//525 418//525 495//525
f 418//526 422//526 496//526
f 422//527 425//527 497//527
f 425//528 426//528 498//528
f 426//529 428//529 499//529
f 428//530 433//530 500//530
f 433//531 436//531 501//531
f 436//532 437//532 502//532
f 437//533 441//533 503//533
f 441//534 444//534 504//534
f 444//535 447//535 505//535
f 447//536 448//536 506//536
f 448//537 452//537 507//537
f 452//538 455//538 508//538
f 455//539 457//539 509//539
f 457//540 458//540 510//540
f 458//541 462//541 511//541
f 462//542 465//542 512//542
f 465//543 466//543 513//543
f 466//544 470//544 514//544
f 470//545 473//545 515//545
f 473//546 476//546 516//546
f 476//547 477//547 517//547
f 477//548 481//548 518//548
f 481//549 272//549 310//549
f 309//550 483//550 519//550
f 483//551 484//551 520//551
f 484//552 485//552 521//552
f 485//553 486//553 522//553
f 486//554 487//554 523//554
f 487//555 488//555 524//555
f 488//556 489//556 525//556
f 489//557 490//557 526//557
f 490//558 491//558 527//558
f 491//559 492//559 528//559
f 492//560 493//560 529//560
f 493//561 494//561 530//561
f 494//562 495//562 531//562
f 495//563 496//563 532//563
f 496//564 497//564 533//564
f 497//565 498//565 534//565
f 498//566 499//566 535//566
f 499//567 500//567 536//567
f 500//568 501//568 537//568
f 501//569 502//569 538//569
f 502//570 503//570 539//570
f 503//571 504//571 540//571
f 504//572 505//572 541//572
f 505//573 506//573 542//573
f 506//574 507//574 543//574
f 507//575 508//575 544//575
f 508//576 509//576 545//576
f 509//577 510//577 546//577
f 510//578 511//578 547//578
f 511//579 512//579 548//579
f 512//580 513//580 549//580
f 513//581 514//581 550//581
f 514//582 515//582 551//582
f 515//583 516//583 552//583
f 516//584 517//584 553//584
f 517//585 518//585 554//585
f 518//586 310//586 348//586
f 347//587 519//587 555//587
f 519//588 520//588 556//588
f 520//589 521//589 557//589
f 521//590 522//590 558//590
f 522//591 523//591 559//591
f 523//592 524//592 560//592
f 524//593 525//593 561//593
f 525//594 526//594 562//594
f 526//595 527//595 563//595
f 527//596 528//596 564//596
f 528//597 529//597 565//597
f 529//598 530//598 566//598
f 530//599 531//599 567//599
f 531//600 532//600 568//600
f 532//601 533//601 569//601
f 533//602 534//602 570//602
f 534//603 535//603 571//603
f 535//604 536//604 572//604
f 536//605 537//605 573//605
f 537//606 538//606 574//606
f 538//607 539//607 575//607
f 539//608 540//608 576//608
f 540//609 541//609 577//609
f 541//610 542//610 578//610
f 542//611 543//611 579//611
f 543//612 544//612 580//612
f 544//613 545//613 581//613
f 545//614 546//614 582//614
f 546//615 547//615 583//615
f 547//616 548//616 584//616
f 548//617 549//617 585//617
f 549//618 550//618 586//618
f 550//619 551//619 587//619
f 551//620 552//620 588//620
f 552//621 553//621 589//621
f 553//622 554//622 590//622
f 554//623 348//623 386//623
f 385//624 555//624 3//624
f 556//625 6//625 7//625
f 7//626 555//626 556//626
f 556//627 557//627 11//627
f 557//628 8//628 11//628
f 557//629 558//629 9//629
f 559//630 13//630 14//630
f 14//631 558//631 559//631
f 559//632 560//632 18//632
f 560//633 15//633 18//633
f 560//634 561//634 16//634
f 562//635 20//635 21//635
f 21//636 561//636 562//636
f 562//637 563//637 25//637
f 563//638 22//638 25//638
f 563//639 564//639 23//639
f 565//640 27//640 28//640
f 28//641 564//641 565//641
f 565//642 566//642 32//642
f 566//643 29//643 32//643
f 566//644 567//644 30//644
f 568//645 34//645 35//645
f 35//646 567//646 568//646
f 568//647 569//647 39//647
f 569//648 36//648 39//648
f 569//649 570//649 37//649
f 571//650 41//650 42//650
f 42//651 570//651 571//651
f 571//652 572//652 46//652
f 572//653 44//653 46//653
f 572//654 573//654 45//654
f 574//655 48//655 47//655
f 47//656 573//656 574//656
f 574//657 575//657 53//657
f 575//658 51//658 53//658
f 575//659 576//659 52//659
f 577//660 55//660 54//660
f 54//661 576//661 577//661
f 577//662 578//662 60//662
f 578//663 58//663 60//663
f 578//664 579//664 59//664
f 580//665 62//665 61//665
f 61//666 579//666 580//666
f 580//667 581//667 67//667
f 581//668 65//668 67//668
f 581//669 582//669 66//669
f 583//670 69//670 68//670
f 68//671 582//671 583//671
f 583//672 584//672 74//672
f 584//673 72//673 74//673
f 584//674 585//674 73//674
f 586//675 76//675 75//675
f 75//676 585//676 586//676
f 586//677 587//677 81//677
f 587//678 79//678 81//678
f 587//679 588//679 80//679
f 589//680 83//680 82//680
f 82//681 588//681 589//681
f 589//682 590//682 87//682
f 590//683 86//683 87//683
f 590//684 386//684 88//684
f 88//684 86//684 590//684
f 87//685 83//685 589//685
f 82//686 80//686 588//686
f 80//679 79//679 587//679
f 81//687 76//687 586//687
f 75//688 73//688 585//688
f 73//674 72//674 584//674
f 74//689 69//689 583//689
f 68//690 66//690 582//690
f 66//669 65//669 581//669
f 67//691 62//691 580//691
f 61//692 59//692 579//692
f 59//664 58//664 578//664
f 60//693 55//693 577//693
f 54//694 52//694 576//694
f 52//659 51//659 575//659
f 53//695 48//695 574//695
f 47//696 45//696 573//696
f 45//654 44//654 572//654
f 46//697 41//697 571//697
f 42//698 37//698 570//698
f 37//649 36//649 569//649
f 39//699 34//699 568//699
f 35//700 30//700 567//700
f 30//644 29//644 566//644
f 32//701 27//701 565//701
f 28//702 23//702 564//702
f 23//639 22//639 563//639
f 25//703 20//703 562//703
f 21//704 16//704 561//704
f 16//634 15//634 560//634
f 18//705 13//705 559//705
f 14//706 9//706 558//706
f 9//629 8//629 557//629
f 11//707 6//707 556//707
f 7//708 3//708 555//708
f 3//624 2//624 385//624
f 386//623 590//623 554//623
f 590//622 589//622 553//622
f 589//621 588//621 552//621
f 588//620 587//620 551//620
f 587//619 586//619 550//619
f 586//618 585//618 549//618
f 585//617 584//617 548//617
f 584//616 583//616 547//616
f 583//615 582//615 546//615
f 582//614 581//614 545//614
f 581//613 580//613 544//613
f 580//612 579//612 543//612
f 579//611 578//611 542//611
f 578//610 577//610 541//610
f 577//609 576//609 540//609
f 576//608 575//608 539//608
f 575//607 574//607 538//607
f 574//606 573//606 537//606
f 573//605 572//605 536//605
f 572//604 571//604 535//604
f 571//603 570//603 534//603
f 570//602 569//602 533//602
f 569//601 568//601 532//601
f 568//600 567//600 531//600
f 567//599 566//599 530//599
f 566//598 565//598 529//598
f 565//597 564//597 528//597
f 564//596 563//596 527//596
f 563//595 562//595 526//595
f 562//594 561//594 525//594
f 561//593 560//593 524//593
f 560//592 559//592 523//592
f 559//591 558//591 522//591
f 558//590 557//590 521//590
f 557//589 556//589 520//589
f 556//588 555//588 519//588
f 555//587 385//587 347//587
f 348//586 554//586 518//586
f 554//585 553//585 517//585
f 553//584 552//584 516//584
f 552//583 551//583 515//583
f 551//582 550//582 514//582
f 550//581 549//581 513//581
f 549//580 548//580 512//580
f 548//579 547//579 511//579
f 547//578 546//578 510//578
f 546//577 545//577 509//577
f 545//576 544//576 508//576
f 544//575 543//575 507//575
f 543//574 542//574 506//574
f 542//573 541//573 505//573
f 541//572 540//572 504//572
f 540//571 539//571 503//571
f 539//570 538//570 502//570
f 538//569 537//569 501//569
f 537//568 536//568 500//568
f 536//567 535//567 499//567
f 535//566 534//566 498//566
f 534//565 533//565 497//565
f 533//564 532//564 496//564
f 532//563 531//563 495//563
f 531//562 530//562 494//562
f 530//561 529//561 493//561
f 529//560 528//560 492//560
f 528//559 527//559 491//559
f 527//558 526//558 490//558
f 526//557 525//557 489//557
f 525//556 524//556 488//556
f 524//555 523//555 487//555
f 523//554 522//554 486//554
f 522//553 521//553 485//553
f 521//552 520//552 484//552
f 520//551 519//551 483//551
f 519//550 347//550 309//550
f 310//549 518//549 481//549
f 518//548 517//548 477//548
f 517//547 516//547 476//547
f 516//546 515//546 473//546
f 515//545 514//545 470//545
f 514//544 513//544 466//544
f 513//543 512//543 465//543
f 512//542 511//542 462//542
f 511//541 510//541 458//541
f 510//540 509//540 457//540
f 509//539 508//539 455//539
f 508//538 507//538 452//538
f 507//537 506//537 448//537
f 506//536 505//536 447//536
f 505//535 504//535 444//535
f 504//534 503//534 441//534
f 503//533 502//533 437//533
f 502//532 501//532 436//532
f 501//531 500//531 433//531
f 500//530 499//530 428//530
f 499//529 498//529 426//529
f 498//528 497//528 425//528
f 497//527 496//527 422//527
f 496//526 495//526 418//526
f 495//525 494//525 417//525
f 494//524 493//524 415//524
f 493//523 492//523 412//523
f 492//522 491//522 408//522
f 491//521 490//521 407//521
f 490//520 489//520 404//520
f 489//519 488//519 399//519
f 488//518 487//518 397//518
f 487//517 486//517 396//517
f 486//516 485//516 393//516
f 485//515 484//515 389//515
f 484//514 483//514 388//514
f 483//513 309//513 271//513
f 272//512 481//512 482//512
f 480//709 482//709 481//709
f 478//710 479//710 477//710
f 476//507 473//507 474//507
f 472//711 474//711 473//711
f 469//712 471//712 470//712
f 467//713 468//713 466//713
f 465//500 462//500 463//500
f 461//714 463//714 462//714
f 459//715 460//715 458//715
f 457//495 455//495 454//495
f 455//494 452//494 453//494
f 451//716 453//716 452//716
f 449//717 450//717 448//717
f 447//489 444//489 445//489
f 443//718 445//718 444//718
f 440//719 442//719 441//719
f 438//720 439//720 437//720
f 436//482 433//482 434//482
f 432//721 434//721 433//721
f 429//722 431//722 428//722
f 427//723 430//723 426//723
f 425//475 422//475 423//475
f 421//724 423//724 422//724
f 419//725 420//725 418//725
f 417//470 415//470 414//470
f 415//469 412//469 413//469
f 411//726 413//726 412//726
f 409//727 410//727 408//727
f 407//464 404//464 405//464
f 403//728 405//728 404//728
f 400//729 402//729 399//729
f 398//730 401//730 397//730
f 396//457 393//457 394//457
f 392//731 394//731 393//731
f 390//732 391//732 389//732
f 388//452 271//452 270//452
f 591//733 173//733 482//733
f 482//734 592//734 591//734
f 593//735 592//735 479//735
f 592//736 480//736 479//736
f 594//737 593//737 475//737
f 475//738 474//738 594//738
f 593//739 478//739 475//739
f 594//740 472//740 471//740
f 471//741 595//741 594//741
f 596//742 595//742 468//742
f 595//743 469//743 468//743
f 596//744 464//744 463//744
f 596//745 467//745 464//745
f 463//746 597//746 596//746
f 597//747 461//747 460//747
f 460//748 598//748 597//748
f 599//749 598//749 456//749
f 598//750 459//750 456//750
f 599//751 454//751 453//751
f 453//752 600//752 599//752
f 601//753 600//753 450//753
f 600//754 451//754 450//754
f 602//755 601//755 446//755
f 446//756 445//756 602//756
f 601//757 449//757 446//757
f 602//758 443//758 442//758
f 442//759 603//759 602//759
f 604//760 603//760 439//760
f 603//761 440//761 439//761
f 604//762 435//762 434//762
f 604//763 438//763 435//763
f 434//762 605//762 604//762
f 605//764 432//764 431//764
f 431//765 606//765 605//765
f 607//766 606//766 430//766
f 606//767 429//767 430//767
f 607//768 424//768 423//768
f 607//769 427//769 424//769
f 423//770 608//770 607//770
f 608//771 421//771 420//771
f 420//772 609//772 608//772
f 610//773 609//773 416//773
f 609//774 419//774 416//774
f 610//775 414//775 413//775
f 413//776 611//776 610//776
f 612//777 611//777 410//777
f 611//778 411//778 410//778
f 613//779 612//779 406//779
f 406//780 405//780 613//780
f 612//781 409//781 406//781
f 613//782 403//782 402//782
f 402//783 614//783 613//783
f 615//784 614//784 401//784
f 614//785 400//785 401//785
f 615//786 395//786 394//786
f 615//787 398//787 395//787
f 394//788 616//788 615//788
f 616//789 392//789 391//789
f 391//790 617//790 616//790
f 618//791 617//791 387//791
f 617//792 390//792 387//792
f 387//793 270//793 618//793
f 391//794 390//794 617//794
f 394//795 392//795 616//795
f 401//796 398//796 615//796
f 402//797 400//797 614//797
f 405//798 403//798 613//798
f 410//799 409//799 612//799
f 413//800 411//800 611//800
f 416//801 414//801 610//801
f 420//802 419//802 609//802
f 423//803 421//803 608//803
f 430//804 427//804 607//804
f 431//805 429//805 606//805
f 434//806 432//806 605//806
f 439//807 438//807 604//807
f 442//808 440//808 603//808
f 445//809 443//809 602//809
f 450//810 449//810 601//810
f 453//811 451//811 600//811
f 456//812 454//812 599//812
f 460//813 459//813 598//813
f 463//814 461//814 597//814
f 468//815 467//815 596//815
f 471//816 469//816 595//816
f 474//817 472//817 594//817
f 479//818 478//818 593//818
f 482//819 480//819 592//819
f 618//820 270//820 269//820
f 269//821 619//821 618//821
f 620//822 619//822 266//822
f 619//823 267//823 266//823
f 621//824 620//824 262//824
f 262//825 261//825 621//825
f 620//826 265//826 262//826
f 621//827 259//827 258//827
f 258//828 622//828 621//828
f 623//829 622//829 255//829
f 622//830 256//830 255//830
f 623//831 251//831 250//831
f 623//832 254//832 251//832
f 250//833 624//833 623//833
f 624//834 248//834 247//834
f 247//835 625//835 624//835
f 626//836 625//836 243//836
f 625//837 246//837 243//837
f 626//838 241//838 240//838
f 240//839 627//839 626//839
f 628//840 627//840 237//840
f 627//841 238//841 237//841
f 629//842 628//842 233//842
f 233//843 232//843 629//843
f 628//844 236//844 233//844
f 629//845 230//845 229//845
f 229//846 630//846 629//846
f 631//847 630//847 226//847
f 630//848 227//848 226//848
f 632//849 631//849 222//849
f 631//850 225//850 222//850
f 222//849 221//849 632//849
f 632//851 219//851 218//851
f 218//852 633//852 632//852
f 634//853 633//853 217//853
f 633//854 216//854 217//854
f 634//855 211//855 210//855
f 634//856 214//856 211//856
f 210//857 635//857 634//857
f 635//858 208//858 207//858
f 207//859 636//859 635//859
f 637//860 636//860 203//860
f 636//861 206//861 203//861
f 637//862 201//862 200//862
f 200//863 638//863 637//863
f 639//864 638//864 197//864
f 638//865 198//865 197//865
f 640//866 639//866 193//866
f 193//867 192//867 640//867
f 639//868 196//868 193//868
f 640//869 190//869 189//869
f 189//870 641//870 640//870
f 642//871 641//871 188//871
f 641//872 187//872 188//872
f 642//873 182//873 181//873
f 642//874 185//874 182//874
f 181//875 643//875 642//875
f 643//876 179//876 178//876
f 178//877 644//877 643//877
f 591//878 644//878 174//878
f 644//879 177//879 174//879
f 174//880 173//880 591//880
f 178//881 177//881 644//881
f 181//882 179//882 643//882
f 188//883 185//883 642//883
f 189//884 187//884 641//884
f 192//885 190//885 640//885
f 197//886 196//886 639//886
f 200//887 198//887 638//887
f 203//888 201//888 637//888
f 207//889 206//889 636//889
f 210//890 208//890 635//890
f 217//891 214//891 634//891
f 218//892 216//892 633//892
f 221//893 219//893 632//893
f 226//894 225//894 631//894
f 229//895 227//895 630//895
f 232//896 230//896 629//896
f 237//897 236//897 628//897
f 240//898 238//898 627//898
f 243//899 241//899 626//899
f 247//900 246//900 625//900
f 250//901 248//901 624//901
f 255//902 254//902 623//902
f 258//903 256//903 622//903
f 261//904 259//904 621//904
f 266//905 265//905 620//905
f 269//906 267//906 619//906
f 591//907 645//907 646//907
f 644//908 646//908 647//908
f 643//909 647//909 648//909
f 642//910 648//910 649//910
f 641//911 649//911 650//911
f 640//912 650//912 651//912
f 639//913 651//913 652//913
f 638//914 652//914 653//914
f 637//915 653//915 654//915
f 636//916 654//916 655//916
f 635//917 655//917 656//917
f 634//918 656//918 657//918
f 633//919 657//919 658//919
f 632//920 658//920 659//920
f 631//921 659//921 660//921
f 630//922 660//922 661//922
f 629//923 661//923 662//923
f 628//924 662//924 663//924
f 627//925 663//925 664//925
f 626//926 664//926 665//926
f 625//927 665//927 666//927
f 624//928 666//928 667//928
f 623//929 667//929 668//929
f 622//930 668//930 669//930
f 621//931 669//931 670//931
f 620//932 670//932 671//932
f 619//933 671//933 672//933
f 672//933 618//933 619//933
f 671//932 619//932 620//932
f 670//931 620//931 621//931
f 669//930 621//930 622//930
f 668//929 622//929 623//929
f 667//928 623//928 624//928
f 666//927 624//927 625//927
f 665//926 625//926 626//926
f 664//925 626//925 627//925
f 663//924 627//924 628//924
f 662//923 628//923 629//923
f 661//922 629//922 630//922
f 660//921 630//921 631//921
f 659//920 631//920 632//920
f 658//919 632//919 633//919
f 657//918 633//918 634//918
f 656//917 634//917 635//917
f 655//916 635//916 636//916
f 654//915 636//915 637//915
f 653//914 637//914 638//914
f 652//913 638//913 639//913
f 651//912 639//912 640//912
f 650//911 640//911 641//911
f 649//910 641//910 642//910
f 648//909 642//909 643//909
f 647//908 643//908 644//908
f 646//907 644//907 591//907
f 618//934 672//934 673//934
f 617//935 673//935 674//935
f 616//936 674//936 675//936
f 615//937 675//937 676//937
f 614//938 676//938 677//938
f 613//939 677//939 678//939
f 612//940 678//940 679//940
f 611//941 679//941 680//941
f 610//942 680//942 681//942
f 609//943 681//943 682//943
f 608//944 682//944 683//944
f 607//945 683//945 684//945
f 606//946 684//946 685//946
f 605//947 685//947 686//947
f 604//948 686//948 687//948
f 603//949 687//949 688//949
f 602//950 688//950 689//950
f 601//951 689//951 690//951
f 600//952 690//952 691//952
f 599//953 691//953 692//953
f 598//954 692//954 693//954
f 597//955 693//955 694//955
f 596//956 694//956 695//956
f 595//957 695//957 696//957
f 594//958 696//958 697//958
f 593//959 697//959 698//959
f 592//960 698//960 645//960
f 645//960 591//960 592//960
f 698//959 592//959 593//959
f 697//958 593//958 594//958
f 696//957 594//957 595//957
f 695//956 595//956 596//956
f 694//955 596//955 597//955
f 693//954 597//954 598//954
f 692//953 598//953 599//953
f 691//952 599//952 600//952
f 690//951 600//951 601//951
f 689//950 601//950 602//950
f 688//949 602//949 603//949
f 687//948 603//948 604//948
f 686//947 604//947 605//947
f 685//946 605//946 606//946
f 684//945 606//945 607//945
f 683//944 607//944 608//944
f 682//943 608//943 609//943
f 681//942 609//942 610//942
f 680//941 610//941 611//941
f 679//940 611//940 612//940
f 678//939 612//939 613//939
f 677//938 613//938 614//938
f 676//937 614//937 615//937
f 675//936 615//936 616//936
f 674//935 616//935 617//935
f 673//934 617//934 618//934
f 157//961 163//961 699//961
f 142//961 143//961 700//961
f 149//961 701//961 700//961
f 702//961 156//961 157//961
f 163//961 164//961 703//961
f 164//961 170//961 704//961
f 170//961 1//961 705//961
f 5//961 706//961 707//961
f 10//961 708//961 706//961
f 700//961 143//961 149//961
f 150//961 709//961 701//961
f 703//961 699//961 163//961
f 705//961 704//961 170//961
f 4//961 707//961 705//961
f 706//961 5//961 10//961
f 17//961 19//961 710//961
f 19//961 24//961 711//961
f 91//961 712//961 713//961
f 96//961 714//961 712//961
f 701//961 149//961 150//961
f 156//961 702//961 709//961
f 704//961 703//961 164//961
f 707//961 4//961 5//961
f 12//961 715//961 708//961
f 711//961 710//961 19//961
f 24//961 26//961 716//961
f 31//961 717//961 716//961
f 33//961 718//961 717//961
f 38//961 719//961 718//961
f 40//961 720//961 719//961
f 43//961 49//961 721//961
f 49//961 50//961 722//961
f 50//961 56//961 723//961
f 64//961 724//961 725//961
f 70//961 726//961 724//961
f 71//961 77//961 727//961
f 77//961 78//961 728//961
f 78//961 84//961 729//961
f 90//961 713//961 730//961
f 712//961 91//961 96//961
f 98//961 731//961 714//961
f 709//961 150//961 156//961
f 705//961 1//961 4//961
f 708//961 10//961 12//961
f 716//961 711//961 24//961
f 717//961 31//961 33//961
f 719//961 38//961 40//961
f 720//961 40//961 43//961
f 723//961 722//961 50//961
f 724//961 64//961 70//961
f 726//961 70//961 71//961
f 729//961 728//961 78//961
f 84//961 85//961 730//961
f 713//961 90//961 91//961
f 714//961 96//961 98//961
f 699//961 702//961 157//961
f 710//961 715//961 17//961
f 718//961 33//961 38//961
f 722//961 721//961 49//961
f 727//961 726//961 71//961
f 730//961 729//961 84//961
f 98//961 103//961 731//961
f 103//961 105//961 732//961
f 110//961 112//961 733//961
f 117//961 734//961 733//961
f 131//961 135//961 735//961
f 135//961 136//961 736//961
f 136//961 142//961 737//961
f 12//961 17//961 715//961
f 721//961 720//961 43//961
f 56//961 57//961 738//961
f 63//961 725//961 738//961
f 728//961 727//961 77//961
f 732//961 731//961 103//961
f 105//961 110//961 739//961
f 733//961 112//961 117//961
f 124//961 740//961 741//961
f 126//961 742//961 740//961
f 742//961 126//961 131//961
f 737//961 736//961 136//961
f 716//961 26//961 31//961
f 738//961 57//961 63//961
f 730//961 85//961 90//961
f 733//961 739//961 110//961
f 119//961 741//961 734//961
f 740//961 124//961 126//961
f 736//961 735//961 135//961
f 738//961 723//961 56//961
f 739//961 732//961 105//961
f 741//961 119//961 124//961
f 700//961 737//961 142//961
f 734//961 117//961 119//961
f 725//961 63//961 64//961
f 735//961 742//961 131//961
f 743//962 705//962 707//962
f 744//963 707//963 706//963
f 745//964 706//964 708//964
f 746//965 708//965 715//965
f 747//966 715//966 710//966
f 748//967 710//967 711//967
f 749//968 711//968 716//968
f 750//969 716//969 717//969
f 751//970 717//970 718//970
f 752//971 718//971 719//971
f 753//972 719//972 720//972
f 754//973 720//973 721//973
f 755//974 721//974 722//974
f 756//975 722//975 723//975
f 757//976 723//976 738//976
f 758//977 738//977 725//977
f 759//978 725//978 724//978
f 760//979 724//979 726//979
f 761//980 726//980 727//980
f 762//981 727//981 728//981
f 763//982 728//982 729//982
f 764//983 729//983 730//983
f 730//983 765//983 764//983
f 729//982 764//982 763//982
f 728//981 763//981 762//981
f 727//980 762//980 761//980
f 726//979 761//979 760//979
f 724//978 760//978 759//978
f 725//977 759//977 758//977
f 738//976 758//976 757//976
f 723//975 757//975 756//975
f 722//974 756//974 755//974
f 721//973 755//973 754//973
f 720//972 754//972 753//972
f 719//971 753//971 752//971
f 718//970 752//970 751//970
f 717//969 751//969 750//969
f 716//968 750//968 749//968
f 711//967 749//967 748//967
f 710//966 748//966 747//966
f 715//965 747//965 746//965
f 708//964 746//964 745//964
f 706//963 745//963 744//963
f 707//962 744//962 743//962
f 765//984 730//984 713//984
f 766//985 713//985 712//985
f 767//986 712//986 714//986
f 768//987 714//987 731//987
f 769//988 731//988 732//988
f 770//989 732//989 739//989
f 771//990 739//990 733//990
f 772//991 733//991 734//991
f 773//992 734//992 741//992
f 774//993 741//993 740//993
f 775//994 740//994 742//994
f 776//995 742//995 735//995
f 777//996 735//996 736//996
f 778//997 736//997 737//997
f 779//998 737//998 700//998
f 780//999 700//999 701//999
f 781//1000 701//1000 709//1000
f 782//1001 709//1001 702//1001
f 783//1002 702//1002 699//1002
f 784//1003 699//1003 703//1003
f 785//1004 703//1004 704//1004
f 786//1005 704//1005 705//1005
f 705//1005 743//1005 786//1005
f 704//1004 786//1004 785//1004
f 703//1003 785//1003 784//1003
f 699//1002 784//1002 783//1002
f 702//1001 783//1001 782//1001
f 709//1000 782//1000 781//1000
f 701//999 781//999 780//999
f 700//998 780//998 779//998
f 737//997 779//997 778//997
f 736//996 778//996 777//996
f 735//995 777//995 776//995
f 742//994 776//994 775//994
f 740//993 775//993 774//993
f 741//992 774//992 773//992
f 734//991 773//991 772//991
f 733//990 772//990 771//990
f 739//989 771//989 770//989
f 732//988 770//988 769//988
f 731//987 769//987 768//987
f 714//986 768//986 767//986
f 712//985 767//985 766//985
f 713//984 766//984 765//984
f 652//1006 787//1006 788//1006
f 674//1006 673//1006 789//1006
f 673//1006 672//1006 790//1006
f 788//1006 653//1006 652//1006
f 651//1006 650//1006 791//1006
f 678//1006 677//1006 792//1006
f 677//1006 676//1006 793//1006
f 790//1006 789//1006 673//1006
f 671//1006 794//1006 790//1006
f 791//1006 787//1006 651//1006
f 650//1006 649//1006 795//1006
f 647//1006 646//1006 796//1006
f 646//1006 645//1006 797//1006
f 698//1006 798//1006 797//1006
f 697//1006 799//1006 798//1006
f 793//1006 792//1006 677//1006
f 676//1006 675//1006 800//1006
f 675//1006 674//1006 801//1006
f 790//1006 672//1006 671//1006
f 795//1006 791//1006 650//1006
f 649//1006 648//1006 802//1006
f 797//1006 796//1006 646//1006
f 798//1006 698//1006 697//1006
f 800//1006 793//1006 676//1006
f 789//1006 801//1006 674//1006
f 670//1006 803//1006 794//1006
f 669//1006 804//1006 803//1006
f 665//1006 664//1006 805//1006
f 802//1006 795//1006 649//1006
f 648//1006 647//1006 806//1006
f 797//1006 645//1006 698//1006
f 696//1006 807//1006 799//1006
f 692//1006 691//1006 808//1006
f 801//1006 800//1006 675//1006
f 803//1006 670//1006 669//1006
f 668//1006 809//1006 804//1006
f 667//1006 810//1006 809//1006
f 666//1006 811//1006 810//1006
f 811//1006 666//1006 665//1006
f 656//1006 812//1006 813//1006
f 655//1006 814//1006 812//1006
f 806//1006 802//1006 648//1006
f 799//1006 697//1006 696//1006
f 695//1006 815//1006 807//1006
f 694//1006 816//1006 815//1006
f 693//1006 817//1006 816//1006
f 817//1006 693//1006 692//1006
f 691//1006 690//1006 818//1006
f 690//1006 689//1006 819//1006
f 681//1006 820//1006 821//1006
f 680//1006 822//1006 820//1006
f 679//1006 823//1006 822//1006
f 794//1006 671//1006 670//1006
f 809//1006 668//1006 667//1006
f 805//1006 811//1006 665//1006
f 664//1006 663//1006 824//1006
f 663//1006 662//1006 825//1006
f 662//1006 661//1006 826//1006
f 660//1006 659//1006 827//1006
f 659//1006 658//1006 828//1006
f 657//1006 813//1006 828//1006
f 812//1006 656//1006 655//1006
f 796//1006 806//1006 647//1006
f 815//1006 695//1006 694//1006
f 808//1006 817//1006 692//1006
f 819//1006 818//1006 690//1006
f 820//1006 681//1006 680//1006
f 822//1006 680//1006 679//1006
f 804//1006 669//1006 668//1006
f 824//1006 805//1006 664//1006
f 826//1006 825//1006 662//1006
f 661//1006 660//1006 829//1006
f 828//1006 827//1006 659//1006
f 813//1006 657//1006 656//1006
f 654//1006 830//1006 814//1006
f 653//1006 788//1006 830//1006
f 807//1006 696//1006 695//1006
f 818//1006 808//1006 691//1006
f 689//1006 688//1006 831//1006
f 688//1006 687//1006 832//1006
f 687//1006 686//1006 833//1006
f 686//1006 685//1006 834//1006
f 679//1006 678//1006 823//1006
f 810//1006 667//1006 666//1006
f 829//1006 826//1006 661//1006
f 828//1006 658//1006 657//1006
f 830//1006 654//1006 653//1006
f 816//1006 694//1006 693//1006
f 832//1006 831//1006 688//1006
f 834//1006 833//1006 686//1006
f 683//1006 835//1006 836//1006
f 682//1006 821//1006 835//1006
f 792//1006 823//1006 678//1006
f 827//1006 829//1006 660//1006
f 652//1006 651//1006 787//1006
f 833//1006 832//1006 687//1006
f 684//1006 836//1006 834//1006
f 835//1006 683//1006 682//1006
f 825//1006 824//1006 663//1006
f 831//1006 819//1006 689//1006
f 836//1006 684//1006 683//1006
f 814//1006 655//1006 654//1006
f 821//1006 682//1006 681//1006
f 834//1006 685//1006 684//1006
f 837//1007 838//1007 797//1007
f 839//1008 837//1008 798//1008
f 840//1009 839//1009 799//1009
f 841//1010 840//1010 807//1010
f 842//1011 841//1011 815//1011
f 843//1012 842//1012 816//1012
f 844//1013 843//1013 817//1013
f 845//1014 844//1014 808//1014
f 846//1015 845//1015 818//1015
f 847//1016 846//1016 819//1016
f 848//1017 847//1017 831//1017
f 849//1018 848//1018 832//1018
f 850//920 849//920 833//920
f 851//1019 850//1019 834//1019
f 852//1020 851//1020 836//1020
f 853//1021 852//1021 835//1021
f 854//1022 853//1022 821//1022
f 855//1023 854//1023 820//1023
f 856//1024 855//1024 822//1024
f 857//1025 856//1025 823//1025
f 858//1026 857//1026 792//1026
f 859//1027 858//1027 793//1027
f 860//1028 859//1028 800//1028
f 861//1029 860//1029 801//1029
f 862//1030 861//1030 789//1030
f 789//1030 790//1030 862//1030
f 801//1029 789//1029 861//1029
f 800//1028 801//1028 860//1028
f 793//1027 800//1027 859//1027
f 792//1026 793//1026 858//1026
f 823//1025 792//1025 857//1025
f 822//1024 823//1024 856//1024
f 820//1023 822//1023 855//1023
f 821//1022 820//1022 854//1022
f 835//1021 821//1021 853//1021
f 836//1020 835//1020 852//1020
f 834//1019 836//1019 851//1019
f 833//920 834//920 850//920
f 832//1018 833//1018 849//1018
f 831//1017 832//1017 848//1017
f 819//1016 831//1016 847//1016
f 818//1015 819//1015 846//1015
f 808//1014 818//1014 845//1014
f 817//1013 808//1013 844//1013
f 816//1012 817//1012 843//1012
f 815//1011 816//1011 842//1011
f 807//1010 815//1010 841//1010
f 799//1009 807//1009 840//1009
f 798//1008 799//1008 839//1008
f 797//1007 798//1007 837//1007
f 863//1031 862//1031 790//1031
f 864//1032 863//1032 794//1032
f 865//1033 864//1033 803//1033
f 866//1034 865//1034 804//1034
f 867//1035 866//1035 809//1035
f 868//1036 867//1036 810//1036
f 869//1037 868//1037 811//1037
f 870//1038 869//1038 805//1038
f 871//1039 870//1039 824//1039
f 872//1040 871//1040 825//1040
f 873//1041 872//1041 826//1041
f 874//1042 873//1042 829//1042
f 875//947 874//947 827//947
f 876//1043 875//1043 828//1043
f 877//1044 876//1044 813//1044
f 878//1045 877//1045 812//1045
f 879//1046 878//1046 814//1046
f 880//1047 879//1047 830//1047
f 881//1048 880//1048 788//1048
f 882//1049 881//1049 787//1049
f 883//1050 882//1050 791//1050
f 884//1051 883//1051 795//1051
f 885//1052 884//1052 802//1052
f 886//1053 885//1053 806//1053
f 838//1054 886//1054 796//1054
f 796//1054 797//1054 838//1054
f 806//1053 796//1053 886//1053
f 802//1052 806//1052 885//1052
f 795//1051 802//1051 884//1051
f 791//1050 795//1050 883//1050
f 787//1049 791//1049 882//1049
f 788//1048 787//1048 881//1048
f 830//1047 788//1047 880//1047
f 814//1046 830//1046 879//1046
f 812//1045 814//1045 878//1045
f 813//1044 812//1044 877//1044
f 828//1043 813//1043 876//1043
f 827//947 828//947 875//947
f 829//1042 827//1042 874//1042
f 826//1041 829//1041 873//1041
f 825//1040 826//1040 872//1040
f 824//1039 825//1039 871//1039
f 805//1038 824//1038 870//1038
f 811//1037 805//1037 869//1037
f 810//1036 811//1036 868//1036
f 809//1035 810//1035 867//1035
f 804//1034 809//1034 866//1034
f 803//1033 804//1033 865//1033
f 794//1032 803//1032 864//1032
f 790//1031 794//1031 863//1031
f 858//1006 859//1006 887//1006
f 888//1006 887//1006 859//1006
f 857//1006 858//1006 889//1006
f 859//1006 860//1006 888//1006
f 856//1006 857//1006 890//1006
f 887//1006 889//1006 858//1006
f 874//1006 891//1006 892//1006
f 889//1006 890//1006 857//1006
f 893//1006 888//1006 860//1006
f 867//1006 894//1006 895//1006
f 868//1006 896//1006 894//1006
f 869//1006 897//1006 896//1006
f 870//1006 898//1006 897//1006
f 873//1006 892//1006 899//1006
f 892//1006 873//1006 874//1006
f 875//1006 876//1006 900//1006
f 876//1006 877//1006 901//1006
f 881//1006 882//1006 902//1006
f 882//1006 883//1006 903//1006
f 904//1006 838//1006 837//1006
f 905//1006 837//1006 839//1006
f 841//1006 906//1006 907//1006
f 842//1006 908//1006 906//1006
f 860//1006 861//1006 893//1006
f 909//1006 893//1006 861//1006
f 909//1006 862//1006 863//1006
f 910//1006 863//1006 864//1006
f 894//1006 867//1006 868//1006
f 897//1006 869//1006 870//1006
f 871//1006 911//1006 898//1006
f 872//1006 899//1006 911//1006
f 874//1006 875//1006 891//1006
f 901//1006 900//1006 876//1006
f 877//1006 878//1006 912//1006
f 878//1006 879//1006 913//1006
f 879//1006 880//1006 914//1006
f 880//1006 881//1006 915//1006
f 903//1006 902//1006 882//1006
f 883//1006 884//1006 916//1006
f 917//1006 918//1006 885//1006
f 904//1006 917//1006 886//1006
f 839//1006 919//1006 905//1006
f 919//1006 839//1006 840//1006
f 906//1006 841//1006 842//1006
f 843//1006 920//1006 908//1006
f 850//1006 851//1006 921//1006
f 851//1006 852//1006 922//1006
f 854//1006 855//1006 923//1006
f 855//1006 856//1006 924//1006
f 861//1006 862//1006 909//1006
f 864//1006 925//1006 910//1006
f 925//1006 864//1006 865//1006
f 866//1006 895//1006 926//1006
f 896//1006 868//1006 869//1006
f 911//1006 871//1006 872//1006
f 900//1006 891//1006 875//1006
f 913//1006 912//1006 878//1006
f 915//1006 914//1006 880//1006
f 916//1006 903//1006 883//1006
f 918//1006 916//1006 884//1006
f 886//1006 838//1006 904//1006
f 840//1006 907//1006 919//1006
f 908//1006 842//1006 843//1006
f 844//1006 927//1006 920//1006
f 845//1006 928//1006 927//1006
f 846//1006 929//1006 928//1006
f 847//1006 930//1006 929//1006
f 922//1006 921//1006 851//1006
f 852//1006 853//1006 931//1006
f 853//1006 854//1006 932//1006
f 924//1006 923//1006 855//1006
f 863//1006 910//1006 909//1006
f 926//1006 865//1006 866//1006
f 898//1006 870//1006 871//1006
f 912//1006 901//1006 877//1006
f 902//1006 915//1006 881//1006
f 885//1006 886//1006 917//1006
f 907//1006 840//1006 841//1006
f 927//1006 844//1006 845//1006
f 929//1006 846//1006 847//1006
f 848//1006 933//1006 930//1006
f 849//1006 934//1006 933//1006
f 931//1006 922//1006 852//1006
f 923//1006 932//1006 854//1006
f 865//1006 926//1006 925//1006
f 899//1006 872//1006 873//1006
f 884//1006 885//1006 918//1006
f 920//1006 843//1006 844//1006
f 930//1006 847//1006 848//1006
f 933//1006 848//1006 849//1006
f 932//1006 931//1006 853//1006
f 895//1006 866//1006 867//1006
f 837//1006 905//1006 904//1006
f 849//1006 850//1006 934//1006
f 890//1006 924//1006 856//1006
f 928//1006 845//1006 846//1006
f 914//1006 913//1006 879//1006
f 921//1006 934//1006 850//1006
f 935//1055 936//1055 904//1055
f 937//1056 935//1056 905//1056
f 938//1057 937//1057 919//1057
f 939//1058 938//1058 907//1058
f 940//1059 939//1059 906//1059
f 941//1060 940//1060 908//1060
f 942//1061 941//1061 920//1061
f 943//1062 942//1062 927//1062
f 944//1063 943//1063 928//1063
f 945//1064 944//1064 929//1064
f 946//1065 945//1065 930//1065
f 947//1066 946//1066 933//1066
f 948//1067 947//1067 934//1067
f 949//1068 948//1068 921//1068
f 950//1069 949//1069 922//1069
f 951//1070 950//1070 931//1070
f 952//1071 951//1071 932//1071
f 953//1072 952//1072 923//1072
f 954//1073 953//1073 924//1073
f 955//1074 954//1074 890//1074
f 956//1075 955//1075 889//1075
f 957//1076 956//1076 887//1076
f 958//1077 957//1077 888//1077
f 959//1078 958//1078 893//1078
f 893//1078 909//1078 959//1078
f 888//1077 893//1077 958//1077
f 887//1076 888//1076 957//1076
f 889//1075 887//1075 956//1075
f 890//1074 889//1074 955//1074
f 924//1073 890//1073 954//1073
f 923//1072 924//1072 953//1072
f 932//1071 923//1071 952//1071
f 931//1070 932//1070 951//1070
f 922//1069 931//1069 950//1069
f 921//1068 922//1068 949//1068
f 934//1067 921//1067 948//1067
f 933//1066 934//1066 947//1066
f 930//1065 933//1065 946//1065
f 929//1064 930//1064 945//1064
f 928//1063 929//1063 944//1063
f 927//1062 928//1062 943//1062
f 920//1061 927//1061 942//1061
f 908//1060 920//1060 941//1060
f 906//1059 908//1059 940//1059
f 907//1058 906//1058 939//1058
f 919//1057 907//1057 938//1057
f 905//1056 919//1056 937//1056
f 904//1055 905//1055 935//1055
f 960//1079 959//1079 909//1079
f 961//1080 960//1080 910//1080
f 962//1081 961//1081 925//1081
f 963//1082 962//1082 926//1082
f 964//1083 963//1083 895//1083
f 965//1084 964//1084 894//1084
f 966//1085 965//1085 896//1085
f 967//1086 966//1086 897//1086
f 968//1087 967//1087 898//1087
f 969//1088 968//1088 911//1088
f 970//1089 969//1089 899//1089
f 971//1090 970//1090 892//1090
f 972//1091 971//1091 891//1091
f 973//1092 972//1092 900//1092
f 974//1093 973//1093 901//1093
f 975//1094 974//1094 912//1094
f 976//1095 975//1095 913//1095
f 977//1096 976//1096 914//1096
f 978//1097 977//1097 915//1097
f 979//1098 978//1098 902//1098
f 980//1099 979//1099 903//1099
f 981//1100 980//1100 916//1100
f 982//1101 981//1101 918//1101
f 936//1102 982//1102 917//1102
f 917//1102 904//1102 936//1102
f 918//1101 917//1101 982//1101
f 916//1100 918//1100 981//1100
f 903//1099 916//1099 980//1099
f 902//1098 903//1098 979//1098
f 915//1097 902//1097 978//1097
f 914//1096 915//1096 977//1096
f 913//1095 914//1095 976//1095
f 912//1094 913//1094 975//1094
f 901//1093 912//1093 974//1093
f 900//1092 901//1092 973//1092
f 891//1091 900//1091 972//1091
f 892//1090 891//1090 971//1090
f 899//1089 892//1089 970//1089
f 911//1088 899//1088 969//1088
f 898//1087 911//1087 968//1087
f 897//1086 898//1086 967//1086
f 896//1085 897//1085 966//1085
f 894//1084 896//1084 965//1084
f 895//1083 894//1083 964//1083
f 926//1082 895//1082 963//1082
f 925//1081 926//1081 962//1081
f 910//1080 925//1080 961//1080
f 909//1079 910//1079 960//1079
f 957//1006 983//1006 984//1006
f 961//1006 962//1006 985//1006
f 984//1006 956//1006 957//1006
f 958//1006 959//1006 986//1006
f 987//1006 960//1006 961//1006
f 963//1006 988//1006 985//1006
f 964//1006 989//1006 988//1006
f 986//1006 983//1006 958//1006
f 960//1006 987//1006 986//1006
f 985//1006 962//1006 963//1006
f 988//1006 963//1006 964//1006
f 954//1006 955//1006 990//1006
f 986//1006 959//1006 960//1006
f 964//1006 965//1006 989//1006
f 940//1006 991//1006 992//1006
f 950//1006 993//1006 994//1006
f 951//1006 952//1006 995//1006
f 953//1006 996//1006 995//1006
f 996//1006 953//1006 954//1006
f 955//1006 956//1006 984//1006
f 985//1006 987//1006 961//1006
f 965//1006 966//1006 997//1006
f 968//1006 969//1006 998//1006
f 971//1006 972//1006 999//1006
f 978//1006 979//1006 1000//1006
f 992//1006 939//1006 940//1006
f 941//1006 942//1006 1001//1006
f 944//1006 945//1006 1002//1006
f 948//1006 949//1006 994//1006
f 994//1006 949//1006 950//1006
f 995//1006 952//1006 953//1006
f 984//1006 990//1006 955//1006
f 997//1006 989//1006 965//1006
f 967//1006 1003//1006 997//1006
f 1003//1006 967//1006 968//1006
f 970//1006 1004//1006 998//1006
f 1004//1006 970//1006 971//1006
f 972//1006 973//1006 1005//1006
f 974//1006 1006//1006 1005//1006
f 975//1006 976//1006 1007//1006
f 977//1006 1008//1006 1007//1006
f 1008//1006 977//1006 978//1006
f 979//1006 980//1006 1009//1006
f 981//1006 1010//1006 1009//1006
f 937//1006 938//1006 1011//1006
f 939//1006 992//1006 1011//1006
f 1001//1006 991//1006 941//1006
f 1012//1006 943//1006 944//1006
f 946//1006 1013//1006 1002//1006
f 947//1006 948//1006 1014//1006
f 950//1006 951//1006 993//1006
f 990//1006 996//1006 954//1006
f 997//1006 966//1006 967//1006
f 998//1006 969//1006 970//1006
f 1005//1006 999//1006 972//1006
f 1005//1006 973//1006 974//1006
f 1007//1006 976//1006 977//1006
f 1009//1006 1000//1006 979//1006
f 1009//1006 980//1006 981//1006
f 982//1006 936//1006 1015//1006
f 935//1006 1016//1006 1015//1006
f 1016//1006 935//1006 937//1006
f 940//1006 941//1006 991//1006
f 943//1006 1012//1006 1001//1006
f 1002//1006 945//1006 946//1006
f 1013//1006 946//1006 947//1006
f 995//1006 993//1006 951//1006
f 998//1006 1003//1006 968//1006
f 974//1006 975//1006 1006//1006
f 1000//1006 1008//1006 978//1006
f 1015//1006 1010//1006 982//1006
f 1011//1006 1016//1006 937//1006
f 1001//1006 942//1006 943//1006
f 1014//1006 1013//1006 947//1006
f 957//1006 958//1006 983//1006
f 1007//1006 1006//1006 975//1006
f 1015//1006 936//1006 935//1006
f 1002//1006 1012//1006 944//1006
f 999//1006 1004//1006 971//1006
f 1011//1006 938//1006 939//1006
f 981//1006 982//1006 1010//1006
f 994//1006 1014//1006 948//1006
f 986//1103 1017//1103 1018//1103
f 983//1104 1018//1104 1019//1104
f 984//1105 1019//1105 1020//1105
f 990//1106 1020//1106 1021//1106
f 996//1107 1021//1107 1022//1107
f 995//1108 1022//1108 1023//1108
f 993//1109 1023//1109 1024//1109
f 994//1110 1024//1110 1025//1110
f 1014//947 1025//947 1026//947
f 1013//1111 1026//1111 1027//1111
f 1002//1112 1027//1112 1028//1112
f 1012//1113 1028//1113 1029//1113
f 1001//1114 1029//1114 1030//1114
f 991//1115 1030//1115 1031//1115
f 992//1116 1031//1116 1032//1116
f 1011//1117 1032//1117 1033//1117
f 1016//1118 1033//1118 1034//1118
f 1034//1118 1015//1118 1016//1118
f 1033//1117 1016//1117 1011//1117
f 1032//1116 1011//1116 992//1116
f 1031//1115 992//1115 991//1115
f 1030//1114 991//1114 1001//1114
f 1029//1113 1001//1113 1012//1113
f 1028//1112 1012//1112 1002//1112
f 1027//1111 1002//1111 1013//1111
f 1026//947 1013//947 1014//947
f 1025//1110 1014//1110 994//1110
f 1024//1109 994//1109 993//1109
f 1023//1108 993//1108 995//1108
f 1022//1107 995//1107 996//1107
f 1021//1106 996//1106 990//1106
f 1020//1105 990//1105 984//1105
f 1019//1104 984//1104 983//1104
f 1018//1103 983//1103 986//1103
f 1015//1119 1034//1119 1035//1119
f 1010//1120 1035//1120 1036//1120
f 1009//1121 1036//1121 1037//1121
f 1000//1122 1037//1122 1038//1122
f 1008//1123 1038//1123 1039//1123
f 1007//1124 1039//1124 1040//1124
f 1006//1125 1040//1125 1041//1125
f 1005//1126 1041//1126 1042//1126
f 999//920 1042//920 1043//920
f 1004//1127 1043//1127 1044//1127
f 998//1128 1044//1128 1045//1128
f 1003//1129 1045//1129 1046//1129
f 997//1130 1046//1130 1047//1130
f 989//1131 1047//1131 1048//1131
f 988//1132 1048//1132 1049//1132
f 985//1133 1049//1133 1050//1133
f 987//1134 1050//1134 1017//1134
f 1017//1134 986//1134 987//1134
f 1050//1133 987//1133 985//1133
f 1049//1132 985//1132 988//1132
f 1048//1131 988//1131 989//1131
f 1047//1130 989//1130 997//1130
f 1046//1129 997//1129 1003//1129
f 1045//1128 1003//1128 998//1128
f 1044//1127 998//1127 1004//1127
f 1043//920 1004//920 999//920
f 1042//1126 999//1126 1005//1126
f 1041//1125 1005//1125 1006//1125
f 1040//1124 1006//1124 1007//1124
f 1039//1123 1007//1123 1008//1123
f 1038//1122 1008//1122 1000//1122
f 1037//1121 1000//1121 1009//1121
f 1036//1120 1009//1120 1010//1120
f 1035//1119 1010//1119 1015//1119
f 1038//1006 1037//1006 1051//1006
f 1032//1006 1052//1006 1053//1006
f 1031//1006 1054//1006 1052//1006
f 1030//1006 1055//1006 1054//1006
f 1047//1006 1056//1006 1057//1006
f 1058//1006 1039//1006 1038//1006
f 1037//1006 1036//1006 1059//1006
f 1052//1006 1032//1006 1031//1006
f 1054//1006 1031//1006 1030//1006
f 1023//1006 1060//1006 1061//1006
f 1022//1006 1062//1006 1060//1006
f 1021//1006 1020//1006 1063//1006
f 1019//1006 1018//1006 1064//1006
f 1018//1006 1017//1006 1065//1006
f 1057//1006 1048//1006 1047//1006
f 1046//1006 1045//1006 1066//1006
f 1059//1006 1051//1006 1037//1006
f 1036//1006 1035//1006 1067//1006
f 1030//1006 1029//1006 1055//1006
f 1029//1006 1028//1006 1068//1006
f 1024//1006 1061//1006 1069//1006
f 1060//1006 1023//1006 1022//1006
f 1062//1006 1022//1006 1021//1006
f 1020//1006 1019//1006 1070//1006
f 1065//1006 1064//1006 1018//1006
f 1050//1006 1071//1006 1065//1006
f 1049//1006 1072//1006 1071//1006
f 1048//1006 1057//1006 1072//1006
f 1066//1006 1056//1006 1046//1006
f 1045//1006 1044//1006 1073//1006
f 1067//1006 1059//1006 1036//1006
f 1035//1006 1034//1006 1074//1006
f 1068//1006 1055//1006 1029//1006
f 1028//1006 1027//1006 1075//1006
f 1061//1006 1024//1006 1023//1006
f 1070//1006 1063//1006 1020//1006
f 1065//1006 1017//1006 1050//1006
f 1072//1006 1049//1006 1048//1006
f 1073//1006 1066//1006 1045//1006
f 1044//1006 1043//1006 1076//1006
f 1042//1006 1077//1006 1076//1006
f 1041//1006 1078//1006 1077//1006
f 1040//1006 1079//1006 1078//1006
f 1039//1006 1058//1006 1079//1006
f 1074//1006 1067//1006 1035//1006
f 1033//1006 1053//1006 1074//1006
f 1075//1006 1068//1006 1028//1006
f 1027//1006 1026//1006 1080//1006
f 1063//1006 1062//1006 1021//1006
f 1071//1006 1050//1006 1049//1006
f 1076//1006 1073//1006 1044//1006
f 1077//1006 1042//1006 1041//1006
f 1079//1006 1040//1006 1039//1006
f 1074//1006 1034//1006 1033//1006
f 1080//1006 1075//1006 1027//1006
f 1025//1006 1069//1006 1080//1006
f 1064//1006 1070//1006 1019//1006
f 1076//1006 1043//1006 1042//1006
f 1051//1006 1058//1006 1038//1006
f 1080//1006 1026//1006 1025//1006
f 1047//1006 1046//1006 1056//1006
f 1053//1006 1033//1006 1032//1006
f 1078//1006 1041//1006 1040//1006
f 1069//1006 1025//1006 1024//1006
f 1081//1135 1082//1135 1074//1135
f 1083//1009 1081//1009 1053//1009
f 1084//929 1083//929 1052//929
f 1085//1136 1084//1136 1054//1136
f 1086//1014 1085//1014 1055//1014
f 1087//1137 1086//1137 1068//1137
f 1088//1138 1087//1138 1075//1138
f 1089//920 1088//920 1080//920
f 1090//1139 1089//1139 1069//1139
f 1091//1140 1090//1140 1061//1140
f 1092//1023 1091//1023 1060//1023
f 1093//1141 1092//1141 1062//1141
f 1094//911 1093//911 1063//911
f 1095//1028 1094//1028 1070//1028
f 1096//1142 1095//1142 1064//1142
f 1064//1142 1065//1142 1096//1142
f 1070//1028 1064//1028 1095//1028
f 1063//911 1070//911 1094//911
f 1062//1141 1063//1141 1093//1141
f 1060//1023 1062//1023 1092//1023
f 1061//1140 1060//1140 1091//1140
f 1069//1139 1061//1139 1090//1139
f 1080//920 1069//920 1089//920
f 1075//1138 1080//1138 1088//1138
f 1068//1137 1075//1137 1087//1137
f 1055//1014 1068//1014 1086//1014
f 1054//1136 1055//1136 1085//1136
f 1052//929 1054//929 1084//929
f 1053//1009 1052//1009 1083//1009
f 1074//1135 1053//1135 1081//1135
f 1097//1143 1096//1143 1065//1143
f 1098//1033 1097//1033 1071//1033
f 1099//956 1098//956 1072//956
f 1100//1144 1099//1144 1057//1144
f 1101//1038 1100//1038 1056//1038
f 1102//1145 1101//1145 1066//1145
f 1103//1146 1102//1146 1073//1146
f 1104//947 1103//947 1076//947
f 1105//1147 1104//1147 1077//1147
f 1106//1148 1105//1148 1078//1148
f 1107//1047 1106//1047 1079//1047
f 1108//1149 1107//1149 1058//1149
f 1109//938 1108//938 1051//938
f 1110//1052 1109//1052 1059//1052
f 1082//1150 1110//1150 1067//1150
f 1067//1150 1074//1150 1082//1150
f 1059//1052 1067//1052 1110//1052
f 1051//938 1059//938 1109//938
f 1058//1149 1051//1149 1108//1149
f 1079//1047 1058//1047 1107//1047
f 1078//1148 1079//1148 1106//1148
f 1077//1147 1078//1147 1105//1147
f 1076//947 1077//947 1104//947
f 1073//1146 1076//1146 1103//1146
f 1066//1145 1073//1145 1102//1145
f 1056//1038 1066//1038 1101//1038
f 1057//1144 1056//1144 1100//1144
f 1072//956 1057//956 1099//956
f 1071//1033 1072//1033 1098//1033
f 1065//1143 1071//1143 1097//1143
f 1111//961 1089//961 1090//961
f 1112//961 1088//961 1089//961
f 1089//961 1111//961 1112//961
f 1112//961 1113//961 1087//961
f 1114//961 1115//961 1095//961
f 1115//961 1116//961 1094//961
f 1087//961 1088//961 1112//961
f 1113//961 1117//961 1086//961
f 1118//961 1119//961 1102//961
f 1120//961 1101//961 1102//961
f 1121//961 1100//961 1101//961
f 1121//961 1122//961 1099//961
f 1123//961 1098//961 1099//961
f 1123//961 1124//961 1097//961
f 1114//961 1096//961 1097//961
f 1094//961 1095//961 1115//961
f 1086//961 1087//961 1113//961
f 1117//961 1125//961 1085//961
f 1126//961 1082//961 1081//961
f 1127//961 1110//961 1082//961
f 1102//961 1119//961 1120//961
f 1099//961 1100//961 1121//961
f 1097//961 1098//961 1123//961
f 1095//961 1096//961 1114//961
f 1085//961 1086//961 1117//961
f 1128//961 1084//961 1085//961
f 1129//961 1083//961 1084//961
f 1129//961 1130//961 1081//961
f 1082//961 1126//961 1127//961
f 1127//961 1131//961 1109//961
f 1131//961 1132//961 1108//961
f 1132//961 1133//961 1107//961
f 1101//961 1120//961 1121//961
f 1097//961 1124//961 1114//961
f 1134//961 1093//961 1094//961
f 1134//961 1135//961 1092//961
f 1135//961 1136//961 1091//961
f 1136//961 1137//961 1090//961
f 1085//961 1125//961 1128//961
f 1081//961 1083//961 1129//961
f 1109//961 1110//961 1127//961
f 1107//961 1108//961 1132//961
f 1133//961 1138//961 1106//961
f 1138//961 1139//961 1105//961
f 1099//961 1122//961 1123//961
f 1092//961 1093//961 1134//961
f 1090//961 1091//961 1136//961
f 1084//961 1128//961 1129//961
f 1108//961 1109//961 1131//961
f 1105//961 1106//961 1138//961
f 1140//961 1104//961 1105//961
f 1140//961 1118//961 1103//961
f 1094//961 1116//961 1134//961
f 1090//961 1137//961 1111//961
f 1106//961 1107//961 1133//961
f 1103//961 1104//961 1140//961
f 1091//961 1092//961 1135//961
f 1105//961 1139//961 1140//961
f 1081//961 1130//961 1126//961
f 1102//961 1103//961 1118//961
f 1141//1135 1142//1135 1126//1135
f 1143//1009 1141//1009 1130//1009
f 1144//929 1143//929 1129//929
f 1145//1136 1144//1136 1128//1136
f 1146//1014 1145//1014 1125//1014
f 1147//1137 1146//1137 1117//1137
f 1148//1138 1147//1138 1113//1138
f 1149//920 1148//920 1112//920
f 1150//1139 1149//1139 1111//1139
f 1151//1140 1150//1140 1137//1140
f 1152//1023 1151//1023 1136//1023
f 1153//1141 1152//1141 1135//1141
f 1154//911 1153//911 1134//911
f 1155//1028 1154//1028 1116//1028
f 1156//1142 1155//1142 1115//1142
f 1115//1142 1114//1142 1156//1142
f 1116//1028 1115//1028 1155//1028
f 1134//911 1116//911 1154//911
f 1135//1141 1134//1141 1153//1141
f 1136//1023 1135//1023 1152//1023
f 1137//1140 1136//1140 1151//1140
f 1111//1139 1137//1139 1150//1139
f 1112//920 1111//920 1149//920
f 1113//1138 1112//1138 1148//1138
f 1117//1137 1113//1137 1147//1137
f 1125//1014 1117//1014 1146//1014
f 1128//1136 1125//1136 1145//1136
f 1129//929 1128//929 1144//929
f 1130//1009 1129//1009 1143//1009
f 1126//1135 1130//1135 1141//1135
f 1157//1143 1156//1143 1114//1143
f 1158//1033 1157//1033 1124//1033
f 1159//956 1158//956 1123//956
f 1160//1144 1159//1144 1122//1144
f 1161//1038 1160//1038 1121//1038
f 1162//1145 1161//1145 1120//1145
f 1163//1146 1162//1146 1119//1146
f 1164//947 1163//947 1118//947
f 1165//1147 1164//1147 1140//1147
f 1166//1148 1165//1148 1139//1148
f 1167//1047 1166//1047 1138//1047
f 1168//1149 1167//1149 1133//1149
f 1169//938 1168//938 1132//938
f 1170//1052 1169//1052 1131//1052
f 1142//1150 1170//1150 1127//1150
f 1127//1150 1126//1150 1142//1150
f 1131//1052 1127//1052 1170//1052
f 1132//938 1131//938 1169//938
f 1133//1149 1132//1149 1168//1149
f 1138//1047 1133//1047 1167//1047
f 1139//1148 1138//1148 1166//1148
f 1140//1147 1139//1147 1165//1147
f 1118//947 1140//947 1164//947
f 1119//1146 1118//1146 1163//1146
f 1120//1145 1119//1145 1162//1145
f 1121//1038 1120//1038 1161//1038
f 1122//1144 1121//1144 1160//1144
f 1123//956 1122//956 1159//956
f 1124//1033 1123//1033 1158//1033
f 1114//1143 1124//1143 1157//1143
f 1171//961 1172//961 1162//961
f 1172//961 1173//961 1161//961
f 1174//961 1175//961 1153//961
f 1161//961 1162//961 1172//961
f 1176//961 1160//961 1161//961
f 1177//961 1178//961 1158//961
f 1154//961 1179//961 1174//961
f 1175//961 1180//961 1152//961
f 1161//961 1173//961 1176//961
f 1181//961 1159//961 1160//961
f 1159//961 1181//961 1177//961
f 1178//961 1182//961 1157//961
f 1183//961 1155//961 1156//961
f 1179//961 1154//961 1155//961
f 1152//961 1153//961 1175//961
f 1180//961 1184//961 1151//961
f 1185//961 1150//961 1151//961
f 1186//961 1149//961 1150//961
f 1187//961 1188//961 1142//961
f 1189//961 1170//961 1142//961
f 1160//961 1176//961 1181//961
f 1157//961 1158//961 1178//961
f 1182//961 1190//961 1156//961
f 1155//961 1183//961 1179//961
f 1151//961 1152//961 1180//961
f 1150//961 1185//961 1186//961
f 1191//961 1148//961 1149//961
f 1192//961 1193//961 1146//961
f 1194//961 1145//961 1146//961
f 1142//961 1188//961 1189//961
f 1195//961 1169//961 1170//961
f 1196//961 1168//961 1169//961
f 1158//961 1159//961 1177//961
f 1156//961 1190//961 1183//961
f 1151//961 1184//961 1185//961
f 1149//961 1186//961 1191//961
f 1197//961 1192//961 1147//961
f 1146//961 1193//961 1194//961
f 1170//961 1189//961 1195//961
f 1169//961 1195//961 1196//961
f 1198//961 1163//961 1164//961
f 1156//961 1157//961 1182//961
f 1191//961 1197//961 1148//961
f 1146//961 1147//961 1192//961
f 1199//961 1144//961 1145//961
f 1200//961 1143//961 1144//961
f 1196//961 1201//961 1168//961
f 1201//961 1202//961 1167//961
f 1203//961 1164//961 1165//961
f 1164//961 1203//961 1198//961
f 1153//961 1154//961 1174//961
f 1145//961 1194//961 1199//961
f 1144//961 1199//961 1200//961
f 1204//961 1187//961 1141//961
f 1167//961 1168//961 1201//961
f 1202//961 1205//961 1166//961
f 1206//961 1165//961 1166//961
f 1198//961 1171//961 1163//961
f 1147//961 1148//961 1197//961
f 1141//961 1143//961 1204//961
f 1166//961 1167//961 1202//961
f 1165//961 1206//961 1203//961
f 1200//961 1204//961 1143//961
f 1166//961 1205//961 1206//961
f 1142//961 1141//961 1187//961
f 1162//961 1163//961 1171//961
f 1207//1151 1208//1151 1188//1151
f 1209//1152 1207//1152 1187//1152
f 1210//1153 1209//1153 1204//1153
f 1211//1154 1210//1154 1200//1154
f 1212//1000 1211//1000 1199//1000
f 1213//1155 1212//1155 1194//1155
f 1214//1156 1213//1156 1193//1156
f 1215//1157 1214//1157 1192//1157
f 1216//1158 1215//1158 1197//1158
f 1217//1159 1216//1159 1191//1159
f 1218//1160 1217//1160 1186//1160
f 1219//1161 1218//1161 1185//1161
f 1220//1162 1219//1162 1184//1162
f 1221//989 1220//989 1180//989
f 1222//1163 1221//1163 1175//1163
f 1223//1164 1222//1164 1174//1164
f 1224//1165 1223//1165 1179//1165
f 1225//1166 1224//1166 1183//1166
f 1183//1166 1190//1166 1225//1166
f 1179//1165 1183//1165 1224//1165
f 1174//1164 1179//1164 1223//1164
f 1175//1163 1174//1163 1222//1163
f 1180//989 1175//989 1221//989
f 1184//1162 1180//1162 1220//1162
f 1185//1161 1184//1161 1219//1161
f 1186//1160 1185//1160 1218//1160
f 1191//1159 1186//1159 1217//1159
f 1197//1158 1191//1158 1216//1158
f 1192//1157 1197//1157 1215//1157
f 1193//1156 1192//1156 1214//1156
f 1194//1155 1193//1155 1213//1155
f 1199//1000 1194//1000 1212//1000
f 1200//1154 1199//1154 1211//1154
f 1204//1153 1200//1153 1210//1153
f 1187//1152 1204//1152 1209//1152
f 1188//1151 1187//1151 1207//1151
f 1226//1167 1225//1167 1190//1167
f 1227//1168 1226//1168 1182//1168
f 1228//1169 1227//1169 1178//1169
f 1229//1170 1228//1170 1177//1170
f 1230//978 1229//978 1181//978
f 1231//1171 1230//1171 1176//1171
f 1232//1172 1231//1172 1173//1172
f 1233//1173 1232//1173 1172//1173
f 1234//1174 1233//1174 1171//1174
f 1235//1175 1234//1175 1198//1175
f 1236//1176 1235//1176 1203//1176
f 1237//1177 1236//1177 1206//1177
f 1238//1178 1237//1178 1205//1178
f 1239//967 1238//967 1202//967
f 1240//1179 1239//1179 1201//1179
f 1241//1180 1240//1180 1196//1180
f 1242//1181 1241//1181 1195//1181
f 1208//1182 1242//1182 1189//1182
f 1189//1182 1188//1182 1208//1182
f 1195//1181 1189//1181 1242//1181
f 1196//1180 1195//1180 1241//1180
f 1201//1179 1196//1179 1240//1179
f 1202//967 1201//967 1239//967
f 1205//1178 1202//1178 1238//1178
f 1206//1177 1205//1177 1237//1177
f 1203//1176 1206//1176 1236//1176
f 1198//1175 1203//1175 1235//1175
f 1171//1174 1198//1174 1234//1174
f 1172//1173 1171//1173 1233//1173
f 1173//1172 1172//1172 1232//1172
f 1176//1171 1173//1171 1231//1171
f 1181//978 1176//978 1230//978
f 1177//1170 1181//1170 1229//1170
f 1178//1169 1177//1169 1228//1169
f 1182//1168 1178//1168 1227//1168
f 1190//1167 1182//1167 1226//1167
f 1243//961 1232//961 1233//961
f 1244//961 1231//961 1232//961
f 1245//961 1222//961 1223//961
f 1246//961 1221//961 1222//961
f 1247//961 1220//961 1221//961
f 1232//961 1243//961 1244//961
f 1248//961 1230//961 1231//961
f 1249//961 1229//961 1230//961
f 1250//961 1251//961 1228//961
f 1251//961 1252//961 1227//961
f 1222//961 1245//961 1246//961
f 1221//961 1246//961 1247//961
f 1253//961 1211//961 1212//961
f 1254//961 1241//961 1242//961
f 1255//961 1240//961 1241//961
f 1256//961 1238//961 1239//961
f 1257//961 1258//961 1237//961
f 1258//961 1259//961 1236//961
f 1231//961 1244//961 1248//961
f 1230//961 1248//961 1249//961
f 1227//961 1228//961 1251//961
f 1252//961 1260//961 1226//961
f 1261//961 1223//961 1224//961
f 1247//961 1262//961 1220//961
f 1262//961 1263//961 1219//961
f 1263//961 1264//961 1218//961
f 1265//961 1266//961 1216//961
f 1267//961 1215//961 1216//961
f 1212//961 1268//961 1253//961
f 1269//961 1270//961 1210//961
f 1271//961 1272//961 1208//961
f 1273//961 1242//961 1208//961
f 1241//961 1254//961 1255//961
f 1274//961 1239//961 1240//961
f 1239//961 1274//961 1256//961
f 1236//961 1237//961 1258//961
f 1249//961 1250//961 1229//961
f 1226//961 1227//961 1252//961
f 1260//961 1275//961 1225//961
f 1276//961 1224//961 1225//961
f 1223//961 1261//961 1245//961
f 1218//961 1219//961 1263//961
f 1264//961 1265//961 1217//961
f 1216//961 1266//961 1267//961
f 1277//961 1214//961 1215//961
f 1278//961 1213//961 1214//961
f 1210//961 1211//961 1269//961
f 1270//961 1279//961 1209//961
f 1279//961 1271//961 1207//961
f 1208//961 1272//961 1273//961
f 1240//961 1255//961 1274//961
f 1237//961 1238//961 1257//961
f 1228//961 1229//961 1250//961
f 1225//961 1275//961 1276//961
f 1219//961 1220//961 1262//961
f 1216//961 1217//961 1265//961
f 1214//961 1277//961 1278//961
f 1268//961 1212//961 1213//961
f 1209//961 1210//961 1270//961
f 1208//961 1207//961 1271//961
f 1256//961 1257//961 1238//961
f 1259//961 1280//961 1235//961
f 1225//961 1226//961 1260//961
f 1217//961 1218//961 1264//961
f 1213//961 1278//961 1268//961
f 1207//961 1209//961 1279//961
f 1235//961 1236//961 1259//961
f 1280//961 1281//961 1234//961
f 1282//961 1233//961 1234//961
f 1224//961 1276//961 1261//961
f 1253//961 1269//961 1211//961
f 1234//961 1235//961 1280//961
f 1233//961 1282//961 1243//961
f 1242//961 1273//961 1254//961
f 1215//961 1267//961 1277//961
f 1234//961 1281//961 1282//961
f 781//961 1283//961 1284//961
f 780//961 1284//961 1285//961
f 1284//961 780//961 781//961
f 779//961 1285//961 1286//961
f 781//961 782//961 1283//961
f 777//961 1287//961 1288//961
f 778//961 1286//961 1287//961
f 1285//961 779//961 780//961
f 782//961 783//961 1289//961
f 1287//961 777//961 778//961
f 1289//961 1283//961 782//961
f 783//961 784//961 1290//961
f 784//961 785//961 1291//961
f 1286//961 778//961 779//961
f 1291//961 1290//961 784//961
f 785//961 786//961 1292//961
f 786//961 743//961 1293//961
f 748//961 1294//961 1295//961
f 1290//961 1289//961 783//961
f 1293//961 1292//961 786//961
f 744//961 1296//961 1293//961
f 745//961 1297//961 1296//961
f 747//961 1295//961 1298//961
f 1295//961 747//961 748//961
f 755//961 1299//961 1300//961
f 756//961 1301//961 1299//961
f 761//961 762//961 1302//961
f 762//961 763//961 1303//961
f 763//961 764//961 1304//961
f 764//961 765//961 1305//961
f 766//961 1306//961 1305//961
f 767//961 1307//961 1306//961
f 1292//961 1291//961 785//961
f 1296//961 744//961 745//961
f 746//961 1298//961 1297//961
f 748//961 749//961 1294//961
f 750//961 751//961 1308//961
f 751//961 752//961 1309//961
f 752//961 753//961 1310//961
f 753//961 754//961 1300//961
f 1299//961 755//961 756//961
f 757//961 1311//961 1301//961
f 758//961 1312//961 1311//961
f 759//961 1313//961 1312//961
f 760//961 761//961 1314//961
f 1303//961 1302//961 762//961
f 1305//961 1304//961 764//961
f 1306//961 766//961 767//961
f 768//961 1315//961 1307//961
f 770//961 1316//961 1317//961
f 771//961 772//961 1318//961
f 772//961 773//961 1319//961
f 1293//961 743//961 744//961
f 1298//961 746//961 747//961
f 749//961 750//961 1320//961
f 1309//961 1308//961 751//961
f 1300//961 1310//961 753//961
f 1301//961 756//961 757//961
f 1312//961 758//961 759//961
f 1313//961 759//961 760//961
f 1304//961 1303//961 763//961
f 1307//961 767//961 768//961
f 769//961 1317//961 1315//961
f 1317//961 769//961 770//961
f 1319//961 1318//961 772//961
f 773//961 774//961 1321//961
f 774//961 775//961 1322//961
f 775//961 776//961 1288//961
f 1297//961 745//961 746//961
f 1308//961 1320//961 750//961
f 1300//961 754//961 755//961
f 1314//961 1313//961 760//961
f 1305//961 765//961 766//961
f 770//961 771//961 1316//961
f 1321//961 1319//961 773//961
f 1288//961 1322//961 775//961
f 1320//961 1294//961 749//961
f 1311//961 757//961 758//961
f 1315//961 768//961 769//961
f 1322//961 1321//961 774//961
f 1310//961 1309//961 752//961
f 1318//961 1316//961 771//961
f 1302//961 1314//961 761//961
f 1288//961 776//961 777//961
f 1304//1183 1305//1183 1272//1183
f 1303//1184 1304//1184 1271//1184
f 1302//1185 1303//1185 1279//1185
f 1314//1186 1302//1186 1270//1186
f 1313//1187 1314//1187 1269//1187
f 1312//1188 1313//1188 1253//1188
f 1311//1189 1312//1189 1268//1189
f 1301//1190 1311//1190 1278//1190
f 1299//1191 1301//1191 1277//1191
f 1300//1192 1299//1192 1267//1192
f 1310//1193 1300//1193 1266//1193
f 1309//1194 1310//1194 1265//1194
f 1308//1195 1309//1195 1264//1195
f 1320//1196 1308//1196 1263//1196
f 1294//1197 1320//1197 1262//1197
f 1295//1198 1294//1198 1247//1198
f 1298//1199 1295//1199 1246//1199
f 1297//1200 1298//1200 1245//1200
f 1296//1201 1297//1201 1261//1201
f 1293//1202 1296//1202 1276//1202
f 1276//1202 1275//1202 1293//1202
f 1261//1201 1276//1201 1296//1201
f 1245//1200 1261//1200 1297//1200
f 1246//1199 1245//1199 1298//1199
f 1247//1198 1246//1198 1295//1198
f 1262//1197 1247//1197 1294//1197
f 1263//1196 1262//1196 1320//1196
f 1264//1195 1263//1195 1308//1195
f 1265//1194 1264//1194 1309//1194
f 1266//1193 1265//1193 1310//1193
f 1267//1192 1266//1192 1300//1192
f 1277//1191 1267//1191 1299//1191
f 1278//1190 1277//1190 1301//1190
f 1268//1189 1278//1189 1311//1189
f 1253//1188 1268//1188 1312//1188
f 1269//1187 1253//1187 1313//1187
f 1270//1186 1269//1186 1314//1186
f 1279//1185 1270//1185 1302//1185
f 1271//1184 1279//1184 1303//1184
f 1272//1183 1271//1183 1304//1183
f 1292//1203 1293//1203 1275//1203
f 1291//1204 1292//1204 1260//1204
f 1290//1205 1291//1205 1252//1205
f 1289//1206 1290//1206 1251//1206
f 1283//1207 1289//1207 1250//1207
f 1284//1208 1283//1208 1249//1208
f 1285//1209 1284//1209 1248//1209
f 1286//1210 1285//1210 1244//1210
f 1287//1211 1286//1211 1243//1211
f 1288//1212 1287//1212 1282//1212
f 1322//1213 1288//1213 1281//1213
f 1321//1214 1322//1214 1280//1214
f 1319//1215 1321//1215 1259//1215
f 1318//1216 1319//1216 1258//1216
f 1316//1217 1318//1217 1257//1217
f 1317//1218 1316//1218 1256//1218
f 1315//1219 1317//1219 1274//1219
f 1307//1220 1315//1220 1255//1220
f 1306//1221 1307//1221 1254//1221
f 1305//1222 1306//1222 1273//1222
f 1273//1222 1272//1222 1305//1222
f 1254//1221 1273//1221 1306//1221
f 1255//1220 1254//1220 1307//1220
f 1274//1219 1255//1219 1315//1219
f 1256//1218 1274//1218 1317//1218
f 1257//1217 1256//1217 1316//1217
f 1258//1216 1257//1216 1318//1216
f 1259//1215 1258//1215 1319//1215
f 1280//1214 1259//1214 1321//1214
f 1281//1213 1280//1213 1322//1213
f 1282//1212 1281//1212 1288//1212
f 1243//1211 1282//1211 1287//1211
f 1244//1210 1243//1210 1286//1210
f 1248//1209 1244//1209 1285//1209
f 1249//1208 1248//1208 1284//1208
f 1250//1207 1249//1207 1283//1207
f 1251//1206 1250//1206 1289//1206
f 1252//1205 1251//1205 1290//1205
f 1260//1204 1252//1204 1291//1204
f 1275//1203 1260//1203 1292//1203
#2644 polygons

