# Aspose.3D Wavefront OBJ Exporter
# Copyright 2004-2023 Aspose Pty Ltd.
# File created: 06/29/2023 05:40:00


#
# object obj_10563105
#

v -101.52078247070312496 51.52396774291992184 -84.01000213623046875
v -95.38145446777343752 62.1575927734375 -84.01000213623046875
v -92.43630981445312496 65.03644561767578125 -84.01000213623046875
v -99.96639251708984368 55.33783340454101564 -84.01000213623046875
v -97.90716552734375008 58.90452194213867184 -84.01000213623046875
v -89.1265869140625 67.48744964599609376 -84.01000213623046875
v -102.54136657714843752 47.53396606445312496 -84.01000213623046875
v -85.51394653320312496 69.46495819091796872 -84.01000213623046875
v -102.91539001464843744 39.32477188110351564 -84.01000213623046875
v -103.0091400146484375 43.44216156005859376 -84.01000213623046875
v -102.75441741943359376 37.92412185668945312 -84.01000213623046875
v -84.22046661376953124 70.02587890625 -84.01000213623046875
v -56.99021148681640624 69.56505584716796872 -82.43520355224609376
v -57.77761077880859376 68.20124053955078124 -84.01000213623046875
v -61.47651290893554688 70.01226806640625 -84.01000213623046875
v -60.88215255737304688 71.47059631347656248 -82.43520355224609376
v -65.38756561279296872 71.302764892578125 -84.01000213623046875
v -64.997314453125 72.82844543457031248 -82.43520355224609376
v -69.43790435791015624 72.04868316650390625 -84.01000213623046875
v -69.25904083251953124 73.61328887939453128 -82.43520355224609376
v -73.55209350585937504 72.23612976074218752 -84.01000213623046875
v -77.90338134765624992 73.41646575927734376 -82.43520355224609376
v -73.58794403076171872 73.81052398681640624 -82.43520355224609376
v -73.660888671875 72.23345947265625 -84.01000213623046875
v -77.65348815917968752 71.86161804199218752 -84.01000213623046875
v -80.79743194580078128 71.182708740234375 -84.01000213623046875
v -82.124969482421875 72.43846130371093752 -82.43520355224609376
v -81.66568756103515624 70.9321212768554688 -84.01000213623046875
v -86.17406463623046876 70.89472961425781248 -82.43520355224609376
v -89.97524261474609376 68.81401824951171872 -82.43520355224609376
v -93.45769500732421872 66.23509216308593752 -82.43520355224609376
v -96.55654144287109376 63.20599746704101564 -82.43520355224609376
v -99.21407318115234376 59.78315734863281248 -82.43520355224609376
v -101.38076782226562496 56.03032684326171875 -82.43520355224609376
v -103.01627349853515625 52.01742172241210937 -82.43520355224609376
v -104.090118408203125 47.81919097900390624 -82.43520355224609376
v -104.58230590820312496 43.51383972167968752 -82.43520355224609376
v -103.79603576660156256 34.9030799865722656 -82.43520355224609376
v -104.48366546630859376 39.18156814575195312 -82.43520355224609376
v -102.53221893310546872 30.75807571411132816 -82.43520355224609376
v -102.0447540283203125 34.38127899169921872 -84.01000213623046875
v -102.26186370849609376 35.25849914550781248 -84.01000213623046875
v -101.06072998046875 31.31908416748046876 -84.01000213623046875
v -99.38645172119140624 27.6754722595214844 -84.01000213623046875
v -100.71575927734375 26.82376670837402336 -82.43520355224609376
v -99.33437347412109376 27.57991790771484376 -84.01000213623046875
v -97.1149444580078125 24.11065101623535156 -84.01000213623046875
v -98.38050079345703128 23.17344474792480468 -82.43520355224609376
v -94.44378662109375 20.97591018676757808 -84.01000213623046875
v -95.56993865966796872 19.87510490417480464 -82.43520355224609376
v -91.37065887451171872 18.23408699035644532 -84.01000213623046875
v -92.33643341064453124 16.99019050598144528 -82.43520355224609376
v -87.95281219482421872 15.93626022338867184 -84.01000213623046875
v -88.74021148681640624 14.5724430084228516 -82.43520355224609376
v -41.68627166748046872 60.72932052612304688 -82.43520355224609376
v -43.10552215576171876 59.73030471801757808 -84.01000213623046875
v -56.99021148681640624 69.56505584716796872 -69.72250366210937504
v -41.68627166748046872 60.72932052612304688 -69.72250366210937504
v -73.28072357177734376 7.46532583236694336 -84.01000213623046875
v -73.43627166748046872 5.73670816421508784 -82.43520355224609376
v -73.43627166748046872 5.73670816421508784 -69.72250366210937504
v -88.74021148681640624 14.5724430084228516 -69.72250366210937504
v -58.57771301269531248 66.8154296875 -66.54750061035156248
v -44.50832366943359376 58.69245910644531248 -66.54750061035156248
v -87.1527099609375 17.32207489013671876 -66.54750061035156248
v -90.38931274414062496 19.498046875 -66.54750061035156248
v -92.33643341064453124 16.99019050598144528 -69.72250366210937504
v -93.299468994140625 22.09446907043457032 -66.54750061035156248
v -95.56993865966796872 19.87510490417480464 -69.72250366210937504
v -95.8289718627929688 25.06297492980957031 -66.54750061035156248
v -98.38050079345703128 23.17344474792480468 -69.72250366210937504
v -97.93070220947265632 28.3482646942138672 -66.54750061035156248
v -100.71575927734375 26.82376670837402336 -69.72250366210937504
v -99.56551361083984376 31.88914299011230464 -66.54750061035156248
v -102.53221893310546872 30.75807571411132816 -69.72250366210937504
v -100.70294952392578128 35.61964797973632816 -66.54750061035156248
v -103.79603576660156256 34.9030799865722656 -69.72250366210937504
v -101.32182312011718752 39.47028732299804688 -66.54750061035156248
v -104.48366546630859376 39.18156814575195312 -69.72250366210937504
v -101.41059875488281248 43.36933135986328128 -66.54750061035156248
v -104.58230590820312496 43.51383972167968752 -69.72250366210937504
v -100.96762847900390624 47.24414443969726564 -66.54750061035156248
v -104.090118408203125 47.81919097900390624 -69.72250366210937504
v -100.00116729736328125 51.022552490234375 -66.54750061035156248
v -103.01627349853515625 52.01742172241210937 -69.72250366210937504
v -98.52921295166015624 54.63417053222656248 -66.54750061035156248
v -101.38076782226562496 56.03032684326171875 -69.72250366210937504
v -96.57918548583984376 58.01171493530273437 -66.54750061035156248
v -99.21407318115234376 59.78315734863281248 -69.72250366210937504
v -94.187408447265625 61.09227371215820312 -66.54750061035156248
v -96.55654144287109376 63.20599746704101564 -69.72250366210937504
v -91.39844512939453128 63.81845855712890624 -66.54750061035156248
v -93.45769500732421872 66.23509216308593752 -69.72250366210937504
v -88.26424407958984376 66.13948822021484376 -66.54750061035156248
v -89.97524261474609376 68.81401824951171872 -69.72250366210937504
v -84.84317779541015632 68.0121307373046875 -66.54750061035156248
v -86.17406463623046876 70.89472961425781248 -69.72250366210937504
v -81.19899749755859376 69.4014892578125 -66.54750061035156248
v -82.124969482421875 72.43846130371093752 -69.72250366210937504
v -77.39956665039062496 70.28169250488281248 -66.54750061035156248
v -77.90338134765624992 73.41646575927734376 -69.72250366210937504
v -73.51567077636718752 70.63634490966796872 -66.54750061035156248
v -73.58794403076171872 73.81052398681640624 -69.72250366210937504
v -69.61965942382812496 70.45883941650390624 -66.54750061035156248
v -69.25904083251953124 73.61328887939453128 -69.72250366210937504
v -65.78410339355468752 69.75247192382812496 -66.54750061035156248
v -64.997314453125 72.82844543457031248 -69.72250366210937504
v -62.0804595947265625 68.53041839599609376 -66.54750061035156248
v -60.88215255737304688 71.47059631347656248 -69.72250366210937504
v -73.08332061767578125 9.19910812377929688 -66.54750061035156248
v -102.24135589599609376 35.1705780029296875 -95.12249755859375
v -102.75441741943359376 37.92412185668945312 -95.12249755859375
v -102.0447540283203125 34.38127899169921872 -95.12249755859375
v -101.06403350830078125 31.32775115966796876 -95.12249755859375
v -100.91670227050781248 30.94865608215332032 -95.12249755859375
v -99.38645172119140624 27.6754722595214844 -95.12249755859375
v -92.83616638183593744 23.35304641723632812 -84.01000213623046875
v -72.71870422363281248 11.738224983215332 -84.01000213623046875
v -98.18341827392578124 26.44028663635253904 -84.01000213623046875
v -98.87039184570312496 26.97465133666992192 -84.01000213623046875
v -98.87039184570312496 26.97465133666992192 -95.12249755859375
v -98.18341827392578124 26.44028663635253904 -95.12249755859375
v -98.09698486328125 32.45790481567382816 -98.29750061035156248
v -99.1504364013671875 35.89639663696289056 -98.29750061035156248
v -96.59591674804687504 29.18991661071777344 -98.29750061035156248
v -102.03594970703125 39.168548583984375 -95.9831466674804688
v -99.73757171630859376 39.44438552856445312 -98.29750061035156248
v -100.9403152465820312 41.06624603271484375 -97.20470428466796876
v -99.85092163085937504 42.953125 -98.29750061035156248
v -92.83616638183593744 23.35304641723632812 -95.12249755859375
v -91.24866485595703124 26.10267829895019532 -98.29750061035156248
v -92.83616638183593744 23.35304641723632812 -82.42250061035156248
v -72.71870422363281248 11.738224983215332 -82.42250061035156248
v -89.02616119384765625 29.9521598815917968 -98.29750061035156248
v -88.07366180419921875 31.60193824768066408 -96.39250183105468752
v -88.07366180419921875 31.60193824768066408 -82.42250061035156248
v -94.52542877197265624 33.12715911865234376 -98.29750061035156248
v -93.57292175292968752 34.77693939208984368 -96.39250183105468752
v -98.92483520507812496 35.66716003417968752 -98.29750061035156248
v -96.32255554199218752 36.36444091796875 -96.39250183105468752
v -73.660888671875 72.23345947265625 -95.12249755859375
v -77.26067352294921876 71.92210388183593744 -95.12249755859375
v -77.66264343261718752 71.86014556884765632 -95.12249755859375
v -84.22046661376953124 70.02587890625 -95.12249755859375
v -80.79743194580078128 71.182708740234375 -95.12249755859375
v -81.57929229736328128 70.95832061767578128 -95.12249755859375
v -73.57717132568359376 69.05956268310546875 -98.29750061035156248
v -77.157867431640625 68.72553253173828128 -98.29750061035156248
v -80.66240692138671872 67.91859436035156256 -98.29750061035156248
v -84.02862548828125 66.653076171875 -98.29750061035156248
v -87.12396240234375 64.99687194824218752 -98.29750061035156248
v -86.03456878662109375 66.88375854492187504 -97.20470428466796876
v -84.97036743164062496 68.72700500488281248 -96.01976776123046875
v -71.98966979980468752 71.80918884277343744 -84.01000213623046875
v -71.98966979980468752 71.80918884277343744 -95.12249755859375
v -72.79592895507812496 72.1369476318359375 -95.12249755859375
v -72.79592895507812496 72.1369476318359375 -84.01000213623046875
v -46.52495193481445312 57.1071319580078125 -84.01000213623046875
v -66.64241027832031248 68.72195434570312496 -84.01000213623046875
v -46.52495193481445312 57.1071319580078125 -82.42250061035156248
v -66.64241027832031248 68.72195434570312496 -82.42250061035156248
v -66.64241027832031248 68.72195434570312496 -95.12249755859375
v -68.22991180419921876 65.97232055664062496 -98.29750061035156248
v -80.35108184814453124 67.83783721923828128 -98.29750061035156248
v -75.95167541503906256 65.29783630371093752 -98.29750061035156248
v -70.45241546630859376 62.12284088134765624 -98.29750061035156248
v -71.40491485595703128 60.47306060791015624 -96.39250183105468752
v -71.40491485595703128 60.47306060791015624 -82.42250061035156248
v -76.9041748046875 63.64805984497070312 -96.39250183105468752
v -79.65380859375 65.23555755615234376 -96.39250183105468752
v -97.43897247314453128 47.13074493408203124 -92.43259429931640624
v -88.32806396484375 62.91130065917968752 -90.67749786376953128
v -89.53591156005859376 60.81925582885742192 -94.00240325927734375
v -97.43897247314453128 47.13074493408203124 -94.00240325927734375
v -97.37681579589843752 47.2384033203125 -93.217498779296875
v -97.90032958984375008 46.33165359497070312 -95.27239990234375
v -97.61936950683593752 46.81829833984375008 -94.71047210693359376
v -98.254364013671875 45.71844482421875 -95.63318634033203128
v -87.93561553955078128 63.59104537963867184 -90.80181884765624992
v -98.64682006835937504 45.03870010375976562 -95.75749969482421872
v -99.85466003417968752 42.9466552734375 -92.43259429931640624
v -98.254364013671875 45.71844482421875 -90.80181884765624992
v -87.58158111572265624 64.204254150390625 -91.16259765625
v -89.35552215576171876 61.13170242309570312 -91.72452545166015632
v -89.53591156005859376 60.81925582885742192 -92.43259429931640624
v -99.91681671142578128 42.8389968872070312 -93.217498779296875
v -99.85466003417968752 42.9466552734375 -94.00240325927734375
v -99.67427062988281248 43.25910186767578124 -91.72452545166015632
v -98.64682006835937504 45.03870010375976562 -90.67749786376953128
v -99.03926849365234375 44.35895538330078124 -90.80181884765624992
v -97.90032958984375008 46.33165359497070312 -91.16259765625
v -87.30061340332031248 64.69089508056640624 -94.71047210693359376
v -89.35552215576171876 61.13170242309570312 -94.71047210693359376
v -89.59806823730468752 60.71159362792968752 -93.217498779296875
v -99.67427062988281248 43.25910186767578124 -94.71047210693359376
v -99.39330291748046872 43.74574661254882816 -95.27239990234375
v -99.39330291748046872 43.74574661254882816 -91.16259765625
v -97.61936950683593752 46.81829833984375008 -91.72452545166015632
v -87.30061340332031248 64.69089508056640624 -91.72452545166015632
v -87.05806732177734375 65.1110076904296875 -93.217498779296875
v -87.1202239990234375 65.0033416748046875 -92.43259429931640624
v -87.1202239990234375 65.0033416748046875 -94.00240325927734375
v -87.58158111572265624 64.204254150390625 -95.27239990234375
v -88.32806396484375 62.91130065917968752 -95.75749969482421872
v -87.93561553955078128 63.59104537963867184 -95.63318634033203128
v -99.03926849365234375 44.35895538330078124 -95.63318634033203128
v -88.72052001953125 62.23155212402343752 -90.80181884765624992
v -88.72052001953125 62.23155212402343752 -95.63318634033203128
v -89.074554443359375 61.61834716796875 -91.16259765625
v -89.074554443359375 61.61834716796875 -95.27239990234375
v -97.1050262451171875 41.35915756225585936 -92.43259429931640624
v -97.16718292236328124 41.251495361328125 -93.217498779296875
v -96.92463684082031248 41.67160034179687504 -91.72452545166015632
v -96.6436767578125 42.15824508666992188 -91.16259765625
v -96.28963470458984376 42.77145385742187504 -90.80181884765624992
v -95.89718627929687504 43.45119857788085936 -90.67749786376953128
v -95.50473785400390624 44.13094711303710938 -90.80181884765624992
v -95.15069580078125 44.74415588378906256 -91.16259765625
v -94.86973571777343744 45.23079681396484376 -91.72452545166015632
v -94.68934631347656248 45.54324340820312496 -92.43259429931640624
v -94.62718963623046872 45.65090560913085936 -93.217498779296875
v -94.68934631347656248 45.54324340820312496 -94.00240325927734375
v -94.86973571777343744 45.23079681396484376 -94.71047210693359376
v -95.15069580078125 44.74415588378906256 -95.27239990234375
v -95.50473785400390624 44.13094711303710938 -95.63318634033203128
v -95.89718627929687504 43.45119857788085936 -95.75749969482421872
v -96.28963470458984376 42.77145385742187504 -95.63318634033203128
v -96.6436767578125 42.15824508666992188 -95.27239990234375
v -96.92463684082031248 41.67160034179687504 -94.71047210693359376
v -97.1050262451171875 41.35915756225585936 -94.00240325927734375
v -95.1574249267578125 44.73250961303710944 -94.29244232177734376
v -95.0275421142578125 44.95746994018554688 -93.78263092041015632
v -95.35971832275390624 44.38212585449218752 -94.69702911376953128
v -95.6146240234375 43.94061660766601568 -94.9567947387695312
v -95.89718627929687504 43.45119857788085936 -95.04630279541015625
v -96.17974853515625 42.9617843627929688 -94.9567947387695312
v -96.81158447265624992 41.86741256713867184 -93.217498779296875
v -96.76683044433593744 41.94493103027343744 -93.78263092041015632
v -96.76683044433593744 41.94493103027343744 -92.65236663818359376
v -96.17974853515625 42.9617843627929688 -91.47821044921875
v -95.89718627929687504 43.45119857788085936 -91.38870239257812496
v -96.43465423583984376 42.52027511596679688 -94.69702911376953128
v -96.63695526123046872 42.169891357421875 -94.29244232177734376
v -96.43465423583984376 42.52027511596679688 -91.73796844482421872
v -96.63695526123046872 42.169891357421875 -92.14255523681640624
v -95.6146240234375 43.94061660766601568 -91.47821044921875
v -95.35971832275390624 44.38212585449218752 -91.73796844482421872
v -95.1574249267578125 44.73250961303710944 -92.14255523681640624
v -95.0275421142578125 44.95746994018554688 -92.65236663818359376
v -94.9827880859375 45.0349884033203125 -93.217498779296875
v -94.01720428466796875 40.35742950439453124 -92.65236663818359376
v -94.06195831298828125 40.27991485595703124 -93.217498779296875
v -93.8873214721679688 40.58238983154296872 -92.14255523681640624
v -93.68502807617187504 40.93277359008789056 -91.73796844482421872
v -93.43012237548828128 41.37428283691406248 -91.47821044921875
v -93.147552490234375 41.86370086669921872 -91.38870239257812496
v -92.864990234375 42.353118896484375 -91.47821044921875
v -92.61008453369140624 42.79462814331054688 -91.73796844482421872
v -92.40779113769531248 43.14501190185546876 -92.14255523681640624
v -92.27790832519531248 43.36997222900390624 -92.65236663818359376
v -92.233154296875 43.44748687744140624 -93.217498779296875
v -92.27790832519531248 43.36997222900390624 -93.78263092041015632
v -92.40779113769531248 43.14501190185546876 -94.29244232177734376
v -92.61008453369140624 42.79462814331054688 -94.69702911376953128
v -92.864990234375 42.353118896484375 -94.9567947387695312
v -93.147552490234375 41.86370086669921872 -95.04630279541015625
v -93.43012237548828128 41.37428283691406248 -94.9567947387695312
v -93.68502807617187504 40.93277359008789056 -94.69702911376953128
v -93.8873214721679688 40.58238983154296872 -94.29244232177734376
v -94.01720428466796875 40.35742950439453124 -93.78263092041015632
v -86.78627777099609376 59.23175811767578124 -92.43259429931640624
v -86.84843444824218752 59.12409591674804688 -93.217498779296875
v -86.60588836669921872 59.54420089721679688 -91.72452545166015632
v -86.324920654296875 60.03084564208984375 -91.16259765625
v -85.97088623046875008 60.64405441284179688 -90.80181884765624992
v -85.57843780517578128 61.32379913330078124 -90.67749786376953128
v -85.18598175048828124 62.00354385375976562 -90.80181884765624992
v -84.83194732666015632 62.61675262451171872 -91.16259765625
v -84.55098724365234376 63.10339736938476562 -91.72452545166015632
v -84.37059783935546872 63.41584396362304688 -92.43259429931640624
v -84.30843353271484376 63.5235023498535156 -93.217498779296875
v -84.37059783935546872 63.41584396362304688 -94.00240325927734375
v -84.55098724365234376 63.10339736938476562 -94.71047210693359376
v -84.83194732666015632 62.61675262451171872 -95.27239990234375
v -85.18598175048828124 62.00354385375976562 -95.63318634033203128
v -85.57843780517578128 61.32379913330078124 -95.75749969482421872
v -85.97088623046875008 60.64405441284179688 -95.63318634033203128
v -86.324920654296875 60.03084564208984375 -95.27239990234375
v -86.60588836669921872 59.54420089721679688 -94.71047210693359376
v -86.78627777099609376 59.23175811767578124 -94.00240325927734375
v -84.83866882324218752 62.60511016845703128 -94.29244232177734376
v -84.70879364013671872 62.8300704956054688 -93.78263092041015632
v -85.04096221923828125 62.25472640991210936 -94.69702911376953128
v -85.295867919921875 61.81321716308593744 -94.9567947387695312
v -85.57843780517578128 61.32379913330078124 -95.04630279541015625
v -85.86100006103515632 60.83438110351562496 -94.9567947387695312
v -86.49283599853515624 59.74001312255859376 -93.217498779296875
v -86.44808197021484376 59.81752777099609376 -93.78263092041015632
v -86.44808197021484376 59.81752777099609376 -92.65236663818359376
v -85.86100006103515632 60.83438110351562496 -91.47821044921875
v -85.57843780517578128 61.32379913330078124 -91.38870239257812496
v -86.11590576171875 60.39287185668945312 -94.69702911376953128
v -86.31819915771484376 60.04248809814453125 -94.29244232177734376
v -86.11590576171875 60.39287185668945312 -91.73796844482421872
v -86.31819915771484376 60.04248809814453125 -92.14255523681640624
v -85.295867919921875 61.81321716308593744 -91.47821044921875
v -85.04096221923828125 62.25472640991210936 -91.73796844482421872
v -84.83866882324218752 62.60511016845703128 -92.14255523681640624
v -84.70879364013671872 62.8300704956054688 -92.65236663818359376
v -84.66403961181640624 62.9075851440429688 -93.217498779296875
v -83.69845581054687504 58.23003005981445312 -92.65236663818359376
v -83.74320983886718752 58.1525115966796875 -93.217498779296875
v -83.56857299804687504 58.45499038696289064 -92.14255523681640624
v -83.36627960205078128 58.80537414550781248 -91.73796844482421872
v -83.1113739013671875 59.24688339233398436 -91.47821044921875
v -82.82880401611328128 59.73630142211914064 -91.38870239257812496
v -82.54624176025390624 60.22571563720703124 -91.47821044921875
v -82.29133605957031248 60.66722488403320312 -91.73796844482421872
v -82.08904266357421875 61.017608642578125 -92.14255523681640624
v -81.95915985107421872 61.24256896972656248 -92.65236663818359376
v -81.91440582275390624 61.32008743286132812 -93.217498779296875
v -81.95915985107421872 61.24256896972656248 -93.78263092041015632
v -82.08904266357421875 61.017608642578125 -94.29244232177734376
v -82.29133605957031248 60.66722488403320312 -94.69702911376953128
v -82.54624176025390624 60.22571563720703124 -94.9567947387695312
v -82.82880401611328128 59.73630142211914064 -95.04630279541015625
v -83.1113739013671875 59.24688339233398436 -94.9567947387695312
v -83.36627960205078128 58.80537414550781248 -94.69702911376953128
v -83.56857299804687504 58.45499038696289064 -94.29244232177734376
v -83.69845581054687504 58.23003005981445312 -93.78263092041015632
v -79.65380859375 65.23555755615234376 -84.01000213623046875
v -96.32255554199218752 36.36444091796875 -84.01000213623046875
v -76.9041748046875 63.64805984497070312 -84.01000213623046875
v -76.9041748046875 63.64805984497070312 -82.42250061035156248
v -93.57292175292968752 34.77693939208984368 -84.01000213623046875
v -93.57292175292968752 34.77693939208984368 -82.42250061035156248
v -73.08332061767578125 9.19910812377929688 -69.72250366210937504
v -72.63416290283203128 12.2504873275756836 -69.72250366210937504
v -72.63416290283203128 12.2504873275756836 -66.54750061035156248
v -73.08332061767578125 9.19910812377929688 -82.42250061035156248
v -71.25543975830078124 18.66701698303222656 -66.54750061035156248
v -69.311065673828125 24.93535614013671872 -66.54750061035156248
v -71.25543975830078124 18.66701698303222656 -69.72250366210937504
v -66.81645965576171872 31.00574874877929687 -66.54750061035156248
v -69.311065673828125 24.93535614013671872 -69.72250366210937504
v -63.79143142700195312 36.83000183105468752 -66.54750061035156248
v -66.81645965576171872 31.00574874877929687 -69.72250366210937504
v -60.25999450683593752 42.36187744140625 -66.54750061035156248
v -63.79143142700195312 36.83000183105468752 -69.72250366210937504
v -56.25018310546875 47.55746459960937504 -66.54750061035156248
v -60.25999450683593752 42.36187744140625 -69.72250366210937504
v -51.7938308715820312 52.37551498413085936 -66.54750061035156248
v -56.25018310546875 47.55746459960937504 -69.72250366210937504
v -46.92631149291992192 56.77778244018554688 -66.54750061035156248
v -51.7938308715820312 52.37551498413085936 -69.72250366210937504
v -44.50832366943359376 58.69245910644531248 -82.42250061035156248
v -44.50832366943359376 58.69245910644531248 -69.72250366210937504
v -46.92631149291992192 56.77778244018554688 -69.72250366210937504
v -98.61039733886718752 54.4669761657714844 -82.42250061035156248
v -100.17070770263671876 50.49137878417968752 -82.42250061035156248
v -90.68143463134765624 64.40958404541015624 -82.42250061035156248
v -93.81217193603515632 61.50468444824218752 -82.42250061035156248
v -75.0006256103515625 70.56385040283203128 -82.42250061035156248
v -79.22374725341796876 69.92731475830078128 -82.42250061035156248
v -101.44021606445312496 42.06874847412109375 -82.42250061035156248
v -96.47498321533203128 58.165618896484375 -82.42250061035156248
v -87.1527099609375 66.8154296875 -82.42250061035156248
v -58.57771301269531248 66.8154296875 -82.42250061035156248
v -62.4255943298339844 68.66846466064453128 -82.42250061035156248
v -70.72979736328124992 70.56385040283203128 -82.42250061035156248
v -101.12105560302734376 46.32763290405273436 -82.42250061035156248
v -83.30483245849609376 68.66846466064453128 -82.42250061035156248
v -66.50667572021484376 69.92731475830078128 -82.42250061035156248
v -101.12105560302734376 37.80986785888671872 -82.42250061035156248
v -96.47498321533203128 25.97187995910644528 -82.42250061035156248
v -93.81217193603515632 22.6328144073486328 -82.42250061035156248
v -98.61039733886718752 29.67052268981933592 -82.42250061035156248
v -100.17070770263671876 33.6461219787597656 -82.42250061035156248
v -87.1527099609375 17.32207489013671876 -82.42250061035156248
v -90.68143463134765624 19.727914810180664 -82.42250061035156248
v -87.1527099609375 17.32207489013671876 -69.72250366210937504
v -90.68143463134765624 19.727914810180664 -69.72250366210937504
v -93.81217193603515632 22.6328144073486328 -69.72250366210937504
v -96.47498321533203128 25.97187995910644528 -69.72250366210937504
v -98.61039733886718752 29.67052268981933592 -69.72250366210937504
v -100.17070770263671876 33.6461219787597656 -69.72250366210937504
v -101.12105560302734376 37.80986785888671872 -69.72250366210937504
v -101.44021606445312496 42.06874847412109375 -69.72250366210937504
v -101.12105560302734376 46.32763290405273436 -69.72250366210937504
v -100.17070770263671876 50.49137878417968752 -69.72250366210937504
v -98.61039733886718752 54.4669761657714844 -69.72250366210937504
v -96.47498321533203128 58.165618896484375 -69.72250366210937504
v -93.81217193603515632 61.50468444824218752 -69.72250366210937504
v -90.68143463134765624 64.40958404541015624 -69.72250366210937504
v -87.1527099609375 66.8154296875 -69.72250366210937504
v -83.30483245849609376 68.66846466064453128 -69.72250366210937504
v -79.22374725341796876 69.92731475830078128 -69.72250366210937504
v -75.0006256103515625 70.56385040283203128 -69.72250366210937504
v -70.72979736328124992 70.56385040283203128 -69.72250366210937504
v -66.50667572021484376 69.92731475830078128 -69.72250366210937504
v -62.4255943298339844 68.66846466064453128 -69.72250366210937504
v -58.57771301269531248 66.8154296875 -69.72250366210937504
v -96.55654144287109376 63.20599746704101564 -71.0052032470703125
v -99.21407318115234376 59.78315734863281248 -71.0052032470703125
v -101.38076782226562496 56.03032684326171875 -71.0052032470703125
v -103.01627349853515625 52.01742172241210937 -71.0052032470703125
v -103.42340850830078128 50.68613052368164064 -81.13411712646484376
v -103.36788177490234376 50.88065719604492192 -81.16519927978515624
v -103.47250366210937504 50.51007843017578128 -81.04392242431640625
v -103.53507232666015624 50.27983856201171876 -80.72642517089843744
v -103.52479553222656248 50.31813049316406248 -80.81881713867187504
v -103.54129028320312496 50.256591796875 -80.62968444824218752
v -103.54338073730468752 50.248748779296875 -71.64019775390625
v -103.54338073730468752 50.248748779296875 -80.53019714355468752
v -103.54128265380859376 50.25661087036132812 -71.54060363769531248
v -103.51080322265625 50.36997222900390624 -71.26695251464843752
v -103.52486419677734376 50.31789398193359376 -71.35204315185546876
v -103.53507232666015624 50.27983856201171876 -71.44397735595703128
v -103.51080322265625 50.36997222900390624 -80.9034423828125
v -103.47250366210937504 50.51007843017578128 -71.12647247314453124
v -103.36788177490234376 50.88065719604492192 -71.0052032470703125
v -103.42340850830078128 50.68613052368164064 -71.03627777099609375
v -101.38076782226562496 56.03032684326171875 -81.16519927978515624
v -99.21407318115234376 59.78315734863281248 -81.16519927978515624
v -96.55654144287109376 63.20599746704101564 -81.16519927978515624
v -95.607177734375 64.22423553466796876 -71.03627777099609375
v -95.74787902832031248 64.07888031005859375 -71.0052032470703125
v -95.47926330566406248 64.35478210449218752 -71.12647247314453124
v -95.3111572265625 64.52408599853515624 -71.44397735595703128
v -95.33917999267578124 64.49604034423828128 -71.35158538818359376
v -95.29412841796875 64.54109191894531248 -71.54071807861328128
v -95.28838348388671876 64.54682922363281248 -80.53019714355468752
v -95.28838348388671876 64.54682922363281248 -71.64019775390625
v -95.29414367675781248 64.54107666015625 -80.62979888916015624
v -95.3770751953125 64.45800018310546872 -80.9034423828125
v -95.33900451660156248 64.4962158203125 -80.8183517456054688
v -95.3111572265625 64.52408599853515624 -80.72642517089843744
v -95.3770751953125 64.45800018310546872 -71.26695251464843752
v -95.47926330566406248 64.35478210449218752 -81.04392242431640625
v -95.74787902832031248 64.07888031005859375 -81.16519927978515624
v -95.607177734375 64.22423553466796876 -81.13411712646484376
v -103.01627349853515625 52.01742172241210937 -81.16519927978515624
v -106.08380126953125 51.71546173095703128 -71.64019775390625
v -106.08380126953125 51.71546173095703128 -80.53019714355468752
v -97.82880401611328128 66.01354217529296875 -80.53019714355468752
v -97.82880401611328128 66.01354217529296875 -71.64019775390625
v -97.84434509277343744 65.98662567138671872 -80.72642517089843744
v -97.88944244384765632 65.90851593017578128 -80.9034423828125
v -97.95968627929687504 65.78684997558593744 -81.04392242431640625
v -98.04819488525390625 65.63355255126953128 -81.13411712646484376
v -98.14630126953125 65.46361541748046872 -81.16519927978515624
v -106.47615051269531248 63.67374038696289064 -80.72642517089843744
v -106.50306701660156248 63.68927764892578128 -80.53019714355468752
v -105.65868377685546872 64.8333740234375 -80.53019714355468752
v -104.56337738037109376 65.73521423339843744 -80.72642517089843744
v -105.63590240478515624 64.81223297119140624 -80.72642517089843744
v -105.25278472900390624 65.233245849609375 -80.53019714355468752
v -104.58088684082031248 65.76089477539062496 -80.53019714355468752
v -103.58658599853515624 66.31529235839843752 -80.53019714355468752
v -103.31236267089843752 66.39639282226562496 -80.72642517089843744
v -103.32372283935546876 66.42532348632812496 -80.53019714355468752
v -101.95022583007812496 66.79335784912109376 -80.53019714355468752
v -100.53159332275390624 66.81552886962890624 -80.72642517089843744
v -101.94559478759765632 66.76261901855468752 -80.72642517089843744
v -101.66755676269531248 66.82949066162109376 -80.53019714355468752
v -100.52926635742187504 66.84651947021484368 -80.53019714355468752
v -99.68356323242187504 66.72551727294921872 -80.53019714355468752
v -99.14127349853515624 66.55246734619140624 -80.72642517089843744
v -99.132110595703125 66.58216857910156248 -80.53019714355468752
v -106.39804077148437504 63.62864303588867184 -80.9034423828125
v -105.56978607177734376 64.75088500976562496 -80.9034423828125
v -104.5125732421875 65.66069030761718752 -80.9034423828125
v -103.27941131591796876 66.31243896484375 -80.9034423828125
v -101.93215179443359376 66.67343139648437504 -80.9034423828125
v -100.538330078125 66.7255859375 -80.9034423828125
v -99.16785430908203124 66.46627807617187504 -80.9034423828125
v -106.27637481689453124 63.55839920043945312 -81.04392242431640625
v -105.46680450439453128 64.65533447265625 -81.04392242431640625
v -104.43343353271484376 65.54462432861328128 -81.04392242431640625
v -103.22808837890625 66.18166351318359376 -81.04392242431640625
v -101.91120910644531248 66.53452301025390624 -81.04392242431640625
v -100.548828125 66.58549499511718752 -81.04392242431640625
v -99.20926666259765624 66.33203887939453124 -81.04392242431640625
v -106.123077392578125 63.46989059448242184 -81.13411712646484376
v -105.3370361328125 64.53493499755859376 -81.13411712646484376
v -104.33371734619140624 65.39836120605468752 -81.13411712646484376
v -103.163421630859375 66.01688385009765625 -81.13411712646484376
v -101.88482666015624992 66.35948181152343752 -81.13411712646484376
v -100.56205749511718752 66.40897369384765624 -81.13411712646484376
v -99.261444091796875 66.1628875732421875 -81.13411712646484376
v -105.95314025878906256 63.37177658081054688 -81.16519927978515624
v -105.19319915771484376 64.40146636962890624 -81.16519927978515624
v -104.22318267822265624 65.236236572265625 -81.16519927978515624
v -103.09172821044921876 65.8342208862304688 -81.16519927978515624
v -101.8555831909179688 66.16544342041015624 -81.16519927978515624
v -100.57672119140625 66.21329498291015624 -81.16519927978515624
v -99.31928253173828124 65.97537994384765632 -81.16519927978515624
v -105.86441802978515632 52.09545135498046876 -81.13411712646484376
v -105.76630401611328128 52.26538467407226564 -81.16519927978515624
v -105.95292663574218752 51.9421463012695312 -81.04392242431640625
v -106.02317047119140625 51.82048797607421872 -80.9034423828125
v -106.068267822265625 51.74237442016601568 -80.72642517089843744
v -107.2279052734375 52.55984115600585936 -80.53019714355468752
v -108.1297454833984375 53.6551475524902344 -80.72642517089843744
v -107.20676422119140624 52.58262634277343752 -80.72642517089843744
v -107.62777709960937504 52.96574401855468752 -80.53019714355468752
v -108.15541839599609376 53.6376380920410156 -80.53019714355468752
v -108.70981597900390624 54.63194274902343752 -80.53019714355468752
v -108.79092407226562496 54.90616226196289056 -80.72642517089843744
v -108.81985473632812496 54.89480590820312496 -80.53019714355468752
v -109.18788146972656248 56.26830291748046876 -80.53019714355468752
v -109.21006011962890624 57.68693542480468752 -80.72642517089843744
v -109.1571502685546875 56.27293395996093752 -80.72642517089843744
v -109.22402191162109376 56.55096435546875 -80.53019714355468752
v -109.24105072021484376 57.68925857543945312 -80.53019714355468752
v -109.1200408935546875 58.53496170043945312 -80.53019714355468752
v -108.94699096679687504 59.0772552490234375 -80.72642517089843744
v -108.9766921997070312 59.08641815185546875 -80.53019714355468752
v -108.40806579589843752 60.38972091674804688 -80.53019714355468752
v -107.145416259765625 52.64874267578125 -80.9034423828125
v -108.0552215576171875 53.70595550537109376 -80.9034423828125
v -108.70696258544921872 54.93911361694335936 -80.9034423828125
v -109.067962646484375 56.286376953125 -80.9034423828125
v -109.1201171875 57.68019485473632816 -80.9034423828125
v -108.86080932617187504 59.05067062377929688 -80.9034423828125
v -108.38114929199218752 60.37418365478515624 -80.72642517089843744
v -107.04986572265625 52.75172424316406256 -81.04392242431640625
v -107.93914794921875008 53.78509140014648432 -81.04392242431640625
v -108.57618713378906248 54.99043655395507808 -81.04392242431640625
v -108.92904663085937504 56.30731582641601564 -81.04392242431640625
v -108.98002624511718752 57.66969680786132816 -81.04392242431640625
v -108.7265625 59.0092620849609375 -81.04392242431640625
v -108.30303955078125 60.32908630371093752 -80.9034423828125
v -106.92945861816406256 52.88148498535156256 -81.13411712646484376
v -107.79289245605468752 53.88481140136718752 -81.13411712646484376
v -108.41140747070312496 55.05510711669921875 -81.13411712646484376
v -108.75400543212890624 56.33369827270507812 -81.13411712646484376
v -108.80350494384765632 57.65646743774414064 -81.13411712646484376
v -108.55741119384765624 58.95708465576171872 -81.13411712646484376
v -108.18138122558593752 60.25884246826171876 -81.04392242431640625
v -106.79598999023437504 53.02532958984375 -81.16519927978515624
v -107.63076019287109376 53.99534606933593744 -81.16519927978515624
v -108.22874450683593752 55.12679672241210938 -81.16519927978515624
v -108.55997467041015624 56.36294555664062496 -81.16519927978515624
v -108.60782623291015624 57.64180374145507816 -81.16519927978515624
v -108.36990356445312496 58.89924621582031248 -81.16519927978515624
v -108.028076171875 60.1703338623046875 -81.13411712646484376
v -107.85813903808593744 60.0722198486328125 -81.16519927978515624
v -108.40806579589843752 60.38972091674804688 -71.64019775390625
v -106.50306701660156248 63.68927764892578128 -71.64019775390625
v -108.9766921997070312 59.08641815185546875 -71.64019775390625
v -109.1200408935546875 58.53496170043945312 -71.64019775390625
v -109.22402191162109376 56.55096435546875 -71.64019775390625
v -109.24105072021484376 57.68925857543945312 -71.64019775390625
v -109.18788146972656248 56.26830291748046876 -71.64019775390625
v -108.70981597900390624 54.63194274902343752 -71.64019775390625
v -108.81985473632812496 54.89480590820312496 -71.64019775390625
v -107.62777709960937504 52.96574401855468752 -71.64019775390625
v -108.15541839599609376 53.6376380920410156 -71.64019775390625
v -107.2279052734375 52.55984115600585936 -71.64019775390625
v -106.068267822265625 51.74237442016601568 -71.44397735595703128
v -106.02317047119140625 51.82048797607421872 -71.26695251464843752
v -105.95292663574218752 51.9421463012695312 -71.12647247314453124
v -105.86441802978515632 52.09545135498046876 -71.03627777099609375
v -105.76630401611328128 52.26538467407226564 -71.0052032470703125
v -108.38114929199218752 60.37418365478515624 -71.44397735595703128
v -109.21006011962890624 57.68693542480468752 -71.44397735595703128
v -108.94699096679687504 59.0772552490234375 -71.44397735595703128
v -109.1571502685546875 56.27293395996093752 -71.44397735595703128
v -108.1297454833984375 53.6551475524902344 -71.44397735595703128
v -108.79092407226562496 54.90616226196289056 -71.44397735595703128
v -107.20676422119140624 52.58262634277343752 -71.44397735595703128
v -108.30303955078125 60.32908630371093752 -71.26695251464843752
v -108.86080932617187504 59.05067062377929688 -71.26695251464843752
v -109.1201171875 57.68019485473632816 -71.26695251464843752
v -109.067962646484375 56.286376953125 -71.26695251464843752
v -108.70696258544921872 54.93911361694335936 -71.26695251464843752
v -108.0552215576171875 53.70595550537109376 -71.26695251464843752
v -107.145416259765625 52.64874267578125 -71.26695251464843752
v -108.18138122558593752 60.25884246826171876 -71.12647247314453124
v -108.7265625 59.0092620849609375 -71.12647247314453124
v -108.98002624511718752 57.66969680786132816 -71.12647247314453124
v -108.92904663085937504 56.30731582641601564 -71.12647247314453124
v -108.57618713378906248 54.99043655395507808 -71.12647247314453124
v -107.93914794921875008 53.78509140014648432 -71.12647247314453124
v -107.04986572265625 52.75172424316406256 -71.12647247314453124
v -108.028076171875 60.1703338623046875 -71.03627777099609375
v -108.55741119384765624 58.95708465576171872 -71.03627777099609375
v -108.80350494384765632 57.65646743774414064 -71.03627777099609375
v -108.75400543212890624 56.33369827270507812 -71.03627777099609375
v -108.41140747070312496 55.05510711669921875 -71.03627777099609375
v -107.79289245605468752 53.88481140136718752 -71.03627777099609375
v -106.92945861816406256 52.88148498535156256 -71.03627777099609375
v -107.85813903808593744 60.0722198486328125 -71.0052032470703125
v -108.36990356445312496 58.89924621582031248 -71.0052032470703125
v -108.60782623291015624 57.64180374145507816 -71.0052032470703125
v -108.55997467041015624 56.36294555664062496 -71.0052032470703125
v -108.22874450683593752 55.12679672241210938 -71.0052032470703125
v -107.63076019287109376 53.99534606933593744 -71.0052032470703125
v -106.79598999023437504 53.02532958984375 -71.0052032470703125
v -105.65868377685546872 64.8333740234375 -71.64019775390625
v -105.25278472900390624 65.233245849609375 -71.64019775390625
v -104.58088684082031248 65.76089477539062496 -71.64019775390625
v -101.95022583007812496 66.79335784912109376 -71.64019775390625
v -103.32372283935546876 66.42532348632812496 -71.64019775390625
v -103.58658599853515624 66.31529235839843752 -71.64019775390625
v -101.66755676269531248 66.82949066162109376 -71.64019775390625
v -100.52926635742187504 66.84651947021484368 -71.64019775390625
v -99.68356323242187504 66.72551727294921872 -71.64019775390625
v -99.132110595703125 66.58216857910156248 -71.64019775390625
v -106.47615051269531248 63.67374038696289064 -71.44397735595703128
v -106.39804077148437504 63.62864303588867184 -71.26695251464843752
v -106.27637481689453124 63.55839920043945312 -71.12647247314453124
v -106.123077392578125 63.46989059448242184 -71.03627777099609375
v -105.95314025878906256 63.37177658081054688 -71.0052032470703125
v -97.84434509277343744 65.98662567138671872 -71.44397735595703128
v -100.53159332275390624 66.81552886962890624 -71.44397735595703128
v -99.14127349853515624 66.55246734619140624 -71.44397735595703128
v -101.94559478759765632 66.76261901855468752 -71.44397735595703128
v -104.56337738037109376 65.73521423339843744 -71.44397735595703128
v -103.31236267089843752 66.39639282226562496 -71.44397735595703128
v -105.63590240478515624 64.81223297119140624 -71.44397735595703128
v -97.88944244384765632 65.90851593017578128 -71.26695251464843752
v -99.16785430908203124 66.46627807617187504 -71.26695251464843752
v -100.538330078125 66.7255859375 -71.26695251464843752
v -101.93215179443359376 66.67343139648437504 -71.26695251464843752
v -103.27941131591796876 66.31243896484375 -71.26695251464843752
v -104.5125732421875 65.66069030761718752 -71.26695251464843752
v -105.56978607177734376 64.75088500976562496 -71.26695251464843752
v -97.95968627929687504 65.78684997558593744 -71.12647247314453124
v -99.20926666259765624 66.33203887939453124 -71.12647247314453124
v -100.548828125 66.58549499511718752 -71.12647247314453124
v -101.91120910644531248 66.53452301025390624 -71.12647247314453124
v -103.22808837890625 66.18166351318359376 -71.12647247314453124
v -104.43343353271484376 65.54462432861328128 -71.12647247314453124
v -105.46680450439453128 64.65533447265625 -71.12647247314453124
v -98.04819488525390625 65.63355255126953128 -71.03627777099609375
v -99.261444091796875 66.1628875732421875 -71.03627777099609375
v -100.56205749511718752 66.40897369384765624 -71.03627777099609375
v -101.88482666015624992 66.35948181152343752 -71.03627777099609375
v -103.163421630859375 66.01688385009765625 -71.03627777099609375
v -104.33371734619140624 65.39836120605468752 -71.03627777099609375
v -105.3370361328125 64.53493499755859376 -71.03627777099609375
v -98.14630126953125 65.46361541748046872 -71.0052032470703125
v -99.31928253173828124 65.97537994384765632 -71.0052032470703125
v -100.57672119140625 66.21329498291015624 -71.0052032470703125
v -101.8555831909179688 66.16544342041015624 -71.0052032470703125
v -103.09172821044921876 65.8342208862304688 -71.0052032470703125
v -104.22318267822265624 65.236236572265625 -71.0052032470703125
v -105.19319915771484376 64.40146636962890624 -71.0052032470703125
v -101.77247619628906256 64.77089691162109376 -81.16519927978515624
v -99.35280609130859376 63.37389373779296872 -81.16519927978515624
v -104.55980682373046872 54.35510635375976564 -81.16519927978515624
v -106.97947692871093744 55.75210571289062496 -81.16519927978515624
v -106.97947692871093744 55.75210571289062496 -71.0052032470703125
v -101.77247619628906256 64.77089691162109376 -71.0052032470703125
v -104.55980682373046872 54.35510635375976564 -71.0052032470703125
v -99.35280609130859376 63.37389373779296872 -71.0052032470703125
v -65.97562408447265632 46.88986206054687504 -66.54750061035156248
v -73.59562683105468752 33.69163513183593752 -66.54750061035156248
v -95.15273284912109376 46.13763809204101562 -66.54750061035156248
v -94.15464019775390624 58.0263824462890625 -66.54750061035156248
v -92.39487457275390624 57.01037979125976562 -66.54750061035156248
v -87.87969970703124992 59.24289321899414064 -66.54750061035156248
v -94.50160980224609376 57.93341064453124992 -66.54750061035156248
v -97.45524597167968752 52.72053909301757816 -66.54750061035156248
v -97.422607421875 52.87408828735351568 -66.54750061035156248
v -95.27417755126953124 46.41041564941406248 -66.54750061035156248
v -95.56987762451171872 51.51111984252929688 -66.54750061035156248
v -95.25777435302734376 46.25429534912109376 -66.54750061035156248
v -65.87058258056640624 46.7732048034667968 -66.54750061035156248
v -87.53273010253906248 59.33586502075195312 -66.54750061035156248
v -94.22882843017578124 58.05485916137695312 -66.54750061035156248
v -97.32964324951171876 52.52711868286132816 -66.54750061035156248
v -97.39139556884765624 52.57712936401367184 -66.54750061035156248
v -73.52143859863281248 33.66315841674804688 -66.54750061035156248
v -87.60691833496093752 59.36434173583984376 -66.54750061035156248
v -87.76303863525390624 59.34793472290039064 -66.54750061035156248
v -94.38494873046875 58.0384521484375 -66.54750061035156248
v -66.97371673583984368 35.00111770629882812 -66.54750061035156248
v -68.73348236083984368 36.017120361328125 -66.54750061035156248
v -66.62674713134765624 35.09408950805664062 -66.54750061035156248
v -63.7987174987792968 40.50038146972656248 -66.54750061035156248
v -63.69367599487304688 40.38372039794921872 -66.54750061035156248
v -65.85417938232421872 46.61708450317382816 -66.54750061035156248
v -65.55847930908203128 41.51638031005859376 -66.54750061035156248
v -73.2486572265625 33.78460693359375008 -66.54750061035156248
v -63.7057456970214844 40.153411865234375 -66.54750061035156248
v -73.36531829833984376 33.6795654296875 -66.54750061035156248
v -66.82016754150390624 34.96848297119140624 -66.54750061035156248
v -66.6767578125 35.03232955932617187 -66.54750061035156248
v -63.67726898193359376 40.22760009765625 -66.54750061035156248
v -95.24570465087890624 46.48460769653320312 -66.54750061035156248
v -65.88265228271484368 46.54289245605468752 -66.54750061035156248
v -97.422607421875 52.87408828735351568 -61.72150039672851568
v -94.50160980224609376 57.93341064453124992 -61.72150039672851568
v -63.7057456970214844 40.153411865234375 -61.72150039672851568
v -66.62674713134765624 35.09408950805664062 -61.72150039672851568
v -63.7987174987792968 40.50038146972656248 -61.72150039672851568
v -63.73695755004882816 40.45037078857421872 -61.72150039672851568
v -63.67310714721679688 40.30696105957031248 -61.72150039672851568
v -63.69367599487304688 40.38372039794921872 -61.72150039672851568
v -63.67726898193359376 40.22760009765625 -61.72150039672851568
v -94.45159912109375 57.99517059326171872 -61.72150039672851568
v -94.30818939208984376 58.05901718139648438 -61.72150039672851568
v -94.38494873046875 58.0384521484375 -61.72150039672851568
v -94.22882843017578124 58.05485916137695312 -61.72150039672851568
v -94.15464019775390624 58.0263824462890625 -61.72150039672851568
v -97.45524597167968752 52.72053909301757816 -61.72150039672851568
v -97.45108795166015624 52.79990005493164064 -61.72150039672851568
v -97.39139556884765624 52.57712936401367184 -61.72150039672851568
v -97.43467712402343752 52.64377975463867184 -61.72150039672851568
v -97.32964324951171876 52.52711868286132816 -61.72150039672851568
v -66.8995285034179688 34.97264099121093744 -61.72150039672851568
v -66.82016754150390624 34.96848297119140624 -61.72150039672851568
v -66.6767578125 35.03232955932617187 -61.72150039672851568
v -66.743408203125 34.98904800415039056 -61.72150039672851568
v -66.97371673583984368 35.00111770629882812 -61.72150039672851568
v -63.74775695800781248 40.17766571044921876 -61.5722007751464844
v -66.66875457763671872 35.11834335327148438 -61.5722007751464844
v -63.85774230957031248 40.24116516113281248 -61.47993087768554688
v -66.77873992919921872 35.18184280395507812 -61.47993087768554688
v -63.92571640014648432 40.28041076660156248 -61.46749877929687504
v -66.84671783447265632 35.22108840942382812 -61.46749877929687504
v -94.45960235595703128 57.90915679931640624 -61.5722007751464844
v -94.4908447265625 57.92719268798828128 -61.6430091857910156
v -97.41184234619140624 52.86787414550781248 -61.6430091857910156
v -94.34961700439453124 57.84565353393554688 -61.47993087768554688
v -94.41093444824218752 57.88105773925781248 -61.51601028442382816
v -97.33193206787109376 52.82173919677734368 -61.51601028442382816
v -97.38059997558593752 52.84983444213867184 -61.5722007751464844
v -97.27061462402343752 52.78633499145507808 -61.47993087768554688
v -97.20263671875 52.74708938598632816 -61.46749877929687504
v -94.28163909912109376 57.80641174316406256 -61.46749877929687504
v -65.91386413574218752 46.8398513793945312 -61.72150039672851568
v -65.97562408447265632 46.88986206054687504 -61.72150039672851568
v -65.85001373291015632 46.69644165039062496 -61.72150039672851568
v -65.87058258056640624 46.7732048034667968 -61.72150039672851568
v -65.85417938232421872 46.61708450317382816 -61.72150039672851568
v -65.88265228271484368 46.54289245605468752 -61.72150039672851568
v -73.2486572265625 33.78460693359375008 -61.72150039672851568
v -73.36531829833984376 33.6795654296875 -61.72150039672851568
v -73.52143859863281248 33.66315841674804688 -61.72150039672851568
v -73.59562683105468752 33.69163513183593752 -61.72150039672851568
v -95.15273284912109376 46.13763809204101562 -61.72150039672851568
v -95.25777435302734376 46.25429534912109376 -61.72150039672851568
v -95.27417755126953124 46.41041564941406248 -61.72150039672851568
v -95.24570465087890624 46.48460769653320312 -61.72150039672851568
v -87.82968902587890624 59.30465316772460936 -61.72150039672851568
v -87.87969970703124992 59.24289321899414064 -61.72150039672851568
v -87.686279296875 59.36850357055664064 -61.72150039672851568
v -87.76303863525390624 59.34793472290039064 -61.72150039672851568
v -87.60691833496093752 59.36434173583984376 -61.72150039672851568
v -87.53273010253906248 59.33586502075195312 -61.72150039672851568
v -66.7334060668945312 35.00637054443359375 -61.6468505859375
v -66.88334655761718752 35.00066757202148437 -61.60071563720703128
v -66.70608520507812496 35.0536956787109375 -61.59220504760742184
v -66.83913421630859376 35.07724380493164062 -61.51229476928710936
v -66.92136383056640624 35.09179306030273438 -61.51601028442382816
v -66.91021728515624992 35.11110305786132812 -61.5015296936035156
v -66.95670318603515632 35.03059005737304687 -61.59450149536132816
v -68.73348236083984368 36.017120361328125 -63.49950027465820312
v -71.1531524658203125 37.4141197204589844 -61.72150039672851568
v -71.1531524658203125 37.4141197204589844 -63.49950027465820312
v -71.21739959716796876 37.65386962890625 -61.47993087768554688
v -71.19148254394531248 37.55714416503906248 -61.51601028442382816
v -71.246124267578125 37.76108932495117184 -61.46749877929687504
v -71.16329193115234376 37.45193862915039064 -61.60618591308593752
v -71.15770721435546876 37.43110275268554688 -61.6430091857910156
v -71.1709136962890625 37.48038482666015624 -61.5722007751464844
v -71.154296875 37.4183921813964844 -61.6817665100097656
v -73.29066467285156248 33.80886077880859376 -61.5722007751464844
v -73.40065002441406248 33.87236022949218752 -61.47993087768554688
v -73.4686279296875 33.91160583496093744 -61.46749877929687504
v -71.026153564453125 37.6340904235839844 -63.75349807739257808
v -68.60648345947265624 36.237091064453125 -63.75349807739257808
v -68.68112945556640624 36.10779571533203124 -63.70499038696289064
v -71.10080718994140624 37.50479507446289064 -63.70499038696289064
v -68.72726440429687504 36.02788543701171875 -63.57799148559570312
v -71.146942138671875 37.42488479614257816 -63.57799148559570312
v -65.68547821044921872 41.29640960693359376 -63.75349807739257808
v -65.64623260498046872 41.3643836975097656 -63.74106979370117184
v -65.58273315429687504 41.4743690490722656 -63.64879608154296872
v -65.55847930908203128 41.51638031005859376 -63.49950027465820312
v -68.10515594482421876 42.69340896606445312 -63.75349807739257808
v -67.9781570434570312 42.91337966918945312 -63.49950027465820312
v -68.002410888671875 42.87136840820312496 -63.64879608154296872
v -68.06591033935546875 42.76138305664062496 -63.74106979370117184
v -67.9781570434570312 42.91337966918945312 -61.72150039672851568
v -63.82297134399414064 40.4583702087402344 -61.5722007751464844
v -67.99514007568359376 42.90882873535156256 -61.6430091857910156
v -68.0159759521484375 42.90324783325195312 -61.60618591308593752
v -67.9824295043945312 42.9122352600097656 -61.6817665100097656
v -63.81573104858398432 40.47090911865234376 -61.59450149536132816
v -63.86221694946289056 40.39039611816406248 -61.5015296936035156
v -68.0444183349609375 42.8956260681152344 -61.5722007751464844
v -68.121185302734375 42.87505722045898432 -61.51601028442382816
v -68.21790313720703124 42.84914016723632816 -61.47993087768554688
v -68.32512664794921876 42.82041168212890624 -61.46749877929687504
v -66.10262298583984376 46.66989135742187504 -61.46749877929687504
v -66.0346527099609375 46.63064956665039064 -61.47993087768554688
v -65.92466735839843744 46.56714630126953128 -61.5722007751464844
v -63.6831092834472656 40.28963851928710936 -61.6468505859375
v -63.71043395996093752 40.24231338500976564 -61.59220504760742184
v -63.7973518371582032 40.34576797485351564 -61.51229476928710936
v -63.75313949584960944 40.42234039306640624 -61.60071563720703128
v -97.42091369628906248 52.66762161254882816 -61.61875534057617184
v -97.3126220703125 52.55659103393554688 -61.59450149536132816
v -97.27729034423828124 52.6177940368652344 -61.51601028442382816
v -97.38330841064453128 52.73275756835937504 -61.54354095458984376
v -97.26613616943359376 52.63710403442382816 -61.5015296936035156
v -97.44583129882812496 52.80900573730468752 -61.6822547912597656
v -97.43146514892578128 52.83388519287109376 -61.65352630615234376
v -93.15019989013671876 50.1141204833984375 -61.72150039672851568
v -95.56987762451171872 51.51111984252929688 -63.49950027465820312
v -93.15019989013671876 50.1141204833984375 -63.49950027465820312
v -93.14592742919921876 50.115264892578125 -61.6817665100097656
v -93.13321685791015624 50.11867141723632812 -61.6430091857910156
v -93.1123809814453125 50.1242523193359375 -61.60618591308593752
v -93.0839385986328125 50.13187408447265624 -61.5722007751464844
v -93.007171630859375 50.15244293212890624 -61.51601028442382816
v -92.91045379638671872 50.1783599853515625 -61.47993087768554688
v -92.8032302856445312 50.20708847045898436 -61.46749877929687504
v -95.02573394775390625 46.35760498046875 -61.46749877929687504
v -95.155029296875 46.4322547912597656 -61.51601028442382816
v -95.20368957519531248 46.46035385131835936 -61.5722007751464844
v -95.0937042236328125 46.3968505859375 -61.47993087768554688
v -95.23493194580078124 46.4783897399902344 -61.6430091857910156
v -95.54562377929687504 51.55313110351562496 -63.64879608154296872
v -93.125946044921875 50.15613174438476562 -63.64879608154296872
v -95.48212432861328128 51.66311645507812496 -63.74106979370117184
v -93.06244659423828125 50.26611328125 -63.74106979370117184
v -95.44287872314453128 51.7310905456542968 -63.75349807739257808
v -93.02320098876953125 50.33409118652343752 -63.75349807739257808
v -92.52187347412109376 56.7904090881347656 -63.75349807739257808
v -92.44722747802734376 56.91970443725585936 -63.70499038696289064
v -92.39487457275390624 57.01037979125976562 -63.49950027465820312
v -92.40109252929687504 56.99961471557617184 -63.57799148559570312
v -90.102203369140625 55.39340972900390624 -63.75349807739257808
v -90.02754974365234375 55.522705078125 -63.70499038696289064
v -89.98141479492187504 55.60261535644531248 -63.57799148559570312
v -89.97520446777343744 55.61338043212890624 -63.49950027465820312
v -89.97520446777343744 55.61338043212890624 -61.72150039672851568
v -89.88223266601562496 55.26641082763671876 -61.46749877929687504
v -89.91095733642578128 55.37363052368164064 -61.47993087768554688
v -94.2181396484375 57.91639709472656256 -61.5015296936035156
v -89.93687438964843744 55.47035598754882816 -61.51601028442382816
v -89.95744323730468752 55.5471153259277344 -61.5722007751464844
v -94.17165374755859376 57.99691009521484368 -61.59450149536132816
v -89.97406005859375008 55.60910797119140624 -61.6817665100097656
v -94.17889404296875 57.9843711853027344 -61.5722007751464844
v -89.96506500244140624 55.5755615234375 -61.60618591308593752
v -89.97064971923828128 55.59639739990234376 -61.6430091857910156
v -87.83769226074218752 59.21863937377929688 -61.5722007751464844
v -87.86893463134765632 59.23667907714843752 -61.6430091857910156
v -87.78902435302734368 59.19054031372070312 -61.51601028442382816
v -87.72770690917968752 59.15513992309570312 -61.47993087768554688
v -87.65972900390625 59.11589431762695312 -61.46749877929687504
v -94.35956573486328124 57.97003936767578128 -61.54354095458984376
v -94.32195281982421876 58.03517532348632812 -61.61875534057617184
v -94.47122192382812496 57.961181640625 -61.65352630615234376
v -94.45685577392578128 57.98606109619140624 -61.6822547912597656
v -65.86001586914062496 46.67912292480468752 -61.6468505859375
v -65.88734436035156256 46.63179397583007816 -61.59220504760742184
v -65.97425842285156256 46.73524856567382816 -61.51229476928710936
v -65.9300460815429688 46.81182479858398432 -61.60071563720703128
v -65.9998779296875 46.84785461425781248 -61.5722007751464844
v -65.99263763427734368 46.86039352416992192 -61.59450149536132816
v -66.03912353515625 46.77987670898437504 -61.5015296936035156
v -68.13226318359375 48.13499832153320312 -61.72150039672851568
v -68.1488800048828125 48.1062164306640625 -61.59588623046875
v -68.15651702880859376 48.092987060546875 -61.5722007751464844
v -68.19541931152343752 48.02561187744140625 -61.50193023681640624
v -68.22001647949218752 47.98300170898437504 -61.47993087768554688
v -68.25926208496093752 47.9150276184082032 -61.46749877929687504
v -73.355316162109375 33.69688796997070312 -61.6468505859375
v -73.50525665283203128 33.69118499755859376 -61.60071563720703128
v -73.32798767089843752 33.74421310424804688 -61.59220504760742184
v -73.46104431152343752 33.76776123046875008 -61.51229476928710936
v -73.53212738037109376 33.80162048339843744 -61.5015296936035156
v -73.57137298583984376 33.7336463928222656 -61.5722007751464844
v -73.57861328125 33.72110748291015632 -61.59450149536132816
v -75.62526702880859376 35.15674209594726562 -61.46749877929687504
v -75.73564147949218752 34.96555328369140624 -61.59588623046875
v -75.72801208496093744 34.97878265380859376 -61.5722007751464844
v -75.68910980224609376 35.0461578369140625 -61.50193023681640624
v -75.66450500488281248 35.08876800537109375 -61.47993087768554688
v -75.75226593017578128 34.9367713928222656 -61.72150039672851568
v -68.38072967529296872 47.98515701293945312 -61.50973510742187504
v -68.38137054443359376 47.98552703857421872 -61.51023101806640624
v -68.46179962158203128 48.03196334838867187 -61.62239837646484376
v -75.82779693603515632 35.27367782592773436 -61.62239837646484376
v -75.74737548828124992 35.22724151611328124 -61.51023101806640624
v -75.74672698974609376 35.22687149047851564 -61.50973510742187504
v -68.46239471435546872 48.03230667114257812 -61.62404251098632816
v -68.47794342041015624 48.04128265380859375 -61.69404220581054688
v -75.84394073486328128 35.28299713134765624 -61.69404220581054688
v -75.82839965820312496 35.27402114868164064 -61.62404251098632816
v -95.13571929931640624 46.16710662841796876 -61.59450149536132816
v -95.12847900390625 46.17964553833007812 -61.5722007751464844
v -95.0892333984375 46.24762344360351564 -61.5015296936035156
v -95.20639801025390624 46.34327697753906248 -61.54354095458984376
v -95.24400329589843752 46.27813720703125 -61.61875534057617184
v -95.2689208984375 46.41952514648437504 -61.6822547912597656
v -95.25455474853515624 46.44440460205078128 -61.65352630615234376
v -92.97183990478515632 44.93451309204101568 -61.5722007751464844
v -92.99609375 44.89250183105468752 -61.72150039672851568
v -92.97947692871093744 44.92128372192382816 -61.59588623046875
v -92.93293762207031248 45.00188827514648437 -61.50193023681640624
v -92.90834045410156256 45.04449844360351562 -61.47993087768554688
v -92.86909484863281248 45.1124725341796875 -61.46749877929687504
v -87.73765563964843744 59.27952194213867188 -61.54354095458984376
v -87.59622955322265624 59.22587966918945312 -61.5015296936035156
v -87.55698394775390624 59.293853759765625 -61.5722007751464844
v -87.70004272460937504 59.34465789794921876 -61.61875534057617184
v -87.54974365234375 59.30639266967773436 -61.59450149536132816
v -87.84931182861328128 59.27066421508789064 -61.65352630615234376
v -87.83494567871093744 59.29554367065429688 -61.6822547912597656
v -85.50308990478515624 57.87075805664062496 -61.46749877929687504
v -85.40034484863281248 58.04871749877929688 -61.5722007751464844
v -85.39270782470703128 58.06194686889648438 -61.59588623046875
v -85.37609100341796872 58.090728759765625 -61.72150039672851568
v -85.43924713134765624 57.98134231567382816 -61.50193023681640624
v -85.46385192871093752 57.9387321472167968 -61.47993087768554688
v -85.28440856933593752 57.7445030212402344 -61.69404220581054688
v -85.33316802978515624 57.77265167236328128 -61.56020355224609376
v -92.69916534423828128 45.01436614990234375 -61.56020355224609376
v -85.33390808105468752 57.7730789184570312 -61.55917358398437504
v -92.69990539550781248 45.01479339599609375 -61.55917358398437504
v -92.8052978515625 45.0756378173828125 -61.47841644287109376
v -85.43930053710937504 57.83392333984375008 -61.47841644287109376
v -85.43966674804687504 57.83413696289062496 -61.47828674316406248
v -92.8056640625 45.0758514404296875 -61.47828674316406248
v -92.65041351318359376 44.9862174987792968 -61.69404220581054688
v -68.32826995849609376 48.07750701904296875 -61.53886795043945312
v -68.28955841064453124 48.14455413818359376 -61.61701583862304688
v -68.43789672851562496 48.074737548828125 -61.63725280761718752
v -68.2060546875 48.16324615478515624 -61.7130126953125
v -68.2763671875 48.1679840087890625 -61.70613479614257816
v -68.36153411865234376 48.14646530151367188 -61.6992835998535156
v -68.40457153320312496 48.12186050415039062 -61.69656753540039064
v -68.45576477050781248 48.07367324829101562 -61.69437026977539064
v -68.43521881103515624 48.09629440307617188 -61.6950721740722656
v -71.91702270507812496 50.19923019409179688 -62.30402755737304688
v -72.0530853271484375 50.22833633422851564 -61.69656753540039064
v -72.0692291259765625 50.15990829467773438 -61.69437026977539064
v -71.95298767089843744 50.04760360717773438 -62.28509902954101564
v -72.0532989501953125 50.27791213989257812 -61.6992835998535156
v -71.6778564453125 49.88875579833984368 -62.80670547485351568
v -71.63552093505859376 50.03670501708984375 -62.83770751953124992
v -71.28415679931640624 49.66145324707031248 -63.21455383300781248
v -71.23270416259765624 49.80414199829101568 -63.25499725341796876
v -70.80533599853515632 49.38500213623046872 -63.4739990234375
v -70.7427978515625 49.52129364013671872 -63.52044677734375
v -70.28206634521484376 49.08289337158203125 -63.56299972534179688
v -70.20741271972656248 49.212188720703125 -63.61151123046875
v -69.7587966918945312 48.78078079223632816 -63.4739990234375
v -69.67202758789062496 48.9030838012695312 -63.52044677734375
v -69.27996826171875 48.50433349609375 -63.21455383300781248
v -69.18212127685546876 48.6202354431152344 -63.25499725341796876
v -68.88627624511718752 48.27703094482421876 -62.80670547485351568
v -68.77931213378906256 48.38767242431640624 -62.83770751953124992
v -68.61113739013671872 48.11818313598632812 -62.28509902954101564
v -68.49781036376953128 48.22514724731445312 -62.30402755737304688
v -72.11650848388671876 50.42094802856445312 -61.7130126953125
v -71.97215270996093744 50.33760452270507812 -62.35357666015625
v -71.67398071289062496 50.16545486450195312 -62.91887283325195312
v -71.24730682373046876 49.91911315917968752 -63.36087799072265624
v -70.72837829589843744 49.6195106506347656 -63.64205551147460936
v -70.16127777099609376 49.29209899902343752 -63.73851013183593744
v -69.59418487548828128 48.96468353271484368 -63.64205551147460936
v -69.07525634765625 48.66508102416992184 -63.36087799072265624
v -68.64858245849609376 48.41874313354492184 -62.91887283325195312
v -68.35041046142578124 48.24658966064453124 -62.35357666015625
v -72.17786407470703124 50.47072982788085936 -61.72150039672851568
v -72.02852630615234375 50.38450622558593752 -62.38420104980468752
v -71.72004699707031248 50.20640563964843752 -62.96903610229492192
v -71.27862548828125 49.9515495300292968 -63.42631912231445312
v -70.74176025390624992 49.64159393310546872 -63.71720886230468752
v -70.15506744384765624 49.30286407470703124 -63.81700134277343744
v -69.56836700439453128 48.96413421630859376 -63.71720886230468752
v -69.0315093994140625 48.6541748046875 -63.42631912231445312
v -68.590087890625 48.39932250976562496 -62.96903610229492192
v -68.28160095214843752 48.221221923828125 -62.38420104980468752
v -72.086181640625 50.12450408935546876 -61.69404220581054688
v -75.80047607421875008 35.13526153564453124 -61.53886795043945312
v -75.83918762207031248 35.06821823120117188 -61.61701583862304688
v -75.8528976440429688 35.23159027099609376 -61.63725280761718752
v -75.86090087890624992 35.24759292602539064 -61.69437026977539064
v -75.87022399902343744 35.21849060058593752 -61.6950721740722656
v -75.87703704833984368 35.17916488647460938 -61.69656753540039064
v -75.8768310546875 35.12958908081054688 -61.6992835998535156
v -75.85288238525390624 35.045074462890625 -61.70613479614257816
v -75.81362152099609376 34.98655319213867184 -61.7130126953125
v -75.97714233398437504 35.35989761352539064 -62.28509902954101564
v -76.25227355957031248 35.51874542236328128 -62.80670547485351568
v -76.64597320556640624 35.74604797363281248 -63.21455383300781248
v -77.12479400634765624 36.02249526977539062 -63.4739990234375
v -77.64806365966796872 36.32460784912109376 -63.56299972534179688
v -78.17133331298828124 36.62671661376953128 -63.4739990234375
v -78.65015411376953128 36.90316390991210944 -63.21455383300781248
v -79.043853759765625 37.13046646118164062 -62.80670547485351568
v -79.31899261474609376 37.28931427001953124 -62.28509902954101564
v -79.45218658447265624 37.3662147521972656 -61.69404220581054688
v -76.0131072998046875 35.20827102661132812 -62.30402755737304688
v -76.29460906982421876 35.37079620361328128 -62.83770751953124992
v -76.69742584228515624 35.60335922241210936 -63.25499725341796876
v -77.18733215332031248 35.88620758056640624 -63.52044677734375
v -77.72270965576171872 36.1953125 -63.61151123046875
v -78.25809478759765624 36.50441741943359376 -63.52044677734375
v -78.74800109863281248 36.78726196289062496 -63.25499725341796876
v -79.15081787109375 37.01982879638671875 -62.83770751953124992
v -79.43231964111328128 37.18235397338867188 -62.30402755737304688
v -79.474365234375 37.33382797241210936 -61.69437026977539064
v -75.95797729492187504 35.06989288330078125 -62.35357666015625
v -76.25614929199218752 35.24204635620117188 -62.91887283325195312
v -76.68282318115234376 35.48838806152343752 -63.36087799072265624
v -77.201751708984375 35.78798675537109376 -63.64205551147460936
v -77.76885223388671872 36.1154022216796875 -63.73851013183593744
v -78.33594512939453124 36.44281768798828128 -63.64205551147460936
v -78.85487365722656256 36.7424201965332032 -63.36087799072265624
v -79.28154754638671876 36.9887580871582032 -62.91887283325195312
v -79.57971954345703128 37.16091156005859376 -62.35357666015625
v -79.56859588623046872 37.26103210449218752 -61.6992835998535156
v -75.9016036987304688 35.0229949951171875 -62.38420104980468752
v -76.2100830078125 35.20109558105468752 -62.96903610229492192
v -76.65150451660156248 35.45594787597656248 -63.42631912231445312
v -77.18836975097656248 35.76590728759765632 -63.71720886230468752
v -77.77506256103515632 36.10463714599609376 -63.81700134277343744
v -78.36176300048828128 36.44336700439453128 -63.71720886230468752
v -78.89862060546875008 36.75332260131835936 -63.42631912231445312
v -79.34004211425781248 37.0081787109375 -62.96903610229492192
v -79.64852905273437504 37.186279296875 -62.38420104980468752
v -79.72407531738281248 37.24425125122070312 -61.7130126953125
v -79.79786682128906256 37.27250289916992188 -61.72150039672851568
v -72.13494110107421876 50.15265274047851562 -61.56020355224609376
v -79.50093841552734376 37.39436721801757816 -61.56020355224609376
v -72.13568115234375 50.153076171875 -61.55917358398437504
v -79.50167846679687504 37.39479064941406248 -61.55917358398437504
v -79.60707092285156248 37.45563888549804688 -61.47841644287109376
v -72.24106597900390624 50.21392440795898436 -61.47841644287109376
v -72.24143981933593752 50.21413803100585936 -61.47828674316406248
v -79.60743713378906248 37.45585250854492184 -61.47828674316406248
v -72.30486297607421876 50.25075912475585936 -61.46749877929687504
v -79.67086791992187504 37.49247360229492184 -61.46749877929687504
v -92.91093444824218752 44.89266967773437504 -61.60128402709960936
v -92.76926422119140624 44.8929557800292968 -61.64173126220703128
v -92.73971557617187504 44.94414138793945312 -61.58206558227539064
v -92.86640167236328128 44.96981048583984368 -61.51136779785156248
v -92.92230224609375008 44.8642539978027344 -61.7130126953125
v -92.67259216308593752 44.95382690429687504 -61.69437026977539064
v -92.76682281494140624 44.88103485107421872 -61.6992835998535156
v -89.1753692626953125 42.97989654541015632 -62.28509902954101564
v -89.211334228515625 42.82826995849609376 -62.30402755737304688
v -89.068450927734375 42.8384933471679688 -61.6950721740722656
v -89.07526397705078125 42.79916381835937504 -61.69656753540039064
v -89.0591278076171875 42.86759185791015632 -61.69437026977539064
v -89.0750579833984375 42.74958801269531248 -61.6992835998535156
v -89.45050048828125 43.13874435424804688 -62.80670547485351568
v -89.49283599853515624 42.99079513549804688 -62.83770751953124992
v -89.84420013427734368 43.36604690551757816 -63.21455383300781248
v -89.89565277099609376 43.223358154296875 -63.25499725341796876
v -90.32302093505859376 43.64249420166015624 -63.4739990234375
v -90.38555908203125 43.50620651245117184 -63.52044677734375
v -90.84629058837890624 43.94460678100585936 -63.56299972534179688
v -90.92094421386718752 43.8153114318847656 -63.61151123046875
v -91.36956024169921872 44.24671936035156248 -63.4739990234375
v -91.45632171630859376 44.12441635131835938 -63.52044677734375
v -91.848388671875 44.52316665649414064 -63.21455383300781248
v -91.94622802734375008 44.40726470947265624 -63.25499725341796876
v -92.24208068847656248 44.75046920776367184 -62.80670547485351568
v -92.34904479980468752 44.6398277282714844 -62.83770751953124992
v -92.51721954345703128 44.90931701660156256 -62.28509902954101564
v -92.63054656982421872 44.80235290527343744 -62.30402755737304688
v -89.05110931396484375 42.66507339477539064 -61.70613479614257816
v -89.1562042236328125 42.68989562988281248 -62.35357666015625
v -89.01184844970703125 42.60655212402343752 -61.7130126953125
v -89.45437622070312496 42.86204528808593744 -62.91887283325195312
v -89.88105010986328128 43.10838699340820312 -63.36087799072265624
v -90.39997863769531248 43.40798950195312496 -63.64205551147460936
v -90.96707916259765632 43.73540115356445312 -63.73851013183593744
v -91.53417205810546872 44.06281661987304688 -63.64205551147460936
v -92.0531005859375 44.36241912841796872 -63.36087799072265624
v -92.47977447509765624 44.60875701904296872 -62.91887283325195312
v -92.7779464721679688 44.78091049194335936 -62.35357666015625
v -88.95049285888671872 42.55677032470703128 -61.72150039672851568
v -89.09983062744140624 42.64299392700195312 -62.38420104980468752
v -89.40830993652343752 42.82109451293945312 -62.96903610229492192
v -89.8497314453125 43.07595062255859375 -63.42631912231445312
v -90.3865966796875 43.38590621948242184 -63.71720886230468752
v -90.97328948974609376 43.72463607788085936 -63.81700134277343744
v -91.55998992919921872 44.06336593627929688 -63.71720886230468752
v -92.0968475341796875 44.37332534790039064 -63.42631912231445312
v -92.53826904296875 44.6281776428222656 -62.96903610229492192
v -92.84675598144531248 44.8062782287597656 -62.38420104980468752
v -89.04217529296875 42.90299606323242192 -61.69404220581054688
v -85.37819671630859376 57.93975448608398432 -61.51136779785156248
v -85.29262542724609376 57.84287643432617184 -61.58206558227539064
v -85.26306915283203124 57.89406204223632816 -61.64173126220703128
v -85.33365631103515624 58.01689529418945312 -61.60128402709960936
v -85.2674560546875 57.7799072265625 -61.69437026977539064
v -85.25131988525390624 57.84833526611328128 -61.69656753540039064
v -85.31473541259765624 58.04094696044921875 -61.7130126953125
v -85.25152587890625 57.89791107177734368 -61.6992835998535156
v -81.67617034912109376 55.66128540039062496 -61.69404220581054688
v -81.80936431884765632 55.73818588256835936 -62.28509902954101564
v -82.084503173828125 55.89703369140624992 -62.80670547485351568
v -82.47819519042968752 56.12433624267578124 -63.21455383300781248
v -82.9570236206054688 56.40078353881835936 -63.4739990234375
v -83.48029327392578128 56.70289230346679688 -63.56299972534179688
v -84.00356292724609375 57.0050048828125 -63.4739990234375
v -84.48238372802734376 57.28145217895507812 -63.21455383300781248
v -84.87608337402343744 57.50875473022460936 -62.80670547485351568
v -85.151214599609375 57.6676025390625 -62.28509902954101564
v -85.1152496337890625 57.81922912597656256 -62.30402755737304688
v -84.8337478637695312 57.65670394897460936 -62.83770751953124992
v -84.43093109130859376 57.42414093017578128 -63.25499725341796876
v -83.94102478027343744 57.14129257202148438 -63.52044677734375
v -83.4056396484375 56.83218765258789056 -63.61151123046875
v -82.87026214599609376 56.52308273315429688 -63.52044677734375
v -82.38035583496093752 56.24023818969726564 -63.25499725341796876
v -81.9775390625 56.00767135620117187 -62.83770751953124992
v -81.65399169921875 55.69367218017578128 -61.69437026977539064
v -81.63344573974609376 55.71629333496093752 -61.6950721740722656
v -81.69603729248046872 55.84514617919921872 -62.30402755737304688
v -81.60279846191406248 55.74186325073242192 -61.69656753540039064
v -85.170379638671875 57.95760726928710944 -62.35357666015625
v -84.87220764160156256 57.78545379638671872 -62.91887283325195312
v -84.44553375244140624 57.53911209106445312 -63.36087799072265624
v -83.92660522460937504 57.23951339721679688 -63.64205551147460936
v -83.35950469970703124 56.9120979309082032 -63.73851013183593744
v -82.79241180419921872 56.58468246459960936 -63.64205551147460936
v -82.27348327636718752 56.28507995605468752 -63.36087799072265624
v -81.8468093872070312 56.0387420654296875 -62.91887283325195312
v -81.47459411621093752 55.78798675537109376 -61.70613479614257816
v -81.54863739013671872 55.8665885925292968 -62.35357666015625
v -81.55976104736328128 55.7664680480957032 -61.6992835998535156
v -85.22675323486328124 58.00450515747070312 -62.38420104980468752
v -84.91827392578124992 57.8264045715332032 -62.96903610229492192
v -84.47685241699218752 57.57155227661132816 -63.42631912231445312
v -83.93998718261718752 57.26159286499023436 -63.71720886230468752
v -83.35329437255859376 56.9228630065917968 -63.81700134277343744
v -82.7665939331054688 56.58413314819335936 -63.71720886230468752
v -82.229736328125 56.27417755126953124 -63.42631912231445312
v -81.78831481933593744 56.01932144165039062 -62.96903610229492192
v -81.47982788085937504 55.84122085571289056 -62.38420104980468752
v -81.40428161621093752 55.78324890136718752 -61.7130126953125
v -81.33049011230468752 55.7549972534179688 -61.72150039672851568
v -88.8234939575195312 42.7767410278320312 -61.46749877929687504
v -81.45748901367187504 55.53502655029296872 -61.46749877929687504
v -81.57895660400390624 55.60515594482421872 -61.50973510742187504
v -81.57959747314453128 55.6055259704589844 -61.51023101806640624
v -81.66002655029296872 55.65196228027343752 -61.62239837646484376
v -89.02602386474609375 42.8936767578125 -61.62239837646484376
v -88.94560241699218752 42.84724044799804688 -61.51023101806640624
v -88.9449539184570312 42.84687042236328128 -61.50973510742187504
v -81.66062164306640624 55.65230941772460936 -61.62404251098632816
v -89.0266265869140625 42.89402008056640624 -61.62404251098632816
v -81.41824340820312496 55.60300445556640624 -61.47993087768554688
v -81.52649688720703128 55.697509765625 -61.53886795043945312
v -81.39364624023437504 55.64561080932617184 -61.50193023681640624
v -81.35474395751953124 55.71298980712890624 -61.5722007751464844
v -81.48778533935546872 55.76455307006835936 -61.61701583862304688
v -81.63612365722656248 55.69473648071289064 -61.63725280761718752
v -81.34710693359375 55.72621536254882816 -61.59588623046875
v -78.80123138427734368 54.23871612548828124 -61.5722007751464844
v -78.79359436035156256 54.25194549560546876 -61.59588623046875
v -78.7769775390625 54.28072738647460936 -61.72150039672851568
v -78.86473083496093744 54.12873458862304688 -61.47993087768554688
v -78.84013366699218752 54.1713409423828125 -61.50193023681640624
v -78.90397644042968752 54.06075668334960938 -61.46749877929687504
v -88.99870300292968752 42.7552604675292968 -61.53886795043945312
v -89.03741455078125 42.68821716308593752 -61.61701583862304688
v -88.92623901367187504 42.59878158569335936 -61.5722007751464844
v -88.93387603759765632 42.58555603027343752 -61.59588623046875
v -88.86273193359375008 42.70876693725585936 -61.47993087768554688
v -88.8873367309570312 42.66616058349609376 -61.50193023681640624
v -89.05112457275390625 42.85158920288085936 -61.63725280761718752
v -86.26998138427734376 41.30247116088867188 -61.46749877929687504
v -86.38036346435546872 41.11128616333007812 -61.59588623046875
v -86.39698028564453128 41.08250045776367188 -61.72150039672851568
v -86.33382415771484376 41.19188690185546876 -61.50193023681640624
v -86.30922698974609376 41.2344970703125 -61.47993087768554688
v -86.37272644042968752 41.12451171875 -61.5722007751464844
v -78.68529510498046872 53.93450164794921872 -61.69404220581054688
v -78.73405456542968752 53.9626502990722656 -61.56020355224609376
v -86.1000518798828125 41.20436477661132812 -61.56020355224609376
v -78.73479461669921872 53.96307754516601568 -61.55917358398437504
v -86.10079193115234376 41.20479202270507812 -61.55917358398437504
v -86.20618438720703124 41.26564025878906248 -61.47841644287109376
v -78.84018707275390624 54.02392578125 -61.47841644287109376
v -78.84055328369140624 54.024139404296875 -61.47828674316406248
v -86.20655059814453124 41.26585388183593752 -61.47828674316406248
v -86.051300048828125 41.17621612548828124 -61.69404220581054688
v -86.31182098388671876 41.08266830444335938 -61.60128402709960936
v -86.1701507568359375 41.08295822143554688 -61.64173126220703128
v -86.14060211181640624 41.13414382934570312 -61.58206558227539064
v -86.26728820800781248 41.15980911254882812 -61.51136779785156248
v -86.32318878173828124 41.05425262451171875 -61.7130126953125
v -86.07347869873046875 41.14382553100585938 -61.69437026977539064
v -86.1677093505859375 41.07103347778320312 -61.6992835998535156
v -86.24764251708984376 40.99628067016601568 -62.38420104980468752
v -82.50071716308593752 38.83299255371093744 -62.38420104980468752
v -83.7874832153320312 39.57590484619140624 -63.71720886230468752
v -84.37417602539062496 39.91463470458984368 -63.81700134277343744
v -84.96087646484375008 40.25336837768554688 -63.71720886230468752
v -83.25061798095703124 39.26594924926757812 -63.42631912231445312
v -85.49773406982421872 40.56332397460937504 -63.42631912231445312
v -85.93915557861328128 40.81817626953124992 -62.96903610229492192
v -82.8091964721679688 39.01109695434570312 -62.96903610229492192
v -82.35137939453125 38.74677276611328128 -61.72150039672851568
v -79.71270751953125 37.27267074584960936 -61.60128402709960936
v -79.57103729248046872 37.27295684814453124 -61.64173126220703128
v -79.54148864746093752 37.32414245605468752 -61.58206558227539064
v -79.66816711425781248 37.34980773925781248 -61.51136779785156248
v -79.73471069335937504 37.38188934326171872 -61.50193023681640624
v -79.77361297607421872 37.31451034545898436 -61.5722007751464844
v -79.71011352539062496 37.4244956970214844 -61.47993087768554688
v -79.78125 37.30128479003906248 -61.59588623046875
v -82.57625579833984376 39.16989898681640624 -62.28509902954101564
v -82.61222076416015624 39.01826858520507812 -62.30402755737304688
v -82.46933746337890624 39.02849197387695312 -61.6950721740722656
v -82.47615051269531248 38.98916625976562496 -61.69656753540039064
v -82.46001434326171872 39.05759429931640625 -61.69437026977539064
v -82.47594451904296872 38.93959045410156256 -61.6992835998535156
v -82.85138702392578128 39.32874679565429688 -62.80670547485351568
v -82.89372253417968752 39.18079376220703124 -62.83770751953124992
v -83.245086669921875 39.55604934692382816 -63.21455383300781248
v -83.296539306640625 39.41336059570312496 -63.25499725341796876
v -83.72390747070312496 39.83249664306640624 -63.4739990234375
v -83.78644561767578128 39.69620513916015624 -63.52044677734375
v -84.24717712402343752 40.13460540771484376 -63.56299972534179688
v -84.32183074951171876 40.00531005859375 -63.61151123046875
v -84.77044677734375008 40.43671798706054688 -63.4739990234375
v -84.85720825195312496 40.31441497802734376 -63.52044677734375
v -85.249267578125 40.71316528320312496 -63.21455383300781248
v -85.34711456298828124 40.59726333618164064 -63.25499725341796876
v -85.64296722412109376 40.94046783447265632 -62.80670547485351568
v -85.74993133544921872 40.8298263549804688 -62.83770751953124992
v -85.91810607910156256 41.09931564331054688 -62.28509902954101564
v -86.03143310546875 40.99235153198242192 -62.30402755737304688
v -82.45199584960937504 38.85507202148437504 -61.70613479614257816
v -82.55709075927734376 38.8798942565917968 -62.35357666015625
v -82.41273498535156248 38.79655456542968752 -61.7130126953125
v -82.85526275634765632 39.0520477294921875 -62.91887283325195312
v -83.28193664550781248 39.29838562011718752 -63.36087799072265624
v -83.80086517333984368 39.59798812866210936 -63.64205551147460936
v -84.36796569824218752 39.9254035949707032 -63.73851013183593744
v -84.93505859375 40.25281524658203124 -63.64205551147460936
v -85.45398712158203128 40.55241775512695312 -63.36087799072265624
v -85.88066101074218752 40.79875946044921872 -62.91887283325195312
v -86.1788330078125 40.97090911865234368 -62.35357666015625
v -82.44306182861328128 39.09299850463867188 -61.69404220581054688
v -82.32712554931640624 38.78878021240234368 -61.5722007751464844
v -82.33476257324218752 38.77555465698242192 -61.59588623046875
v -82.26361846923828124 38.89876556396484368 -61.47993087768554688
v -82.28822326660156248 38.85615921020507808 -61.50193023681640624
v -82.22438049316406248 38.96674346923828128 -61.46749877929687504
v -78.77908325195312496 54.12975692749023438 -61.51136779785156248
v -78.69351196289062496 54.03287506103515625 -61.58206558227539064
v -78.66395568847656248 54.0840606689453125 -61.64173126220703128
v -78.73454284667968752 54.20689392089843752 -61.60128402709960936
v -78.66834259033203128 53.96990585327148432 -61.69437026977539064
v -78.65220642089843752 54.03833389282226562 -61.69656753540039064
v -78.71562194824218752 54.23094558715820312 -61.7130126953125
v -78.65241241455078128 54.08790969848632812 -61.6992835998535156
v -74.88071441650390624 52.031219482421875 -62.38420104980468752
v -77.34087371826171876 53.4515953063964844 -63.71720886230468752
v -76.75418090820312496 53.11286544799804688 -63.81700134277343744
v -78.62763977050781248 54.19450759887695312 -62.38420104980468752
v -76.16748046875 52.77413177490234368 -63.71720886230468752
v -77.87773895263671872 53.76155090332031248 -63.42631912231445312
v -75.63062286376953128 52.4641761779785156 -63.42631912231445312
v -75.18920135498046876 52.20932388305664064 -62.96903610229492192
v -74.73137664794921872 51.94499969482421872 -61.72150039672851568
v -78.31916046142578124 54.0164031982421875 -62.96903610229492192
v -72.17996978759765624 50.31975555419921876 -61.51136779785156248
v -72.09439849853515624 50.22287368774414064 -61.58206558227539064
v -72.06484222412109375 50.27406311035156248 -61.64173126220703128
v -72.26561737060546876 50.31873321533203124 -61.47993087768554688
v -72.24102020263671876 50.36133956909179688 -61.50193023681640624
v -72.13542938232421876 50.39689636230468752 -61.60128402709960936
v -72.202117919921875 50.42871856689453128 -61.5722007751464844
v -72.19448089599609376 50.44194412231445312 -61.59588623046875
v -74.85837554931640624 51.72502899169921872 -61.46749877929687504
v -75.077056884765625 51.85128402709960944 -61.69404220581054688
v -75.21025085449218752 51.92818450927734368 -62.28509902954101564
v -75.48538970947265624 52.08703231811523438 -62.80670547485351568
v -75.87908172607421872 52.31433486938476564 -63.21455383300781248
v -76.35791015625 52.59078216552734376 -63.4739990234375
v -76.88117980957031248 52.89289474487304688 -63.56299972534179688
v -77.40444946289062496 53.19500350952148436 -63.4739990234375
v -77.88327026367187504 53.47145080566406248 -63.21455383300781248
v -78.27696990966796876 53.69875335693359376 -62.80670547485351568
v -78.55210113525390624 53.85760116577148432 -62.28509902954101564
v -82.39958953857421872 38.94526290893554688 -61.53886795043945312
v -82.43830108642578128 38.87821578979492192 -61.61701583862304688
v -82.34584045410156248 39.03686904907226562 -61.50973510742187504
v -82.34648895263671876 39.03724288940429687 -61.51023101806640624
v -82.42691040039062496 39.08367538452148438 -61.62239837646484376
v -82.45201110839843752 39.04159164428710937 -61.63725280761718752
v -82.42751312255859376 39.08402252197265625 -61.62404251098632816
v -74.75563049316406256 51.90298843383789056 -61.5722007751464844
v -74.74799346923828128 51.91621398925781248 -61.59588623046875
v -74.81912994384765632 51.79300308227539056 -61.47993087768554688
v -74.79453277587890624 51.83560943603515632 -61.50193023681640624
v -78.51613616943359376 54.0092315673828125 -62.30402755737304688
v -78.23463439941406248 53.84670639038085936 -62.83770751953124992
v -77.83181762695312496 53.6141395568847656 -63.25499725341796876
v -77.34191131591796876 53.33129119873046876 -63.52044677734375
v -76.8065261840820312 53.02219009399414062 -63.61151123046875
v -76.27114105224609376 52.71308517456054688 -63.52044677734375
v -75.78123474121093744 52.43023681640625 -63.25499725341796876
v -75.37842559814453128 52.19767379760742188 -62.83770751953124992
v -75.05487823486328125 51.8836746215820312 -61.69437026977539064
v -75.034332275390625 51.90629196166992192 -61.6950721740722656
v -75.096923828125 52.03514862060546875 -62.30402755737304688
v -75.00368499755859375 51.93186187744140624 -61.69656753540039064
v -78.57126617431640624 54.14760589599609376 -62.35357666015625
v -78.27309417724609376 53.9754524230957032 -62.91887283325195312
v -77.84642028808593744 53.7291145324707032 -63.36087799072265624
v -77.32749176025390624 53.42951202392578128 -63.64205551147460936
v -76.76039123535156256 53.1020965576171875 -63.73851013183593744
v -76.19329833984375 52.77468490600585936 -63.64205551147460936
v -75.67436981201171872 52.47508239746093752 -63.36087799072265624
v -75.24769592285156248 52.22874069213867188 -62.91887283325195312
v -74.8754806518554688 51.97798538208007808 -61.70613479614257816
v -74.94952392578124992 52.05658721923828125 -62.35357666015625
v -74.96064758300781248 51.95646667480468752 -61.6992835998535156
v -74.8051681518554688 51.97324752807617184 -61.7130126953125
v -74.97984313964843744 51.7951583862304688 -61.50973510742187504
v -74.98048400878906256 51.7955284118652344 -61.51023101806640624
v -75.0609130859375 51.84196090698242192 -61.62239837646484376
v -75.0615081787109375 51.84230804443359376 -61.62404251098632816
v -74.92738342285156256 51.88750839233398432 -61.53886795043945312
v -74.888671875 51.95455169677734368 -61.61701583862304688
v -75.03701019287109375 51.88473892211914064 -61.63725280761718752
# 1337 vertices

vn 0 0 -1
vn 0.3113020360469818 0.6358128786087036 -0.70628112554550168
vn 0.22182606160640716 0.67227983474731448 -0.70628112554550168
vn 0.12821786105632782 0.69622349739074704 -0.70628112554550168
vn 0.0322212167084217 0.7071978449821472 -0.70628112554550168
vn -0.0645236149430275 0.70661878585815432 -0.70464646816253664
vn -0.01737075299024582 0.70689398050308224 -0.70710623264312744
vn -0.14936034381389618 0.69166654348373416 -0.70660376548767088
vn -0.1622348129749298 0.7002912759780884 -0.69517767429351808
vn -0.23651626706123352 0.66675704717636112 -0.70674967765808104
vn -0.2573150396347046 0.6749170422554016 -0.69157499074935912
vn -0.33991819620132448 0.6209851503372192 -0.70628112554550168
vn -0.42130964994430544 0.56891578435897824 -0.70628112554550168
vn -0.49485290050506592 0.50624853372573856 -0.70628112554550168
vn -0.5591779947280884 0.4341508448123932 -0.70628112554550168
vn -0.61308664083480832 0.35396572947502136 -0.70628112554550168
vn -0.65557461977005008 0.26718693971633912 -0.70628112554550168
vn -0.68585056066513064 0.17543093860149384 -0.70628112554550168
vn -0.70335030555725096 0.08040698617696762 -0.70628112554550168
vn -0.70774805545806888 -0.01611478440463543 -0.70628112554550168
vn -0.71315282583236696 -0.11461713910102844 -0.69157499074935912
vn -0.7025786638259888 -0.0807446762919426 -0.70701026916503904
vn -0.68758744001388552 -0.20964616537094116 -0.69517767429351808
vn -0.6864343881607056 -0.16989389061927796 -0.7070671319961548
vn -0.64322936534881592 -0.29557082056999208 -0.70632421970367432
vn -0.6442115902900696 -0.29743030667304992 -0.70464646816253664
vn -0.5963406562805176 -0.38150331377983096 -0.70628112554550168
vn -0.53883832693099976 -0.45915168523788456 -0.70628112554550168
vn -0.47129839658737184 -0.52824693918228152 -0.70628112554550168
vn -0.39497905969619752 -0.58750194311141968 -0.70628112554550168
vn -0.62087351083755496 -0.33840346336364748 -0.70710623264312744
vn -0.6736809611320496 -0.21648341417312624 -0.70660376548767088
vn -0.69568663835525512 -0.12854942679405212 -0.70674967765808104
vn -0.281362384557724 0.64882332086563112 -0.70701026916503904
vn -0.19608476758003236 0.67941653728485104 -0.7070671319961548
vn -0.06564284116029739 0.70483839511871336 -0.70632421970367432
vn 0.3535533845424652 0.6123724579811096 -0.7071067690849304
vn 0.5 0.86602538824081424 0
vn -0.3535533845424652 -0.6123724579811096 -0.7071067690849304
vn -0.5 -0.86602538824081424 0
vn 0.3535533845424652 0.6123724579811096 0.7071067690849304
vn -0.39497905969619752 -0.58750194311141968 0.70628112554550168
vn -0.47129839658737184 -0.52824693918228152 0.70628112554550168
vn -0.53883832693099976 -0.45915168523788456 0.70628112554550168
vn -0.5963406562805176 -0.38150331377983096 0.70628112554550168
vn -0.64273434877395632 -0.29674825072288512 0.70628112554550168
vn -0.677155077457428 -0.20646533370018004 0.70628112554550168
vn -0.69896173477172848 -0.11233636736869812 0.70628112554550168
vn -0.70774805545806888 -0.01611478440463543 0.70628112554550168
vn -0.70335030555725096 0.08040698617696762 0.70628112554550168
vn -0.68585056066513064 0.17543093860149384 0.70628112554550168
vn -0.65557461977005008 0.26718693971633912 0.70628112554550168
vn -0.61308664083480832 0.35396572947502136 0.70628112554550168
vn -0.5591779947280884 0.4341508448123932 0.70628112554550168
vn -0.49485290050506592 0.50624853372573856 0.70628112554550168
vn -0.42130964994430544 0.56891578435897824 0.70628112554550168
vn -0.33991819620132448 0.6209851503372192 0.70628112554550168
vn -0.25219473242759704 0.66148680448532104 0.70628112554550168
vn -0.1597733199596405 0.689666211605072 0.70628112554550168
vn -0.06437565386295319 0.70499843358993528 0.70628112554550168
vn 0.0322212167084217 0.7071978449821472 0.70628112554550168
vn 0.12821786105632782 0.69622349739074704 0.70628112554550168
vn 0.22182606160640716 0.67227983474731448 0.70628112554550168
vn 0.3113020360469818 0.6358128786087036 0.70628112554550168
vn -0.3535533845424652 -0.6123724579811096 0.7071067690849304
vn -0.97071033716201776 -0.2402527630329132 0.0001094991312129423
vn -0.98308014869689936 -0.18317542970180512 -0.00036491028731688857
vn -0.98335313796997072 -0.18170462548732756 0
vn -0.95209896564483648 -0.3057900071144104 0
vn -0.95205199718475344 -0.3059363067150116 4.434763468452729E-05
vn -0.90865707397460944 -0.4175377190113068 0.00214130873791873
vn -0.9058896899223328 -0.42351371049880984 0
vn -0.93208318948745728 -0.36224433779716488 -5.49576589037315E-06
vn -0.97034984827041632 -0.24170459806919096 0
vn -0.805237889289856 -0.59295183420181272 0
vn -0.61397868394851688 -0.78932261466979984 0
vn -0.67371147871017456 -0.21637900173664092 -0.70660668611526488
vn -0.6722479462623596 -0.20595575869083404 -0.7111011743545532
vn -0.64081597328186032 -0.29434260725975036 -0.70902562141418456
vn -0.6411355137825012 -0.29973813891410828 -0.70647168159484864
vn -0.69551736116409304 -0.12959440052509308 -0.70672547817230224
vn -0.68861967325210568 -0.09920449554920196 -0.71830451488494872
vn -0.70592892169952392 -0.04733836650848389 -0.7066989541053772
vn -0.68856698274612424 -0.0222454946488142 -0.72483146190643312
vn -0.69788706302642824 -0.11548901349306106 -0.70683515071868896
vn -0.65908980369567872 -0.25614833831787108 -0.70709872245788576
vn -0.68617212772369384 -0.17091871798038482 -0.70707464218139648
vn -0.4362018704414368 -0.56077516078948976 -0.70374649763107296
vn -0.57208222150802616 -0.42126333713531496 -0.70374649763107296
vn 0.86602538824081424 -0.5 0
vn -0.0861712172627449 0.99628037214279168 0
vn -0.21107739210128784 0.9774693250656128 4.434763468452729E-05
vn -0.15232878923416138 0.98832988739013664 -5.49576589037315E-06
vn -0.3343157470226288 0.94246113300323488 0
vn -0.27585262060165404 0.96119993925094608 0
vn -0.27729019522666932 0.96078622341156 0.0001094991312129423
vn -0.33290550112724304 0.9429601430892944 -0.00036491028731688857
vn -0.21122758090496064 0.97743690013885504 0
vn -0.09273026883602142 0.9956889748573304 0.00214130873791873
vn -0.06098693236708641 0.70510876178741456 -0.70647168159484864
vn -0.10771394520998002 0.69886267185211184 -0.70709872245788576
vn -0.15776105225086212 0.68516170978546144 -0.7111011743545532
vn -0.19506610929965972 0.67970186471939088 -0.70707464218139648
vn -0.32501834630966188 0.6074392795562744 -0.72483146190643312
vn -0.25870251655578612 0.64567422866821288 -0.71845513582229616
vn -0.24910792708396912 0.66261339187622072 -0.70632058382034304
vn -0.23552662134170532 0.66713291406631472 -0.70672547817230224
vn -0.31213921308517456 0.634670615196228 -0.70693874359130856
vn -0.14946602284908294 0.6916407346725464 -0.70660668611526488
vn -0.06549982726573944 0.70213425159454344 -0.70902562141418456
vn 0.37658411264419552 0.92638242244720464 0
vn 0.1108924150466919 0.9938324093818664 0
vn 0.07878364622592926 0.70606940984725952 -0.70374649763107296
vn 0.26754462718963624 0.65814948081970216 -0.70374649763107296
vn 0.6123724579811096 -0.3535533845424652 -0.7071067690849304
vn -0.86602538824081424 0.5 0
vn 0.4938441812992096 0.85536319017410272 -0.15643446147441864
vn 0.4455032646656036 0.77163428068161008 -0.45399048924446104
vn 0.22699524462223052 0.39316731691360472 -0.8910065293312072
vn 0.07821723073720932 0.13547621667385102 -0.9876883625984192
vn -0.07821723073720932 -0.13547621667385102 -0.9876883625984192
vn -0.22699524462223052 -0.39316731691360472 -0.8910065293312072
vn -0.4455032646656036 -0.77163428068161008 -0.45399048924446104
vn -0.4938441812992096 -0.85536319017410272 -0.15643446147441864
vn -0.4938441812992096 -0.85536319017410272 0.15643446147441864
vn -0.4455032646656036 -0.77163428068161008 0.45399048924446104
vn -0.22699524462223052 -0.39316731691360472 0.8910065293312072
vn -0.07821723073720932 -0.13547621667385102 0.9876883625984192
vn 0.07821723073720932 0.13547621667385102 0.9876883625984192
vn 0.22699524462223052 0.39316731691360472 0.8910065293312072
vn 0.4455032646656036 0.77163428068161008 0.45399048924446104
vn 0.4938441812992096 0.85536319017410272 0.15643446147441864
vn 0.9893390536308288 -0.14563058316707612 0
vn 0.99484455585479744 -0.10141179710626602 0
vn 0.99476528167724608 -0.10135602951049804 -0.01300093624740839
vn 0.98984611034393312 -0.14214301109313964 0
vn 0.9912788271903992 -0.13038457930088044 0.01913600973784923
vn 0.97768527269363408 -0.21007487177848816 0
vn 0.95510590076446528 -0.2962646186351776 0
vn 0.92494440078735344 -0.38010248541831968 0
vn 0.88744020462036128 -0.46092289686203 0
vn 0.84289103746414192 -0.53808426856994632 0
vn 0.79165059328079216 -0.61097407341003416 0
vn 0.73412561416625984 -0.67901366949081424 0
vn 0.67077285051345824 -0.74166285991668704 0
vn 0.60855573415756224 -0.79328036308288576 0.01913600973784923
vn 0.58524745702743528 -0.81085473299026496 0
vn 0.62078928947448728 -0.78397744894027712 0
vn 0.5851595401763916 -0.81081396341323856 -0.01300093624740839
vn 0.61802250146865848 -0.78616040945053104 0
vn 0 0 1
vn 0.56332004070281984 0.82623875141143792 0
vn 0.68017274141311648 0.73305189609527584 0
vn 0.78183150291442864 0.62348979711532592 0
vn 0.86602538824081424 0.5 0
vn 0.93087375164031984 0.3653410375118256 0
vn 0.97492790222167968 0.22252093255519868 0
vn 0.9972038269042968 0.07473009079694748 0
vn 0.9972038269042968 -0.07473009079694748 0
vn 0.97492790222167968 -0.22252093255519868 0
vn 0.93087375164031984 -0.3653410375118256 0
vn 0.78183150291442864 -0.62348979711532592 0
vn 0.68017274141311648 -0.73305189609527584 0
vn 0.56332004070281984 -0.82623875141143792 0
vn 0.43388372659683224 -0.90096884965896608 0
vn 0.29475516080856324 -0.95557278394699104 0
vn 0.1490422636270523 -0.98883080482482912 0
vn 0 -1 0
vn -0.1490422636270523 -0.98883080482482912 0
vn -0.29475516080856324 -0.95557278394699104 0
vn -0.43388372659683224 -0.90096884965896608 0
vn 0.43973472714424136 0.89812773466110224 0
vn 0.31334397196769716 0.94963967800140384 0
vn 0.18111620843410492 0.98346167802810672 0
vn 0.04551459848880768 0.99896365404129024 0
vn -0.0909348651766777 0.99585682153701776 0
vn -0.22569037973880768 0.97419905662536624 0
vn -0.35624170303344728 0.93439382314682 0
vn -0.48015692830085752 0.87718260288238528 0
vn -0.59512776136398312 0.80363112688064576 0
vn -0.99352884292602544 0.11358018964529038 0
vn -0.99974089860916144 -0.02276319824159145 0
vn -0.98732966184616096 -0.15868254005908966 0
vn -0.95652633905410768 -0.29164594411849976 0
vn -0.9079047441482544 -0.41917651891708376 0
vn -0.84237062931060784 -0.53889864683151248 0
vn -0.76114469766616816 -0.64858210086822512 0
vn -0.66574013233184816 -0.74618369340896608 0
vn -0.557934045791626 -0.82988530397415168 0
vn -0.78987586498260496 0.6132667660713196 0
vn -0.92604249715805056 0.3774192035198212 0
vn -0.96761977672576912 0.24750354886054992 -0.04953723773360252
vn -0.96232157945632928 0.27085387706756592 -0.02398679964244365
vn -0.96810376644134528 0.24620877206325532 -0.04643617197871208
vn -0.97336298227310176 0.22887659072875976 -0.01341553218662738
vn -0.97419244050979616 0.22556349635124208 -0.00837523210793733
vn -0.97560220956802368 0.2195458561182022 0
vn -0.97508364915847776 0.22181694209575652 0.00302510662004351
vn -0.97250497341156 0.23213738203048708 0.01860959082841873
vn -0.97335356473922736 0.22891882061958312 0.01337996963411569
vn -0.97418391704559328 0.22560064494609832 0.00836929958313703
vn -0.97508746385574336 0.22180022299289704 -0.00302285118959844
vn -0.97251731157302864 0.23208110034465788 -0.0186654943972826
vn -0.97100454568862912 0.23742648959159852 0.02790775895118713
vn -0.97102224826812752 0.2373439073562622 -0.02799493819475174
vn -0.96231639385223392 0.27089664340019228 0.02371000498533249
vn -0.95534455776214592 0.29549404978752136 0
vn -0.96764260530471808 0.24750939011573792 0.04905953258275986
vn -0.968087375164032 0.2463131844997406 0.04622344672679901
vn -0.69817072153091432 0.71424841880798336 0.04905953258275986
vn -0.71576154232025144 0.69794213771820072 0.02371000498533249
vn -0.69735717773437504 0.71523171663284304 0.04622344672679901
vn -0.6849327087402344 0.72848320007324224 0.01339312456548214
vn -0.68246632814407352 0.73086911439895632 0.00836627185344696
vn -0.67793339490890504 0.73512333631515504 0
vn -0.6796302795410156 0.73354858160018928 -0.00302629242651164
vn -0.68724095821380616 0.72619003057479856 -0.01865133829414844
vn -0.6848880648612976 0.72852504253387456 -0.01340233534574508
vn -0.68244141340255736 0.73089224100112912 -0.008378267288208
vn -0.6796389818191528 0.73354053497314448 0.00302166817709803
vn -0.68729519844055176 0.72613942623138432 0.01862368918955326
vn -0.69105696678161624 0.72225797176361088 -0.02799493819475174
vn -0.69111967086791992 0.72220134735107424 0.02790775895118713
vn -0.71572715044021608 0.6979680061340332 -0.02398679964244365
vn -0.73357760906219488 0.67960566282272336 0
vn -0.69815427064895632 0.714231550693512 -0.04953723773360252
vn -0.69727492332458496 0.715298056602478 -0.04643617197871208
vn 0.4815848767757416 0.84477043151855472 -0.23332150280475616
vn 0.49845042824745176 0.8633414506912232 -0.07866834849119186
vn 0.42193377017974856 0.74144041538238528 -0.5217642784118652
vn 0.461961567401886 0.80014091730117792 -0.38257819414138792
vn -0.79481375217437744 0.5865992307662964 -0.1554746925830841
vn -0.61514371633529664 0.71480995416641232 -0.33263331651687624
vn -0.69317466020584104 0.7036228775978088 -0.15628080070018768
vn -0.48104047775268552 0.86273992061614992 -0.15582002699375152
vn -0.44906982779502872 0.84968155622482304 -0.27636489272117616
vn -0.25567176938056944 0.95418006181716912 -0.1554746925830841
vn -0.03593491017818451 0.96038073301315312 -0.27636489272117616
vn -0.1252567321062088 0.97971987724304192 -0.1563960462808609
vn 0.13990563154220582 0.97778457403182976 -0.15608876943588256
vn 0.17532509565353394 0.92661547660827632 -0.33263331651687624
vn 0.3950292766094208 0.90541672706604 -0.1554746925830841
vn -0.71782982349395752 0.52978253364562992 -0.45171985030174256
vn -0.58194464445114136 0.67623192071914672 -0.45171985030174256
vn -0.41687831282615664 0.78877222537994384 -0.45171985030174256
vn -0.23090796172618864 0.8617601990699768 -0.45171985030174256
vn -0.03335892036557197 0.89153593778610224 -0.45171985030174256
vn 0.16586287319660186 0.8766063451766968 -0.45171985030174256
vn 0.35676759481430052 0.8177200555801392 -0.45171985030174256
vn -0.57072800397872928 0.42121645808219912 -0.70487320423126224
vn -0.4626891911029816 0.53765463829040528 -0.70487320423126224
vn -0.33144921064376832 0.62713253498077392 -0.70487320423126224
vn -0.18358898162841796 0.68516337871551512 -0.70487320423126224
vn -0.02652282081544399 0.70883733034133912 -0.70487320423126224
vn 0.13187329471111298 0.69696712493896488 -0.70487320423126224
vn 0.28365674614906312 0.65014815330505368 -0.70487320423126224
vn -0.36711111664772032 0.27094033360481264 -0.88984310626983648
vn -0.29761698842048644 0.34583720564842224 -0.88984310626983648
vn -0.21319907903671264 0.40339234471321104 -0.88984310626983648
vn -0.11809048801660538 0.44071972370147704 -0.88984310626983648
vn -0.01706035435199737 0.45594754815101624 -0.88984310626983648
vn 0.08482526242733002 0.44831228256225584 -0.88984310626983648
vn 0.18245738744735716 0.41819676756858824 -0.88984310626983648
vn -0.1266435831785202 0.09346722066402436 -0.98753494024276736
vn -0.10266995429992676 0.11930464953184128 -0.98753494024276736
vn -0.07354801893234253 0.1391596496105194 -0.98753494024276736
vn -0.04073808342218399 0.15203659236431122 -0.98753494024276736
vn -0.00588536914438009 0.15728980302810668 -0.98753494024276736
vn 0.02926246263086796 0.1546558290719986 -0.98753494024276736
vn 0.06294295191764832 0.1442667841911316 -0.98753494024276736
vn 0.2484954297542572 0.95594263076782224 -0.15628080070018768
vn -0.01477668434381485 0.9876749515533448 -0.15582002699375152
vn -0.3813844323158264 0.91109067201614384 -0.1563960462808609
vn -0.6100541353225708 0.77683347463607792 -0.15608876943588256
vn -0.43105816841125488 -0.73593002557754512 -0.52210718393325808
vn -0.49080565571784976 -0.83947205543518064 -0.23323051631450652
vn -0.49845412373542784 -0.86334788799285888 -0.0785745307803154
vn -0.46188378334045408 -0.8000062108039856 -0.38295358419418336
vn -0.5865992307662964 -0.79481375217437744 -0.1554746925830841
vn -0.71480995416641232 -0.61514371633529664 -0.33263331651687624
vn -0.7036228775978088 -0.69317466020584104 -0.15628080070018768
vn -0.86273992061614992 -0.48104047775268552 -0.15582002699375152
vn -0.84968155622482304 -0.44906982779502872 -0.27636489272117616
vn -0.95418006181716912 -0.25567176938056944 -0.1554746925830841
vn -0.96038073301315312 -0.03593491017818451 -0.27636489272117616
vn -0.97971987724304192 -0.1252567321062088 -0.1563960462808609
vn -0.97778457403182976 0.13990563154220582 -0.15608876943588256
vn -0.92661547660827632 0.17532509565353394 -0.33263331651687624
vn -0.90541672706604 0.3950292766094208 -0.1554746925830841
vn -0.52978253364562992 -0.71782982349395752 -0.45171985030174256
vn -0.67623192071914672 -0.58194464445114136 -0.45171985030174256
vn -0.78877222537994384 -0.41687831282615664 -0.45171985030174256
vn -0.8617601990699768 -0.23090796172618864 -0.45171985030174256
vn -0.89153593778610224 -0.03335892036557197 -0.45171985030174256
vn -0.8766063451766968 0.16586287319660186 -0.45171985030174256
vn -0.8177200555801392 0.35676759481430052 -0.45171985030174256
vn -0.42121645808219912 -0.57072800397872928 -0.70487320423126224
vn -0.53765463829040528 -0.4626891911029816 -0.70487320423126224
vn -0.62713253498077392 -0.33144921064376832 -0.70487320423126224
vn -0.68516337871551512 -0.18358898162841796 -0.70487320423126224
vn -0.70883733034133912 -0.02652282081544399 -0.70487320423126224
vn -0.69696712493896488 0.13187329471111298 -0.70487320423126224
vn -0.65014815330505368 0.28365674614906312 -0.70487320423126224
vn -0.27094033360481264 -0.36711111664772032 -0.88984310626983648
vn -0.34583720564842224 -0.29761698842048644 -0.88984310626983648
vn -0.40339234471321104 -0.21319907903671264 -0.88984310626983648
vn -0.44071972370147704 -0.11809048801660538 -0.88984310626983648
vn -0.45594754815101624 -0.01706035435199737 -0.88984310626983648
vn -0.44831228256225584 0.08482526242733002 -0.88984310626983648
vn -0.41819676756858824 0.18245738744735716 -0.88984310626983648
vn -0.09346722066402436 -0.1266435831785202 -0.98753494024276736
vn -0.11930464953184128 -0.10266995429992676 -0.98753494024276736
vn -0.1391596496105194 -0.07354801893234253 -0.98753494024276736
vn -0.15203659236431122 -0.04073808342218399 -0.98753494024276736
vn -0.15728980302810668 -0.00588536914438009 -0.98753494024276736
vn -0.1546558290719986 0.02926246263086796 -0.98753494024276736
vn -0.1442667841911316 0.06294295191764832 -0.98753494024276736
vn -0.95594263076782224 0.2484954297542572 -0.15628080070018768
vn -0.9876749515533448 -0.01477668434381485 -0.15582002699375152
vn -0.91109067201614384 -0.3813844323158264 -0.1563960462808609
vn -0.77683347463607792 -0.6100541353225708 -0.15608876943588256
vn -0.85536319017410272 0.4938441812992096 -0.15643446147441864
vn -0.77163428068161008 0.4455032646656036 -0.45399048924446104
vn -0.6123724579811096 0.3535533845424652 -0.7071067690849304
vn -0.39316731691360472 0.22699524462223052 -0.8910065293312072
vn -0.13547621667385102 0.07821723073720932 -0.9876883625984192
vn -0.91656225919723504 0.39989203214645384 0
vn -0.96783477067947392 0.25158676505088808 0
vn -0.99988812208175664 -0.01495940703898668 0
vn -0.98991799354553216 0.14164172112941742 0
vn -0.9919260740280152 -0.12681728601455688 0
vn -0.92244184017181392 -0.38613605499267576 0
vn -0.96592581272125248 -0.25881904363632204 0
vn -0.78647327423095696 -0.6176243424415588 0
vn -0.87340819835662848 -0.4869888126850128 0
vn -0.59382021427154544 -0.80459779500961296 0
vn -0.7123761177062988 -0.70179790258407592 0
vn -0.4908002316951752 -0.83944994211196896 0.23332150280475616
vn -0.49845042824745176 -0.8633414506912232 0.07866834849119186
vn -0.43113937973976136 -0.73612558841705328 0.5217642784118652
vn -0.461961567401886 -0.80014091730117792 0.38257819414138792
vn -0.90541672706604 0.3950292766094208 0.1554746925830841
vn -0.92661547660827632 0.17532509565353394 0.33263331651687624
vn -0.95594263076782224 0.2484954297542572 0.15628080070018768
vn -0.9876749515533448 -0.01477668434381485 0.15582002699375152
vn -0.96038073301315312 -0.03593491017818451 0.27636489272117616
vn -0.95418006181716912 -0.25567176938056944 0.1554746925830841
vn -0.84968155622482304 -0.44906982779502872 0.27636489272117616
vn -0.91109067201614384 -0.3813844323158264 0.1563960462808609
vn -0.77683347463607792 -0.6100541353225708 0.15608876943588256
vn -0.71480995416641232 -0.61514371633529664 0.33263331651687624
vn -0.5865992307662964 -0.79481375217437744 0.1554746925830841
vn -0.8177200555801392 0.35676759481430052 0.45171985030174256
vn -0.8766063451766968 0.16586287319660186 0.45171985030174256
vn -0.89153593778610224 -0.03335892036557197 0.45171985030174256
vn -0.8617601990699768 -0.23090796172618864 0.45171985030174256
vn -0.78877222537994384 -0.41687831282615664 0.45171985030174256
vn -0.67623192071914672 -0.58194464445114136 0.45171985030174256
vn -0.52978253364562992 -0.71782982349395752 0.45171985030174256
vn -0.65014815330505368 0.28365674614906312 0.70487320423126224
vn -0.69696712493896488 0.13187329471111298 0.70487320423126224
vn -0.70883733034133912 -0.02652282081544399 0.70487320423126224
vn -0.68516337871551512 -0.18358898162841796 0.70487320423126224
vn -0.62713253498077392 -0.33144921064376832 0.70487320423126224
vn -0.53765463829040528 -0.4626891911029816 0.70487320423126224
vn -0.42121645808219912 -0.57072800397872928 0.70487320423126224
vn -0.41819676756858824 0.18245738744735716 0.88984310626983648
vn -0.44831228256225584 0.08482526242733002 0.88984310626983648
vn -0.45594754815101624 -0.01706035435199737 0.88984310626983648
vn -0.44071972370147704 -0.11809048801660538 0.88984310626983648
vn -0.40339234471321104 -0.21319907903671264 0.88984310626983648
vn -0.34583720564842224 -0.29761698842048644 0.88984310626983648
vn -0.27094033360481264 -0.36711111664772032 0.88984310626983648
vn -0.1442667841911316 0.06294295191764832 0.98753494024276736
vn -0.1546558290719986 0.02926246263086796 0.98753494024276736
vn -0.15728980302810668 -0.00588536914438009 0.98753494024276736
vn -0.15203659236431122 -0.04073808342218399 0.98753494024276736
vn -0.1391596496105194 -0.07354801893234253 0.98753494024276736
vn -0.11930464953184128 -0.10266995429992676 0.98753494024276736
vn -0.09346722066402436 -0.1266435831785202 0.98753494024276736
vn -0.7036228775978088 -0.69317466020584104 0.15628080070018768
vn -0.86273992061614992 -0.48104047775268552 0.15582002699375152
vn -0.97971987724304192 -0.1252567321062088 0.1563960462808609
vn -0.97778457403182976 0.13990563154220582 0.15608876943588256
vn -0.70179790258407592 0.7123761177062988 0
vn -0.80459779500961296 0.59382021427154544 0
vn -0.4869888126850128 0.87340819835662848 0
vn -0.6176243424415588 0.78647327423095696 0
vn -0.12681728601455688 0.9919260740280152 0
vn -0.25881904363632204 0.96592581272125248 0
vn -0.38613605499267576 0.92244184017181392 0
vn -0.01495940703898668 0.99988812208175664 0
vn 0.14164172112941742 0.98991799354553216 0
vn 0.25158676505088808 0.96783477067947392 0
vn 0.39989203214645384 0.91656225919723504 0
vn -0.85536319017410272 0.4938441812992096 0.15643446147441864
vn -0.77163428068161008 0.4455032646656036 0.45399048924446104
vn -0.6123724579811096 0.3535533845424652 0.7071067690849304
vn -0.39316731691360472 0.22699524462223052 0.8910065293312072
vn -0.13547621667385102 0.07821723073720932 0.9876883625984192
vn 0.3950292766094208 0.90541672706604 0.1554746925830841
vn 0.17532509565353394 0.92661547660827632 0.33263331651687624
vn 0.2484954297542572 0.95594263076782224 0.15628080070018768
vn -0.01477668434381485 0.9876749515533448 0.15582002699375152
vn -0.03593491017818451 0.96038073301315312 0.27636489272117616
vn -0.25567176938056944 0.95418006181716912 0.1554746925830841
vn -0.44906982779502872 0.84968155622482304 0.27636489272117616
vn -0.3813844323158264 0.91109067201614384 0.1563960462808609
vn -0.6100541353225708 0.77683347463607792 0.15608876943588256
vn -0.61514371633529664 0.71480995416641232 0.33263331651687624
vn -0.79481375217437744 0.5865992307662964 0.1554746925830841
vn 0.35676759481430052 0.8177200555801392 0.45171985030174256
vn 0.16586287319660186 0.8766063451766968 0.45171985030174256
vn -0.03335892036557197 0.89153593778610224 0.45171985030174256
vn -0.23090796172618864 0.8617601990699768 0.45171985030174256
vn -0.41687831282615664 0.78877222537994384 0.45171985030174256
vn -0.58194464445114136 0.67623192071914672 0.45171985030174256
vn -0.71782982349395752 0.52978253364562992 0.45171985030174256
vn 0.28365674614906312 0.65014815330505368 0.70487320423126224
vn 0.13187329471111298 0.69696712493896488 0.70487320423126224
vn -0.02652282081544399 0.70883733034133912 0.70487320423126224
vn -0.18358898162841796 0.68516337871551512 0.70487320423126224
vn -0.33144921064376832 0.62713253498077392 0.70487320423126224
vn -0.4626891911029816 0.53765463829040528 0.70487320423126224
vn -0.57072800397872928 0.42121645808219912 0.70487320423126224
vn 0.18245738744735716 0.41819676756858824 0.88984310626983648
vn 0.08482526242733002 0.44831228256225584 0.88984310626983648
vn -0.01706035435199737 0.45594754815101624 0.88984310626983648
vn -0.11809048801660538 0.44071972370147704 0.88984310626983648
vn -0.21319907903671264 0.40339234471321104 0.88984310626983648
vn -0.29761698842048644 0.34583720564842224 0.88984310626983648
vn -0.36711111664772032 0.27094033360481264 0.88984310626983648
vn 0.06294295191764832 0.1442667841911316 0.98753494024276736
vn 0.02926246263086796 0.1546558290719986 0.98753494024276736
vn -0.00588536914438009 0.15728980302810668 0.98753494024276736
vn -0.04073808342218399 0.15203659236431122 0.98753494024276736
vn -0.07354801893234253 0.1391596496105194 0.98753494024276736
vn -0.10266995429992676 0.11930464953184128 0.98753494024276736
vn -0.1266435831785202 0.09346722066402436 0.98753494024276736
vn -0.69317466020584104 0.7036228775978088 0.15628080070018768
vn -0.48104047775268552 0.86273992061614992 0.15582002699375152
vn -0.1252567321062088 0.97971987724304192 0.1563960462808609
vn 0.13990563154220582 0.97778457403182976 0.15608876943588256
vn 0.42180499434471128 0.74127233028411872 0.52210718393325808
vn 0.4816012978553772 0.84478622674942016 0.23323051631450652
vn 0.49845412373542784 0.86334788799285888 0.0785745307803154
vn 0.46188378334045408 0.8000062108039856 0.38295358419418336
vn 0.62932038307189944 0.7771459817886352 0
vn 0.74314236640930176 0.6691283583641052 -0.00257596420124173
vn 0.9945185780525208 0.10452811419963836 -0.00257596420124173
vn 0.96592581272125248 0.25881904363632204 0
vn 0.93358039855957024 -0.3583679497241974 0
vn 0.99862951040267952 -0.0523359552025795 0
vn 0.83867055177688592 0.5446390509605408 0
vn -0.6691283583641052 0.74314236640930176 -0.00257596420124173
vn -0.7771459817886352 0.62932038307189944 0
vn -0.10452811419963836 0.9945185780525208 -0.00257596420124173
vn 0.3583679497241974 0.93358039855957024 0
vn 0.0523359552025795 0.99862951040267952 0
vn -0.5446390509605408 0.83867055177688592 0
vn -0.99862951040267952 0.0523359552025795 0
vn -0.97814434766769408 0.20791099965572356 -0.00257596420124173
vn -0.83867055177688592 -0.5446390509605408 0
vn -0.91354244947433472 -0.4067353010177612 -0.00257596420124173
vn -0.62932038307189944 -0.7771459817886352 0
vn -0.93358039855957024 0.3583679497241974 0
vn -0.20791099965572356 -0.97814434766769408 -0.00257596420124173
vn -0.0523359552025795 -0.99862951040267952 0
vn 0.5446390509605408 -0.83867055177688592 0
vn 0.4067353010177612 -0.91354244947433472 -0.00257596420124173
vn 0.7771459817886352 -0.62932038307189944 0
vn 0.25881904363632204 -0.96592581272125248 0
vn -0.3583679497241974 -0.93358039855957024 0
vn 0.82363909482955936 -0.47552827000617984 0.30901700258255004
vn 0.50903695821762088 -0.29389262199401856 0.80901700258255008
vn 0.13547621667385102 -0.07821723073720932 0.9876883625984192
vn 0.66913062334060672 -0.7431448101997376 0
vn 0.10452846437692642 -0.99452191591262816 0
vn -0.7431448101997376 -0.66913062334060672 0
vn -0.99452191591262816 -0.10452846437692642 0
vn 0.54065346717834472 -0.83253335952758784 0.12075620144605636
vn 0.13416320085525512 -0.93783754110336304 0.32009524106979372
vn -0.05090528726577759 -0.9713307619094848 0.23221810162067412
vn 0.20808322727680208 -0.78847563266754144 0.5787983536720276
vn 0.39155495166778568 -0.47069332003593448 0.7906532287597656
vn -0.34644094109535216 -0.90250951051712032 0.25584232807159424
vn -0.15622113645076752 -0.70665770769119264 0.69009411334991456
vn -0.13368073105812072 -0.54399245977401736 0.8283728957176208
vn 0.00304620177485048 -0.29718002676963808 0.9548166394233704
vn -0.23460611701011656 -0.7125437259674072 0.6612423658370972
vn 0.25429490208625792 -0.94904148578643792 0.18615679442882536
vn 0.77957087755203248 -0.54536956548690792 0.30796310305595396
vn 0.70810776948928832 -0.66914725303649904 0.22544464468955992
vn 0.72864514589309696 -0.5900452136993408 0.34773972630500792
vn -0.22087185084819792 -0.39225050806999208 0.89294743537902832
vn -0.2723195254802704 -0.47167125344276432 0.83867055177688592
vn -0.45489612221717832 -0.8028700947761536 0.38531693816185
vn -0.42253214120864872 -0.73939621448516848 0.52417540550231936
vn -0.49414664506912232 -0.86579585075378416 0.07884564250707626
vn -0.48440191149711608 -0.84299862384796144 0.23389771580696104
vn -0.48296290636062624 -0.83651632070541376 0.25881904363632204
vn -0.37450727820396424 -0.64188289642333984 0.66912674903869632
vn -0.1308523416519165 -0.22331044077873228 0.96592450141906736
vn 0.7991790175437928 -0.4631067514419556 0.38320362567901608
vn 0.83968383073806768 -0.48986604809761048 0.23444052040576936
vn 0.85891681909561152 -0.50596350431442264 0.07913805544376373
vn 0.60708969831466672 -0.3570232093334198 0.70991301536560056
vn 0.39316731691360472 -0.22699524462223052 0.8910065293312072
vn 0.73840802907943728 -0.42632007598876952 0.52249854803085328
vn -0.15450850129127502 -0.26761656999588012 -0.95105654001235968
vn -0.40450850129127504 -0.7006292939186096 -0.58778524398803712
vn 0.47552827000617984 0.82363909482955936 -0.30901700258255004
vn 0.29389262199401856 0.50903695821762088 -0.80901700258255008
vn 0.4629546105861664 0.79929965734481808 0.38313585519790648
vn 0.48938530683517456 0.84000033140182496 0.23431067168712616
vn 0.48296290636062624 0.83651632070541376 0.25881904363632204
vn 0.41545549035072328 0.72854030132293696 0.54463356733322144
vn 0.50272786617279056 0.86084145307540896 0.07884564250707626
vn 0.33456531167030336 0.57948410511016848 0.7431448101997376
vn 0.35424110293388368 0.61132979393005368 0.70766454935073856
vn 0.13084767758846282 0.2233131378889084 0.96592450141906736
vn 0.2267320603132248 0.39383333921432496 0.89077937602996832
vn 0.42632007598876952 0.73840802907943728 0.52249854803085328
vn 0.61273604631423952 -0.3472435176372528 0.70991301536560056
vn 0.86763566732406624 -0.49086204171180728 0.07913805544376373
vn 0.80065172910690304 -0.46055597066879272 0.38320362567901608
vn 0.84407836198806768 -0.48225447535514832 0.23444052040576936
vn 0.87531667947769168 -0.33600258827209472 0.34773972630500792
vn 0.60340982675552368 -0.10374987870454788 0.7906532287597656
vn 0.78688156604766848 0.21403245627880096 0.5787983536720276
vn 0.94904148578643792 0.25429490208625792 0.18615679442882536
vn 0.87927275896072384 0.35273003578186036 0.32009524106979372
vn 0.25888854265213012 0.14595191180706024 0.9548166394233704
vn 0.53387296199798584 0.4886203110218048 0.69009411334991456
vn 0.54948157072067264 0.639279305934906 0.53795164823532104
vn 0.60837566852569584 0.75128138065338128 0.25584232807159424
vn 0.46320706605911256 0.49610415101051328 0.73438400030136112
vn 0.81574445962905888 0.52975064516067504 0.23221810162067412
vn 0.99132174253463744 -0.05195297300815582 0.12075620144605636
vn 0.93355244398117072 -0.278665691614151 0.22544464468955992
vn 0.86208933591842656 -0.40244340896606448 0.30796310305595396
vn -0.81574445962905888 -0.52975064516067504 0.23221810162067412
vn -0.70927649736404416 -0.61747896671295168 0.3400685489177704
vn -0.62034070491790768 -0.41229331493377688 0.66722685098648072
vn -0.61642843484878544 -0.4619053304195404 0.63769853115081784
vn -0.43461540341377256 -0.14175200462341308 0.8893907070159912
vn -0.25888854265213012 -0.14595191180706024 0.9548166394233704
vn -0.99132174253463744 0.05195297300815582 0.12075620144605636
vn -0.95284914970397952 -0.03241525962948799 0.30170801281929016
vn -0.90462267398834224 0.03147954121232033 0.42504924535751344
vn -0.85145467519760128 0.1432051658630371 0.50449699163436888
vn -0.69474661350250248 0.18615679442882536 0.69474661350250248
vn -0.87555259466171264 0.45714199542999264 0.1562972217798233
vn -0.91182148456573488 0.39432242512702944 0.11441750824451446
vn -0.93276137113571168 0.3580535352230072 0.04187971353530884
vn -0.8263657093048096 0.33766523003578188 0.45066827535629272
vn -0.94904148578643792 -0.25429490208625792 0.18615679442882536
vn -0.49852862954139712 0.01968327723443508 0.86664974689483648
vn -0.52630990743637088 -0.29432776570320128 0.7977274656295776
vn -0.60837566852569584 -0.75128138065338128 0.25584232807159424
vn -0.50272786617279056 -0.86084145307540896 0.07884564250707626
vn -0.36863327026367184 -0.64527428150177 0.66912674903869632
vn -0.4678578078746796 -0.79538667201995856 0.38531693816185
vn -0.42906981706619264 -0.73562169075012208 0.52417540550231936
vn -0.12796634435653686 -0.22497667372226716 0.96592450141906736
vn -0.22926297783851624 -0.38740590214729312 0.89294743537902832
vn -0.48785725235939024 -0.84100365638732912 0.23389771580696104
vn -0.86408960819244384 0.49716705083847048 0.07857520133256912
vn -0.73840802907943728 0.42632007598876952 0.52249854803085328
vn -0.80065172910690304 0.46055597066879272 0.38320362567901608
vn -0.84407836198806768 0.48225447535514832 0.23444052040576936
vn -0.770523190498352 0.44742339849472048 0.45398938655853272
vn -0.47552827000617984 -0.82363909482955936 -0.30901700258255004
vn -0.29389262199401856 -0.50903695821762088 -0.80901700258255008
vn 0.15450850129127502 0.26761656999588012 -0.95105654001235968
vn 0.40450850129127504 0.7006292939186096 -0.58778524398803712
vn 0.3523065745830536 0.61244666576385496 0.70766454935073856
vn 0.22770364582538604 0.39327239990234376 0.89077937602996832
vn 0.49414664506912232 0.86579585075378416 0.07884564250707626
vn 0.46073651313781736 0.80058026313781744 0.38313585519790648
vn 0.48276895284652712 0.84382027387619024 0.23431067168712616
vn 0.42320668697357176 0.72406518459320064 0.54463356733322144
vn 0.12797100841999054 0.22497397661209108 0.96592450141906736
vn -0.7991790175437928 0.4631067514419556 0.38320362567901608
vn -0.83968383073806768 0.48986604809761048 0.23444052040576936
vn -0.77274161577224736 0.44358092546463016 0.45398938655853272
vn -0.86260408163070672 0.49974003434181216 0.07857520133256912
vn -0.26631054282188416 0.42189681529998776 0.86664974689483648
vn -0.0945468619465828 0.44726398587226864 0.8893907070159912
vn 0.0468861497938633 0.74337744712829584 0.66722685098648072
vn 0.05653882026672363 0.7037081718444824 0.70823597908020016
vn 0.18011420965194702 0.9229909181594848 0.3400685489177704
vn 0.34644094109535216 0.90250951051712032 0.25584232807159424
vn -0.70560950040817264 0.54682111740112304 0.45066827535629272
vn -0.5497466325759888 0.66577875614166256 0.50449699163436888
vn -0.47957342863082888 0.76768642663955696 0.42504924535751344
vn -0.44835212826728824 0.84139919281005856 0.30170801281929016
vn -0.25429490208625792 0.94904148578643792 0.18615679442882536
vn -0.7764641642570496 0.62876826524734496 0.04187971353530884
vn -0.7974039912223816 0.59249937534332272 0.11441750824451446
vn -0.83367288112640384 0.52967977523803712 0.1562972217798233
vn -0.54065346717834472 0.83253335952758784 0.12075620144605636
vn -0.50858980417251584 0.50858980417251584 0.69474661350250248
vn 0.05090528726577759 0.9713307619094848 0.23221810162067412
vn 0.1315789520740509 0.84516918659210208 0.51805025339126584
vn -0.00304620177485048 0.29718002676963808 0.9548166394233704
vn 0.48336708545684816 0.837216317653656 0.25578323006629944
vn 0.41933527588844296 0.72631001472473152 0.5446390509605408
vn 0.42015969753265384 0.72780501842498784 0.54200160503387448
vn 0.33514854311943056 0.58049434423446656 0.74209284782409664
vn 0.33462256193161012 0.57945102453231808 0.7431448101997376
vn 0.1322975754737854 0.22247478365898132 0.96592044830322272
vn 0.2040565609931946 0.35350331664085388 0.91290545463562016
vn 0.4831048548221588 0.83643430471420288 0.25881904363632204
vn 0.10215578228235244 -0.97194737195968624 0.21185488998889924
vn -0.19803528487682344 -0.64920115470886232 0.73438400030136112
vn -0.27889135479927064 -0.79550462961196896 0.53795164823532104
vn 0.66684854030609128 -0.7406103610992432 0.08251846581697464
vn -0.4828209578990936 -0.83659827709198 0.25881904363632204
vn -0.42021778225898744 -0.7277714610099792 0.54200160503387448
vn -0.41933527588844296 -0.72631001472473152 0.5446390509605408
vn -0.3345080316066742 -0.5795171856880188 0.7431448101997376
vn -0.20411457121372224 -0.35346981883049012 0.91290545463562016
vn -0.12652003765106202 -0.22581045329570772 0.96592044830322272
vn -0.33514854311943056 -0.58049434423446656 0.74209284782409664
vn -0.48336708545684816 -0.837216317653656 0.25578323006629944
vn -0.24971188604831696 0.14417122304439544 0.9575273394584656
vn -0.66706037521362304 0.38512748479843136 0.6377360224723816
vn -0.47947829961776736 0.2768269181251526 0.83274692296981808
vn -0.83887571096420288 0.48432511091232296 0.24842846393585204
vn -0.79856812953948976 0.46105352044105528 0.3869348168373108
vn -0.72012972831726072 -0.64840769767761232 0.24694262444972992
vn -0.58115971088409424 -0.40081813931465152 0.70823597908020016
vn -0.66614848375320432 -0.53653532266616824 0.51805025339126584
vn -0.9824120998382568 -0.10325566679239274 0.15557882189750672
vn -0.4831048548221588 -0.83643430471420288 0.25881904363632204
vn -0.33462256193161012 -0.57945102453231808 0.7431448101997376
vn -0.1322975754737854 -0.22247478365898132 0.96592044830322272
vn -0.2040565609931946 -0.35350331664085388 0.91290545463562016
vn -0.42015969753265384 -0.72780501842498784 0.54200160503387448
vn 0.42021778225898744 0.7277714610099792 0.54200160503387448
vn 0.4828209578990936 0.83659827709198 0.25881904363632204
vn 0.3345080316066742 0.5795171856880188 0.7431448101997376
vn 0.20411457121372224 0.35346981883049012 0.91290545463562016
vn 0.12652003765106202 0.22581045329570772 0.96592044830322272
vn 0.7982738018035888 -0.46088358759880064 0.3877438008785248
vn 0.66754478216171264 -0.38540714979171752 0.63705992698669432
vn 0.47884529829025272 -0.27646145224571228 0.8332324028015136
vn 0.25043943524360656 -0.14459127187728882 0.95727396011352544
vn 0.12620317935943604 -0.07286343723535538 0.98932486772537232
vn -0.17191734910011292 0.27239567041397096 0.94670218229293824
vn -0.1637253314256668 0.38015642762184144 0.91031593084335328
vn -0.35828927159309388 0.4598321318626404 0.81251657009124752
vn 0.07511857151985168 0.6986867785453796 0.71147310733795168
vn 0.06269644200801849 0.74192112684249872 0.66754943132400512
vn -0.5715903639793396 0.53531932830810544 0.62186622619628904
vn -0.7423734664916992 0.54842972755432128 0.3848460018634796
vn 0.19705061614513396 0.91587829589843744 0.34976842999458312
vn 0.37112817168235776 0.89323264360427856 0.25377029180526732
vn -0.2226984351873398 0.95044285058975216 0.21694178879261016
vn -0.43455591797828672 0.8080453872680664 0.39777356386184696
vn -0.4291217923164368 0.77955490350723264 0.45623314380645752
vn -0.80578738451004032 0.54054057598114016 0.241914302110672
vn -0.79816812276840208 0.54915583133697512 0.2477004826068878
vn -0.72001594305038456 0.66050750017166136 0.21285411715507508
vn -0.6128520965576172 0.74929928779602048 0.25092399120330812
vn -0.43572890758514408 0.80633383989334112 0.3999575972557068
vn 0.09068013727664948 0.9597573280334472 0.26578754186630248
vn -0.57267796993255616 0.52632027864456176 0.62851166725158688
vn 0.15136849880218506 0.84140461683273312 0.51877343654632568
vn -0.05446117371320724 0.48271507024765016 0.87408244609832768
vn 0.95031303167343136 -0.21693360805511476 0.2232597768306732
vn 0.95391118526458736 -0.19814598560333252 0.225369855761528
vn 0.9758570194244384 0.01609249599277973 0.2178165912628174
vn 0.85716265439987184 -0.14151164889335632 0.4952238202095032
vn 0.70359236001968384 -0.05284778028726578 0.70863598585128784
vn 0.50325304269790648 0.06281818449497223 0.86185282468795776
vn 0.27316257357597352 0.19566096365451812 0.94185930490493776
vn 0.03286608681082725 0.33439621329307556 0.94185930490493776
vn -0.19722436368465424 0.46723899245262144 0.86185282468795776
vn -0.3975636959075928 0.58290493488311768 0.70863598585128784
vn -0.5511339902877808 0.6715688109397888 0.4952238202095032
vn -0.71538019180297848 0.65707075595855712 0.23767460882663728
vn -0.64971065521240232 0.72743737697601312 0.22070541977882384
vn -0.79743194580078128 0.54868596792221072 0.25108963251113892
vn -0.61801886558532712 0.75386089086532592 0.22303915023803712
vn 0.899092435836792 0.41159930825233456 0.14905963838100434
vn 0.84080016613006592 0.4452543556690216 0.3079019784927368
vn 0.74531888961792 0.50038051605224608 0.4405894875526428
vn 0.62075930833816528 0.57229501008987424 0.53585100173950192
vn 0.47770217061042784 0.65488910675048832 0.5855944752693176
vn 0.32829949259757996 0.74114674329757696 0.5855944752693176
vn 0.18524236977100372 0.82374083995819088 0.53585100173950192
vn 0.06068278476595879 0.89565533399581904 0.4405894875526428
vn -0.03479849174618721 0.95078146457672112 0.3079019784927368
vn -0.0994029939174652 0.98637050390243536 0.13111919164657592
vn -0.227823868393898 0.95767498016357424 0.17594002187252044
vn 0.62620282173156736 0.77864325046539312 0.03980890661478042
vn 0.61063486337661744 0.78763139247894288 0.08223044872283936
vn 0.58513498306274416 0.80235379934310912 0.11766690015792846
vn 0.5518692135810852 0.82155978679656976 0.14310809969902038
vn 0.51366335153579712 0.84361791610717776 0.15639294683933258
vn 0.47376286983489992 0.8666545152664184 0.15639294683933258
vn 0.43555700778961184 0.8887126445770264 0.14310809969902038
vn 0.40229126811027528 0.90791863203048704 0.11766690015792846
vn 0.3767913579940796 0.92264097929000848 0.08223044872283936
vn 0.361223429441452 0.9316291809082032 0.03980890661478042
vn 0.077662393450737 0.99073642492294304 0.11139989644289016
vn -0.47399201989173888 0.85316324234008784 0.2178165912628174
vn 0.87389194965362544 -0.41625332832336424 0.25108963251113892
vn -0.61117428541183472 -0.42525726556777952 0.66754943132400512
vn -0.65299350023269656 -0.55179125070571896 0.51877343654632568
vn -0.41108778119087216 -0.04828790947794914 0.91031593084335328
vn -0.44527408480644224 -0.19419276714324952 0.87408244609832768
vn -0.32186025381088256 0.01268695946782827 0.94670218229293824
vn -0.74214571714401248 0.23279349505901336 0.62851166725158688
vn -0.7493953704833984 0.227352112531662 0.62186622619628904
vn -0.87466698884963984 0.4166559278964996 0.2477004826068878
vn -0.88967519998550416 -0.01814706437289714 0.45623314380645752
vn -0.95533829927444464 0.15609586238861084 0.25092399120330812
vn -0.91617006063461296 -0.0258146058768034 0.3999575972557068
vn -0.78583413362503056 -0.55840992927551272 0.26578754186630248
vn -0.69464856386184696 -0.62858998775482176 0.34976842999458312
vn -0.58799803256988528 -0.76802271604537968 0.25377029180526732
vn -0.93445688486099248 -0.28235894441604616 0.21694178879261016
vn -0.9170657992362976 -0.02768624387681484 0.39777356386184696
vn -0.9320242404937744 0.29329836368560792 0.21285411715507508
vn -0.87101560831069952 0.42756205797195432 0.241914302110672
vn -0.8461408615112304 0.36869940161705016 0.3848460018634796
vn -0.57737094163894656 0.08037154376506805 0.81251657009124752
vn -0.56752121448516848 -0.41439798474311832 0.71147310733795168
vn -0.838115394115448 0.48388615250587464 0.25182682275772096
vn -0.73963427543640144 0.4270280599594116 0.52018094062805176
vn -0.57832467555999752 0.33389592170715332 0.7443480491638184
vn -0.36788916587829592 0.2124009132385254 0.90528637170791632
vn -0.12620317935943604 0.07286343723535538 0.98932486772537232
vn 0.36788916587829592 -0.2124009132385254 0.90528637170791632
vn 0.57832467555999752 -0.33389592170715332 0.7443480491638184
vn 0.73963427543640144 -0.4270280599594116 0.52018094062805176
vn 0.838115394115448 -0.48388615250587464 0.25182682275772096
vn -0.95483458042144768 0.19894726574420928 0.22070541977882384
vn -0.96187210083007808 0.1582895815372467 0.22303915023803712
vn -0.92673003673553472 0.29100200533866884 0.23767460882663728
vn -0.9758570194244384 -0.01609249599277973 0.2178165912628174
vn -0.85716265439987184 0.14151164889335632 0.4952238202095032
vn -0.70359236001968384 0.05284778028726578 0.70863598585128784
vn -0.50325304269790648 -0.06281818449497223 0.86185282468795776
vn -0.27316257357597352 -0.19566096365451812 0.94185930490493776
vn -0.03286608681082725 -0.33439621329307556 0.94185930490493776
vn 0.19722436368465424 -0.46723899245262144 0.86185282468795776
vn 0.3975636959075928 -0.58290493488311768 0.70863598585128784
vn 0.5511339902877808 -0.6715688109397888 0.4952238202095032
vn 0.64855504035949704 -0.72703832387924192 0.225369855761528
vn 0.79743194580078128 -0.54868596792221072 0.25108963251113892
vn -0.94328278303146368 -0.28153622150421144 0.17594002187252044
vn -0.81917166709899904 -0.56262582540512088 0.11139989644289016
vn -0.84080016613006592 -0.4452543556690216 0.3079019784927368
vn -0.74531888961792 -0.50038051605224608 0.4405894875526428
vn -0.62075930833816528 -0.57229501008987424 0.53585100173950192
vn -0.47770217061042784 -0.65488910675048832 0.5855944752693176
vn -0.32829949259757996 -0.74114674329757696 0.5855944752693176
vn -0.18524236977100372 -0.82374083995819088 0.53585100173950192
vn -0.06068278476595879 -0.89565533399581904 0.4405894875526428
vn 0.03479849174618721 -0.95078146457672112 0.3079019784927368
vn 0.09309078007936478 -0.98443657159805296 0.14905963838100434
vn -0.62620282173156736 -0.77864325046539312 0.03980890661478042
vn -0.61063486337661744 -0.78763139247894288 0.08223044872283936
vn -0.58513498306274416 -0.80235379934310912 0.11766690015792846
vn -0.5518692135810852 -0.82155978679656976 0.14310809969902038
vn -0.51366335153579712 -0.84361791610717776 0.15639294683933258
vn -0.47376286983489992 -0.8666545152664184 0.15639294683933258
vn -0.43555700778961184 -0.8887126445770264 0.14310809969902038
vn -0.40229126811027528 -0.90791863203048704 0.11766690015792846
vn -0.3767913579940796 -0.92264097929000848 0.08223044872283936
vn -0.361223429441452 -0.9316291809082032 0.03980890661478042
vn -0.90392345190048224 -0.40709975361824032 0.13111919164657592
vn 0.58684587478637696 -0.77541041374206544 0.23313218355178832
vn -0.87389194965362544 0.41625332832336424 0.25108963251113892
vn 0.17049703001976014 -0.78800874948501584 0.59158509969711304
vn 0.35804116725921632 -0.4642527997493744 0.81010854244232176
vn 0.5732625722885132 -0.526456356048584 0.62786442041397096
vn -0.20740076899528504 -0.64623844623565672 0.734411895275116
vn -0.15905576944351196 -0.7090017199516296 0.68703550100326536
vn 0.04727943986654282 -0.20604990422725676 0.97739863395690912
vn 0.08981002122163773 -0.34309321641921996 0.93499797582626336
vn 0.11753090471029282 -0.35644170641899108 0.92689579725265504
vn -0.37112817168235776 -0.89323264360427856 0.25377029180526732
vn 0.62161904573440552 -0.7196025848388672 0.30945420265197752
vn 0.7377309203147888 -0.54847693443298336 0.39360657334327696
vn 0.75904351472854608 -0.52376765012741088 0.38667857646942136
vn 0.594394326210022 -0.78208005428314208 0.18720637261867524
vn 0.08705095201730728 -0.9747527837753296 0.20561894774436952
vn 0.0702444314956665 -0.96843671798706048 0.23915696144104004
vn -0.3537863790988922 -0.89724051952362064 0.2641867697238922
vn -0.07565142959356308 -0.422602653503418 0.90315216779708864
vn -0.28889936208724976 -0.79313647747039792 0.536163866519928
vn 0.35759776830673216 -0.45957329869270328 0.81296753883361824
vn 0.57680100202560424 -0.07990209758281708 0.81296753883361824
vn 0.58107531070709232 -0.07794634252786636 0.81010854244232176
vn 0.76768410205841072 0.24634963274002076 0.59158509969711304
vn 0.34203246235847472 0.09376884996891022 0.93499797582626336
vn 0.3281589150428772 0.27681738138198852 0.90315216779708864
vn 0.20208416879177092 0.06207975745201111 0.97739863395690912
vn 0.53448563814163208 0.49224719405174256 0.68703550100326536
vn 0.54242664575576784 0.6467624306678772 0.536163866519928
vn 0.83311790227890016 -0.3954671621322632 0.38667857646942136
vn 0.92332732677459712 -0.20735450088977812 0.3232194483280182
vn 0.87381303310394288 0.42338490486145016 0.23915696144104004
vn 0.60013991594314576 0.75500822067260736 0.2641867697238922
vn 0.58799803256988528 0.76802271604537968 0.25377029180526732
vn 0.88768613338470464 0.41198804974555968 0.20561894774436952
vn 0.98016375303268432 0.01500463020056486 0.19762040674686432
vn 0.93166363239288336 -0.15470902621746064 0.32873690128326416
vn 0.8438604474067688 -0.36465525627136232 0.39360657334327696
vn 0.45595851540565488 0.50273352861404416 0.734411895275116
vn 0.3674530386924744 0.0764361098408699 0.92689579725265504
vn 0.74255585670471184 -0.2332318127155304 0.62786442041397096
vn -0.57267796993255616 0.52632033824920656 0.62851166725158688
vn 0.42018872499465944 0.72778820991516112 0.54200160503387448
vn 0.204085573554039 0.353486567735672 0.91290545463562016
vn -0.42018872499465944 -0.72778820991516112 0.54200160503387448
vn -0.204085573554039 -0.353486567735672 0.91290545463562016
# 822 vertex normals

g obj_10563105
s 1
f 1//1 2//1 3//1
f 2//1 1//1 4//1
f 4//1 5//1 2//1
f 6//1 7//1 1//1
f 3//1 6//1 1//1
f 8//1 9//1 10//1
f 10//1 7//1 8//1
f 8//1 11//1 9//1
f 6//1 8//1 7//1
f 8//1 12//1 11//1
f 13//2 14//2 15//2
f 16//3 15//3 17//3
f 18//4 17//4 19//4
f 20//5 19//5 21//5
f 22//6 23//6 24//6
f 23//7 21//7 24//7
f 22//8 25//8 26//8
f 26//9 27//9 22//9
f 27//10 28//10 12//10
f 12//11 29//11 27//11
f 29//12 8//12 6//12
f 30//13 6//13 3//13
f 31//14 3//14 2//14
f 32//15 2//15 5//15
f 33//16 5//16 4//16
f 34//17 4//17 1//17
f 35//18 1//18 7//18
f 36//19 7//19 10//19
f 37//20 10//20 9//20
f 38//21 39//21 11//21
f 39//22 9//22 11//22
f 40//23 38//23 41//23
f 38//24 42//24 41//24
f 40//25 43//25 44//25
f 44//26 45//26 40//26
f 45//27 46//27 47//27
f 48//28 47//28 49//28
f 50//29 49//29 51//29
f 52//30 51//30 53//30
f 53//30 54//30 52//30
f 51//29 52//29 50//29
f 49//28 50//28 48//28
f 47//27 48//27 45//27
f 44//31 46//31 45//31
f 41//32 43//32 40//32
f 11//33 42//33 38//33
f 9//20 39//20 37//20
f 10//19 37//19 36//19
f 7//18 36//18 35//18
f 1//17 35//17 34//17
f 4//16 34//16 33//16
f 5//15 33//15 32//15
f 2//14 32//14 31//14
f 3//13 31//13 30//13
f 6//12 30//12 29//12
f 12//34 8//34 29//34
f 26//35 28//35 27//35
f 24//36 25//36 22//36
f 21//5 23//5 20//5
f 19//4 20//4 18//4
f 17//3 18//3 16//3
f 15//2 16//2 13//2
f 13//37 55//37 56//37
f 56//37 14//37 13//37
f 55//38 13//38 57//38
f 57//38 58//38 55//38
f 54//39 53//39 59//39
f 59//39 60//39 54//39
f 54//40 60//40 61//40
f 61//40 62//40 54//40
f 57//41 63//41 64//41
f 64//41 58//41 57//41
f 62//42 65//42 66//42
f 67//43 66//43 68//43
f 69//44 68//44 70//44
f 71//45 70//45 72//45
f 73//46 72//46 74//46
f 75//47 74//47 76//47
f 77//48 76//48 78//48
f 79//49 78//49 80//49
f 81//50 80//50 82//50
f 83//51 82//51 84//51
f 85//52 84//52 86//52
f 87//53 86//53 88//53
f 89//54 88//54 90//54
f 91//55 90//55 92//55
f 93//56 92//56 94//56
f 95//57 94//57 96//57
f 97//58 96//58 98//58
f 99//59 98//59 100//59
f 101//60 100//60 102//60
f 103//61 102//61 104//61
f 105//62 104//62 106//62
f 107//63 106//63 108//63
f 109//64 108//64 63//64
f 63//64 57//64 109//64
f 108//63 109//63 107//63
f 106//62 107//62 105//62
f 104//61 105//61 103//61
f 102//60 103//60 101//60
f 100//59 101//59 99//59
f 98//58 99//58 97//58
f 96//57 97//57 95//57
f 94//56 95//56 93//56
f 92//55 93//55 91//55
f 90//54 91//54 89//54
f 88//53 89//53 87//53
f 86//52 87//52 85//52
f 84//51 85//51 83//51
f 82//50 83//50 81//50
f 80//49 81//49 79//49
f 78//48 79//48 77//48
f 76//47 77//47 75//47
f 74//46 75//46 73//46
f 72//45 73//45 71//45
f 70//44 71//44 69//44
f 68//43 69//43 67//43
f 66//42 67//42 62//42
f 62//65 61//65 110//65
f 110//65 65//65 62//65
f 41//66 42//66 111//66
f 112//67 111//67 42//67
f 42//68 11//68 112//68
f 41//69 113//69 114//69
f 114//70 43//70 41//70
f 44//71 43//71 115//71
f 115//72 116//72 44//72
f 114//73 115//73 43//73
f 111//74 113//74 41//74
f 117//1 53//1 51//1
f 118//1 59//1 53//1
f 53//1 117//1 118//1
f 117//1 49//1 47//1
f 47//1 119//1 117//1
f 47//1 120//1 119//1
f 120//1 47//1 46//1
f 46//1 44//1 120//1
f 51//1 49//1 117//1
f 44//75 116//75 121//75
f 120//76 121//76 122//76
f 122//76 119//76 120//76
f 121//75 120//75 44//75
f 123//77 114//77 113//77
f 113//78 124//78 123//78
f 115//79 123//79 125//79
f 125//80 116//80 115//80
f 124//81 111//81 112//81
f 112//82 126//82 124//82
f 127//83 126//83 128//83
f 128//84 129//84 127//84
f 126//85 127//85 124//85
f 115//86 114//86 123//86
f 113//87 111//87 124//87
f 122//88 121//88 125//88
f 121//89 116//89 125//89
f 117//40 119//40 122//40
f 122//40 130//40 117//40
f 122//39 125//39 131//39
f 131//39 130//39 122//39
f 117//38 132//38 133//38
f 133//38 118//38 117//38
f 130//90 131//90 134//90
f 135//90 136//90 117//90
f 117//90 130//90 135//90
f 136//90 132//90 117//90
f 134//90 135//90 130//90
f 135//37 134//37 137//37
f 137//37 138//37 135//37
f 137//37 139//37 140//37
f 140//37 138//37 137//37
f 24//91 141//91 142//91
f 26//92 25//92 143//92
f 25//93 142//93 143//93
f 144//94 12//94 28//94
f 26//95 145//95 146//95
f 146//96 28//96 26//96
f 28//97 146//97 144//97
f 143//98 145//98 26//98
f 142//99 25//99 24//99
f 142//100 141//100 147//100
f 148//101 143//101 142//101
f 148//102 149//102 145//102
f 149//103 146//103 145//103
f 150//104 151//104 152//104
f 149//105 153//105 144//105
f 149//106 150//106 153//106
f 144//107 146//107 149//107
f 152//108 153//108 150//108
f 145//109 143//109 148//109
f 147//110 148//110 142//110
f 154//111 155//111 156//111
f 157//112 156//112 141//112
f 141//112 24//112 157//112
f 156//111 157//111 154//111
f 158//1 159//1 14//1
f 159//1 17//1 15//1
f 159//1 154//1 19//1
f 15//1 14//1 159//1
f 14//1 56//1 158//1
f 157//1 24//1 21//1
f 19//1 17//1 159//1
f 154//1 157//1 19//1
f 21//1 19//1 157//1
f 160//40 161//40 159//40
f 159//40 158//40 160//40
f 154//38 159//38 162//38
f 162//38 155//38 154//38
f 163//37 147//37 155//37
f 155//37 162//37 163//37
f 141//113 156//113 147//113
f 156//114 155//114 147//114
f 134//1 131//1 125//1
f 137//1 125//1 123//1
f 127//1 150//1 149//1
f 127//1 129//1 151//1
f 123//1 139//1 137//1
f 151//1 150//1 127//1
f 164//1 139//1 124//1
f 165//1 164//1 148//1
f 166//1 165//1 147//1
f 123//1 124//1 139//1
f 124//1 127//1 164//1
f 147//1 163//1 166//1
f 149//1 164//1 127//1
f 148//1 147//1 165//1
f 164//1 149//1 148//1
f 125//1 137//1 134//1
f 167//90 162//90 159//90
f 162//90 167//90 166//90
f 166//90 163//90 162//90
f 159//90 168//90 167//90
f 159//90 161//90 168//90
f 166//39 167//39 169//39
f 169//39 165//39 166//39
f 165//39 169//39 170//39
f 170//39 164//39 165//39
f 164//115 170//115 140//115
f 140//115 139//115 164//115
f 171//116 12//116 172//116
f 173//116 174//116 175//116
f 173//116 176//116 177//116
f 173//116 129//116 178//116
f 12//116 179//116 172//116
f 177//116 174//116 173//116
f 129//116 180//116 178//116
f 112//116 11//116 181//116
f 11//116 12//116 182//116
f 12//116 183//116 179//116
f 178//116 176//116 173//116
f 175//116 184//116 185//116
f 186//116 187//116 126//116
f 11//116 188//116 181//116
f 11//116 189//116 190//116
f 12//116 191//116 182//116
f 172//116 175//116 171//116
f 153//116 152//116 192//116
f 129//116 173//116 193//116
f 185//116 194//116 175//116
f 128//116 195//116 196//116
f 126//116 187//116 195//116
f 181//116 186//116 112//116
f 190//116 197//116 11//116
f 12//116 198//116 191//116
f 12//116 199//116 183//116
f 144//116 200//116 201//116
f 202//116 144//116 153//116
f 152//116 151//116 203//116
f 151//116 204//116 205//116
f 175//116 194//116 173//116
f 129//116 196//116 206//116
f 175//116 172//116 207//116
f 195//116 128//116 126//116
f 197//116 188//116 11//116
f 171//116 198//116 12//116
f 201//116 12//116 144//116
f 192//116 202//116 153//116
f 205//116 203//116 151//116
f 151//116 129//116 208//116
f 206//116 180//116 129//116
f 207//116 209//116 175//116
f 209//116 184//116 175//116
f 126//116 112//116 186//116
f 201//116 199//116 12//116
f 203//116 192//116 152//116
f 129//116 210//116 208//116
f 182//116 189//116 11//116
f 208//116 204//116 151//116
f 196//116 129//116 128//116
f 193//116 210//116 129//116
f 202//116 200//116 144//116
f 211//117 212//117 186//117
f 213//118 211//118 181//118
f 214//37 213//37 188//37
f 215//119 214//119 197//119
f 216//120 215//120 190//120
f 217//121 216//121 189//121
f 218//122 217//122 182//122
f 219//39 218//39 191//39
f 220//123 219//123 198//123
f 221//124 220//124 171//124
f 222//125 221//125 175//125
f 223//126 222//126 174//126
f 224//65 223//65 177//65
f 225//127 224//127 176//127
f 226//128 225//128 178//128
f 227//129 226//129 180//129
f 228//130 227//130 206//130
f 229//41 228//41 196//41
f 230//131 229//131 195//131
f 212//132 230//132 187//132
f 187//132 186//132 212//132
f 195//131 187//131 230//131
f 196//41 195//41 229//41
f 206//130 196//130 228//130
f 180//129 206//129 227//129
f 178//128 180//128 226//128
f 176//127 178//127 225//127
f 177//65 176//65 224//65
f 174//126 177//126 223//126
f 175//125 174//125 222//125
f 171//124 175//124 221//124
f 198//123 171//123 220//123
f 191//39 198//39 219//39
f 182//122 191//122 218//122
f 189//121 182//121 217//121
f 190//120 189//120 216//120
f 197//119 190//119 215//119
f 188//37 197//37 214//37
f 181//118 188//118 213//118
f 186//117 181//117 211//117
f 223//116 231//116 232//116
f 223//116 224//116 233//116
f 233//116 231//116 223//116
f 224//116 225//116 234//116
f 226//116 235//116 234//116
f 226//116 227//116 236//116
f 212//116 237//116 238//116
f 212//116 211//116 239//116
f 214//116 215//116 240//116
f 215//116 216//116 241//116
f 234//116 233//116 224//116
f 236//116 235//116 226//116
f 228//116 242//116 236//116
f 228//116 229//116 243//116
f 230//116 238//116 243//116
f 239//116 237//116 212//116
f 213//116 214//116 244//116
f 241//116 240//116 215//116
f 234//116 225//116 226//116
f 243//116 242//116 228//116
f 238//116 230//116 212//116
f 211//116 213//116 245//116
f 240//116 244//116 214//116
f 216//116 217//116 246//116
f 217//116 218//116 247//116
f 218//116 219//116 248//116
f 236//116 227//116 228//116
f 245//116 239//116 211//116
f 246//116 241//116 216//116
f 248//116 247//116 218//116
f 243//116 229//116 230//116
f 247//116 246//116 217//116
f 219//116 220//116 249//116
f 220//116 221//116 250//116
f 244//116 245//116 213//116
f 250//116 249//116 220//116
f 221//116 222//116 232//116
f 249//116 248//116 219//116
f 232//116 222//116 223//116
f 232//116 250//116 221//116
f 251//117 252//117 237//117
f 253//118 251//118 239//118
f 254//37 253//37 245//37
f 255//119 254//119 244//119
f 256//120 255//120 240//120
f 257//121 256//121 241//121
f 258//122 257//122 246//122
f 259//39 258//39 247//39
f 260//123 259//123 248//123
f 261//124 260//124 249//124
f 262//125 261//125 250//125
f 263//126 262//126 232//126
f 264//65 263//65 231//65
f 265//127 264//127 233//127
f 266//128 265//128 234//128
f 267//129 266//129 235//129
f 268//130 267//130 236//130
f 269//41 268//41 242//41
f 270//131 269//131 243//131
f 252//132 270//132 238//132
f 238//132 237//132 252//132
f 243//131 238//131 270//131
f 242//41 243//41 269//41
f 236//130 242//130 268//130
f 235//129 236//129 267//129
f 234//128 235//128 266//128
f 233//127 234//127 265//127
f 231//65 233//65 264//65
f 232//126 231//126 263//126
f 250//125 232//125 262//125
f 249//124 250//124 261//124
f 248//123 249//123 260//123
f 247//39 248//39 259//39
f 246//122 247//122 258//122
f 241//121 246//121 257//121
f 240//120 241//120 256//120
f 244//119 240//119 255//119
f 245//37 244//37 254//37
f 239//118 245//118 253//118
f 237//117 239//117 251//117
f 271//117 272//117 194//117
f 273//118 271//118 185//118
f 274//37 273//37 184//37
f 275//119 274//119 209//119
f 276//120 275//120 207//120
f 277//121 276//121 172//121
f 278//122 277//122 179//122
f 279//39 278//39 183//39
f 280//123 279//123 199//123
f 281//124 280//124 201//124
f 282//125 281//125 200//125
f 283//126 282//126 202//126
f 284//65 283//65 192//65
f 285//127 284//127 203//127
f 286//128 285//128 205//128
f 287//129 286//129 204//129
f 288//130 287//130 208//130
f 289//41 288//41 210//41
f 290//131 289//131 193//131
f 272//132 290//132 173//132
f 173//132 194//132 272//132
f 193//131 173//131 290//131
f 210//41 193//41 289//41
f 208//130 210//130 288//130
f 204//129 208//129 287//129
f 205//128 204//128 286//128
f 203//127 205//127 285//127
f 192//65 203//65 284//65
f 202//126 192//126 283//126
f 200//125 202//125 282//125
f 201//124 200//124 281//124
f 199//123 201//123 280//123
f 183//39 199//39 279//39
f 179//122 183//122 278//122
f 172//121 179//121 277//121
f 207//120 172//120 276//120
f 209//119 207//119 275//119
f 184//37 209//37 274//37
f 185//118 184//118 273//118
f 194//117 185//117 271//117
f 283//116 291//116 292//116
f 283//116 284//116 293//116
f 293//116 291//116 283//116
f 284//116 285//116 294//116
f 286//116 295//116 294//116
f 286//116 287//116 296//116
f 272//116 297//116 298//116
f 272//116 271//116 299//116
f 274//116 275//116 300//116
f 275//116 276//116 301//116
f 294//116 293//116 284//116
f 296//116 295//116 286//116
f 288//116 302//116 296//116
f 288//116 289//116 303//116
f 290//116 298//116 303//116
f 299//116 297//116 272//116
f 273//116 274//116 304//116
f 301//116 300//116 275//116
f 294//116 285//116 286//116
f 303//116 302//116 288//116
f 298//116 290//116 272//116
f 271//116 273//116 305//116
f 300//116 304//116 274//116
f 276//116 277//116 306//116
f 277//116 278//116 307//116
f 278//116 279//116 308//116
f 296//116 287//116 288//116
f 305//116 299//116 271//116
f 306//116 301//116 276//116
f 308//116 307//116 278//116
f 303//116 289//116 290//116
f 307//116 306//116 277//116
f 279//116 280//116 309//116
f 280//116 281//116 310//116
f 304//116 305//116 273//116
f 310//116 309//116 280//116
f 281//116 282//116 292//116
f 309//116 308//116 279//116
f 292//116 282//116 283//116
f 292//116 310//116 281//116
f 311//117 312//117 297//117
f 313//118 311//118 299//118
f 314//37 313//37 305//37
f 315//119 314//119 304//119
f 316//120 315//120 300//120
f 317//121 316//121 301//121
f 318//122 317//122 306//122
f 319//39 318//39 307//39
f 320//123 319//123 308//123
f 321//124 320//124 309//124
f 322//125 321//125 310//125
f 323//126 322//126 292//126
f 324//65 323//65 291//65
f 325//127 324//127 293//127
f 326//128 325//128 294//128
f 327//129 326//129 295//129
f 328//130 327//130 296//130
f 329//41 328//41 302//41
f 330//131 329//131 303//131
f 312//132 330//132 298//132
f 298//132 297//132 312//132
f 303//131 298//131 330//131
f 302//41 303//41 329//41
f 296//130 302//130 328//130
f 295//129 296//129 327//129
f 294//128 295//128 326//128
f 293//127 294//127 325//127
f 291//65 293//65 324//65
f 292//126 291//126 323//126
f 310//125 292//125 322//125
f 309//124 310//124 321//124
f 308//123 309//123 320//123
f 307//39 308//39 319//39
f 306//122 307//122 318//122
f 301//121 306//121 317//121
f 300//120 301//120 316//120
f 304//119 300//119 315//119
f 305//37 304//37 314//37
f 299//118 305//118 313//118
f 297//117 299//117 311//117
f 330//90 260//90 261//90
f 331//90 332//90 315//90
f 330//90 259//90 260//90
f 262//90 170//90 326//90
f 332//90 314//90 315//90
f 330//90 258//90 259//90
f 170//90 325//90 326//90
f 170//90 331//90 320//90
f 315//90 316//90 331//90
f 311//90 332//90 256//90
f 170//90 265//90 266//90
f 330//90 257//90 258//90
f 312//90 256//90 257//90
f 170//90 324//90 325//90
f 170//90 322//90 323//90
f 320//90 321//90 170//90
f 331//90 317//90 318//90
f 332//90 313//90 314//90
f 332//90 255//90 256//90
f 266//90 140//90 170//90
f 257//90 330//90 312//90
f 261//90 262//90 330//90
f 262//90 327//90 328//90
f 323//90 324//90 170//90
f 331//90 319//90 320//90
f 316//90 317//90 331//90
f 256//90 312//90 311//90
f 332//90 253//90 254//90
f 140//90 267//90 268//90
f 170//90 264//90 265//90
f 262//90 329//90 330//90
f 326//90 327//90 262//90
f 318//90 319//90 331//90
f 254//90 255//90 332//90
f 140//90 269//90 270//90
f 266//90 267//90 140//90
f 328//90 329//90 262//90
f 311//90 313//90 332//90
f 140//90 252//90 251//90
f 268//90 269//90 140//90
f 170//90 262//90 263//90
f 321//90 322//90 170//90
f 251//90 332//90 140//90
f 263//90 264//90 170//90
f 251//90 253//90 332//90
f 270//90 252//90 140//90
f 333//40 331//40 170//40
f 170//40 169//40 333//40
f 168//40 334//40 333//40
f 333//40 167//40 168//40
f 169//40 167//40 333//40
f 332//38 335//38 138//38
f 136//38 135//38 335//38
f 335//38 135//38 138//38
f 138//38 140//38 332//38
f 335//38 336//38 136//38
f 332//1 331//1 333//1
f 333//1 335//1 332//1
f 333//90 334//90 336//90
f 336//90 335//90 333//90
f 337//133 338//133 339//133
f 61//134 60//134 340//134
f 60//135 59//135 340//135
f 340//134 337//134 61//134
f 118//136 133//136 340//136
f 340//137 59//137 118//137
f 337//134 110//134 61//134
f 341//138 339//138 338//138
f 342//139 341//139 343//139
f 344//140 342//140 345//140
f 346//141 344//141 347//141
f 348//142 346//142 349//142
f 350//143 348//143 351//143
f 352//144 350//144 353//144
f 354//145 352//145 355//145
f 158//146 56//146 356//146
f 58//147 357//147 356//147
f 356//147 55//147 58//147
f 357//148 64//148 354//148
f 354//148 358//148 357//148
f 357//147 58//147 64//147
f 356//149 56//149 55//149
f 356//150 160//150 158//150
f 355//145 358//145 354//145
f 353//144 355//144 352//144
f 351//143 353//143 350//143
f 349//142 351//142 348//142
f 347//141 349//141 346//141
f 345//140 347//140 344//140
f 343//139 345//139 342//139
f 338//138 343//138 341//138
f 339//133 110//133 337//133
f 334//151 359//151 360//151
f 334//151 361//151 362//151
f 363//151 364//151 334//151
f 336//151 334//151 365//151
f 334//151 366//151 359//151
f 334//151 367//151 361//151
f 161//151 368//151 369//151
f 160//151 356//151 368//151
f 168//151 370//151 363//151
f 370//151 168//151 161//151
f 334//151 371//151 365//151
f 362//151 366//151 334//151
f 334//151 364//151 372//151
f 368//151 161//151 160//151
f 161//151 373//151 370//151
f 365//151 374//151 336//151
f 372//151 367//151 334//151
f 375//151 376//151 132//151
f 334//151 168//151 363//151
f 360//151 371//151 334//151
f 136//151 377//151 375//151
f 377//151 136//151 336//151
f 374//151 378//151 336//151
f 336//151 378//151 377//151
f 133//151 132//151 379//151
f 132//151 376//151 380//151
f 132//151 136//151 375//151
f 380//151 379//151 132//151
f 379//151 340//151 133//151
f 369//151 373//151 161//151
f 381//38 337//38 340//38
f 340//38 379//38 381//38
f 382//152 381//152 379//152
f 383//153 382//153 380//153
f 384//154 383//154 376//154
f 385//155 384//155 375//155
f 386//156 385//156 377//156
f 387//157 386//157 378//157
f 388//158 387//158 374//158
f 389//159 388//159 365//159
f 390//160 389//160 371//160
f 391//161 390//161 360//161
f 392//90 391//90 359//90
f 393//162 392//162 366//162
f 394//163 393//163 362//163
f 395//164 394//164 361//164
f 396//165 395//165 367//165
f 397//166 396//166 372//166
f 398//167 397//167 364//167
f 399//168 398//168 363//168
f 400//169 399//169 370//169
f 401//170 400//170 373//170
f 402//171 401//171 369//171
f 369//171 368//171 402//171
f 373//170 369//170 401//170
f 370//169 373//169 400//169
f 363//168 370//168 399//168
f 364//167 363//167 398//167
f 372//166 364//166 397//166
f 367//165 372//165 396//165
f 361//164 367//164 395//164
f 362//163 361//163 394//163
f 366//162 362//162 393//162
f 359//90 366//90 392//90
f 360//161 359//161 391//161
f 371//160 360//160 390//160
f 365//159 371//159 389//159
f 374//158 365//158 388//158
f 378//157 374//157 387//157
f 377//156 378//156 386//156
f 375//155 377//155 385//155
f 376//154 375//154 384//154
f 380//153 376//153 383//153
f 379//152 380//152 382//152
f 357//40 402//40 368//40
f 368//40 356//40 357//40
f 353//1 398//1 399//1
f 349//1 347//1 389//1
f 351//1 395//1 396//1
f 353//1 397//1 398//1
f 343//1 338//1 381//1
f 347//1 345//1 387//1
f 389//1 390//1 349//1
f 349//1 393//1 394//1
f 351//1 394//1 395//1
f 353//1 396//1 397//1
f 355//1 401//1 402//1
f 381//1 382//1 343//1
f 387//1 388//1 347//1
f 390//1 391//1 349//1
f 349//1 392//1 393//1
f 399//1 355//1 353//1
f 355//1 400//1 401//1
f 382//1 383//1 343//1
f 345//1 385//1 386//1
f 345//1 343//1 384//1
f 391//1 392//1 349//1
f 396//1 353//1 351//1
f 355//1 399//1 400//1
f 383//1 384//1 343//1
f 384//1 385//1 345//1
f 394//1 351//1 349//1
f 402//1 357//1 358//1
f 386//1 387//1 345//1
f 402//1 358//1 355//1
f 388//1 389//1 347//1
f 338//1 337//1 381//1
f 57//172 13//172 16//172
f 109//173 16//173 18//173
f 107//174 18//174 20//174
f 105//175 20//175 23//175
f 103//176 23//176 22//176
f 101//177 22//177 27//177
f 99//178 27//178 29//178
f 97//179 29//179 30//179
f 95//180 30//180 31//180
f 83//181 36//181 37//181
f 81//182 37//182 39//182
f 79//183 39//183 38//183
f 77//184 38//184 40//184
f 75//185 40//185 45//185
f 73//186 45//186 48//186
f 71//187 48//187 50//187
f 69//188 50//188 52//188
f 67//189 52//189 54//189
f 91//190 403//190 404//190
f 89//116 404//116 405//116
f 87//191 405//191 406//191
f 35//192 36//192 407//192
f 407//193 408//193 35//193
f 36//194 409//194 407//194
f 36//195 410//195 411//195
f 36//196 412//196 410//196
f 36//197 83//197 413//197
f 413//197 414//197 36//197
f 83//198 415//198 413//198
f 83//199 416//199 417//199
f 417//200 418//200 83//200
f 418//201 415//201 83//201
f 414//202 412//202 36//202
f 411//203 419//203 36//203
f 83//204 420//204 416//204
f 419//205 409//205 36//205
f 85//206 421//206 422//206
f 85//207 406//207 421//207
f 422//208 83//208 85//208
f 422//209 420//209 83//209
f 423//191 34//191 35//191
f 424//116 33//116 34//116
f 425//190 32//190 33//190
f 91//210 93//210 426//210
f 426//211 427//211 91//211
f 93//212 428//212 426//212
f 93//213 429//213 430//213
f 93//214 431//214 429//214
f 31//215 432//215 433//215
f 433//215 93//215 31//215
f 31//216 434//216 432//216
f 31//217 435//217 436//217
f 436//218 437//218 31//218
f 437//219 434//219 31//219
f 433//220 431//220 93//220
f 430//221 438//221 93//221
f 31//222 439//222 435//222
f 438//223 428//223 93//223
f 32//224 440//224 441//224
f 32//225 425//225 440//225
f 441//226 31//226 32//226
f 441//227 439//227 31//227
f 427//225 403//225 91//225
f 33//190 424//190 425//190
f 34//116 423//116 424//116
f 35//191 442//191 423//191
f 408//207 442//207 35//207
f 406//191 85//191 87//191
f 405//116 87//116 89//116
f 404//190 89//190 91//190
f 54//189 62//189 67//189
f 52//188 67//188 69//188
f 50//187 69//187 71//187
f 48//186 71//186 73//186
f 45//185 73//185 75//185
f 40//184 75//184 77//184
f 38//183 77//183 79//183
f 39//182 79//182 81//182
f 37//181 81//181 83//181
f 31//180 93//180 95//180
f 30//179 95//179 97//179
f 29//178 97//178 99//178
f 27//177 99//177 101//177
f 22//176 101//176 103//176
f 23//175 103//175 105//175
f 20//174 105//174 107//174
f 18//173 107//173 109//173
f 16//172 109//172 57//172
f 414//40 413//40 443//40
f 443//40 444//40 414//40
f 432//38 445//38 446//38
f 446//38 433//38 432//38
f 445//228 434//228 437//228
f 445//229 432//229 434//229
f 447//230 436//230 435//230
f 447//231 437//231 436//231
f 448//37 435//37 439//37
f 449//119 439//119 441//119
f 450//120 441//120 440//120
f 440//120 451//120 450//120
f 441//119 450//119 449//119
f 439//37 449//37 448//37
f 435//118 448//118 447//118
f 437//117 447//117 445//117
f 452//232 453//232 454//232
f 455//233 456//233 457//233
f 456//234 454//234 457//234
f 455//235 458//235 459//235
f 459//236 460//236 455//236
f 460//237 461//237 462//237
f 463//238 464//238 465//238
f 464//239 462//239 465//239
f 463//240 466//240 467//240
f 467//241 468//241 463//241
f 468//242 469//242 445//242
f 470//243 452//243 456//243
f 471//244 456//244 455//244
f 472//245 455//245 460//245
f 473//246 460//246 464//246
f 474//247 464//247 463//247
f 475//248 463//248 468//248
f 476//249 468//249 447//249
f 477//250 470//250 471//250
f 478//251 471//251 472//251
f 479//252 472//252 473//252
f 480//253 473//253 474//253
f 481//254 474//254 475//254
f 482//255 475//255 476//255
f 483//256 476//256 448//256
f 484//257 477//257 478//257
f 485//258 478//258 479//258
f 486//259 479//259 480//259
f 487//260 480//260 481//260
f 488//261 481//261 482//261
f 489//262 482//262 483//262
f 490//263 483//263 449//263
f 491//264 484//264 485//264
f 492//265 485//265 486//265
f 493//266 486//266 487//266
f 494//267 487//267 488//267
f 495//268 488//268 489//268
f 496//269 489//269 490//269
f 497//270 490//270 450//270
f 450//270 451//270 497//270
f 490//269 497//269 496//269
f 489//268 496//268 495//268
f 488//267 495//267 494//267
f 487//266 494//266 493//266
f 486//265 493//265 492//265
f 485//264 492//264 491//264
f 449//263 450//263 490//263
f 483//262 490//262 489//262
f 482//261 489//261 488//261
f 481//260 488//260 487//260
f 480//259 487//259 486//259
f 479//258 486//258 485//258
f 478//257 485//257 484//257
f 448//256 449//256 483//256
f 476//255 483//255 482//255
f 475//254 482//254 481//254
f 474//253 481//253 480//253
f 473//252 480//252 479//252
f 472//251 479//251 478//251
f 471//250 478//250 477//250
f 447//249 448//249 476//249
f 468//248 476//248 475//248
f 463//247 475//247 474//247
f 464//246 474//246 473//246
f 460//245 473//245 472//245
f 455//244 472//244 471//244
f 456//243 471//243 470//243
f 445//242 447//242 468//242
f 467//271 469//271 468//271
f 465//272 466//272 463//272
f 462//237 464//237 460//237
f 459//273 461//273 460//273
f 457//274 458//274 455//274
f 454//232 456//232 452//232
f 498//121 499//121 408//121
f 500//122 498//122 407//122
f 501//39 500//39 409//39
f 502//123 501//123 419//123
f 419//275 411//275 502//275
f 444//124 502//124 410//124
f 410//276 412//276 444//276
f 412//277 414//277 444//277
f 411//278 410//278 502//278
f 409//39 419//39 501//39
f 407//122 409//122 500//122
f 408//121 407//121 498//121
f 502//279 444//279 503//279
f 504//280 505//280 506//280
f 505//281 503//281 506//281
f 504//282 507//282 508//282
f 508//283 509//283 504//283
f 509//284 510//284 511//284
f 512//285 513//285 514//285
f 513//286 511//286 514//286
f 512//287 515//287 516//287
f 516//288 517//288 512//288
f 517//289 518//289 519//289
f 501//290 502//290 505//290
f 520//291 505//291 504//291
f 521//292 504//292 509//292
f 522//293 509//293 513//293
f 523//294 513//294 512//294
f 524//295 512//295 517//295
f 525//296 517//296 526//296
f 500//297 501//297 520//297
f 527//298 520//298 521//298
f 528//299 521//299 522//299
f 529//300 522//300 523//300
f 530//301 523//301 524//301
f 531//302 524//302 525//302
f 532//303 525//303 533//303
f 498//304 500//304 527//304
f 534//305 527//305 528//305
f 535//306 528//306 529//306
f 536//307 529//307 530//307
f 537//308 530//308 531//308
f 538//309 531//309 532//309
f 539//310 532//310 540//310
f 499//311 498//311 534//311
f 541//312 534//312 535//312
f 542//313 535//313 536//313
f 543//314 536//314 537//314
f 544//315 537//315 538//315
f 545//316 538//316 539//316
f 546//317 539//317 547//317
f 547//317 548//317 546//317
f 539//316 546//316 545//316
f 538//315 545//315 544//315
f 537//314 544//314 543//314
f 536//313 543//313 542//313
f 535//312 542//312 541//312
f 534//311 541//311 499//311
f 540//310 547//310 539//310
f 532//309 539//309 538//309
f 531//308 538//308 537//308
f 530//307 537//307 536//307
f 529//306 536//306 535//306
f 528//305 535//305 534//305
f 527//304 534//304 498//304
f 533//303 540//303 532//303
f 525//302 532//302 531//302
f 524//301 531//301 530//301
f 523//300 530//300 529//300
f 522//299 529//299 528//299
f 521//298 528//298 527//298
f 520//297 527//297 500//297
f 526//296 533//296 525//296
f 517//295 525//295 524//295
f 512//294 524//294 523//294
f 513//293 523//293 522//293
f 509//292 522//292 521//292
f 504//291 521//291 520//291
f 505//290 520//290 501//290
f 519//289 526//289 517//289
f 516//318 518//318 517//318
f 514//319 515//319 512//319
f 511//284 513//284 509//284
f 508//320 510//320 509//320
f 506//321 507//321 504//321
f 503//279 505//279 502//279
f 519//322 453//322 452//322
f 526//323 452//323 470//323
f 533//324 470//324 477//324
f 540//325 477//325 484//325
f 547//326 484//326 491//326
f 491//326 548//326 547//326
f 484//325 547//325 540//325
f 477//324 540//324 533//324
f 470//323 533//323 526//323
f 452//322 526//322 519//322
f 453//116 519//116 549//116
f 549//116 550//116 453//116
f 551//327 549//327 519//327
f 552//328 551//328 518//328
f 518//328 516//328 552//328
f 553//329 554//329 515//329
f 552//330 516//330 515//330
f 515//330 554//330 552//330
f 514//331 511//331 555//331
f 556//332 557//332 510//332
f 557//333 555//333 511//333
f 511//333 510//333 557//333
f 510//332 508//332 556//332
f 558//334 559//334 507//334
f 507//335 559//335 556//335
f 556//335 508//335 507//335
f 503//336 444//336 443//336
f 503//337 560//337 558//337
f 558//337 506//337 503//337
f 443//336 560//336 503//336
f 507//334 506//334 558//334
f 555//331 553//331 514//331
f 515//329 514//329 553//329
f 519//327 518//327 551//327
f 443//338 415//338 418//338
f 443//339 413//339 415//339
f 561//340 417//340 416//340
f 561//341 418//341 417//341
f 562//65 416//65 420//65
f 563//127 420//127 422//127
f 564//128 422//128 421//128
f 421//128 565//128 564//128
f 422//127 564//127 563//127
f 420//65 563//65 562//65
f 416//126 562//126 561//126
f 418//125 561//125 443//125
f 566//342 549//342 551//342
f 567//343 568//343 552//343
f 568//344 551//344 552//344
f 567//345 554//345 553//345
f 553//346 569//346 567//346
f 569//347 555//347 557//347
f 570//348 571//348 556//348
f 571//349 557//349 556//349
f 570//350 559//350 558//350
f 558//351 572//351 570//351
f 572//352 560//352 443//352
f 573//353 566//353 568//353
f 574//354 568//354 567//354
f 575//355 567//355 569//355
f 576//356 569//356 571//356
f 577//357 571//357 570//357
f 578//358 570//358 572//358
f 579//359 572//359 561//359
f 580//360 573//360 574//360
f 581//361 574//361 575//361
f 582//362 575//362 576//362
f 583//363 576//363 577//363
f 584//364 577//364 578//364
f 585//365 578//365 579//365
f 586//366 579//366 562//366
f 587//367 580//367 581//367
f 588//368 581//368 582//368
f 589//369 582//369 583//369
f 590//370 583//370 584//370
f 591//371 584//371 585//371
f 592//372 585//372 586//372
f 593//373 586//373 563//373
f 594//374 587//374 588//374
f 595//375 588//375 589//375
f 596//376 589//376 590//376
f 597//377 590//377 591//377
f 598//378 591//378 592//378
f 599//379 592//379 593//379
f 600//380 593//380 564//380
f 564//380 565//380 600//380
f 593//379 600//379 599//379
f 592//378 599//378 598//378
f 591//377 598//377 597//377
f 590//376 597//376 596//376
f 589//375 596//375 595//375
f 588//374 595//374 594//374
f 563//373 564//373 593//373
f 586//372 593//372 592//372
f 585//371 592//371 591//371
f 584//370 591//370 590//370
f 583//369 590//369 589//369
f 582//368 589//368 588//368
f 581//367 588//367 587//367
f 562//366 563//366 586//366
f 579//365 586//365 585//365
f 578//364 585//364 584//364
f 577//363 584//363 583//363
f 576//362 583//362 582//362
f 575//361 582//361 581//361
f 574//360 581//360 580//360
f 561//359 562//359 579//359
f 572//358 579//358 578//358
f 570//357 578//357 577//357
f 571//356 577//356 576//356
f 569//355 576//355 575//355
f 567//354 575//354 574//354
f 568//353 574//353 573//353
f 443//352 561//352 572//352
f 558//381 560//381 572//381
f 556//382 559//382 570//382
f 557//347 571//347 569//347
f 553//383 555//383 569//383
f 552//384 554//384 567//384
f 551//342 568//342 566//342
f 454//385 601//385 602//385
f 453//386 550//386 601//386
f 601//386 454//386 453//386
f 459//387 458//387 603//387
f 603//388 458//388 457//388
f 457//388 602//388 603//388
f 465//389 462//389 604//389
f 462//390 461//390 605//390
f 605//390 604//390 462//390
f 459//391 606//391 605//391
f 605//391 461//391 459//391
f 607//392 608//392 466//392
f 466//393 608//393 609//393
f 609//393 467//393 466//393
f 469//394 467//394 609//394
f 469//395 610//395 446//395
f 446//395 445//395 469//395
f 609//394 610//394 469//394
f 466//392 465//392 607//392
f 604//389 607//389 465//389
f 603//387 606//387 459//387
f 602//385 457//385 454//385
f 550//396 549//396 566//396
f 611//397 566//397 573//397
f 612//398 573//398 580//398
f 613//399 580//399 587//399
f 614//400 587//400 594//400
f 594//400 615//400 614//400
f 587//399 614//399 613//399
f 580//398 613//398 612//398
f 573//397 612//397 611//397
f 566//396 611//396 550//396
f 616//401 446//401 610//401
f 617//402 618//402 609//402
f 618//403 610//403 609//403
f 617//404 608//404 607//404
f 607//405 619//405 617//405
f 619//406 604//406 605//406
f 620//407 621//407 606//407
f 621//408 605//408 606//408
f 620//409 603//409 602//409
f 602//410 622//410 620//410
f 622//411 601//411 550//411
f 623//412 616//412 618//412
f 624//413 618//413 617//413
f 625//414 617//414 619//414
f 626//415 619//415 621//415
f 627//416 621//416 620//416
f 628//417 620//417 622//417
f 629//418 622//418 611//418
f 630//419 623//419 624//419
f 631//420 624//420 625//420
f 632//421 625//421 626//421
f 633//422 626//422 627//422
f 634//423 627//423 628//423
f 635//424 628//424 629//424
f 636//425 629//425 612//425
f 637//426 630//426 631//426
f 638//427 631//427 632//427
f 639//428 632//428 633//428
f 640//429 633//429 634//429
f 641//430 634//430 635//430
f 642//431 635//431 636//431
f 643//432 636//432 613//432
f 644//433 637//433 638//433
f 645//434 638//434 639//434
f 646//435 639//435 640//435
f 647//436 640//436 641//436
f 648//437 641//437 642//437
f 649//438 642//438 643//438
f 650//439 643//439 614//439
f 614//439 615//439 650//439
f 643//438 650//438 649//438
f 642//437 649//437 648//437
f 641//436 648//436 647//436
f 640//435 647//435 646//435
f 639//434 646//434 645//434
f 638//433 645//433 644//433
f 613//432 614//432 643//432
f 636//431 643//431 642//431
f 635//430 642//430 641//430
f 634//429 641//429 640//429
f 633//428 640//428 639//428
f 632//427 639//427 638//427
f 631//426 638//426 637//426
f 612//425 613//425 636//425
f 629//424 636//424 635//424
f 628//423 635//423 634//423
f 627//422 634//422 633//422
f 626//421 633//421 632//421
f 625//420 632//420 631//420
f 624//419 631//419 630//419
f 611//418 612//418 629//418
f 622//417 629//417 628//417
f 620//416 628//416 627//416
f 621//415 627//415 626//415
f 619//414 626//414 625//414
f 617//413 625//413 624//413
f 618//412 624//412 623//412
f 550//411 611//411 622//411
f 602//440 601//440 622//440
f 606//441 603//441 620//441
f 605//406 621//406 619//406
f 607//442 604//442 619//442
f 609//443 608//443 617//443
f 610//401 618//401 616//401
f 637//129 644//129 427//129
f 630//130 637//130 426//130
f 623//41 630//41 428//41
f 616//131 623//131 438//131
f 438//444 430//444 616//444
f 446//132 616//132 429//132
f 429//445 431//445 446//445
f 431//446 433//446 446//446
f 430//447 429//447 616//447
f 428//41 438//41 623//41
f 426//130 428//130 630//130
f 427//129 426//129 637//129
f 651//1 492//1 493//1
f 652//1 496//1 497//1
f 496//1 652//1 651//1
f 653//1 423//1 442//1
f 653//1 652//1 424//1
f 542//1 543//1 654//1
f 651//1 491//1 492//1
f 654//1 544//1 545//1
f 651//1 495//1 496//1
f 424//1 423//1 653//1
f 652//1 440//1 425//1
f 653//1 541//1 542//1
f 493//1 494//1 651//1
f 654//1 548//1 491//1
f 545//1 546//1 654//1
f 497//1 451//1 652//1
f 425//1 424//1 652//1
f 653//1 499//1 541//1
f 491//1 651//1 654//1
f 654//1 543//1 544//1
f 442//1 408//1 653//1
f 653//1 408//1 499//1
f 546//1 548//1 654//1
f 654//1 653//1 542//1
f 451//1 440//1 652//1
f 494//1 495//1 651//1
f 655//151 595//151 596//151
f 655//151 594//151 595//151
f 656//151 648//151 649//151
f 599//151 657//151 655//151
f 596//151 597//151 655//151
f 655//151 656//151 615//151
f 649//151 650//151 656//151
f 655//151 598//151 599//151
f 615//151 594//151 655//151
f 656//151 647//151 648//151
f 599//151 600//151 657//151
f 658//151 404//151 403//151
f 657//151 405//151 404//151
f 646//151 647//151 656//151
f 650//151 615//151 656//151
f 600//151 565//151 657//151
f 404//151 658//151 657//151
f 657//151 421//151 406//151
f 658//151 645//151 646//151
f 565//151 421//151 657//151
f 406//151 405//151 657//151
f 658//151 644//151 645//151
f 403//151 427//151 658//151
f 658//151 427//151 644//151
f 656//151 658//151 646//151
f 597//151 598//151 655//151
f 653//38 654//38 655//38
f 655//38 657//38 653//38
f 654//90 651//90 656//90
f 656//90 655//90 654//90
f 652//116 653//116 657//116
f 657//116 658//116 652//116
f 651//40 652//40 658//40
f 658//40 656//40 651//40
f 659//151 100//151 98//151
f 660//151 74//151 72//151
f 659//151 102//151 100//151
f 660//151 76//151 74//151
f 660//151 661//151 78//151
f 659//151 104//151 102//151
f 659//151 108//151 106//151
f 92//151 662//151 663//151
f 78//151 76//151 660//151
f 352//151 63//151 659//151
f 106//151 104//151 659//151
f 663//151 664//151 92//151
f 662//151 92//151 90//151
f 665//151 88//151 86//151
f 84//151 666//151 667//151
f 82//151 668//151 669//151
f 82//151 80//151 670//151
f 660//151 68//151 66//151
f 72//151 70//151 660//151
f 659//151 671//151 352//151
f 659//151 63//151 108//151
f 672//151 98//151 96//151
f 90//151 673//151 662//151
f 90//151 88//151 665//151
f 667//151 86//151 84//151
f 674//151 675//151 84//151
f 670//151 668//151 82//151
f 70//151 68//151 660//151
f 65//151 110//151 676//151
f 352//151 354//151 63//151
f 96//151 677//151 672//151
f 94//151 92//151 678//151
f 90//151 679//151 673//151
f 86//151 667//151 665//151
f 669//151 674//151 82//151
f 661//151 670//151 80//151
f 676//151 660//151 65//151
f 676//151 341//151 342//151
f 676//151 110//151 339//151
f 342//151 680//151 681//151
f 682//151 344//151 346//151
f 683//151 684//151 348//151
f 352//151 685//151 686//151
f 98//151 672//151 659//151
f 677//151 96//151 94//151
f 665//151 679//151 90//151
f 84//151 82//151 674//151
f 66//151 65//151 660//151
f 339//151 341//151 676//151
f 681//151 687//151 342//151
f 680//151 342//151 344//151
f 346//151 688//151 682//151
f 348//151 350//151 683//151
f 352//151 671//151 685//151
f 678//151 677//151 94//151
f 675//151 666//151 84//151
f 342//151 689//151 676//151
f 344//151 690//151 680//151
f 346//151 348//151 688//151
f 686//151 683//151 352//151
f 664//151 678//151 92//151
f 687//151 689//151 342//151
f 682//151 691//151 344//151
f 354//151 64//151 63//151
f 691//151 690//151 344//151
f 348//151 684//151 692//151
f 80//151 78//151 661//151
f 350//151 352//151 683//151
f 664//151 663//151 669//151
f 692//151 688//151 348//151
f 669//151 668//151 693//151
f 669//151 693//151 664//151
f 686//151 685//151 694//151
f 694//151 681//151 686//151
f 681//151 694//151 687//151
f 665//116 667//116 695//116
f 695//116 696//116 665//116
f 682//90 688//90 697//90
f 697//90 698//90 682//90
f 683//448 699//448 700//448
f 700//449 684//449 683//449
f 692//450 684//450 701//450
f 684//451 702//451 701//451
f 692//452 703//452 697//452
f 697//452 688//452 692//452
f 701//453 703//453 692//453
f 700//454 702//454 684//454
f 679//455 665//455 704//455
f 665//456 696//456 704//456
f 673//457 679//457 705//457
f 679//390 706//390 705//390
f 673//458 707//458 708//458
f 708//458 662//458 673//458
f 705//459 707//459 673//459
f 704//460 706//460 679//460
f 666//461 709//461 710//461
f 710//462 667//462 666//462
f 675//463 711//463 712//463
f 712//464 666//464 675//464
f 711//465 675//465 674//465
f 674//465 713//465 711//465
f 712//333 709//333 666//333
f 710//466 695//466 667//466
f 680//467 690//467 714//467
f 690//468 715//468 714//468
f 691//469 716//469 717//469
f 717//470 690//470 691//470
f 716//471 691//471 682//471
f 682//471 698//471 716//471
f 717//472 715//472 690//472
f 714//473 718//473 680//473
f 698//474 697//474 719//474
f 720//475 719//475 721//475
f 722//476 721//476 723//476
f 723//476 724//476 722//476
f 721//475 722//475 720//475
f 719//474 720//474 698//474
f 725//397 726//397 727//397
f 695//396 727//396 726//396
f 726//396 696//396 695//396
f 728//399 729//399 730//399
f 731//398 730//398 729//398
f 729//398 725//398 731//398
f 728//400 732//400 733//400
f 733//400 734//400 728//400
f 730//399 732//399 728//399
f 727//397 731//397 725//397
f 671//449 659//449 735//449
f 659//448 736//448 735//448
f 685//450 671//450 737//450
f 671//451 738//451 737//451
f 685//452 739//452 740//452
f 740//452 694//452 685//452
f 737//453 739//453 685//453
f 735//454 738//454 671//454
f 687//477 741//477 742//477
f 689//478 742//478 743//478
f 676//473 743//473 744//473
f 744//473 660//473 676//473
f 743//478 676//478 689//478
f 742//477 689//477 687//477
f 661//479 745//479 746//479
f 670//480 746//480 747//480
f 668//466 747//466 748//466
f 748//466 693//466 668//466
f 747//480 668//480 670//480
f 746//479 670//479 661//479
f 678//455 664//455 749//455
f 664//456 750//456 749//456
f 677//457 678//457 751//457
f 678//390 752//390 751//390
f 677//458 753//458 754//458
f 754//458 672//458 677//458
f 751//459 753//459 677//459
f 749//460 752//460 678//460
f 755//481 717//481 716//481
f 755//482 756//482 715//482
f 756//483 714//483 715//483
f 756//484 755//484 757//484
f 758//485 757//485 720//485
f 718//486 714//486 756//486
f 756//487 758//487 759//487
f 758//488 760//488 759//488
f 760//489 758//489 722//489
f 722//489 724//489 760//489
f 759//490 761//490 756//490
f 756//486 761//486 718//486
f 720//485 722//485 758//485
f 757//484 758//484 756//484
f 715//491 717//491 755//491
f 720//492 757//492 698//492
f 757//493 755//493 698//493
f 716//494 698//494 755//494
f 680//40 718//40 762//40
f 763//40 764//40 762//40
f 762//40 718//40 763//40
f 762//40 681//40 680//40
f 724//495 765//495 766//495
f 766//496 759//496 760//496
f 724//128 767//128 765//128
f 759//497 768//497 769//497
f 759//498 770//498 768//498
f 759//65 766//65 770//65
f 761//499 771//499 763//499
f 761//500 769//500 771//500
f 763//501 718//501 761//501
f 769//502 761//502 759//502
f 766//503 760//503 724//503
f 772//504 769//504 768//504
f 772//505 771//505 769//505
f 772//474 741//474 763//474
f 763//506 771//506 772//506
f 773//475 772//475 770//475
f 770//507 766//507 773//507
f 774//476 773//476 765//476
f 765//476 767//476 774//476
f 766//508 765//508 773//508
f 768//509 770//509 772//509
f 775//510 776//510 777//510
f 778//511 777//511 779//511
f 780//124 779//124 762//124
f 762//124 764//124 780//124
f 779//511 780//511 778//511
f 777//510 778//510 775//510
f 681//116 776//116 781//116
f 781//116 686//116 681//116
f 681//116 777//116 776//116
f 781//116 782//116 686//116
f 681//116 762//116 779//116
f 779//116 777//116 681//116
f 782//116 783//116 686//116
f 783//116 784//116 686//116
f 785//1 781//1 776//1
f 776//1 775//1 785//1
f 786//512 784//512 783//512
f 787//513 783//513 782//513
f 788//120 782//120 781//120
f 781//120 785//120 788//120
f 782//513 788//513 787//513
f 783//512 787//512 786//512
f 687//90 694//90 785//90
f 687//90 780//90 764//90
f 694//90 788//90 785//90
f 764//90 741//90 687//90
f 785//90 775//90 687//90
f 687//90 778//90 780//90
f 694//90 787//90 788//90
f 740//90 789//90 786//90
f 775//90 778//90 687//90
f 786//90 694//90 740//90
f 786//90 787//90 694//90
f 764//90 763//90 741//90
f 789//38 699//38 784//38
f 683//38 686//38 784//38
f 784//38 699//38 683//38
f 784//38 786//38 789//38
f 790//514 791//514 792//514
f 790//515 793//515 791//515
f 794//516 699//516 789//516
f 793//517 790//517 794//517
f 789//518 793//518 794//518
f 795//519 790//519 796//519
f 796//520 797//520 795//520
f 723//521 795//521 798//521
f 798//129 799//129 723//129
f 797//522 798//522 795//522
f 792//523 796//523 790//523
f 800//476 799//476 798//476
f 801//524 797//524 796//524
f 801//508 798//508 797//508
f 802//525 793//525 789//525
f 802//509 796//509 792//509
f 792//526 791//526 802//526
f 791//527 793//527 802//527
f 789//474 740//474 802//474
f 796//475 802//475 801//475
f 798//476 801//476 800//476
f 803//528 697//528 703//528
f 721//529 719//529 804//529
f 805//530 804//530 803//530
f 803//531 701//531 702//531
f 702//532 806//532 803//532
f 723//533 721//533 805//533
f 805//534 806//534 790//534
f 806//535 794//535 790//535
f 794//536 806//536 700//536
f 700//536 699//536 794//536
f 790//537 795//537 805//537
f 805//533 795//533 723//533
f 702//538 700//538 806//538
f 803//530 806//530 805//530
f 804//529 805//529 721//529
f 703//539 701//539 803//539
f 803//540 804//540 697//540
f 804//541 719//541 697//541
f 807//542 712//542 711//542
f 711//543 808//543 807//543
f 809//544 810//544 807//544
f 807//545 808//545 809//545
f 810//546 811//546 732//546
f 811//547 733//547 732//547
f 812//548 710//548 709//548
f 709//549 807//549 812//549
f 812//550 807//550 810//550
f 813//551 810//551 731//551
f 810//552 730//552 731//552
f 695//553 813//553 727//553
f 695//554 812//554 813//554
f 695//555 710//555 812//555
f 731//556 727//556 813//556
f 810//550 813//550 812//550
f 709//557 712//557 807//557
f 732//558 730//558 810//558
f 809//559 811//559 810//559
f 711//560 713//560 808//560
f 814//40 713//40 815//40
f 674//40 669//40 815//40
f 815//40 713//40 674//40
f 815//40 816//40 814//40
f 808//501 713//501 814//501
f 814//561 817//561 808//561
f 809//562 808//562 818//562
f 818//563 819//563 809//563
f 819//564 820//564 809//564
f 733//565 811//565 821//565
f 821//566 822//566 733//566
f 811//496 809//496 821//496
f 822//128 823//128 733//128
f 820//65 821//65 809//65
f 817//567 818//567 808//567
f 824//400 823//400 822//400
f 825//398 821//398 820//398
f 820//398 826//398 825//398
f 827//399 822//399 821//399
f 828//568 817//568 814//568
f 814//396 748//396 828//396
f 826//569 820//569 819//569
f 819//570 818//570 826//570
f 818//571 817//571 826//571
f 828//572 826//572 817//572
f 825//399 827//399 821//399
f 822//400 827//400 824//400
f 816//573 815//573 829//573
f 830//574 829//574 831//574
f 832//121 831//121 833//121
f 833//121 834//121 832//121
f 831//574 832//574 830//574
f 829//573 830//573 816//573
f 663//90 835//90 833//90
f 833//90 669//90 663//90
f 663//90 836//90 835//90
f 833//90 831//90 669//90
f 831//90 829//90 669//90
f 663//90 837//90 838//90
f 838//90 836//90 663//90
f 829//90 815//90 669//90
f 834//1 833//1 835//1
f 835//1 839//1 834//1
f 839//575 835//575 836//575
f 840//576 836//576 838//576
f 841//117 838//117 837//117
f 837//117 842//117 841//117
f 838//576 841//576 840//576
f 836//575 840//575 839//575
f 664//116 693//116 834//116
f 693//116 832//116 834//116
f 664//116 841//116 842//116
f 834//116 839//116 664//116
f 748//116 814//116 816//116
f 842//116 750//116 664//116
f 693//116 830//116 832//116
f 816//116 693//116 748//116
f 664//116 840//116 841//116
f 816//116 830//116 693//116
f 839//116 840//116 664//116
f 842//116 843//116 750//116
f 662//38 708//38 837//38
f 843//38 842//38 837//38
f 837//38 708//38 843//38
f 837//38 663//38 662//38
f 734//129 844//129 845//129
f 846//577 847//577 848//577
f 846//578 845//578 847//578
f 849//579 850//579 843//579
f 843//516 708//516 849//516
f 851//523 848//523 852//523
f 852//580 853//580 851//580
f 853//581 850//581 851//581
f 849//582 851//582 850//582
f 848//519 851//519 846//519
f 845//583 846//583 734//583
f 854//584 853//584 852//584
f 854//585 850//585 853//585
f 855//396 750//396 843//396
f 850//586 854//586 855//586
f 843//587 850//587 855//587
f 856//398 854//398 848//398
f 847//399 857//399 856//399
f 848//398 847//398 856//398
f 858//400 857//400 845//400
f 845//400 844//400 858//400
f 847//399 845//399 857//399
f 852//569 848//569 854//569
f 859//588 729//588 728//588
f 728//589 846//589 859//589
f 851//590 860//590 859//590
f 859//591 846//591 851//591
f 860//592 849//592 707//592
f 849//593 708//593 707//593
f 861//594 726//594 725//594
f 725//595 859//595 861//595
f 861//596 859//596 860//596
f 862//597 860//597 706//597
f 860//598 705//598 706//598
f 696//599 862//599 704//599
f 696//600 861//600 862//600
f 696//601 726//601 861//601
f 706//602 704//602 862//602
f 860//596 862//596 861//596
f 725//603 729//603 859//603
f 707//604 705//604 860//604
f 851//605 849//605 860//605
f 728//606 734//606 846//606
f 863//528 740//528 739//528
f 801//529 802//529 864//529
f 865//530 864//530 863//530
f 863//531 737//531 738//531
f 738//532 866//532 863//532
f 800//533 801//533 865//533
f 865//534 866//534 867//534
f 866//535 868//535 867//535
f 868//536 866//536 735//536
f 735//536 736//536 868//536
f 867//537 869//537 865//537
f 865//533 869//533 800//533
f 738//538 735//538 866//538
f 863//530 866//530 865//530
f 864//529 865//529 801//529
f 739//539 737//539 863//539
f 863//540 864//540 740//540
f 864//541 802//541 740//541
f 736//607 870//607 871//607
f 872//608 867//608 868//608
f 868//609 871//609 872//609
f 867//610 872//610 873//610
f 873//611 869//611 867//611
f 800//612 869//612 874//612
f 874//129 875//129 800//129
f 873//613 874//613 869//613
f 871//614 868//614 736//614
f 743//615 742//615 876//615
f 877//484 876//484 878//484
f 879//485 878//485 772//485
f 744//486 743//486 877//486
f 879//616 880//616 881//616
f 881//487 877//487 879//487
f 880//489 879//489 773//489
f 773//489 774//489 880//489
f 881//617 882//617 877//617
f 877//486 882//486 744//486
f 772//485 773//485 879//485
f 878//484 879//484 877//484
f 876//615 877//615 743//615
f 772//492 878//492 741//492
f 878//493 876//493 741//493
f 876//618 742//618 741//618
f 875//151 767//151 799//151
f 723//151 799//151 767//151
f 767//151 724//151 723//151
f 883//151 774//151 767//151
f 767//151 875//151 883//151
f 799//151 800//151 875//151
f 744//619 882//619 884//619
f 885//620 884//620 882//620
f 882//621 881//621 885//621
f 881//622 880//622 886//622
f 880//623 887//623 886//623
f 774//128 883//128 887//128
f 887//624 880//624 774//624
f 886//625 885//625 881//625
f 884//626 888//626 744//626
f 883//627 875//627 889//627
f 890//628 891//628 892//628
f 890//629 893//629 894//629
f 894//629 889//629 890//629
f 895//630 896//630 897//630
f 895//631 898//631 892//631
f 892//631 891//631 895//631
f 897//630 898//630 895//630
f 892//628 893//628 890//628
f 889//627 894//627 883//627
f 746//632 745//632 899//632
f 900//633 901//633 902//633
f 903//634 899//634 900//634
f 902//546 901//546 827//546
f 901//547 824//547 827//547
f 747//635 746//635 903//635
f 904//550 903//550 902//550
f 905//551 902//551 826//551
f 902//552 825//552 826//552
f 748//553 905//553 828//553
f 748//554 904//554 905//554
f 748//555 747//555 904//555
f 826//556 828//556 905//556
f 902//550 905//550 904//550
f 903//635 904//635 747//635
f 827//558 825//558 902//558
f 902//544 903//544 900//544
f 899//632 903//632 746//632
f 906//621 900//621 899//621
f 745//626 907//626 908//626
f 908//636 899//636 745//636
f 900//625 906//625 909//625
f 909//637 901//637 900//637
f 824//638 901//638 910//638
f 910//128 911//128 824//128
f 909//639 910//639 901//639
f 899//640 908//640 906//640
f 912//588 856//588 857//588
f 857//589 913//589 912//589
f 914//590 915//590 912//590
f 912//591 913//591 914//591
f 915//592 916//592 753//592
f 916//593 754//593 753//593
f 917//594 855//594 854//594
f 854//595 912//595 917//595
f 917//596 912//596 915//596
f 918//597 915//597 752//597
f 915//598 751//598 752//598
f 750//599 918//599 749//599
f 750//600 917//600 918//600
f 750//601 855//601 917//601
f 752//602 749//602 918//602
f 915//596 918//596 917//596
f 854//603 856//603 912//603
f 753//604 751//604 915//604
f 914//605 916//605 915//605
f 857//606 858//606 913//606
f 911//151 844//151 823//151
f 733//151 823//151 844//151
f 844//151 734//151 733//151
f 919//151 858//151 844//151
f 844//151 911//151 919//151
f 823//151 824//151 911//151
f 920//641 921//641 916//641
f 754//642 916//642 921//642
f 921//607 922//607 754//607
f 914//643 913//643 923//643
f 913//644 924//644 923//644
f 858//129 919//129 924//129
f 924//645 913//645 858//645
f 923//610 920//610 914//610
f 916//608 914//608 920//608
f 925//646 926//646 927//646
f 927//647 926//647 928//647
f 928//647 929//647 927//647
f 930//648 929//648 928//648
f 930//649 931//649 932//649
f 932//649 933//649 930//649
f 933//650 932//650 919//650
f 919//650 911//650 933//650
f 928//648 931//648 930//648
f 927//646 934//646 925//646
f 889//651 875//651 874//651
f 874//652 935//652 889//652
f 935//653 890//653 889//653
f 935//654 873//654 872//654
f 872//655 936//655 935//655
f 935//656 937//656 891//656
f 937//657 895//657 891//657
f 936//658 871//658 938//658
f 871//659 870//659 938//659
f 936//660 939//660 940//660
f 936//661 941//661 937//661
f 937//662 935//662 936//662
f 895//663 937//663 942//663
f 942//664 896//664 895//664
f 942//665 937//665 943//665
f 941//666 943//666 937//666
f 940//667 941//667 936//667
f 938//668 939//668 936//668
f 891//669 890//669 935//669
f 872//670 871//670 936//670
f 874//671 873//671 935//671
f 944//672 945//672 946//672
f 946//673 947//673 944//673
f 944//674 948//674 945//674
f 944//675 947//675 949//675
f 950//676 949//676 951//676
f 952//677 951//677 953//677
f 954//678 953//678 955//678
f 956//679 955//679 957//679
f 958//680 957//680 959//680
f 960//681 959//681 961//681
f 962//682 961//682 963//682
f 963//683 942//683 943//683
f 943//684 964//684 963//684
f 963//685 896//685 942//685
f 943//686 941//686 964//686
f 965//687 948//687 944//687
f 966//688 944//688 950//688
f 967//689 950//689 952//689
f 968//690 952//690 954//690
f 969//691 954//691 956//691
f 970//692 956//692 958//692
f 971//693 958//693 960//693
f 972//694 960//694 962//694
f 973//695 962//695 964//695
f 939//696 974//696 964//696
f 964//697 940//697 939//697
f 975//698 965//698 966//698
f 976//699 966//699 967//699
f 977//700 967//700 968//700
f 978//701 968//701 969//701
f 979//702 969//702 970//702
f 980//703 970//703 971//703
f 981//704 971//704 972//704
f 982//705 972//705 973//705
f 983//706 973//706 974//706
f 984//707 974//707 938//707
f 938//707 870//707 984//707
f 974//706 984//706 983//706
f 973//705 983//705 982//705
f 972//704 982//704 981//704
f 971//703 981//703 980//703
f 970//702 980//702 979//702
f 969//701 979//701 978//701
f 968//700 978//700 977//700
f 967//699 977//699 976//699
f 966//698 976//698 975//698
f 939//708 938//708 974//708
f 964//695 974//695 973//695
f 962//694 973//694 972//694
f 960//693 972//693 971//693
f 958//692 971//692 970//692
f 956//691 970//691 969//691
f 954//690 969//690 968//690
f 952//689 968//689 967//689
f 950//688 967//688 966//688
f 944//687 966//687 965//687
f 941//709 940//709 964//709
f 963//682 964//682 962//682
f 961//681 962//681 960//681
f 959//680 960//680 958//680
f 957//679 958//679 956//679
f 955//678 956//678 954//678
f 953//677 954//677 952//677
f 951//676 952//676 950//676
f 949//675 950//675 944//675
f 946//710 985//710 947//710
f 986//711 987//711 885//711
f 987//712 884//712 885//712
f 894//713 986//713 887//713
f 986//714 886//714 887//714
f 887//715 883//715 894//715
f 986//716 893//716 892//716
f 892//717 988//717 986//717
f 898//718 897//718 989//718
f 987//719 986//719 988//719
f 988//720 990//720 991//720
f 987//721 991//721 992//721
f 987//722 993//722 994//722
f 994//723 884//723 987//723
f 994//724 888//724 884//724
f 992//725 993//725 987//725
f 988//726 991//726 987//726
f 990//727 988//727 989//727
f 989//728 988//728 898//728
f 892//729 898//729 988//729
f 894//730 893//730 986//730
f 885//731 886//731 986//731
f 995//732 897//732 896//732
f 996//733 995//733 963//733
f 997//734 996//734 961//734
f 998//735 997//735 959//735
f 999//736 998//736 957//736
f 1000//650 999//650 955//650
f 1001//737 1000//737 953//737
f 1002//738 1001//738 951//738
f 1003//739 1002//739 949//739
f 1004//740 1003//740 947//740
f 947//740 985//740 1004//740
f 949//739 947//739 1003//739
f 951//738 949//738 1002//738
f 953//737 951//737 1001//737
f 955//650 953//650 1000//650
f 957//736 955//736 999//736
f 959//735 957//735 998//735
f 961//734 959//734 997//734
f 963//733 961//733 996//733
f 896//732 963//732 995//732
f 995//741 1005//741 990//741
f 1005//742 991//742 990//742
f 990//743 989//743 995//743
f 1005//744 992//744 991//744
f 1005//745 995//745 996//745
f 1006//746 996//746 997//746
f 1007//747 997//747 998//747
f 1008//748 998//748 999//748
f 1009//749 999//749 1000//749
f 1010//750 1000//750 1001//750
f 1011//751 1001//751 1002//751
f 1012//752 1002//752 1003//752
f 1013//753 1003//753 1014//753
f 1003//754 1004//754 1014//754
f 993//755 992//755 1005//755
f 1015//756 994//756 993//756
f 1015//757 1005//757 1006//757
f 1016//758 1006//758 1007//758
f 1017//759 1007//759 1008//759
f 1018//760 1008//760 1009//760
f 1019//761 1009//761 1010//761
f 1020//762 1010//762 1011//762
f 1021//763 1011//763 1012//763
f 1022//764 1012//764 1013//764
f 1023//765 1013//765 1024//765
f 888//766 994//766 1015//766
f 1025//767 1015//767 1016//767
f 1026//768 1016//768 1017//768
f 1027//769 1017//769 1018//769
f 1028//770 1018//770 1019//770
f 1029//771 1019//771 1020//771
f 1030//772 1020//772 1021//772
f 1031//773 1021//773 1022//773
f 1032//774 1022//774 1023//774
f 1033//775 1023//775 1034//775
f 1034//775 1035//775 1033//775
f 1023//774 1033//774 1032//774
f 1022//773 1032//773 1031//773
f 1021//772 1031//772 1030//772
f 1020//771 1030//771 1029//771
f 1019//770 1029//770 1028//770
f 1018//769 1028//769 1027//769
f 1017//768 1027//768 1026//768
f 1016//767 1026//767 1025//767
f 1015//766 1025//766 888//766
f 1024//765 1034//765 1023//765
f 1013//764 1023//764 1022//764
f 1012//763 1022//763 1021//763
f 1011//762 1021//762 1020//762
f 1010//761 1020//761 1019//761
f 1009//760 1019//760 1018//760
f 1008//759 1018//759 1017//759
f 1007//758 1017//758 1016//758
f 1006//757 1016//757 1015//757
f 1005//776 1015//776 993//776
f 1014//777 1024//777 1013//777
f 1003//752 1013//752 1012//752
f 1002//751 1012//751 1011//751
f 1001//750 1011//750 1010//750
f 1000//749 1010//749 1009//749
f 999//748 1009//748 1008//748
f 998//747 1008//747 1007//747
f 997//746 1007//746 1006//746
f 996//745 1006//745 1005//745
f 989//778 897//778 995//778
f 985//646 1036//646 1037//646
f 1037//647 1036//647 1038//647
f 1038//647 1039//647 1037//647
f 1040//649 1041//649 1042//649
f 1041//648 1040//648 1039//648
f 1039//648 1038//648 1041//648
f 1043//650 1042//650 1044//650
f 1044//650 1045//650 1043//650
f 1042//649 1043//649 1040//649
f 1037//646 1004//646 985//646
f 1046//779 1047//779 1048//779
f 1049//780 1048//780 929//780
f 1048//781 927//781 929//781
f 1049//782 909//782 906//782
f 906//783 1046//783 1049//783
f 933//784 911//784 910//784
f 910//785 1049//785 933//785
f 1049//786 930//786 933//786
f 908//787 907//787 1050//787
f 1051//788 1048//788 1047//788
f 927//789 1048//789 1051//789
f 1051//790 934//790 927//790
f 1047//791 1052//791 1051//791
f 1052//792 1047//792 1050//792
f 1050//793 1047//793 1046//793
f 1050//794 1046//794 908//794
f 910//795 909//795 1049//795
f 906//796 908//796 1046//796
f 929//797 930//797 1049//797
f 1048//779 1049//779 1046//779
f 1053//741 1054//741 1055//741
f 1054//742 1056//742 1055//742
f 1055//743 1057//743 1053//743
f 1054//744 1058//744 1056//744
f 1054//745 1053//745 1059//745
f 1060//746 1059//746 1061//746
f 1062//747 1061//747 1063//747
f 1064//748 1063//748 1065//748
f 1066//749 1065//749 1067//749
f 1068//750 1067//750 1069//750
f 1070//751 1069//751 1071//751
f 1072//752 1071//752 1073//752
f 1074//753 1073//753 1051//753
f 1073//754 934//754 1051//754
f 1075//755 1058//755 1054//755
f 1076//756 1077//756 1075//756
f 1076//757 1054//757 1060//757
f 1078//758 1060//758 1062//758
f 1079//759 1062//759 1064//759
f 1080//760 1064//760 1066//760
f 1081//761 1066//761 1068//761
f 1082//762 1068//762 1070//762
f 1083//763 1070//763 1072//763
f 1084//764 1072//764 1074//764
f 1085//765 1074//765 1052//765
f 1086//766 1077//766 1076//766
f 1087//767 1076//767 1078//767
f 1088//768 1078//768 1079//768
f 1089//769 1079//769 1080//769
f 1090//770 1080//770 1081//770
f 1091//771 1081//771 1082//771
f 1092//772 1082//772 1083//772
f 1093//773 1083//773 1084//773
f 1094//774 1084//774 1085//774
f 1095//775 1085//775 1050//775
f 1050//775 907//775 1095//775
f 1085//774 1095//774 1094//774
f 1084//773 1094//773 1093//773
f 1083//772 1093//772 1092//772
f 1082//771 1092//771 1091//771
f 1081//770 1091//770 1090//770
f 1080//769 1090//769 1089//769
f 1079//768 1089//768 1088//768
f 1078//767 1088//767 1087//767
f 1076//766 1087//766 1086//766
f 1052//765 1050//765 1085//765
f 1074//764 1085//764 1084//764
f 1072//763 1084//763 1083//763
f 1070//762 1083//762 1082//762
f 1068//761 1082//761 1081//761
f 1066//760 1081//760 1080//760
f 1064//759 1080//759 1079//759
f 1062//758 1079//758 1078//758
f 1060//757 1078//757 1076//757
f 1054//776 1076//776 1075//776
f 1051//777 1052//777 1074//777
f 1073//752 1074//752 1072//752
f 1071//751 1072//751 1070//751
f 1069//750 1070//750 1068//750
f 1067//749 1068//749 1066//749
f 1065//748 1066//748 1064//748
f 1063//747 1064//747 1062//747
f 1061//746 1062//746 1060//746
f 1059//745 1060//745 1054//745
f 1057//778 1096//778 1053//778
f 1097//798 931//798 928//798
f 928//799 1098//799 1097//799
f 1097//800 1098//800 1099//800
f 932//801 1097//801 924//801
f 1097//802 923//802 924//802
f 924//803 919//803 932//803
f 1097//804 1100//804 920//804
f 1100//805 921//805 920//805
f 926//806 925//806 1101//806
f 1098//807 1101//807 1102//807
f 1103//808 1100//808 1099//808
f 921//809 1100//809 1103//809
f 1103//810 922//810 921//810
f 1099//811 1104//811 1103//811
f 1104//812 1099//812 1102//812
f 1102//813 1099//813 1098//813
f 1101//814 1098//814 926//814
f 920//815 923//815 1097//815
f 932//816 931//816 1097//816
f 1099//800 1100//800 1097//800
f 928//817 926//817 1098//817
f 1053//732 1096//732 1105//732
f 1059//733 1053//733 1106//733
f 1061//734 1059//734 1107//734
f 1063//735 1061//735 1108//735
f 1065//736 1063//736 1109//736
f 1067//650 1065//650 1110//650
f 1069//737 1067//737 1111//737
f 1071//738 1069//738 1112//738
f 1073//739 1071//739 1113//739
f 934//740 1073//740 1114//740
f 1114//740 925//740 934//740
f 1113//739 1114//739 1073//739
f 1112//738 1113//738 1071//738
f 1111//737 1112//737 1069//737
f 1110//650 1111//650 1067//650
f 1109//736 1110//736 1065//736
f 1108//735 1109//735 1063//735
f 1107//734 1108//734 1061//734
f 1106//733 1107//733 1059//733
f 1105//732 1106//732 1053//732
f 1115//672 1102//672 1101//672
f 1101//673 1114//673 1115//673
f 1115//674 1104//674 1102//674
f 1115//675 1114//675 1113//675
f 1116//676 1113//676 1112//676
f 1117//677 1112//677 1111//677
f 1118//678 1111//678 1110//678
f 1119//679 1110//679 1109//679
f 1120//680 1109//680 1108//680
f 1121//681 1108//681 1107//681
f 1122//682 1107//682 1106//682
f 1106//683 1123//683 1124//683
f 1124//684 1125//684 1106//684
f 1106//685 1105//685 1123//685
f 1124//686 1126//686 1125//686
f 1103//687 1104//687 1115//687
f 1127//688 1115//688 1116//688
f 1128//689 1116//689 1117//689
f 1129//690 1117//690 1118//690
f 1130//691 1118//691 1119//691
f 1131//692 1119//692 1120//692
f 1132//693 1120//693 1121//693
f 1133//694 1121//694 1122//694
f 1134//695 1122//695 1125//695
f 1135//696 1136//696 1125//696
f 1125//697 1137//697 1135//697
f 922//698 1103//698 1127//698
f 1138//699 1127//699 1128//699
f 1139//700 1128//700 1129//700
f 1140//701 1129//701 1130//701
f 1141//702 1130//702 1131//702
f 1142//703 1131//703 1132//703
f 1143//704 1132//704 1133//704
f 1144//705 1133//705 1134//705
f 1145//706 1134//706 1136//706
f 1146//707 1136//707 1147//707
f 1147//707 1148//707 1146//707
f 1136//706 1146//706 1145//706
f 1134//705 1145//705 1144//705
f 1133//704 1144//704 1143//704
f 1132//703 1143//703 1142//703
f 1131//702 1142//702 1141//702
f 1130//701 1141//701 1140//701
f 1129//700 1140//700 1139//700
f 1128//699 1139//699 1138//699
f 1127//698 1138//698 922//698
f 1135//708 1147//708 1136//708
f 1125//695 1136//695 1134//695
f 1122//694 1134//694 1133//694
f 1121//693 1133//693 1132//693
f 1120//692 1132//692 1131//692
f 1119//691 1131//691 1130//691
f 1118//690 1130//690 1129//690
f 1117//689 1129//689 1128//689
f 1116//688 1128//688 1127//688
f 1115//687 1127//687 1103//687
f 1126//709 1137//709 1125//709
f 1106//682 1125//682 1122//682
f 1107//681 1122//681 1121//681
f 1108//680 1121//680 1120//680
f 1109//679 1120//679 1119//679
f 1110//678 1119//678 1118//678
f 1111//677 1118//677 1117//677
f 1112//676 1117//676 1116//676
f 1113//675 1116//675 1115//675
f 1101//710 925//710 1114//710
f 1149//627 1150//627 1151//627
f 1152//628 1153//628 1154//628
f 1152//629 1155//629 1156//629
f 1156//629 1151//629 1152//629
f 1157//630 1105//630 1096//630
f 1157//631 1158//631 1154//631
f 1154//631 1153//631 1157//631
f 1096//630 1158//630 1157//630
f 1154//628 1155//628 1152//628
f 1151//627 1156//627 1149//627
f 1151//651 1150//651 1159//651
f 1159//652 1160//652 1151//652
f 1160//653 1152//653 1151//653
f 1160//654 1161//654 1162//654
f 1162//655 1163//655 1160//655
f 1160//656 1164//656 1153//656
f 1164//657 1157//657 1153//657
f 1163//658 1165//658 1147//658
f 1165//659 1148//659 1147//659
f 1163//660 1135//660 1137//660
f 1163//661 1126//661 1164//661
f 1164//662 1160//662 1163//662
f 1157//663 1164//663 1123//663
f 1123//664 1105//664 1157//664
f 1123//665 1164//665 1124//665
f 1126//666 1124//666 1164//666
f 1137//667 1126//667 1163//667
f 1147//668 1135//668 1163//668
f 1153//818 1152//818 1160//818
f 1162//670 1165//670 1163//670
f 1159//671 1161//671 1160//671
f 1166//819 1167//819 1165//819
f 1148//607 1165//607 1167//607
f 1167//607 1168//607 1148//607
f 1169//820 1170//820 1161//820
f 1166//610 1162//610 1161//610
f 1161//610 1170//610 1166//610
f 1169//129 1159//129 1150//129
f 1150//129 1171//129 1169//129
f 1161//820 1159//820 1169//820
f 1165//819 1162//819 1166//819
f 1172//711 1173//711 1174//711
f 1173//712 1175//712 1174//712
f 1156//713 1172//713 1176//713
f 1172//714 1177//714 1176//714
f 1176//715 1149//715 1156//715
f 1172//716 1155//716 1154//716
f 1154//717 1178//717 1172//717
f 1158//718 1096//718 1057//718
f 1173//719 1172//719 1178//719
f 1178//720 1055//720 1056//720
f 1173//721 1056//721 1058//721
f 1173//722 1075//722 1077//722
f 1077//723 1175//723 1173//723
f 1077//724 1086//724 1175//724
f 1058//725 1075//725 1173//725
f 1178//726 1056//726 1173//726
f 1055//727 1178//727 1057//727
f 1057//728 1178//728 1158//728
f 1154//729 1158//729 1178//729
f 1156//730 1155//730 1172//730
f 1174//731 1177//731 1172//731
f 1150//151 1149//151 1179//151
f 1179//151 1171//151 1150//151
f 1174//821 1175//821 1180//821
f 1180//626 1175//626 1086//626
f 1086//626 1181//626 1180//626
f 1182//822 1183//822 1176//822
f 1177//625 1174//625 1184//625
f 1184//625 1182//625 1177//625
f 1176//128 1183//128 1179//128
f 1179//128 1149//128 1176//128
f 1176//822 1177//822 1182//822
f 1180//821 1184//821 1174//821
f 1185//646 1186//646 1187//646
f 1187//647 1186//647 1188//647
f 1188//647 1189//647 1187//647
f 1190//648 1189//648 1188//648
f 1190//649 1191//649 1192//649
f 1192//649 1193//649 1190//649
f 1193//650 1192//650 1171//650
f 1171//650 1179//650 1193//650
f 1188//648 1191//648 1190//648
f 1187//646 1194//646 1185//646
f 1195//779 1196//779 1197//779
f 1198//780 1197//780 1189//780
f 1197//781 1187//781 1189//781
f 1198//782 1182//782 1184//782
f 1184//783 1195//783 1198//783
f 1193//784 1179//784 1183//784
f 1183//785 1198//785 1193//785
f 1198//786 1190//786 1193//786
f 1180//787 1181//787 1199//787
f 1200//788 1197//788 1196//788
f 1187//789 1197//789 1200//789
f 1200//790 1194//790 1187//790
f 1196//791 1201//791 1200//791
f 1201//792 1196//792 1199//792
f 1199//793 1196//793 1195//793
f 1199//794 1195//794 1180//794
f 1183//795 1182//795 1198//795
f 1184//796 1180//796 1195//796
f 1189//797 1190//797 1198//797
f 1197//779 1198//779 1195//779
f 1202//40 1089//40 1090//40
f 1203//40 660//40 1030//40
f 661//40 1090//40 1091//40
f 1202//40 1088//40 1089//40
f 660//40 1204//40 1205//40
f 660//40 1029//40 1030//40
f 660//40 1027//40 1028//40
f 745//40 661//40 1095//40
f 661//40 1092//40 1093//40
f 1090//40 661//40 1202//40
f 661//40 1205//40 1206//40
f 660//40 1207//40 1204//40
f 1203//40 1031//40 1032//40
f 1028//40 1029//40 660//40
f 661//40 1094//40 1095//40
f 1091//40 1092//40 661//40
f 1202//40 1181//40 1086//40
f 661//40 1208//40 1209//40
f 1205//40 661//40 660//40
f 1030//40 1031//40 1203//40
f 660//40 1025//40 1026//40
f 1093//40 1094//40 661//40
f 1086//40 1087//40 1202//40
f 1206//40 1208//40 661//40
f 660//40 1203//40 1210//40
f 1203//40 1033//40 1035//40
f 1026//40 1027//40 660//40
f 1087//40 1088//40 1202//40
f 1210//40 1207//40 660//40
f 1032//40 1033//40 1203//40
f 744//40 888//40 1025//40
f 1209//40 1202//40 661//40
f 1025//40 660//40 744//40
f 1035//40 1211//40 1203//40
f 1095//40 907//40 745//40
f 1212//779 1213//779 1214//779
f 1215//780 1214//780 1039//780
f 1214//781 1037//781 1039//781
f 1215//782 1216//782 1217//782
f 1217//783 1212//783 1215//783
f 1043//784 1045//784 1218//784
f 1218//785 1215//785 1043//785
f 1215//786 1040//786 1043//786
f 1219//787 1035//787 1034//787
f 1014//788 1214//788 1213//788
f 1037//789 1214//789 1014//789
f 1014//790 1004//790 1037//790
f 1213//791 1024//791 1014//791
f 1024//792 1213//792 1034//792
f 1034//793 1213//793 1212//793
f 1034//794 1212//794 1219//794
f 1218//795 1216//795 1215//795
f 1217//796 1219//796 1212//796
f 1039//797 1040//797 1215//797
f 1214//779 1215//779 1212//779
f 1220//741 1221//741 1222//741
f 1221//742 1223//742 1222//742
f 1222//743 1224//743 1220//743
f 1221//744 1225//744 1223//744
f 1221//745 1220//745 1226//745
f 1227//746 1226//746 1228//746
f 1229//747 1228//747 1230//747
f 1231//748 1230//748 1232//748
f 1233//749 1232//749 1234//749
f 1235//750 1234//750 1236//750
f 1237//751 1236//751 1238//751
f 1239//752 1238//752 1240//752
f 1241//753 1240//753 1200//753
f 1240//754 1194//754 1200//754
f 1242//755 1225//755 1221//755
f 1243//756 1244//756 1242//756
f 1243//757 1221//757 1227//757
f 1245//758 1227//758 1229//758
f 1246//759 1229//759 1231//759
f 1247//760 1231//760 1233//760
f 1248//761 1233//761 1235//761
f 1249//762 1235//762 1237//762
f 1250//763 1237//763 1239//763
f 1251//764 1239//764 1241//764
f 1252//765 1241//765 1201//765
f 1211//766 1244//766 1243//766
f 1203//767 1243//767 1245//767
f 1210//768 1245//768 1246//768
f 1207//769 1246//769 1247//769
f 1204//770 1247//770 1248//770
f 1205//771 1248//771 1249//771
f 1206//772 1249//772 1250//772
f 1208//773 1250//773 1251//773
f 1209//774 1251//774 1252//774
f 1202//775 1252//775 1199//775
f 1199//775 1181//775 1202//775
f 1252//774 1202//774 1209//774
f 1251//773 1209//773 1208//773
f 1250//772 1208//772 1206//772
f 1249//771 1206//771 1205//771
f 1248//770 1205//770 1204//770
f 1247//769 1204//769 1207//769
f 1246//768 1207//768 1210//768
f 1245//767 1210//767 1203//767
f 1243//766 1203//766 1211//766
f 1201//765 1199//765 1252//765
f 1241//764 1252//764 1251//764
f 1239//763 1251//763 1250//763
f 1237//762 1250//762 1249//762
f 1235//761 1249//761 1248//761
f 1233//760 1248//760 1247//760
f 1231//759 1247//759 1246//759
f 1229//758 1246//758 1245//758
f 1227//757 1245//757 1243//757
f 1221//776 1243//776 1242//776
f 1200//777 1201//777 1241//777
f 1240//752 1241//752 1239//752
f 1238//751 1239//751 1237//751
f 1236//750 1237//750 1235//750
f 1234//749 1235//749 1233//749
f 1232//748 1233//748 1231//748
f 1230//747 1231//747 1229//747
f 1228//746 1229//746 1227//746
f 1226//745 1227//745 1221//745
f 1224//778 1253//778 1220//778
f 1254//821 1255//821 1219//821
f 1035//626 1219//626 1255//626
f 1255//626 1211//626 1035//626
f 1216//822 1218//822 1256//822
f 1254//625 1217//625 1216//625
f 1216//625 1257//625 1254//625
f 1256//128 1218//128 1045//128
f 1045//128 1258//128 1256//128
f 1256//822 1257//822 1216//822
f 1219//821 1217//821 1254//821
f 1259//798 1191//798 1188//798
f 1188//799 1260//799 1259//799
f 1259//800 1260//800 1261//800
f 1192//801 1259//801 1169//801
f 1259//802 1170//802 1169//802
f 1169//803 1171//803 1192//803
f 1259//804 1262//804 1166//804
f 1262//805 1167//805 1166//805
f 1186//806 1185//806 1263//806
f 1260//807 1263//807 1264//807
f 1265//808 1262//808 1261//808
f 1167//809 1262//809 1265//809
f 1265//810 1168//810 1167//810
f 1261//811 1266//811 1265//811
f 1266//812 1261//812 1264//812
f 1264//813 1261//813 1260//813
f 1263//814 1260//814 1186//814
f 1166//815 1170//815 1259//815
f 1192//816 1191//816 1259//816
f 1261//800 1262//800 1259//800
f 1188//817 1186//817 1260//817
f 1267//38 978//38 979//38
f 659//38 980//38 981//38
f 979//38 659//38 1267//38
f 659//38 982//38 983//38
f 979//38 980//38 659//38
f 672//38 1268//38 1269//38
f 1270//38 672//38 1143//38
f 981//38 982//38 659//38
f 1267//38 976//38 977//38
f 659//38 1269//38 1271//38
f 672//38 1272//38 1268//38
f 1143//38 1144//38 1270//38
f 672//38 1141//38 1142//38
f 736//38 659//38 984//38
f 977//38 978//38 1267//38
f 659//38 1273//38 1274//38
f 1269//38 659//38 672//38
f 1142//38 1143//38 672//38
f 672//38 1139//38 1140//38
f 754//38 922//38 1138//38
f 983//38 984//38 659//38
f 976//38 1267//38 1275//38
f 1271//38 1273//38 659//38
f 672//38 1270//38 1276//38
f 1270//38 1146//38 1148//38
f 1140//38 1141//38 672//38
f 1138//38 672//38 754//38
f 1275//38 975//38 976//38
f 1276//38 1272//38 672//38
f 1270//38 1145//38 1146//38
f 1138//38 1139//38 672//38
f 1274//38 1267//38 659//38
f 1144//38 1145//38 1270//38
f 1148//38 1168//38 1270//38
f 984//38 870//38 736//38
f 1277//798 1041//798 1038//798
f 1038//799 1278//799 1277//799
f 1277//800 1278//800 1279//800
f 1042//801 1277//801 1280//801
f 1277//802 1281//802 1280//802
f 1280//803 1044//803 1042//803
f 1277//804 1282//804 1283//804
f 1282//805 1284//805 1283//805
f 1036//806 985//806 946//806
f 1278//807 946//807 945//807
f 965//808 1282//808 1279//808
f 1284//809 1282//809 965//809
f 965//810 975//810 1284//810
f 1279//811 948//811 965//811
f 948//812 1279//812 945//812
f 945//813 1279//813 1278//813
f 946//814 1278//814 1036//814
f 1283//815 1281//815 1277//815
f 1042//816 1041//816 1277//816
f 1279//800 1282//800 1277//800
f 1038//817 1036//817 1278//817
f 1285//151 1258//151 1045//151
f 1045//151 1044//151 1285//151
f 1220//732 1253//732 1286//732
f 1226//733 1220//733 1287//733
f 1228//734 1226//734 1288//734
f 1230//735 1228//735 1289//735
f 1232//736 1230//736 1290//736
f 1234//650 1232//650 1291//650
f 1236//737 1234//737 1292//737
f 1238//738 1236//738 1293//738
f 1240//739 1238//739 1294//739
f 1194//740 1240//740 1295//740
f 1295//740 1185//740 1194//740
f 1294//739 1295//739 1240//739
f 1293//738 1294//738 1238//738
f 1292//737 1293//737 1236//737
f 1291//650 1292//650 1234//650
f 1290//736 1291//736 1232//736
f 1289//735 1290//735 1230//735
f 1288//734 1289//734 1228//734
f 1287//733 1288//733 1226//733
f 1286//732 1287//732 1220//732
f 1296//711 1297//711 1254//711
f 1297//712 1255//712 1254//712
f 1298//713 1296//713 1256//713
f 1296//714 1257//714 1256//714
f 1256//715 1258//715 1298//715
f 1296//716 1299//716 1300//716
f 1300//717 1301//717 1296//717
f 1302//718 1253//718 1224//718
f 1297//719 1296//719 1301//719
f 1301//720 1222//720 1223//720
f 1297//721 1223//721 1225//721
f 1297//722 1242//722 1244//722
f 1244//723 1255//723 1297//723
f 1244//724 1211//724 1255//724
f 1225//725 1242//725 1297//725
f 1301//726 1223//726 1297//726
f 1222//727 1301//727 1224//727
f 1224//728 1301//728 1302//728
f 1300//729 1302//729 1301//729
f 1298//730 1299//730 1296//730
f 1254//731 1257//731 1296//731
f 1303//819 1283//819 1284//819
f 1304//607 1284//607 975//607
f 975//607 1275//607 1304//607
f 1305//820 1280//820 1281//820
f 1283//610 1303//610 1306//610
f 1306//610 1281//610 1283//610
f 1280//129 1305//129 1285//129
f 1285//129 1044//129 1280//129
f 1281//820 1306//820 1305//820
f 1284//819 1304//819 1303//819
f 1307//672 1264//672 1263//672
f 1263//673 1295//673 1307//673
f 1307//674 1266//674 1264//674
f 1307//675 1295//675 1294//675
f 1308//676 1294//676 1293//676
f 1309//677 1293//677 1292//677
f 1310//678 1292//678 1291//678
f 1311//679 1291//679 1290//679
f 1312//680 1290//680 1289//680
f 1313//681 1289//681 1288//681
f 1314//682 1288//682 1287//682
f 1287//683 1315//683 1316//683
f 1316//684 1317//684 1287//684
f 1287//685 1286//685 1315//685
f 1316//686 1318//686 1317//686
f 1265//687 1266//687 1307//687
f 1319//688 1307//688 1308//688
f 1320//689 1308//689 1309//689
f 1321//690 1309//690 1310//690
f 1322//691 1310//691 1311//691
f 1323//692 1311//692 1312//692
f 1324//693 1312//693 1313//693
f 1325//694 1313//694 1314//694
f 1326//695 1314//695 1317//695
f 1327//696 1328//696 1317//696
f 1317//697 1329//697 1327//697
f 1168//698 1265//698 1319//698
f 1270//699 1319//699 1320//699
f 1276//700 1320//700 1321//700
f 1272//701 1321//701 1322//701
f 1268//702 1322//702 1323//702
f 1269//703 1323//703 1324//703
f 1271//704 1324//704 1325//704
f 1273//705 1325//705 1326//705
f 1274//706 1326//706 1328//706
f 1267//707 1328//707 1330//707
f 1330//707 1275//707 1267//707
f 1328//706 1267//706 1274//706
f 1326//705 1274//705 1273//705
f 1325//704 1273//704 1271//704
f 1324//703 1271//703 1269//703
f 1323//702 1269//702 1268//702
f 1322//701 1268//701 1272//701
f 1321//700 1272//700 1276//700
f 1320//699 1276//699 1270//699
f 1319//698 1270//698 1168//698
f 1327//708 1330//708 1328//708
f 1317//695 1328//695 1326//695
f 1314//694 1326//694 1325//694
f 1313//693 1325//693 1324//693
f 1312//692 1324//692 1323//692
f 1311//691 1323//691 1322//691
f 1310//690 1322//690 1321//690
f 1309//689 1321//689 1320//689
f 1308//688 1320//688 1319//688
f 1307//687 1319//687 1265//687
f 1318//709 1329//709 1317//709
f 1287//682 1317//682 1314//682
f 1288//681 1314//681 1313//681
f 1289//680 1313//680 1312//680
f 1290//679 1312//679 1311//679
f 1291//678 1311//678 1310//678
f 1292//677 1310//677 1309//677
f 1293//676 1309//676 1308//676
f 1294//675 1308//675 1307//675
f 1263//710 1185//710 1295//710
f 1258//627 1285//627 1331//627
f 1332//628 1333//628 1300//628
f 1332//629 1299//629 1298//629
f 1298//629 1331//629 1332//629
f 1334//630 1286//630 1253//630
f 1334//631 1302//631 1300//631
f 1300//631 1333//631 1334//631
f 1253//630 1302//630 1334//630
f 1300//628 1299//628 1332//628
f 1331//627 1298//627 1258//627
f 1331//651 1285//651 1305//651
f 1305//652 1335//652 1331//652
f 1335//653 1332//653 1331//653
f 1335//654 1306//654 1303//654
f 1303//655 1336//655 1335//655
f 1335//656 1337//656 1333//656
f 1337//657 1334//657 1333//657
f 1336//658 1304//658 1330//658
f 1304//659 1275//659 1330//659
f 1336//660 1327//660 1329//660
f 1336//661 1318//661 1337//661
f 1337//662 1335//662 1336//662
f 1334//663 1337//663 1315//663
f 1315//664 1286//664 1334//664
f 1315//665 1337//665 1316//665
f 1318//666 1316//666 1337//666
f 1329//667 1318//667 1336//667
f 1330//668 1327//668 1336//668
f 1333//818 1332//818 1335//818
f 1303//670 1304//670 1336//670
f 1305//671 1306//671 1335//671
#2690 polygons

