# Aspose.3D Wavefront OBJ Exporter
# Copyright 2004-2023 Aspose Pty Ltd.
# File created: 06/29/2023 05:40:20


#
# object obj_17286088
#

v 41.09550094604492188 -29.86301612854003904 -85.59750366210937504
v 37.49350357055664064 -34.27648162841796876 -85.59750366210937504
v 37.49350357055664064 -34.27648162841796876 -80.83499908447265632
v 44.18069839477539064 -25.07400703430175781 -85.59750366210937504
v 41.09550094604492188 -29.86301612854003904 -80.83499908447265632
v 46.71029663085937504 -19.96967887878417968 -85.59750366210937504
v 44.18069839477539064 -25.07400703430175781 -80.83499908447265632
v 48.65248870849609376 -14.61421966552734376 -85.59750366210937504
v 46.71029663085937504 -19.96967887878417968 -80.83499908447265632
v 49.98284530639648432 -9.07497787475585938 -85.59750366210937504
v 48.65248870849609376 -14.61421966552734376 -80.83499908447265632
v 50.68463897705078128 -3.42161321640014648 -80.83499908447265632
v 50.68463897705078128 -3.42161321640014648 -85.59750366210937504
v 50.00874710083007812 -8.93113613128662112 -85.59750366210937504
v 49.98284530639648432 -9.07497787475585938 -80.83499908447265632
v 50.74904251098632816 2.27478003501892088 -85.59750366210937504
v 50.17525100708007812 7.9425668716430664 -85.59750366210937504
v 50.74904251098632816 2.27478003501892088 -80.83499908447265632
v 48.97047424316406256 13.51047134399414064 -85.59750366210937504
v 50.17525100708007812 7.9425668716430664 -80.83499908447265632
v 47.14986419677734376 18.90847396850585936 -85.59750366210937504
v 48.97047424316406256 13.51047134399414064 -80.83499908447265632
v 44.7363166809082032 24.06869125366210938 -85.59750366210937504
v 47.14986419677734376 18.90847396850585936 -80.83499908447265632
v 41.76018524169921872 28.92622947692871088 -85.59750366210937504
v 44.7363166809082032 24.06869125366210938 -80.83499908447265632
v 38.25889587402343752 33.42000579833984376 -85.59750366210937504
v 41.76018524169921872 28.92622947692871088 -80.83499908447265632
v 34.27648162841796876 37.49350357055664064 -85.59750366210937504
v 38.25889587402343752 33.42000579833984376 -80.83499908447265632
v 29.86301612854003904 41.09550094604492188 -85.59750366210937504
v 34.27648162841796876 37.49350357055664064 -80.83499908447265632
v 25.07400703430175781 44.18069839477539064 -85.59750366210937504
v 29.86301612854003904 41.09550094604492188 -80.83499908447265632
v 19.96967887878417968 46.71029663085937504 -85.59750366210937504
v 25.07400703430175781 44.18069839477539064 -80.83499908447265632
v 14.61421966552734376 48.65248870849609376 -85.59750366210937504
v 19.96967887878417968 46.71029663085937504 -80.83499908447265632
v 9.07497787475585938 49.98284530639648432 -85.59750366210937504
v 14.61421966552734376 48.65248870849609376 -80.83499908447265632
v 3.42161321640014648 50.68463897705078128 -85.59750366210937504
v 9.07497787475585938 49.98284530639648432 -80.83499908447265632
v -2.27478003501892088 50.74904251098632816 -85.59750366210937504
v 3.42161321640014648 50.68463897705078128 -80.83499908447265632
v -7.9425668716430664 50.17525100708007812 -85.59750366210937504
v -2.27478003501892088 50.74904251098632816 -80.83499908447265632
v -13.51047134399414064 48.97047424316406256 -85.59750366210937504
v -7.9425668716430664 50.17525100708007812 -80.83499908447265632
v -18.90847396850585936 47.14986419677734376 -85.59750366210937504
v -14.2947359085083008 48.747314453125 -80.83499908447265632
v -13.51047134399414064 48.97047424316406256 -80.83499908447265632
v -24.06869125366210938 44.7363166809082032 -85.59750366210937504
v -18.90847396850585936 47.14986419677734376 -80.83499908447265632
v -28.92622947692871088 41.76018524169921872 -85.59750366210937504
v -24.06869125366210938 44.7363166809082032 -80.83499908447265632
v -33.42000579833984376 38.25889587402343752 -85.59750366210937504
v -28.92622947692871088 41.76018524169921872 -80.83499908447265632
v -37.49350357055664064 34.27648162841796876 -85.59750366210937504
v -33.42000579833984376 38.25889587402343752 -80.83499908447265632
v -41.09550094604492188 29.86301612854003904 -85.59750366210937504
v -37.49350357055664064 34.27648162841796876 -80.83499908447265632
v -44.18069839477539064 25.07400703430175781 -85.59750366210937504
v -41.09550094604492188 29.86301612854003904 -80.83499908447265632
v -46.71029663085937504 19.96967887878417968 -85.59750366210937504
v -44.18069839477539064 25.07400703430175781 -80.83499908447265632
v -48.65248870849609376 14.61421966552734376 -85.59750366210937504
v -46.71029663085937504 19.96967887878417968 -80.83499908447265632
v -49.98284530639648432 9.07497787475585938 -85.59750366210937504
v -48.65248870849609376 14.61421966552734376 -80.83499908447265632
v -50.68463897705078128 3.42161321640014648 -85.59750366210937504
v -49.98284530639648432 9.07497787475585938 -80.83499908447265632
v -50.74904251098632816 -2.27478003501892088 -85.59750366210937504
v -50.68463897705078128 3.42161321640014648 -80.83499908447265632
v -50.17525100708007812 -7.9425668716430664 -85.59750366210937504
v -50.74904251098632816 -2.27478003501892088 -80.83499908447265632
v -50.17525100708007812 -7.9425668716430664 -80.83499908447265632
v -48.97047424316406256 -13.51047134399414064 -80.83499908447265632
v -49.0091400146484375 -13.36952400207519528 -85.59750366210937504
v -48.97047424316406256 -13.51047134399414064 -85.59750366210937504
v -47.14986419677734376 -18.90847396850585936 -85.59750366210937504
v -44.7363166809082032 -24.06869125366210938 -85.59750366210937504
v -47.14986419677734376 -18.90847396850585936 -80.83499908447265632
v -41.76018524169921872 -28.92622947692871088 -85.59750366210937504
v -44.7363166809082032 -24.06869125366210938 -80.83499908447265632
v -38.25889587402343752 -33.42000579833984376 -85.59750366210937504
v -41.76018524169921872 -28.92622947692871088 -80.83499908447265632
v -34.27648162841796876 -37.49350357055664064 -85.59750366210937504
v -38.25889587402343752 -33.42000579833984376 -80.83499908447265632
v -29.86301612854003904 -41.09550094604492188 -85.59750366210937504
v -34.27648162841796876 -37.49350357055664064 -80.83499908447265632
v -25.07400703430175781 -44.18069839477539064 -85.59750366210937504
v -29.86301612854003904 -41.09550094604492188 -80.83499908447265632
v -19.96967887878417968 -46.71029663085937504 -85.59750366210937504
v -25.07400703430175781 -44.18069839477539064 -80.83499908447265632
v -14.61421966552734376 -48.65248870849609376 -85.59750366210937504
v -19.96967887878417968 -46.71029663085937504 -80.83499908447265632
v -14.61421966552734376 -48.65248870849609376 -80.83499908447265632
v -9.87606334686279296 -49.83074569702148432 -80.83499908447265632
v -9.07497787475585938 -49.98284530639648432 -85.59750366210937504
v -3.42161321640014648 -50.68463897705078128 -85.59750366210937504
v -9.07497787475585938 -49.98284530639648432 -80.83499908447265632
v 2.27478003501892088 -50.74904251098632816 -85.59750366210937504
v -3.42161321640014648 -50.68463897705078128 -80.83499908447265632
v 7.9425668716430664 -50.17525100708007812 -85.59750366210937504
v 2.27478003501892088 -50.74904251098632816 -80.83499908447265632
v 13.51047134399414064 -48.97047424316406256 -85.59750366210937504
v 7.9425668716430664 -50.17525100708007812 -80.83499908447265632
v 18.90847396850585936 -47.14986419677734376 -85.59750366210937504
v 13.51047134399414064 -48.97047424316406256 -80.83499908447265632
v 24.06869125366210938 -44.7363166809082032 -85.59750366210937504
v 18.90847396850585936 -47.14986419677734376 -80.83499908447265632
v 28.92622947692871088 -41.76018524169921872 -85.59750366210937504
v 24.06869125366210938 -44.7363166809082032 -80.83499908447265632
v 33.42000579833984376 -38.25889587402343752 -85.59750366210937504
v 28.92622947692871088 -41.76018524169921872 -80.83499908447265632
v 33.42000579833984376 -38.25889587402343752 -80.83499908447265632
v 58.40879821777343752 -1.14395308494567872 -80.83499908447265632
v 58.21684646606445312 4.8677611351013184 -80.83499908447265632
v 57.40778350830078128 10.8278751373291016 -80.83499908447265632
v 57.98160171508789056 -7.1435408592224121 -80.83499908447265632
v 55.99018096923828128 16.6732120513916016 -80.83499908447265632
v 56.93978500366210944 -13.06740570068359375 -80.83499908447265632
v 53.97906875610351568 22.34180831909179688 -80.83499908447265632
v 51.39576721191406248 27.77357482910156256 -80.83499908447265632
v 38.19698333740234376 39.071563720703125 -80.83499908447265632
v 37.74960708618164064 38.71485900878906248 -80.83499908447265632
v 35.18220138549804688 41.06197738647460938 -80.83499908447265632
v -3.3671846389770508 58.32287979125976564 -80.83499908447265632
v 37.21390151977539064 38.51385498046875 -80.83499908447265632
v 48.26765823364257812 32.91093444824218752 -80.83499908447265632
v 44.62789535522460936 37.69943237304687504 -80.83499908447265632
v -15.22605419158935548 56.40092086791992184 -80.83499908447265632
v -20.73477745056152336 54.61653137207031248 -80.83499908447265632
v 14.52915382385253904 56.58444976806640624 -80.83499908447265632
v 8.63407802581787112 57.7784500122070312 -80.83499908447265632
v -9.34615516662597656 57.6675453186035156 -80.83499908447265632
v 38.66450119018554688 40.1006011962890625 -80.83499908447265632
v 38.51223373413085936 39.54906082153320312 -80.83499908447265632
v 2.64747858047485352 58.35998153686523436 -80.83499908447265632
v 35.49745178222656248 41.53947067260742184 -80.83499908447265632
v 20.27021789550781248 54.7906455993652344 -80.83499908447265632
v 35.94482421875 41.89617919921875008 -80.83499908447265632
v 31.04915618896484375 49.48581695556640624 -80.83499908447265632
v 35.25655746459960936 39.40312576293945312 -80.83499908447265632
v 36.64229965209960936 38.48823547363281248 -80.83499908447265632
v 36.09075927734375 38.6405029296875 -80.83499908447265632
v 40.5150718688964844 42.08830642700195312 -80.83499908447265632
v 38.63887786865234376 40.67220306396484376 -80.83499908447265632
v 36.4805335998535156 42.09717941284179688 -80.83499908447265632
v 35.9727745056152344 46.03103256225585937 -80.83499908447265632
v 25.79641151428222656 52.41604232788085936 -80.83499908447265632
v 35.02993392944335937 40.5104331970214844 -80.83499908447265632
v 35.05555343627929688 39.9388351440429688 -80.83499908447265632
v 38.43787765502929688 41.20790863037109376 -80.83499908447265632
v 35.61326217651367184 38.95575332641601568 -80.83499908447265632
v 37.60367584228515624 41.97053527832031248 -80.83499908447265632
v 38.08116912841796875 41.65528488159179688 -80.83499908447265632
v 37.05213165283203125 42.122802734375 -80.83499908447265632
v -41.06197738647460938 35.18220138549804688 -80.83499908447265632
v -58.39024353027343752 -1.8643758296966552 -80.83499908447265632
v -37.74960708618164064 -38.71485900878906248 -80.83499908447265632
v -37.21390151977539064 -38.51385498046875 -80.83499908447265632
v -23.06389427185058594 -53.67451095581054688 -80.83499908447265632
v -35.18220138549804688 -41.06197738647460938 -80.83499908447265632
v -17.4227867126464844 -55.7614822387695312 -80.83499908447265632
v -35.49745178222656248 -41.53947067260742184 -80.83499908447265632
v -35.94482421875 -41.89617919921875008 -80.83499908447265632
v -33.55545806884765624 -47.82183456420898432 -80.83499908447265632
v -15.73861408233642576 -56.26004409790039064 -80.83499908447265632
v -28.46051979064941408 -51.01857757568359375 -80.83499908447265632
v -55.05762863159179688 -19.53340911865234376 -80.83499908447265632
v -52.75736999511718752 -25.09095954895019532 -80.83499908447265632
v -36.4805335998535156 -42.09717941284179688 -80.83499908447265632
v -37.05213165283203125 -42.122802734375 -80.83499908447265632
v -39.9388351440429688 35.05555343627929688 -80.83499908447265632
v -40.5104331970214844 35.02993392944335937 -80.83499908447265632
v -56.77426147460937504 -13.76879978179931648 -80.83499908447265632
v -38.95575332641601568 35.61326217651367184 -80.83499908447265632
v -39.40312576293945312 35.25655746459960936 -80.83499908447265632
v -35.02993392944335937 -40.5104331970214844 -80.83499908447265632
v -35.25655746459960936 -39.40312576293945312 -80.83499908447265632
v -36.64229965209960936 -38.48823547363281248 -80.83499908447265632
v -36.09075927734375 -38.6405029296875 -80.83499908447265632
v -57.88907241821289056 -7.85823726654052736 -80.83499908447265632
v -38.48823547363281248 36.64229965209960936 -80.83499908447265632
v -38.6405029296875 36.09075927734375 -80.83499908447265632
v -42.09717941284179688 36.4805335998535156 -80.83499908447265632
v -42.122802734375 37.05213165283203125 -80.83499908447265632
v -45.08954620361328125 37.14604949951171876 -80.83499908447265632
v -57.5369834899902344 10.11888980865478516 -80.83499908447265632
v -58.27246475219726564 4.14924860000610352 -80.83499908447265632
v -38.19698333740234376 -39.071563720703125 -80.83499908447265632
v -49.89787292480468752 -30.38253974914550784 -80.83499908447265632
v -46.50944519042968752 -35.35205841064453124 -80.83499908447265632
v -38.51223373413085936 -39.54906082153320312 -80.83499908447265632
v -42.62800598144531248 -39.94683456420898432 -80.83499908447265632
v -38.29469680786132812 -44.1181640625 -80.83499908447265632
v -38.08116912841796875 -41.65528488159179688 -80.83499908447265632
v -38.43787765502929688 -41.20790863037109376 -80.83499908447265632
v -35.05555343627929688 -39.9388351440429688 -80.83499908447265632
v -48.66996002197265624 32.313018798828125 -80.83499908447265632
v -41.89617919921875008 35.94482421875 -80.83499908447265632
v -41.53947067260742184 35.49745178222656248 -80.83499908447265632
v -56.19159698486328124 15.9812688827514648 -80.83499908447265632
v -54.25056457519531248 21.67424201965332032 -80.83499908447265632
v -38.63887786865234376 -40.67220306396484376 -80.83499908447265632
v -38.66450119018554688 -40.1006011962890625 -80.83499908447265632
v -37.60367584228515624 -41.97053527832031248 -80.83499908447265632
v -35.61326217651367184 -38.95575332641601568 -80.83499908447265632
v -41.97053527832031248 37.60367584228515624 -80.83499908447265632
v -41.65528488159179688 38.08116912841796875 -80.83499908447265632
v -51.73446273803710944 27.13746261596679688 -80.83499908447265632
v -38.71485900878906248 37.74960708618164064 -80.83499908447265632
v -38.51385498046875 37.21390151977539064 -80.83499908447265632
v -26.4410343170166016 52.093841552734375 -80.83499908447265632
v -39.071563720703125 38.19698333740234376 -80.83499908447265632
v -31.65723419189453128 49.09904098510742188 -80.83499908447265632
v -36.53785705566406248 45.58378219604492184 -80.83499908447265632
v -20.94455337524414064 54.53643035888671872 -80.83499908447265632
v -40.1006011962890625 38.66450119018554688 -80.83499908447265632
v -41.0311737060546875 41.5853233337402344 -80.83499908447265632
v -39.54906082153320312 38.51223373413085936 -80.83499908447265632
v -40.67220306396484376 38.63887786865234376 -80.83499908447265632
v -41.20790863037109376 38.43787765502929688 -80.83499908447265632
v -11.59699249267578128 -57.25736618041992188 -80.83499908447265632
v -5.64826726913452152 -58.14631271362304688 -80.83499908447265632
v 0.36033084988594056 -58.4188880920410156 -80.83499908447265632
v 38.71485900878906248 -37.74960708618164064 -80.83499908447265632
v 38.51385498046875 -37.21390151977539064 -80.83499908447265632
v 18.10931396484375 -55.54232025146484376 -80.83499908447265632
v 23.7242488861083984 -53.38591766357421872 -80.83499908447265632
v 6.3651094436645508 -58.07221221923828125 -80.83499908447265632
v 12.30241584777832032 -57.109954833984375 -80.83499908447265632
v 39.071563720703125 -38.19698333740234376 -80.83499908447265632
v 29.08770179748535156 -50.66361618041992184 -80.83499908447265632
v 34.14281463623046876 -47.40426635742187504 -80.83499908447265632
v 38.48823547363281248 -36.64229965209960936 -80.83499908447265632
v 38.6405029296875 -36.09075927734375 -80.83499908447265632
v 39.54906082153320312 -38.51223373413085936 -80.83499908447265632
v 38.83600997924804688 -43.64241790771484376 -80.83499908447265632
v 40.1006011962890625 -38.66450119018554688 -80.83499908447265632
v 43.11753082275390624 -39.41795349121093752 -80.83499908447265632
v 41.20790863037109376 -38.43787765502929688 -80.83499908447265632
v 41.89617919921875008 -35.94482421875 -80.83499908447265632
v 42.09717941284179688 -36.4805335998535156 -80.83499908447265632
v 46.94199371337890624 -34.7756462097167968 -80.83499908447265632
v 41.65528488159179688 -38.08116912841796875 -80.83499908447265632
v 42.122802734375 -37.05213165283203125 -80.83499908447265632
v 41.97053527832031248 -37.60367584228515624 -80.83499908447265632
v 50.26886367797851564 -29.76470565795898432 -80.83499908447265632
v 41.53947067260742184 -35.49745178222656248 -80.83499908447265632
v 55.29439544677734376 -18.85275268554687504 -80.83499908447265632
v 41.06197738647460938 -35.18220138549804688 -80.83499908447265632
v 40.67220306396484376 -38.63887786865234376 -80.83499908447265632
v 53.06287002563476562 -24.43825531005859376 -80.83499908447265632
v 39.9388351440429688 -35.05555343627929688 -80.83499908447265632
v 40.5104331970214844 -35.02993392944335937 -80.83499908447265632
v 39.40312576293945312 -35.25655746459960936 -80.83499908447265632
v 38.95575332641601568 -35.61326217651367184 -80.83499908447265632
v 43.11753082275390624 -39.41795349121093752 -82.42250061035156248
v 38.83600997924804688 -43.64241790771484376 -82.42250061035156248
v 34.14281463623046876 -47.40426635742187504 -82.42250061035156248
v 29.08770179748535156 -50.66361618041992184 -82.42250061035156248
v 23.7242488861083984 -53.38591766357421872 -82.42250061035156248
v 18.10931396484375 -55.54232025146484376 -82.42250061035156248
v 12.30241584777832032 -57.109954833984375 -82.42250061035156248
v 6.3651094436645508 -58.07221221923828125 -82.42250061035156248
v 0.36033084988594056 -58.4188880920410156 -82.42250061035156248
v -5.64826726913452152 -58.14631271362304688 -82.42250061035156248
v -11.59699249267578128 -57.25736618041992188 -82.42250061035156248
v -17.4227867126464844 -55.7614822387695312 -82.42250061035156248
v -23.06389427185058594 -53.67451095581054688 -82.42250061035156248
v -28.46051979064941408 -51.01857757568359375 -82.42250061035156248
v -33.55545806884765624 -47.82183456420898432 -82.42250061035156248
v -38.29469680786132812 -44.1181640625 -82.42250061035156248
v -42.62800598144531248 -39.94683456420898432 -82.42250061035156248
v -46.50944519042968752 -35.35205841064453124 -82.42250061035156248
v -49.89787292480468752 -30.38253974914550784 -82.42250061035156248
v -52.75736999511718752 -25.09095954895019532 -82.42250061035156248
v -55.05762863159179688 -19.53340911865234376 -82.42250061035156248
v -56.77426147460937504 -13.76879978179931648 -82.42250061035156248
v -57.88907241821289056 -7.85823726654052736 -82.42250061035156248
v -58.39024353027343752 -1.8643758296966552 -82.42250061035156248
v -58.27246475219726564 4.14924860000610352 -82.42250061035156248
v -57.5369834899902344 10.11888980865478516 -82.42250061035156248
v -56.19159698486328124 15.9812688827514648 -82.42250061035156248
v -54.25056457519531248 21.67424201965332032 -82.42250061035156248
v -51.73446273803710944 27.13746261596679688 -82.42250061035156248
v -48.66996002197265624 32.313018798828125 -82.42250061035156248
v -45.08954620361328125 37.14604949951171876 -82.42250061035156248
v -41.0311737060546875 41.5853233337402344 -82.42250061035156248
v -36.53785705566406248 45.58378219604492184 -82.42250061035156248
v -31.65723419189453128 49.09904098510742188 -82.42250061035156248
v -26.4410343170166016 52.093841552734375 -82.42250061035156248
v -15.22605419158935548 56.40092086791992184 -82.42250061035156248
v -20.94455337524414064 54.53643035888671872 -82.42250061035156248
v -9.34615516662597656 57.6675453186035156 -82.42250061035156248
v -3.3671846389770508 58.32287979125976564 -82.42250061035156248
v 2.64747858047485352 58.35998153686523436 -82.42250061035156248
v 8.63407802581787112 57.7784500122070312 -82.42250061035156248
v 14.52915382385253904 56.58444976806640624 -82.42250061035156248
v 20.27021789550781248 54.7906455993652344 -82.42250061035156248
v 25.79641151428222656 52.41604232788085936 -82.42250061035156248
v 31.04915618896484375 49.48581695556640624 -82.42250061035156248
v 35.9727745056152344 46.03103256225585937 -82.42250061035156248
v 40.5150718688964844 42.08830642700195312 -82.42250061035156248
v 44.62789535522460936 37.69943237304687504 -82.42250061035156248
v 48.26765823364257812 32.91093444824218752 -82.42250061035156248
v 51.39576721191406248 27.77357482910156256 -82.42250061035156248
v 53.97906875610351568 22.34180831909179688 -82.42250061035156248
v 55.99018096923828128 16.6732120513916016 -82.42250061035156248
v 57.40778350830078128 10.8278751373291016 -82.42250061035156248
v 58.21684646606445312 4.8677611351013184 -82.42250061035156248
v 58.40879821777343752 -1.14395308494567872 -82.42250061035156248
v 57.98160171508789056 -7.1435408592224121 -82.42250061035156248
v 56.93978500366210944 -13.06740570068359375 -82.42250061035156248
v 55.29439544677734376 -18.85275268554687504 -82.42250061035156248
v 53.06287002563476562 -24.43825531005859376 -82.42250061035156248
v 50.26886367797851564 -29.76470565795898432 -82.42250061035156248
v 46.94199371337890624 -34.7756462097167968 -82.42250061035156248
v -62.19969177246093752 1.94201731681823728 -82.42250061035156248
v -62.07703399658203125 -4.36058473587036136 -82.42250061035156248
v -61.3173828125 -10.61844158172607424 -82.42250061035156248
v -44.26108932495117188 -43.7439002990722656 -82.42250061035156248
v -39.60850143432617184 -47.99728393554687504 -82.42250061035156248
v -34.54948043823242184 -51.75815200805664064 -82.42250061035156248
v -59.92853546142578128 -16.7673377990722656 -82.42250061035156248
v -29.13593101501464844 -54.9879112243652344 -82.42250061035156248
v -23.42341041564941408 -57.65341949462890624 -82.42250061035156248
v -17.47053146362304688 -59.72732543945312496 -82.42250061035156248
v -58.76579666137695312 20.47324752807617184 -82.42250061035156248
v -60.53553390502929688 14.4229698181152344 -82.42250061035156248
v -61.68409347534179688 8.22469139099121092 -82.42250061035156248
v -57.92473602294921872 -22.74418067932128912 -82.42250061035156248
v -55.32655334472656248 -28.48763465881347656 -82.42250061035156248
v -52.16064453125 -33.93877029418945312 -82.42250061035156248
v -48.45949554443359376 -39.04164505004882812 -82.42250061035156248
v -11.33838367462158204 -61.18834686279296876 -82.42250061035156248
v -5.08988714218139648 -62.02149581909179687 -82.42250061035156248
v 1.21083784103393556 -62.21821975708007812 -82.42250061035156248
v 7.49913835525512696 -61.7765007019042968 -82.42250061035156248
v 13.71048736572265624 -60.70086669921875 -82.42250061035156248
v 19.78114891052246096 -59.0023651123046875 -82.42250061035156248
v 25.64882850646972656 -56.69841766357421872 -82.42250061035156248
v 31.25331497192382812 -53.81266784667968752 -82.42250061035156248
v 36.53710174560546872 -50.37472534179687504 -82.42250061035156248
v 62.07703399658203125 4.36058473587036136 -82.42250061035156248
v 61.3173828125 10.61844158172607424 -82.42250061035156248
v 59.92853546142578128 16.7673377990722656 -82.42250061035156248
v 57.92473602294921872 22.74418067932128912 -82.42250061035156248
v -49.94181823730468752 37.12664413452148438 -82.42250061035156248
v -53.44162368774414064 31.88362884521484368 -82.42250061035156248
v -56.39304351806640624 26.3134441375732422 -82.42250061035156248
v 41.44596862792968752 -46.41987228393554688 -82.42250061035156248
v 45.92954254150390624 -41.98868942260742192 -82.42250061035156248
v 49.94181823730468752 -37.12664413452148438 -82.42250061035156248
v -31.25331497192382812 53.81266784667968752 -82.42250061035156248
v -36.53710174560546872 50.37472534179687504 -82.42250061035156248
v 60.53553390502929688 -14.4229698181152344 -82.42250061035156248
v 61.68409347534179688 -8.22469139099121092 -82.42250061035156248
v 55.32655334472656248 28.48763465881347656 -82.42250061035156248
v 52.16064453125 33.93877029418945312 -82.42250061035156248
v 48.45949554443359376 39.04164505004882812 -82.42250061035156248
v 5.08988714218139648 62.02149581909179687 -82.42250061035156248
v -1.21083784103393556 62.21821975708007812 -82.42250061035156248
v -41.44596862792968752 46.41987228393554688 -82.42250061035156248
v -45.92954254150390624 41.98868942260742192 -82.42250061035156248
v 56.39304351806640624 -26.3134441375732422 -82.42250061035156248
v 58.76579666137695312 -20.47324752807617184 -82.42250061035156248
v 62.19969177246093752 -1.94201731681823728 -82.42250061035156248
v 34.54948043823242184 51.75815200805664064 -82.42250061035156248
v 29.13593101501464844 54.9879112243652344 -82.42250061035156248
v -7.49913835525512696 61.7765007019042968 -82.42250061035156248
v -19.78114891052246096 59.0023651123046875 -82.42250061035156248
v -25.64882850646972656 56.69841766357421872 -82.42250061035156248
v 53.44162368774414064 -31.88362884521484368 -82.42250061035156248
v 44.26108932495117188 43.7439002990722656 -82.42250061035156248
v 39.60850143432617184 47.99728393554687504 -82.42250061035156248
v 23.42341041564941408 57.65341949462890624 -82.42250061035156248
v 17.47053146362304688 59.72732543945312496 -82.42250061035156248
v 11.33838367462158204 61.18834686279296876 -82.42250061035156248
v -13.71048736572265624 60.70086669921875 -82.42250061035156248
v 45.92954254150390624 -41.98868942260742192 -83.26705169677734376
v 41.44596862792968752 -46.41987228393554688 -83.26705169677734376
v 36.53710174560546872 -50.37472534179687504 -83.26705169677734376
v 31.25331497192382812 -53.81266784667968752 -83.26705169677734376
v 25.64882850646972656 -56.69841766357421872 -83.26705169677734376
v 19.78114891052246096 -59.0023651123046875 -83.26705169677734376
v 13.71048736572265624 -60.70086669921875 -83.26705169677734376
v 7.49913835525512696 -61.7765007019042968 -83.26705169677734376
v 1.21083784103393556 -62.21821975708007812 -83.26705169677734376
v -5.08988714218139648 -62.02149581909179687 -83.26705169677734376
v -11.33838367462158204 -61.18834686279296876 -83.26705169677734376
v -17.47053146362304688 -59.72732543945312496 -83.26705169677734376
v -23.42341041564941408 -57.65341949462890624 -83.26705169677734376
v -29.13593101501464844 -54.9879112243652344 -83.26705169677734376
v -34.54948043823242184 -51.75815200805664064 -83.26705169677734376
v -39.60850143432617184 -47.99728393554687504 -83.26705169677734376
v -44.26108932495117188 -43.7439002990722656 -83.26705169677734376
v -48.45949554443359376 -39.04164505004882812 -83.26705169677734376
v -52.16064453125 -33.93877029418945312 -83.26705169677734376
v -55.32655334472656248 -28.48763465881347656 -83.26705169677734376
v -57.92473602294921872 -22.74418067932128912 -83.26705169677734376
v -59.92853546142578128 -16.7673377990722656 -83.26705169677734376
v -61.3173828125 -10.61844158172607424 -83.26705169677734376
v -62.07703399658203125 -4.36058473587036136 -83.26705169677734376
v -62.19969177246093752 1.94201731681823728 -83.26705169677734376
v -61.68409347534179688 8.22469139099121092 -83.26705169677734376
v -60.53553390502929688 14.4229698181152344 -83.26705169677734376
v -58.76579666137695312 20.47324752807617184 -83.26705169677734376
v -56.39304351806640624 26.3134441375732422 -83.26705169677734376
v -53.44162368774414064 31.88362884521484368 -83.26705169677734376
v -49.94181823730468752 37.12664413452148438 -83.26705169677734376
v -45.92954254150390624 41.98868942260742192 -83.26705169677734376
v -41.44596862792968752 46.41987228393554688 -83.26705169677734376
v -36.53710174560546872 50.37472534179687504 -83.26705169677734376
v -31.25331497192382812 53.81266784667968752 -83.26705169677734376
v -25.64882850646972656 56.69841766357421872 -83.26705169677734376
v -19.78114891052246096 59.0023651123046875 -83.26705169677734376
v -13.71048736572265624 60.70086669921875 -83.26705169677734376
v -7.49913835525512696 61.7765007019042968 -83.26705169677734376
v -1.21083784103393556 62.21821975708007812 -83.26705169677734376
v 5.08988714218139648 62.02149581909179687 -83.26705169677734376
v 11.33838367462158204 61.18834686279296876 -83.26705169677734376
v 17.47053146362304688 59.72732543945312496 -83.26705169677734376
v 23.42341041564941408 57.65341949462890624 -83.26705169677734376
v 29.13593101501464844 54.9879112243652344 -83.26705169677734376
v 34.54948043823242184 51.75815200805664064 -83.26705169677734376
v 39.60850143432617184 47.99728393554687504 -83.26705169677734376
v 44.26108932495117188 43.7439002990722656 -83.26705169677734376
v 48.45949554443359376 39.04164505004882812 -83.26705169677734376
v 52.16064453125 33.93877029418945312 -83.26705169677734376
v 55.32655334472656248 28.48763465881347656 -83.26705169677734376
v 57.92473602294921872 22.74418067932128912 -83.26705169677734376
v 59.92853546142578128 16.7673377990722656 -83.26705169677734376
v 61.3173828125 10.61844158172607424 -83.26705169677734376
v 62.07703399658203125 4.36058473587036136 -83.26705169677734376
v 62.19969177246093752 -1.94201731681823728 -83.26705169677734376
v 61.68409347534179688 -8.22469139099121092 -83.26705169677734376
v 60.53553390502929688 -14.4229698181152344 -83.26705169677734376
v 58.76579666137695312 -20.47324752807617184 -83.26705169677734376
v 56.39304351806640624 -26.3134441375732422 -83.26705169677734376
v 53.44162368774414064 -31.88362884521484368 -83.26705169677734376
v 49.94181823730468752 -37.12664413452148438 -83.26705169677734376
v -44.20952987670898436 40.4162559509277344 -85.59750366210937504
v -48.0715484619140625 35.73628616333007808 -85.59750366210937504
v -51.44028854370117184 30.68961906433105472 -85.59750366210937504
v -54.28118515014648436 25.3280315399169922 -85.59750366210937504
v -56.56507873535156248 19.7065467834472656 -85.59750366210937504
v -58.26853942871093752 13.88284397125244144 -85.59750366210937504
v -59.3740882873535156 7.91668558120727536 -85.59750366210937504
v -59.87037658691406256 1.86929070949554448 -85.59750366210937504
v -59.7523117065429688 -4.19728517532348632 -85.59750366210937504
v -59.02111053466796875 -10.2207918167114258 -85.59750366210937504
v -57.68427276611328128 -16.1394195556640625 -85.59750366210937504
v -56.07036590576171875 -21.07297134399414062 -85.59750366210937504
v -55.75551605224609376 -21.89243316650390624 -85.59750366210937504
v -53.25463104248046876 -27.42080307006835936 -85.59750366210937504
v -50.20728302001953124 -32.66779708862304688 -85.59750366210937504
v -46.64473724365234376 -37.57957458496093752 -85.59750366210937504
v -42.60355758666992184 -42.10573577880859376 -85.59750366210937504
v -38.12520599365234376 -46.19983673095703124 -85.59750366210937504
v -33.25563812255859376 -49.81986236572265632 -85.59750366210937504
v -28.04482078552246094 -52.92866897583007808 -85.59750366210937504
v -22.54622650146484376 -55.49435806274414064 -85.59750366210937504
v -16.8162784576416016 -57.4905967712402344 -85.59750366210937504
v -10.91377258300781248 -58.89690780639648432 -85.59750366210937504
v -4.89927625656127936 -59.6988525390625 -85.59750366210937504
v 1.16549324989318848 -59.88821029663085936 -85.59750366210937504
v 7.21830320358276368 -59.46303176879882816 -85.59750366210937504
v 13.19704341888427736 -58.42768478393554688 -85.59750366210937504
v 19.04036521911621094 -56.79278564453124992 -85.59750366210937504
v 24.68830490112304688 -54.57511901855468752 -85.59750366210937504
v 30.08291053771972656 -51.79743957519531248 -85.59750366210937504
v 35.16882705688476562 -48.48824310302734376 -85.59750366210937504
v 39.89385986328124992 -44.68149566650390624 -85.59750366210937504
v 44.20952987670898436 -40.4162559509277344 -85.59750366210937504
v 48.0715484619140625 -35.73628616333007808 -85.59750366210937504
v 51.44028854370117184 -30.68961906433105472 -85.59750366210937504
v 54.28118515014648436 -25.3280315399169922 -85.59750366210937504
v 56.56507873535156248 -19.7065467834472656 -85.59750366210937504
v 57.73460006713867184 -15.9584436416625976 -85.59750366210937504
v 58.26853942871093752 -13.88284397125244144 -85.59750366210937504
v 59.3740882873535156 -7.91668558120727536 -85.59750366210937504
v 59.87037658691406256 -1.86929070949554448 -85.59750366210937504
v 59.7523117065429688 4.19728517532348632 -85.59750366210937504
v 59.02111053466796875 10.2207918167114258 -85.59750366210937504
v 57.68427276611328128 16.1394195556640625 -85.59750366210937504
v 55.75551605224609376 21.89243316650390624 -85.59750366210937504
v 53.25463104248046876 27.42080307006835936 -85.59750366210937504
v 50.20728302001953124 32.66779708862304688 -85.59750366210937504
v 46.64473724365234376 37.57957458496093752 -85.59750366210937504
v 42.60355758666992184 42.10573577880859376 -85.59750366210937504
v 38.12520599365234376 46.19983673095703124 -85.59750366210937504
v 33.25563812255859376 49.81986236572265632 -85.59750366210937504
v 28.04482078552246094 52.92866897583007808 -85.59750366210937504
v 22.54622650146484376 55.49435806274414064 -85.59750366210937504
v 16.8162784576416016 57.4905967712402344 -85.59750366210937504
v 10.91377258300781248 58.89690780639648432 -85.59750366210937504
v 4.89927625656127936 59.6988525390625 -85.59750366210937504
v -1.16549324989318848 59.88821029663085936 -85.59750366210937504
v -7.21830320358276368 59.46303176879882816 -85.59750366210937504
v -13.19704341888427736 58.42768478393554688 -85.59750366210937504
v -19.04036521911621094 56.79278564453124992 -85.59750366210937504
v -24.68830490112304688 54.57511901855468752 -85.59750366210937504
v -30.08291053771972656 51.79743957519531248 -85.59750366210937504
v -35.16882705688476562 48.48824310302734376 -85.59750366210937504
v -39.89385986328124992 44.68149566650390624 -85.59750366210937504
v -38.19698333740234376 -39.071563720703125 -84.01000213623046875
v -37.74960708618164064 -38.71485900878906248 -84.01000213623046875
v -37.21390151977539064 -38.51385498046875 -84.01000213623046875
v -36.64229965209960936 -38.48823547363281248 -84.01000213623046875
v -36.09075927734375 -38.6405029296875 -84.01000213623046875
v -35.61326217651367184 -38.95575332641601568 -84.01000213623046875
v -35.25655746459960936 -39.40312576293945312 -84.01000213623046875
v -35.05555343627929688 -39.9388351440429688 -84.01000213623046875
v -35.02993392944335937 -40.5104331970214844 -84.01000213623046875
v -35.18220138549804688 -41.06197738647460938 -84.01000213623046875
v -35.49745178222656248 -41.53947067260742184 -84.01000213623046875
v -35.94482421875 -41.89617919921875008 -84.01000213623046875
v -36.4805335998535156 -42.09717941284179688 -84.01000213623046875
v -37.05213165283203125 -42.122802734375 -84.01000213623046875
v -37.60367584228515624 -41.97053527832031248 -84.01000213623046875
v -38.08116912841796875 -41.65528488159179688 -84.01000213623046875
v -38.43787765502929688 -41.20790863037109376 -84.01000213623046875
v -38.63887786865234376 -40.67220306396484376 -84.01000213623046875
v -38.66450119018554688 -40.1006011962890625 -84.01000213623046875
v -38.51223373413085936 -39.54906082153320312 -84.01000213623046875
v -40.26879119873046876 -41.0057830810546875 -84.01000213623046875
v -40.31772232055664064 -39.9141845703125 -84.01000213623046875
v -40.02693557739257812 -38.86089324951171872 -84.01000213623046875
v -39.42489624023437504 -37.94900894165039056 -84.01000213623046875
v -35.4025917053222656 -37.12579727172851562 -84.01000213623046875
v -34.49070739746093752 -37.72784042358398432 -84.01000213623046875
v -33.42564010620117184 -39.60525131225585936 -84.01000213623046875
v -33.376708984375 -40.69684982299804688 -84.01000213623046875
v -33.66749572753906248 -41.75014495849609376 -84.01000213623046875
v -34.26953887939453124 -42.66202545166015624 -84.01000213623046875
v -38.57053375244140624 -37.26779937744140624 -84.01000213623046875
v -37.5474815368652344 -36.88394165039062496 -84.01000213623046875
v -36.45588302612304688 -36.83501052856445312 -84.01000213623046875
v -33.80949783325195312 -38.58219909667968752 -84.01000213623046875
v -38.29184341430664064 -43.48523712158203128 -84.01000213623046875
v -39.20372390747070312 -42.88319778442382816 -84.01000213623046875
v -39.88493347167968752 -42.02883529663085937 -84.01000213623046875
v -36.14694976806640624 -43.72709274291992192 -84.01000213623046875
v -37.23854827880859376 -43.77602386474609376 -84.01000213623046875
v -35.12389755249023438 -43.34323501586914064 -84.01000213623046875
v -39.42489624023437504 -37.94900894165039056 -85.59750366210937504
v -38.57053375244140624 -37.26779937744140624 -85.59750366210937504
v -37.5474815368652344 -36.88394165039062496 -85.59750366210937504
v -36.45588302612304688 -36.83501052856445312 -85.59750366210937504
v -35.4025917053222656 -37.12579727172851562 -85.59750366210937504
v -34.49070739746093752 -37.72784042358398432 -85.59750366210937504
v -33.80949783325195312 -38.58219909667968752 -85.59750366210937504
v -33.42564010620117184 -39.60525131225585936 -85.59750366210937504
v -33.376708984375 -40.69684982299804688 -85.59750366210937504
v -33.66749572753906248 -41.75014495849609376 -85.59750366210937504
v -34.26953887939453124 -42.66202545166015624 -85.59750366210937504
v -35.12389755249023438 -43.34323501586914064 -85.59750366210937504
v -36.14694976806640624 -43.72709274291992192 -85.59750366210937504
v -37.23854827880859376 -43.77602386474609376 -85.59750366210937504
v -38.29184341430664064 -43.48523712158203128 -85.59750366210937504
v -39.20372390747070312 -42.88319778442382816 -85.59750366210937504
v -39.88493347167968752 -42.02883529663085937 -85.59750366210937504
v -40.26879119873046876 -41.0057830810546875 -85.59750366210937504
v -40.31772232055664064 -39.9141845703125 -85.59750366210937504
v -40.02693557739257812 -38.86089324951171872 -85.59750366210937504
v 38.95575332641601568 -35.61326217651367184 -84.01000213623046875
v 39.40312576293945312 -35.25655746459960936 -84.01000213623046875
v 39.9388351440429688 -35.05555343627929688 -84.01000213623046875
v 40.5104331970214844 -35.02993392944335937 -84.01000213623046875
v 41.06197738647460938 -35.18220138549804688 -84.01000213623046875
v 41.53947067260742184 -35.49745178222656248 -84.01000213623046875
v 41.89617919921875008 -35.94482421875 -84.01000213623046875
v 42.09717941284179688 -36.4805335998535156 -84.01000213623046875
v 42.122802734375 -37.05213165283203125 -84.01000213623046875
v 41.97053527832031248 -37.60367584228515624 -84.01000213623046875
v 41.65528488159179688 -38.08116912841796875 -84.01000213623046875
v 41.20790863037109376 -38.43787765502929688 -84.01000213623046875
v 40.67220306396484376 -38.63887786865234376 -84.01000213623046875
v 40.1006011962890625 -38.66450119018554688 -84.01000213623046875
v 39.54906082153320312 -38.51223373413085936 -84.01000213623046875
v 39.071563720703125 -38.19698333740234376 -84.01000213623046875
v 38.71485900878906248 -37.74960708618164064 -84.01000213623046875
v 38.51385498046875 -37.21390151977539064 -84.01000213623046875
v 38.48823547363281248 -36.64229965209960936 -84.01000213623046875
v 38.6405029296875 -36.09075927734375 -84.01000213623046875
v 39.9141845703125 -40.31772232055664064 -84.01000213623046875
v 38.86089324951171872 -40.02693557739257812 -84.01000213623046875
v 37.26779937744140624 -38.57053375244140624 -84.01000213623046875
v 36.88394165039062496 -37.5474815368652344 -84.01000213623046875
v 36.83501052856445312 -36.45588302612304688 -84.01000213623046875
v 41.75014495849609376 -33.66749572753906248 -84.01000213623046875
v 42.66202545166015624 -34.26953887939453124 -84.01000213623046875
v 43.34323501586914064 -35.12389755249023438 -84.01000213623046875
v 43.72709274291992192 -36.14694976806640624 -84.01000213623046875
v 37.94900894165039056 -39.42489624023437504 -84.01000213623046875
v 42.88319778442382816 -39.20372390747070312 -84.01000213623046875
v 42.02883529663085937 -39.88493347167968752 -84.01000213623046875
v 41.0057830810546875 -40.26879119873046876 -84.01000213623046875
v 37.12579727172851562 -35.4025917053222656 -84.01000213623046875
v 37.72784042358398432 -34.49070739746093752 -84.01000213623046875
v 39.60525131225585936 -33.42564010620117184 -84.01000213623046875
v 40.69684982299804688 -33.376708984375 -84.01000213623046875
v 43.77602386474609376 -37.23854827880859376 -84.01000213623046875
v 38.58219909667968752 -33.80949783325195312 -84.01000213623046875
v 43.48523712158203128 -38.29184341430664064 -84.01000213623046875
v 37.72784042358398432 -34.49070739746093752 -85.59750366210937504
v 38.58219909667968752 -33.80949783325195312 -85.59750366210937504
v 39.60525131225585936 -33.42564010620117184 -85.59750366210937504
v 40.69684982299804688 -33.376708984375 -85.59750366210937504
v 41.75014495849609376 -33.66749572753906248 -85.59750366210937504
v 42.66202545166015624 -34.26953887939453124 -85.59750366210937504
v 43.34323501586914064 -35.12389755249023438 -85.59750366210937504
v 43.72709274291992192 -36.14694976806640624 -85.59750366210937504
v 43.77602386474609376 -37.23854827880859376 -85.59750366210937504
v 43.48523712158203128 -38.29184341430664064 -85.59750366210937504
v 42.88319778442382816 -39.20372390747070312 -85.59750366210937504
v 42.02883529663085937 -39.88493347167968752 -85.59750366210937504
v 41.0057830810546875 -40.26879119873046876 -85.59750366210937504
v 39.9141845703125 -40.31772232055664064 -85.59750366210937504
v 38.86089324951171872 -40.02693557739257812 -85.59750366210937504
v 37.94900894165039056 -39.42489624023437504 -85.59750366210937504
v 37.26779937744140624 -38.57053375244140624 -85.59750366210937504
v 36.88394165039062496 -37.5474815368652344 -85.59750366210937504
v 36.83501052856445312 -36.45588302612304688 -85.59750366210937504
v 37.12579727172851562 -35.4025917053222656 -85.59750366210937504
v 35.49745178222656248 41.53947067260742184 -84.01000213623046875
v 35.94482421875 41.89617919921875008 -84.01000213623046875
v 36.4805335998535156 42.09717941284179688 -84.01000213623046875
v 37.05213165283203125 42.122802734375 -84.01000213623046875
v 37.60367584228515624 41.97053527832031248 -84.01000213623046875
v 38.08116912841796875 41.65528488159179688 -84.01000213623046875
v 38.43787765502929688 41.20790863037109376 -84.01000213623046875
v 38.63887786865234376 40.67220306396484376 -84.01000213623046875
v 38.66450119018554688 40.1006011962890625 -84.01000213623046875
v 38.51223373413085936 39.54906082153320312 -84.01000213623046875
v 38.19698333740234376 39.071563720703125 -84.01000213623046875
v 37.74960708618164064 38.71485900878906248 -84.01000213623046875
v 37.21390151977539064 38.51385498046875 -84.01000213623046875
v 36.64229965209960936 38.48823547363281248 -84.01000213623046875
v 36.09075927734375 38.6405029296875 -84.01000213623046875
v 35.61326217651367184 38.95575332641601568 -84.01000213623046875
v 35.25655746459960936 39.40312576293945312 -84.01000213623046875
v 35.05555343627929688 39.9388351440429688 -84.01000213623046875
v 35.02993392944335937 40.5104331970214844 -84.01000213623046875
v 35.18220138549804688 41.06197738647460938 -84.01000213623046875
v 33.42564010620117184 39.60525131225585936 -84.01000213623046875
v 33.376708984375 40.69684982299804688 -84.01000213623046875
v 33.66749572753906248 41.75014495849609376 -84.01000213623046875
v 34.26953887939453124 42.66202545166015624 -84.01000213623046875
v 38.29184341430664064 43.48523712158203128 -84.01000213623046875
v 39.20372390747070312 42.88319778442382816 -84.01000213623046875
v 40.26879119873046876 41.0057830810546875 -84.01000213623046875
v 40.31772232055664064 39.9141845703125 -84.01000213623046875
v 40.02693557739257812 38.86089324951171872 -84.01000213623046875
v 39.42489624023437504 37.94900894165039056 -84.01000213623046875
v 35.12389755249023438 43.34323501586914064 -84.01000213623046875
v 36.14694976806640624 43.72709274291992192 -84.01000213623046875
v 37.23854827880859376 43.77602386474609376 -84.01000213623046875
v 39.88493347167968752 42.02883529663085937 -84.01000213623046875
v 35.4025917053222656 37.12579727172851562 -84.01000213623046875
v 34.49070739746093752 37.72784042358398432 -84.01000213623046875
v 33.80949783325195312 38.58219909667968752 -84.01000213623046875
v 37.5474815368652344 36.88394165039062496 -84.01000213623046875
v 36.45588302612304688 36.83501052856445312 -84.01000213623046875
v 38.57053375244140624 37.26779937744140624 -84.01000213623046875
v 34.26953887939453124 42.66202545166015624 -85.59750366210937504
v 35.12389755249023438 43.34323501586914064 -85.59750366210937504
v 36.14694976806640624 43.72709274291992192 -85.59750366210937504
v 37.23854827880859376 43.77602386474609376 -85.59750366210937504
v 38.29184341430664064 43.48523712158203128 -85.59750366210937504
v 39.20372390747070312 42.88319778442382816 -85.59750366210937504
v 39.88493347167968752 42.02883529663085937 -85.59750366210937504
v 40.26879119873046876 41.0057830810546875 -85.59750366210937504
v 40.31772232055664064 39.9141845703125 -85.59750366210937504
v 40.02693557739257812 38.86089324951171872 -85.59750366210937504
v 39.42489624023437504 37.94900894165039056 -85.59750366210937504
v 38.57053375244140624 37.26779937744140624 -85.59750366210937504
v 37.5474815368652344 36.88394165039062496 -85.59750366210937504
v 36.45588302612304688 36.83501052856445312 -85.59750366210937504
v 35.4025917053222656 37.12579727172851562 -85.59750366210937504
v 34.49070739746093752 37.72784042358398432 -85.59750366210937504
v 33.80949783325195312 38.58219909667968752 -85.59750366210937504
v 33.42564010620117184 39.60525131225585936 -85.59750366210937504
v 33.376708984375 40.69684982299804688 -85.59750366210937504
v 33.66749572753906248 41.75014495849609376 -85.59750366210937504
v -37.94900894165039056 39.42489624023437504 -85.59750366210937504
v -41.75014495849609376 33.66749572753906248 -85.59750366210937504
v -38.86089324951171872 40.02693557739257812 -85.59750366210937504
v -38.58219909667968752 33.80949783325195312 -85.59750366210937504
v -40.69684982299804688 33.376708984375 -85.59750366210937504
v -39.60525131225585936 33.42564010620117184 -85.59750366210937504
v -42.66202545166015624 34.26953887939453124 -85.59750366210937504
v -41.0057830810546875 40.26879119873046876 -85.59750366210937504
v -42.02883529663085937 39.88493347167968752 -85.59750366210937504
v -39.9141845703125 40.31772232055664064 -85.59750366210937504
v -37.26779937744140624 38.57053375244140624 -85.59750366210937504
v -43.34323501586914064 35.12389755249023438 -85.59750366210937504
v -43.48523712158203128 38.29184341430664064 -85.59750366210937504
v -37.72784042358398432 34.49070739746093752 -85.59750366210937504
v -37.12579727172851562 35.4025917053222656 -85.59750366210937504
v -43.77602386474609376 37.23854827880859376 -85.59750366210937504
v -43.72709274291992192 36.14694976806640624 -85.59750366210937504
v -42.88319778442382816 39.20372390747070312 -85.59750366210937504
v -36.88394165039062496 37.5474815368652344 -85.59750366210937504
v -36.83501052856445312 36.45588302612304688 -85.59750366210937504
v -41.65528488159179688 38.08116912841796875 -84.01000213623046875
v -41.20790863037109376 38.43787765502929688 -84.01000213623046875
v -40.67220306396484376 38.63887786865234376 -84.01000213623046875
v -40.1006011962890625 38.66450119018554688 -84.01000213623046875
v -39.54906082153320312 38.51223373413085936 -84.01000213623046875
v -39.071563720703125 38.19698333740234376 -84.01000213623046875
v -38.71485900878906248 37.74960708618164064 -84.01000213623046875
v -38.51385498046875 37.21390151977539064 -84.01000213623046875
v -38.48823547363281248 36.64229965209960936 -84.01000213623046875
v -38.6405029296875 36.09075927734375 -84.01000213623046875
v -38.95575332641601568 35.61326217651367184 -84.01000213623046875
v -39.40312576293945312 35.25655746459960936 -84.01000213623046875
v -39.9388351440429688 35.05555343627929688 -84.01000213623046875
v -40.5104331970214844 35.02993392944335937 -84.01000213623046875
v -41.06197738647460938 35.18220138549804688 -84.01000213623046875
v -41.53947067260742184 35.49745178222656248 -84.01000213623046875
v -41.89617919921875008 35.94482421875 -84.01000213623046875
v -42.09717941284179688 36.4805335998535156 -84.01000213623046875
v -42.122802734375 37.05213165283203125 -84.01000213623046875
v -41.97053527832031248 37.60367584228515624 -84.01000213623046875
v -40.69684982299804688 33.376708984375 -84.01000213623046875
v -41.75014495849609376 33.66749572753906248 -84.01000213623046875
v -43.34323501586914064 35.12389755249023438 -84.01000213623046875
v -43.72709274291992192 36.14694976806640624 -84.01000213623046875
v -43.77602386474609376 37.23854827880859376 -84.01000213623046875
v -38.86089324951171872 40.02693557739257812 -84.01000213623046875
v -37.94900894165039056 39.42489624023437504 -84.01000213623046875
v -37.26779937744140624 38.57053375244140624 -84.01000213623046875
v -36.88394165039062496 37.5474815368652344 -84.01000213623046875
v -42.66202545166015624 34.26953887939453124 -84.01000213623046875
v -37.72784042358398432 34.49070739746093752 -84.01000213623046875
v -38.58219909667968752 33.80949783325195312 -84.01000213623046875
v -39.60525131225585936 33.42564010620117184 -84.01000213623046875
v -43.48523712158203128 38.29184341430664064 -84.01000213623046875
v -42.88319778442382816 39.20372390747070312 -84.01000213623046875
v -41.0057830810546875 40.26879119873046876 -84.01000213623046875
v -39.9141845703125 40.31772232055664064 -84.01000213623046875
v -36.83501052856445312 36.45588302612304688 -84.01000213623046875
v -42.02883529663085937 39.88493347167968752 -84.01000213623046875
v -37.12579727172851562 35.4025917053222656 -84.01000213623046875
# 748 vertices

vn -0.77473264932632448 0.63228893280029296 0
vn -0.84065520763397216 0.5415707230567932 0
vn -0.89600598812103264 0.44404193758964536 0
vn -0.94008904695510864 0.34092903137207032 0
vn -0.97234988212585456 0.2335287779569626 0
vn -0.99255907535552976 0.12176404148340226 0
vn -0.99238151311874384 0.12319157272577286 -0.00167665188200771
vn -0.9999361038208008 0.01130551286041736 0
vn -0.99491453170776368 -0.10072289407253266 0
vn -0.97738128900527952 -0.21148465573787688 0
vn -0.94755697250366208 -0.3195868730545044 0
vn -0.90581655502319328 -0.42367008328437808 0
vn -0.85268497467041008 -0.52242541313171384 0
vn -0.78883039951324464 -0.61461097002029416 0
vn -0.7150558233261108 -0.69906741380691528 0
vn -0.63228893280029296 -0.77473264932632448 0
vn -0.5415707230567932 -0.84065520763397216 0
vn -0.44404193758964536 -0.89600598812103264 0
vn -0.34092903137207032 -0.94008904695510864 0
vn -0.2335287779569626 -0.97234988212585456 0
vn -0.12319174408912658 -0.99238288402557376 0
vn -0.01130551286041736 -0.9999361038208008 0
vn 0.10072289407253266 -0.99491453170776368 0
vn 0.21148465573787688 -0.97738128900527952 0
vn 0.31957605481147768 -0.94752490520477296 0.00822742842137813
vn 0.2736821174621582 -0.96182018518447872 0
vn 0.42367008328437808 -0.90581655502319328 0
vn 0.52242541313171384 -0.85268497467041008 0
vn 0.61461097002029416 -0.78883039951324464 0
vn 0.69906741380691528 -0.7150558233261108 0
vn 0.77473264932632448 -0.63228893280029296 0
vn 0.84065520763397216 -0.5415707230567932 0
vn 0.89600598812103264 -0.44404193758964536 0
vn 0.94008904695510864 -0.34092903137207032 0
vn 0.97234988212585456 -0.2335287779569626 0
vn 0.99238288402557376 -0.12319174408912658 0
vn 0.9999361038208008 -0.01130551286041736 0
vn 0.99491453170776368 0.10072289407253266 0
vn 0.97737991809844976 0.211484357714653 -0.00167665188200771
vn 0.9643672704696656 0.26456716656684876 0
vn 0.94755697250366208 0.3195868730545044 0
vn 0.90581655502319328 0.42367008328437808 0
vn 0.85268497467041008 0.52242541313171384 0
vn 0.78883039951324464 0.61461097002029416 0
vn 0.7150558233261108 0.69906741380691528 0
vn 0.63228893280029296 0.77473264932632448 0
vn 0.5415707230567932 0.84065520763397216 0
vn 0.44404193758964536 0.89600598812103264 0
vn 0.34092903137207032 0.94008904695510864 0
vn 0.24132490158081056 0.97044438123703008 0
vn 0.23352086544036864 0.9723169803619384 0.00822742842137813
vn 0.12319174408912658 0.99238288402557376 0
vn 0.01130551286041736 0.9999361038208008 0
vn -0.10072289407253266 0.99491453170776368 0
vn -0.21148465573787688 0.97738128900527952 0
vn -0.3195868730545044 0.94755697250366208 0
vn -0.42367008328437808 0.90581655502319328 0
vn -0.52242541313171384 0.85268497467041008 0
vn -0.61461097002029416 0.78883039951324464 0
vn -0.69906741380691528 0.7150558233261108 0
vn 0.18653200566768648 0.9824488759040832 0
vn 0.9776845574378968 0.21007843315601348 0
vn 0.32718124985694884 -0.9449616074562072 0
vn -0.98417025804519648 0.17722570896148682 0
vn 0 0 1
vn 0.7023480534553528 -0.7118337154388428 0
vn 0.6254341006278992 -0.78027701377868656 0
vn 0.54189032316207888 -0.84044921398162848 0
vn 0.45260241627693176 -0.89171242713928224 0
vn 0.35851681232452392 -0.93352323770523072 0
vn 0.26063084602355956 -0.9654385447502136 0
vn 0.1599821150302887 -0.98711991310119632 0
vn 0.0576375350356102 -0.9983375668525696 0
vn -0.04531801864504814 -0.99897259473800656 0
vn -0.14779318869113922 -0.98901826143264768 0
vn -0.23411326110363008 -0.97220933437347408 0
vn -0.24849960207939148 -0.9677929878234864 -0.0403069444000721
vn -0.34697392582893372 -0.93787479400634768 0
vn -0.44156813621521 -0.89722770452499392 0
vn -0.5314816236495972 -0.84706979990005488 0
vn -0.61576128005981448 -0.7879327535629272 0
vn -0.69351369142532352 -0.7204434275627136 0
vn -0.76391470432281488 -0.64531725645065304 0
vn -0.82621800899505616 -0.56335049867630008 0
vn -0.87976324558258064 -0.47541210055351256 0
vn -0.92398273944854736 -0.38243424892425536 0
vn -0.95840775966644288 -0.28540244698524476 0
vn -0.98267346620559696 -0.1853453516960144 0
vn -0.99652254581451424 -0.08332353830337524 0
vn -0.9998082518577576 0.01958153210580349 0
vn -0.9924957752227784 0.12227903306484222 0
vn -0.97466254234313968 0.22368034720420836 0
vn -0.94649767875671392 0.32271057367324828 0
vn -0.90829968452453616 0.41832000017166136 0
vn -0.8604735136032104 0.50949513912200928 0
vn -0.80352610349655152 0.59526950120925904 0
vn -0.73806113004684448 0.6747338771820068 0
vn -0.66477251052856448 0.74704587459564208 0
vn -0.58443713188171384 0.81143897771835328 0
vn -0.49790656566619872 0.86723065376281744 0
vn -0.40609806776046752 0.91382950544357296 0
vn -0.3099772334098816 0.95071816444396976 -0.00700987689197063
vn -0.35672208666801452 0.93421053886413568 0
vn -0.21058569848537444 0.97757542133331296 0
vn -0.1089542880654335 0.99404674768447872 0
vn -0.00616793660447001 0.99998098611831664 0
vn 0.0966837927699089 0.99531513452529904 0
vn 0.19851066172122956 0.9800987243652344 0
vn 0.2982332408428192 0.9544930458068848 0
vn 0.39479449391365048 0.91876941919326784 0
vn 0.48717084527015688 0.873306691646576 0
vn 0.57438302040100096 0.81858664751052864 0
vn 0.65550661087036136 0.75518941879272464 0
vn 0.72968167066574096 0.68378698825836184 0
vn 0.79612195491790768 0.60513621568679808 0
vn 0.85412311553955072 0.5200708508491516 0
vn 0.903070330619812 0.42949265241622928 0
vn 0.9424448609352112 0.33436167240142824 0
vn 0.97182917594909664 0.23568640649318696 0
vn 0.99091184139251712 0.13451279699802398 0
vn 0.99949061870574944 0.03191331401467323 0
vn 0.99747455120086672 -0.07102445513010025 0
vn 0.98488503694534304 -0.17320933938026428 0
vn 0.96185547113418576 -0.27355816960334776 0
vn 0.92862999439239504 -0.37100723385810856 0
vn 0.88556081056594848 -0.46452349424362184 0
vn 0.83310443162918096 -0.55311572551727296 0
vn 0.77181696891784672 -0.63584476709365848 0
vn -0.30815708637237548 0.95133548974990848 0
vn -0.28385096788406372 -0.95886838436126704 0
vn 0.70293909311294552 -0.71125000715255736 0
vn 0.62737661600112912 -0.77871602773666384 0
vn 0.54537636041641232 -0.83819127082824704 0
vn 0.45777976512908936 -0.88906562328338624 0
vn 0.36548578739166256 -0.9308169484138488 0
vn 0.26944139599800108 -0.96301680803298944 0
vn 0.17063219845294952 -0.98533481359481808 0
vn 0.07007206976413727 -0.99754190444946288 0
vn -0.03120709210634231 -0.99951291084289552 0
vn -0.13216602802276612 -0.99122756719589232 0
vn -0.23176875710487364 -0.97277092933654784 0
vn -0.32899323105812072 -0.94433230161666864 0
vn -0.4228417873382568 -0.9062035083770752 0
vn -0.512351393699646 -0.85877591371536256 0
vn -0.59660363197326664 -0.80253607034683232 0
vn -0.6747338771820068 -0.73806113004684448 0
vn -0.74594044685363776 -0.666012704372406 0
vn -0.8094926476478576 -0.58713001012802128 0
vn -0.8647383451461792 -0.50222265720367432 0
vn -0.91111069917678832 -0.41216179728507992 0
vn -0.9481337666511536 -0.3178715705871582 0
vn -0.97542774677276608 -0.22031958401203156 0
vn -0.9927124977111816 -0.12050680071115494 0
vn -0.99981069564819328 -0.01945746131241321 0
vn -0.99664944410324096 0.08179153501987457 0
vn -0.98326128721237184 0.18220125138759612 0
vn -0.95978349447250368 0.2807413339614868 0
vn -0.92645698785781856 0.37640061974525448 0
vn -0.88362383842468256 0.46819752454757688 0
vn -0.83172351121902464 0.55519008636474608 0
vn -0.771288514137268 0.63648563623428344 0
vn -0.70293909311294552 0.71125000715255736 0
vn -0.62737661600112912 0.77871602773666384 0
vn -0.54537636041641232 0.83819127082824704 0
vn -0.45777976512908936 0.88906562328338624 0
vn -0.36548578739166256 0.9308169484138488 0
vn -0.26944139599800108 0.96301680803298944 0
vn -0.17063219845294952 0.98533481359481808 0
vn -0.07007206976413727 0.99754190444946288 0
vn 0.03120709210634231 0.99951291084289552 0
vn 0.13216602802276612 0.99122756719589232 0
vn 0.23176875710487364 0.97277092933654784 0
vn 0.32899323105812072 0.94433230161666864 0
vn 0.4228417873382568 0.9062035083770752 0
vn 0.512351393699646 0.85877591371536256 0
vn 0.59660363197326664 0.80253607034683232 0
vn 0.6747338771820068 0.73806113004684448 0
vn 0.74594044685363776 0.666012704372406 0
vn 0.8094926476478576 0.58713001012802128 0
vn 0.8647383451461792 0.50222265720367432 0
vn 0.91111069917678832 0.41216179728507992 0
vn 0.9481337666511536 0.3178715705871582 0
vn 0.97542774677276608 0.22031958401203156 0
vn 0.9927124977111816 0.12050680071115494 0
vn 0.99981069564819328 0.01945746131241321 0
vn 0.99664944410324096 -0.08179153501987457 0
vn 0.98326128721237184 -0.18220125138759612 0
vn 0.95978349447250368 -0.2807413339614868 0
vn 0.92645698785781856 -0.37640061974525448 0
vn 0.88362383842468256 -0.46819752454757688 0
vn 0.83172351121902464 -0.55519008636474608 0
vn 0.771288514137268 -0.63648563623428344 0
vn -0.54573345184326168 0.4503522515296936 -0.70665258169174192
vn -0.58849483728408816 0.39283069968223568 -0.70665258169174192
vn -0.62521749734878544 0.33127817511558532 -0.70665258169174192
vn -0.65552455186843872 0.26632627844810484 -0.70665258169174192
vn -0.67910510301589968 0.19864152371883392 -0.70665258169174192
vn -0.69571703672409056 0.12891843914985656 -0.70665258169174192
vn -0.70519000291824344 0.0578724779188633 -0.70665258169174192
vn -0.70742678642272952 -0.01376733556389808 -0.70665258169174192
vn -0.70240437984466552 -0.0852658748626709 -0.70665258169174192
vn -0.69017434120178224 -0.15588948130607604 -0.70665258169174192
vn -0.67237657308578488 -0.21995356678962708 -0.7067745327949524
vn -0.67635917663574216 -0.22675634920597076 -0.70079940557479856
vn -0.64466613531112672 -0.29162949323654176 -0.70665258169174192
vn -0.61185485124588016 -0.35535302758216856 -0.70665258169174192
vn -0.57276517152786256 -0.41543015837669376 -0.70665258169174192
vn -0.5277981162071228 -0.47124439477920536 -0.70665258169174192
vn -0.47741517424583432 -0.52222305536270144 -0.70665258169174192
vn -0.42213326692581176 -0.567842960357666 -0.70665258169174192
vn -0.3625197112560272 -0.60763609409332272 -0.70665258169174192
vn -0.29918622970581056 -0.64119398593902584 -0.70665258169174192
vn -0.23278267681598664 -0.66817241907119752 -0.70665258169174192
vn -0.16399046778678894 -0.6882944703102112 -0.70665258169174192
vn -0.09351548552513122 -0.70135372877120968 -0.70665258169174192
vn -0.02208091132342815 -0.70721608400344848 -0.70665258169174192
vn 0.04958024248480797 -0.70582145452499392 -0.70665258169174192
vn 0.1207326352596283 -0.6971842050552368 -0.70665258169174192
vn 0.19064615666866304 -0.68139284849166872 -0.70665258169174192
vn 0.25860336422920228 -0.65860950946807864 -0.70665258169174192
vn 0.32390698790550232 -0.62906789779663088 -0.70665258169174192
vn 0.38588687777519224 -0.59307122230529784 -0.70665258169174192
vn 0.44390702247619632 -0.55098885297775272 -0.70665258169174192
vn 0.49737209081649784 -0.50325256586074832 -0.70665258169174192
vn 0.54573345184326168 -0.4503522515296936 -0.70665258169174192
vn 0.58849483728408816 -0.39283069968223568 -0.70665258169174192
vn 0.62521749734878544 -0.33127817511558532 -0.70665258169174192
vn 0.65552455186843872 -0.26632627844810484 -0.70665258169174192
vn 0.67519074678421024 -0.21068012714385988 -0.70691674947738648
vn 0.68941503763198856 -0.2016572505235672 -0.69573074579238888
vn 0.69571703672409056 -0.12891843914985656 -0.70665258169174192
vn 0.70519000291824344 -0.0578724779188633 -0.70665258169174192
vn 0.70742678642272952 0.01376733556389808 -0.70665258169174192
vn 0.70240437984466552 0.0852658748626709 -0.70665258169174192
vn 0.69017434120178224 0.15588948130607604 -0.70665258169174192
vn 0.67086219787597656 0.22491343319416048 -0.70665258169174192
vn 0.64466613531112672 0.29162949323654176 -0.70665258169174192
vn 0.61185485124588016 0.35535302758216856 -0.70665258169174192
vn 0.57276517152786256 0.41543015837669376 -0.70665258169174192
vn 0.5277981162071228 0.47124439477920536 -0.70665258169174192
vn 0.47741517424583432 0.52222305536270144 -0.70665258169174192
vn 0.42213326692581176 0.567842960357666 -0.70665258169174192
vn 0.3625197112560272 0.60763609409332272 -0.70665258169174192
vn 0.29918622970581056 0.64119398593902584 -0.70665258169174192
vn 0.23278267681598664 0.66817241907119752 -0.70665258169174192
vn 0.16399046778678894 0.6882944703102112 -0.70665258169174192
vn 0.09351548552513122 0.70135372877120968 -0.70665258169174192
vn 0.02208091132342815 0.70721608400344848 -0.70665258169174192
vn -0.04958024248480797 0.70582145452499392 -0.70665258169174192
vn -0.1207326352596283 0.6971842050552368 -0.70665258169174192
vn -0.19064615666866304 0.68139284849166872 -0.70665258169174192
vn -0.25860336422920228 0.65860950946807864 -0.70665258169174192
vn -0.32390698790550232 0.62906789779663088 -0.70665258169174192
vn -0.38588687777519224 0.59307122230529784 -0.70665258169174192
vn -0.44390702247619632 0.55098885297775272 -0.70665258169174192
vn -0.49737209081649784 0.50325256586074832 -0.70665258169174192
vn 0.6848657727241516 -0.17617864906787872 -0.70705020427703856
vn -0.6600719094276428 -0.25361084938049316 -0.70709729194641112
vn 0.6234227418899536 -0.78188496828079216 0
vn 0.35129451751708984 -0.93626499176025392 0
vn 0.04477913677692413 -0.99899691343307488 0
vn -0.2661195397377014 -0.96394002437591552 0
vn -0.55096858739852904 -0.83452600240707392 0
vn -0.78188496828079216 -0.6234227418899536 0
vn -0.93626499176025392 -0.35129451751708984 0
vn -0.99899691343307488 -0.04477913677692413 0
vn -0.96394002437591552 0.2661195397377014 0
vn -0.83452600240707392 0.55096858739852904 0
vn -0.6234227418899536 0.78188496828079216 0
vn -0.35129451751708984 0.93626499176025392 0
vn -0.04477913677692413 0.99899691343307488 0
vn 0.2661195397377014 0.96394002437591552 0
vn 0.55096858739852904 0.83452600240707392 0
vn 0.78188496828079216 0.6234227418899536 0
vn 0.93626499176025392 0.35129451751708984 0
vn 0.99899691343307488 0.04477913677692413 0
vn 0.96394002437591552 -0.2661195397377014 0
vn 0.83452600240707392 -0.55096858739852904 0
vn 0 0 -1
# 279 vertex normals

g obj_17286088
s 1
f 1//1 2//1 3//1
f 4//2 1//2 5//2
f 6//3 4//3 7//3
f 8//4 6//4 9//4
f 10//5 8//5 11//5
f 12//6 13//6 14//6
f 14//7 15//7 12//7
f 16//8 13//8 12//8
f 17//9 16//9 18//9
f 19//10 17//10 20//10
f 21//11 19//11 22//11
f 23//12 21//12 24//12
f 25//13 23//13 26//13
f 27//14 25//14 28//14
f 29//15 27//15 30//15
f 31//16 29//16 32//16
f 33//17 31//17 34//17
f 35//18 33//18 36//18
f 37//19 35//19 38//19
f 39//20 37//20 40//20
f 41//21 39//21 42//21
f 43//22 41//22 44//22
f 45//23 43//23 46//23
f 47//24 45//24 48//24
f 49//25 47//25 50//25
f 47//26 51//26 50//26
f 52//27 49//27 53//27
f 54//28 52//28 55//28
f 56//29 54//29 57//29
f 58//30 56//30 59//30
f 60//31 58//31 61//31
f 62//32 60//32 63//32
f 64//33 62//33 65//33
f 66//34 64//34 67//34
f 68//35 66//35 69//35
f 70//36 68//36 71//36
f 72//37 70//37 73//37
f 74//38 72//38 75//38
f 76//39 77//39 78//39
f 77//40 79//40 78//40
f 80//41 79//41 77//41
f 81//42 80//42 82//42
f 83//43 81//43 84//43
f 85//44 83//44 86//44
f 87//45 85//45 88//45
f 89//46 87//46 90//46
f 91//47 89//47 92//47
f 93//48 91//48 94//48
f 95//49 93//49 96//49
f 95//50 97//50 98//50
f 98//51 99//51 95//51
f 100//52 99//52 101//52
f 102//53 100//53 103//53
f 104//54 102//54 105//54
f 106//55 104//55 107//55
f 108//56 106//56 109//56
f 110//57 108//57 111//57
f 112//58 110//58 113//58
f 114//59 112//59 115//59
f 2//60 114//60 116//60
f 116//60 3//60 2//60
f 115//59 116//59 114//59
f 113//58 115//58 112//58
f 111//57 113//57 110//57
f 109//56 111//56 108//56
f 107//55 109//55 106//55
f 105//54 107//54 104//54
f 103//53 105//53 102//53
f 101//52 103//52 100//52
f 98//61 101//61 99//61
f 96//49 97//49 95//49
f 94//48 96//48 93//48
f 92//47 94//47 91//47
f 90//46 92//46 89//46
f 88//45 90//45 87//45
f 86//44 88//44 85//44
f 84//43 86//43 83//43
f 82//42 84//42 81//42
f 77//41 82//41 80//41
f 78//62 74//62 76//62
f 75//38 76//38 74//38
f 73//37 75//37 72//37
f 71//36 73//36 70//36
f 69//35 71//35 68//35
f 67//34 69//34 66//34
f 65//33 67//33 64//33
f 63//32 65//32 62//32
f 61//31 63//31 60//31
f 59//30 61//30 58//30
f 57//29 59//29 56//29
f 55//28 57//28 54//28
f 53//27 55//27 52//27
f 50//63 53//63 49//63
f 48//24 51//24 47//24
f 46//23 48//23 45//23
f 44//22 46//22 43//22
f 42//21 44//21 41//21
f 40//20 42//20 39//20
f 38//19 40//19 37//19
f 36//18 38//18 35//18
f 34//17 36//17 33//17
f 32//16 34//16 31//16
f 30//15 32//15 29//15
f 28//14 30//14 27//14
f 26//13 28//13 25//13
f 24//12 26//12 23//12
f 22//11 24//11 21//11
f 20//10 22//10 19//10
f 18//9 20//9 17//9
f 12//8 18//8 16//8
f 14//64 10//64 15//64
f 11//5 15//5 10//5
f 9//4 11//4 8//4
f 7//3 9//3 6//3
f 5//2 7//2 4//2
f 3//1 5//1 1//1
f 117//65 118//65 18//65
f 118//65 119//65 20//65
f 120//65 12//65 15//65
f 20//65 18//65 118//65
f 119//65 121//65 22//65
f 15//65 122//65 120//65
f 22//65 20//65 119//65
f 18//65 12//65 117//65
f 123//65 124//65 26//65
f 124//65 125//65 126//65
f 127//65 128//65 38//65
f 126//65 129//65 30//65
f 121//65 123//65 24//65
f 126//65 26//65 124//65
f 125//65 130//65 131//65
f 128//65 40//65 38//65
f 132//65 51//65 48//65
f 132//65 133//65 50//65
f 30//65 28//65 126//65
f 26//65 24//65 123//65
f 125//65 124//65 130//65
f 127//65 134//65 135//65
f 128//65 42//65 40//65
f 128//65 46//65 44//65
f 128//65 136//65 48//65
f 50//65 51//65 132//65
f 24//65 22//65 121//65
f 131//65 137//65 138//65
f 135//65 139//65 127//65
f 127//65 140//65 141//65
f 44//65 42//65 128//65
f 48//65 136//65 132//65
f 131//65 138//65 125//65
f 140//65 142//65 143//65
f 141//65 134//65 127//65
f 48//65 46//65 128//65
f 34//65 32//65 144//65
f 30//65 145//65 146//65
f 28//65 26//65 126//65
f 131//65 147//65 148//65
f 142//65 149//65 150//65
f 143//65 151//65 140//65
f 38//65 152//65 127//65
f 153//65 36//65 34//65
f 129//65 145//65 30//65
f 147//65 154//65 148//65
f 151//65 141//65 140//65
f 38//65 153//65 152//65
f 153//65 38//65 36//65
f 32//65 146//65 155//65
f 148//65 137//65 131//65
f 147//65 150//65 156//65
f 150//65 143//65 142//65
f 144//65 153//65 34//65
f 146//65 32//65 30//65
f 156//65 157//65 147//65
f 149//65 158//65 150//65
f 155//65 144//65 32//65
f 158//65 156//65 150//65
f 157//65 154//65 147//65
f 159//65 160//65 67//65
f 160//65 69//65 67//65
f 161//65 86//65 84//65
f 161//65 162//65 88//65
f 160//65 71//65 69//65
f 160//65 84//65 82//65
f 88//65 86//65 161//65
f 163//65 96//65 164//65
f 165//65 97//65 96//65
f 160//65 73//65 71//65
f 160//65 76//65 75//65
f 84//65 160//65 161//65
f 166//65 167//65 168//65
f 96//65 163//65 165//65
f 97//65 165//65 169//65
f 75//65 73//65 160//65
f 82//65 77//65 160//65
f 168//65 170//65 166//65
f 169//65 98//65 97//65
f 164//65 94//65 92//65
f 77//65 76//65 160//65
f 161//65 171//65 172//65
f 168//65 173//65 174//65
f 164//65 166//65 163//65
f 164//65 96//65 94//65
f 67//65 175//65 176//65
f 161//65 177//65 171//65
f 61//65 178//65 179//65
f 168//65 167//65 173//65
f 92//65 180//65 164//65
f 92//65 90//65 181//65
f 88//65 182//65 183//65
f 67//65 176//65 159//65
f 161//65 184//65 177//65
f 179//65 65//65 63//65
f 59//65 185//65 186//65
f 187//65 188//65 189//65
f 159//65 190//65 191//65
f 192//65 193//65 194//65
f 195//65 194//65 196//65
f 197//65 198//65 199//65
f 170//65 163//65 166//65
f 181//65 200//65 92//65
f 183//65 90//65 88//65
f 67//65 179//65 175//65
f 161//65 160//65 184//65
f 179//65 67//65 65//65
f 186//65 61//65 59//65
f 201//65 202//65 187//65
f 203//65 202//65 201//65
f 159//65 204//65 190//65
f 159//65 203//65 205//65
f 192//65 172//65 193//65
f 196//65 206//65 207//65
f 199//65 196//65 197//65
f 197//65 174//65 208//65
f 200//65 180//65 92//65
f 183//65 209//65 90//65
f 172//65 192//65 161//65
f 186//65 178//65 61//65
f 189//65 210//65 211//65
f 189//65 201//65 187//65
f 201//65 212//65 203//65
f 205//65 204//65 159//65
f 196//65 207//65 195//65
f 208//65 198//65 197//65
f 209//65 181//65 90//65
f 179//65 63//65 61//65
f 188//65 210//65 189//65
f 191//65 160//65 159//65
f 199//65 206//65 196//65
f 162//65 182//65 88//65
f 213//65 214//65 59//65
f 215//65 55//65 53//65
f 215//65 216//65 213//65
f 212//65 205//65 203//65
f 174//65 197//65 168//65
f 59//65 57//65 213//65
f 53//65 50//65 133//65
f 213//65 55//65 215//65
f 216//65 217//65 218//65
f 194//65 195//65 192//65
f 57//65 55//65 213//65
f 53//65 219//65 215//65
f 216//65 215//65 217//65
f 220//65 218//65 221//65
f 214//65 185//65 59//65
f 218//65 222//65 216//65
f 221//65 223//65 220//65
f 133//65 219//65 53//65
f 221//65 224//65 223//65
f 220//65 222//65 218//65
f 221//65 211//65 224//65
f 225//65 101//65 98//65
f 226//65 103//65 101//65
f 227//65 228//65 113//65
f 101//65 225//65 226//65
f 227//65 105//65 103//65
f 113//65 111//65 227//65
f 103//65 226//65 227//65
f 227//65 109//65 107//65
f 228//65 115//65 113//65
f 228//65 229//65 116//65
f 228//65 230//65 231//65
f 228//65 232//65 233//65
f 107//65 105//65 227//65
f 116//65 115//65 228//65
f 233//65 230//65 228//65
f 234//65 235//65 236//65
f 116//65 237//65 238//65
f 111//65 109//65 227//65
f 228//65 227//65 232//65
f 234//65 231//65 235//65
f 239//65 236//65 240//65
f 238//65 3//65 116//65
f 231//65 234//65 228//65
f 240//65 241//65 239//65
f 240//65 242//65 243//65
f 244//65 245//65 246//65
f 116//65 229//65 237//65
f 236//65 239//65 234//65
f 242//65 247//65 243//65
f 246//65 248//65 249//65
f 246//65 250//65 244//65
f 251//65 252//65 9//65
f 98//65 169//65 225//65
f 242//65 249//65 247//65
f 245//65 248//65 246//65
f 251//65 244//65 250//65
f 252//65 11//65 9//65
f 122//65 15//65 11//65
f 253//65 7//65 5//65
f 240//65 254//65 241//65
f 249//65 242//65 246//65
f 250//65 255//65 251//65
f 11//65 252//65 122//65
f 253//65 9//65 7//65
f 243//65 254//65 240//65
f 9//65 253//65 251//65
f 5//65 256//65 257//65
f 5//65 3//65 258//65
f 255//65 252//65 251//65
f 258//65 256//65 5//65
f 5//65 257//65 253//65
f 3//65 259//65 258//65
f 238//65 259//65 3//65
f 211//65 221//65 189//65
f 139//65 128//65 127//65
f 120//65 117//65 12//65
f 260//66 242//66 240//66
f 261//67 240//67 236//67
f 262//68 236//68 235//68
f 263//69 235//69 231//69
f 264//70 231//70 230//70
f 265//71 230//71 233//71
f 266//72 233//72 232//72
f 267//73 232//73 227//73
f 268//74 227//74 226//74
f 269//75 226//75 225//75
f 270//76 225//76 169//76
f 169//77 271//77 270//77
f 271//78 165//78 163//78
f 272//79 163//79 170//79
f 273//80 170//80 168//80
f 274//81 168//81 197//81
f 275//82 197//82 196//82
f 276//83 196//83 194//83
f 277//84 194//84 193//84
f 278//85 193//85 172//85
f 279//86 172//86 171//86
f 280//87 171//87 177//87
f 281//88 177//88 184//88
f 282//89 184//89 160//89
f 283//90 160//90 191//90
f 284//91 191//91 190//91
f 285//92 190//92 204//92
f 286//93 204//93 205//93
f 287//94 205//94 212//94
f 288//95 212//95 201//95
f 289//96 201//96 189//96
f 290//97 189//97 221//97
f 291//98 221//98 218//98
f 292//99 218//99 217//99
f 293//100 217//100 215//100
f 294//101 215//101 219//101
f 295//102 296//102 133//102
f 296//103 219//103 133//103
f 295//104 132//104 136//104
f 297//105 136//105 128//105
f 298//106 128//106 139//106
f 299//107 139//107 135//107
f 300//108 135//108 134//108
f 301//109 134//109 141//109
f 302//110 141//110 151//110
f 303//111 151//111 143//111
f 304//112 143//112 150//112
f 305//113 150//113 147//113
f 306//114 147//114 131//114
f 307//115 131//115 130//115
f 308//116 130//116 124//116
f 309//117 124//117 123//117
f 310//118 123//118 121//118
f 311//119 121//119 119//119
f 312//120 119//120 118//120
f 313//121 118//121 117//121
f 314//122 117//122 120//122
f 315//123 120//123 122//123
f 316//124 122//124 252//124
f 317//125 252//125 255//125
f 318//126 255//126 250//126
f 319//127 250//127 246//127
f 320//128 246//128 242//128
f 242//128 260//128 320//128
f 246//127 320//127 319//127
f 250//126 319//126 318//126
f 255//125 318//125 317//125
f 252//124 317//124 316//124
f 122//123 316//123 315//123
f 120//122 315//122 314//122
f 117//121 314//121 313//121
f 118//120 313//120 312//120
f 119//119 312//119 311//119
f 121//118 311//118 310//118
f 123//117 310//117 309//117
f 124//116 309//116 308//116
f 130//115 308//115 307//115
f 131//114 307//114 306//114
f 147//113 306//113 305//113
f 150//112 305//112 304//112
f 143//111 304//111 303//111
f 151//110 303//110 302//110
f 141//109 302//109 301//109
f 134//108 301//108 300//108
f 135//107 300//107 299//107
f 139//106 299//106 298//106
f 128//105 298//105 297//105
f 136//104 297//104 295//104
f 133//129 132//129 295//129
f 219//101 296//101 294//101
f 215//100 294//100 293//100
f 217//99 293//99 292//99
f 218//98 292//98 291//98
f 221//97 291//97 290//97
f 189//96 290//96 289//96
f 201//95 289//95 288//95
f 212//94 288//94 287//94
f 205//93 287//93 286//93
f 204//92 286//92 285//92
f 190//91 285//91 284//91
f 191//90 284//90 283//90
f 160//89 283//89 282//89
f 184//88 282//88 281//88
f 177//87 281//87 280//87
f 171//86 280//86 279//86
f 172//85 279//85 278//85
f 193//84 278//84 277//84
f 194//83 277//83 276//83
f 196//82 276//82 275//82
f 197//81 275//81 274//81
f 168//80 274//80 273//80
f 170//79 273//79 272//79
f 163//78 272//78 271//78
f 169//130 165//130 271//130
f 225//75 270//75 269//75
f 226//74 269//74 268//74
f 227//73 268//73 267//73
f 232//72 267//72 266//72
f 233//71 266//71 265//71
f 230//70 265//70 264//70
f 231//69 264//69 263//69
f 235//68 263//68 262//68
f 236//67 262//67 261//67
f 240//66 261//66 260//66
f 321//65 322//65 283//65
f 322//65 323//65 282//65
f 324//65 325//65 275//65
f 325//65 326//65 274//65
f 282//65 283//65 322//65
f 323//65 327//65 281//65
f 274//65 275//65 325//65
f 326//65 328//65 273//65
f 328//65 329//65 272//65
f 329//65 330//65 271//65
f 331//65 332//65 286//65
f 332//65 333//65 285//65
f 281//65 282//65 323//65
f 327//65 334//65 280//65
f 273//65 274//65 326//65
f 271//65 272//65 329//65
f 285//65 286//65 332//65
f 333//65 321//65 284//65
f 280//65 281//65 327//65
f 334//65 335//65 279//65
f 336//65 337//65 277//65
f 337//65 324//65 276//65
f 272//65 273//65 328//65
f 330//65 338//65 270//65
f 338//65 339//65 269//65
f 339//65 340//65 268//65
f 340//65 341//65 267//65
f 341//65 342//65 266//65
f 342//65 343//65 265//65
f 343//65 344//65 264//65
f 344//65 345//65 263//65
f 345//65 346//65 262//65
f 347//65 313//65 314//65
f 348//65 312//65 313//65
f 349//65 311//65 312//65
f 350//65 310//65 311//65
f 351//65 352//65 289//65
f 352//65 353//65 288//65
f 284//65 285//65 333//65
f 279//65 280//65 334//65
f 335//65 336//65 278//65
f 276//65 277//65 337//65
f 270//65 271//65 330//65
f 268//65 269//65 339//65
f 266//65 267//65 341//65
f 264//65 265//65 343//65
f 262//65 263//65 345//65
f 346//65 354//65 261//65
f 354//65 355//65 260//65
f 356//65 320//65 260//65
f 313//65 347//65 348//65
f 311//65 349//65 350//65
f 357//65 293//65 294//65
f 358//65 292//65 293//65
f 288//65 289//65 352//65
f 353//65 331//65 287//65
f 283//65 284//65 321//65
f 277//65 278//65 336//65
f 269//65 270//65 338//65
f 265//65 266//65 342//65
f 261//65 262//65 346//65
f 260//65 355//65 356//65
f 359//65 316//65 317//65
f 360//65 315//65 316//65
f 312//65 348//65 349//65
f 361//65 309//65 310//65
f 362//65 308//65 309//65
f 363//65 307//65 308//65
f 364//65 299//65 300//65
f 365//65 298//65 299//65
f 293//65 357//65 358//65
f 366//65 291//65 292//65
f 367//65 290//65 291//65
f 287//65 288//65 353//65
f 278//65 279//65 335//65
f 267//65 268//65 340//65
f 260//65 261//65 354//65
f 368//65 318//65 319//65
f 369//65 317//65 318//65
f 316//65 359//65 360//65
f 370//65 314//65 315//65
f 310//65 350//65 361//65
f 308//65 362//65 363//65
f 371//65 304//65 305//65
f 372//65 303//65 304//65
f 299//65 364//65 365//65
f 373//65 297//65 298//65
f 374//65 296//65 295//65
f 375//65 294//65 296//65
f 292//65 358//65 366//65
f 291//65 366//65 367//65
f 286//65 287//65 331//65
f 263//65 264//65 344//65
f 376//65 319//65 320//65
f 318//65 368//65 369//65
f 315//65 360//65 370//65
f 309//65 361//65 362//65
f 377//65 306//65 307//65
f 378//65 305//65 306//65
f 304//65 371//65 372//65
f 379//65 302//65 303//65
f 380//65 301//65 302//65
f 381//65 300//65 301//65
f 298//65 365//65 373//65
f 382//65 295//65 297//65
f 296//65 374//65 375//65
f 367//65 351//65 290//65
f 275//65 276//65 324//65
f 319//65 376//65 368//65
f 314//65 370//65 347//65
f 306//65 377//65 378//65
f 303//65 372//65 379//65
f 301//65 380//65 381//65
f 297//65 373//65 382//65
f 294//65 375//65 357//65
f 320//65 356//65 376//65
f 307//65 363//65 377//65
f 302//65 379//65 380//65
f 295//65 382//65 374//65
f 317//65 369//65 359//65
f 300//65 381//65 364//65
f 305//65 378//65 371//65
f 289//65 290//65 351//65
f 383//131 355//131 354//131
f 384//132 354//132 346//132
f 385//133 346//133 345//133
f 386//134 345//134 344//134
f 387//135 344//135 343//135
f 388//136 343//136 342//136
f 389//137 342//137 341//137
f 390//138 341//138 340//138
f 391//139 340//139 339//139
f 392//140 339//140 338//140
f 393//141 338//141 330//141
f 394//142 330//142 329//142
f 395//143 329//143 328//143
f 396//144 328//144 326//144
f 397//145 326//145 325//145
f 398//146 325//146 324//146
f 399//147 324//147 337//147
f 400//148 337//148 336//148
f 401//149 336//149 335//149
f 402//150 335//150 334//150
f 403//151 334//151 327//151
f 404//152 327//152 323//152
f 405//153 323//153 322//153
f 406//154 322//154 321//154
f 407//155 321//155 333//155
f 408//156 333//156 332//156
f 409//157 332//157 331//157
f 410//158 331//158 353//158
f 411//159 353//159 352//159
f 412//160 352//160 351//160
f 413//161 351//161 367//161
f 414//162 367//162 366//162
f 415//163 366//163 358//163
f 416//164 358//164 357//164
f 417//165 357//165 375//165
f 418//166 375//166 374//166
f 419//167 374//167 382//167
f 420//168 382//168 373//168
f 421//169 373//169 365//169
f 422//170 365//170 364//170
f 423//171 364//171 381//171
f 424//172 381//172 380//172
f 425//173 380//173 379//173
f 426//174 379//174 372//174
f 427//175 372//175 371//175
f 428//176 371//176 378//176
f 429//177 378//177 377//177
f 430//178 377//178 363//178
f 431//179 363//179 362//179
f 432//180 362//180 361//180
f 433//181 361//181 350//181
f 434//182 350//182 349//182
f 435//183 349//183 348//183
f 436//184 348//184 347//184
f 437//185 347//185 370//185
f 438//186 370//186 360//186
f 439//187 360//187 359//187
f 440//188 359//188 369//188
f 441//189 369//189 368//189
f 442//190 368//190 376//190
f 443//191 376//191 356//191
f 444//192 356//192 355//192
f 355//192 383//192 444//192
f 356//191 444//191 443//191
f 376//190 443//190 442//190
f 368//189 442//189 441//189
f 369//188 441//188 440//188
f 359//187 440//187 439//187
f 360//186 439//186 438//186
f 370//185 438//185 437//185
f 347//184 437//184 436//184
f 348//183 436//183 435//183
f 349//182 435//182 434//182
f 350//181 434//181 433//181
f 361//180 433//180 432//180
f 362//179 432//179 431//179
f 363//178 431//178 430//178
f 377//177 430//177 429//177
f 378//176 429//176 428//176
f 371//175 428//175 427//175
f 372//174 427//174 426//174
f 379//173 426//173 425//173
f 380//172 425//172 424//172
f 381//171 424//171 423//171
f 364//170 423//170 422//170
f 365//169 422//169 421//169
f 373//168 421//168 420//168
f 382//167 420//167 419//167
f 374//166 419//166 418//166
f 375//165 418//165 417//165
f 357//164 417//164 416//164
f 358//163 416//163 415//163
f 366//162 415//162 414//162
f 367//161 414//161 413//161
f 351//160 413//160 412//160
f 352//159 412//159 411//159
f 353//158 411//158 410//158
f 331//157 410//157 409//157
f 332//156 409//156 408//156
f 333//155 408//155 407//155
f 321//154 407//154 406//154
f 322//153 406//153 405//153
f 323//152 405//152 404//152
f 327//151 404//151 403//151
f 334//150 403//150 402//150
f 335//149 402//149 401//149
f 336//148 401//148 400//148
f 337//147 400//147 399//147
f 324//146 399//146 398//146
f 325//145 398//145 397//145
f 326//144 397//144 396//144
f 328//143 396//143 395//143
f 329//142 395//142 394//142
f 330//141 394//141 393//141
f 338//140 393//140 392//140
f 339//139 392//139 391//139
f 340//138 391//138 390//138
f 341//137 390//137 389//137
f 342//136 389//136 388//136
f 343//135 388//135 387//135
f 344//134 387//134 386//134
f 345//133 386//133 385//133
f 346//132 385//132 384//132
f 354//131 384//131 383//131
f 414//193 445//193 446//193
f 413//194 446//194 447//194
f 412//195 447//195 448//195
f 411//196 448//196 449//196
f 410//197 449//197 450//197
f 409//198 450//198 451//198
f 408//199 451//199 452//199
f 407//200 452//200 453//200
f 406//201 453//201 454//201
f 405//202 454//202 455//202
f 404//203 455//203 456//203
f 456//204 403//204 404//204
f 403//205 457//205 458//205
f 402//206 458//206 459//206
f 401//207 459//207 460//207
f 400//208 460//208 461//208
f 399//209 461//209 462//209
f 398//210 462//210 463//210
f 397//211 463//211 464//211
f 396//212 464//212 465//212
f 395//213 465//213 466//213
f 394//214 466//214 467//214
f 393//215 467//215 468//215
f 392//216 468//216 469//216
f 391//217 469//217 470//217
f 390//218 470//218 471//218
f 389//219 471//219 472//219
f 388//220 472//220 473//220
f 387//221 473//221 474//221
f 386//222 474//222 475//222
f 385//223 475//223 476//223
f 384//224 476//224 477//224
f 383//225 477//225 478//225
f 444//226 478//226 479//226
f 443//227 479//227 480//227
f 442//228 480//228 481//228
f 441//229 481//229 482//229
f 482//230 440//230 441//230
f 440//231 483//231 484//231
f 439//232 484//232 485//232
f 438//233 485//233 486//233
f 437//234 486//234 487//234
f 436//235 487//235 488//235
f 435//236 488//236 489//236
f 434//237 489//237 490//237
f 433//238 490//238 491//238
f 432//239 491//239 492//239
f 431//240 492//240 493//240
f 430//241 493//241 494//241
f 429//242 494//242 495//242
f 428//243 495//243 496//243
f 427//244 496//244 497//244
f 426//245 497//245 498//245
f 425//246 498//246 499//246
f 424//247 499//247 500//247
f 423//248 500//248 501//248
f 422//249 501//249 502//249
f 421//250 502//250 503//250
f 420//251 503//251 504//251
f 419//252 504//252 505//252
f 418//253 505//253 506//253
f 417//254 506//254 507//254
f 416//255 507//255 508//255
f 415//256 508//256 445//256
f 445//256 414//256 415//256
f 508//255 415//255 416//255
f 507//254 416//254 417//254
f 506//253 417//253 418//253
f 505//252 418//252 419//252
f 504//251 419//251 420//251
f 503//250 420//250 421//250
f 502//249 421//249 422//249
f 501//248 422//248 423//248
f 500//247 423//247 424//247
f 499//246 424//246 425//246
f 498//245 425//245 426//245
f 497//244 426//244 427//244
f 496//243 427//243 428//243
f 495//242 428//242 429//242
f 494//241 429//241 430//241
f 493//240 430//240 431//240
f 492//239 431//239 432//239
f 491//238 432//238 433//238
f 490//237 433//237 434//237
f 489//236 434//236 435//236
f 488//235 435//235 436//235
f 487//234 436//234 437//234
f 486//233 437//233 438//233
f 485//232 438//232 439//232
f 484//231 439//231 440//231
f 482//257 483//257 440//257
f 481//228 441//228 442//228
f 480//227 442//227 443//227
f 479//226 443//226 444//226
f 478//225 444//225 383//225
f 477//224 383//224 384//224
f 476//223 384//223 385//223
f 475//222 385//222 386//222
f 474//221 386//221 387//221
f 473//220 387//220 388//220
f 472//219 388//219 389//219
f 471//218 389//218 390//218
f 470//217 390//217 391//217
f 469//216 391//216 392//216
f 468//215 392//215 393//215
f 467//214 393//214 394//214
f 466//213 394//213 395//213
f 465//212 395//212 396//212
f 464//211 396//211 397//211
f 463//210 397//210 398//210
f 462//209 398//209 399//209
f 461//208 399//208 400//208
f 460//207 400//207 401//207
f 459//206 401//206 402//206
f 458//205 402//205 403//205
f 456//258 457//258 403//258
f 455//202 404//202 405//202
f 454//201 405//201 406//201
f 453//200 406//200 407//200
f 452//199 407//199 408//199
f 451//198 408//198 409//198
f 450//197 409//197 410//197
f 449//196 410//196 411//196
f 448//195 411//195 412//195
f 447//194 412//194 413//194
f 446//193 413//193 414//193
f 161//259 192//259 509//259
f 162//260 161//260 510//260
f 182//261 162//261 511//261
f 183//262 182//262 512//262
f 209//263 183//263 513//263
f 181//264 209//264 514//264
f 200//265 181//265 515//265
f 180//266 200//266 516//266
f 164//267 180//267 517//267
f 166//268 164//268 518//268
f 167//269 166//269 519//269
f 173//270 167//270 520//270
f 174//271 173//271 521//271
f 208//272 174//272 522//272
f 198//273 208//273 523//273
f 199//274 198//274 524//274
f 206//275 199//275 525//275
f 207//276 206//276 526//276
f 195//277 207//277 527//277
f 192//278 195//278 528//278
f 528//278 509//278 192//278
f 527//277 528//277 195//277
f 526//276 527//276 207//276
f 525//275 526//275 206//275
f 524//274 525//274 199//274
f 523//273 524//273 198//273
f 522//272 523//272 208//272
f 521//271 522//271 174//271
f 520//270 521//270 173//270
f 519//269 520//269 167//269
f 518//268 519//268 166//268
f 517//267 518//267 164//267
f 516//266 517//266 180//266
f 515//265 516//265 200//265
f 514//264 515//264 181//264
f 513//263 514//263 209//263
f 512//262 513//262 183//262
f 511//261 512//261 182//261
f 510//260 511//260 162//260
f 509//259 510//259 161//259
f 529//279 530//279 527//279
f 531//279 528//279 527//279
f 527//279 530//279 531//279
f 532//279 509//279 528//279
f 533//279 513//279 512//279
f 533//279 534//279 514//279
f 535//279 516//279 515//279
f 535//279 536//279 517//279
f 537//279 518//279 517//279
f 538//279 519//279 518//279
f 528//279 531//279 532//279
f 539//279 510//279 509//279
f 540//279 511//279 510//279
f 541//279 512//279 511//279
f 514//279 513//279 533//279
f 534//279 542//279 515//279
f 517//279 516//279 535//279
f 518//279 537//279 538//279
f 543//279 523//279 522//279
f 544//279 524//279 523//279
f 544//279 545//279 525//279
f 545//279 529//279 526//279
f 509//279 532//279 539//279
f 511//279 540//279 541//279
f 515//279 514//279 534//279
f 517//279 536//279 537//279
f 546//279 521//279 520//279
f 546//279 547//279 522//279
f 523//279 543//279 544//279
f 526//279 525//279 545//279
f 510//279 539//279 540//279
f 515//279 542//279 535//279
f 538//279 548//279 520//279
f 522//279 521//279 546//279
f 525//279 524//279 544//279
f 512//279 541//279 533//279
f 520//279 548//279 546//279
f 527//279 526//279 529//279
f 522//279 547//279 543//279
f 520//279 519//279 538//279
f 539//259 532//259 549//259
f 540//260 539//260 550//260
f 541//261 540//261 551//261
f 533//262 541//262 552//262
f 534//263 533//263 553//263
f 542//264 534//264 554//264
f 535//265 542//265 555//265
f 536//266 535//266 556//266
f 537//267 536//267 557//267
f 538//268 537//268 558//268
f 548//269 538//269 559//269
f 546//270 548//270 560//270
f 547//271 546//271 561//271
f 543//272 547//272 562//272
f 544//273 543//273 563//273
f 545//274 544//274 564//274
f 529//275 545//275 565//275
f 530//276 529//276 566//276
f 531//277 530//277 567//277
f 532//278 531//278 568//278
f 568//278 549//278 532//278
f 567//277 568//277 531//277
f 566//276 567//276 530//276
f 565//275 566//275 529//275
f 564//274 565//274 545//274
f 563//273 564//273 544//273
f 562//272 563//272 543//272
f 561//271 562//271 547//271
f 560//270 561//270 546//270
f 559//269 560//269 548//269
f 558//268 559//268 538//268
f 557//267 558//267 537//267
f 556//266 557//266 536//266
f 555//265 556//265 535//265
f 554//264 555//264 542//264
f 553//263 554//263 534//263
f 552//262 553//262 533//262
f 551//261 552//261 541//261
f 550//260 551//260 540//260
f 549//259 550//259 539//259
f 258//259 259//259 569//259
f 256//260 258//260 570//260
f 257//261 256//261 571//261
f 253//262 257//262 572//262
f 251//263 253//263 573//263
f 244//264 251//264 574//264
f 245//265 244//265 575//265
f 248//266 245//266 576//266
f 249//267 248//267 577//267
f 247//268 249//268 578//268
f 243//269 247//269 579//269
f 254//270 243//270 580//270
f 241//271 254//271 581//271
f 239//272 241//272 582//272
f 234//273 239//273 583//273
f 228//274 234//274 584//274
f 229//275 228//275 585//275
f 237//276 229//276 586//276
f 238//277 237//277 587//277
f 259//278 238//278 588//278
f 588//278 569//278 259//278
f 587//277 588//277 238//277
f 586//276 587//276 237//276
f 585//275 586//275 229//275
f 584//274 585//274 228//274
f 583//273 584//273 234//273
f 582//272 583//272 239//272
f 581//271 582//271 241//271
f 580//270 581//270 254//270
f 579//269 580//269 243//269
f 578//268 579//268 247//268
f 577//267 578//267 249//267
f 576//266 577//266 248//266
f 575//265 576//265 245//265
f 574//264 575//264 244//264
f 573//263 574//263 251//263
f 572//262 573//262 253//262
f 571//261 572//261 257//261
f 570//260 571//260 256//260
f 569//259 570//259 258//259
f 589//279 582//279 581//279
f 590//279 583//279 582//279
f 591//279 592//279 586//279
f 592//279 593//279 587//279
f 594//279 573//279 572//279
f 595//279 574//279 573//279
f 596//279 575//279 574//279
f 596//279 597//279 576//279
f 582//279 589//279 590//279
f 598//279 584//279 583//279
f 598//279 591//279 585//279
f 587//279 586//279 592//279
f 573//279 594//279 595//279
f 576//279 575//279 596//279
f 599//279 600//279 580//279
f 600//279 601//279 581//279
f 583//279 590//279 598//279
f 586//279 585//279 591//279
f 602//279 588//279 587//279
f 603//279 569//279 588//279
f 604//279 571//279 570//279
f 604//279 605//279 572//279
f 574//279 595//279 596//279
f 606//279 577//279 576//279
f 581//279 580//279 600//279
f 585//279 584//279 598//279
f 588//279 602//279 603//279
f 603//279 607//279 570//279
f 572//279 571//279 604//279
f 576//279 597//279 606//279
f 608//279 578//279 577//279
f 599//279 579//279 578//279
f 581//279 601//279 589//279
f 570//279 569//279 603//279
f 572//279 605//279 594//279
f 578//279 608//279 599//279
f 587//279 593//279 602//279
f 577//279 606//279 608//279
f 570//279 607//279 604//279
f 580//279 579//279 599//279
f 607//259 603//259 609//259
f 604//260 607//260 610//260
f 605//261 604//261 611//261
f 594//262 605//262 612//262
f 595//263 594//263 613//263
f 596//264 595//264 614//264
f 597//265 596//265 615//265
f 606//266 597//266 616//266
f 608//267 606//267 617//267
f 599//268 608//268 618//268
f 600//269 599//269 619//269
f 601//270 600//270 620//270
f 589//271 601//271 621//271
f 590//272 589//272 622//272
f 598//273 590//273 623//273
f 591//274 598//274 624//274
f 592//275 591//275 625//275
f 593//276 592//276 626//276
f 602//277 593//277 627//277
f 603//278 602//278 628//278
f 628//278 609//278 603//278
f 627//277 628//277 602//277
f 626//276 627//276 593//276
f 625//275 626//275 592//275
f 624//274 625//274 591//274
f 623//273 624//273 598//273
f 622//272 623//272 590//272
f 621//271 622//271 589//271
f 620//270 621//270 601//270
f 619//269 620//269 600//269
f 618//268 619//268 599//268
f 617//267 618//267 608//267
f 616//266 617//266 606//266
f 615//265 616//265 597//265
f 614//264 615//264 596//264
f 613//263 614//263 595//263
f 612//262 613//262 594//262
f 611//261 612//261 605//261
f 610//260 611//260 604//260
f 609//259 610//259 607//259
f 142//259 140//259 629//259
f 149//260 142//260 630//260
f 158//261 149//261 631//261
f 156//262 158//262 632//262
f 157//263 156//263 633//263
f 154//264 157//264 634//264
f 148//265 154//265 635//265
f 137//266 148//266 636//266
f 138//267 137//267 637//267
f 125//268 138//268 638//268
f 126//269 125//269 639//269
f 129//270 126//270 640//270
f 145//271 129//271 641//271
f 146//272 145//272 642//272
f 155//273 146//273 643//273
f 144//274 155//274 644//274
f 153//275 144//275 645//275
f 152//276 153//276 646//276
f 127//277 152//277 647//277
f 140//278 127//278 648//278
f 648//278 629//278 140//278
f 647//277 648//277 127//277
f 646//276 647//276 152//276
f 645//275 646//275 153//275
f 644//274 645//274 144//274
f 643//273 644//273 155//273
f 642//272 643//272 146//272
f 641//271 642//271 145//271
f 640//270 641//270 129//270
f 639//269 640//269 126//269
f 638//268 639//268 125//268
f 637//267 638//267 138//267
f 636//266 637//266 137//266
f 635//265 636//265 148//265
f 634//264 635//264 154//264
f 633//263 634//263 157//263
f 632//262 633//262 156//262
f 631//261 632//261 158//261
f 630//260 631//260 149//260
f 629//259 630//259 142//259
f 649//279 650//279 647//279
f 651//279 648//279 647//279
f 647//279 650//279 651//279
f 652//279 629//279 648//279
f 653//279 633//279 632//279
f 653//279 654//279 634//279
f 655//279 636//279 635//279
f 655//279 656//279 637//279
f 657//279 638//279 637//279
f 658//279 639//279 638//279
f 648//279 651//279 652//279
f 659//279 630//279 629//279
f 660//279 631//279 630//279
f 661//279 632//279 631//279
f 634//279 633//279 653//279
f 654//279 662//279 635//279
f 637//279 636//279 655//279
f 638//279 657//279 658//279
f 663//279 643//279 642//279
f 664//279 644//279 643//279
f 664//279 665//279 645//279
f 665//279 649//279 646//279
f 629//279 652//279 659//279
f 631//279 660//279 661//279
f 635//279 634//279 654//279
f 637//279 656//279 657//279
f 666//279 641//279 640//279
f 666//279 667//279 642//279
f 643//279 663//279 664//279
f 646//279 645//279 665//279
f 630//279 659//279 660//279
f 635//279 662//279 655//279
f 658//279 668//279 640//279
f 642//279 641//279 666//279
f 645//279 644//279 664//279
f 632//279 661//279 653//279
f 640//279 668//279 666//279
f 647//279 646//279 649//279
f 642//279 667//279 663//279
f 640//279 639//279 658//279
f 659//259 652//259 669//259
f 660//260 659//260 670//260
f 661//261 660//261 671//261
f 653//262 661//262 672//262
f 654//263 653//263 673//263
f 662//264 654//264 674//264
f 655//265 662//265 675//265
f 656//266 655//266 676//266
f 657//267 656//267 677//267
f 658//268 657//268 678//268
f 668//269 658//269 679//269
f 666//270 668//270 680//270
f 667//271 666//271 681//271
f 663//272 667//272 682//272
f 664//273 663//273 683//273
f 665//274 664//274 684//274
f 649//275 665//275 685//275
f 650//276 649//276 686//276
f 651//277 650//277 687//277
f 652//278 651//278 688//278
f 688//278 669//278 652//278
f 687//277 688//277 651//277
f 686//276 687//276 650//276
f 685//275 686//275 649//275
f 684//274 685//274 665//274
f 683//273 684//273 664//273
f 682//272 683//272 663//272
f 681//271 682//271 667//271
f 680//270 681//270 666//270
f 679//269 680//269 668//269
f 678//268 679//268 658//268
f 677//267 678//267 657//267
f 676//266 677//266 656//266
f 675//265 676//265 655//265
f 674//264 675//264 662//264
f 673//263 674//263 654//263
f 672//262 673//262 653//262
f 671//261 672//261 661//261
f 670//260 671//260 660//260
f 669//259 670//259 659//259
f 669//279 497//279 496//279
f 680//279 485//279 23//279
f 484//279 14//279 13//279
f 499//279 35//279 37//279
f 669//279 498//279 497//279
f 670//279 496//279 495//279
f 485//279 21//279 23//279
f 13//279 485//279 484//279
f 37//279 39//279 499//279
f 499//279 31//279 33//279
f 29//279 31//279 685//279
f 688//279 499//279 498//279
f 495//279 671//279 670//279
f 494//279 672//279 671//279
f 485//279 19//279 21//279
f 485//279 16//279 17//279
f 484//279 483//279 14//279
f 33//279 35//279 499//279
f 685//279 684//279 29//279
f 496//279 670//279 669//279
f 494//279 673//279 672//279
f 17//279 19//279 485//279
f 483//279 482//279 14//279
f 31//279 499//279 685//279
f 499//279 688//279 687//279
f 671//279 495//279 494//279
f 679//279 678//279 491//279
f 680//279 488//279 487//279
f 13//279 16//279 485//279
f 681//279 23//279 25//279
f 682//279 25//279 27//279
f 29//279 684//279 683//279
f 499//279 686//279 685//279
f 498//279 669//279 688//279
f 494//279 493//279 674//279
f 493//279 492//279 677//279
f 678//279 677//279 492//279
f 491//279 490//279 679//279
f 487//279 486//279 680//279
f 680//279 679//279 489//279
f 25//279 682//279 681//279
f 683//279 27//279 29//279
f 687//279 686//279 499//279
f 493//279 675//279 674//279
f 677//279 676//279 493//279
f 490//279 489//279 679//279
f 489//279 488//279 680//279
f 27//279 683//279 682//279
f 674//279 673//279 494//279
f 492//279 491//279 678//279
f 23//279 681//279 680//279
f 676//279 675//279 493//279
f 39//279 41//279 499//279
f 502//279 501//279 43//279
f 45//279 503//279 502//279
f 501//279 500//279 41//279
f 45//279 504//279 503//279
f 41//279 43//279 501//279
f 500//279 499//279 41//279
f 454//279 74//279 78//279
f 78//279 456//279 455//279
f 453//279 72//279 74//279
f 689//279 505//279 52//279
f 504//279 47//279 49//279
f 74//279 454//279 453//279
f 453//279 64//279 66//279
f 690//279 62//279 64//279
f 689//279 691//279 507//279
f 505//279 49//279 52//279
f 504//279 45//279 47//279
f 58//279 60//279 692//279
f 453//279 70//279 72//279
f 64//279 453//279 690//279
f 690//279 693//279 60//279
f 690//279 452//279 451//279
f 507//279 506//279 689//279
f 49//279 505//279 504//279
f 60//279 694//279 692//279
f 453//279 68//279 70//279
f 60//279 62//279 690//279
f 690//279 450//279 449//279
f 690//279 453//279 452//279
f 695//279 448//279 447//279
f 508//279 696//279 697//279
f 691//279 698//279 508//279
f 52//279 699//279 689//279
f 699//279 54//279 56//279
f 60//279 693//279 694//279
f 66//279 68//279 453//279
f 451//279 450//279 690//279
f 695//279 449//279 448//279
f 700//279 447//279 446//279
f 446//279 445//279 701//279
f 508//279 698//279 696//279
f 506//279 505//279 689//279
f 699//279 52//279 54//279
f 58//279 702//279 703//279
f 78//279 455//279 454//279
f 447//279 700//279 695//279
f 446//279 704//279 705//279
f 445//279 706//279 701//279
f 697//279 445//279 508//279
f 56//279 707//279 699//279
f 508//279 507//279 691//279
f 703//279 56//279 58//279
f 449//279 695//279 690//279
f 701//279 704//279 446//279
f 703//279 708//279 56//279
f 446//279 705//279 700//279
f 708//279 707//279 56//279
f 697//279 706//279 445//279
f 469//279 102//279 104//279
f 558//279 91//279 93//279
f 625//279 469//279 110//279
f 469//279 100//279 102//279
f 469//279 95//279 99//279
f 93//279 469//279 558//279
f 558//279 557//279 89//279
f 469//279 108//279 110//279
f 99//279 100//279 469//279
f 89//279 91//279 558//279
f 469//279 106//279 108//279
f 93//279 95//279 469//279
f 461//279 565//279 564//279
f 549//279 568//279 459//279
f 104//279 106//279 469//279
f 626//279 110//279 112//279
f 558//279 467//279 466//279
f 558//279 469//279 468//279
f 461//279 566//279 565//279
f 461//279 460//279 567//279
f 568//279 567//279 460//279
f 459//279 458//279 549//279
f 549//279 457//279 81//279
f 80//279 457//279 456//279
f 87//279 89//279 555//279
f 112//279 627//279 626//279
f 468//279 467//279 558//279
f 627//279 112//279 114//279
f 2//279 609//279 628//279
f 625//279 471//279 470//279
f 567//279 566//279 461//279
f 458//279 457//279 549//279
f 457//279 80//279 81//279
f 456//279 78//279 79//279
f 550//279 83//279 85//279
f 89//279 556//279 555//279
f 466//279 559//279 558//279
f 628//279 114//279 2//279
f 2//279 1//279 610//279
f 613//279 612//279 1//279
f 481//279 614//279 613//279
f 476//279 621//279 620//279
f 623//279 622//279 476//279
f 624//279 623//279 475//279
f 625//279 472//279 471//279
f 625//279 624//279 473//279
f 460//279 459//279 568//279
f 456//279 79//279 80//279
f 550//279 81//279 83//279
f 85//279 553//279 552//279
f 89//279 557//279 556//279
f 114//279 628//279 627//279
f 1//279 611//279 610//279
f 1//279 4//279 613//279
f 482//279 8//279 10//279
f 8//279 482//279 481//279
f 614//279 480//279 479//279
f 462//279 562//279 561//279
f 462//279 564//279 563//279
f 620//279 477//279 476//279
f 476//279 475//279 623//279
f 475//279 474//279 624//279
f 473//279 472//279 625//279
f 81//279 550//279 549//279
f 552//279 551//279 85//279
f 87//279 554//279 553//279
f 110//279 626//279 625//279
f 1//279 612//279 611//279
f 4//279 6//279 613//279
f 613//279 8//279 481//279
f 614//279 481//279 480//279
f 559//279 465//279 464//279
f 560//279 464//279 463//279
f 563//279 562//279 462//279
f 622//279 621//279 476//279
f 470//279 469//279 625//279
f 85//279 551//279 550//279
f 564//279 462//279 461//279
f 555//279 554//279 87//279
f 6//279 8//279 613//279
f 479//279 615//279 614//279
f 615//279 479//279 478//279
f 559//279 466//279 465//279
f 561//279 463//279 462//279
f 474//279 473//279 624//279
f 553//279 85//279 87//279
f 10//279 14//279 482//279
f 478//279 617//279 616//279
f 478//279 477//279 618//279
f 463//279 561//279 560//279
f 478//279 616//279 615//279
f 477//279 619//279 618//279
f 620//279 619//279 477//279
f 618//279 617//279 478//279
f 610//279 609//279 2//279
f 464//279 560//279 559//279
f 692//279 702//279 58//279
f 43//279 45//279 502//279
f 486//279 485//279 680//279
f 224//259 211//259 709//259
f 223//260 224//260 710//260
f 220//261 223//261 711//261
f 222//262 220//262 712//262
f 216//263 222//263 713//263
f 213//264 216//264 714//264
f 214//265 213//265 715//265
f 185//266 214//266 716//266
f 186//267 185//267 717//267
f 178//268 186//268 718//268
f 179//269 178//269 719//269
f 175//270 179//270 720//270
f 176//271 175//271 721//271
f 159//272 176//272 722//272
f 203//273 159//273 723//273
f 202//274 203//274 724//274
f 187//275 202//275 725//275
f 188//276 187//276 726//276
f 210//277 188//277 727//277
f 211//278 210//278 728//278
f 728//278 709//278 211//278
f 727//277 728//277 210//277
f 726//276 727//276 188//276
f 725//275 726//275 187//275
f 724//274 725//274 202//274
f 723//273 724//273 203//273
f 722//272 723//272 159//272
f 721//271 722//271 176//271
f 720//270 721//270 175//270
f 719//269 720//269 179//269
f 718//268 719//268 178//268
f 717//267 718//267 186//267
f 716//266 717//266 185//266
f 715//265 716//265 214//265
f 714//264 715//264 213//264
f 713//263 714//263 216//263
f 712//262 713//262 222//262
f 711//261 712//261 220//261
f 710//260 711//260 223//260
f 709//259 710//259 224//259
f 729//279 722//279 721//279
f 730//279 723//279 722//279
f 731//279 732//279 726//279
f 732//279 733//279 727//279
f 734//279 713//279 712//279
f 735//279 714//279 713//279
f 736//279 715//279 714//279
f 736//279 737//279 716//279
f 722//279 729//279 730//279
f 738//279 724//279 723//279
f 738//279 731//279 725//279
f 727//279 726//279 732//279
f 713//279 734//279 735//279
f 716//279 715//279 736//279
f 739//279 740//279 720//279
f 740//279 741//279 721//279
f 723//279 730//279 738//279
f 726//279 725//279 731//279
f 742//279 728//279 727//279
f 743//279 709//279 728//279
f 744//279 711//279 710//279
f 744//279 745//279 712//279
f 714//279 735//279 736//279
f 746//279 717//279 716//279
f 721//279 720//279 740//279
f 725//279 724//279 738//279
f 728//279 742//279 743//279
f 743//279 747//279 710//279
f 712//279 711//279 744//279
f 716//279 737//279 746//279
f 748//279 718//279 717//279
f 739//279 719//279 718//279
f 721//279 741//279 729//279
f 710//279 709//279 743//279
f 712//279 745//279 734//279
f 718//279 748//279 739//279
f 727//279 733//279 742//279
f 717//279 746//279 748//279
f 710//279 747//279 744//279
f 720//279 719//279 739//279
f 747//259 743//259 706//259
f 744//260 747//260 697//260
f 745//261 744//261 696//261
f 734//262 745//262 698//262
f 735//263 734//263 691//263
f 736//264 735//264 689//264
f 737//265 736//265 699//265
f 746//266 737//266 707//266
f 748//267 746//267 708//267
f 739//268 748//268 703//268
f 740//269 739//269 702//269
f 741//270 740//270 692//270
f 729//271 741//271 694//271
f 730//272 729//272 693//272
f 738//273 730//273 690//273
f 731//274 738//274 695//274
f 732//275 731//275 700//275
f 733//276 732//276 705//276
f 742//277 733//277 704//277
f 743//278 742//278 701//278
f 701//278 706//278 743//278
f 704//277 701//277 742//277
f 705//276 704//276 733//276
f 700//275 705//275 732//275
f 695//274 700//274 731//274
f 690//273 695//273 738//273
f 693//272 690//272 730//272
f 694//271 693//271 729//271
f 692//270 694//270 741//270
f 702//269 692//269 740//269
f 703//268 702//268 739//268
f 708//267 703//267 748//267
f 707//266 708//266 746//266
f 699//265 707//265 737//265
f 689//264 699//264 736//264
f 691//263 689//263 735//263
f 698//262 691//262 734//262
f 696//261 698//261 745//261
f 697//260 696//260 744//260
f 706//259 697//259 747//259
#1512 polygons

