# Aspose.3D Wavefront OBJ Exporter
# Copyright 2004-2023 Aspose Pty Ltd.
# File created: 06/29/2023 05:43:01


#
# object obj_29001101
#

v -31.99130821228027344 58.06487274169921875 -56.64149856567382816
v -31.99130821228027344 58.06487274169921875 -57.09870147705078124
v -31.69370269775390624 58.84016036987304688 -57.09870147705078124
v -31.69370269775390624 58.84016036987304688 -56.64149856567382816
v -31.65023994445800784 59.66947174072265624 -57.09870147705078124
v -31.65023994445800784 59.66947174072265624 -56.64149856567382816
v -31.86517715454101568 60.4716224670410156 -57.09870147705078124
v -31.86517715454101568 60.4716224670410156 -56.64149856567382816
v -32.31747055053710936 61.16809463500976562 -57.09870147705078124
v -32.31747055053710936 61.16809463500976562 -56.64149856567382816
v -32.96284866333007808 61.69071197509765624 -57.09870147705078124
v -32.96284866333007808 61.69071197509765624 -56.64149856567382816
v -33.73814010620117184 61.98831939697265632 -57.09870147705078124
v -33.73814010620117184 61.98831939697265632 -56.64149856567382816
v -34.56745147705078128 62.03178024291992187 -57.09870147705078124
v -34.56745147705078128 62.03178024291992187 -56.64149856567382816
v -35.36960220336914064 61.81684494018554688 -57.09870147705078124
v -35.36960220336914064 61.81684494018554688 -56.64149856567382816
v -36.06607437133789062 61.36455154418945312 -57.09870147705078124
v -36.06607437133789062 61.36455154418945312 -56.64149856567382816
v -36.58869171142578128 60.7191734313964844 -57.09870147705078124
v -36.58869171142578128 60.7191734313964844 -56.64149856567382816
v -36.88629531860351568 59.94388198852539056 -57.09870147705078124
v -36.88629531860351568 59.94388198852539056 -56.64149856567382816
v -36.92975997924804688 59.11457061767578124 -57.09870147705078124
v -36.92975997924804688 59.11457061767578124 -56.64149856567382816
v -36.71482467651367184 58.31241989135742188 -57.09870147705078124
v -36.71482467651367184 58.31241989135742188 -56.64149856567382816
v -36.26252746582031248 57.61594772338867184 -57.09870147705078124
v -36.26252746582031248 57.61594772338867184 -56.64149856567382816
v -35.61714935302734376 57.09333038330078124 -57.09870147705078124
v -35.61714935302734376 57.09333038330078124 -56.64149856567382816
v -34.84186172485351568 56.79572677612304688 -57.09870147705078124
v -34.84186172485351568 56.79572677612304688 -56.64149856567382816
v -34.01255035400390625 56.75226211547851568 -57.09870147705078124
v -34.01255035400390625 56.75226211547851568 -56.64149856567382816
v -33.21039962768554688 56.96719741821289056 -57.09870147705078124
v -33.21039962768554688 56.96719741821289056 -56.64149856567382816
v -32.51392745971679688 57.41949462890625 -57.09870147705078124
v -32.51392745971679688 57.41949462890625 -56.64149856567382816
v -33.5597496032714844 60.65685272216796872 -57.09870147705078124
v -33.20463562011718752 60.36928558349609376 -57.09870147705078124
v -32.95576858520507808 59.98606109619140624 -57.09870147705078124
v -32.83750152587890624 59.54468536376953128 -57.09870147705078124
v -32.86141586303710944 59.08836746215820312 -57.09870147705078124
v -35.26726531982421876 60.47738647460937504 -57.09870147705078124
v -34.8840370178222656 60.72625350952148432 -57.09870147705078124
v -34.44266510009765624 60.84452056884765632 -57.09870147705078124
v -33.98634338378906256 60.82060623168945312 -57.09870147705078124
v -33.02516937255859375 58.66177368164062496 -57.09870147705078124
v -33.31273651123046876 58.30665969848632812 -57.09870147705078124
v -33.69596099853515624 58.05778884887695312 -57.09870147705078124
v -35.3753623962402344 58.41475677490234376 -57.09870147705078124
v -35.62423324584960936 58.7979850769042968 -57.09870147705078124
v -34.59365463256835936 57.96343612670898432 -57.09870147705078124
v -35.0202484130859375 58.12719345092773438 -57.09870147705078124
v -35.74250030517578128 59.23935699462890624 -57.09870147705078124
v -34.13733673095703124 57.93952178955078128 -57.09870147705078124
v -35.71858596801757816 59.6956787109375 -57.09870147705078124
v -35.55482864379882816 60.12227249145507812 -57.09870147705078124
v -35.71858596801757816 59.6956787109375 -56.64149856567382816
v -35.55482864379882816 60.12227249145507812 -56.64149856567382816
v -35.74250030517578128 59.23935699462890624 -56.64149856567382816
v -32.83750152587890624 59.54468536376953128 -56.64149856567382816
v -32.86141586303710944 59.08836746215820312 -56.64149856567382816
v -32.95576858520507808 59.98606109619140624 -56.64149856567382816
v -33.20463562011718752 60.36928558349609376 -56.64149856567382816
v -33.5597496032714844 60.65685272216796872 -56.64149856567382816
v -34.44266510009765624 60.84452056884765632 -56.64149856567382816
v -33.98634338378906256 60.82060623168945312 -56.64149856567382816
v -34.8840370178222656 60.72625350952148432 -56.64149856567382816
v -35.62423324584960936 58.7979850769042968 -56.64149856567382816
v -35.3753623962402344 58.41475677490234376 -56.64149856567382816
v -35.0202484130859375 58.12719345092773438 -56.64149856567382816
v -34.59365463256835936 57.96343612670898432 -56.64149856567382816
v -34.13733673095703124 57.93952178955078128 -56.64149856567382816
v -33.02516937255859375 58.66177368164062496 -56.64149856567382816
v -35.26726531982421876 60.47738647460937504 -56.64149856567382816
v -33.69596099853515624 58.05778884887695312 -56.64149856567382816
v -33.31273651123046876 58.30665969848632812 -56.64149856567382816
v -57.09333038330078124 -35.61714935302734376 -56.64149856567382816
v -57.09333038330078124 -35.61714935302734376 -57.09870147705078124
v -56.79572677612304688 -34.84186172485351568 -57.09870147705078124
v -56.79572677612304688 -34.84186172485351568 -56.64149856567382816
v -56.75226211547851568 -34.01255035400390625 -57.09870147705078124
v -56.75226211547851568 -34.01255035400390625 -56.64149856567382816
v -56.96719741821289056 -33.21039962768554688 -57.09870147705078124
v -56.96719741821289056 -33.21039962768554688 -56.64149856567382816
v -57.41949462890625 -32.51392745971679688 -57.09870147705078124
v -57.41949462890625 -32.51392745971679688 -56.64149856567382816
v -58.06487274169921875 -31.99130821228027344 -57.09870147705078124
v -58.06487274169921875 -31.99130821228027344 -56.64149856567382816
v -58.84016036987304688 -31.69370269775390624 -57.09870147705078124
v -58.84016036987304688 -31.69370269775390624 -56.64149856567382816
v -59.66947174072265624 -31.65023994445800784 -57.09870147705078124
v -59.66947174072265624 -31.65023994445800784 -56.64149856567382816
v -60.4716224670410156 -31.86517715454101568 -57.09870147705078124
v -60.4716224670410156 -31.86517715454101568 -56.64149856567382816
v -61.16809463500976562 -32.31747055053710936 -57.09870147705078124
v -61.16809463500976562 -32.31747055053710936 -56.64149856567382816
v -61.69071197509765624 -32.96284866333007808 -57.09870147705078124
v -61.69071197509765624 -32.96284866333007808 -56.64149856567382816
v -61.98831939697265632 -33.73814010620117184 -57.09870147705078124
v -61.98831939697265632 -33.73814010620117184 -56.64149856567382816
v -62.03178024291992187 -34.56745147705078128 -57.09870147705078124
v -62.03178024291992187 -34.56745147705078128 -56.64149856567382816
v -61.81684494018554688 -35.36960220336914064 -57.09870147705078124
v -61.81684494018554688 -35.36960220336914064 -56.64149856567382816
v -61.36455154418945312 -36.06607437133789062 -57.09870147705078124
v -61.36455154418945312 -36.06607437133789062 -56.64149856567382816
v -60.7191734313964844 -36.58869171142578128 -57.09870147705078124
v -60.7191734313964844 -36.58869171142578128 -56.64149856567382816
v -59.94388198852539056 -36.88629531860351568 -57.09870147705078124
v -59.94388198852539056 -36.88629531860351568 -56.64149856567382816
v -59.11457061767578124 -36.92975997924804688 -57.09870147705078124
v -59.11457061767578124 -36.92975997924804688 -56.64149856567382816
v -58.31241989135742188 -36.71482467651367184 -57.09870147705078124
v -58.31241989135742188 -36.71482467651367184 -56.64149856567382816
v -57.61594772338867184 -36.26252746582031248 -57.09870147705078124
v -57.61594772338867184 -36.26252746582031248 -56.64149856567382816
v -58.66177368164062496 -33.02516937255859375 -57.09870147705078124
v -58.30665969848632812 -33.31273651123046876 -57.09870147705078124
v -58.05778884887695312 -33.69596099853515624 -57.09870147705078124
v -57.93952178955078128 -34.13733673095703124 -57.09870147705078124
v -57.96343612670898432 -34.59365463256835936 -57.09870147705078124
v -60.36928558349609376 -33.20463562011718752 -57.09870147705078124
v -59.98606109619140624 -32.95576858520507808 -57.09870147705078124
v -59.54468536376953128 -32.83750152587890624 -57.09870147705078124
v -59.08836746215820312 -32.86141586303710944 -57.09870147705078124
v -58.12719345092773438 -35.0202484130859375 -57.09870147705078124
v -58.41475677490234376 -35.3753623962402344 -57.09870147705078124
v -58.7979850769042968 -35.62423324584960936 -57.09870147705078124
v -60.47738647460937504 -35.26726531982421876 -57.09870147705078124
v -60.72625350952148432 -34.8840370178222656 -57.09870147705078124
v -59.6956787109375 -35.71858596801757816 -57.09870147705078124
v -60.12227249145507812 -35.55482864379882816 -57.09870147705078124
v -60.84452056884765632 -34.44266510009765624 -57.09870147705078124
v -59.23935699462890624 -35.74250030517578128 -57.09870147705078124
v -60.82060623168945312 -33.98634338378906256 -57.09870147705078124
v -60.65685272216796872 -33.5597496032714844 -57.09870147705078124
v -60.82060623168945312 -33.98634338378906256 -56.64149856567382816
v -60.65685272216796872 -33.5597496032714844 -56.64149856567382816
v -60.84452056884765632 -34.44266510009765624 -56.64149856567382816
v -57.93952178955078128 -34.13733673095703124 -56.64149856567382816
v -57.96343612670898432 -34.59365463256835936 -56.64149856567382816
v -58.05778884887695312 -33.69596099853515624 -56.64149856567382816
v -58.30665969848632812 -33.31273651123046876 -56.64149856567382816
v -58.66177368164062496 -33.02516937255859375 -56.64149856567382816
v -59.54468536376953128 -32.83750152587890624 -56.64149856567382816
v -59.08836746215820312 -32.86141586303710944 -56.64149856567382816
v -59.98606109619140624 -32.95576858520507808 -56.64149856567382816
v -60.72625350952148432 -34.8840370178222656 -56.64149856567382816
v -60.47738647460937504 -35.26726531982421876 -56.64149856567382816
v -60.12227249145507812 -35.55482864379882816 -56.64149856567382816
v -59.6956787109375 -35.71858596801757816 -56.64149856567382816
v -59.23935699462890624 -35.74250030517578128 -56.64149856567382816
v -58.12719345092773438 -35.0202484130859375 -56.64149856567382816
v -60.36928558349609376 -33.20463562011718752 -56.64149856567382816
v -58.7979850769042968 -35.62423324584960936 -56.64149856567382816
v -58.41475677490234376 -35.3753623962402344 -56.64149856567382816
v 36.58869171142578128 -60.7191734313964844 -56.64149856567382816
v 36.58869171142578128 -60.7191734313964844 -57.09870147705078124
v 36.88629531860351568 -59.94388198852539056 -57.09870147705078124
v 36.88629531860351568 -59.94388198852539056 -56.64149856567382816
v 36.92975997924804688 -59.11457061767578124 -57.09870147705078124
v 36.92975997924804688 -59.11457061767578124 -56.64149856567382816
v 36.71482467651367184 -58.31241989135742188 -57.09870147705078124
v 36.71482467651367184 -58.31241989135742188 -56.64149856567382816
v 36.26252746582031248 -57.61594772338867184 -57.09870147705078124
v 36.26252746582031248 -57.61594772338867184 -56.64149856567382816
v 35.61714935302734376 -57.09333038330078124 -57.09870147705078124
v 35.61714935302734376 -57.09333038330078124 -56.64149856567382816
v 34.84186172485351568 -56.79572677612304688 -57.09870147705078124
v 34.84186172485351568 -56.79572677612304688 -56.64149856567382816
v 34.01255035400390625 -56.75226211547851568 -57.09870147705078124
v 34.01255035400390625 -56.75226211547851568 -56.64149856567382816
v 33.21039962768554688 -56.96719741821289056 -57.09870147705078124
v 33.21039962768554688 -56.96719741821289056 -56.64149856567382816
v 32.51392745971679688 -57.41949462890625 -57.09870147705078124
v 32.51392745971679688 -57.41949462890625 -56.64149856567382816
v 31.99130821228027344 -58.06487274169921875 -57.09870147705078124
v 31.99130821228027344 -58.06487274169921875 -56.64149856567382816
v 31.69370269775390624 -58.84016036987304688 -57.09870147705078124
v 31.69370269775390624 -58.84016036987304688 -56.64149856567382816
v 31.65023994445800784 -59.66947174072265624 -57.09870147705078124
v 31.65023994445800784 -59.66947174072265624 -56.64149856567382816
v 31.86517715454101568 -60.4716224670410156 -57.09870147705078124
v 31.86517715454101568 -60.4716224670410156 -56.64149856567382816
v 32.31747055053710936 -61.16809463500976562 -57.09870147705078124
v 32.31747055053710936 -61.16809463500976562 -56.64149856567382816
v 32.96284866333007808 -61.69071197509765624 -57.09870147705078124
v 32.96284866333007808 -61.69071197509765624 -56.64149856567382816
v 33.73814010620117184 -61.98831939697265632 -57.09870147705078124
v 33.73814010620117184 -61.98831939697265632 -56.64149856567382816
v 34.56745147705078128 -62.03178024291992187 -57.09870147705078124
v 34.56745147705078128 -62.03178024291992187 -56.64149856567382816
v 35.36960220336914064 -61.81684494018554688 -57.09870147705078124
v 35.36960220336914064 -61.81684494018554688 -56.64149856567382816
v 36.06607437133789062 -61.36455154418945312 -57.09870147705078124
v 36.06607437133789062 -61.36455154418945312 -56.64149856567382816
v 35.0202484130859375 -58.12719345092773438 -57.09870147705078124
v 35.3753623962402344 -58.41475677490234376 -57.09870147705078124
v 35.62423324584960936 -58.7979850769042968 -57.09870147705078124
v 35.74250030517578128 -59.23935699462890624 -57.09870147705078124
v 35.71858596801757816 -59.6956787109375 -57.09870147705078124
v 33.31273651123046876 -58.30665969848632812 -57.09870147705078124
v 33.69596099853515624 -58.05778884887695312 -57.09870147705078124
v 34.13733673095703124 -57.93952178955078128 -57.09870147705078124
v 34.59365463256835936 -57.96343612670898432 -57.09870147705078124
v 35.55482864379882816 -60.12227249145507812 -57.09870147705078124
v 35.26726531982421876 -60.47738647460937504 -57.09870147705078124
v 34.8840370178222656 -60.72625350952148432 -57.09870147705078124
v 33.20463562011718752 -60.36928558349609376 -57.09870147705078124
v 32.95576858520507808 -59.98606109619140624 -57.09870147705078124
v 33.98634338378906256 -60.82060623168945312 -57.09870147705078124
v 33.5597496032714844 -60.65685272216796872 -57.09870147705078124
v 32.83750152587890624 -59.54468536376953128 -57.09870147705078124
v 34.44266510009765624 -60.84452056884765632 -57.09870147705078124
v 32.86141586303710944 -59.08836746215820312 -57.09870147705078124
v 33.02516937255859375 -58.66177368164062496 -57.09870147705078124
v 32.86141586303710944 -59.08836746215820312 -56.64149856567382816
v 33.02516937255859375 -58.66177368164062496 -56.64149856567382816
v 32.83750152587890624 -59.54468536376953128 -56.64149856567382816
v 35.74250030517578128 -59.23935699462890624 -56.64149856567382816
v 35.71858596801757816 -59.6956787109375 -56.64149856567382816
v 35.62423324584960936 -58.7979850769042968 -56.64149856567382816
v 35.3753623962402344 -58.41475677490234376 -56.64149856567382816
v 35.0202484130859375 -58.12719345092773438 -56.64149856567382816
v 34.13733673095703124 -57.93952178955078128 -56.64149856567382816
v 34.59365463256835936 -57.96343612670898432 -56.64149856567382816
v 33.69596099853515624 -58.05778884887695312 -56.64149856567382816
v 32.95576858520507808 -59.98606109619140624 -56.64149856567382816
v 33.20463562011718752 -60.36928558349609376 -56.64149856567382816
v 33.5597496032714844 -60.65685272216796872 -56.64149856567382816
v 33.98634338378906256 -60.82060623168945312 -56.64149856567382816
v 34.44266510009765624 -60.84452056884765632 -56.64149856567382816
v 35.55482864379882816 -60.12227249145507812 -56.64149856567382816
v 33.31273651123046876 -58.30665969848632812 -56.64149856567382816
v 34.8840370178222656 -60.72625350952148432 -56.64149856567382816
v 35.26726531982421876 -60.47738647460937504 -56.64149856567382816
v 66.28131103515625 1.32714998722076416 -56.64149856567382816
v 66.28131103515625 1.32714998722076416 -57.09870147705078124
v 65.98370361328124992 0.55185997486114504 -57.09870147705078124
v 65.98370361328124992 0.55185997486114504 -56.64149856567382816
v 65.94023895263671872 -0.27744990587234496 -57.09870147705078124
v 65.94023895263671872 -0.27744990587234496 -56.64149856567382816
v 66.15517425537109376 -1.07960104942321777 -57.09870147705078124
v 66.15517425537109376 -1.07960104942321777 -56.64149856567382816
v 66.60746765136718752 -1.77607333660125728 -57.09870147705078124
v 66.60746765136718752 -1.77607333660125728 -56.64149856567382816
v 67.25285339355468752 -2.29869127273559572 -57.09870147705078124
v 67.25285339355468752 -2.29869127273559572 -56.64149856567382816
v 68.02813720703125 -2.59629726409912112 -57.09870147705078124
v 68.02813720703125 -2.59629726409912112 -56.64149856567382816
v 68.85745239257812496 -2.63975954055786136 -57.09870147705078124
v 68.85745239257812496 -2.63975954055786136 -56.64149856567382816
v 69.65959930419921872 -2.42482376098632816 -57.09870147705078124
v 69.65959930419921872 -2.42482376098632816 -56.64149856567382816
v 70.35607147216796876 -1.97252929210662848 -57.09870147705078124
v 70.35607147216796876 -1.97252929210662848 -56.64149856567382816
v 70.87869262695312496 -1.32714998722076416 -57.09870147705078124
v 70.87869262695312496 -1.32714998722076416 -56.64149856567382816
v 71.176300048828125 -0.55185997486114504 -57.09870147705078124
v 71.176300048828125 -0.55185997486114504 -56.64149856567382816
v 71.219757080078125 0.27744990587234496 -57.09870147705078124
v 71.219757080078125 0.27744990587234496 -56.64149856567382816
v 71.00482177734375 1.07960104942321777 -57.09870147705078124
v 71.00482177734375 1.07960104942321777 -56.64149856567382816
v 70.55252838134765624 1.77607333660125728 -57.09870147705078124
v 70.55252838134765624 1.77607333660125728 -56.64149856567382816
v 69.90715026855468752 2.29869127273559572 -57.09870147705078124
v 69.90715026855468752 2.29869127273559572 -56.64149856567382816
v 69.13185882568359376 2.59629726409912112 -57.09870147705078124
v 69.13185882568359376 2.59629726409912112 -56.64149856567382816
v 68.30255126953125 2.63975954055786136 -57.09870147705078124
v 68.30255126953125 2.63975954055786136 -56.64149856567382816
v 67.50039672851562496 2.42482376098632816 -57.09870147705078124
v 67.50039672851562496 2.42482376098632816 -56.64149856567382816
v 66.80392456054687504 1.97252929210662848 -57.09870147705078124
v 66.80392456054687504 1.97252929210662848 -56.64149856567382816
v 67.84974670410156256 -1.2648301124572754 -57.09870147705078124
v 67.49463653564453128 -0.97726523876190192 -57.09870147705078124
v 67.24576568603515624 -0.59403884410858152 -57.09870147705078124
v 67.12750244140625 -0.15266382694244384 -57.09870147705078124
v 67.1514129638671875 0.30365502834320068 -57.09870147705078124
v 69.55726623535156248 -1.08536303043365479 -57.09870147705078124
v 69.174041748046875 -1.33423316478729248 -57.09870147705078124
v 68.732666015625 -1.45249927043914792 -57.09870147705078124
v 68.27634429931640624 -1.42858457565307616 -57.09870147705078124
v 67.31517028808593752 0.73025000095367424 -57.09870147705078124
v 67.60273742675781248 1.08536303043365479 -57.09870147705078124
v 67.9859619140625 1.33423316478729248 -57.09870147705078124
v 69.66535949707031248 0.97726523876190192 -57.09870147705078124
v 69.91423034667968752 0.59403884410858152 -57.09870147705078124
v 68.88365173339843744 1.42858457565307616 -57.09870147705078124
v 69.31024932861328124 1.2648301124572754 -57.09870147705078124
v 70.032501220703125 0.15266382694244384 -57.09870147705078124
v 68.42733764648437504 1.45249927043914792 -57.09870147705078124
v 70.00858306884765625 -0.30365502834320068 -57.09870147705078124
v 69.84483337402343744 -0.73025000095367424 -57.09870147705078124
v 70.00858306884765625 -0.30365502834320068 -56.64149856567382816
v 69.84483337402343744 -0.73025000095367424 -56.64149856567382816
v 70.032501220703125 0.15266382694244384 -56.64149856567382816
v 67.12750244140625 -0.15266382694244384 -56.64149856567382816
v 67.1514129638671875 0.30365502834320068 -56.64149856567382816
v 67.24576568603515624 -0.59403884410858152 -56.64149856567382816
v 67.49463653564453128 -0.97726523876190192 -56.64149856567382816
v 67.84974670410156256 -1.2648301124572754 -56.64149856567382816
v 68.732666015625 -1.45249927043914792 -56.64149856567382816
v 68.27634429931640624 -1.42858457565307616 -56.64149856567382816
v 69.174041748046875 -1.33423316478729248 -56.64149856567382816
v 69.91423034667968752 0.59403884410858152 -56.64149856567382816
v 69.66535949707031248 0.97726523876190192 -56.64149856567382816
v 69.31024932861328124 1.2648301124572754 -56.64149856567382816
v 68.88365173339843744 1.42858457565307616 -56.64149856567382816
v 68.42733764648437504 1.45249927043914792 -56.64149856567382816
v 67.31517028808593752 0.73025000095367424 -56.64149856567382816
v 69.55726623535156248 -1.08536303043365479 -56.64149856567382816
v 67.9859619140625 1.33423316478729248 -56.64149856567382816
v 67.60273742675781248 1.08536303043365479 -56.64149856567382816
v 31.99130821228027344 60.7191734313964844 -56.64149856567382816
v 31.99130821228027344 60.7191734313964844 -57.09870147705078124
v 31.69370269775390624 59.94388198852539056 -57.09870147705078124
v 31.69370269775390624 59.94388198852539056 -56.64149856567382816
v 31.65023994445800784 59.11457061767578124 -57.09870147705078124
v 31.65023994445800784 59.11457061767578124 -56.64149856567382816
v 31.86517715454101568 58.31241989135742188 -57.09870147705078124
v 31.86517715454101568 58.31241989135742188 -56.64149856567382816
v 32.31747055053710936 57.61594772338867184 -57.09870147705078124
v 32.31747055053710936 57.61594772338867184 -56.64149856567382816
v 32.96284866333007808 57.09333038330078124 -57.09870147705078124
v 32.96284866333007808 57.09333038330078124 -56.64149856567382816
v 33.73814010620117184 56.79572677612304688 -57.09870147705078124
v 33.73814010620117184 56.79572677612304688 -56.64149856567382816
v 34.56745147705078128 56.75226211547851568 -57.09870147705078124
v 34.56745147705078128 56.75226211547851568 -56.64149856567382816
v 35.36960220336914064 56.96719741821289056 -57.09870147705078124
v 35.36960220336914064 56.96719741821289056 -56.64149856567382816
v 36.06607437133789062 57.41949462890625 -57.09870147705078124
v 36.06607437133789062 57.41949462890625 -56.64149856567382816
v 36.58869171142578128 58.06487274169921875 -57.09870147705078124
v 36.58869171142578128 58.06487274169921875 -56.64149856567382816
v 36.88629531860351568 58.84016036987304688 -57.09870147705078124
v 36.88629531860351568 58.84016036987304688 -56.64149856567382816
v 36.92975997924804688 59.66947174072265624 -57.09870147705078124
v 36.92975997924804688 59.66947174072265624 -56.64149856567382816
v 36.71482467651367184 60.4716224670410156 -57.09870147705078124
v 36.71482467651367184 60.4716224670410156 -56.64149856567382816
v 36.26252746582031248 61.16809463500976562 -57.09870147705078124
v 36.26252746582031248 61.16809463500976562 -56.64149856567382816
v 35.61714935302734376 61.69071197509765624 -57.09870147705078124
v 35.61714935302734376 61.69071197509765624 -56.64149856567382816
v 34.84186172485351568 61.98831939697265632 -57.09870147705078124
v 34.84186172485351568 61.98831939697265632 -56.64149856567382816
v 34.01255035400390625 62.03178024291992187 -57.09870147705078124
v 34.01255035400390625 62.03178024291992187 -56.64149856567382816
v 33.21039962768554688 61.81684494018554688 -57.09870147705078124
v 33.21039962768554688 61.81684494018554688 -56.64149856567382816
v 32.51392745971679688 61.36455154418945312 -57.09870147705078124
v 32.51392745971679688 61.36455154418945312 -56.64149856567382816
v 33.5597496032714844 58.12719345092773438 -57.09870147705078124
v 33.20463562011718752 58.41475677490234376 -57.09870147705078124
v 32.95576858520507808 58.7979850769042968 -57.09870147705078124
v 32.83750152587890624 59.23935699462890624 -57.09870147705078124
v 32.86141586303710944 59.6956787109375 -57.09870147705078124
v 35.26726531982421876 58.30665969848632812 -57.09870147705078124
v 34.8840370178222656 58.05778884887695312 -57.09870147705078124
v 34.44266510009765624 57.93952178955078128 -57.09870147705078124
v 33.98634338378906256 57.96343612670898432 -57.09870147705078124
v 33.02516937255859375 60.12227249145507812 -57.09870147705078124
v 33.31273651123046876 60.47738647460937504 -57.09870147705078124
v 33.69596099853515624 60.72625350952148432 -57.09870147705078124
v 35.3753623962402344 60.36928558349609376 -57.09870147705078124
v 35.62423324584960936 59.98606109619140624 -57.09870147705078124
v 34.59365463256835936 60.82060623168945312 -57.09870147705078124
v 35.0202484130859375 60.65685272216796872 -57.09870147705078124
v 35.74250030517578128 59.54468536376953128 -57.09870147705078124
v 34.13733673095703124 60.84452056884765632 -57.09870147705078124
v 35.71858596801757816 59.08836746215820312 -57.09870147705078124
v 35.55482864379882816 58.66177368164062496 -57.09870147705078124
v 35.71858596801757816 59.08836746215820312 -56.64149856567382816
v 35.55482864379882816 58.66177368164062496 -56.64149856567382816
v 35.74250030517578128 59.54468536376953128 -56.64149856567382816
v 32.83750152587890624 59.23935699462890624 -56.64149856567382816
v 32.86141586303710944 59.6956787109375 -56.64149856567382816
v 32.95576858520507808 58.7979850769042968 -56.64149856567382816
v 33.20463562011718752 58.41475677490234376 -56.64149856567382816
v 33.5597496032714844 58.12719345092773438 -56.64149856567382816
v 34.44266510009765624 57.93952178955078128 -56.64149856567382816
v 33.98634338378906256 57.96343612670898432 -56.64149856567382816
v 34.8840370178222656 58.05778884887695312 -56.64149856567382816
v 35.62423324584960936 59.98606109619140624 -56.64149856567382816
v 35.3753623962402344 60.36928558349609376 -56.64149856567382816
v 35.0202484130859375 60.65685272216796872 -56.64149856567382816
v 34.59365463256835936 60.82060623168945312 -56.64149856567382816
v 34.13733673095703124 60.84452056884765632 -56.64149856567382816
v 33.02516937255859375 60.12227249145507812 -56.64149856567382816
v 35.26726531982421876 58.30665969848632812 -56.64149856567382816
v 33.69596099853515624 60.72625350952148432 -56.64149856567382816
v 33.31273651123046876 60.47738647460937504 -56.64149856567382816
v -2.29869127273559572 69.90715026855468752 -56.64149856567382816
v -2.29869127273559572 69.90715026855468752 -57.09870147705078124
v -2.59629726409912112 69.13185882568359376 -57.09870147705078124
v -2.59629726409912112 69.13185882568359376 -56.64149856567382816
v -2.63975954055786136 68.30255126953125 -57.09870147705078124
v -2.63975954055786136 68.30255126953125 -56.64149856567382816
v -2.42482376098632816 67.50039672851562496 -57.09870147705078124
v -2.42482376098632816 67.50039672851562496 -56.64149856567382816
v -1.97252929210662848 66.80392456054687504 -57.09870147705078124
v -1.97252929210662848 66.80392456054687504 -56.64149856567382816
v -1.32714998722076416 66.28131103515625 -57.09870147705078124
v -1.32714998722076416 66.28131103515625 -56.64149856567382816
v -0.55185997486114504 65.98370361328124992 -57.09870147705078124
v -0.55185997486114504 65.98370361328124992 -56.64149856567382816
v 0.27744990587234496 65.94023895263671872 -57.09870147705078124
v 0.27744990587234496 65.94023895263671872 -56.64149856567382816
v 1.07960104942321777 66.15517425537109376 -57.09870147705078124
v 1.07960104942321777 66.15517425537109376 -56.64149856567382816
v 1.77607333660125728 66.60746765136718752 -57.09870147705078124
v 1.77607333660125728 66.60746765136718752 -56.64149856567382816
v 2.29869127273559572 67.25285339355468752 -57.09870147705078124
v 2.29869127273559572 67.25285339355468752 -56.64149856567382816
v 2.59629726409912112 68.02813720703125 -57.09870147705078124
v 2.59629726409912112 68.02813720703125 -56.64149856567382816
v 2.63975954055786136 68.85745239257812496 -57.09870147705078124
v 2.63975954055786136 68.85745239257812496 -56.64149856567382816
v 2.42482376098632816 69.65959930419921872 -57.09870147705078124
v 2.42482376098632816 69.65959930419921872 -56.64149856567382816
v 1.97252929210662848 70.35607147216796876 -57.09870147705078124
v 1.97252929210662848 70.35607147216796876 -56.64149856567382816
v 1.32714998722076416 70.87869262695312496 -57.09870147705078124
v 1.32714998722076416 70.87869262695312496 -56.64149856567382816
v 0.55185997486114504 71.176300048828125 -57.09870147705078124
v 0.55185997486114504 71.176300048828125 -56.64149856567382816
v -0.27744990587234496 71.219757080078125 -57.09870147705078124
v -0.27744990587234496 71.219757080078125 -56.64149856567382816
v -1.07960104942321777 71.00482177734375 -57.09870147705078124
v -1.07960104942321777 71.00482177734375 -56.64149856567382816
v -1.77607333660125728 70.55252838134765624 -57.09870147705078124
v -1.77607333660125728 70.55252838134765624 -56.64149856567382816
v -0.73025000095367424 67.31517028808593752 -57.09870147705078124
v -1.08536303043365479 67.60273742675781248 -57.09870147705078124
v -1.33423316478729248 67.9859619140625 -57.09870147705078124
v -1.45249927043914792 68.42733764648437504 -57.09870147705078124
v -1.42858457565307616 68.88365173339843744 -57.09870147705078124
v 0.97726523876190192 67.49463653564453128 -57.09870147705078124
v 0.59403884410858152 67.24576568603515624 -57.09870147705078124
v 0.15266382694244384 67.12750244140625 -57.09870147705078124
v -0.30365502834320068 67.1514129638671875 -57.09870147705078124
v -1.2648301124572754 69.31024932861328124 -57.09870147705078124
v -0.97726523876190192 69.66535949707031248 -57.09870147705078124
v -0.59403884410858152 69.91423034667968752 -57.09870147705078124
v 1.08536303043365479 69.55726623535156248 -57.09870147705078124
v 1.33423316478729248 69.174041748046875 -57.09870147705078124
v 0.30365502834320068 70.00858306884765625 -57.09870147705078124
v 0.73025000095367424 69.84483337402343744 -57.09870147705078124
v 1.45249927043914792 68.732666015625 -57.09870147705078124
v -0.15266382694244384 70.032501220703125 -57.09870147705078124
v 1.42858457565307616 68.27634429931640624 -57.09870147705078124
v 1.2648301124572754 67.84974670410156256 -57.09870147705078124
v 1.42858457565307616 68.27634429931640624 -56.64149856567382816
v 1.2648301124572754 67.84974670410156256 -56.64149856567382816
v 1.45249927043914792 68.732666015625 -56.64149856567382816
v -1.45249927043914792 68.42733764648437504 -56.64149856567382816
v -1.42858457565307616 68.88365173339843744 -56.64149856567382816
v -1.33423316478729248 67.9859619140625 -56.64149856567382816
v -1.08536303043365479 67.60273742675781248 -56.64149856567382816
v -0.73025000095367424 67.31517028808593752 -56.64149856567382816
v 0.15266382694244384 67.12750244140625 -56.64149856567382816
v -0.30365502834320068 67.1514129638671875 -56.64149856567382816
v 0.59403884410858152 67.24576568603515624 -56.64149856567382816
v 1.33423316478729248 69.174041748046875 -56.64149856567382816
v 1.08536303043365479 69.55726623535156248 -56.64149856567382816
v 0.73025000095367424 69.84483337402343744 -56.64149856567382816
v 0.30365502834320068 70.00858306884765625 -56.64149856567382816
v -0.15266382694244384 70.032501220703125 -56.64149856567382816
v -1.2648301124572754 69.31024932861328124 -56.64149856567382816
v 0.97726523876190192 67.49463653564453128 -56.64149856567382816
v -0.59403884410858152 69.91423034667968752 -56.64149856567382816
v -0.97726523876190192 69.66535949707031248 -56.64149856567382816
v -66.28131103515625 -1.32714998722076416 -56.64149856567382816
v -66.28131103515625 -1.32714998722076416 -57.09870147705078124
v -65.98370361328124992 -0.55185997486114504 -57.09870147705078124
v -65.98370361328124992 -0.55185997486114504 -56.64149856567382816
v -65.94023895263671872 0.27744990587234496 -57.09870147705078124
v -65.94023895263671872 0.27744990587234496 -56.64149856567382816
v -66.15517425537109376 1.07960104942321777 -57.09870147705078124
v -66.15517425537109376 1.07960104942321777 -56.64149856567382816
v -66.60746765136718752 1.77607333660125728 -57.09870147705078124
v -66.60746765136718752 1.77607333660125728 -56.64149856567382816
v -67.25285339355468752 2.29869127273559572 -57.09870147705078124
v -67.25285339355468752 2.29869127273559572 -56.64149856567382816
v -68.02813720703125 2.59629726409912112 -57.09870147705078124
v -68.02813720703125 2.59629726409912112 -56.64149856567382816
v -68.85745239257812496 2.63975954055786136 -57.09870147705078124
v -68.85745239257812496 2.63975954055786136 -56.64149856567382816
v -69.65959930419921872 2.42482376098632816 -57.09870147705078124
v -69.65959930419921872 2.42482376098632816 -56.64149856567382816
v -70.35607147216796876 1.97252929210662848 -57.09870147705078124
v -70.35607147216796876 1.97252929210662848 -56.64149856567382816
v -70.87869262695312496 1.32714998722076416 -57.09870147705078124
v -70.87869262695312496 1.32714998722076416 -56.64149856567382816
v -71.176300048828125 0.55185997486114504 -57.09870147705078124
v -71.176300048828125 0.55185997486114504 -56.64149856567382816
v -71.219757080078125 -0.27744990587234496 -57.09870147705078124
v -71.219757080078125 -0.27744990587234496 -56.64149856567382816
v -71.00482177734375 -1.07960104942321777 -57.09870147705078124
v -71.00482177734375 -1.07960104942321777 -56.64149856567382816
v -70.55252838134765624 -1.77607333660125728 -57.09870147705078124
v -70.55252838134765624 -1.77607333660125728 -56.64149856567382816
v -69.90715026855468752 -2.29869127273559572 -57.09870147705078124
v -69.90715026855468752 -2.29869127273559572 -56.64149856567382816
v -69.13185882568359376 -2.59629726409912112 -57.09870147705078124
v -69.13185882568359376 -2.59629726409912112 -56.64149856567382816
v -68.30255126953125 -2.63975954055786136 -57.09870147705078124
v -68.30255126953125 -2.63975954055786136 -56.64149856567382816
v -67.50039672851562496 -2.42482376098632816 -57.09870147705078124
v -67.50039672851562496 -2.42482376098632816 -56.64149856567382816
v -66.80392456054687504 -1.97252929210662848 -57.09870147705078124
v -66.80392456054687504 -1.97252929210662848 -56.64149856567382816
v -67.84974670410156256 1.2648301124572754 -57.09870147705078124
v -67.49463653564453128 0.97726523876190192 -57.09870147705078124
v -67.24576568603515624 0.59403884410858152 -57.09870147705078124
v -67.12750244140625 0.15266382694244384 -57.09870147705078124
v -67.1514129638671875 -0.30365502834320068 -57.09870147705078124
v -69.55726623535156248 1.08536303043365479 -57.09870147705078124
v -69.174041748046875 1.33423316478729248 -57.09870147705078124
v -68.732666015625 1.45249927043914792 -57.09870147705078124
v -68.27634429931640624 1.42858457565307616 -57.09870147705078124
v -67.31517028808593752 -0.73025000095367424 -57.09870147705078124
v -67.60273742675781248 -1.08536303043365479 -57.09870147705078124
v -67.9859619140625 -1.33423316478729248 -57.09870147705078124
v -69.66535949707031248 -0.97726523876190192 -57.09870147705078124
v -69.91423034667968752 -0.59403884410858152 -57.09870147705078124
v -68.88365173339843744 -1.42858457565307616 -57.09870147705078124
v -69.31024932861328124 -1.2648301124572754 -57.09870147705078124
v -70.032501220703125 -0.15266382694244384 -57.09870147705078124
v -68.42733764648437504 -1.45249927043914792 -57.09870147705078124
v -70.00858306884765625 0.30365502834320068 -57.09870147705078124
v -69.84483337402343744 0.73025000095367424 -57.09870147705078124
v -70.00858306884765625 0.30365502834320068 -56.64149856567382816
v -69.84483337402343744 0.73025000095367424 -56.64149856567382816
v -70.032501220703125 -0.15266382694244384 -56.64149856567382816
v -67.12750244140625 0.15266382694244384 -56.64149856567382816
v -67.1514129638671875 -0.30365502834320068 -56.64149856567382816
v -67.24576568603515624 0.59403884410858152 -56.64149856567382816
v -67.49463653564453128 0.97726523876190192 -56.64149856567382816
v -67.84974670410156256 1.2648301124572754 -56.64149856567382816
v -68.732666015625 1.45249927043914792 -56.64149856567382816
v -68.27634429931640624 1.42858457565307616 -56.64149856567382816
v -69.174041748046875 1.33423316478729248 -56.64149856567382816
v -69.91423034667968752 -0.59403884410858152 -56.64149856567382816
v -69.66535949707031248 -0.97726523876190192 -56.64149856567382816
v -69.31024932861328124 -1.2648301124572754 -56.64149856567382816
v -68.88365173339843744 -1.42858457565307616 -56.64149856567382816
v -68.42733764648437504 -1.45249927043914792 -56.64149856567382816
v -67.31517028808593752 -0.73025000095367424 -56.64149856567382816
v -69.55726623535156248 1.08536303043365479 -56.64149856567382816
v -67.9859619140625 -1.33423316478729248 -56.64149856567382816
v -67.60273742675781248 -1.08536303043365479 -56.64149856567382816
v 57.09333038330078124 -32.96284866333007808 -56.64149856567382816
v 57.09333038330078124 -32.96284866333007808 -57.09870147705078124
v 56.79572677612304688 -33.73814010620117184 -57.09870147705078124
v 56.79572677612304688 -33.73814010620117184 -56.64149856567382816
v 56.75226211547851568 -34.56745147705078128 -57.09870147705078124
v 56.75226211547851568 -34.56745147705078128 -56.64149856567382816
v 56.96719741821289056 -35.36960220336914064 -57.09870147705078124
v 56.96719741821289056 -35.36960220336914064 -56.64149856567382816
v 57.41949462890625 -36.06607437133789062 -57.09870147705078124
v 57.41949462890625 -36.06607437133789062 -56.64149856567382816
v 58.06487274169921875 -36.58869171142578128 -57.09870147705078124
v 58.06487274169921875 -36.58869171142578128 -56.64149856567382816
v 58.84016036987304688 -36.88629531860351568 -57.09870147705078124
v 58.84016036987304688 -36.88629531860351568 -56.64149856567382816
v 59.66947174072265624 -36.92975997924804688 -57.09870147705078124
v 59.66947174072265624 -36.92975997924804688 -56.64149856567382816
v 60.4716224670410156 -36.71482467651367184 -57.09870147705078124
v 60.4716224670410156 -36.71482467651367184 -56.64149856567382816
v 61.16809463500976562 -36.26252746582031248 -57.09870147705078124
v 61.16809463500976562 -36.26252746582031248 -56.64149856567382816
v 61.69071197509765624 -35.61714935302734376 -57.09870147705078124
v 61.69071197509765624 -35.61714935302734376 -56.64149856567382816
v 61.98831939697265632 -34.84186172485351568 -57.09870147705078124
v 61.98831939697265632 -34.84186172485351568 -56.64149856567382816
v 62.03178024291992187 -34.01255035400390625 -57.09870147705078124
v 62.03178024291992187 -34.01255035400390625 -56.64149856567382816
v 61.81684494018554688 -33.21039962768554688 -57.09870147705078124
v 61.81684494018554688 -33.21039962768554688 -56.64149856567382816
v 61.36455154418945312 -32.51392745971679688 -57.09870147705078124
v 61.36455154418945312 -32.51392745971679688 -56.64149856567382816
v 60.7191734313964844 -31.99130821228027344 -57.09870147705078124
v 60.7191734313964844 -31.99130821228027344 -56.64149856567382816
v 59.94388198852539056 -31.69370269775390624 -57.09870147705078124
v 59.94388198852539056 -31.69370269775390624 -56.64149856567382816
v 59.11457061767578124 -31.65023994445800784 -57.09870147705078124
v 59.11457061767578124 -31.65023994445800784 -56.64149856567382816
v 58.31241989135742188 -31.86517715454101568 -57.09870147705078124
v 58.31241989135742188 -31.86517715454101568 -56.64149856567382816
v 57.61594772338867184 -32.31747055053710936 -57.09870147705078124
v 57.61594772338867184 -32.31747055053710936 -56.64149856567382816
v 58.66177368164062496 -35.55482864379882816 -57.09870147705078124
v 58.30665969848632812 -35.26726531982421876 -57.09870147705078124
v 58.05778884887695312 -34.8840370178222656 -57.09870147705078124
v 57.93952178955078128 -34.44266510009765624 -57.09870147705078124
v 57.96343612670898432 -33.98634338378906256 -57.09870147705078124
v 60.36928558349609376 -35.3753623962402344 -57.09870147705078124
v 59.98606109619140624 -35.62423324584960936 -57.09870147705078124
v 59.54468536376953128 -35.74250030517578128 -57.09870147705078124
v 59.08836746215820312 -35.71858596801757816 -57.09870147705078124
v 58.12719345092773438 -33.5597496032714844 -57.09870147705078124
v 58.41475677490234376 -33.20463562011718752 -57.09870147705078124
v 58.7979850769042968 -32.95576858520507808 -57.09870147705078124
v 60.47738647460937504 -33.31273651123046876 -57.09870147705078124
v 60.72625350952148432 -33.69596099853515624 -57.09870147705078124
v 59.6956787109375 -32.86141586303710944 -57.09870147705078124
v 60.12227249145507812 -33.02516937255859375 -57.09870147705078124
v 60.84452056884765632 -34.13733673095703124 -57.09870147705078124
v 59.23935699462890624 -32.83750152587890624 -57.09870147705078124
v 60.82060623168945312 -34.59365463256835936 -57.09870147705078124
v 60.65685272216796872 -35.0202484130859375 -57.09870147705078124
v 60.82060623168945312 -34.59365463256835936 -56.64149856567382816
v 60.65685272216796872 -35.0202484130859375 -56.64149856567382816
v 60.84452056884765632 -34.13733673095703124 -56.64149856567382816
v 57.93952178955078128 -34.44266510009765624 -56.64149856567382816
v 57.96343612670898432 -33.98634338378906256 -56.64149856567382816
v 58.05778884887695312 -34.8840370178222656 -56.64149856567382816
v 58.30665969848632812 -35.26726531982421876 -56.64149856567382816
v 58.66177368164062496 -35.55482864379882816 -56.64149856567382816
v 59.54468536376953128 -35.74250030517578128 -56.64149856567382816
v 59.08836746215820312 -35.71858596801757816 -56.64149856567382816
v 59.98606109619140624 -35.62423324584960936 -56.64149856567382816
v 60.72625350952148432 -33.69596099853515624 -56.64149856567382816
v 60.47738647460937504 -33.31273651123046876 -56.64149856567382816
v 60.12227249145507812 -33.02516937255859375 -56.64149856567382816
v 59.6956787109375 -32.86141586303710944 -56.64149856567382816
v 59.23935699462890624 -32.83750152587890624 -56.64149856567382816
v 58.12719345092773438 -33.5597496032714844 -56.64149856567382816
v 60.36928558349609376 -35.3753623962402344 -56.64149856567382816
v 58.7979850769042968 -32.95576858520507808 -56.64149856567382816
v 58.41475677490234376 -33.20463562011718752 -56.64149856567382816
v -31.63570022583007816 -59.39202117919921872 -56.64149856567382816
v -31.63570022583007816 -59.39202117919921872 -57.09870147705078124
v -31.76560974121093744 -58.57180023193359376 -57.09870147705078124
v -31.76560974121093744 -58.57180023193359376 -56.64149856567382816
v -32.14262771606445312 -57.83186340332031248 -57.09870147705078124
v -32.14262771606445312 -57.83186340332031248 -56.64149856567382816
v -32.72984313964843744 -57.24464797973632812 -57.09870147705078124
v -32.72984313964843744 -57.24464797973632812 -56.64149856567382816
v -33.46977615356445312 -56.86763381958007808 -57.09870147705078124
v -33.46977615356445312 -56.86763381958007808 -56.64149856567382816
v -34.29000091552734376 -56.73772048950195312 -57.09870147705078124
v -34.29000091552734376 -56.73772048950195312 -56.64149856567382816
v -35.11022567749023438 -56.86763381958007808 -57.09870147705078124
v -35.11022567749023438 -56.86763381958007808 -56.64149856567382816
v -35.85015869140624992 -57.24464797973632812 -57.09870147705078124
v -35.85015869140624992 -57.24464797973632812 -56.64149856567382816
v -36.4373741149902344 -57.83186340332031248 -57.09870147705078124
v -36.4373741149902344 -57.83186340332031248 -56.64149856567382816
v -36.81438827514648432 -58.57180023193359376 -57.09870147705078124
v -36.81438827514648432 -58.57180023193359376 -56.64149856567382816
v -36.94430160522460944 -59.39202117919921872 -57.09870147705078124
v -36.94430160522460944 -59.39202117919921872 -56.64149856567382816
v -36.81438827514648432 -60.21224594116210936 -57.09870147705078124
v -36.81438827514648432 -60.21224594116210936 -56.64149856567382816
v -36.4373741149902344 -60.95217895507812496 -57.09870147705078124
v -36.4373741149902344 -60.95217895507812496 -56.64149856567382816
v -35.85015869140624992 -61.53939437866210936 -57.09870147705078124
v -35.85015869140624992 -61.53939437866210936 -56.64149856567382816
v -35.11022567749023438 -61.91641235351562496 -57.09870147705078124
v -35.11022567749023438 -61.91641235351562496 -56.64149856567382816
v -34.29000091552734376 -62.04632186889648438 -57.09870147705078124
v -34.29000091552734376 -62.04632186889648438 -56.64149856567382816
v -33.46977615356445312 -61.91641235351562496 -57.09870147705078124
v -33.46977615356445312 -61.91641235351562496 -56.64149856567382816
v -32.72984313964843744 -61.53939437866210936 -57.09870147705078124
v -32.72984313964843744 -61.53939437866210936 -56.64149856567382816
v -32.14262771606445312 -60.95217895507812496 -57.09870147705078124
v -32.14262771606445312 -60.95217895507812496 -56.64149856567382816
v -31.76560974121093744 -60.21224594116210936 -57.09870147705078124
v -31.76560974121093744 -60.21224594116210936 -56.64149856567382816
v -34.29000091552734376 -57.9315223693847656 -57.09870147705078124
v -33.83868026733398432 -58.0030059814453125 -57.09870147705078124
v -33.43154144287109376 -58.21045303344726564 -57.09870147705078124
v -33.108428955078125 -58.53356170654296872 -57.09870147705078124
v -32.90098190307617184 -58.94070434570312496 -57.09870147705078124
v -35.6790199279785156 -58.94070434570312496 -57.09870147705078124
v -35.47156906127929688 -58.53356170654296872 -57.09870147705078124
v -35.14846038818359376 -58.21045303344726564 -57.09870147705078124
v -34.74131774902343744 -58.0030059814453125 -57.09870147705078124
v -32.82949829101562496 -59.39202117919921872 -57.09870147705078124
v -32.90098190307617184 -59.84334182739257808 -57.09870147705078124
v -33.108428955078125 -60.25048065185546876 -57.09870147705078124
v -34.74131774902343744 -60.78104019165039056 -57.09870147705078124
v -35.14846038818359376 -60.57359313964843752 -57.09870147705078124
v -33.83868026733398432 -60.78104019165039056 -57.09870147705078124
v -34.29000091552734376 -60.85252380371093744 -57.09870147705078124
v -35.47156906127929688 -60.25048065185546876 -57.09870147705078124
v -33.43154144287109376 -60.57359313964843752 -57.09870147705078124
v -35.6790199279785156 -59.84334182739257808 -57.09870147705078124
v -35.7504997253417968 -59.39202117919921872 -57.09870147705078124
v -35.6790199279785156 -59.84334182739257808 -56.64149856567382816
v -35.7504997253417968 -59.39202117919921872 -56.64149856567382816
v -35.47156906127929688 -60.25048065185546876 -56.64149856567382816
v -33.108428955078125 -58.53356170654296872 -56.64149856567382816
v -32.90098190307617184 -58.94070434570312496 -56.64149856567382816
v -33.43154144287109376 -58.21045303344726564 -56.64149856567382816
v -33.83868026733398432 -58.0030059814453125 -56.64149856567382816
v -34.29000091552734376 -57.9315223693847656 -56.64149856567382816
v -35.14846038818359376 -58.21045303344726564 -56.64149856567382816
v -34.74131774902343744 -58.0030059814453125 -56.64149856567382816
v -35.47156906127929688 -58.53356170654296872 -56.64149856567382816
v -35.14846038818359376 -60.57359313964843752 -56.64149856567382816
v -34.74131774902343744 -60.78104019165039056 -56.64149856567382816
v -34.29000091552734376 -60.85252380371093744 -56.64149856567382816
v -33.83868026733398432 -60.78104019165039056 -56.64149856567382816
v -33.43154144287109376 -60.57359313964843752 -56.64149856567382816
v -32.82949829101562496 -59.39202117919921872 -56.64149856567382816
v -35.6790199279785156 -58.94070434570312496 -56.64149856567382816
v -33.108428955078125 -60.25048065185546876 -56.64149856567382816
v -32.90098190307617184 -59.84334182739257808 -56.64149856567382816
v 2.29869127273559572 -69.90715026855468752 -56.64149856567382816
v 2.29869127273559572 -69.90715026855468752 -57.09870147705078124
v 2.59629726409912112 -69.13185882568359376 -57.09870147705078124
v 2.59629726409912112 -69.13185882568359376 -56.64149856567382816
v 2.63975954055786136 -68.30255126953125 -57.09870147705078124
v 2.63975954055786136 -68.30255126953125 -56.64149856567382816
v 2.42482376098632816 -67.50039672851562496 -57.09870147705078124
v 2.42482376098632816 -67.50039672851562496 -56.64149856567382816
v 1.97252929210662848 -66.80392456054687504 -57.09870147705078124
v 1.97252929210662848 -66.80392456054687504 -56.64149856567382816
v 1.32714998722076416 -66.28131103515625 -57.09870147705078124
v 1.32714998722076416 -66.28131103515625 -56.64149856567382816
v 0.55185997486114504 -65.98370361328124992 -57.09870147705078124
v 0.55185997486114504 -65.98370361328124992 -56.64149856567382816
v -0.27744990587234496 -65.94023895263671872 -57.09870147705078124
v -0.27744990587234496 -65.94023895263671872 -56.64149856567382816
v -1.07960104942321777 -66.15517425537109376 -57.09870147705078124
v -1.07960104942321777 -66.15517425537109376 -56.64149856567382816
v -1.77607333660125728 -66.60746765136718752 -57.09870147705078124
v -1.77607333660125728 -66.60746765136718752 -56.64149856567382816
v -2.29869127273559572 -67.25285339355468752 -57.09870147705078124
v -2.29869127273559572 -67.25285339355468752 -56.64149856567382816
v -2.59629726409912112 -68.02813720703125 -57.09870147705078124
v -2.59629726409912112 -68.02813720703125 -56.64149856567382816
v -2.63975954055786136 -68.85745239257812496 -57.09870147705078124
v -2.63975954055786136 -68.85745239257812496 -56.64149856567382816
v -2.42482376098632816 -69.65959930419921872 -57.09870147705078124
v -2.42482376098632816 -69.65959930419921872 -56.64149856567382816
v -1.97252929210662848 -70.35607147216796876 -57.09870147705078124
v -1.97252929210662848 -70.35607147216796876 -56.64149856567382816
v -1.32714998722076416 -70.87869262695312496 -57.09870147705078124
v -1.32714998722076416 -70.87869262695312496 -56.64149856567382816
v -0.55185997486114504 -71.176300048828125 -57.09870147705078124
v -0.55185997486114504 -71.176300048828125 -56.64149856567382816
v 0.27744990587234496 -71.219757080078125 -57.09870147705078124
v 0.27744990587234496 -71.219757080078125 -56.64149856567382816
v 1.07960104942321777 -71.00482177734375 -57.09870147705078124
v 1.07960104942321777 -71.00482177734375 -56.64149856567382816
v 1.77607333660125728 -70.55252838134765624 -57.09870147705078124
v 1.77607333660125728 -70.55252838134765624 -56.64149856567382816
v 0.73025000095367424 -67.31517028808593752 -57.09870147705078124
v 1.08536303043365479 -67.60273742675781248 -57.09870147705078124
v 1.33423316478729248 -67.9859619140625 -57.09870147705078124
v 1.45249927043914792 -68.42733764648437504 -57.09870147705078124
v 1.42858457565307616 -68.88365173339843744 -57.09870147705078124
v -0.97726523876190192 -67.49463653564453128 -57.09870147705078124
v -0.59403884410858152 -67.24576568603515624 -57.09870147705078124
v -0.15266382694244384 -67.12750244140625 -57.09870147705078124
v 0.30365502834320068 -67.1514129638671875 -57.09870147705078124
v 1.2648301124572754 -69.31024932861328124 -57.09870147705078124
v 0.97726523876190192 -69.66535949707031248 -57.09870147705078124
v 0.59403884410858152 -69.91423034667968752 -57.09870147705078124
v -1.08536303043365479 -69.55726623535156248 -57.09870147705078124
v -1.33423316478729248 -69.174041748046875 -57.09870147705078124
v -0.30365502834320068 -70.00858306884765625 -57.09870147705078124
v -0.73025000095367424 -69.84483337402343744 -57.09870147705078124
v -1.45249927043914792 -68.732666015625 -57.09870147705078124
v 0.15266382694244384 -70.032501220703125 -57.09870147705078124
v -1.42858457565307616 -68.27634429931640624 -57.09870147705078124
v -1.2648301124572754 -67.84974670410156256 -57.09870147705078124
v -1.42858457565307616 -68.27634429931640624 -56.64149856567382816
v -1.2648301124572754 -67.84974670410156256 -56.64149856567382816
v -1.45249927043914792 -68.732666015625 -56.64149856567382816
v 1.45249927043914792 -68.42733764648437504 -56.64149856567382816
v 1.42858457565307616 -68.88365173339843744 -56.64149856567382816
v 1.33423316478729248 -67.9859619140625 -56.64149856567382816
v 1.08536303043365479 -67.60273742675781248 -56.64149856567382816
v 0.73025000095367424 -67.31517028808593752 -56.64149856567382816
v -0.15266382694244384 -67.12750244140625 -56.64149856567382816
v 0.30365502834320068 -67.1514129638671875 -56.64149856567382816
v -0.59403884410858152 -67.24576568603515624 -56.64149856567382816
v -1.33423316478729248 -69.174041748046875 -56.64149856567382816
v -1.08536303043365479 -69.55726623535156248 -56.64149856567382816
v -0.73025000095367424 -69.84483337402343744 -56.64149856567382816
v -0.30365502834320068 -70.00858306884765625 -56.64149856567382816
v 0.15266382694244384 -70.032501220703125 -56.64149856567382816
v 1.2648301124572754 -69.31024932861328124 -56.64149856567382816
v -0.97726523876190192 -67.49463653564453128 -56.64149856567382816
v 0.59403884410858152 -69.91423034667968752 -56.64149856567382816
v 0.97726523876190192 -69.66535949707031248 -56.64149856567382816
v 57.09333038330078124 35.61714935302734376 -56.64149856567382816
v 57.09333038330078124 35.61714935302734376 -57.09870147705078124
v 56.79572677612304688 34.84186172485351568 -57.09870147705078124
v 56.79572677612304688 34.84186172485351568 -56.64149856567382816
v 56.75226211547851568 34.01255035400390625 -57.09870147705078124
v 56.75226211547851568 34.01255035400390625 -56.64149856567382816
v 56.96719741821289056 33.21039962768554688 -57.09870147705078124
v 56.96719741821289056 33.21039962768554688 -56.64149856567382816
v 57.41949462890625 32.51392745971679688 -57.09870147705078124
v 57.41949462890625 32.51392745971679688 -56.64149856567382816
v 58.06487274169921875 31.99130821228027344 -57.09870147705078124
v 58.06487274169921875 31.99130821228027344 -56.64149856567382816
v 58.84016036987304688 31.69370269775390624 -57.09870147705078124
v 58.84016036987304688 31.69370269775390624 -56.64149856567382816
v 59.66947174072265624 31.65023994445800784 -57.09870147705078124
v 59.66947174072265624 31.65023994445800784 -56.64149856567382816
v 60.4716224670410156 31.86517715454101568 -57.09870147705078124
v 60.4716224670410156 31.86517715454101568 -56.64149856567382816
v 61.16809463500976562 32.31747055053710936 -57.09870147705078124
v 61.16809463500976562 32.31747055053710936 -56.64149856567382816
v 61.69071197509765624 32.96284866333007808 -57.09870147705078124
v 61.69071197509765624 32.96284866333007808 -56.64149856567382816
v 61.98831939697265632 33.73814010620117184 -57.09870147705078124
v 61.98831939697265632 33.73814010620117184 -56.64149856567382816
v 62.03178024291992187 34.56745147705078128 -57.09870147705078124
v 62.03178024291992187 34.56745147705078128 -56.64149856567382816
v 61.81684494018554688 35.36960220336914064 -57.09870147705078124
v 61.81684494018554688 35.36960220336914064 -56.64149856567382816
v 61.36455154418945312 36.06607437133789062 -57.09870147705078124
v 61.36455154418945312 36.06607437133789062 -56.64149856567382816
v 60.7191734313964844 36.58869171142578128 -57.09870147705078124
v 60.7191734313964844 36.58869171142578128 -56.64149856567382816
v 59.94388198852539056 36.88629531860351568 -57.09870147705078124
v 59.94388198852539056 36.88629531860351568 -56.64149856567382816
v 59.11457061767578124 36.92975997924804688 -57.09870147705078124
v 59.11457061767578124 36.92975997924804688 -56.64149856567382816
v 58.31241989135742188 36.71482467651367184 -57.09870147705078124
v 58.31241989135742188 36.71482467651367184 -56.64149856567382816
v 57.61594772338867184 36.26252746582031248 -57.09870147705078124
v 57.61594772338867184 36.26252746582031248 -56.64149856567382816
v 58.66177368164062496 33.02516937255859375 -57.09870147705078124
v 58.30665969848632812 33.31273651123046876 -57.09870147705078124
v 58.05778884887695312 33.69596099853515624 -57.09870147705078124
v 57.93952178955078128 34.13733673095703124 -57.09870147705078124
v 57.96343612670898432 34.59365463256835936 -57.09870147705078124
v 60.36928558349609376 33.20463562011718752 -57.09870147705078124
v 59.98606109619140624 32.95576858520507808 -57.09870147705078124
v 59.54468536376953128 32.83750152587890624 -57.09870147705078124
v 59.08836746215820312 32.86141586303710944 -57.09870147705078124
v 58.12719345092773438 35.0202484130859375 -57.09870147705078124
v 58.41475677490234376 35.3753623962402344 -57.09870147705078124
v 58.7979850769042968 35.62423324584960936 -57.09870147705078124
v 60.47738647460937504 35.26726531982421876 -57.09870147705078124
v 60.72625350952148432 34.8840370178222656 -57.09870147705078124
v 59.6956787109375 35.71858596801757816 -57.09870147705078124
v 60.12227249145507812 35.55482864379882816 -57.09870147705078124
v 60.84452056884765632 34.44266510009765624 -57.09870147705078124
v 59.23935699462890624 35.74250030517578128 -57.09870147705078124
v 60.82060623168945312 33.98634338378906256 -57.09870147705078124
v 60.65685272216796872 33.5597496032714844 -57.09870147705078124
v 60.82060623168945312 33.98634338378906256 -56.64149856567382816
v 60.65685272216796872 33.5597496032714844 -56.64149856567382816
v 60.84452056884765632 34.44266510009765624 -56.64149856567382816
v 57.93952178955078128 34.13733673095703124 -56.64149856567382816
v 57.96343612670898432 34.59365463256835936 -56.64149856567382816
v 58.05778884887695312 33.69596099853515624 -56.64149856567382816
v 58.30665969848632812 33.31273651123046876 -56.64149856567382816
v 58.66177368164062496 33.02516937255859375 -56.64149856567382816
v 59.54468536376953128 32.83750152587890624 -56.64149856567382816
v 59.08836746215820312 32.86141586303710944 -56.64149856567382816
v 59.98606109619140624 32.95576858520507808 -56.64149856567382816
v 60.72625350952148432 34.8840370178222656 -56.64149856567382816
v 60.47738647460937504 35.26726531982421876 -56.64149856567382816
v 60.12227249145507812 35.55482864379882816 -56.64149856567382816
v 59.6956787109375 35.71858596801757816 -56.64149856567382816
v 59.23935699462890624 35.74250030517578128 -56.64149856567382816
v 58.12719345092773438 35.0202484130859375 -56.64149856567382816
v 60.36928558349609376 33.20463562011718752 -56.64149856567382816
v 58.7979850769042968 35.62423324584960936 -56.64149856567382816
v 58.41475677490234376 35.3753623962402344 -56.64149856567382816
# 880 vertices

vn 0.93358039855957024 -0.3583679497241974 0
vn 0.99862951040267952 -0.0523359552025795 0
vn 0.96592581272125248 0.25881904363632204 0
vn 0.83867055177688592 0.5446390509605408 0
vn 0.62932038307189944 0.7771459817886352 0
vn 0.3583679497241974 0.93358039855957024 0
vn 0.0523359552025795 0.99862951040267952 0
vn -0.25881904363632204 0.96592581272125248 0
vn -0.5446390509605408 0.83867055177688592 0
vn -0.7771459817886352 0.62932038307189944 0
vn -0.93358039855957024 0.3583679497241974 0
vn -0.99862951040267952 0.0523359552025795 0
vn -0.96592581272125248 -0.25881904363632204 0
vn -0.83867055177688592 -0.5446390509605408 0
vn -0.62932038307189944 -0.7771459817886352 0
vn -0.3583679497241974 -0.93358039855957024 0
vn -0.0523359552025795 -0.99862951040267952 0
vn 0.25881904363632204 -0.96592581272125248 0
vn 0.5446390509605408 -0.83867055177688592 0
vn 0.7771459817886352 -0.62932038307189944 0
vn 0 0 -1
vn 0 0 1
vn 0.9876883625984192 0.15643446147441864 0
vn 0.8910065293312072 0.45399048924446104 0
vn 0.7071067690849304 0.7071067690849304 0
vn 0.45399048924446104 0.8910065293312072 0
vn 0.15643446147441864 0.9876883625984192 0
vn -0.15643446147441864 0.9876883625984192 0
vn -0.45399048924446104 0.8910065293312072 0
vn -0.7071067690849304 0.7071067690849304 0
vn -0.8910065293312072 0.45399048924446104 0
vn -0.9876883625984192 0.15643446147441864 0
vn -0.9876883625984192 -0.15643446147441864 0
vn -0.8910065293312072 -0.45399048924446104 0
vn -0.7071067690849304 -0.7071067690849304 0
vn -0.45399048924446104 -0.8910065293312072 0
vn -0.15643446147441864 -0.9876883625984192 0
vn 0.15643446147441864 -0.9876883625984192 0
vn 0.45399048924446104 -0.8910065293312072 0
vn 0.7071067690849304 -0.7071067690849304 0
vn 0.8910065293312072 -0.45399048924446104 0
vn 0.9876883625984192 -0.15643446147441864 0
# 42 vertex normals

g obj_29001101
s 1
f 1//1 2//1 3//1
f 4//2 3//2 5//2
f 6//3 5//3 7//3
f 8//4 7//4 9//4
f 10//5 9//5 11//5
f 12//6 11//6 13//6
f 14//7 13//7 15//7
f 16//8 15//8 17//8
f 18//9 17//9 19//9
f 20//10 19//10 21//10
f 22//11 21//11 23//11
f 24//12 23//12 25//12
f 26//13 25//13 27//13
f 28//14 27//14 29//14
f 30//15 29//15 31//15
f 32//16 31//16 33//16
f 34//17 33//17 35//17
f 36//18 35//18 37//18
f 38//19 37//19 39//19
f 40//20 39//20 2//20
f 2//20 1//20 40//20
f 39//19 40//19 38//19
f 37//18 38//18 36//18
f 35//17 36//17 34//17
f 33//16 34//16 32//16
f 31//15 32//15 30//15
f 29//14 30//14 28//14
f 27//13 28//13 26//13
f 25//12 26//12 24//12
f 23//11 24//11 22//11
f 21//10 22//10 20//10
f 19//9 20//9 18//9
f 17//8 18//8 16//8
f 15//7 16//7 14//7
f 13//6 14//6 12//6
f 11//5 12//5 10//5
f 9//4 10//4 8//4
f 7//3 8//3 6//3
f 5//2 6//2 4//2
f 3//1 4//1 1//1
f 13//21 11//21 41//21
f 11//21 9//21 42//21
f 42//21 41//21 11//21
f 9//21 7//21 43//21
f 7//21 5//21 44//21
f 5//21 3//21 45//21
f 43//21 42//21 9//21
f 45//21 44//21 5//21
f 21//21 19//21 46//21
f 19//21 17//21 47//21
f 17//21 15//21 48//21
f 15//21 13//21 49//21
f 44//21 43//21 7//21
f 3//21 2//21 50//21
f 2//21 39//21 51//21
f 39//21 37//21 52//21
f 31//21 29//21 53//21
f 29//21 27//21 54//21
f 47//21 46//21 19//21
f 49//21 48//21 15//21
f 50//21 45//21 3//21
f 52//21 51//21 39//21
f 35//21 33//21 55//21
f 33//21 31//21 56//21
f 54//21 53//21 29//21
f 27//21 25//21 57//21
f 48//21 47//21 17//21
f 51//21 50//21 2//21
f 37//21 35//21 58//21
f 56//21 55//21 33//21
f 57//21 54//21 27//21
f 25//21 23//21 59//21
f 41//21 49//21 13//21
f 55//21 58//21 35//21
f 59//21 57//21 25//21
f 23//21 21//21 60//21
f 58//21 52//21 37//21
f 60//21 59//21 23//21
f 53//21 56//21 31//21
f 46//21 60//21 21//21
f 24//22 61//22 62//22
f 26//22 63//22 61//22
f 6//22 64//22 65//22
f 8//22 66//22 64//22
f 10//22 67//22 66//22
f 12//22 68//22 67//22
f 16//22 69//22 70//22
f 18//22 71//22 69//22
f 61//22 24//22 26//22
f 28//22 72//22 63//22
f 30//22 73//22 72//22
f 32//22 74//22 73//22
f 34//22 75//22 74//22
f 36//22 76//22 75//22
f 4//22 65//22 77//22
f 64//22 6//22 8//22
f 67//22 10//22 12//22
f 14//22 70//22 68//22
f 69//22 16//22 18//22
f 20//22 78//22 71//22
f 63//22 26//22 28//22
f 73//22 30//22 32//22
f 75//22 34//22 36//22
f 38//22 79//22 76//22
f 65//22 4//22 6//22
f 68//22 12//22 14//22
f 71//22 18//22 20//22
f 22//22 62//22 78//22
f 72//22 28//22 30//22
f 76//22 36//22 38//22
f 40//22 80//22 79//22
f 1//22 77//22 80//22
f 66//22 8//22 10//22
f 78//22 20//22 22//22
f 74//22 32//22 34//22
f 80//22 40//22 1//22
f 70//22 14//22 16//22
f 79//22 38//22 40//22
f 62//22 22//22 24//22
f 77//22 1//22 4//22
f 59//1 60//1 62//1
f 57//2 59//2 61//2
f 54//3 57//3 63//3
f 53//4 54//4 72//4
f 56//5 53//5 73//5
f 55//6 56//6 74//6
f 58//7 55//7 75//7
f 52//8 58//8 76//8
f 51//9 52//9 79//9
f 50//10 51//10 80//10
f 45//11 50//11 77//11
f 44//12 45//12 65//12
f 43//13 44//13 64//13
f 42//14 43//14 66//14
f 41//15 42//15 67//15
f 49//16 41//16 68//16
f 48//17 49//17 70//17
f 47//18 48//18 69//18
f 46//19 47//19 71//19
f 60//20 46//20 78//20
f 78//20 62//20 60//20
f 71//19 78//19 46//19
f 69//18 71//18 47//18
f 70//17 69//17 48//17
f 68//16 70//16 49//16
f 67//15 68//15 41//15
f 66//14 67//14 42//14
f 64//13 66//13 43//13
f 65//12 64//12 44//12
f 77//11 65//11 45//11
f 80//10 77//10 50//10
f 79//9 80//9 51//9
f 76//8 79//8 52//8
f 75//7 76//7 58//7
f 74//6 75//6 55//6
f 73//5 74//5 56//5
f 72//4 73//4 53//4
f 63//3 72//3 54//3
f 61//2 63//2 57//2
f 62//1 61//1 59//1
f 81//1 82//1 83//1
f 84//2 83//2 85//2
f 86//3 85//3 87//3
f 88//4 87//4 89//4
f 90//5 89//5 91//5
f 92//6 91//6 93//6
f 94//7 93//7 95//7
f 96//8 95//8 97//8
f 98//9 97//9 99//9
f 100//10 99//10 101//10
f 102//11 101//11 103//11
f 104//12 103//12 105//12
f 106//13 105//13 107//13
f 108//14 107//14 109//14
f 110//15 109//15 111//15
f 112//16 111//16 113//16
f 114//17 113//17 115//17
f 116//18 115//18 117//18
f 118//19 117//19 119//19
f 120//20 119//20 82//20
f 82//20 81//20 120//20
f 119//19 120//19 118//19
f 117//18 118//18 116//18
f 115//17 116//17 114//17
f 113//16 114//16 112//16
f 111//15 112//15 110//15
f 109//14 110//14 108//14
f 107//13 108//13 106//13
f 105//12 106//12 104//12
f 103//11 104//11 102//11
f 101//10 102//10 100//10
f 99//9 100//9 98//9
f 97//8 98//8 96//8
f 95//7 96//7 94//7
f 93//6 94//6 92//6
f 91//5 92//5 90//5
f 89//4 90//4 88//4
f 87//3 88//3 86//3
f 85//2 86//2 84//2
f 83//1 84//1 81//1
f 93//21 91//21 121//21
f 91//21 89//21 122//21
f 122//21 121//21 91//21
f 89//21 87//21 123//21
f 87//21 85//21 124//21
f 85//21 83//21 125//21
f 123//21 122//21 89//21
f 125//21 124//21 85//21
f 101//21 99//21 126//21
f 99//21 97//21 127//21
f 97//21 95//21 128//21
f 95//21 93//21 129//21
f 124//21 123//21 87//21
f 83//21 82//21 130//21
f 82//21 119//21 131//21
f 119//21 117//21 132//21
f 111//21 109//21 133//21
f 109//21 107//21 134//21
f 127//21 126//21 99//21
f 129//21 128//21 95//21
f 130//21 125//21 83//21
f 132//21 131//21 119//21
f 115//21 113//21 135//21
f 113//21 111//21 136//21
f 134//21 133//21 109//21
f 107//21 105//21 137//21
f 128//21 127//21 97//21
f 131//21 130//21 82//21
f 117//21 115//21 138//21
f 136//21 135//21 113//21
f 137//21 134//21 107//21
f 105//21 103//21 139//21
f 121//21 129//21 93//21
f 135//21 138//21 115//21
f 139//21 137//21 105//21
f 103//21 101//21 140//21
f 138//21 132//21 117//21
f 140//21 139//21 103//21
f 133//21 136//21 111//21
f 126//21 140//21 101//21
f 104//22 141//22 142//22
f 106//22 143//22 141//22
f 86//22 144//22 145//22
f 88//22 146//22 144//22
f 90//22 147//22 146//22
f 92//22 148//22 147//22
f 96//22 149//22 150//22
f 98//22 151//22 149//22
f 141//22 104//22 106//22
f 108//22 152//22 143//22
f 110//22 153//22 152//22
f 112//22 154//22 153//22
f 114//22 155//22 154//22
f 116//22 156//22 155//22
f 84//22 145//22 157//22
f 144//22 86//22 88//22
f 147//22 90//22 92//22
f 94//22 150//22 148//22
f 149//22 96//22 98//22
f 100//22 158//22 151//22
f 143//22 106//22 108//22
f 153//22 110//22 112//22
f 155//22 114//22 116//22
f 118//22 159//22 156//22
f 145//22 84//22 86//22
f 148//22 92//22 94//22
f 151//22 98//22 100//22
f 102//22 142//22 158//22
f 152//22 108//22 110//22
f 156//22 116//22 118//22
f 120//22 160//22 159//22
f 81//22 157//22 160//22
f 146//22 88//22 90//22
f 158//22 100//22 102//22
f 154//22 112//22 114//22
f 160//22 120//22 81//22
f 150//22 94//22 96//22
f 159//22 118//22 120//22
f 142//22 102//22 104//22
f 157//22 81//22 84//22
f 139//1 140//1 142//1
f 137//2 139//2 141//2
f 134//3 137//3 143//3
f 133//4 134//4 152//4
f 136//5 133//5 153//5
f 135//6 136//6 154//6
f 138//7 135//7 155//7
f 132//8 138//8 156//8
f 131//9 132//9 159//9
f 130//10 131//10 160//10
f 125//11 130//11 157//11
f 124//12 125//12 145//12
f 123//13 124//13 144//13
f 122//14 123//14 146//14
f 121//15 122//15 147//15
f 129//16 121//16 148//16
f 128//17 129//17 150//17
f 127//18 128//18 149//18
f 126//19 127//19 151//19
f 140//20 126//20 158//20
f 158//20 142//20 140//20
f 151//19 158//19 126//19
f 149//18 151//18 127//18
f 150//17 149//17 128//17
f 148//16 150//16 129//16
f 147//15 148//15 121//15
f 146//14 147//14 122//14
f 144//13 146//13 123//13
f 145//12 144//12 124//12
f 157//11 145//11 125//11
f 160//10 157//10 130//10
f 159//9 160//9 131//9
f 156//8 159//8 132//8
f 155//7 156//7 138//7
f 154//6 155//6 135//6
f 153//5 154//5 136//5
f 152//4 153//4 133//4
f 143//3 152//3 134//3
f 141//2 143//2 137//2
f 142//1 141//1 139//1
f 161//1 162//1 163//1
f 164//2 163//2 165//2
f 166//3 165//3 167//3
f 168//4 167//4 169//4
f 170//5 169//5 171//5
f 172//6 171//6 173//6
f 174//7 173//7 175//7
f 176//8 175//8 177//8
f 178//9 177//9 179//9
f 180//10 179//10 181//10
f 182//11 181//11 183//11
f 184//12 183//12 185//12
f 186//13 185//13 187//13
f 188//14 187//14 189//14
f 190//15 189//15 191//15
f 192//16 191//16 193//16
f 194//17 193//17 195//17
f 196//18 195//18 197//18
f 198//19 197//19 199//19
f 200//20 199//20 162//20
f 162//20 161//20 200//20
f 199//19 200//19 198//19
f 197//18 198//18 196//18
f 195//17 196//17 194//17
f 193//16 194//16 192//16
f 191//15 192//15 190//15
f 189//14 190//14 188//14
f 187//13 188//13 186//13
f 185//12 186//12 184//12
f 183//11 184//11 182//11
f 181//10 182//10 180//10
f 179//9 180//9 178//9
f 177//8 178//8 176//8
f 175//7 176//7 174//7
f 173//6 174//6 172//6
f 171//5 172//5 170//5
f 169//4 170//4 168//4
f 167//3 168//3 166//3
f 165//2 166//2 164//2
f 163//1 164//1 161//1
f 173//21 171//21 201//21
f 171//21 169//21 202//21
f 202//21 201//21 171//21
f 169//21 167//21 203//21
f 167//21 165//21 204//21
f 165//21 163//21 205//21
f 203//21 202//21 169//21
f 205//21 204//21 165//21
f 181//21 179//21 206//21
f 179//21 177//21 207//21
f 177//21 175//21 208//21
f 175//21 173//21 209//21
f 204//21 203//21 167//21
f 163//21 162//21 210//21
f 162//21 199//21 211//21
f 199//21 197//21 212//21
f 191//21 189//21 213//21
f 189//21 187//21 214//21
f 207//21 206//21 179//21
f 209//21 208//21 175//21
f 210//21 205//21 163//21
f 212//21 211//21 199//21
f 195//21 193//21 215//21
f 193//21 191//21 216//21
f 214//21 213//21 189//21
f 187//21 185//21 217//21
f 208//21 207//21 177//21
f 211//21 210//21 162//21
f 197//21 195//21 218//21
f 216//21 215//21 193//21
f 217//21 214//21 187//21
f 185//21 183//21 219//21
f 201//21 209//21 173//21
f 215//21 218//21 195//21
f 219//21 217//21 185//21
f 183//21 181//21 220//21
f 218//21 212//21 197//21
f 220//21 219//21 183//21
f 213//21 216//21 191//21
f 206//21 220//21 181//21
f 184//22 221//22 222//22
f 186//22 223//22 221//22
f 166//22 224//22 225//22
f 168//22 226//22 224//22
f 170//22 227//22 226//22
f 172//22 228//22 227//22
f 176//22 229//22 230//22
f 178//22 231//22 229//22
f 221//22 184//22 186//22
f 188//22 232//22 223//22
f 190//22 233//22 232//22
f 192//22 234//22 233//22
f 194//22 235//22 234//22
f 196//22 236//22 235//22
f 164//22 225//22 237//22
f 224//22 166//22 168//22
f 227//22 170//22 172//22
f 174//22 230//22 228//22
f 229//22 176//22 178//22
f 180//22 238//22 231//22
f 223//22 186//22 188//22
f 233//22 190//22 192//22
f 235//22 194//22 196//22
f 198//22 239//22 236//22
f 225//22 164//22 166//22
f 228//22 172//22 174//22
f 231//22 178//22 180//22
f 182//22 222//22 238//22
f 232//22 188//22 190//22
f 236//22 196//22 198//22
f 200//22 240//22 239//22
f 161//22 237//22 240//22
f 226//22 168//22 170//22
f 238//22 180//22 182//22
f 234//22 192//22 194//22
f 240//22 200//22 161//22
f 230//22 174//22 176//22
f 239//22 198//22 200//22
f 222//22 182//22 184//22
f 237//22 161//22 164//22
f 219//1 220//1 222//1
f 217//2 219//2 221//2
f 214//3 217//3 223//3
f 213//4 214//4 232//4
f 216//5 213//5 233//5
f 215//6 216//6 234//6
f 218//7 215//7 235//7
f 212//8 218//8 236//8
f 211//9 212//9 239//9
f 210//10 211//10 240//10
f 205//11 210//11 237//11
f 204//12 205//12 225//12
f 203//13 204//13 224//13
f 202//14 203//14 226//14
f 201//15 202//15 227//15
f 209//16 201//16 228//16
f 208//17 209//17 230//17
f 207//18 208//18 229//18
f 206//19 207//19 231//19
f 220//20 206//20 238//20
f 238//20 222//20 220//20
f 231//19 238//19 206//19
f 229//18 231//18 207//18
f 230//17 229//17 208//17
f 228//16 230//16 209//16
f 227//15 228//15 201//15
f 226//14 227//14 202//14
f 224//13 226//13 203//13
f 225//12 224//12 204//12
f 237//11 225//11 205//11
f 240//10 237//10 210//10
f 239//9 240//9 211//9
f 236//8 239//8 212//8
f 235//7 236//7 218//7
f 234//6 235//6 215//6
f 233//5 234//5 216//5
f 232//4 233//4 213//4
f 223//3 232//3 214//3
f 221//2 223//2 217//2
f 222//1 221//1 219//1
f 241//11 242//11 243//11
f 244//12 243//12 245//12
f 246//13 245//13 247//13
f 248//14 247//14 249//14
f 250//15 249//15 251//15
f 252//16 251//16 253//16
f 254//17 253//17 255//17
f 256//18 255//18 257//18
f 258//19 257//19 259//19
f 260//20 259//20 261//20
f 262//1 261//1 263//1
f 264//2 263//2 265//2
f 266//3 265//3 267//3
f 268//4 267//4 269//4
f 270//5 269//5 271//5
f 272//6 271//6 273//6
f 274//7 273//7 275//7
f 276//8 275//8 277//8
f 278//9 277//9 279//9
f 280//10 279//10 242//10
f 242//10 241//10 280//10
f 279//9 280//9 278//9
f 277//8 278//8 276//8
f 275//7 276//7 274//7
f 273//6 274//6 272//6
f 271//5 272//5 270//5
f 269//4 270//4 268//4
f 267//3 268//3 266//3
f 265//2 266//2 264//2
f 263//1 264//1 262//1
f 261//20 262//20 260//20
f 259//19 260//19 258//19
f 257//18 258//18 256//18
f 255//17 256//17 254//17
f 253//16 254//16 252//16
f 251//15 252//15 250//15
f 249//14 250//14 248//14
f 247//13 248//13 246//13
f 245//12 246//12 244//12
f 243//11 244//11 241//11
f 253//21 251//21 281//21
f 251//21 249//21 282//21
f 282//21 281//21 251//21
f 249//21 247//21 283//21
f 247//21 245//21 284//21
f 245//21 243//21 285//21
f 283//21 282//21 249//21
f 285//21 284//21 245//21
f 261//21 259//21 286//21
f 259//21 257//21 287//21
f 257//21 255//21 288//21
f 255//21 253//21 289//21
f 284//21 283//21 247//21
f 243//21 242//21 290//21
f 242//21 279//21 291//21
f 279//21 277//21 292//21
f 271//21 269//21 293//21
f 269//21 267//21 294//21
f 287//21 286//21 259//21
f 289//21 288//21 255//21
f 290//21 285//21 243//21
f 292//21 291//21 279//21
f 275//21 273//21 295//21
f 273//21 271//21 296//21
f 294//21 293//21 269//21
f 267//21 265//21 297//21
f 288//21 287//21 257//21
f 291//21 290//21 242//21
f 277//21 275//21 298//21
f 296//21 295//21 273//21
f 297//21 294//21 267//21
f 265//21 263//21 299//21
f 281//21 289//21 253//21
f 295//21 298//21 275//21
f 299//21 297//21 265//21
f 263//21 261//21 300//21
f 298//21 292//21 277//21
f 300//21 299//21 263//21
f 293//21 296//21 271//21
f 286//21 300//21 261//21
f 264//22 301//22 302//22
f 266//22 303//22 301//22
f 246//22 304//22 305//22
f 248//22 306//22 304//22
f 250//22 307//22 306//22
f 252//22 308//22 307//22
f 256//22 309//22 310//22
f 258//22 311//22 309//22
f 301//22 264//22 266//22
f 268//22 312//22 303//22
f 270//22 313//22 312//22
f 272//22 314//22 313//22
f 274//22 315//22 314//22
f 276//22 316//22 315//22
f 244//22 305//22 317//22
f 304//22 246//22 248//22
f 307//22 250//22 252//22
f 254//22 310//22 308//22
f 309//22 256//22 258//22
f 260//22 318//22 311//22
f 303//22 266//22 268//22
f 313//22 270//22 272//22
f 315//22 274//22 276//22
f 278//22 319//22 316//22
f 305//22 244//22 246//22
f 308//22 252//22 254//22
f 311//22 258//22 260//22
f 262//22 302//22 318//22
f 312//22 268//22 270//22
f 316//22 276//22 278//22
f 280//22 320//22 319//22
f 241//22 317//22 320//22
f 306//22 248//22 250//22
f 318//22 260//22 262//22
f 314//22 272//22 274//22
f 320//22 280//22 241//22
f 310//22 254//22 256//22
f 319//22 278//22 280//22
f 302//22 262//22 264//22
f 317//22 241//22 244//22
f 299//11 300//11 302//11
f 297//12 299//12 301//12
f 294//13 297//13 303//13
f 293//14 294//14 312//14
f 296//15 293//15 313//15
f 295//16 296//16 314//16
f 298//17 295//17 315//17
f 292//18 298//18 316//18
f 291//19 292//19 319//19
f 290//20 291//20 320//20
f 285//1 290//1 317//1
f 284//2 285//2 305//2
f 283//3 284//3 304//3
f 282//4 283//4 306//4
f 281//5 282//5 307//5
f 289//6 281//6 308//6
f 288//7 289//7 310//7
f 287//8 288//8 309//8
f 286//9 287//9 311//9
f 300//10 286//10 318//10
f 318//10 302//10 300//10
f 311//9 318//9 286//9
f 309//8 311//8 287//8
f 310//7 309//7 288//7
f 308//6 310//6 289//6
f 307//5 308//5 281//5
f 306//4 307//4 282//4
f 304//3 306//3 283//3
f 305//2 304//2 284//2
f 317//1 305//1 285//1
f 320//20 317//20 290//20
f 319//19 320//19 291//19
f 316//18 319//18 292//18
f 315//17 316//17 298//17
f 314//16 315//16 295//16
f 313//15 314//15 296//15
f 312//14 313//14 293//14
f 303//13 312//13 294//13
f 301//12 303//12 297//12
f 302//11 301//11 299//11
f 321//11 322//11 323//11
f 324//12 323//12 325//12
f 326//13 325//13 327//13
f 328//14 327//14 329//14
f 330//15 329//15 331//15
f 332//16 331//16 333//16
f 334//17 333//17 335//17
f 336//18 335//18 337//18
f 338//19 337//19 339//19
f 340//20 339//20 341//20
f 342//1 341//1 343//1
f 344//2 343//2 345//2
f 346//3 345//3 347//3
f 348//4 347//4 349//4
f 350//5 349//5 351//5
f 352//6 351//6 353//6
f 354//7 353//7 355//7
f 356//8 355//8 357//8
f 358//9 357//9 359//9
f 360//10 359//10 322//10
f 322//10 321//10 360//10
f 359//9 360//9 358//9
f 357//8 358//8 356//8
f 355//7 356//7 354//7
f 353//6 354//6 352//6
f 351//5 352//5 350//5
f 349//4 350//4 348//4
f 347//3 348//3 346//3
f 345//2 346//2 344//2
f 343//1 344//1 342//1
f 341//20 342//20 340//20
f 339//19 340//19 338//19
f 337//18 338//18 336//18
f 335//17 336//17 334//17
f 333//16 334//16 332//16
f 331//15 332//15 330//15
f 329//14 330//14 328//14
f 327//13 328//13 326//13
f 325//12 326//12 324//12
f 323//11 324//11 321//11
f 333//21 331//21 361//21
f 331//21 329//21 362//21
f 362//21 361//21 331//21
f 329//21 327//21 363//21
f 327//21 325//21 364//21
f 325//21 323//21 365//21
f 363//21 362//21 329//21
f 365//21 364//21 325//21
f 341//21 339//21 366//21
f 339//21 337//21 367//21
f 337//21 335//21 368//21
f 335//21 333//21 369//21
f 364//21 363//21 327//21
f 323//21 322//21 370//21
f 322//21 359//21 371//21
f 359//21 357//21 372//21
f 351//21 349//21 373//21
f 349//21 347//21 374//21
f 367//21 366//21 339//21
f 369//21 368//21 335//21
f 370//21 365//21 323//21
f 372//21 371//21 359//21
f 355//21 353//21 375//21
f 353//21 351//21 376//21
f 374//21 373//21 349//21
f 347//21 345//21 377//21
f 368//21 367//21 337//21
f 371//21 370//21 322//21
f 357//21 355//21 378//21
f 376//21 375//21 353//21
f 377//21 374//21 347//21
f 345//21 343//21 379//21
f 361//21 369//21 333//21
f 375//21 378//21 355//21
f 379//21 377//21 345//21
f 343//21 341//21 380//21
f 378//21 372//21 357//21
f 380//21 379//21 343//21
f 373//21 376//21 351//21
f 366//21 380//21 341//21
f 344//22 381//22 382//22
f 346//22 383//22 381//22
f 326//22 384//22 385//22
f 328//22 386//22 384//22
f 330//22 387//22 386//22
f 332//22 388//22 387//22
f 336//22 389//22 390//22
f 338//22 391//22 389//22
f 381//22 344//22 346//22
f 348//22 392//22 383//22
f 350//22 393//22 392//22
f 352//22 394//22 393//22
f 354//22 395//22 394//22
f 356//22 396//22 395//22
f 324//22 385//22 397//22
f 384//22 326//22 328//22
f 387//22 330//22 332//22
f 334//22 390//22 388//22
f 389//22 336//22 338//22
f 340//22 398//22 391//22
f 383//22 346//22 348//22
f 393//22 350//22 352//22
f 395//22 354//22 356//22
f 358//22 399//22 396//22
f 385//22 324//22 326//22
f 388//22 332//22 334//22
f 391//22 338//22 340//22
f 342//22 382//22 398//22
f 392//22 348//22 350//22
f 396//22 356//22 358//22
f 360//22 400//22 399//22
f 321//22 397//22 400//22
f 386//22 328//22 330//22
f 398//22 340//22 342//22
f 394//22 352//22 354//22
f 400//22 360//22 321//22
f 390//22 334//22 336//22
f 399//22 358//22 360//22
f 382//22 342//22 344//22
f 397//22 321//22 324//22
f 379//11 380//11 382//11
f 377//12 379//12 381//12
f 374//13 377//13 383//13
f 373//14 374//14 392//14
f 376//15 373//15 393//15
f 375//16 376//16 394//16
f 378//17 375//17 395//17
f 372//18 378//18 396//18
f 371//19 372//19 399//19
f 370//20 371//20 400//20
f 365//1 370//1 397//1
f 364//2 365//2 385//2
f 363//3 364//3 384//3
f 362//4 363//4 386//4
f 361//5 362//5 387//5
f 369//6 361//6 388//6
f 368//7 369//7 390//7
f 367//8 368//8 389//8
f 366//9 367//9 391//9
f 380//10 366//10 398//10
f 398//10 382//10 380//10
f 391//9 398//9 366//9
f 389//8 391//8 367//8
f 390//7 389//7 368//7
f 388//6 390//6 369//6
f 387//5 388//5 361//5
f 386//4 387//4 362//4
f 384//3 386//3 363//3
f 385//2 384//2 364//2
f 397//1 385//1 365//1
f 400//20 397//20 370//20
f 399//19 400//19 371//19
f 396//18 399//18 372//18
f 395//17 396//17 378//17
f 394//16 395//16 375//16
f 393//15 394//15 376//15
f 392//14 393//14 373//14
f 383//13 392//13 374//13
f 381//12 383//12 377//12
f 382//11 381//11 379//11
f 401//11 402//11 403//11
f 404//12 403//12 405//12
f 406//13 405//13 407//13
f 408//14 407//14 409//14
f 410//15 409//15 411//15
f 412//16 411//16 413//16
f 414//17 413//17 415//17
f 416//18 415//18 417//18
f 418//19 417//19 419//19
f 420//20 419//20 421//20
f 422//1 421//1 423//1
f 424//2 423//2 425//2
f 426//3 425//3 427//3
f 428//4 427//4 429//4
f 430//5 429//5 431//5
f 432//6 431//6 433//6
f 434//7 433//7 435//7
f 436//8 435//8 437//8
f 438//9 437//9 439//9
f 440//10 439//10 402//10
f 402//10 401//10 440//10
f 439//9 440//9 438//9
f 437//8 438//8 436//8
f 435//7 436//7 434//7
f 433//6 434//6 432//6
f 431//5 432//5 430//5
f 429//4 430//4 428//4
f 427//3 428//3 426//3
f 425//2 426//2 424//2
f 423//1 424//1 422//1
f 421//20 422//20 420//20
f 419//19 420//19 418//19
f 417//18 418//18 416//18
f 415//17 416//17 414//17
f 413//16 414//16 412//16
f 411//15 412//15 410//15
f 409//14 410//14 408//14
f 407//13 408//13 406//13
f 405//12 406//12 404//12
f 403//11 404//11 401//11
f 413//21 411//21 441//21
f 411//21 409//21 442//21
f 442//21 441//21 411//21
f 409//21 407//21 443//21
f 407//21 405//21 444//21
f 405//21 403//21 445//21
f 443//21 442//21 409//21
f 445//21 444//21 405//21
f 421//21 419//21 446//21
f 419//21 417//21 447//21
f 417//21 415//21 448//21
f 415//21 413//21 449//21
f 444//21 443//21 407//21
f 403//21 402//21 450//21
f 402//21 439//21 451//21
f 439//21 437//21 452//21
f 431//21 429//21 453//21
f 429//21 427//21 454//21
f 447//21 446//21 419//21
f 449//21 448//21 415//21
f 450//21 445//21 403//21
f 452//21 451//21 439//21
f 435//21 433//21 455//21
f 433//21 431//21 456//21
f 454//21 453//21 429//21
f 427//21 425//21 457//21
f 448//21 447//21 417//21
f 451//21 450//21 402//21
f 437//21 435//21 458//21
f 456//21 455//21 433//21
f 457//21 454//21 427//21
f 425//21 423//21 459//21
f 441//21 449//21 413//21
f 455//21 458//21 435//21
f 459//21 457//21 425//21
f 423//21 421//21 460//21
f 458//21 452//21 437//21
f 460//21 459//21 423//21
f 453//21 456//21 431//21
f 446//21 460//21 421//21
f 424//22 461//22 462//22
f 426//22 463//22 461//22
f 406//22 464//22 465//22
f 408//22 466//22 464//22
f 410//22 467//22 466//22
f 412//22 468//22 467//22
f 416//22 469//22 470//22
f 418//22 471//22 469//22
f 461//22 424//22 426//22
f 428//22 472//22 463//22
f 430//22 473//22 472//22
f 432//22 474//22 473//22
f 434//22 475//22 474//22
f 436//22 476//22 475//22
f 404//22 465//22 477//22
f 464//22 406//22 408//22
f 467//22 410//22 412//22
f 414//22 470//22 468//22
f 469//22 416//22 418//22
f 420//22 478//22 471//22
f 463//22 426//22 428//22
f 473//22 430//22 432//22
f 475//22 434//22 436//22
f 438//22 479//22 476//22
f 465//22 404//22 406//22
f 468//22 412//22 414//22
f 471//22 418//22 420//22
f 422//22 462//22 478//22
f 472//22 428//22 430//22
f 476//22 436//22 438//22
f 440//22 480//22 479//22
f 401//22 477//22 480//22
f 466//22 408//22 410//22
f 478//22 420//22 422//22
f 474//22 432//22 434//22
f 480//22 440//22 401//22
f 470//22 414//22 416//22
f 479//22 438//22 440//22
f 462//22 422//22 424//22
f 477//22 401//22 404//22
f 459//11 460//11 462//11
f 457//12 459//12 461//12
f 454//13 457//13 463//13
f 453//14 454//14 472//14
f 456//15 453//15 473//15
f 455//16 456//16 474//16
f 458//17 455//17 475//17
f 452//18 458//18 476//18
f 451//19 452//19 479//19
f 450//20 451//20 480//20
f 445//1 450//1 477//1
f 444//2 445//2 465//2
f 443//3 444//3 464//3
f 442//4 443//4 466//4
f 441//5 442//5 467//5
f 449//6 441//6 468//6
f 448//7 449//7 470//7
f 447//8 448//8 469//8
f 446//9 447//9 471//9
f 460//10 446//10 478//10
f 478//10 462//10 460//10
f 471//9 478//9 446//9
f 469//8 471//8 447//8
f 470//7 469//7 448//7
f 468//6 470//6 449//6
f 467//5 468//5 441//5
f 466//4 467//4 442//4
f 464//3 466//3 443//3
f 465//2 464//2 444//2
f 477//1 465//1 445//1
f 480//20 477//20 450//20
f 479//19 480//19 451//19
f 476//18 479//18 452//18
f 475//17 476//17 458//17
f 474//16 475//16 455//16
f 473//15 474//15 456//15
f 472//14 473//14 453//14
f 463//13 472//13 454//13
f 461//12 463//12 457//12
f 462//11 461//11 459//11
f 481//1 482//1 483//1
f 484//2 483//2 485//2
f 486//3 485//3 487//3
f 488//4 487//4 489//4
f 490//5 489//5 491//5
f 492//6 491//6 493//6
f 494//7 493//7 495//7
f 496//8 495//8 497//8
f 498//9 497//9 499//9
f 500//10 499//10 501//10
f 502//11 501//11 503//11
f 504//12 503//12 505//12
f 506//13 505//13 507//13
f 508//14 507//14 509//14
f 510//15 509//15 511//15
f 512//16 511//16 513//16
f 514//17 513//17 515//17
f 516//18 515//18 517//18
f 518//19 517//19 519//19
f 520//20 519//20 482//20
f 482//20 481//20 520//20
f 519//19 520//19 518//19
f 517//18 518//18 516//18
f 515//17 516//17 514//17
f 513//16 514//16 512//16
f 511//15 512//15 510//15
f 509//14 510//14 508//14
f 507//13 508//13 506//13
f 505//12 506//12 504//12
f 503//11 504//11 502//11
f 501//10 502//10 500//10
f 499//9 500//9 498//9
f 497//8 498//8 496//8
f 495//7 496//7 494//7
f 493//6 494//6 492//6
f 491//5 492//5 490//5
f 489//4 490//4 488//4
f 487//3 488//3 486//3
f 485//2 486//2 484//2
f 483//1 484//1 481//1
f 493//21 491//21 521//21
f 491//21 489//21 522//21
f 522//21 521//21 491//21
f 489//21 487//21 523//21
f 487//21 485//21 524//21
f 485//21 483//21 525//21
f 523//21 522//21 489//21
f 525//21 524//21 485//21
f 501//21 499//21 526//21
f 499//21 497//21 527//21
f 497//21 495//21 528//21
f 495//21 493//21 529//21
f 524//21 523//21 487//21
f 483//21 482//21 530//21
f 482//21 519//21 531//21
f 519//21 517//21 532//21
f 511//21 509//21 533//21
f 509//21 507//21 534//21
f 527//21 526//21 499//21
f 529//21 528//21 495//21
f 530//21 525//21 483//21
f 532//21 531//21 519//21
f 515//21 513//21 535//21
f 513//21 511//21 536//21
f 534//21 533//21 509//21
f 507//21 505//21 537//21
f 528//21 527//21 497//21
f 531//21 530//21 482//21
f 517//21 515//21 538//21
f 536//21 535//21 513//21
f 537//21 534//21 507//21
f 505//21 503//21 539//21
f 521//21 529//21 493//21
f 535//21 538//21 515//21
f 539//21 537//21 505//21
f 503//21 501//21 540//21
f 538//21 532//21 517//21
f 540//21 539//21 503//21
f 533//21 536//21 511//21
f 526//21 540//21 501//21
f 504//22 541//22 542//22
f 506//22 543//22 541//22
f 486//22 544//22 545//22
f 488//22 546//22 544//22
f 490//22 547//22 546//22
f 492//22 548//22 547//22
f 496//22 549//22 550//22
f 498//22 551//22 549//22
f 541//22 504//22 506//22
f 508//22 552//22 543//22
f 510//22 553//22 552//22
f 512//22 554//22 553//22
f 514//22 555//22 554//22
f 516//22 556//22 555//22
f 484//22 545//22 557//22
f 544//22 486//22 488//22
f 547//22 490//22 492//22
f 494//22 550//22 548//22
f 549//22 496//22 498//22
f 500//22 558//22 551//22
f 543//22 506//22 508//22
f 553//22 510//22 512//22
f 555//22 514//22 516//22
f 518//22 559//22 556//22
f 545//22 484//22 486//22
f 548//22 492//22 494//22
f 551//22 498//22 500//22
f 502//22 542//22 558//22
f 552//22 508//22 510//22
f 556//22 516//22 518//22
f 520//22 560//22 559//22
f 481//22 557//22 560//22
f 546//22 488//22 490//22
f 558//22 500//22 502//22
f 554//22 512//22 514//22
f 560//22 520//22 481//22
f 550//22 494//22 496//22
f 559//22 518//22 520//22
f 542//22 502//22 504//22
f 557//22 481//22 484//22
f 539//1 540//1 542//1
f 537//2 539//2 541//2
f 534//3 537//3 543//3
f 533//4 534//4 552//4
f 536//5 533//5 553//5
f 535//6 536//6 554//6
f 538//7 535//7 555//7
f 532//8 538//8 556//8
f 531//9 532//9 559//9
f 530//10 531//10 560//10
f 525//11 530//11 557//11
f 524//12 525//12 545//12
f 523//13 524//13 544//13
f 522//14 523//14 546//14
f 521//15 522//15 547//15
f 529//16 521//16 548//16
f 528//17 529//17 550//17
f 527//18 528//18 549//18
f 526//19 527//19 551//19
f 540//20 526//20 558//20
f 558//20 542//20 540//20
f 551//19 558//19 526//19
f 549//18 551//18 527//18
f 550//17 549//17 528//17
f 548//16 550//16 529//16
f 547//15 548//15 521//15
f 546//14 547//14 522//14
f 544//13 546//13 523//13
f 545//12 544//12 524//12
f 557//11 545//11 525//11
f 560//10 557//10 530//10
f 559//9 560//9 531//9
f 556//8 559//8 532//8
f 555//7 556//7 538//7
f 554//6 555//6 535//6
f 553//5 554//5 536//5
f 552//4 553//4 533//4
f 543//3 552//3 534//3
f 541//2 543//2 537//2
f 542//1 541//1 539//1
f 561//11 562//11 563//11
f 564//12 563//12 565//12
f 566//13 565//13 567//13
f 568//14 567//14 569//14
f 570//15 569//15 571//15
f 572//16 571//16 573//16
f 574//17 573//17 575//17
f 576//18 575//18 577//18
f 578//19 577//19 579//19
f 580//20 579//20 581//20
f 582//1 581//1 583//1
f 584//2 583//2 585//2
f 586//3 585//3 587//3
f 588//4 587//4 589//4
f 590//5 589//5 591//5
f 592//6 591//6 593//6
f 594//7 593//7 595//7
f 596//8 595//8 597//8
f 598//9 597//9 599//9
f 600//10 599//10 562//10
f 562//10 561//10 600//10
f 599//9 600//9 598//9
f 597//8 598//8 596//8
f 595//7 596//7 594//7
f 593//6 594//6 592//6
f 591//5 592//5 590//5
f 589//4 590//4 588//4
f 587//3 588//3 586//3
f 585//2 586//2 584//2
f 583//1 584//1 582//1
f 581//20 582//20 580//20
f 579//19 580//19 578//19
f 577//18 578//18 576//18
f 575//17 576//17 574//17
f 573//16 574//16 572//16
f 571//15 572//15 570//15
f 569//14 570//14 568//14
f 567//13 568//13 566//13
f 565//12 566//12 564//12
f 563//11 564//11 561//11
f 573//21 571//21 601//21
f 571//21 569//21 602//21
f 602//21 601//21 571//21
f 569//21 567//21 603//21
f 567//21 565//21 604//21
f 565//21 563//21 605//21
f 603//21 602//21 569//21
f 605//21 604//21 565//21
f 581//21 579//21 606//21
f 579//21 577//21 607//21
f 577//21 575//21 608//21
f 575//21 573//21 609//21
f 604//21 603//21 567//21
f 563//21 562//21 610//21
f 562//21 599//21 611//21
f 599//21 597//21 612//21
f 591//21 589//21 613//21
f 589//21 587//21 614//21
f 607//21 606//21 579//21
f 609//21 608//21 575//21
f 610//21 605//21 563//21
f 612//21 611//21 599//21
f 595//21 593//21 615//21
f 593//21 591//21 616//21
f 614//21 613//21 589//21
f 587//21 585//21 617//21
f 608//21 607//21 577//21
f 611//21 610//21 562//21
f 597//21 595//21 618//21
f 616//21 615//21 593//21
f 617//21 614//21 587//21
f 585//21 583//21 619//21
f 601//21 609//21 573//21
f 615//21 618//21 595//21
f 619//21 617//21 585//21
f 583//21 581//21 620//21
f 618//21 612//21 597//21
f 620//21 619//21 583//21
f 613//21 616//21 591//21
f 606//21 620//21 581//21
f 584//22 621//22 622//22
f 586//22 623//22 621//22
f 566//22 624//22 625//22
f 568//22 626//22 624//22
f 570//22 627//22 626//22
f 572//22 628//22 627//22
f 576//22 629//22 630//22
f 578//22 631//22 629//22
f 621//22 584//22 586//22
f 588//22 632//22 623//22
f 590//22 633//22 632//22
f 592//22 634//22 633//22
f 594//22 635//22 634//22
f 596//22 636//22 635//22
f 564//22 625//22 637//22
f 624//22 566//22 568//22
f 627//22 570//22 572//22
f 574//22 630//22 628//22
f 629//22 576//22 578//22
f 580//22 638//22 631//22
f 623//22 586//22 588//22
f 633//22 590//22 592//22
f 635//22 594//22 596//22
f 598//22 639//22 636//22
f 625//22 564//22 566//22
f 628//22 572//22 574//22
f 631//22 578//22 580//22
f 582//22 622//22 638//22
f 632//22 588//22 590//22
f 636//22 596//22 598//22
f 600//22 640//22 639//22
f 561//22 637//22 640//22
f 626//22 568//22 570//22
f 638//22 580//22 582//22
f 634//22 592//22 594//22
f 640//22 600//22 561//22
f 630//22 574//22 576//22
f 639//22 598//22 600//22
f 622//22 582//22 584//22
f 637//22 561//22 564//22
f 619//11 620//11 622//11
f 617//12 619//12 621//12
f 614//13 617//13 623//13
f 613//14 614//14 632//14
f 616//15 613//15 633//15
f 615//16 616//16 634//16
f 618//17 615//17 635//17
f 612//18 618//18 636//18
f 611//19 612//19 639//19
f 610//20 611//20 640//20
f 605//1 610//1 637//1
f 604//2 605//2 625//2
f 603//3 604//3 624//3
f 602//4 603//4 626//4
f 601//5 602//5 627//5
f 609//6 601//6 628//6
f 608//7 609//7 630//7
f 607//8 608//8 629//8
f 606//9 607//9 631//9
f 620//10 606//10 638//10
f 638//10 622//10 620//10
f 631//9 638//9 606//9
f 629//8 631//8 607//8
f 630//7 629//7 608//7
f 628//6 630//6 609//6
f 627//5 628//5 601//5
f 626//4 627//4 602//4
f 624//3 626//3 603//3
f 625//2 624//2 604//2
f 637//1 625//1 605//1
f 640//20 637//20 610//20
f 639//19 640//19 611//19
f 636//18 639//18 612//18
f 635//17 636//17 618//17
f 634//16 635//16 615//16
f 633//15 634//15 616//15
f 632//14 633//14 613//14
f 623//13 632//13 614//13
f 621//12 623//12 617//12
f 622//11 621//11 619//11
f 641//23 642//23 643//23
f 644//24 643//24 645//24
f 646//25 645//25 647//25
f 648//26 647//26 649//26
f 650//27 649//27 651//27
f 652//28 651//28 653//28
f 654//29 653//29 655//29
f 656//30 655//30 657//30
f 658//31 657//31 659//31
f 660//32 659//32 661//32
f 662//33 661//33 663//33
f 664//34 663//34 665//34
f 666//35 665//35 667//35
f 668//36 667//36 669//36
f 670//37 669//37 671//37
f 672//38 671//38 673//38
f 674//39 673//39 675//39
f 676//40 675//40 677//40
f 678//41 677//41 679//41
f 680//42 679//42 642//42
f 642//42 641//42 680//42
f 679//41 680//41 678//41
f 677//40 678//40 676//40
f 675//39 676//39 674//39
f 673//38 674//38 672//38
f 671//37 672//37 670//37
f 669//36 670//36 668//36
f 667//35 668//35 666//35
f 665//34 666//34 664//34
f 663//33 664//33 662//33
f 661//32 662//32 660//32
f 659//31 660//31 658//31
f 657//30 658//30 656//30
f 655//29 656//29 654//29
f 653//28 654//28 652//28
f 651//27 652//27 650//27
f 649//26 650//26 648//26
f 647//25 648//25 646//25
f 645//24 646//24 644//24
f 643//23 644//23 641//23
f 653//21 651//21 681//21
f 651//21 649//21 682//21
f 682//21 681//21 651//21
f 649//21 647//21 683//21
f 647//21 645//21 684//21
f 645//21 643//21 685//21
f 683//21 682//21 649//21
f 685//21 684//21 645//21
f 661//21 659//21 686//21
f 659//21 657//21 687//21
f 657//21 655//21 688//21
f 655//21 653//21 689//21
f 684//21 683//21 647//21
f 643//21 642//21 690//21
f 642//21 679//21 691//21
f 679//21 677//21 692//21
f 671//21 669//21 693//21
f 669//21 667//21 694//21
f 687//21 686//21 659//21
f 689//21 688//21 655//21
f 690//21 685//21 643//21
f 692//21 691//21 679//21
f 675//21 673//21 695//21
f 673//21 671//21 696//21
f 694//21 693//21 669//21
f 667//21 665//21 697//21
f 688//21 687//21 657//21
f 691//21 690//21 642//21
f 677//21 675//21 698//21
f 696//21 695//21 673//21
f 697//21 694//21 667//21
f 665//21 663//21 699//21
f 681//21 689//21 653//21
f 695//21 698//21 675//21
f 699//21 697//21 665//21
f 663//21 661//21 700//21
f 698//21 692//21 677//21
f 700//21 699//21 663//21
f 693//21 696//21 671//21
f 686//21 700//21 661//21
f 664//22 701//22 702//22
f 666//22 703//22 701//22
f 646//22 704//22 705//22
f 648//22 706//22 704//22
f 650//22 707//22 706//22
f 652//22 708//22 707//22
f 656//22 709//22 710//22
f 658//22 711//22 709//22
f 701//22 664//22 666//22
f 668//22 712//22 703//22
f 670//22 713//22 712//22
f 672//22 714//22 713//22
f 674//22 715//22 714//22
f 676//22 716//22 715//22
f 644//22 705//22 717//22
f 704//22 646//22 648//22
f 707//22 650//22 652//22
f 654//22 710//22 708//22
f 709//22 656//22 658//22
f 660//22 718//22 711//22
f 703//22 666//22 668//22
f 713//22 670//22 672//22
f 715//22 674//22 676//22
f 678//22 719//22 716//22
f 705//22 644//22 646//22
f 708//22 652//22 654//22
f 711//22 658//22 660//22
f 662//22 702//22 718//22
f 712//22 668//22 670//22
f 716//22 676//22 678//22
f 680//22 720//22 719//22
f 641//22 717//22 720//22
f 706//22 648//22 650//22
f 718//22 660//22 662//22
f 714//22 672//22 674//22
f 720//22 680//22 641//22
f 710//22 654//22 656//22
f 719//22 678//22 680//22
f 702//22 662//22 664//22
f 717//22 641//22 644//22
f 699//23 700//23 702//23
f 697//24 699//24 701//24
f 694//25 697//25 703//25
f 693//26 694//26 712//26
f 696//27 693//27 713//27
f 695//28 696//28 714//28
f 698//29 695//29 715//29
f 692//30 698//30 716//30
f 691//31 692//31 719//31
f 690//32 691//32 720//32
f 685//33 690//33 717//33
f 684//34 685//34 705//34
f 683//35 684//35 704//35
f 682//36 683//36 706//36
f 681//37 682//37 707//37
f 689//38 681//38 708//38
f 688//39 689//39 710//39
f 687//40 688//40 709//40
f 686//41 687//41 711//41
f 700//42 686//42 718//42
f 718//42 702//42 700//42
f 711//41 718//41 686//41
f 709//40 711//40 687//40
f 710//39 709//39 688//39
f 708//38 710//38 689//38
f 707//37 708//37 681//37
f 706//36 707//36 682//36
f 704//35 706//35 683//35
f 705//34 704//34 684//34
f 717//33 705//33 685//33
f 720//32 717//32 690//32
f 719//31 720//31 691//31
f 716//30 719//30 692//30
f 715//29 716//29 698//29
f 714//28 715//28 695//28
f 713//27 714//27 696//27
f 712//26 713//26 693//26
f 703//25 712//25 694//25
f 701//24 703//24 697//24
f 702//23 701//23 699//23
f 721//1 722//1 723//1
f 724//2 723//2 725//2
f 726//3 725//3 727//3
f 728//4 727//4 729//4
f 730//5 729//5 731//5
f 732//6 731//6 733//6
f 734//7 733//7 735//7
f 736//8 735//8 737//8
f 738//9 737//9 739//9
f 740//10 739//10 741//10
f 742//11 741//11 743//11
f 744//12 743//12 745//12
f 746//13 745//13 747//13
f 748//14 747//14 749//14
f 750//15 749//15 751//15
f 752//16 751//16 753//16
f 754//17 753//17 755//17
f 756//18 755//18 757//18
f 758//19 757//19 759//19
f 760//20 759//20 722//20
f 722//20 721//20 760//20
f 759//19 760//19 758//19
f 757//18 758//18 756//18
f 755//17 756//17 754//17
f 753//16 754//16 752//16
f 751//15 752//15 750//15
f 749//14 750//14 748//14
f 747//13 748//13 746//13
f 745//12 746//12 744//12
f 743//11 744//11 742//11
f 741//10 742//10 740//10
f 739//9 740//9 738//9
f 737//8 738//8 736//8
f 735//7 736//7 734//7
f 733//6 734//6 732//6
f 731//5 732//5 730//5
f 729//4 730//4 728//4
f 727//3 728//3 726//3
f 725//2 726//2 724//2
f 723//1 724//1 721//1
f 733//21 731//21 761//21
f 731//21 729//21 762//21
f 762//21 761//21 731//21
f 729//21 727//21 763//21
f 727//21 725//21 764//21
f 725//21 723//21 765//21
f 763//21 762//21 729//21
f 765//21 764//21 725//21
f 741//21 739//21 766//21
f 739//21 737//21 767//21
f 737//21 735//21 768//21
f 735//21 733//21 769//21
f 764//21 763//21 727//21
f 723//21 722//21 770//21
f 722//21 759//21 771//21
f 759//21 757//21 772//21
f 751//21 749//21 773//21
f 749//21 747//21 774//21
f 767//21 766//21 739//21
f 769//21 768//21 735//21
f 770//21 765//21 723//21
f 772//21 771//21 759//21
f 755//21 753//21 775//21
f 753//21 751//21 776//21
f 774//21 773//21 749//21
f 747//21 745//21 777//21
f 768//21 767//21 737//21
f 771//21 770//21 722//21
f 757//21 755//21 778//21
f 776//21 775//21 753//21
f 777//21 774//21 747//21
f 745//21 743//21 779//21
f 761//21 769//21 733//21
f 775//21 778//21 755//21
f 779//21 777//21 745//21
f 743//21 741//21 780//21
f 778//21 772//21 757//21
f 780//21 779//21 743//21
f 773//21 776//21 751//21
f 766//21 780//21 741//21
f 744//22 781//22 782//22
f 746//22 783//22 781//22
f 726//22 784//22 785//22
f 728//22 786//22 784//22
f 730//22 787//22 786//22
f 732//22 788//22 787//22
f 736//22 789//22 790//22
f 738//22 791//22 789//22
f 781//22 744//22 746//22
f 748//22 792//22 783//22
f 750//22 793//22 792//22
f 752//22 794//22 793//22
f 754//22 795//22 794//22
f 756//22 796//22 795//22
f 724//22 785//22 797//22
f 784//22 726//22 728//22
f 787//22 730//22 732//22
f 734//22 790//22 788//22
f 789//22 736//22 738//22
f 740//22 798//22 791//22
f 783//22 746//22 748//22
f 793//22 750//22 752//22
f 795//22 754//22 756//22
f 758//22 799//22 796//22
f 785//22 724//22 726//22
f 788//22 732//22 734//22
f 791//22 738//22 740//22
f 742//22 782//22 798//22
f 792//22 748//22 750//22
f 796//22 756//22 758//22
f 760//22 800//22 799//22
f 721//22 797//22 800//22
f 786//22 728//22 730//22
f 798//22 740//22 742//22
f 794//22 752//22 754//22
f 800//22 760//22 721//22
f 790//22 734//22 736//22
f 799//22 758//22 760//22
f 782//22 742//22 744//22
f 797//22 721//22 724//22
f 779//1 780//1 782//1
f 777//2 779//2 781//2
f 774//3 777//3 783//3
f 773//4 774//4 792//4
f 776//5 773//5 793//5
f 775//6 776//6 794//6
f 778//7 775//7 795//7
f 772//8 778//8 796//8
f 771//9 772//9 799//9
f 770//10 771//10 800//10
f 765//11 770//11 797//11
f 764//12 765//12 785//12
f 763//13 764//13 784//13
f 762//14 763//14 786//14
f 761//15 762//15 787//15
f 769//16 761//16 788//16
f 768//17 769//17 790//17
f 767//18 768//18 789//18
f 766//19 767//19 791//19
f 780//20 766//20 798//20
f 798//20 782//20 780//20
f 791//19 798//19 766//19
f 789//18 791//18 767//18
f 790//17 789//17 768//17
f 788//16 790//16 769//16
f 787//15 788//15 761//15
f 786//14 787//14 762//14
f 784//13 786//13 763//13
f 785//12 784//12 764//12
f 797//11 785//11 765//11
f 800//10 797//10 770//10
f 799//9 800//9 771//9
f 796//8 799//8 772//8
f 795//7 796//7 778//7
f 794//6 795//6 775//6
f 793//5 794//5 776//5
f 792//4 793//4 773//4
f 783//3 792//3 774//3
f 781//2 783//2 777//2
f 782//1 781//1 779//1
f 801//11 802//11 803//11
f 804//12 803//12 805//12
f 806//13 805//13 807//13
f 808//14 807//14 809//14
f 810//15 809//15 811//15
f 812//16 811//16 813//16
f 814//17 813//17 815//17
f 816//18 815//18 817//18
f 818//19 817//19 819//19
f 820//20 819//20 821//20
f 822//1 821//1 823//1
f 824//2 823//2 825//2
f 826//3 825//3 827//3
f 828//4 827//4 829//4
f 830//5 829//5 831//5
f 832//6 831//6 833//6
f 834//7 833//7 835//7
f 836//8 835//8 837//8
f 838//9 837//9 839//9
f 840//10 839//10 802//10
f 802//10 801//10 840//10
f 839//9 840//9 838//9
f 837//8 838//8 836//8
f 835//7 836//7 834//7
f 833//6 834//6 832//6
f 831//5 832//5 830//5
f 829//4 830//4 828//4
f 827//3 828//3 826//3
f 825//2 826//2 824//2
f 823//1 824//1 822//1
f 821//20 822//20 820//20
f 819//19 820//19 818//19
f 817//18 818//18 816//18
f 815//17 816//17 814//17
f 813//16 814//16 812//16
f 811//15 812//15 810//15
f 809//14 810//14 808//14
f 807//13 808//13 806//13
f 805//12 806//12 804//12
f 803//11 804//11 801//11
f 813//21 811//21 841//21
f 811//21 809//21 842//21
f 842//21 841//21 811//21
f 809//21 807//21 843//21
f 807//21 805//21 844//21
f 805//21 803//21 845//21
f 843//21 842//21 809//21
f 845//21 844//21 805//21
f 821//21 819//21 846//21
f 819//21 817//21 847//21
f 817//21 815//21 848//21
f 815//21 813//21 849//21
f 844//21 843//21 807//21
f 803//21 802//21 850//21
f 802//21 839//21 851//21
f 839//21 837//21 852//21
f 831//21 829//21 853//21
f 829//21 827//21 854//21
f 847//21 846//21 819//21
f 849//21 848//21 815//21
f 850//21 845//21 803//21
f 852//21 851//21 839//21
f 835//21 833//21 855//21
f 833//21 831//21 856//21
f 854//21 853//21 829//21
f 827//21 825//21 857//21
f 848//21 847//21 817//21
f 851//21 850//21 802//21
f 837//21 835//21 858//21
f 856//21 855//21 833//21
f 857//21 854//21 827//21
f 825//21 823//21 859//21
f 841//21 849//21 813//21
f 855//21 858//21 835//21
f 859//21 857//21 825//21
f 823//21 821//21 860//21
f 858//21 852//21 837//21
f 860//21 859//21 823//21
f 853//21 856//21 831//21
f 846//21 860//21 821//21
f 824//22 861//22 862//22
f 826//22 863//22 861//22
f 806//22 864//22 865//22
f 808//22 866//22 864//22
f 810//22 867//22 866//22
f 812//22 868//22 867//22
f 816//22 869//22 870//22
f 818//22 871//22 869//22
f 861//22 824//22 826//22
f 828//22 872//22 863//22
f 830//22 873//22 872//22
f 832//22 874//22 873//22
f 834//22 875//22 874//22
f 836//22 876//22 875//22
f 804//22 865//22 877//22
f 864//22 806//22 808//22
f 867//22 810//22 812//22
f 814//22 870//22 868//22
f 869//22 816//22 818//22
f 820//22 878//22 871//22
f 863//22 826//22 828//22
f 873//22 830//22 832//22
f 875//22 834//22 836//22
f 838//22 879//22 876//22
f 865//22 804//22 806//22
f 868//22 812//22 814//22
f 871//22 818//22 820//22
f 822//22 862//22 878//22
f 872//22 828//22 830//22
f 876//22 836//22 838//22
f 840//22 880//22 879//22
f 801//22 877//22 880//22
f 866//22 808//22 810//22
f 878//22 820//22 822//22
f 874//22 832//22 834//22
f 880//22 840//22 801//22
f 870//22 814//22 816//22
f 879//22 838//22 840//22
f 862//22 822//22 824//22
f 877//22 801//22 804//22
f 859//11 860//11 862//11
f 857//12 859//12 861//12
f 854//13 857//13 863//13
f 853//14 854//14 872//14
f 856//15 853//15 873//15
f 855//16 856//16 874//16
f 858//17 855//17 875//17
f 852//18 858//18 876//18
f 851//19 852//19 879//19
f 850//20 851//20 880//20
f 845//1 850//1 877//1
f 844//2 845//2 865//2
f 843//3 844//3 864//3
f 842//4 843//4 866//4
f 841//5 842//5 867//5
f 849//6 841//6 868//6
f 848//7 849//7 870//7
f 847//8 848//8 869//8
f 846//9 847//9 871//9
f 860//10 846//10 878//10
f 878//10 862//10 860//10
f 871//9 878//9 846//9
f 869//8 871//8 847//8
f 870//7 869//7 848//7
f 868//6 870//6 849//6
f 867//5 868//5 841//5
f 866//4 867//4 842//4
f 864//3 866//3 843//3
f 865//2 864//2 844//2
f 877//1 865//1 845//1
f 880//20 877//20 850//20
f 879//19 880//19 851//19
f 876//18 879//18 852//18
f 875//17 876//17 858//17
f 874//16 875//16 855//16
f 873//15 874//15 856//15
f 872//14 873//14 853//14
f 863//13 872//13 854//13
f 861//12 863//12 857//12
f 862//11 861//11 859//11
#1760 polygons

