# Aspose.3D Wavefront OBJ Exporter
# Copyright 2004-2023 Aspose Pty Ltd.
# File created: 06/30/2023 18:26:57


#
# object obj_20327113
#

v -1.5174532563833054E-07 -120.23090362548828124 -18.65426063537597656
v -1.716515214411629E-07 -120.23090362548828124 -16.23617935180664064
v 0.7181861996650696 -120.34465026855468752 -16.23617935180664064
v 0.71818625926971432 -120.34465026855468752 -18.65426063537597656
v 1.36607158184051512 -120.67476654052734376 -16.23617935180664064
v 1.36607158184051512 -120.67476654052734376 -18.65426063537597656
v 1.88023626804351808 -121.18892669677734376 -16.23617935180664064
v 1.88023626804351808 -121.18892669677734376 -18.65426063537597656
v 2.21035027503967284 -121.83681488037109376 -16.23617935180664064
v 2.21035027503967284 -121.83681488037109376 -18.65426063537597656
v 2.32409977912902832 -122.55500030517578128 -16.23617935180664064
v 2.32409977912902832 -122.55500030517578128 -18.65426063537597656
v 2.21035027503967284 -123.27318572998046876 -16.23617935180664064
v 2.21035027503967284 -123.27318572998046876 -18.65426063537597656
v 1.88023626804351808 -123.92107391357421872 -16.23617935180664064
v 1.88023626804351808 -123.92107391357421872 -18.65426063537597656
v 1.36607158184051512 -124.43523406982421872 -16.23617935180664064
v 1.36607158184051512 -124.43523406982421872 -18.65426063537597656
v 0.7181861996650696 -124.76535034179687504 -16.23617935180664064
v 0.71818625926971432 -124.76535034179687504 -18.65426063537597656
v -1.716515214411629E-07 -124.87909698486328128 -16.23617935180664064
v -1.5174532563833054E-07 -124.87909698486328128 -18.65426063537597656
v -0.71818655729293824 -124.76535034179687504 -16.23617935180664064
v -0.71818655729293824 -124.76535034179687504 -18.65426063537597656
v -1.36607182025909424 -124.43523406982421872 -16.23617935180664064
v -1.36607182025909424 -124.43523406982421872 -18.65426063537597656
v -1.88023662567138672 -123.92107391357421872 -16.23617935180664064
v -1.88023650646209712 -123.92107391357421872 -18.65426063537597656
v -2.21035051345825196 -123.27318572998046876 -16.23617935180664064
v -2.21035051345825196 -123.27318572998046876 -18.65426063537597656
v -2.32410025596618652 -122.55500030517578128 -16.23617935180664064
v -2.32410025596618652 -122.55500030517578128 -18.65426063537597656
v -2.21035051345825196 -121.83681488037109376 -16.23617935180664064
v -2.21035051345825196 -121.83681488037109376 -18.65426063537597656
v -1.88023662567138672 -121.18892669677734376 -16.23617935180664064
v -1.88023650646209712 -121.18892669677734376 -18.65426063537597656
v -1.36607182025909424 -120.67476654052734376 -16.23617935180664064
v -1.36607182025909424 -120.67476654052734376 -18.65426063537597656
v -0.71818655729293824 -120.34465026855468752 -16.23617935180664064
v -0.71818655729293824 -120.34465026855468752 -18.65426063537597656
v 1.78799951076507568 -124.319305419921875 0.01337447203695774
v 1.76165378093719488 -124.319305419921875 0.30610018968582152
v 3.4799301624298096 -123.90059661865234368 0.60466319322586056
v 1.687710165977478 -124.319305419921875 0.59055542945861816
v 3.33386349678039552 -123.90059661865234368 1.16656947135925292
v 1.5681666135787964 -124.319305419921875 0.85905462503433232
v 3.09772014617919922 -123.90059661865234368 1.69695639610290528
v 1.40625309944152832 -124.319305419921875 1.10434317588806152
v 2.77787995338439936 -123.90059661865234368 2.18149375915527344
v 1.20634424686431884 -124.319305419921875 1.31979358196258544
v 2.38298463821411136 -123.90059661865234368 2.6070895195007324
v 0.97384142875671392 -124.319305419921875 1.49958479404449464
v 1.9237040281295776 -123.90059661865234368 2.96224498748779296
v 0.71502655744552616 -124.319305419921875 1.63885903358459472
v 1.41244709491729736 -123.90059661865234368 3.2373638153076172
v 0.4368925094604492 -124.319305419921875 1.73385322093963616
v 0.863027572631836 -123.90059661865234368 3.42501330375671384
v 0.14695413410663604 -124.319305419921875 1.78200078010559088
v 0.29029005765914916 -123.90059661865234368 3.52012276649475096
v -0.14695477485656738 -124.319305419921875 1.78200078010559088
v -0.29029074311256408 -123.90059661865234368 3.52012276649475096
v -0.43689316511154176 -124.319305419921875 1.73385322093963616
v -0.86302822828292848 -123.90059661865234368 3.42501330375671384
v -0.71502721309661864 -124.319305419921875 1.63885903358459472
v -1.41244781017303464 -123.90059661865234368 3.2373638153076172
v -0.9738420844078064 -124.319305419921875 1.49958479404449464
v -1.92370462417602544 -123.90059661865234368 2.96224474906921392
v -1.20634496212005616 -124.319305419921875 1.31979358196258544
v -2.38298535346984864 -123.90059661865234368 2.6070895195007324
v -1.40625369548797608 -124.319305419921875 1.10434305667877198
v -2.7778804302215576 -123.90059661865234368 2.18149352073669432
v -1.56816720962524416 -124.319305419921875 0.85905456542968752
v -3.09772086143493652 -123.90059661865234368 1.69695639610290528
v -1.68771076202392576 -124.319305419921875 0.59055542945861816
v -3.3338642120361328 -123.90059661865234368 1.16656935214996338
v -1.76165437698364256 -124.319305419921875 0.30610015988349916
v -3.47993063926696776 -123.90059661865234368 0.60466313362121584
v -1.78800010681152336 -124.319305419921875 0.01337444223463535
v -3.53197360038757328 -123.90059661865234368 0.02641956135630607
v 3.53197288513183592 -123.90059661865234368 0.0264196190983057
v 5.1125187873840332 -123.21422576904296876 0.88833737373352048
v 4.89792633056640624 -123.21422576904296876 1.71385872364044192
v 4.550997257232666 -123.21422576904296876 2.49307346343994144
v 4.08110618591308594 -123.21422576904296876 3.20492863655090332
v 3.50094795227050784 -123.21422576904296876 3.83019018173217776
v 2.82619857788085936 -123.21422576904296876 4.35196447372436524
v 2.0750885009765625 -123.21422576904296876 4.7561540603637696
v 1.26791203022003172 -123.21422576904296876 5.03183794021606445
v 0.42647808790206912 -123.21422576904296876 5.17156744003295898
v -0.4264788031578064 -123.21422576904296876 5.17156744003295898
v -1.26791274547576904 -123.21422576904296876 5.03183794021606445
v -2.0750892162322998 -123.21422576904296876 4.7561540603637696
v -2.82619929313659664 -123.21422576904296876 4.35196447372436524
v -3.50094866752624512 -123.21422576904296876 3.83019018173217776
v -4.08110666275024414 -123.21422576904296876 3.2049283981323242
v -4.5509982109069824 -123.21422576904296876 2.49307346343994144
v -4.89792680740356448 -123.21422576904296876 1.71385860443115232
v -5.1125197410583496 -123.21422576904296876 0.88833725452423088
v -5.18897819519042968 -123.21422576904296876 0.03881414234638214
v 5.18897724151611328 -123.21422576904296876 0.038814228028059
v 6.61922073364257816 -122.27708435058593752 1.15013766288757324
v 6.34138584136962892 -122.27708435058593752 2.21894693374633788
v 5.89221429824829104 -122.27708435058593752 3.22780299186706544
v 5.283841609954834 -122.27708435058593752 4.14944744110107422
v 4.53270626068115232 -122.27708435058593752 4.95897912979125984
v 3.65910267829895016 -122.27708435058593752 5.63452482223510744
v 2.68663430213928224 -122.27708435058593752 6.15783214569091796
v 1.6415762901306152 -122.27708435058593752 6.51476240158081056
v 0.5521647930145264 -122.27708435058593752 6.69567155838012696
v -0.55216550827026368 -122.27708435058593752 6.69567155838012696
v -1.64157700538635256 -122.27708435058593752 6.51476240158081056
v -2.68663501739501952 -122.27708435058593752 6.15783214569091796
v -3.65910339355468752 -122.27708435058593752 5.6345243453979492
v -4.53270721435546872 -122.27708435058593752 4.9589786529541016
v -5.2838425636291504 -122.27708435058593752 4.14944744110107422
v -5.89221477508544928 -122.27708435058593752 3.22780275344848632
v -6.34138631820678712 -122.27708435058593752 2.21894693374633788
v -6.61922121047973632 -122.27708435058593752 1.15013766288757324
v -6.71821260452270504 -122.27708435058593752 0.05025299265980721
v 6.71821212768554688 -122.27708435058593752 0.05025310441851616
v 7.96293497085571296 -121.11225128173828124 1.38361787796020504
v 7.62869930267333984 -121.11225128173828124 2.66939735412597656
v 7.08834505081176758 -121.11225128173828124 3.88305306434631344
v 6.35647201538085936 -121.11225128173828124 4.99179315567016608
v 5.4528546333312988 -121.11225128173828124 5.96566104888916016
v 4.40190744400024416 -121.11225128173828124 6.778343677520752
v 3.23202633857727052 -121.11225128173828124 7.40788364410400392
v 1.97481942176818848 -121.11225128173828124 7.83727169036865232
v 0.6642553806304932 -121.11225128173828124 8.05490589141845703
v -0.66425609588623048 -121.11225128173828124 8.05490589141845703
v -1.97482025623321536 -121.11225128173828124 7.83727169036865232
v -3.2320270538330078 -121.11225128173828124 7.40788364410400392
v -4.40190839767456056 -121.11225128173828124 6.778343677520752
v -5.45285511016845704 -121.11225128173828124 5.96566104888916016
v -6.35647249221801756 -121.11225128173828124 4.99179315567016608
v -7.08834552764892578 -121.11225128173828124 3.88305306434631344
v -7.62869977951049808 -121.11225128173828124 2.66939735412597656
v -7.96293592453002928 -121.11225128173828124 1.38361775875091552
v -8.08202266693115234 -121.11225128173828124 0.06045444682240486
v 8.08202171325683594 -121.11225128173828124 0.06045457720756531
v 9.11057567596435546 -119.74839782714843744 1.58302879333496096
v 8.72816848754882816 -119.74839782714843744 3.05411839485168457
v 8.10993671417236328 -119.74839782714843744 4.44268941879272464
v 7.2725844383239746 -119.74839782714843744 5.71122455596923832
v 6.23873519897460936 -119.74839782714843744 6.825448989868164
v 5.03632307052612304 -119.74839782714843744 7.75525760650634768
v 3.69783496856689456 -119.74839782714843744 8.4755287170410156
v 2.25943613052368164 -119.74839782714843744 8.9668006896972656
v 0.75998973846435552 -119.74839782714843744 9.21580123901367188
v -0.7599905133247376 -119.74839782714843744 9.21580123901367188
v -2.25943684577941896 -119.74839782714843744 8.9668006896972656
v -3.69783568382263184 -119.74839782714843744 8.4755287170410156
v -5.03632354736328125 -119.74839782714843744 7.75525760650634768
v -6.2387361526489258 -119.74839782714843744 6.825448989868164
v -7.272585391998291 -119.74839782714843744 5.71122455596923832
v -8.10993766784667968 -119.74839782714843744 4.44268941879272464
v -8.72816944122314448 -119.74839782714843744 3.05411839485168457
v -9.11057662963867188 -119.74839782714843744 1.58302867412567136
v -9.246826171875 -119.74839782714843744 0.06916730850934982
v 9.2468252182006836 -119.74839782714843744 0.06916746497154236
v 10.03388404846191406 -118.21912384033203124 1.74346017837524416
v 9.61272144317626952 -118.21912384033203124 3.36363697052001952
v 8.93183517456054688 -118.21912384033203124 4.89293241500854496
v 8.00962162017822265 -118.21912384033203124 6.29002666473388672
v 6.87099742889404304 -118.21912384033203124 7.51717138290405272
v 5.54672718048095704 -118.21912384033203124 8.54121112823486328
v 4.07259082794189453 -118.21912384033203124 9.33447837829589844
v 2.4884178638458252 -118.21912384033203124 9.87553787231445312
v 0.83701068162918096 -118.21912384033203124 10.14977264404296876
v -0.83701145648956304 -118.21912384033203124 10.14977264404296876
v -2.48841857910156248 -118.21912384033203124 9.87553787231445312
v -4.07259178161621094 -118.21912384033203124 9.33447837829589844
v -5.54672813415527344 -118.21912384033203124 8.54121112823486328
v -6.87099838256835936 -118.21912384033203124 7.51717138290405272
v -8.00962257385253906 -118.21912384033203124 6.29002618789672852
v -8.93183612823486336 -118.21912384033203124 4.89293241500854496
v -9.61272239685058592 -118.21912384033203124 3.36363697052001952
v -10.03388404846191406 -118.21912384033203124 1.74346005916595456
v -10.18394279479980468 -118.21912384033203124 0.07617704570293427
v 10.18394184112548828 -118.21912384033203124 0.07617721706628799
v 10.71012401580810544 -116.56207275390625 1.8609619140625
v 10.26057815551757812 -116.56207275390625 3.59033155441284176
v 9.53380298614501952 -116.56207275390625 5.22269487380981444
v 8.5494356155395508 -116.56207275390625 6.71394729614257816
v 7.3340730667114258 -116.56207275390625 8.02379608154296875
v 5.92055273056030272 -116.56207275390625 9.1168527603149414
v 4.34706592559814452 -116.56207275390625 9.96358203887939456
v 2.65612649917602536 -116.56207275390625 10.54110717773437504
v 0.89342159032821648 -116.56207275390625 10.83382415771484368
v -0.89342242479324336 -116.56207275390625 10.83382415771484368
v -2.65612721443176272 -116.56207275390625 10.54110717773437504
v -4.34706640243530272 -116.56207275390625 9.96358203887939456
v -5.9205536842346192 -116.56207275390625 9.116851806640625
v -7.3340740203857422 -116.56207275390625 8.02379608154296875
v -8.5494365692138672 -116.56207275390625 6.71394681930541992
v -9.53380393981933592 -116.56207275390625 5.22269487380981444
v -10.26057815551757812 -116.56207275390625 3.59033155441284176
v -10.71012496948242184 -116.56207275390625 1.8609617948532104
v -10.87029647827148432 -116.56207275390625 0.08131104707717896
v 10.870295524597168 -116.56207275390625 0.08131122589111328
v 11.12264537811279296 -114.81804656982421872 1.932640552520752
v 10.65578460693359376 -114.81804656982421872 3.7286202907562256
v 9.90101623535156256 -114.81804656982421872 5.4238572120666504
v 8.87873458862304688 -114.81804656982421872 6.97254800796508784
v 7.61655950546264648 -114.81804656982421872 8.33284854888916016
v 6.14859437942504882 -114.81804656982421872 9.46800613403320312
v 4.51450157165527344 -114.81804656982421872 10.3473491668701172
v 2.758432388305664 -114.81804656982421872 10.94711875915527344
v 0.92783349752426144 -114.81804656982421872 11.25111007690429688
v -0.92783433198928832 -114.81804656982421872 11.25111007690429688
v -2.75843310356140144 -114.81804656982421872 10.94711875915527344
v -4.51450252532958984 -114.81804656982421872 10.3473482131958008
v -6.14859533309936524 -114.81804656982421872 9.46800613403320312
v -7.61656045913696288 -114.81804656982421872 8.33284854888916016
v -8.87873458862304688 -114.81804656982421872 6.97254800796508784
v -9.90101718902587888 -114.81804656982421872 5.4238572120666504
v -10.65578460693359376 -114.81804656982421872 3.7286202907562256
v -11.12264633178710938 -114.81804656982421872 1.9326404333114624
v -11.28898715972900392 -114.81804656982421872 0.08444290608167648
v 11.28898620605468752 -114.81804656982421872 0.08444309234619141
v 11.2612905502319336 -113.029998779296875 1.95673120021820064
v 10.90699100494384768 -113.029998779296875 3.41804385185241696
v 10.78860950469970704 -113.029998779296875 3.7750980854034424
v 10.02443313598632812 -113.029998779296875 5.49146652221679688
v 8.98940849304199216 -113.029998779296875 7.05946159362792969
v 9.83830261230468752 -113.029998779296875 5.81835651397705072
v 8.24973678588867188 -113.029998779296875 7.91121387481689456
v 7.71150112152099608 -113.029998779296875 8.43671894073486328
v 6.22523736953735352 -113.029998779296875 9.58602619171142576
v 4.5707755088806152 -113.029998779296875 10.47632980346679688
v 2.79281663894653328 -113.029998779296875 11.08357524871826172
v 3.87178254127502448 -113.029998779296875 10.75429058074951168
v 1.31373417377471924 -113.029998779296875 11.3542757034301758
v 0.9393990635871888 -113.029998779296875 11.3913564682006836
v -0.93939989805221552 -113.029998779296875 11.3913564682006836
v -2.79281735420227056 -113.029998779296875 11.08357524871826172
v -1.31373488903045656 -113.029998779296875 11.3542757034301758
v -3.87178325653076176 -113.029998779296875 10.75429058074951168
v -4.57077646255493168 -113.029998779296875 10.47632980346679688
v -6.22523832321166992 -113.029998779296875 9.58602523803710936
v -7.71150159835815432 -113.029998779296875 8.43671894073486328
v -8.98940944671630864 -113.029998779296875 7.05946159362792969
v -8.24973773956298828 -113.029998779296875 7.91121387481689456
v -9.83830356597900384 -113.029998779296875 5.81835603713989264
v -10.02443408966064453 -113.029998779296875 5.49146604537963864
v -10.78861045837402336 -113.029998779296875 3.77509784698486336
v -11.26129150390625 -113.029998779296875 1.9567309617996216
v -10.90699100494384768 -113.029998779296875 3.41804361343383792
v -11.42970561981201168 -113.029998779296875 0.08549549430608749
v 11.28930187225341796 -114.81804656982421872 9.303730053034087E-08
v 11.42970561981201168 -113.029998779296875 0.08549568802118301
v 10.90699100494384768 -116.44804382324218752 8.989010069626602E-08
v 10.18422698974609376 -118.21912384033203124 8.39400726704298E-08
v 9.83830261230468752 -118.84835815429687504 8.109233107234104E-08
v 9.24708461761474608 -119.74839782714843744 7.622527675721358E-08
v 8.24973869323730468 -120.94121551513671872 6.801492702379619E-08
v 6.71840000152587888 -122.27708435058593752 5.5408527543931996E-08
v 6.22523689270019532 -122.61602783203125 5.134876701617941E-08
v 5.18912267684936524 -123.21422576904296876 4.2819181089726044E-08
v 3.87178373336792 -123.7842941284179688 3.197459008674741E-08
v 1.78804957866668704 -124.319305419921875 1.4820719762553836E-08
v 1.3137333393096924 -124.38427734375 1.0916144432826513E-08
v -3.053114596696105E-07 -124.46002197265625 0
v -1.31373393535614012 -124.38427734375 -1.0913805859047443E-08
v -1.78805017471313472 -124.319305419921875 -1.4818495763790906E-08
v -3.53207230567932128 -123.90059661865234368 -2.917578179051361E-08
v -3.87178444862365728 -123.7842941284179688 -3.197236608798448E-08
v -5.18912315368652344 -123.21422576904296876 -4.2816957090963115E-08
v -6.22523784637451172 -122.61602783203125 -5.13465394647028E-08
v -6.71840047836303712 -122.27708435058593752 -5.540629643974171E-08
v -8.08224868774414062 -121.11225128173828124 -6.663378826488042E-08
v -8.24973869323730468 -120.94121551513671872 -6.80126959196059E-08
v -9.24708461761474608 -119.74839782714843744 -7.622304565302329E-08
v -9.83830356597900384 -118.84835815429687504 -8.10900928627234E-08
v -10.18422698974609376 -118.21912384033203124 -8.393783446081216E-08
v -10.87060070037841792 -116.56207275390625 -8.95881839824142E-08
v -10.906991958618164 -116.44804382324218752 -8.988774879981065E-08
v -11.28930282592773436 -114.81804656982421872 -9.303505521529587E-08
v -11.43001270294189456 -113.029998779296875 -9.419397173360267E-08
v 3.53207182884216312 -123.90059661865234368 2.9177893878795658E-08
v 8.08224773406982422 -121.11225128173828124 6.663613305590843E-08
v 10.8705997467041016 -116.56207275390625 8.959042219203184E-08
v 11.43001270294189456 -113.029998779296875 9.419645152775047E-08
v -10.90699100494384768 -101.59999847412109376 3.41804361343383792
v -9.83830356597900384 -101.59999847412109376 5.81835603713989264
v -8.24973773956298828 -101.59999847412109376 7.91121387481689456
v -6.22523832321166992 -101.59999847412109376 9.58602523803710936
v -3.87178325653076176 -101.59999847412109376 10.75429058074951168
v -1.31373488903045656 -101.59999847412109376 11.3542757034301758
v 1.31373417377471924 -101.59999847412109376 11.3542757034301758
v 3.87178254127502448 -101.59999847412109376 10.75429058074951168
v 6.22523736953735352 -101.59999847412109376 9.58602619171142576
v 8.24973678588867188 -101.59999847412109376 7.91121387481689456
v 9.83830261230468752 -101.59999847412109376 5.81835651397705072
v 10.90699100494384768 -101.59999847412109376 3.41804385185241696
v 11.39932918548583984 -101.59999847412109376 0.83711451292037968
v 11.43001270294189456 -101.59999847412109376 9.419510149655252E-08
v -11.43001270294189456 -101.59999847412109376 -9.419350988082442E-08
v -11.39933013916015624 -101.59999847412109376 0.83711433410644528
v 10.90696716308593744 -116.44803619384765624 -18.796499252319336
v 9.83828163146972656 -118.84834289550781248 -18.796499252319336
v 8.24971961975097656 -120.94120025634765632 -18.796499252319336
v 6.22522401809692384 -122.61600494384765624 -18.796499252319336
v 3.87177419662475584 -123.78426361083984368 -18.796499252319336
v -3.87177467346191408 -123.78426361083984368 -18.796499252319336
v -6.22522449493408204 -122.61600494384765624 -18.796499252319336
v -8.24971961975097656 -120.94120025634765632 -18.796499252319336
v -9.83828163146972656 -118.84834289550781248 -18.796499252319336
v -10.90696716308593744 -116.44803619384765624 -18.796499252319336
v -11.39930438995361328 -113.86711120605468752 -18.796499252319336
v 11.43000030517578128 -113.029998779296875 -18.796499252319336
v 11.39930438995361328 -113.86711120605468752 -18.796499252319336
v 1.83443069458007808 -124.31183624267578124 -9.27149963378906248
v 1.31373143196105956 -124.38425445556640624 -9.27149963378906248
v 1.83443069458007808 -124.31183624267578124 -18.796499252319336
v -1.31373190879821776 -124.38425445556640624 -9.27149963378906248
v -1.83443105220794672 -124.31183624267578124 -9.27149963378906248
v -1.83443105220794672 -124.31183624267578124 -18.796499252319336
v -11.43000030517578128 -113.029998779296875 -18.796499252319336
v -1.30154883861541748 -124.73618316650390624 -18.796499252319336
v -0.67505139112472536 -125.00365447998046875 -18.796499252319336
v -1.30154895782470704 -124.73618316650390624 -9.27149963378906248
v -1.505744364749262E-07 -125.095001220703125 -18.796499252319336
v -0.67505151033401488 -125.00365447998046875 -9.27149963378906248
v 0.67505109310150144 -125.00365447998046875 -18.796499252319336
v -2.2898647955571505E-07 -125.095001220703125 -9.27149963378906248
v 1.30154860019683836 -124.73618316650390624 -18.796499252319336
v 0.67505103349685672 -125.00365447998046875 -9.27149963378906248
v 1.30154848098754884 -124.73618316650390624 -9.27149963378906248
v 11.43000030517578128 -107.49420166015625 -18.796499252319336
v 11.43000030517578128 -101.59999847412109376 -20.95499992370605472
v 11.43000030517578128 -107.49420166015625 -20.95499992370605472
v 12.2445964813232422 -109.65956115722656248 -18.796499252319336
v 12.65285968780517576 -111.9367752075195312 -18.796499252319336
v 12.2445964813232422 -109.65956115722656248 -20.95499992370605472
v 12.641240119934082 -114.25026702880859376 -18.796499252319336
v 12.65285968780517576 -111.9367752075195312 -20.95499992370605472
v 12.21012306213378908 -116.52326202392578128 -18.796499252319336
v 12.641240119934082 -114.25026702880859376 -20.95499992370605472
v 11.37381649017333984 -118.68033599853515624 -18.796499252319336
v 12.21012306213378908 -116.52326202392578128 -20.95499992370605472
v 11.37381649017333984 -118.68033599853515624 -20.95499992370605472
v 8.25501251220703124 -98.42500305175781248 6.805769459106159E-08
v 8.25500011444091796 -98.42500305175781248 -20.95499992370605472
v 7.87727785110473632 -98.42500305175781248 2.46858930587768552
v 8.20626068115234376 -98.42500305175781248 0.89594453573226928
v 7.10544681549072266 -98.42500305175781248 4.2021498680114746
v 7.6826491355895996 -98.42500305175781248 3.02032041549682617
v 5.95814847946166992 -98.42500305175781248 5.71365928649902344
v 6.61933994293212888 -98.42500305175781248 4.9325222969055176
v 5.09102964401245118 -98.42500305175781248 6.49821949005126952
v 4.49600839614868168 -98.42500305175781248 6.9232468605041504
v 3.2050795555114746 -98.42500305175781248 7.60742425918579104
v 2.7962896823883056 -98.42500305175781248 7.76699447631835936
v 1.09397649765014648 -98.42500305175781248 8.18221569061279296
v 0.94880872964859008 -98.42500305175781248 8.2003173828125
v -0.94880944490432736 -98.42500305175781248 8.2003173828125
v -2.79629039764404304 -98.42500305175781248 7.76699447631835936
v -1.09397721290588378 -98.42500305175781248 8.18221569061279296
v -4.49600934982299808 -98.42500305175781248 6.9232468605041504
v -3.205080509185791 -98.42500305175781248 7.60742425918579104
v -5.9581494331359864 -98.42500305175781248 5.71365928649902344
v -5.09103012084960938 -98.42500305175781248 6.49821949005126952
v -6.61934089660644528 -98.42500305175781248 4.93252182006835936
v -7.10544729232788086 -98.42500305175781248 4.2021498680114746
v -7.682650089263916 -98.42500305175781248 3.02032017707824707
v -7.87727832794189456 -98.42500305175781248 2.46858930587768552
v -8.20626163482666016 -98.42500305175781248 0.89594441652297968
v -8.23285675048828124 -98.42500305175781248 0.60458308458328248
v 8.23285579681396484 -98.42500305175781248 0.604583203792572
v -8.25501251220703124 -98.42500305175781248 -6.805666430409474E-08
v 8.25501251220703124 -95.25 6.805770169648895E-08
v 8.25500011444091796 -95.25 -20.95499992370605472
v -8.20626163482666016 -95.25 0.89594441652297968
v -7.682650089263916 -95.25 3.02032017707824707
v -6.61934089660644528 -95.25 4.93252182006835936
v -5.09103012084960938 -95.25 6.49821949005126952
v -3.205080509185791 -95.25 7.60742425918579104
v -1.09397721290588378 -95.25 8.18221569061279296
v 1.09397649765014648 -95.25 8.18221569061279296
v 3.2050795555114746 -95.25 7.60742425918579104
v 5.09102964401245118 -95.25 6.49821949005126952
v 6.61933994293212888 -95.25 4.9325222969055176
v 7.6826491355895996 -95.25 3.02032041549682617
v 8.20626068115234376 -95.25 0.89594453573226928
v -8.25501251220703124 -95.25 -6.805666430409474E-08
v -8.25500011444091796 -98.42500305175781248 -20.95499992370605472
v -8.25500011444091796 -95.25 -20.95499992370605472
v -11.43000030517578128 -101.59999847412109376 -20.95499992370605472
v -11.43000030517578128 -107.49420166015625 -18.796499252319336
v -11.43000030517578128 -107.49420166015625 -20.95499992370605472
v -12.21012401580810548 -116.52326202392578128 -18.796499252319336
v -11.37381649017333984 -118.68033599853515624 -18.796499252319336
v -11.37381649017333984 -118.68033599853515624 -20.95499992370605472
v -12.641240119934082 -114.25026702880859376 -18.796499252319336
v -12.21012401580810548 -116.52326202392578128 -20.95499992370605472
v -12.65285968780517576 -111.9367752075195312 -18.796499252319336
v -12.641240119934082 -114.25026702880859376 -20.95499992370605472
v -12.2445974349975586 -109.65956115722656248 -18.796499252319336
v -12.65285968780517576 -111.9367752075195312 -20.95499992370605472
v -12.2445974349975586 -109.65956115722656248 -20.95499992370605472
v -18.25353431701660156 -101.85576629638671872 -20.95499992370605472
v -17.7277908325195312 -102.1236419677734375 -20.95499992370605472
v -18.67076492309570312 -99.221466064453125 -20.95499992370605472
v -18.93864440917968752 -99.74720764160156256 -20.95499992370605472
v -21.56190872192382816 -98.17226409912109376 -20.95499992370605472
v -18.25353431701660156 -98.80423736572265632 -20.95499992370605472
v -22.05700492858886719 -96.79807281494140624 -20.95499992370605472
v -15.61923408508300784 -101.43852996826171872 -20.95499992370605472
v -16.56221008300781248 -102.1236419677734375 -20.95499992370605472
v -16.03646659851074219 -101.85576629638671872 -20.95499992370605472
v -18.93864440917968752 -100.91278839111328128 -20.95499992370605472
v -18.67076492309570312 -101.43852996826171872 -20.95499992370605472
v -22.22500038146972656 -95.34709930419921876 -20.95499992370605472
v -16.56221008300781248 -98.53635406494140624 -20.95499992370605472
v -17.14500045776367188 -98.44405364990234376 -20.95499992370605472
v -15.35135555267333984 -100.91278839111328128 -20.95499992370605472
v -17.14500045776367188 -102.21595001220703124 -20.95499992370605472
v -19.03095054626464844 -100.33000183105468752 -20.95499992370605472
v -22.22500038146972656 -95.25 -20.95499992370605472
v -17.7277908325195312 -98.53635406494140624 -20.95499992370605472
v -16.03646659851074219 -98.80423736572265632 -20.95499992370605472
v -15.35135555267333984 -99.74720764160156256 -20.95499992370605472
v -15.61923408508300784 -99.221466064453125 -20.95499992370605472
v -15.25905036926269532 -100.33000183105468752 -20.95499992370605472
v -22.22500038146972656 -95.25 -17.78000068664550784
v -22.22500038146972656 -95.34709930419921876 -17.78000068664550784
v -21.56190872192382816 -98.17226409912109376 -17.78000068664550784
v -22.05700492858886719 -96.79807281494140624 -17.78000068664550784
v -11.37381649017333984 -118.68033599853515624 -17.78000068664550784
v -17.64929962158203128 -101.882080078125 -20.70100021362304688
v -18.10423660278320312 -101.65027618408203128 -20.70100021362304688
v -18.4652748107910156 -101.28923797607421876 -20.70100021362304688
v -18.6970767974853516 -100.83429718017578128 -20.70100021362304688
v -18.77695083618164064 -100.33000183105468752 -20.70100021362304688
v -18.6970767974853516 -99.82569885253906256 -20.70100021362304688
v -18.4652748107910156 -99.37076568603515624 -20.70100021362304688
v -18.10423660278320312 -99.00972747802734375 -20.70100021362304688
v -17.64929962158203128 -98.77792358398437504 -20.70100021362304688
v -17.14500045776367188 -98.69805145263671872 -20.70100021362304688
v -16.64069938659667968 -98.77792358398437504 -20.70100021362304688
v -16.18576431274414064 -99.00972747802734375 -20.70100021362304688
v -15.82472515106201168 -99.37076568603515624 -20.70100021362304688
v -15.59292316436767576 -99.82569885253906256 -20.70100021362304688
v -15.51305007934570312 -100.33000183105468752 -20.70100021362304688
v -15.59292316436767576 -100.83429718017578128 -20.70100021362304688
v -15.82472515106201168 -101.28923797607421876 -20.70100021362304688
v -16.18576431274414064 -101.65027618408203128 -20.70100021362304688
v -16.64069938659667968 -101.882080078125 -20.70100021362304688
v -17.14500045776367188 -101.96195220947265632 -20.70100021362304688
v -16.64069938659667968 -98.77792358398437504 -18.03400039672851562
v -17.14500045776367188 -98.69805145263671872 -18.03400039672851562
v -16.18576431274414064 -99.00972747802734375 -18.03400039672851562
v -15.82472515106201168 -99.37076568603515624 -18.03400039672851562
v -15.59292316436767576 -99.82569885253906256 -18.03400039672851562
v -15.51305007934570312 -100.33000183105468752 -18.03400039672851562
v -15.59292316436767576 -100.83429718017578128 -18.03400039672851562
v -15.82472515106201168 -101.28923797607421876 -18.03400039672851562
v -16.18576431274414064 -101.65027618408203128 -18.03400039672851562
v -16.64069938659667968 -101.882080078125 -18.03400039672851562
v -17.14500045776367188 -101.96195220947265632 -18.03400039672851562
v -17.64929962158203128 -101.882080078125 -18.03400039672851562
v -18.10423660278320312 -101.65027618408203128 -18.03400039672851562
v -18.4652748107910156 -101.28923797607421876 -18.03400039672851562
v -18.6970767974853516 -100.83429718017578128 -18.03400039672851562
v -18.77695083618164064 -100.33000183105468752 -18.03400039672851562
v -18.6970767974853516 -99.82569885253906256 -18.03400039672851562
v -18.4652748107910156 -99.37076568603515624 -18.03400039672851562
v -18.10423660278320312 -99.00972747802734375 -18.03400039672851562
v -17.64929962158203128 -98.77792358398437504 -18.03400039672851562
v -17.14500045776367188 -98.44405364990234376 -17.78000068664550784
v -17.7277908325195312 -98.53635406494140624 -17.78000068664550784
v -18.25353431701660156 -98.80423736572265632 -17.78000068664550784
v -18.67076492309570312 -99.221466064453125 -17.78000068664550784
v -18.93864440917968752 -99.74720764160156256 -17.78000068664550784
v -19.03095054626464844 -100.33000183105468752 -17.78000068664550784
v -18.93864440917968752 -100.91278839111328128 -17.78000068664550784
v -18.67076492309570312 -101.43852996826171872 -17.78000068664550784
v -18.25353431701660156 -101.85576629638671872 -17.78000068664550784
v -17.7277908325195312 -102.1236419677734375 -17.78000068664550784
v -17.14500045776367188 -102.21595001220703124 -17.78000068664550784
v -16.56221008300781248 -102.1236419677734375 -17.78000068664550784
v -16.03646659851074219 -101.85576629638671872 -17.78000068664550784
v -15.61923408508300784 -101.43852996826171872 -17.78000068664550784
v -15.35135555267333984 -100.91278839111328128 -17.78000068664550784
v -15.25905036926269532 -100.33000183105468752 -17.78000068664550784
v -15.35135555267333984 -99.74720764160156256 -17.78000068664550784
v -15.61923408508300784 -99.221466064453125 -17.78000068664550784
v -16.03646659851074219 -98.80423736572265632 -17.78000068664550784
v -16.56221008300781248 -98.53635406494140624 -17.78000068664550784
v 21.56190872192382816 -98.17226409912109376 -20.95499992370605472
v 21.56190872192382816 -98.17226409912109376 -17.78000068664550784
v 11.37381649017333984 -118.68033599853515624 -17.78000068664550784
v 22.22500038146972656 -95.34709930419921876 -20.95499992370605472
v 22.22500038146972656 -95.34709930419921876 -17.78000068664550784
v 22.05700492858886719 -96.79807281494140624 -17.78000068664550784
v 22.05700492858886719 -96.79807281494140624 -20.95499992370605472
v 22.22500038146972656 -95.25 -17.78000068664550784
v 22.22500038146972656 -95.25 -20.95499992370605472
v 16.03646659851074219 -98.80423736572265632 -20.95499992370605472
v 17.14500045776367188 -98.44405364990234376 -20.95499992370605472
v 18.25353431701660156 -98.80423736572265632 -20.95499992370605472
v 18.67076492309570312 -99.221466064453125 -20.95499992370605472
v 18.67076492309570312 -101.43852996826171872 -20.95499992370605472
v 18.25353431701660156 -101.85576629638671872 -20.95499992370605472
v 16.56221008300781248 -102.1236419677734375 -20.95499992370605472
v 15.35135459899902344 -100.91278839111328128 -20.95499992370605472
v 15.61923408508300784 -101.43852996826171872 -20.95499992370605472
v 16.56221008300781248 -98.53635406494140624 -20.95499992370605472
v 17.7277908325195312 -98.53635406494140624 -20.95499992370605472
v 19.03095054626464844 -100.33000183105468752 -20.95499992370605472
v 18.93864440917968752 -99.74720764160156256 -20.95499992370605472
v 18.93864440917968752 -100.91278839111328128 -20.95499992370605472
v 17.7277908325195312 -102.1236419677734375 -20.95499992370605472
v 15.25904941558837892 -100.33000183105468752 -20.95499992370605472
v 15.61923408508300784 -99.221466064453125 -20.95499992370605472
v 15.35135459899902344 -99.74720764160156256 -20.95499992370605472
v 17.14500045776367188 -102.21595001220703124 -20.95499992370605472
v 16.03646659851074219 -101.85576629638671872 -20.95499992370605472
v 16.64069938659667968 -101.882080078125 -20.70100021362304688
v 16.18576431274414064 -101.65027618408203128 -20.70100021362304688
v 15.82472419738769536 -101.28923797607421876 -20.70100021362304688
v 15.59292316436767576 -100.83429718017578128 -20.70100021362304688
v 15.51305007934570312 -100.33000183105468752 -20.70100021362304688
v 15.59292316436767576 -99.82569885253906256 -20.70100021362304688
v 15.82472419738769536 -99.37076568603515624 -20.70100021362304688
v 16.18576431274414064 -99.00972747802734375 -20.70100021362304688
v 16.64069938659667968 -98.77792358398437504 -20.70100021362304688
v 17.14500045776367188 -98.69805145263671872 -20.70100021362304688
v 17.64929962158203128 -98.77792358398437504 -20.70100021362304688
v 18.10423660278320312 -99.00972747802734375 -20.70100021362304688
v 18.4652748107910156 -99.37076568603515624 -20.70100021362304688
v 18.6970767974853516 -99.82569885253906256 -20.70100021362304688
v 18.77694892883300784 -100.33000183105468752 -20.70100021362304688
v 18.6970767974853516 -100.83429718017578128 -20.70100021362304688
v 18.4652748107910156 -101.28923797607421876 -20.70100021362304688
v 18.10423660278320312 -101.65027618408203128 -20.70100021362304688
v 17.64929962158203128 -101.882080078125 -20.70100021362304688
v 17.14500045776367188 -101.96195220947265632 -20.70100021362304688
v 17.64929962158203128 -98.77792358398437504 -18.03400039672851562
v 17.14500045776367188 -98.69805145263671872 -18.03400039672851562
v 18.10423660278320312 -99.00972747802734375 -18.03400039672851562
v 18.4652748107910156 -99.37076568603515624 -18.03400039672851562
v 18.6970767974853516 -99.82569885253906256 -18.03400039672851562
v 18.77694892883300784 -100.33000183105468752 -18.03400039672851562
v 18.6970767974853516 -100.83429718017578128 -18.03400039672851562
v 18.4652748107910156 -101.28923797607421876 -18.03400039672851562
v 18.10423660278320312 -101.65027618408203128 -18.03400039672851562
v 17.64929962158203128 -101.882080078125 -18.03400039672851562
v 17.14500045776367188 -101.96195220947265632 -18.03400039672851562
v 16.64069938659667968 -101.882080078125 -18.03400039672851562
v 16.18576431274414064 -101.65027618408203128 -18.03400039672851562
v 15.82472419738769536 -101.28923797607421876 -18.03400039672851562
v 15.59292316436767576 -100.83429718017578128 -18.03400039672851562
v 15.51305007934570312 -100.33000183105468752 -18.03400039672851562
v 15.59292316436767576 -99.82569885253906256 -18.03400039672851562
v 15.82472419738769536 -99.37076568603515624 -18.03400039672851562
v 16.18576431274414064 -99.00972747802734375 -18.03400039672851562
v 16.64069938659667968 -98.77792358398437504 -18.03400039672851562
v 17.14500045776367188 -98.44405364990234376 -17.78000068664550784
v 16.56221008300781248 -98.53635406494140624 -17.78000068664550784
v 16.03646659851074219 -98.80423736572265632 -17.78000068664550784
v 15.61923408508300784 -99.221466064453125 -17.78000068664550784
v 15.35135459899902344 -99.74720764160156256 -17.78000068664550784
v 15.25904941558837892 -100.33000183105468752 -17.78000068664550784
v 15.35135459899902344 -100.91278839111328128 -17.78000068664550784
v 15.61923408508300784 -101.43852996826171872 -17.78000068664550784
v 16.03646659851074219 -101.85576629638671872 -17.78000068664550784
v 16.56221008300781248 -102.1236419677734375 -17.78000068664550784
v 17.14500045776367188 -102.21595001220703124 -17.78000068664550784
v 17.7277908325195312 -102.1236419677734375 -17.78000068664550784
v 18.25353431701660156 -101.85576629638671872 -17.78000068664550784
v 18.67076492309570312 -101.43852996826171872 -17.78000068664550784
v 18.93864440917968752 -100.91278839111328128 -17.78000068664550784
v 19.03095054626464844 -100.33000183105468752 -17.78000068664550784
v 18.93864440917968752 -99.74720764160156256 -17.78000068664550784
v 18.67076492309570312 -99.221466064453125 -17.78000068664550784
v 18.25353431701660156 -98.80423736572265632 -17.78000068664550784
v 17.7277908325195312 -98.53635406494140624 -17.78000068664550784
v -9.52500057220458984 -95.25 -17.78000068664550784
v -9.5250244140625 -95.25 -7.851176064832543E-08
v -9.48670291900634768 -95.25 0.85381859540939328
v -8.99053382873535152 -95.25 3.14592361450195312
v -7.94934988021850592 -95.25 5.24731969833374024
v -4.51362180709838864 -95.25 8.38771438598632816
v -2.32735419273376464 -95.25 9.23633861541748048
v -3.8372385802176723E-07 -95.25 9.52504730224609376
v 9.48670196533203128 -95.25 0.85381871461868288
v 9.5250234603881836 -95.25 7.851279804071964E-08
v 9.52499961853027344 -95.25 -17.78000068664550784
v -6.42626905441284176 -95.25 7.03061819076538086
v 8.9905328750610352 -95.25 3.14592385292053222
v 2.32735347747802736 -95.25 9.23633861541748048
v 4.51362085342407224 -95.25 8.38771438598632816
v 6.4262685775756836 -95.25 7.03061819076538086
v 7.94934940338134768 -95.25 5.24731969833374024
v 9.16743087768554688 -97.44993591308593752 2.58548331260681152
v 8.9905328750610352 -97.44993591308593752 3.14592385292053222
v 8.40034103393554688 -97.44993591308593752 4.49007606506347656
v 7.94934940338134768 -97.44993591308593752 5.24731969833374024
v 6.4262685775756836 -97.44993591308593752 7.03061819076538086
v 7.24290227890014648 -97.44993591308593752 6.18602323532104492
v 4.51362085342407224 -97.44993591308593752 8.38771438598632816
v 5.74889850616455072 -97.44993591308593752 7.59451675415039064
v 2.32735347747802736 -97.44993591308593752 9.23633861541748048
v 3.98775339126586912 -97.44993591308593752 8.65010643005371096
v -3.837238296000578E-07 -97.44993591308593752 9.52504730224609376
v 2.04130434989929199 -97.44993591308593752 9.303741455078125
v -2.0413053035736084 -97.44993591308593752 9.303741455078125
v -2.32735419273376464 -97.44993591308593752 9.23633861541748048
v -3.9877541065216064 -97.44993591308593752 8.65010643005371096
v -4.51362180709838864 -97.44993591308593752 8.38771438598632816
v -5.7488994598388672 -97.44993591308593752 7.59451675415039064
v -6.42626905441284176 -97.44993591308593752 7.03061819076538086
v -7.94934988021850592 -97.44993591308593752 5.24731969833374024
v -7.24290323257446288 -97.44993591308593752 6.18602323532104492
v -8.99053382873535152 -97.44993591308593752 3.14592361450195312
v -8.40034198760986328 -97.44993591308593752 4.49007606506347656
v -9.48670291900634768 -97.44993591308593752 0.85381859540939328
v -9.16743183135986328 -97.44993591308593752 2.5854830741882324
v 9.50852680206298832 -97.44993591308593752 0.56074726581573488
v 9.48670196533203128 -97.44993591308593752 0.85381871461868288
v -9.5250244140625 -97.44993591308593752 -7.851176064832543E-08
v -9.50852775573730472 -97.44993591308593752 0.56074708700180056
v 9.5250234603881836 -97.44993591308593752 7.851291172755737E-08
v 9.52499961853027344 -97.44993591308593752 -17.78000068664550784
v 12.69999980926513672 -100.62493896484375 -17.78000068664550784
v 12.69999980926513672 -113.029998779296875 -17.78000068664550784
v 11.44230461120605472 -118.54032135009765624 -17.78000068664550784
v 12.38158416748046872 -115.85601806640624992 -17.78000068664550784
v 12.69999980926513672 -100.62491607666015624 1.0465053890129639E-07
v 12.69999980926513672 -113.029998779296875 1.0465052469044167E-07
v 12.38158416748046872 -100.62488555908203128 2.82601594924926752
v 12.6779727935791016 -100.62488555908203128 0.7476593255996704
v 12.22318077087402344 -100.62488555908203128 3.447293758392334
v 11.44230461120605472 -100.62488555908203128 5.51032352447509768
v 11.20039939880371092 -100.62488555908203128 5.98673868179321296
v 9.65715503692626952 -100.62488555908203128 8.24799060821533204
v 9.9292593002319336 -100.62488555908203128 7.91832065582275392
v 7.6651601791381836 -100.62488555908203128 10.12597274780273438
v 7.91832017898559568 -100.62488555908203128 9.92926025390624992
v 5.31697845458984376 -100.62488555908203128 11.53341865539550784
v 5.51032304763793944 -100.62488555908203128 11.44230461120605472
v 2.72172594070434576 -100.62488555908203128 12.40492630004882816
v 2.82601547241210944 -100.62488555908203128 12.38158416748046872
v -4.098607746527705E-07 -100.62488555908203128 12.69999980926513672
v -5.31697893142700196 -100.62488555908203128 11.53341865539550784
v -2.82601618766784672 -100.62488555908203128 12.38158416748046872
v -2.72172665596008304 -100.62488555908203128 12.40492630004882816
v -7.66516065597534176 -100.62488555908203128 10.12597179412841796
v -5.51032400131225584 -100.62488555908203128 11.44230461120605472
v -9.65715599060058592 -100.62488555908203128 8.24799060821533204
v -7.91832065582275392 -100.62488555908203128 9.9292593002319336
v -11.20040035247802736 -100.62488555908203128 5.98673868179321296
v -9.92926025390624992 -100.62488555908203128 7.91832017898559568
v -11.44230461120605472 -100.62488555908203128 5.51032352447509768
v -12.22318172454833984 -100.62488555908203128 3.44729351997375488
v -12.38158512115478512 -100.62488555908203128 2.82601571083068848
v -12.677973747253418 -100.62488555908203128 0.74765908718109136
v -12.70000076293945312 -100.62491607666015624 -1.0464883359873056E-07
v -9.52500057220458984 -97.44993591308593752 -17.78000068664550784
v -11.44230461120605472 -118.54032135009765624 -17.78000068664550784
v -12.38158416748046872 -115.85601806640624992 -17.78000068664550784
v -12.69999980926513672 -113.029998779296875 -17.78000068664550784
v -12.69999980926513672 -100.62493896484375 -17.78000068664550784
v -12.70000076293945312 -113.029998779296875 -1.0464816568855895E-07
v 11.44230461120605472 -113.029998779296875 5.51032352447509768
v 12.07841777801513672 -113.029998779296875 3.924515962600708
v 12.38158416748046872 -113.029998779296875 2.82601594924926752
v 10.27451515197753908 -113.029998779296875 7.4648728370666504
v 9.9292593002319336 -113.029998779296875 7.91832065582275392
v 11.31578254699707032 -113.029998779296875 5.7656793594360352
v 7.91832017898559568 -113.029998779296875 9.92926025390624992
v 8.98025608062744144 -113.029998779296875 8.98025608062744144
v 5.76567888259887696 -113.029998779296875 11.31578254699707032
v 5.51032304763793944 -113.029998779296875 11.44230461120605472
v 7.46487236022949216 -113.029998779296875 10.27451610565185548
v 3.92451548576354976 -113.029998779296875 12.07841777801513672
v 2.82601547241210944 -113.029998779296875 12.38158416748046872
v -4.0986083149618935E-07 -113.029998779296875 12.69999980926513672
v 1.98671734333038336 -113.029998779296875 12.5436420440673828
v -1.98671805858612064 -113.029998779296875 12.5436420440673828
v -2.82601618766784672 -113.029998779296875 12.38158416748046872
v -5.51032400131225584 -113.029998779296875 11.44230461120605472
v -3.92451620101928704 -113.029998779296875 12.07841777801513672
v -7.91832065582275392 -113.029998779296875 9.9292593002319336
v -7.46487331390380856 -113.029998779296875 10.27451610565185548
v -5.76567983627319328 -113.029998779296875 11.31578254699707032
v -8.98025608062744144 -113.029998779296875 8.98025608062744144
v -9.92926025390624992 -113.029998779296875 7.91832017898559568
v -11.44230461120605472 -113.029998779296875 5.51032352447509768
v -11.31578350067138672 -113.029998779296875 5.7656793594360352
v -10.27451610565185548 -113.029998779296875 7.4648728370666504
v -12.38158512115478512 -113.029998779296875 2.82601571083068848
v -12.07841777801513672 -113.029998779296875 3.92451572418212896
v 12.5436420440673828 -113.029998779296875 1.98671782016754144
v -12.5436420440673828 -113.029998779296875 1.9867175817489624
v 12.5436420440673828 -115.01671600341796875 1.0336324862691981E-07
v 11.92971229553222656 -115.01671600341796875 3.87619853019714352
v 12.38920879364013672 -115.01671600341796875 1.96225798130035408
v 11.17646598815917968 -115.01671600341796875 5.69469451904296872
v 8.86969375610351568 -115.01671600341796875 8.869694709777832
v 10.14801883697509766 -115.01671600341796875 7.37296772003173832
v 7.37296724319458008 -115.01671600341796875 10.14801979064941406
v 3.87619805335998528 -115.01671600341796875 11.92971229553222656
v 5.69469404220581056 -115.01671600341796875 11.1764669418334961
v 1.96225750446319584 -115.01671600341796875 12.38920879364013672
v -4.085736691195052E-07 -115.01671600341796875 12.5436420440673828
v -3.87619900703430176 -115.01671600341796875 11.92971229553222656
v -1.96225833892822272 -115.01671600341796875 12.38920879364013672
v -5.69469451904296872 -115.01671600341796875 11.1764669418334961
v -8.869694709777832 -115.01671600341796875 8.86969375610351568
v -7.37296819686889648 -115.01671600341796875 10.14801979064941406
v -10.14801979064941406 -115.01671600341796875 7.37296772003173832
v -11.92971229553222656 -115.01671600341796875 3.87619853019714352
v -11.1764669418334961 -115.01671600341796875 5.69469404220581056
v -12.38920879364013672 -115.01671600341796875 1.96225786209106448
v 11.92971229553222656 -116.95451354980468752 1.88948094844818112
v 12.07841777801513672 -116.95451354980468752 9.953348012459173E-08
v 12.38158416748046872 -115.85601806640624992 1.0202913358625665E-07
v 11.48725795745849608 -116.95451354980468752 3.73243641853332512
v 10.76194858551025392 -116.95451354980468752 5.48348712921142576
v 9.77164459228515632 -116.95451354980468752 7.09951591491699218
v 8.54073047637939456 -116.95451354980468752 8.54073143005371096
v 7.09951543807983398 -116.95451354980468752 9.77164554595947264
v 5.4834866523742676 -116.95451354980468752 10.76194953918457024
v 3.73243594169616704 -116.95451354980468752 11.48725795745849608
v 1.88948047161102288 -116.95451354980468752 11.92971229553222656
v -4.0474384377375827E-07 -116.95451354980468752 12.07841777801513672
v -1.88948118686676032 -116.95451354980468752 11.92971229553222656
v -3.73243665695190432 -116.95451354980468752 11.48725795745849608
v -5.48348712921142576 -116.95451354980468752 10.76194858551025392
v -7.0995163917541504 -116.95451354980468752 9.77164554595947264
v -8.54073143005371096 -116.95451354980468752 8.54073143005371096
v -9.77164554595947264 -116.95451354980468752 7.09951591491699218
v -10.76194953918457024 -116.95451354980468752 5.4834866523742676
v -11.48725795745849608 -116.95451354980468752 3.73243618011474608
v -11.92971229553222656 -116.95451354980468752 1.88948071002960208
v -12.38158512115478512 -115.85601806640624992 -1.0202700195804937E-07
v -12.5436420440673828 -115.01671600341796875 -1.0336111699871253E-07
v 11.1764669418334961 -118.79567718505859376 1.7701785564422608
v 11.44230461120605472 -118.54032135009765624 9.42968299000313E-08
v 10.76194858551025392 -118.79567718505859376 3.49676918983459472
v 10.08243560791015625 -118.79567718505859376 5.13725805282592774
v 9.15466022491455078 -118.79567718505859376 6.65125036239624024
v 8.00146675109863281 -118.79567718505859376 8.00146675109863281
v 6.651249885559082 -118.79567718505859376 9.15466022491455078
v 5.13725757598876954 -118.79567718505859376 10.08243656158447266
v 3.49676871299743656 -118.79567718505859376 10.76194858551025392
v 1.77017807960510256 -118.79567718505859376 11.1764669418334961
v -3.984656586908386E-07 -118.79567718505859376 11.31578254699707032
v -1.77017879486083984 -118.79567718505859376 11.1764669418334961
v -3.49676966667175296 -118.79567718505859376 10.76194858551025392
v -5.13725852966308594 -118.79567718505859376 10.08243656158447266
v -6.6512508392333984 -118.79567718505859376 9.15466022491455078
v -8.00146675109863281 -118.79567718505859376 8.00146675109863281
v -9.15466117858886718 -118.79567718505859376 6.65125036239624024
v -10.08243656158447266 -118.79567718505859376 5.13725805282592774
v -10.76194953918457024 -118.79567718505859376 3.49676918983459472
v -12.07841777801513672 -116.95451354980468752 -9.953123480954673E-08
v -11.44230461120605472 -118.54032135009765624 -9.429459169041365E-08
v 10.27451515197753908 -120.494873046875 8.468335011002637E-08
v 10.14801883697509766 -120.494873046875 1.60728847980499264
v 9.77164459228515632 -120.494873046875 3.17500019073486328
v 9.15466022491455078 -120.494873046875 4.66453266143798832
v 8.3122577667236328 -120.494873046875 6.03920888900756836
v 7.26517963409423828 -120.494873046875 7.26518011093139648
v 6.03920841217041015 -120.494873046875 8.3122577667236328
v 4.66453218460083008 -120.494873046875 9.15466022491455078
v 3.17499971389770508 -120.494873046875 9.77164554595947264
v 1.60728800296783448 -120.494873046875 10.14801979064941406
v -3.898936995483382E-07 -120.494873046875 10.27451610565185548
v -1.60728871822357176 -120.494873046875 10.14801979064941406
v -3.17500042915344238 -120.494873046875 9.77164554595947264
v -4.66453313827514648 -120.494873046875 9.15466022491455078
v -6.03920936584472656 -120.494873046875 8.3122577667236328
v -7.26518011093139648 -120.494873046875 7.26517963409423828
v -8.3122587203979492 -120.494873046875 6.03920888900756836
v -9.15466117858886718 -120.494873046875 4.66453266143798832
v -9.77164554595947264 -120.494873046875 3.17499995231628418
v -11.1764669418334961 -118.79567718505859376 1.7701783180236816
v -10.27451610565185548 -120.494873046875 -8.468111900583608E-08
v -10.14801979064941406 -120.494873046875 1.60728836059570312
v 8.86969375610351568 -122.01025390625 1.40482163429260256
v 8.98025608062744144 -122.01025390625 7.402873336559423E-08
v 9.9292593002319336 -120.94831848144531248 8.184106548014825E-08
v 8.54073047637939456 -122.01025390625 2.77505183219909664
v 8.00146675109863281 -122.01025390625 4.07695102691650391
v 7.26517963409423828 -122.01025390625 5.27846193313598632
v 6.34999942779541016 -122.01025390625 6.34999990463256836
v 5.27846193313598632 -122.01025390625 7.26517963409423828
v 4.0769505500793457 -122.01025390625 8.00146675109863281
v 2.7750513553619384 -122.01025390625 8.54073143005371096
v 1.40482115745544432 -122.01025390625 8.869694709777832
v -3.7923905438219663E-07 -122.01025390625 8.98025608062744144
v -1.4048219919204712 -122.01025390625 8.869694709777832
v -2.77505207061767584 -122.01025390625 8.54073143005371096
v -4.07695150375366211 -122.01025390625 8.00146675109863281
v -5.27846240997314452 -122.01025390625 7.26517963409423828
v -6.35000038146972656 -122.01025390625 6.34999990463256836
v -7.26518011093139648 -122.01025390625 5.27846193313598632
v -8.00146675109863281 -122.01025390625 4.07695102691650391
v -8.54073143005371096 -122.01025390625 2.7750515937805176
v -8.869694709777832 -122.01025390625 1.40482151508331296
v -9.92926025390624992 -120.94831848144531248 -8.183883437595796E-08
v 7.37296724319458008 -123.30451202392578124 1.16776347160339356
v 7.91832017898559568 -122.95925903320312496 6.528654949988777E-08
v 7.09951543807983398 -123.30451202392578124 2.30677247047424316
v 6.651249885559082 -123.30451202392578124 3.38898134231567384
v 6.03920841217041015 -123.30451202392578124 4.38774204254150392
v 5.27846193313598632 -123.30451202392578124 5.27846193313598632
v 4.38774156570434568 -123.30451202392578124 6.03920888900756836
v 3.3889808654785156 -123.30451202392578124 6.65125036239624024
v 2.30677223205566408 -123.30451202392578124 7.09951591491699218
v 1.16776299476623536 -123.30451202392578124 7.37296772003173832
v -3.6676405557045655E-07 -123.30451202392578124 7.4648728370666504
v -1.16776371002197266 -123.30451202392578124 7.37296772003173832
v -2.30677294731140136 -123.30451202392578124 7.09951591491699218
v -3.38898158073425296 -123.30451202392578124 6.65125036239624024
v -4.38774251937866208 -123.30451202392578124 6.03920888900756836
v -5.27846240997314452 -123.30451202392578124 5.27846193313598632
v -6.03920936584472656 -123.30451202392578124 4.38774204254150392
v -6.6512508392333984 -123.30451202392578124 3.38898134231567384
v -7.09951591491699218 -123.30451202392578124 2.30677247047424316
v -8.98025608062744144 -122.01025390625 -7.402650226140395E-08
v -7.91832065582275392 -122.95925903320312496 -6.528432550112484E-08
v -7.37296819686889648 -123.30451202392578124 1.167763352394104
v 5.76567888259887696 -124.34577941894531248 4.756561011731719E-08
v 5.69469404220581056 -124.34577941894531248 0.90195101499557488
v 5.4834866523742676 -124.34577941894531248 1.78169298171997072
v 5.13725757598876954 -124.34577941894531248 2.61756372451782224
v 4.66453218460083008 -124.34577941894531248 3.38898134231567384
v 4.0769505500793457 -124.34577941894531248 4.07695102691650391
v 3.3889808654785156 -124.34577941894531248 4.66453266143798832
v 2.61756324768066408 -124.34577941894531248 5.13725805282592774
v 1.78169250488281248 -124.34577941894531248 5.48348712921142576
v 0.9019505977630616 -124.34577941894531248 5.69469404220581056
v -3.5277588494864176E-07 -124.34577941894531248 5.7656793594360352
v -0.90195131301879888 -124.34577941894531248 5.69469404220581056
v -1.78169322013854976 -124.34577941894531248 5.48348712921142576
v -2.61756396293640136 -124.34577941894531248 5.13725805282592774
v -3.38898158073425296 -124.34577941894531248 4.66453266143798832
v -4.07695150375366211 -124.34577941894531248 4.07695102691650391
v -4.66453313827514648 -124.34577941894531248 3.38898134231567384
v -5.13725805282592774 -124.34577941894531248 2.61756372451782224
v -5.48348712921142576 -124.34577941894531248 1.78169286251068112
v -7.4648728370666504 -123.30451202392578124 -6.155141818453558E-08
v -5.51032400131225584 -124.47230529785156248 -4.546119924953018E-08
v -5.69469451904296872 -124.34577941894531248 0.90195089578628544
v 3.87619829177856448 -125.10842132568359376 0.61392956972122192
v 3.92451548576354976 -125.10842132568359376 3.240864643316854E-08
v 5.51032304763793944 -124.47230529785156248 4.546342324829311E-08
v 3.73243594169616704 -125.10842132568359376 1.21274209022521972
v 3.4967689514160156 -125.10842132568359376 1.78169298171997072
v 3.17499971389770508 -125.10842132568359376 2.30677247047424316
v 2.7750513553619384 -125.10842132568359376 2.77505183219909664
v 2.30677223205566408 -125.10842132568359376 3.17499995231628418
v 1.78169262409210208 -125.10842132568359376 3.49676918983459472
v 1.21274173259735108 -125.10842132568359376 3.73243641853332512
v 0.61392921209335328 -125.10842132568359376 3.87619853019714352
v -3.3761901363504876E-07 -125.10842132568359376 3.92451572418212896
v -0.61392986774444584 -125.10842132568359376 3.87619853019714352
v -1.21274244785308836 -125.10842132568359376 3.73243641853332512
v -1.78169322013854976 -125.10842132568359376 3.49676918983459472
v -2.30677294731140136 -125.10842132568359376 3.17499995231628418
v -2.77505207061767584 -125.10842132568359376 2.77505183219909664
v -3.17500042915344238 -125.10842132568359376 2.30677247047424316
v -3.49676942825317384 -125.10842132568359376 1.78169286251068112
v -3.73243665695190432 -125.10842132568359376 1.21274209022521972
v -3.87619876861572272 -125.10842132568359376 0.61392951011657712
v 1.96225762367248528 -125.57363891601562496 0.31079113483428956
v 2.82601547241210944 -125.41158294677734376 2.3365537060726638E-08
v 1.88948047161102288 -125.57363891601562496 0.61392956972122192
v 1.77017807960510256 -125.57363891601562496 0.90195095539093024
v 1.607288122177124 -125.57363891601562496 1.167763352394104
v 1.40482127666473392 -125.57363891601562496 1.40482151508331296
v 1.16776299476623536 -125.57363891601562496 1.60728836059570312
v 0.90195065736770624 -125.57363891601562496 1.7701784372329712
v 0.61392921209335328 -125.57363891601562496 1.88948082923889168
v 0.31079080700874328 -125.57363891601562496 1.96225786209106448
v -3.216665902527893E-07 -125.57363891601562496 1.986717700958252
v -0.31079143285751344 -125.57363891601562496 1.96225786209106448
v -0.61392986774444584 -125.57363891601562496 1.88948082923889168
v -0.90195131301879888 -125.57363891601562496 1.7701784372329712
v -1.16776371002197266 -125.57363891601562496 1.60728836059570312
v -1.40482187271118168 -125.57363891601562496 1.40482151508331296
v -1.60728871822357176 -125.57363891601562496 1.167763352394104
v -1.77017879486083984 -125.57363891601562496 0.90195095539093024
v -1.88948118686676032 -125.57363891601562496 0.61392951011657712
v -3.92451620101928704 -125.10842132568359376 -3.240642243440561E-08
v -2.82601618766784672 -125.41158294677734376 -2.3363314838320548E-08
v -3.053114596696105E-07 -125.73000335693359376 0
v -1.96225821971893312 -125.57363891601562496 0.31079110503196716
v -8.13372611999511718 -122.78359222412109376 -8.66757965087890624
v -7.9375 -122.94393157958984368 -8.63650035858154296
v -8.31074428558349608 -122.63320159912109376 -8.75777435302734368
v -8.54142093658447264 -122.42862701416015624 -9.07527446746826172
v -8.50240516662597656 -122.46393585205078128 -8.98148727416992192
v -8.56455421447753904 -122.40754699707031248 -9.17135810852050782
v -9.92926025390624992 -120.94831848144531248 -18.796499252319336
v -8.57250022888183592 -122.40028381347656248 -18.16150093078613282
v -8.57250022888183592 -122.40028381347656248 -9.27149963378906248
v -8.56447601318359376 -122.40762329101562496 -18.26212882995605468
v -8.45122623443603512 -122.50981140136718752 -18.53474426269531248
v -8.5021982192993164 -122.46411895751953128 -18.45191574096679688
v -8.54142093658447264 -122.42862701416015624 -18.3577251434326172
v -8.31074333190917968 -122.63320159912109376 -18.6752262115478516
v -8.45122623443603512 -122.50981140136718752 -8.89825630187988288
v -7.9375 -122.94393157958984368 -18.796499252319336
v -8.13372611999511718 -122.78359222412109376 -18.76542091369628912
v -5.51032352447509768 -124.47230529785156248 -8.63650035858154296
v -7.91832065582275392 -122.95925903320312496 -8.63650035858154296
v -2.82601618766784672 -125.41158294677734376 -8.63650035858154296
v -2.3421377193244552E-07 -125.73000335693359376 -8.63650035858154296
v 2.82601571083068848 -125.41158294677734376 -8.63650035858154296
v 5.51032304763793944 -124.47230529785156248 -8.63650035858154296
v 7.91832017898559568 -122.95925903320312496 -8.63650035858154296
v 9.9292593002319336 -120.94831848144531248 -18.796499252319336
v 8.31074333190917968 -122.63320159912109376 -18.6752262115478516
v 8.13372516632080078 -122.78359222412109376 -18.76542091369628912
v 8.54142093658447264 -122.42862701416015624 -18.3577251434326172
v 8.50240516662597656 -122.46393585205078128 -18.45151329040527344
v 8.56455421447753904 -122.40754699707031248 -18.26164245605468752
v 8.57250022888183592 -122.40028381347656248 -9.27149963378906248
v 8.57250022888183592 -122.40028381347656248 -18.1614990234375
v 8.56447601318359376 -122.40762329101562496 -9.17087078094482422
v 8.45122528076171872 -122.50981140136718752 -8.89825630187988288
v 8.502197265625 -122.46411895751953128 -8.98108386993408208
v 8.54142093658447264 -122.42862701416015624 -9.07527446746826172
v 8.31074333190917968 -122.63320159912109376 -8.75777435302734368
v 8.45122528076171872 -122.50981140136718752 -18.53474426269531248
v 7.9375 -122.94393157958984368 -8.63650035858154296
v 8.13372516632080078 -122.78359222412109376 -8.66757869720458984
v 7.9375 -122.94393157958984368 -18.796499252319336
v -8.57250022888183592 -127.63500213623046872 -9.27149963378906248
v -8.57250022888183592 -127.63500213623046872 -18.16150093078613282
v 8.57250022888183592 -127.63500213623046872 -9.27149963378906248
v 8.57250022888183592 -127.63500213623046872 -18.1614990234375
v -8.13372611999511718 -127.63500213623046872 -8.66757965087890624
v -7.9375 -127.63500213623046872 -8.63650035858154296
v -8.31074428558349608 -127.63500213623046872 -8.75777435302734368
v -8.45122623443603512 -127.63500213623046872 -8.89825630187988288
v -8.54142093658447264 -127.63500213623046872 -9.07527446746826172
v -2.22250032424926756 -133.54621887207031248 -8.66757869720458984
v -2.22250032424926756 -133.350006103515625 -8.63650035858154296
v -3.4942073822021484 -133.20671081542968752 -8.63650035858154296
v -3.53787159919738768 -133.39802551269531248 -8.66757869720458984
v -4.7021455764770508 -132.78404235839843744 -8.63650035858154296
v -4.78728485107421872 -132.96083068847656256 -8.66757869720458984
v -5.78574466705322272 -132.1031646728515625 -8.63650035858154296
v -5.90808916091918944 -132.25657653808593752 -8.66757869720458984
v -6.69066715240478512 -131.1982421875 -8.63650035858154296
v -6.84408283233642576 -131.320587158203125 -8.66757869720458984
v -7.37153720855712888 -130.1146392822265625 -8.63650035858154296
v -7.54833078384399416 -130.19978332519531248 -8.66757965087890624
v -7.79421329498291008 -128.90670776367187504 -8.63650035858154296
v -7.98551940917968752 -128.95037841796875008 -8.66757965087890624
v -2.22250032424926756 -133.72323608398437504 -8.75777435302734368
v -3.57726192474365232 -133.57060241699218752 -8.75777435302734368
v -4.86408996582031248 -133.1203155517578125 -8.75777435302734368
v -6.01845788955688476 -132.39497375488281248 -8.75777435302734368
v -6.98248100280761712 -131.43095397949218752 -8.75777435302734368
v -7.70781803131103512 -130.27659606933593752 -8.75777435302734368
v -8.15809917449951172 -128.98976135253906256 -8.75777435302734368
v -2.22250032424926756 -133.86372375488281248 -8.89825630187988288
v -3.60852217674255368 -133.70756530761718752 -8.89825630187988288
v -4.9250431060791016 -133.24688720703125 -8.89825630187988288
v -6.1060471534729004 -132.50480651855468752 -8.89825630187988288
v -7.0923142433166504 -131.51853942871093752 -8.89825630187988288
v -7.83438825607299808 -130.33753967285156248 -8.89825630187988288
v -8.29505920410156248 -129.021026611328125 -8.89825630187988288
v -2.22250032424926756 -133.95391845703124992 -9.07527446746826172
v -3.62859249114990232 -133.79548645019531248 -9.07527446746826172
v -4.964177131652832 -133.328155517578125 -9.07527446746826172
v -6.16228294372558594 -132.57533264160156248 -9.07527446746826172
v -7.16283130645751954 -131.57478332519531248 -9.07527446746826172
v -7.9156513214111328 -130.37667846679687504 -9.07527446746826172
v -8.3829927444458008 -129.0410919189453125 -9.07527446746826172
v -2.22250032424926756 -133.98500061035156256 -9.27149963378906248
v -4.97766208648681648 -133.35615539550781248 -9.27149963378906248
v -4.18475818634033204 -133.67420959472656248 -9.27149963378906248
v -5.9549365043640136 -132.77226257324218752 -9.27149963378906248
v -6.18166065216064452 -132.59962463378906248 -9.27149963378906248
v -7.94365262985229488 -130.39016723632812496 -9.27149963378906248
v -7.35975837707519532 -131.367431640625 -9.27149963378906248
v -8.26170921325683592 -129.59725952148437504 -9.27149963378906248
v -8.41329288482666016 -129.048004150390625 -9.27149963378906248
v -7.18712997436523436 -131.59416198730468752 -9.27149963378906248
v -3.63550806045532224 -133.82579040527343744 -9.27149963378906248
v 8.54142093658447264 -127.63500213623046872 -9.07527446746826172
v 8.45122528076171872 -127.63500213623046872 -8.89825630187988288
v 8.31074333190917968 -127.63500213623046872 -8.75777435302734368
v 8.13372516632080078 -127.63500213623046872 -8.66757869720458984
v 7.9375 -127.63500213623046872 -8.63650035858154296
v 7.794212818145752 -128.90670776367187504 -8.63650035858154296
v 7.98551893234252928 -128.95037841796875008 -8.66757869720458984
v 7.37153673171997072 -130.1146392822265625 -8.63650035858154296
v 7.54833030700683592 -130.19978332519531248 -8.66757869720458984
v 6.69066667556762696 -131.1982421875 -8.63650035858154296
v 6.84408235549926752 -131.320587158203125 -8.66757869720458984
v 5.78574419021606448 -132.1031646728515625 -8.63650035858154296
v 5.9080886840820312 -132.25657653808593752 -8.66757869720458984
v 4.70214509963989256 -132.78404235839843744 -8.63650035858154296
v 4.78728437423706048 -132.96083068847656256 -8.66757869720458984
v 3.49420690536499024 -133.20671081542968752 -8.63650035858154296
v 3.53787136077880856 -133.39802551269531248 -8.66757869720458984
v 2.22249984741210936 -133.350006103515625 -8.63650035858154296
v 8.15809822082519532 -128.98976135253906256 -8.75777435302734368
v 7.70781755447387696 -130.27659606933593752 -8.75777435302734368
v 6.98248052597045904 -131.43095397949218752 -8.75777435302734368
v 6.01845741271972656 -132.39497375488281248 -8.75777435302734368
v 4.86408948898315424 -133.1203155517578125 -8.75777435302734368
v 3.57726144790649416 -133.57060241699218752 -8.75777435302734368
v 2.22249984741210936 -133.54621887207031248 -8.66757869720458984
v 8.29505825042724608 -129.021026611328125 -8.89825630187988288
v 7.83438777923583984 -130.33753967285156248 -8.89825630187988288
v 7.09231376647949218 -131.51853942871093752 -8.89825630187988288
v 6.10604667663574218 -132.50480651855468752 -8.89825630187988288
v 4.92504262924194336 -133.24688720703125 -8.89825630187988288
v 3.60852169990539552 -133.70756530761718752 -8.89825630187988288
v 2.22249984741210936 -133.72323608398437504 -8.75777435302734368
v 8.3829917907714844 -129.0410919189453125 -9.07527446746826172
v 7.91565084457397456 -130.37667846679687504 -9.07527446746826172
v 7.16283082962036132 -131.57478332519531248 -9.07527446746826172
v 6.16228246688842774 -132.57533264160156248 -9.07527446746826172
v 4.96417665481567376 -133.328155517578125 -9.07527446746826172
v 3.62859201431274416 -133.79548645019531248 -9.07527446746826172
v 2.22249984741210936 -133.86372375488281248 -8.89825630187988288
v 7.94365215301513664 -130.39016723632812496 -9.27149963378906248
v 8.26170825958251952 -129.59725952148437504 -9.27149963378906248
v 7.35975790023803712 -131.367431640625 -9.27149963378906248
v 7.18712949752807616 -131.59416198730468752 -9.27149963378906248
v 4.97766160964965824 -133.35615539550781248 -9.27149963378906248
v 5.95493602752685552 -132.77226257324218752 -9.27149963378906248
v 4.18475770950317384 -133.67420959472656248 -9.27149963378906248
v 3.63550758361816408 -133.82579040527343744 -9.27149963378906248
v 2.22249984741210936 -133.95391845703124992 -9.07527446746826172
v 2.22249984741210936 -133.98500061035156256 -9.27149963378906248
v 6.18166017532348632 -132.59962463378906248 -9.27149963378906248
v 8.41329193115234376 -129.048004150390625 -9.27149963378906248
v -2.22250008583068848 -133.98500061035156256 -18.16150093078613282
v 2.22249984741210936 -133.98500061035156256 -18.16150093078613282
v -8.41329193115234376 -129.048004150390625 -18.16150093078613282
v -7.35975790023803712 -131.367431640625 -18.16150093078613282
v -8.26170921325683592 -129.59725952148437504 -18.16150093078613282
v -7.94365262985229488 -130.39016723632812496 -18.16150093078613282
v -7.18712997436523436 -131.59416198730468752 -18.16150093078613282
v -6.18166017532348632 -132.59962463378906248 -18.16150093078613282
v -5.9549365043640136 -132.77226257324218752 -18.16150093078613282
v -4.97766208648681648 -133.35615539550781248 -18.16150093078613282
v -4.18475818634033204 -133.67420959472656248 -18.16150093078613282
v -3.63550806045532224 -133.82579040527343744 -18.16150093078613282
v -8.54142093658447264 -127.63500213623046872 -18.3577251434326172
v -8.45122623443603512 -127.63500213623046872 -18.53474426269531248
v -8.31074333190917968 -127.63500213623046872 -18.6752262115478516
v -8.13372611999511718 -127.63500213623046872 -18.76542091369628912
v -7.9375 -127.63500213623046872 -18.796499252319336
v -7.79421329498291008 -128.90670776367187504 -18.796499252319336
v -7.98551893234252928 -128.95037841796875008 -18.76542091369628912
v -7.37153720855712888 -130.1146392822265625 -18.796499252319336
v -7.54833078384399416 -130.19978332519531248 -18.76542091369628912
v -6.69066715240478512 -131.1982421875 -18.796499252319336
v -6.84408235549926752 -131.320587158203125 -18.76542091369628912
v -5.78574419021606448 -132.1031646728515625 -18.796499252319336
v -5.90808916091918944 -132.25657653808593752 -18.76542091369628912
v -4.7021455764770508 -132.78404235839843744 -18.796499252319336
v -4.78728485107421872 -132.96083068847656256 -18.76542091369628912
v -3.4942073822021484 -133.20671081542968752 -18.796499252319336
v -3.53787159919738768 -133.39802551269531248 -18.76542091369628912
v -2.22250008583068848 -133.350006103515625 -18.796499252319336
v -8.15809917449951172 -128.98976135253906256 -18.6752262115478516
v -7.70781803131103512 -130.27659606933593752 -18.6752262115478516
v -6.98248052597045904 -131.43095397949218752 -18.6752262115478516
v -6.01845788955688476 -132.39497375488281248 -18.6752262115478516
v -4.86408996582031248 -133.1203155517578125 -18.6752262115478516
v -3.57726192474365232 -133.57060241699218752 -18.6752262115478516
v -2.22250008583068848 -133.54621887207031248 -18.76542091369628912
v -8.29505920410156248 -129.021026611328125 -18.53474426269531248
v -7.83438825607299808 -130.33753967285156248 -18.53474426269531248
v -7.0923142433166504 -131.51853942871093752 -18.53474426269531248
v -6.1060471534729004 -132.50480651855468752 -18.53474426269531248
v -4.9250431060791016 -133.24688720703125 -18.53474426269531248
v -3.60852193832397464 -133.70756530761718752 -18.53474426269531248
v -2.22250008583068848 -133.72323608398437504 -18.6752262115478516
v -8.3829927444458008 -129.0410919189453125 -18.3577251434326172
v -7.9156513214111328 -130.37667846679687504 -18.3577251434326172
v -7.16283130645751954 -131.57478332519531248 -18.3577251434326172
v -6.16228294372558594 -132.57533264160156248 -18.3577251434326172
v -4.964177131652832 -133.328155517578125 -18.3577251434326172
v -3.62859225273132328 -133.79548645019531248 -18.3577251434326172
v -2.22250008583068848 -133.86372375488281248 -18.53474426269531248
v -2.22250008583068848 -133.95391845703124992 -18.3577251434326172
v 8.41329193115234376 -129.048004150390625 -18.1614990234375
v 7.35975790023803712 -131.367431640625 -18.1614990234375
v 7.94365215301513664 -130.39016723632812496 -18.1614990234375
v 8.26170825958251952 -129.59725952148437504 -18.1614990234375
v 6.18166017532348632 -132.59962463378906248 -18.1614990234375
v 7.18712997436523436 -131.59416198730468752 -18.1614990234375
v 4.18475770950317384 -133.67420959472656248 -18.1614990234375
v 4.97766160964965824 -133.35615539550781248 -18.1614990234375
v 5.95493602752685552 -132.77226257324218752 -18.1614990234375
v 3.6355078220367432 -133.82579040527343744 -18.1614990234375
v 2.22249984741210936 -133.350006103515625 -18.796499252319336
v 2.22249984741210936 -133.54621887207031248 -18.76542091369628912
v 2.22249984741210936 -133.72323608398437504 -18.6752262115478516
v 2.22249984741210936 -133.86372375488281248 -18.53474426269531248
v 2.22249984741210936 -133.95391845703124992 -18.3577251434326172
v 3.49420690536499024 -133.20671081542968752 -18.796499252319336
v 3.53787136077880856 -133.39802551269531248 -18.76542091369628912
v 4.7021455764770508 -132.78404235839843744 -18.796499252319336
v 4.78728437423706048 -132.96083068847656256 -18.76542091369628912
v 5.78574419021606448 -132.1031646728515625 -18.796499252319336
v 5.9080886840820312 -132.25657653808593752 -18.76542091369628912
v 6.69066667556762696 -131.1982421875 -18.796499252319336
v 6.84408235549926752 -131.320587158203125 -18.76542091369628912
v 7.37153673171997072 -130.1146392822265625 -18.796499252319336
v 7.54833030700683592 -130.19978332519531248 -18.76542091369628912
v 7.794212818145752 -128.90670776367187504 -18.796499252319336
v 7.98551893234252928 -128.95037841796875008 -18.76542091369628912
v 7.9375 -127.63500213623046872 -18.796499252319336
v 3.57726144790649416 -133.57060241699218752 -18.6752262115478516
v 4.86408996582031248 -133.1203155517578125 -18.6752262115478516
v 6.01845788955688476 -132.39497375488281248 -18.6752262115478516
v 6.98248052597045904 -131.43095397949218752 -18.6752262115478516
v 7.70781803131103512 -130.27659606933593752 -18.6752262115478516
v 8.15809822082519532 -128.98976135253906256 -18.6752262115478516
v 8.13372516632080078 -127.63500213623046872 -18.76542091369628912
v 3.60852169990539552 -133.70756530761718752 -18.53474426269531248
v 4.92504262924194336 -133.24688720703125 -18.53474426269531248
v 6.10604667663574218 -132.50480651855468752 -18.53474426269531248
v 7.09231376647949218 -131.51853942871093752 -18.53474426269531248
v 7.83438777923583984 -130.33753967285156248 -18.53474426269531248
v 8.29505825042724608 -129.021026611328125 -18.53474426269531248
v 8.31074333190917968 -127.63500213623046872 -18.6752262115478516
v 3.62859201431274416 -133.79548645019531248 -18.3577251434326172
v 4.96417665481567376 -133.328155517578125 -18.3577251434326172
v 6.16228246688842774 -132.57533264160156248 -18.3577251434326172
v 7.16283130645751954 -131.57478332519531248 -18.3577251434326172
v 7.91565084457397456 -130.37667846679687504 -18.3577251434326172
v 8.3829917907714844 -129.0410919189453125 -18.3577251434326172
v 8.45122528076171872 -127.63500213623046872 -18.53474426269531248
v 8.54142093658447264 -127.63500213623046872 -18.3577251434326172
v 5.2069997787475586 -127.63500213623046872 -18.796499252319336
v -5.2070002555847168 -130.42900085449218752 -18.796499252319336
v 5.2069997787475586 -130.42900085449218752 -18.796499252319336
v -5.2070002555847168 -127.63500213623046872 -18.796499252319336
v 5.2069997787475586 -127.63500213623046872 -8.63650035858154296
v -5.2070002555847168 -130.42900085449218752 -8.63650035858154296
v -5.2070002555847168 -127.63500213623046872 -8.63650035858154296
v 5.2069997787475586 -130.42900085449218752 -8.63650035858154296
v -7.48180723190307616 -109.99040222167968752 -18.796499252319336
v -4.79956293106079104 -113.53445434570312496 -18.796499252319336
v -4.72054052352905272 -112.02661895751953125 -18.796499252319336
v -6.98694515228271488 -109.66903686523437504 -18.796499252319336
v -1.26194703578948976 -121.15346527099609376 -18.796499252319336
v -3.58641695976257328 -116.25922393798828124 -18.796499252319336
v -4.40877056121826168 -114.9929122924804688 -18.796499252319336
v -0.76708513498306272 -120.83209991455078128 -18.796499252319336
v -2.41300010681152344 -117.209442138671875 -18.796499252319336
v -8.05175685882568359 -110.14311981201171876 -18.796499252319336
v -6.35000038146972656 -124.02852630615234375 -18.796499252319336
v -1.84473764896392816 -122.1628875732421875 -18.796499252319336
v -4.17943859100341796 -110.61699676513671872 -18.796499252319336
v -1.87561869621276848 -122.75213623046875008 -18.796499252319336
v -1.72290122509002688 -123.32208251953125 -18.796499252319336
v -3.7433907985687256 -125.165771484375 -18.796499252319336
v -0.94907236099243168 -125.69448852539062496 -18.796499252319336
v -0.94297516345977776 -124.18827819824218752 -18.796499252319336
v 12.6644878387451172 -113.97907257080078128 -18.796499252319336
v 12.55815124511718752 -111.1371612548828125 -18.796499252319336
v 4.7995624542236328 -112.52554321289062496 -18.796499252319336
v -8.64100360870361328 -110.11223602294921876 -18.796499252319336
v -9.1918668746948242 -109.90077972412109376 -18.796499252319336
v -12.55815124511718752 -114.92283630371093744 -18.796499252319336
v 6.98694515228271488 -106.865966796875 -18.796499252319336
v -6.37327337265014648 -108.07036590576171875 -18.796499252319336
v -0.50445449352264408 -108.230438232421875 -18.796499252319336
v -6.61561155319213864 -109.21047210693359376 -18.796499252319336
v -1.63328075408935544 -121.61202239990234376 -18.796499252319336
v -1.40153408050537112 -123.81694793701171872 -18.796499252319336
v 4.40877008438110352 -111.06708526611328125 -18.796499252319336
v 6.8473577499389648 -109.52944946289062496 -18.796499252319336
v 6.52599096298217776 -109.03458404541015625 -18.796499252319336
v 0.50445419549942016 -117.82955932617187504 -18.796499252319336
v -1.00338196754455566 -117.75054168701171872 -18.796499252319336
v -0.19713561236858368 -120.67938232421875 -18.796499252319336
v 1.96291089057922368 -117.43877410888671872 -18.796499252319336
v 0.94297486543655392 -120.92172241210937504 -18.796499252319336
v 4.72054004669189456 -114.03337860107421875 -18.796499252319336
v 12.13577461242675782 -116.77339172363281248 -18.796499252319336
v -12.6644887924194336 -112.08092498779296875 -18.796499252319336
v -9.65042591094970704 -109.52944946289062496 -18.796499252319336
v -9.97179317474365232 -109.03458404541015625 -18.796499252319336
v -11.82209682464599616 -117.66983032226562496 -18.796499252319336
v 1.00338160991668701 -108.30945587158203124 -18.796499252319336
v -6.40415477752685544 -108.65961456298828128 -18.796499252319336
v -3.22922444343566896 -109.44358062744140624 -18.796499252319336
v -10.49323272705078128 -120.18416595458984376 -18.796499252319336
v 3.58641672134399416 -109.8007736206054688 -18.796499252319336
v 7.30591678619384764 -109.90077972412109376 -18.796499252319336
v 1.401533842086792 -121.29305267333984376 -18.796499252319336
v 1.72290086746215824 -121.78791809082031248 -18.796499252319336
v 3.22922420501708984 -116.61641693115234376 -18.796499252319336
v -12.13577461242675782 -109.28660583496093752 -18.796499252319336
v -10.1245107650756836 -108.46463775634765624 -18.796499252319336
v -10.09362983703613282 -107.87538909912109376 -18.796499252319336
v -1.96291124820709232 -108.62123107910156248 -18.796499252319336
v -8.63819408416748048 -122.33975982666015624 -18.796499252319336
v 6.37327337265014648 -108.46463775634765624 -18.796499252319336
v 2.41299986839294432 -108.85056304931640624 -18.796499252319336
v 7.8567805290222168 -110.11223602294921876 -18.796499252319336
v 9.0159769058227539 -109.99040222167968752 -18.796499252319336
v 8.44602680206298832 -110.14311981201171876 -18.796499252319336
v 0.39211091399192808 -120.71026611328125 -18.796499252319336
v 4.17943859100341796 -115.44300079345703128 -18.796499252319336
v -10.99852275848388672 -106.68000030517578128 -18.796499252319336
v 9.51083850860595704 -109.66903686523437504 -18.796499252319336
v 1.87561845779418944 -122.35786437988281248 -18.796499252319336
v 9.30975818634033204 -121.66819000244140624 -18.796499252319336
v -6.84735822677612304 -107.00555419921875 -18.796499252319336
v -1.89283692836761472 -100.47184753417968752 -18.796499252319336
v -4.63983106613159176 -101.20790100097656248 -18.796499252319336
v -9.30975914001464844 -104.39180755615234376 -18.796499252319336
v -9.51083946228027344 -106.865966796875 -18.796499252319336
v 6.40415430068969728 -107.87538909912109376 -18.796499252319336
v 6.61561107635498048 -107.32452392578125 -18.796499252319336
v 9.88217258453369136 -109.21047210693359376 -18.796499252319336
v 10.99852275848388672 -119.37999725341796872 -18.796499252319336
v 0.1971352994441986 -124.43061828613281248 -18.796499252319336
v -0.392111212015152 -124.39973449707031248 -18.796499252319336
v 1.89283657073974608 -125.58815002441406248 -18.796499252319336
v 0.76708483695983888 -124.27790069580078124 -18.796499252319336
v 4.63983106613159176 -124.85209655761718752 -18.796499252319336
v 1.6332805156707764 -123.49797821044921872 -18.796499252319336
v 1.26194667816162108 -123.9565353393554688 -18.796499252319336
v 1.84473729133605952 -122.94711303710937504 -18.796499252319336
v -6.52599096298217776 -107.50041198730468752 -18.796499252319336
v 3.74339056015014656 -100.89422607421875008 -18.796499252319336
v 0.94907206296920784 -100.36550903320312496 -18.796499252319336
v -7.30591726303100584 -106.63421630859375 -18.796499252319336
v -7.15416479110717774 -102.53676605224609376 -18.796499252319336
v -9.0159769058227539 -106.54460144042968752 -18.796499252319336
v 7.15416479110717774 -123.52323150634765624 -18.796499252319336
v 6.34999990463256836 -102.0314788818359375 -18.796499252319336
v -7.85678100585937504 -106.42276000976562496 -18.796499252319336
v -8.44602775573730472 -106.39188385009765624 -18.796499252319336
v -9.88217258453369136 -107.32452392578125 -18.796499252319336
v 10.49323272705078128 -105.87583160400390624 -18.796499252319336
v 8.05175590515136719 -106.39188385009765624 -18.796499252319336
v 8.64100265502929688 -106.42276000976562496 -18.796499252319336
v 7.481806755065918 -106.54460144042968752 -18.796499252319336
v 11.82209682464599616 -108.39016723632812496 -18.796499252319336
v 10.0936288833618164 -108.65961456298828128 -18.796499252319336
v 9.97179317474365232 -107.50041198730468752 -18.796499252319336
v 9.1918668746948242 -106.63421630859375 -18.796499252319336
v 9.65042591094970704 -107.00555419921875 -18.796499252319336
v 8.63819408416748048 -103.72023773193359376 -18.796499252319336
v 10.1245107650756836 -108.07036590576171875 -18.796499252319336
v -12.69694614410400392 -95.25 -20.95499992370605472
v -12.69694614410400392 -96.85464477539062496 -20.95499992370605472
v -4.12444591522216796 -96.85464477539062496 -20.95499992370605472
v -12.69694614410400392 -104.29875183105468752 -20.95499992370605472
v -4.12444591522216796 -104.29875183105468752 -20.95499992370605472
v -4.12444591522216796 -95.25 -20.95499992370605472
v 4.12444591522216796 -96.85464477539062496 -20.95499992370605472
v 4.12444591522216796 -104.29875183105468752 -20.95499992370605472
v -4.12444591522216796 -106.43839263916015624 -20.95499992370605472
v 4.12444591522216796 -106.43839263916015624 -20.95499992370605472
v 4.12444591522216796 -95.25 -20.95499992370605472
v 12.69694614410400392 -96.85464477539062496 -20.95499992370605472
v 12.69694614410400392 -104.29875183105468752 -20.95499992370605472
v 12.69694614410400392 -95.25 -20.95499992370605472
v 20.6203556060791016 -96.85464477539062496 -20.95499992370605472
v -12.69694614410400392 -106.43839263916015624 -20.95499992370605472
v -8.24889183044433592 -106.39678955078125 -20.95499992370605472
v 8.24889183044433592 -106.39678955078125 -20.95499992370605472
v -8.24889183044433592 -110.13820648193359376 -20.95499992370605472
v -6.09722328186035156 -115.42298126220703128 -20.95499992370605472
v -6.53168487548828128 -113.51948547363281248 -20.95499992370605472
v -7.67081069946289064 -110.04665374755859375 -20.95499992370605472
v -6.3857779502868652 -111.57248687744140624 -20.95499992370605472
v -4.45513153076171872 -108.22850799560546876 -20.95499992370605472
v -6.37818193435668944 -108.26750183105468752 -20.95499992370605472
v -6.46974134445190432 -108.8455810546875 -20.95499992370605472
v -6.46974134445190432 -107.68942260742187504 -20.95499992370605472
v -2.84193873405456544 -107.12865447998046876 -20.95499992370605472
v -7.14931631088256836 -109.78093719482421872 -20.95499992370605472
v -5.67246675491333008 -109.7549972534179688 -20.95499992370605472
v -6.73545598983764656 -109.36707305908203128 -20.95499992370605472
v -7.14931631088256836 -106.75406646728515632 -20.95499992370605472
v -6.73545598983764656 -107.1679229736328125 -20.95499992370605472
v -12.69694614410400392 -114.85910797119140624 -20.95499992370605472
v -7.67081069946289064 -106.48834991455078128 -20.95499992370605472
v -10.02804279327392578 -107.68942260742187504 -20.95499992370605472
v -9.76232814788818352 -107.1679229736328125 -20.95499992370605472
v -9.34846782684326172 -109.78093719482421872 -20.95499992370605472
v -9.76232814788818352 -109.36707305908203128 -20.95499992370605472
v -9.34846782684326172 -106.75406646728515632 -20.95499992370605472
v -10.02804279327392578 -108.8455810546875 -20.95499992370605472
v -8.82697296142578128 -110.04665374755859375 -20.95499992370605472
v -8.82697296142578128 -106.48834991455078128 -20.95499992370605472
v -10.11960220336914062 -108.26750183105468752 -20.95499992370605472
v -0.97622698545455936 -106.55316162109375 -20.95499992370605472
v 0.97622668743133552 -106.55316162109375 -20.95499992370605472
v 6.46974086761474608 -107.68942260742187504 -20.95499992370605472
v 6.73545551300048832 -107.1679229736328125 -20.95499992370605472
v 2.8419382572174072 -107.12865447998046876 -20.95499992370605472
v 4.45513153076171872 -108.22850799560546876 -20.95499992370605472
v 5.67246627807617184 -109.7549972534179688 -20.95499992370605472
v 6.46974086761474608 -108.8455810546875 -20.95499992370605472
v 6.38577747344970704 -111.57248687744140624 -20.95499992370605472
v 7.14931631088256836 -109.78093719482421872 -20.95499992370605472
v 6.73545551300048832 -109.36707305908203128 -20.95499992370605472
v 7.14931631088256836 -106.75406646728515632 -20.95499992370605472
v 6.37818193435668944 -108.26750183105468752 -20.95499992370605472
v 7.67081069946289064 -110.04665374755859375 -20.95499992370605472
v 12.69694614410400392 -114.85910797119140624 -20.95499992370605472
v 8.82697296142578128 -110.04665374755859375 -20.95499992370605472
v 8.24889183044433592 -110.13820648193359376 -20.95499992370605472
v 9.76232814788818352 -109.36707305908203128 -20.95499992370605472
v 9.34846782684326172 -109.78093719482421872 -20.95499992370605472
v 12.69694614410400392 -106.43839263916015624 -20.95499992370605472
v 10.11960220336914062 -108.26750183105468752 -20.95499992370605472
v 10.02804279327392578 -108.8455810546875 -20.95499992370605472
v 6.53168487548828128 -113.51948547363281248 -20.95499992370605472
v 9.34846782684326172 -106.75406646728515632 -20.95499992370605472
v 9.76232814788818352 -107.1679229736328125 -20.95499992370605472
v 6.09722280502319336 -115.42298126220703128 -20.95499992370605472
v 10.02804279327392578 -107.68942260742187504 -20.95499992370605472
v 8.82697296142578128 -106.48834991455078128 -20.95499992370605472
v 7.67081069946289064 -106.48834991455078128 -20.95499992370605472
v -4.12444591522216796 -120.13214874267578124 -20.95499992370605472
v 4.12444591522216796 -120.13214874267578124 -20.95499992370605472
v -1.3280495636536216E-07 -119.58000183105468752 -20.95499992370605472
v -1.930646538734436 -119.28900146484375 -20.95499992370605472
v 3.68974614143371584 -118.44186401367187504 -20.95499992370605472
v 1.93064630031585696 -119.28900146484375 -20.95499992370605472
v 13.27214527130126952 -114.85910797119140624 -20.95499992370605472
v 17.45542335510253904 -106.43839263916015624 -20.95499992370605472
v 15.63156414031982424 -99.23042297363281248 -20.95499992370605472
v 16.04542350769042969 -98.81656646728515632 -20.95499992370605472
v 15.3658485412597656 -100.9080810546875 -20.95499992370605472
v 15.2742900848388672 -100.33000183105468752 -20.95499992370605472
v 18.65843582153320312 -99.23042297363281248 -20.95499992370605472
v 18.92415046691894528 -99.75192260742187504 -20.95499992370605472
v 15.3658485412597656 -99.75192260742187504 -20.95499992370605472
v 16.04542350769042969 -101.84343719482421872 -20.95499992370605472
v 15.63156414031982424 -101.42957305908203128 -20.95499992370605472
v 18.24457550048828124 -98.81656646728515632 -20.95499992370605472
v 16.56691932678222656 -102.10915374755859376 -20.95499992370605472
v 18.5183658599853516 -104.29875183105468752 -20.95499992370605472
v 17.14500045776367188 -102.20070648193359376 -20.95499992370605472
v 20.6203556060791016 -100.06756591796875 -20.95499992370605472
v 18.92415046691894528 -100.9080810546875 -20.95499992370605472
v 18.65843582153320312 -101.42957305908203128 -20.95499992370605472
v 17.72308158874511712 -98.55084991455078128 -20.95499992370605472
v 16.56691932678222656 -98.55084991455078128 -20.95499992370605472
v 17.14500045776367188 -98.45928955078125 -20.95499992370605472
v 17.72308158874511712 -102.10915374755859376 -20.95499992370605472
v 18.24457550048828124 -101.84343719482421872 -20.95499992370605472
v 19.01570892333984375 -100.33000183105468752 -20.95499992370605472
v 20.6203556060791016 -95.25 -20.95499992370605472
v -16.04542350769042969 -98.81656646728515632 -20.95499992370605472
v -15.63156414031982424 -99.23042297363281248 -20.95499992370605472
v -17.72308158874511712 -98.55084991455078128 -20.95499992370605472
v -17.14500045776367188 -98.45928955078125 -20.95499992370605472
v -16.56691932678222656 -98.55084991455078128 -20.95499992370605472
v -18.65843582153320312 -99.23042297363281248 -20.95499992370605472
v -18.24457550048828124 -98.81656646728515632 -20.95499992370605472
v -15.365849494934082 -99.75192260742187504 -20.95499992370605472
v -18.92415046691894528 -99.75192260742187504 -20.95499992370605472
v -18.5183658599853516 -104.29875183105468752 -20.95499992370605472
v -18.65843582153320312 -101.42957305908203128 -20.95499992370605472
v -18.92415046691894528 -100.9080810546875 -20.95499992370605472
v -15.63156414031982424 -101.42957305908203128 -20.95499992370605472
v -16.04542350769042969 -101.84343719482421872 -20.95499992370605472
v -19.01571083068847656 -100.33000183105468752 -20.95499992370605472
v -18.24457550048828124 -101.84343719482421872 -20.95499992370605472
v -16.56691932678222656 -102.10915374755859376 -20.95499992370605472
v -15.365849494934082 -100.9080810546875 -20.95499992370605472
v -15.2742900848388672 -100.33000183105468752 -20.95499992370605472
v -17.72308158874511712 -102.10915374755859376 -20.95499992370605472
v -17.14500045776367188 -102.20070648193359376 -20.95499992370605472
v -17.45542335510253904 -106.43839263916015624 -20.95499992370605472
v -13.27214527130126952 -114.85910797119140624 -20.95499992370605472
v -9.85103702545166016 -121.0454254150390625 -20.95499992370605472
v -5.12099647521972656 -117.113861083984375 -20.95499992370605472
v -12.69694614410400392 -116.0169525146484375 -20.95499992370605472
v -3.689746618270874 -118.44186401367187504 -20.95499992370605472
v -7.84498977661132816 -123.01729583740234375 -20.95499992370605472
v -5.45408487319946288 -124.49921417236328128 -20.95499992370605472
v -1.8707101345062256 -122.55500030517578128 -20.95499992370605472
v -2.7956156730651856 -125.41848754882812496 -20.95499992370605472
v -1.51343631744384768 -123.65457916259765624 -20.95499992370605472
v -1.77915108203887936 -121.9769210815429688 -20.95499992370605472
v -1.51343631744384768 -121.45542144775390624 -20.95499992370605472
v -1.77915108203887936 -123.13307952880859376 -20.95499992370605472
v -1.09957587718963624 -124.0684356689453125 -20.95499992370605472
v -1.3280495636536216E-07 -125.73000335693359376 -20.95499992370605472
v -0.5780813097953796 -124.33415222167968752 -20.95499992370605472
v 2.7956154346466064 -125.41848754882812496 -20.95499992370605472
v 1.09957563877105712 -124.0684356689453125 -20.95499992370605472
v 0.57808107137680056 -124.33415222167968752 -20.95499992370605472
v -1.09957587718963624 -121.04156494140625 -20.95499992370605472
v -0.5780813097953796 -120.77584838867187504 -20.95499992370605472
v -1.328050984739093E-07 -124.42571258544921872 -20.95499992370605472
v 1.51343607902526856 -123.65457916259765624 -20.95499992370605472
v 5.45408487319946288 -124.49921417236328128 -20.95499992370605472
v 1.77915084362030032 -123.13307952880859376 -20.95499992370605472
v -1.328050842630546E-07 -120.68428802490234376 -20.95499992370605472
v 1.87070989608764656 -122.55500030517578128 -20.95499992370605472
v 1.77915084362030032 -121.9769210815429688 -20.95499992370605472
v 1.09957563877105712 -121.04156494140625 -20.95499992370605472
v 1.51343607902526856 -121.45542144775390624 -20.95499992370605472
v 0.57808107137680056 -120.77584838867187504 -20.95499992370605472
v 7.84498929977416992 -123.01729583740234375 -20.95499992370605472
v 12.69694614410400392 -116.0169525146484375 -20.95499992370605472
v 5.12099599838256836 -117.113861083984375 -20.95499992370605472
v 9.85103702545166016 -121.0454254150390625 -20.95499992370605472
# 1419 vertices

vn 0.15643446147441864 0.9876883625984192 1.2878051958153947E-09
vn 0.45399048924446104 0.8910065293312072 3.73735620229354E-09
vn 0.7071067690849304 0.7071067690849304 5.82106496338497E-09
vn 0.8910065293312072 0.45399048924446104 7.334969520655932E-09
vn 0.9876883625984192 0.15643446147441864 8.130887962920497E-09
vn 0.9876883625984192 -0.15643446147441864 8.130881745671559E-09
vn 0.8910065293312072 -0.45399048924446104 7.334979734707758E-09
vn 0.7071067690849304 -0.7071067690849304 5.82106496338497E-09
vn 0.45399048924446104 -0.8910065293312072 3.737353537758281E-09
vn 0.15643446147441864 -0.9876883625984192 1.2878051958153947E-09
vn -0.15643446147441864 -0.9876883625984192 -1.2878051958153947E-09
vn -0.45399048924446104 -0.8910065293312072 -3.73735620229354E-09
vn -0.7071067690849304 -0.7071067690849304 -5.821077397882846E-09
vn -0.8910065293312072 -0.45399048924446104 -7.334982843332227E-09
vn -0.9876883625984192 -0.15643446147441864 -8.13087730477946E-09
vn -0.9876883625984192 0.15643446147441864 -8.130880857493139E-09
vn -0.8910065293312072 0.45399048924446104 -7.334966856120673E-09
vn -0.7071067690849304 0.7071067690849304 -5.8210689601878585E-09
vn -0.45399048924446104 0.8910065293312072 -3.737350873223022E-09
vn -0.15643446147441864 0.9876883625984192 -1.2878051958153947E-09
vn -0.45399048924446104 0.8910065293312072 -3.73735620229354E-09
vn -0.7071067690849304 0.7071067690849304 -5.82106496338497E-09
vn -0.8910065293312072 0.45399048924446104 -7.334977070172499E-09
vn -0.9876883625984192 0.15643446147441864 -8.130875528422621E-09
vn -0.9876883625984192 -0.15643446147441864 -8.130882633849978E-09
vn -0.8910065293312072 -0.45399048924446104 -7.334972185191191E-09
vn -0.45399048924446104 -0.8910065293312072 -3.7373641958993176E-09
vn 0.45399048924446104 -0.8910065293312072 3.73735620229354E-09
vn 0.8910065293312072 -0.45399048924446104 7.334969520655932E-09
vn 0.9876883625984192 -0.15643446147441864 8.130887962920497E-09
vn 0.9876883625984192 0.15643446147441864 8.130881745671559E-09
vn 0.8910065293312072 0.45399048924446104 7.334979734707758E-09
vn 0.45399048924446104 0.8910065293312072 3.737353537758281E-09
vn -0.233251616358757 0.97218978404998784 -0.02099302783608436
vn -0.22666148841381072 0.97218978404998784 -0.05892021581530571
vn -0.21394723653793336 0.97218978404998784 -0.09525544941425324
vn -0.19545239210128784 0.97218978404998784 -0.12901699542999268
vn -0.1716766506433487 0.97218978404998784 -0.15929265320301056
vn -0.14326241612434388 0.97218978404998784 -0.1852644234895706
vn -0.11097738891839982 0.97218978404998784 -0.2062305510044098
vn -0.07569389790296555 0.97218978404998784 -0.22162458300590516
vn -0.03836523741483688 0.97218978404998784 -0.23103058338165284
vn 1.927909165644337E-09 0.97218978404998784 -0.23419441282749176
vn 0.03836524114012718 0.97218978404998784 -0.23103058338165284
vn 0.07569389790296555 0.97218978404998784 -0.22162458300590516
vn 0.1109773963689804 0.97218978404998784 -0.2062305510044098
vn 0.14326241612434388 0.97218978404998784 -0.1852644234895706
vn 0.1716766506433487 0.97218978404998784 -0.15929265320301056
vn 0.19545239210128784 0.97218978404998784 -0.12901699542999268
vn 0.21394723653793336 0.97218978404998784 -0.09525544941425324
vn 0.22666148841381072 0.97218978404998784 -0.05892021209001541
vn 0.233251616358757 0.97218978404998784 -0.02099302411079406
vn -0.38224637508392336 0.92341983318328864 -0.03440279886126518
vn -0.37144666910171512 0.92341983318328864 -0.09655684232711792
vn -0.35061088204383852 0.92341983318328864 -0.1561020314693451
vn -0.32030203938484192 0.92341983318328864 -0.21142953634262084
vn -0.28133901953697204 0.92341983318328864 -0.261044442653656
vn -0.23477452993392944 0.92341983318328864 -0.3036062717437744
vn -0.18186672031879424 0.92341983318328864 -0.33796501159667968
vn -0.12404508888721466 0.92341983318328864 -0.36319231986999512
vn -0.06287190318107605 0.92341983318328864 -0.37860661745071408
vn 3.159482453440887E-09 0.92341983318328864 -0.38379141688346864
vn 0.06287191063165665 0.92341983318328864 -0.37860661745071408
vn 0.12404508888721466 0.92341983318328864 -0.36319231986999512
vn 0.18186672031879424 0.92341983318328864 -0.33796498179435728
vn 0.23477452993392944 0.92341983318328864 -0.3036062717437744
vn 0.28133901953697204 0.92341983318328864 -0.261044442653656
vn 0.32030203938484192 0.92341983318328864 -0.21142952144145964
vn 0.35061091184616088 0.92341983318328864 -0.1561020314693451
vn 0.37144666910171512 0.92341983318328864 -0.09655683487653732
vn 0.38224637508392336 0.92341983318328864 -0.03440279513597488
vn -0.52167761325836184 0.85184973478317264 -0.04695183783769608
vn -0.50693851709365848 0.85184973478317264 -0.13177768886089324
vn -0.47850251197814944 0.85184973478317264 -0.21304304897785188
vn -0.43713796138763424 0.85184973478317264 -0.28855225443840028
vn -0.3839624524116516 0.85184973478317264 -0.3562650978565216
vn -0.3204127550125122 0.85184973478317264 -0.4143520891666412
vn -0.24820587038993836 0.85184973478317264 -0.46124380826950072
vn -0.16929276287555694 0.85184973478317264 -0.4956732392311096
vn -0.08580555766820908 0.85184973478317264 -0.5167101621627808
vn 4.311939694190414E-09 0.85184973478317264 -0.523786187171936
vn 0.08580556511878967 0.85184973478317264 -0.5167101621627808
vn 0.16929276287555694 0.85184973478317264 -0.4956732392311096
vn 0.24820587038993836 0.85184973478317264 -0.46124380826950072
vn 0.3204127550125122 0.85184973478317264 -0.4143520891666412
vn 0.3839624524116516 0.85184973478317264 -0.3562650978565216
vn 0.43713796138763424 0.85184973478317264 -0.28855222463607788
vn 0.47850251197814944 0.85184973478317264 -0.21304303407669068
vn 0.50693851709365848 0.85184973478317264 -0.13177767395973206
vn 0.52167761325836184 0.85184973478317264 -0.04695183038711548
vn -0.6481004357337952 0.75931775569915776 -0.05833010002970695
vn -0.62978947162628176 0.75931775569915776 -0.16371256113052368
vn -0.59446233510971072 0.75931775569915776 -0.2646716833114624
vn -0.54307353496551512 0.75931775569915776 -0.35847970843315124
vn -0.47701153159141544 0.75931775569915776 -0.44260203838348392
vn -0.39806124567985536 0.75931775569915776 -0.51476579904556272
vn -0.30835583806037904 0.75931775569915776 -0.57302117347717288
vn -0.21031899750232696 0.75931775569915776 -0.61579418182373048
vn -0.1065995916724205 0.75931775569915776 -0.64192920923233032
vn 5.356867838202106E-09 0.75931775569915776 -0.6507200598716736
vn 0.1065996065735817 0.75931775569915776 -0.64192920923233032
vn 0.21031901240348816 0.75931775569915776 -0.61579418182373048
vn 0.30835583806037904 0.75931775569915776 -0.57302117347717288
vn 0.39806127548217776 0.75931775569915776 -0.51476579904556272
vn 0.47701156139373776 0.75931775569915776 -0.44260203838348392
vn 0.54307353496551512 0.75931775569915776 -0.35847970843315124
vn 0.59446233510971072 0.75931775569915776 -0.2646716833114624
vn 0.62978947162628176 0.75931775569915776 -0.16371254622936248
vn 0.6481004357337952 0.75931775569915776 -0.05833008885383606
vn -0.75842595100402832 0.6481748819351196 -0.06825957447290421
vn -0.73699790239334112 0.6481748819351196 -0.19158118963241576
vn -0.69565707445144656 0.6481748819351196 -0.30972650647163392
vn -0.6355203986167908 0.6481748819351196 -0.4195033609867096
vn -0.55821275711059568 0.6481748819351196 -0.51794576644897464
vn -0.46582284569740296 0.6481748819351196 -0.60239386558532712
vn -0.36084693670272824 0.6481748819351196 -0.67056602239608768
vn -0.2461213916540146 0.6481748819351196 -0.72062027454376224
vn -0.1247459426522255 0.6481748819351196 -0.75120419263839728
vn 6.268810359699728E-09 0.6481748819351196 -0.76149147748947136
vn 0.1247459501028061 0.6481748819351196 -0.75120419263839728
vn 0.2461214065551758 0.6481748819351196 -0.72062027454376224
vn 0.36084696650505064 0.6481748819351196 -0.67056602239608768
vn 0.46582284569740296 0.6481748819351196 -0.60239386558532712
vn 0.55821275711059568 0.6481748819351196 -0.51794576644897464
vn 0.63552045822143552 0.6481748819351196 -0.4195033609867096
vn 0.69565707445144656 0.6481748819351196 -0.30972647666931152
vn 0.73699790239334112 0.6481748819351196 -0.19158117473125456
vn 0.75842595100402832 0.6481748819351196 -0.06825956702232361
vn -0.84999173879623408 0.52121168375015256 -0.07650065422058105
vn -0.82597672939300544 0.52121168375015256 -0.2147110551595688
vn -0.77964472770690912 0.52121168375015256 -0.34712019562721252
vn -0.71224766969680784 0.52121168375015256 -0.47015058994293216
vn -0.6256065368652344 0.52121168375015256 -0.58047807216644288
vn -0.52206230163574216 0.52121168375015256 -0.67512172460556032
vn -0.40441250801086424 0.52121168375015256 -0.75152438879013056
vn -0.27583599090576172 0.52121168375015256 -0.80762171745300288
vn -0.13980668783187866 0.52121168375015256 -0.84189814329147344
vn 7.025549475514481E-09 0.52121168375015256 -0.85342741012573248
vn 0.13980670273303986 0.52121168375015256 -0.84189814329147344
vn 0.27583599090576172 0.52121168375015256 -0.80762171745300288
vn 0.40441250801086424 0.52121168375015256 -0.75152438879013056
vn 0.52206230163574216 0.52121168375015256 -0.67512172460556032
vn 0.62560659646987912 0.52121168375015256 -0.58047807216644288
vn 0.71224766969680784 0.52121168375015256 -0.47015058994293216
vn 0.77964472770690912 0.52121168375015256 -0.34712019562721252
vn 0.82597672939300544 0.52121168375015256 -0.2147110402584076
vn 0.84999173879623408 0.52121168375015256 -0.07650063931941986
vn -0.9206157326698304 0.38157755136489872 -0.0828569233417511
vn -0.89460527896881104 0.38157755136489872 -0.23255091905593872
vn -0.84442371129989632 0.38157755136489872 -0.37596166133880616
vn -0.77142679691314704 0.38157755136489872 -0.5092144012451172
vn -0.67758685350418088 0.38157755136489872 -0.62870872020721432
vn -0.5654392838478088 0.38157755136489872 -0.73121607303619392
vn -0.43801423907279968 0.38157755136489872 -0.8139668703079224
vn -0.29875457286834716 0.38157755136489872 -0.87472522258758544
vn -0.151422917842865 0.38157755136489872 -0.911849558353424
vn 7.609394003793568E-09 0.38157755136489872 -0.92433685064315792
vn 0.15142293274402618 0.38157755136489872 -0.911849558353424
vn 0.29875460267066956 0.38157755136489872 -0.87472522258758544
vn 0.43801426887512208 0.38157755136489872 -0.8139668703079224
vn 0.5654392838478088 0.38157755136489872 -0.73121607303619392
vn 0.67758685350418088 0.38157755136489872 -0.62870872020721432
vn 0.77142679691314704 0.38157755136489872 -0.5092143416404724
vn 0.84442371129989632 0.38157755136489872 -0.37596166133880616
vn 0.89460527896881104 0.38157755136489872 -0.23255090415477752
vn 0.9206157326698304 0.38157755136489872 -0.0828569084405899
vn -0.968633770942688 0.2326984405517578 -0.08717862516641617
vn -0.941266655921936 0.2326984405517578 -0.24468044936656952
vn -0.88846766948699952 0.2326984405517578 -0.39557129144668576
vn -0.81166332960128784 0.2326984405517578 -0.535774290561676
vn -0.71292883157730104 0.2326984405517578 -0.66150128841400144
vn -0.59493184089660648 0.2326984405517578 -0.76935529708862304
vn -0.46086046099662784 0.2326984405517578 -0.856422245502472
vn -0.31433719396591188 0.2326984405517578 -0.92034971714019776
vn -0.15932092070579528 0.2326984405517578 -0.95941036939620976
vn 8.006248997105558E-09 0.2326984405517578 -0.97254896163940432
vn 0.15932095050811768 0.2326984405517578 -0.95941036939620976
vn 0.31433722376823424 0.2326984405517578 -0.92034971714019776
vn 0.46086046099662784 0.2326984405517578 -0.856422245502472
vn 0.59493184089660648 0.2326984405517578 -0.76935529708862304
vn 0.71292883157730104 0.2326984405517578 -0.66150128841400144
vn 0.81166332960128784 0.2326984405517578 -0.535774290561676
vn 0.88846766948699952 0.2326984405517578 -0.39557129144668576
vn 0.941266655921936 0.2326984405517578 -0.24468043446540832
vn 0.968633770942688 0.2326984405517578 -0.08717861026525497
vn -0.99292469024658208 0.07819528877735138 -0.08936484903097153
vn -0.96374064683914192 0.09188304096460342 -0.25052252411842348
vn -0.94626510143280032 0.07844854146242142 -0.31373268365859984
vn -0.91074824333190912 0.07819528877735138 -0.40549123287200928
vn -0.82286167144775392 0.07829022407531738 -0.5628226399421692
vn -0.83104282617568976 0.09188304096460342 -0.5485665798187256
vn -0.72947168350219728 0.09871161729097366 -0.6768508553504944
vn -0.69644248485565184 0.07841686904430389 -0.71331524848937992
vn -0.60985124111175536 0.07819528877735138 -0.78864884376525872
vn -0.47241771221160888 0.07819528877735138 -0.87789922952651984
vn -0.29099714756011964 0.07836408913135529 -0.95350915193557744
vn -0.32163113355636596 0.09871161729097366 -0.94170558452606208
vn -0.1631249189376831 0.09188304096460342 -0.98231756687164304
vn -0.09827162325382232 0.07844854146242142 -0.99206274747848512
vn 8.206987089920403E-09 0.07819528877735138 -0.99693804979324336
vn 0.17947608232498168 0.07829022407531738 -0.98064213991165168
vn 0.1631249338388443 0.09188304096460342 -0.98231756687164304
vn 0.32163113355636596 0.09871161729097366 -0.94170558452606208
vn 0.3683772385120392 0.07841686904430389 -0.92636334896087648
vn 0.47241771221160888 0.07819528877735138 -0.87789916992187504
vn 0.60985124111175536 0.07819528877735138 -0.78864884376525872
vn 0.75271475315094 0.07836408913135529 -0.6536662578582764
vn 0.72947168350219728 0.09871161729097366 -0.6768507957458496
vn 0.83104282617568976 0.09188304096460342 -0.5485665798187256
vn 0.86632376909255984 0.07844854146242142 -0.49328386783599856
vn 0.91074824333190912 0.07819528877735138 -0.40549123287200928
vn 0.96886068582534784 0.07829022407531738 -0.2349035292863846
vn 0.96374064683914192 0.09188304096460342 -0.25052249431610108
vn 0.99292469024658208 0.07819528877735138 -0.08936483412981033
vn -0.99691039323806768 0.07845854759216309 -0.00372846168465912
vn -0.97357249259948736 0.22834928333759308 -0.00364117743447423
vn -0.9663724899291992 0.23219744861125948 -0.11049215495586396
vn -0.92387402057647712 0.38268116116523744 -0.00345530454069376
vn -0.77252906560897824 0.47532305121421816 -0.42103064060211184
vn -0.8763019442558288 0.48175111413002016 -0.00327738421037793
vn -0.76716202497482304 0.64144694805145264 -0.00286919903010129
vn -0.73384636640548704 0.62839502096176144 -0.25804895162582396
vn -0.6494461297988892 0.76040369272232048 -0.00242893956601619
vn -0.42977216839790344 0.70814275741577152 -0.56020510196685792
vn -0.56640493869781496 0.82412433624267584 -0.00211836397647857
vn -0.39714750647544864 0.9177535772323608 -0.00148533831816166
vn -0.29757556319236756 0.72951185703277584 -0.61584192514419552
vn -0.23344527184963228 0.9723695516586304 -0.0008730893023312
vn -0.13571551442146302 0.9907476902008056 -0.00050757831195369
vn -0.01930764317512512 0.3348557949066162 -0.94207155704498288
vn 0.01930765993893146 0.3348558247089386 -0.94207155704498288
vn 0.13571551442146302 0.9907476902008056 -0.00050757610006257
vn 0.23344527184963228 0.9723695516586304 -0.00087308540241792
vn 0.29757559299468996 0.72951185703277584 -0.61584192514419552
vn 0.39714750647544864 0.9177535772323608 -0.00148533179890364
vn 0.32391723990440368 0.94608461856842048 -0.00121145055163651
vn 0.4999991059303284 0.86602389812469488 -0.00186999689321964
vn 0.42977216839790344 0.70814275741577152 -0.56020510196685792
vn 0.6494461297988892 0.76040369272232048 -0.00242892885580658
vn 0.73384636640548704 0.62839502096176144 -0.25804895162582396
vn 0.71447014808654784 0.69966077804565432 -0.00267211883328855
vn 0.83580327033996576 0.54902017116546632 -0.00312590459361672
vn 0.77252906560897824 0.47532305121421816 -0.42103064060211184
vn 0.92387402057647712 0.38268116116523744 -0.00345528917387127
vn 0.9663724899291992 0.23219744861125948 -0.11049214005470276
vn 0.95265543460845952 0.30403107404708864 -0.00356293190270662
vn 0.99691092967987056 0.07845156639814377 -0.00372844748198986
vn 0.99691092967987056 0.0784585028886795 -0.00358147895894944
vn 0.97357249259948736 0.22834928333759308 -0.00364116136915981
vn 0.8763019442558288 0.48175111413002016 -0.00327736977487802
vn 0.76716202497482304 0.64144694805145264 -0.00286918645724654
vn 0.56640493869781496 0.82412433624267584 -0.00211835466325283
vn -0.32391723990440368 0.94608461856842048 -0.00121145590674132
vn -0.4999991059303284 0.86602389812469488 -0.00187000504229217
vn -0.71447014808654784 0.69966077804565432 -0.00267213047482073
vn -0.83580327033996576 0.54902017116546632 -0.00312591833062469
vn -0.95265543460845952 0.30403107404708864 -0.00356294750235974
vn -0.9969114661216736 0.07845161110162735 -0.00358149735257029
vn 0.94626510143280032 0.07844854146242142 -0.31373265385627748
vn 0.82286167144775392 0.07829022407531738 -0.5628226399421692
vn 0.69644248485565184 0.07841686904430389 -0.71331524848937992
vn 0.290997177362442 0.07836408913135529 -0.95350915193557744
vn 0.09827163815498352 0.07844854146242142 -0.99206274747848512
vn 8.207051038766622E-09 0.07819528877735138 -0.99693804979324336
vn -0.1794760674238205 0.07829022407531738 -0.98064213991165168
vn -0.3683772087097168 0.07841686904430389 -0.92636334896087648
vn -0.75271475315094 0.07836408913135529 -0.6536662578582764
vn -0.86632376909255984 0.07844854146242142 -0.49328389763832096
vn -0.9688606262207032 0.07829022407531738 -0.23490354418754576
vn 8.006211693611931E-09 0.2326984405517578 -0.97254896163940432
vn 7.609355812121521E-09 0.38157755136489872 -0.92433685064315792
vn 7.025648063319068E-09 0.52121168375015256 -0.85342741012573248
vn 6.268718433233289E-09 0.6481748819351196 -0.76149147748947136
vn 5.356909138498622E-09 0.75931775569915776 -0.6507200598716736
vn 4.3119210424436005E-09 0.85184973478317264 -0.523786187171936
vn 3.1594673544077523E-09 0.92341983318328864 -0.38379141688346864
vn 1.927956461145186E-09 0.97218978404998784 -0.23419441282749176
vn 0.07840686291456223 0.99689644575119024 -0.00705674476921558
vn 0.07619161158800125 0.99689644575119024 -0.01980586163699627
vn 0.07191774994134903 0.99689644575119024 -0.03201984614133835
vn 0.06570076197385788 0.99689644575119024 -0.04336869344115257
vn 0.05770861729979515 0.99689644575119024 -0.05354576930403709
vn 0.04815725237131119 0.99689644575119024 -0.06227610260248184
vn 0.03730473294854164 0.99689644575119024 -0.06932380795478821
vn 0.02544428780674934 0.99689644575119024 -0.07449846714735031
vn 0.01289636641740799 0.99689644575119024 -0.07766027003526688
vn 6.480611602910358E-10 0.99689644575119024 -0.07872378081083298
vn -0.01289636455476284 0.99689644575119024 -0.07766027003526688
vn -0.02544428594410419 0.99689644575119024 -0.07449846714735031
vn -0.03730473294854164 0.99689644575119024 -0.06932380795478821
vn -0.04815724864602089 0.99689644575119024 -0.06227610260248184
vn -0.05770861357450485 0.99689644575119024 -0.05354576930403709
vn -0.06570076197385788 0.99689644575119024 -0.04336869344115257
vn -0.07191774994134903 0.99689644575119024 -0.03201984614133835
vn -0.07619161158800125 0.99689644575119024 -0.01980586163699627
vn -0.07840686291456223 0.99689644575119024 -0.00705674616619944
vn 0.97184360027313232 0 -0.23562675714492796
vn 0.91354066133499152 -0.00324415042996406 -0.4067344963550568
vn 0.86900186538696288 0 -0.49480879306793216
vn 0.79651314020156864 -0.00649171555414795 -0.60458636283874512
vn 0.75503665208816528 0 -0.65568262338638304
vn 0.611724317073822 0 -0.79107105731964112
vn 0.63741469383239744 -0.00540882069617509 -0.770501971244812
vn 0.44462868571281432 -0.00540882069617509 -0.89569866657257088
vn 0.36951509118080136 0 -0.92922472953796384
vn 0.18002866208553314 0 -0.98366135358810432
vn 0.2283460646867752 -0.00649171555414795 -0.97355836629867552
vn 8.232151849085767E-09 -0.00324415042996406 -0.99999475479125984
vn 8.232214021575146E-09 -0.00324415042996406 -0.99999475479125984
vn -0.0985754132270813 0 -0.99512958526611328
vn -0.228346049785614 -0.00649171555414795 -0.97355836629867552
vn -0.291894793510437 0 -0.95645046234130864
vn -0.47386866807937624 0 -0.88059556484222416
vn -0.44462865591049192 -0.00540882069617509 -0.89569866657257088
vn -0.63741463422775272 -0.00540882069617509 -0.770501971244812
vn -0.69859367609024048 0 -0.71551859378814696
vn -0.82539510726928704 0 -0.56455546617507936
vn -0.79651314020156864 -0.00649171555414795 -0.60458636283874512
vn -0.91354066133499152 -0.00324415042996406 -0.4067344963550568
vn -0.94919031858444208 0 -0.31470254063606264
vn -0.98226654529571536 -0.00649171555414795 -0.18737737834453584
vn -0.99596905708312992 0.00324766780249774 -0.0896388441324234
vn -0.99999356269836432 0 -0.00359256984665989
vn 0.99932891130447392 -0.00024712568847462535 -0.03662867471575737
vn 0.99596905708312992 0.00324766780249774 -0.08963882923126221
vn 0.99999356269836432 0 -0.00359255354851484
vn -0.99932891130447392 -0.00024712568847462535 -0.03662868961691856
vn -0.97184360027313232 0 -0.23562677204608916
vn -0.86900186538696288 0 -0.49480879306793216
vn -0.75503665208816528 0 -0.65568262338638304
vn -0.611724317073822 0 -0.79107105731964112
vn -0.36951506137847904 0 -0.92922472953796384
vn -0.18002864718437194 0 -0.98366135358810432
vn 0.0985754281282425 0 -0.99512958526611328
vn 0.291894793510437 0 -0.95645040273666384
vn 0.47386866807937624 0 -0.88059550523757936
vn 0.69859373569488528 0 -0.71551859378814696
vn 0.82539510726928704 0 -0.56455546617507936
vn 0.94919037818908688 0 -0.31470254063606264
vn 0.98226654529571536 -0.00649171555414795 -0.18737736344337464
vn -0.97357892990112304 0.22835080325603484 1.3361895980779082E-06
vn -0.91354078054428096 0.40673455595970152 0.00319791422225534
vn -0.92387938499450688 0.38268336653709408 0.00053418101742863
vn -0.87630665302276608 0.48175367712974552 1.3325724239621195E-06
vn -0.76716518402099616 0.64144957065582272 1.3369482303460245E-06
vn -0.79652386903762816 0.60459452867507936 0.00389790791086852
vn -0.63742142915725712 0.77051013708114624 0.00283135916106402
vn -0.64944761991500856 0.76040548086166384 0.00113345438148826
vn -0.5664061903953552 0.82412618398666384 1.3350681911106221E-06
vn -0.397147923707962 0.91775459051132208 1.3391652373684337E-06
vn -0.44463163614273072 0.89570462703704832 0.00399793125689029
vn 0.44463163614273072 0.89570462703704832 0.0039979382418096
vn 0.4999999701976776 0.86602544784545904 1.3452259963742108E-06
vn 0.64944761991500856 0.76040548086166384 0.00113346509169787
vn 0.7144727110862732 0.69966328144073488 1.3461083199217683E-06
vn 0.63742142915725712 0.77051013708114624 0.00283136963844299
vn 0.79652386903762816 0.60459452867507936 0.00389792094938457
vn 0.83580732345581056 0.5490228533744812 1.347494048786757E-06
vn 0.92387938499450688 0.38268336653709408 0.00053419620962813
vn 0.91354078054428096 0.40673455595970152 0.00319792935624718
vn 0.95266151428222656 0.30403298139572144 1.3484552709996933E-06
vn 0.982280433177948 0.18738001585006712 0.00373123376630246
vn 0.99691617488861088 0.0784519761800766 -0.00186521699652075
vn -0.99932837486267088 0.03664370998740196 6.618778911615664E-07
vn -0.23344534635543824 0.97236984968185424 -0.0003844605525955558
vn -0.1357155293226242 0.99074786901474 2.7150867936143186E-06
vn -0.13775132596492768 0.990466833114624 0.0001088321369024925
vn -0.25067985057830812 0.9680700302124024 -2.06365546873144E-09
vn -0.25067403912544252 0.96807157993316656 1.3275273431645473E-06
vn 0 0.99996662139892576 0.00817256793379783
vn 0.05756398662924767 0.99834179878234864 2.7205926471651765E-06
vn 0.25067403912544252 0.96807157993316656 1.3316545164343552E-06
vn 0.13775132596492768 0.990466833114624 0.00010883440700126812
vn 0.32386875152587892 0.94594299793243408 0.017344506457448
vn 0.23344534635543824 0.97236984968185424 -0.0003844567108899355
vn 0.1357155293226242 0.99074786901474 2.7173211947228992E-06
vn 0.25067985057830812 0.9680700302124024 2.06365591282065E-09
vn -0.05756398662924767 0.99834179878234864 2.7196447263122536E-06
vn -0.32386875152587892 0.94594299793243408 0.01734450086951255
vn -0.99691617488861088 0.0784519761800766 -0.00186523341108113
vn 0.99932837486267088 0.03664370998740196 6.783312755942461E-07
vn 0.97357892990112304 0.22835080325603484 1.3522189874493051E-06
vn 0.87630665302276608 0.48175367712974552 1.347000306850532E-06
vn 0.76716518402099616 0.64144957065582272 1.3495791790774092E-06
vn 0.5664061903953552 0.82412618398666384 1.3443938087220886E-06
vn 0.397147923707962 0.91775459051132208 1.3457040495268302E-06
vn -0.4999999701976776 0.86602544784545904 1.3369937050811131E-06
vn -0.7144727110862732 0.69966328144073488 1.3343449154490372E-06
vn -0.83580732345581056 0.5490228533744812 1.3337329392015818E-06
vn -0.95266151428222656 0.30403298139572144 1.3327702390597551E-06
vn -0.982280433177948 0.18738001585006712 0.00373121746815741
vn 0.62294495105743408 0.78226566314697264 5.128230284867641E-09
vn 0.39264062047004696 0.91969197988510128 3.232311307499458E-09
vn 0.1340951919555664 0.99096846580505376 1.1039046343697123E-09
vn -0.1340951919555664 0.99096846580505376 -1.1039030800574778E-09
vn -0.39264062047004696 0.91969197988510128 -3.2323093090980137E-09
vn -0.62294495105743408 0.78226566314697264 -5.128229396689221E-09
vn -0.39264062047004696 0.91969197988510128 -3.2323099752318285E-09
vn -0.1340951919555664 0.99096846580505376 -1.1039029690351754E-09
vn 0.1340951919555664 0.99096846580505376 1.1039030800574778E-09
vn 0.62294495105743408 0.78226566314697264 5.128230728956851E-09
vn 8.232334813840225E-09 0 -1
vn 8.232256654139292E-09 0 -1
vn 8.232008852360195E-09 0 -1
vn 8.232185599865716E-09 0 -1
vn 8.232333037483386E-09 0 -1
vn 8.232331261126546E-09 0 -1
vn 8.232066583957476E-09 0 -1
vn -1 0 6.623226909141522E-07
vn -1 0 -8.232238002392478E-09
vn -1 2.2026779333828017E-07 5.932512294748449E-07
vn -0.93596130609512336 -0.35210290551185608 -7.70505614866579E-09
vn -0.98430633544921872 -0.17646820843219758 -8.103031134965022E-09
vn -0.99998736381530768 0.00502254394814372 -8.232121651019497E-09
vn -0.9824840426445008 0.1863466203212738 -8.088043124132582E-09
vn -0.93237721920013424 0.36148682236671448 -7.675551749741771E-09
vn -0.93237721920013424 0.36148682236671448 -7.675470037327159E-09
vn -0.99998736381530768 0.00502254394814372 -8.232134085517373E-09
vn -0.93596130609512336 -0.35210290551185608 -7.705044602346334E-09
vn -0.7071067690849304 -0.7071067690849304 4.194919540623232E-07
vn -0.69376939535140992 -0.70542269945144656 -0.14513041079044342
vn -0.70001882314682008 -0.70152819156646728 -0.13353574275970458
vn -0.63638728857040408 -0.70598042011260984 -0.31080999970436096
vn -0.65289223194122312 -0.69945204257965088 -0.29068636894226076
vn -0.5402367115020752 -0.70642590522766112 -0.45728188753128048
vn -0.56996101140975952 -0.69855630397796632 -0.432623952627182
vn -0.455925852060318 -0.69885528087615968 -0.55111968517303464
vn -0.41120705008506776 -0.70675957202911376 -0.57567322254180912
vn -0.31738293170928956 -0.70034420490264896 -0.63936382532119752
vn -0.25716814398765564 -0.7069818377494812 -0.65881806612014768
vn -0.16240094602108002 -0.70299941301345824 -0.69239997863769528
vn -0.087495356798172 -0.70709288120269776 -0.70168668031692504
vn 5.840361527731375E-09 -0.70475202798843384 -0.70945370197296144
vn 0.16803593933582306 -0.70510149002075192 -0.68890911340713504
vn 0.16240096092224122 -0.70299941301345824 -0.69239997863769528
vn 0.33177819848060608 -0.7057156562805176 -0.62601011991500856
vn 0.31738296151161192 -0.70034420490264896 -0.63936382532119752
vn 0.47501140832901 -0.70621716976165768 -0.52499663829803464
vn 0.455925852060318 -0.69885528087615968 -0.55111968517303464
vn 0.56996101140975952 -0.69855630397796632 -0.432623952627182
vn 0.58906489610672 -0.70660668611526488 -0.39205810427665712
vn 0.65289223194122312 -0.69945204257965088 -0.29068633913993836
vn 0.66704237461090088 -0.70688462257385256 -0.23530539870262144
vn 0.70001882314682008 -0.70152819156646728 -0.1335357278585434
vn 0.70423465967178344 -0.70705127716064456 -0.06428103893995285
vn -0.70686978101730344 -0.70686900615692136 -0.02590910159051418
vn 0.7068694829940796 -0.7068694829940796 -0.02590498514473438
vn 0.70686978101730344 -0.70686900615692136 -0.02590909041464329
vn -0.7068694829940796 -0.7068694829940796 -0.02590499632060528
vn 0.69376939535140992 -0.70542269945144656 -0.14513041079044342
vn 0.63638728857040408 -0.70598042011260984 -0.31080996990203856
vn 0.5402367115020752 -0.70642590522766112 -0.45728188753128048
vn 0.41120705008506776 -0.70675957202911376 -0.57567322254180912
vn 0.25716817378997804 -0.7069818377494812 -0.65881806612014768
vn 0.08749537169933319 -0.70709288120269776 -0.70168668031692504
vn 5.84037485040767E-09 -0.70475202798843384 -0.70945370197296144
vn -0.16803592443466186 -0.70510149002075192 -0.68890911340713504
vn -0.33177819848060608 -0.7057156562805176 -0.62601011991500856
vn -0.47501140832901 -0.70621716976165768 -0.52499663829803464
vn -0.5890648365020752 -0.70660668611526488 -0.39205810427665712
vn -0.66704237461090088 -0.70688462257385256 -0.23530541360378264
vn -0.70423465967178344 -0.70705127716064456 -0.06428104639053345
vn -1 0 5.932512294748449E-07
vn 0.97078573703765872 -0.01792935281991958 -0.239277184009552
vn 0.94304412603378288 0 -0.33266761898994444
vn 0.87375634908676144 -0.02200817689299583 -0.48586568236351016
vn 0.83247518539428704 0 -0.55406230688095096
vn 0.6709245443344116 0 -0.74152565002441408
vn 0.71541255712509152 -0.02282407321035862 -0.6983293890953064
vn 0.46828573942184448 0 -0.88357710838317872
vn 0.50685459375381472 -0.02037651278078556 -0.86179071664810176
vn 0.23696859180927276 0 -0.97151732444763184
vn 0.26267912983894348 -0.01466717664152383 -0.96477174758911136
vn 8.232155401799446E-09 -0.00570113584399223 -0.99998372793197632
vn 8.232079906633771E-09 -0.00570113584399223 -0.99998372793197632
vn -0.12373469769954682 0 -0.9923153519630432
vn -0.26267910003662108 -0.01466717664152383 -0.96477174758911136
vn -0.36362645030021664 0 -0.93154484033584592
vn -0.50685459375381472 -0.02037651278078556 -0.86179071664810176
vn -0.58124929666519168 0 -0.81372553110122688
vn -0.71541255712509152 -0.02282407321035862 -0.6983293890953064
vn -0.76327586174011232 0 -0.64607274532318112
vn -0.89855849742889408 0 -0.43885377049446104
vn -0.87375634908676144 -0.02200817689299583 -0.48586571216583248
vn -0.97881245613098144 0 -0.2047588974237442
vn -0.97078573703765872 -0.01792935281991958 -0.2392771989107132
vn -0.99932914972305296 0 -0.03662291169166565
vn -0.99851715564727776 -0.00337794772349298 -0.05433262139558792
vn 0.99851715564727776 -0.00337794772349298 -0.05433260649442673
vn 0.99586004018783568 0 -0.0908999741077423
vn 0.99932914972305296 0 -0.03662289306521415
vn -0.99586004018783568 0 -0.0908999890089035
vn -0.94304412603378288 0 -0.33266761898994444
vn -0.83247518539428704 0 -0.55406230688095096
vn -0.6709245443344116 0 -0.74152565002441408
vn -0.46828570961952208 0 -0.88357710838317872
vn -0.23696857690811156 0 -0.97151732444763184
vn 0.123734712600708 0 -0.9923153519630432
vn 0.36362645030021664 0 -0.93154484033584592
vn 0.5812493562698364 0 -0.81372553110122688
vn 0.76327586174011232 0 -0.64607274532318112
vn 0.89855849742889408 0 -0.43885374069213864
vn 0.97881245613098144 0 -0.2047588676214218
vn 1 0 6.097156983742025E-07
vn 0.7071067690849304 -0.7071067690849304 4.3113411152262415E-07
vn 0.7071067690849304 -0.7071067690849304 4.311340831009147E-07
vn 1 2.2026779333828017E-07 6.097156983742025E-07
vn 1 0 6.787871598135098E-07
vn 1 0 8.23223178514354E-09
vn 0.93237721920013424 0.36148682236671448 7.675637014870063E-09
vn 0.9824840426445008 0.1863466203212738 8.088036906883644E-09
vn 0.99998736381530768 0.00502254394814372 8.232127868268435E-09
vn 0.98430633544921872 -0.17646820843219758 8.103031134965022E-09
vn 0.93596130609512336 -0.35210290551185608 7.70505614866579E-09
vn 0.93596130609512336 -0.35210290551185608 7.705049931416852E-09
vn 0.98430633544921872 -0.17646820843219758 8.103044457641317E-09
vn 0.99998736381530768 0.00502254394814372 8.232121651019497E-09
vn 0.93237721920013424 0.36148682236671448 7.675545532492833E-09
vn 8.23255774662357E-09 0 -1
vn 8.23220069889885E-09 0 -1
vn 8.232177606259938E-09 0 -1
vn 8.232244219641416E-09 0 -1
vn 8.232229120608281E-09 0 -1
vn 8.2321127692353E-09 0 -1
vn 8.232952986020337E-09 0 -1
vn 8.23226375956665E-09 0 -1
vn 8.232191817114654E-09 0 -1
vn 8.232273529529266E-09 0 -1
vn 8.232247772355095E-09 0 -1
vn 8.232267312280328E-09 0 -1
vn 8.232287740383981E-09 0 -1
vn 8.232047932210662E-09 0 -1
vn 8.232015069609133E-09 0 -1
vn 8.231184622786714E-09 0 -1
vn 8.232121651019497E-09 0 -1
vn 8.232152737264187E-09 0 -1
vn 8.232225567894602E-09 0 -1
vn 8.232178494438358E-09 0 -1
vn 8.232238890570898E-09 0 -1
vn 8.232400539043283E-09 0 -1
vn 8.23229129309766E-09 0 -1
vn 8.232227344251442E-09 0 -1
vn 8.232137638231052E-09 0 -1
vn 8.232373005512272E-09 0 -1
vn 8.232274417707686E-09 0 -1
vn 8.23220158707727E-09 0 -1
vn 8.232239778749317E-09 0 -1
vn 8.232080794812191E-09 0 -1
vn 8.232324155699189E-09 0 -1
vn -1 1.1332218718962395E-06 -8.23223178514354E-09
vn -1 1.1332219855830772E-06 -8.232236226035639E-09
vn -0.94080322980880736 -0.33895313739776612 -7.744912267071413E-09
vn -0.99336403608322144 -0.11501282453536988 -8.177603483261464E-09
vn -0.99336403608322144 -0.11501282453536988 -8.177607924153563E-09
vn -0.89557611942291264 -0.44490838050842288 -7.372684240891658E-09
vn -0.89557611942291264 -0.44490838050842288 -7.372591870336009E-09
vn -0.89557611942291264 -0.44490838050842288 -7.37259009397917E-09
vn 0.11129888892173768 0.70271348953247072 -0.70271348953247072
vn 0.3230019509792328 0.63392698764801024 -0.70271348953247072
vn 0.50308734178543088 0.50308734178543088 -0.70271348953247072
vn 0.63392704725265504 0.3230019509792328 -0.70271348953247072
vn 0.70271348953247072 0.11129888892173768 -0.70271348953247072
vn 0.70271348953247072 -0.11129888892173768 -0.70271348953247072
vn 0.63392704725265504 -0.3230019509792328 -0.70271348953247072
vn 0.50308734178543088 -0.50308734178543088 -0.70271348953247072
vn 0.3230019509792328 -0.63392698764801024 -0.70271348953247072
vn 0.11129888892173768 -0.70271348953247072 -0.70271348953247072
vn -0.11129888147115708 -0.70271348953247072 -0.70271348953247072
vn -0.3230019509792328 -0.63392698764801024 -0.70271348953247072
vn -0.50308734178543088 -0.50308734178543088 -0.70271348953247072
vn -0.63392698764801024 -0.3230019509792328 -0.70271348953247072
vn -0.70271348953247072 -0.11129888892173768 -0.70271348953247072
vn -0.70271348953247072 0.11129888892173768 -0.70271348953247072
vn -0.63392698764801024 0.3230019509792328 -0.70271348953247072
vn -0.50308734178543088 0.50308734178543088 -0.70271348953247072
vn -0.3230019509792328 0.63392698764801024 -0.70271348953247072
vn -0.11129888147115708 0.70271348953247072 -0.70271348953247072
vn -0.15643446147441864 -0.9876883625984192 -1.2878049737707897E-09
vn -0.45399048924446104 -0.8910065293312072 -3.7373557582043304E-09
vn -0.7071067690849304 -0.7071067690849304 -5.8210716247231176E-09
vn -0.8910065293312072 -0.45399048924446104 -7.334977958350919E-09
vn -0.9876883625984192 -0.15643446147441864 -8.130875528422621E-09
vn -0.9876883625984192 0.15643446147441864 -8.130886186563657E-09
vn -0.8910065293312072 0.45399048924446104 -7.334968632477512E-09
vn -0.7071067690849304 0.7071067690849304 -5.8210716247231176E-09
vn -0.45399048924446104 0.8910065293312072 -3.73735797865038E-09
vn -0.15643446147441864 0.9876883625984192 -1.2878049737707897E-09
vn 0.15643446147441864 0.9876883625984192 1.2878049737707897E-09
vn 0.45399048924446104 0.8910065293312072 3.7373557582043304E-09
vn 0.7071067690849304 0.7071067690849304 5.8210716247231176E-09
vn 0.8910065293312072 0.45399048924446104 7.334977958350919E-09
vn 0.9876883625984192 0.15643446147441864 8.130875528422621E-09
vn 0.9876883625984192 -0.15643446147441864 8.130886186563657E-09
vn 0.8910065293312072 -0.45399048924446104 7.334968632477512E-09
vn 0.7071067690849304 -0.7071067690849304 5.8210716247231176E-09
vn 0.45399048924446104 -0.8910065293312072 3.73735797865038E-09
vn 0.15643446147441864 -0.9876883625984192 1.2878049737707897E-09
vn 0.45399048924446104 -0.8910065293312072 3.7373557582043304E-09
vn 0.8910065293312072 -0.45399048924446104 7.334977958350919E-09
vn 0.9876883625984192 -0.15643446147441864 8.130875528422621E-09
vn 0.9876883625984192 0.15643446147441864 8.130886186563657E-09
vn 0.8910065293312072 0.45399048924446104 7.334968632477512E-09
vn 0.45399048924446104 0.8910065293312072 3.73735797865038E-09
vn -0.45399048924446104 0.8910065293312072 -3.7373557582043304E-09
vn -0.8910065293312072 0.45399048924446104 -7.334977958350919E-09
vn -0.9876883625984192 -0.15643446147441864 -8.130886186563657E-09
vn -0.8910065293312072 -0.45399048924446104 -7.334968632477512E-09
vn -0.45399048924446104 -0.8910065293312072 -3.73735797865038E-09
vn 0.11129888147115708 -0.70271348953247072 0.70271348953247072
vn 0.3230019509792328 -0.63392698764801024 0.70271348953247072
vn 0.50308734178543088 -0.50308734178543088 0.70271348953247072
vn 0.63392698764801024 -0.3230019509792328 0.70271348953247072
vn 0.70271348953247072 -0.11129888892173768 0.70271348953247072
vn 0.70271348953247072 0.11129888892173768 0.70271348953247072
vn 0.63392698764801024 0.3230019509792328 0.70271348953247072
vn 0.50308734178543088 0.50308734178543088 0.70271348953247072
vn 0.3230019509792328 0.63392698764801024 0.70271348953247072
vn 0.11129888147115708 0.70271348953247072 0.70271348953247072
vn -0.11129888892173768 0.70271348953247072 0.70271348953247072
vn -0.3230019509792328 0.63392698764801024 0.70271348953247072
vn -0.50308734178543088 0.50308734178543088 0.70271348953247072
vn -0.63392704725265504 0.3230019509792328 0.70271348953247072
vn -0.70271348953247072 0.11129888892173768 0.70271348953247072
vn -0.70271348953247072 -0.11129888892173768 0.70271348953247072
vn -0.63392704725265504 -0.3230019509792328 0.70271348953247072
vn -0.50308734178543088 -0.50308734178543088 0.70271348953247072
vn -0.3230019509792328 -0.63392698764801024 0.70271348953247072
vn -0.11129888892173768 -0.70271348953247072 0.70271348953247072
vn 0.89557611942291264 -0.44490838050842288 7.372591870336009E-09
vn 0.89557611942291264 -0.44490838050842288 7.372765065127851E-09
vn 0.89557611942291264 -0.44490838050842288 7.372513266545866E-09
vn 0.99336397647857664 -0.11501289904117584 8.177606147796723E-09
vn 0.94080322980880736 -0.33895313739776612 7.744913155249833E-09
vn 1 0 8.232236226035639E-09
vn 8.23223089696512E-09 0 -1
vn 8.23249735049103E-09 0 -1
vn 8.232088788417968E-09 0 -1
vn 8.232253989604033E-09 0 -1
vn 8.233053350181763E-09 0 -1
vn 8.23228951674082E-09 0 -1
vn 8.232246884176675E-09 0 -1
vn 8.232117210127399E-09 0 -1
vn 8.232212245218307E-09 0 -1
vn 8.232119874662658E-09 0 -1
vn 8.231987536078123E-09 0 -1
vn 8.23255597026673E-09 0 -1
vn 8.232198922542011E-09 0 -1
vn 8.232171389011E-09 0 -1
vn 8.232162507226803E-09 0 -1
vn 8.23243961889375E-09 0 -1
vn 8.23217405354626E-09 0 -1
vn 8.23217494172468E-09 0 -1
vn 8.232325932056028E-09 0 -1
vn 8.232390769080666E-09 0 -1
vn 8.231583414897159E-09 0 -1
vn 8.23225931867455E-09 0 -1
vn 8.232399650864863E-09 0 -1
vn -0.15643446147441864 -0.9876883625984192 -1.2878075272837464E-09
vn -0.45399048924446104 -0.8910065293312072 -3.737362863631688E-09
vn -0.7071067690849304 -0.7071067690849304 -5.82106407520655E-09
vn -0.7071067690849304 0.7071067690849304 -5.82106407520655E-09
vn -0.15643446147441864 0.9876883625984192 -1.2878075272837464E-09
vn 0.15643446147441864 0.9876883625984192 1.2878075272837464E-09
vn 0.7071067690849304 0.7071067690849304 5.82106407520655E-09
vn 0.7071067690849304 -0.7071067690849304 5.82106407520655E-09
vn 0.45399048924446104 -0.8910065293312072 3.737353093669071E-09
vn 0.15643446147441864 -0.9876883625984192 1.287805750926907E-09
vn 0.15643446147441864 -0.9876883625984192 1.2878075272837464E-09
vn 0.45399048924446104 0.8910065293312072 3.737353093669071E-09
vn 0.15643446147441864 0.9876883625984192 1.287805750926907E-09
vn -0.45399048924446104 0.8910065293312072 -3.737362863631688E-09
vn -0.45399048924446104 -0.8910065293312072 -3.737353093669071E-09
vn 0 1 0
vn 0.97706532478332512 0.02468515001237392 0.21150402724742888
vn 0.95362317562103264 0 0.30100303888320924
vn 0.89561736583709712 0.03085849434137344 0.4437536299228668
vn 0.85916727781295776 0 0.51169478893280032
vn 0.71890664100646976 0 0.69510662555694584
vn 0.75999391078948976 0.03291617706418037 0.64909613132476808
vn 0.5403189659118652 0 0.84146028757095344
vn 0.57839572429656984 0.03085849434137344 0.81517249345779424
vn 0.33292534947395324 0 0.94295316934585568
vn 0.3617467284202576 0.02468515001237392 0.93194955587387088
vn 0.10778245329856872 0 0.99417448043823248
vn 0.1230938509106636 0.01439685095101595 0.99229061603546144
vn -0.1230938658118248 0.01439685095101595 0.99229061603546144
vn -0.22935208678245544 0 0.97334355115890496
vn -0.36174675822257992 0.02468515001237392 0.93194955587387088
vn -0.44647672772407528 0 0.89479523897171024
vn -0.57839572429656984 0.03085849434137344 0.81517249345779424
vn -0.63979834318161008 0 0.76854282617568976
vn -0.79901051521301264 0 0.60131710767745968
vn -0.75999391078948976 0.03291617706418037 0.64909613132476808
vn -0.91562503576278688 0 0.40203338861465456
vn -0.89561736583709712 0.03085849434137344 0.4437536299228668
vn -0.98342484235763552 0 0.1813160926103592
vn -0.97706532478332512 0.02468515001237392 0.21150401234626772
vn 0.998986542224884 0.00393755547702312 0.04483687877655029
vn 0.99723863601684576 0 0.07426390051841736
vn -0.99956756830215456 0 0.02940604649484157
vn -0.998986542224884 0.00393755547702312 0.0448368601500988
vn -0.99723863601684576 0 0.07426388561725616
vn 0.99956756830215456 0 0.02940606325864792
vn -0.95362317562103264 0 0.30100300908088684
vn -0.85916727781295776 0 0.51169478893280032
vn -0.71890664100646976 0 0.69510662555694584
vn -0.54031902551651 0 0.84146028757095344
vn -0.33292534947395324 0 0.94295316934585568
vn -0.10778246819972992 0 0.99417448043823248
vn 0.22935207188129424 0 0.97334355115890496
vn 0.44647669792175296 0 0.89479523897171024
vn 0.63979834318161008 0 0.76854282617568976
vn 0.79901045560836784 0 0.60131710767745968
vn 0.91562497615814208 0 0.40203338861465456
vn 0.98342484235763552 0 0.1813161075115204
vn 1 0 -1.3218402727943612E-06
vn -8.231987536078123E-09 0 1
vn -8.23229218127608E-09 0 1
vn -8.231960890725531E-09 0 1
vn -8.232234449678799E-09 0 1
vn -8.232267312280328E-09 0 1
vn -8.232225567894602E-09 0 1
vn -8.232209580683048E-09 0 1
vn -8.232013293252294E-09 0 1
vn -8.232102999272684E-09 0 1
vn -8.232287740383981E-09 0 1
vn -8.23243961889375E-09 0 1
vn -8.23226198320981E-09 0 1
vn -8.232125203733176E-09 0 1
vn -8.231732628871669E-09 0 1
vn -8.23181611764312E-09 0 1
vn -8.231892500987215E-09 0 1
vn -8.232512449524165E-09 0 1
vn -8.232119874662658E-09 0 1
vn -8.232273529529266E-09 0 1
vn -8.232135861874212E-09 0 1
vn -8.232197146185172E-09 0 1
vn -8.231796577717887E-09 0 1
vn -8.230282233512298E-09 0 1
vn -8.232014181430714E-09 0 1
vn -8.232241555106157E-09 0 1
vn -8.232365011906495E-09 0 1
vn -8.231731740693249E-09 0 1
vn -8.267988071963828E-09 0 1
vn -8.232195369828332E-09 0 1
vn -8.232236226035639E-09 0 1
vn -8.230156112176701E-09 0 1
vn 0.7071067690849304 0.7071067690849304 -9.346822480438277E-07
vn 1 0 8.232235337857219E-09
vn 1 0 8.232243331462996E-09
vn 0.70340955257415768 0.70367079973220824 0.10031132400035858
vn 0.6852958798408508 0.70699411630630496 0.1747252345085144
vn 0.70519614219665528 0.70706468820571896 0.05251563340425491
vn 0.66601610183715824 0.70204800367355344 0.2520935833454132
vn 0.6305561065673828 0.70702850818634032 0.32017123699188232
vn 0.67447394132614136 0.70693844556808472 0.21289195120334624
vn 0.545379102230072 0.70705670118331912 0.45014712214469912
vn 0.60784840583801272 0.70672786235809328 0.36201664805412296
vn 0.59560298919677736 0.70116162300109864 0.39195591211318968
vn 0.43387803435325624 0.7070786356925964 0.55838131904602048
vn 0.508827805519104 0.70643281936645504 0.49198260903358456
vn 0.49570935964584352 0.70102012157440184 0.51268213987350464
vn 0.301435649394989 0.7070942521095276 0.63965165615081784
vn 0.38263168931007384 0.70605307817459104 0.59588760137557984
vn 0.3714522421360016 0.70162457227706912 0.60806763172149656
vn 0.15444479882717132 0.70710366964340208 0.69003713130950928
vn 0.23591820895671844 0.70558834075927736 0.6681973338127136
vn 0.22924409806728364 0.70296847820281984 0.67326253652572632
vn 0.07643602043390274 0.70503813028335568 0.70503813028335568
vn -0.07643602788448334 0.70503813028335568 0.70503813028335568
vn -0.22924411296844484 0.70296847820281984 0.67326253652572632
vn -0.16215543448925018 0.70719820261001584 0.68816882371902464
vn -0.15444481372833252 0.70710366964340208 0.69003713130950928
vn -0.3714522421360016 0.70162457227706912 0.60806763172149656
vn -0.31554344296455384 0.70747226476669312 0.63238859176635744
vn -0.301435649394989 0.7070942521095276 0.63965165615081784
vn -0.49570938944816592 0.70102012157440184 0.51268213987350464
vn -0.45187959074974064 0.70792824029922488 0.542809784412384
vn -0.43387803435325624 0.7070786356925964 0.55838131904602048
vn -0.59560304880142208 0.70116162300109864 0.39195591211318968
vn -0.56381827592849728 0.7085648775100708 0.42431679368019104
vn -0.545379102230072 0.70705670118331912 0.45014712214469912
vn -0.64535599946975712 0.709380567073822 0.2833634316921234
vn -0.66601610183715824 0.70204800367355344 0.2520935833454132
vn -0.6305561065673828 0.70702850818634032 0.32017123699188232
vn -0.69215923547744752 0.71037316322326664 0.1276148408651352
vn -0.70340955257415768 0.70367079973220824 0.10031130909919738
vn -0.6852958798408508 0.70699411630630496 0.17472521960735322
vn 0.7069538235664368 0.7069538235664368 0.0207977220416069
vn -0.7069547176361084 0.70695292949676512 0.02079773694276809
vn -0.7069537043571472 0.7069537043571472 0.02080516144633293
vn 0.70695436000823976 0.70695304870605472 0.02080519311130046
vn -0.70519614219665528 0.70706468820571896 0.05251562222838402
vn -0.67447394132614136 0.70693844556808472 0.21289193630218504
vn -0.60784840583801272 0.70672786235809328 0.36201664805412296
vn -0.508827805519104 0.70643281936645504 0.49198260903358456
vn -0.38263171911239624 0.70605307817459104 0.59588754177093504
vn -0.23591822385787964 0.70558834075927736 0.6681973338127136
vn 0.16215543448925018 0.70719820261001584 0.68816882371902464
vn 0.31554344296455384 0.70747226476669312 0.63238859176635744
vn 0.45187959074974064 0.70792824029922488 0.542809784412384
vn 0.56381827592849728 0.7085648775100708 0.42431679368019104
vn 0.64535599946975712 0.709380567073822 0.2833634614944458
vn 0.69215923547744752 0.71037316322326664 0.12761485576629638
vn -1 0 -1.3383047416937188E-06
vn -8.266988871241665E-09 0 1
vn -8.232223791537763E-09 0 1
vn -8.232158954513125E-09 0 1
vn -8.232464487889501E-09 0 1
vn -8.23223178514354E-09 0 1
vn -8.232183823508876E-09 0 1
vn -8.23190760002035E-09 0 1
vn -8.233262072110392E-09 0 1
vn -8.23229129309766E-09 0 1
vn -8.232226456073022E-09 0 1
vn -8.232516002237844E-09 0 1
vn -8.232495574134191E-09 0 1
vn -8.232284187670302E-09 0 1
vn -8.232245107819836E-09 0 1
vn -8.232167836297322E-09 0 1
vn -8.232015069609133E-09 0 1
vn -8.232186488044135E-09 0 1
vn -8.232253101425613E-09 0 1
vn -8.232239778749317E-09 0 1
vn -8.232207804326208E-09 0 1
vn -8.232280634956624E-09 0 1
vn -8.232218462467245E-09 0 1
vn -8.232102111094264E-09 0 1
vn -8.232400539043283E-09 0 1
vn -8.232132309160534E-09 0 1
vn -8.232250436890354E-09 0 1
vn -8.232433401644812E-09 0 1
vn -8.232235337857219E-09 0 1
vn -0.7071067690849304 0.7071067690849304 -9.463243486607098E-07
vn -1 0 -8.232234449678799E-09
vn 0.92811501026153568 0 0.37229368090629576
vn 0.96900033950805664 0 0.24705941975116728
vn 0.96396237611770624 -0.00101475929841399 0.266036719083786
vn 0.83534091711044304 0.00315480353310704 0.54972320795059208
vn 0.79562455415725712 0 0.60579007863998416
vn 0.8916423320770264 0.0002255322615383193 0.4527404010295868
vn 0.89604407548904416 0 0.44396507740020752
vn 0.66634654998779296 0 0.7456421852111816
vn 0.69509953260421752 0.0045072422362864 0.71889936923980712
vn 0.77122795581817632 0 0.63655906915664672
vn 0.52130115032196048 0.0020271788816899 0.8533703684806824
vn 0.44396504759788512 0 0.89604407548904416
vn 0.61357176303863528 0 0.78963899612426752
vn 0.60579001903533936 -0.00025372239178977907 0.79562455415725712
vn 0.32231998443603516 0.00540795037522912 0.94661533832550048
vn 0.26603683829307556 0 0.96396285295486448
vn 0.42628681659698488 0 0.90458804368972784
vn 0.07845908403396606 0 0.9969173073768616
vn 0.10778124630451202 0.00473074847832322 0.99416339397430416
vn 0.21841697394847868 0 0.97585552930831904
vn -0.10778126865625382 0.00473074847832322 0.99416339397430416
vn -0.18958508968353272 -0.00025369576178491116 0.98186427354812624
vn -0.07845910638570786 0 0.9969173073768616
vn -0.37229347229003904 -0.00101433345116674 0.92811453342437744
vn -0.32231998443603516 0.00540795037522912 0.94661533832550048
vn -0.26603686809539796 0 0.96396285295486448
vn -0.60579001903533936 -0.00025372239178977907 0.79562449455261232
vn -0.5224977731704712 0.00177379103843122 0.85263884067535408
vn -0.52130115032196048 0.0020271788816899 0.8533703684806824
vn -0.44396507740020752 0 0.89604407548904416
vn -0.69509959220886232 0.0045072422362864 0.71889936923980712
vn -0.74564146995544432 -0.00135283090639859 0.6663459539413452
vn -0.66634660959243776 0 0.7456421852111816
vn -0.89604407548904416 0 0.44396504759788512
vn -0.85263937711715696 -0.00138032576069235 0.52249807119369504
vn -0.83534091711044304 0.00315480353310704 0.54972320795059208
vn -0.79562455415725712 0 0.60579001903533936
vn -0.96396237611770624 -0.00101475929841399 0.26603668928146364
vn -0.93524217605590816 0.00270426017232239 0.35399827361106872
vn -0.92811501026153568 0 0.37229365110397336
vn 0.9899784326553344 0.0033810930326581 0.14117813110351562
vn 0.99956631660461424 0 0.02944818139076233
vn 0.98186427354812624 0 0.18958508968353272
vn -0.99691295623779296 -0.00295859132893383 0.07845874130725861
vn -0.9899784326553344 0.0033810930326581 0.14117811620235444
vn -0.99956631660461424 0 0.02944816462695598
vn -0.98186427354812624 0 0.18958507478237152
vn 0.99691295623779296 -0.00295859132893383 0.0784587636590004
vn -0.96900033950805664 0 0.24705940485000612
vn -0.8916423320770264 0.0002255322615383193 0.4527404010295868
vn -0.77122795581817632 0 0.63655906915664672
vn -0.61357176303863528 0 0.78963899612426752
vn -0.42628684639930728 0 0.90458804368972784
vn -0.21841698884963988 0 0.97585552930831904
vn 0.18958507478237152 -0.00025369576178491116 0.98186427354812624
vn 0.37229347229003904 -0.00101433345116674 0.92811453342437744
vn 0.5224977135658264 0.00177379103843122 0.85263884067535408
vn 0.74564146995544432 -0.00135283090639859 0.6663459539413452
vn 0.85263937711715696 -0.00138032576069235 0.52249807119369504
vn 0.93524217605590816 0.00270426017232239 0.35399827361106872
vn 0.99386298656463616 -0.07821871340274811 0.0782187208533287
vn 0.96775627136230464 -0.09729867428541184 0.23233772814273836
vn 0.97884094715118416 -0.0784149244427681 0.18900132179260252
vn 0.92526680231094368 -0.07828246802091599 0.37115117907524112
vn 0.92031419277191168 -0.08776836842298508 0.38120663166046144
vn 0.850027859210968 -0.07821871340274811 0.52089774608612064
vn 0.75703012943267824 -0.0941242128610611 0.646564781665802
vn 0.79317313432693488 -0.07843946665525436 0.6039235591888428
vn 0.6642988920211792 -0.07833642512559891 0.74335080385208128
vn 0.646564781665802 -0.0941242128610611 0.75703012943267824
vn 0.52089774608612064 -0.07821871340274811 0.850027859210968
vn 0.38120660185813904 -0.08776836842298508 0.92031419277191168
vn 0.44259664416313168 -0.07845418900251389 0.89328223466873168
vn 0.26521837711334228 -0.07838057726621628 0.96099722385406496
vn 0.23233771324157716 -0.09729867428541184 0.96775627136230464
vn 0.07821870595216751 -0.07821871340274811 0.99386298656463616
vn -0.0782187208533287 -0.07821871340274811 0.99386298656463616
vn -0.23233772814273836 -0.09729867428541184 0.96775627136230464
vn -0.18900132179260252 -0.0784149244427681 0.97884094715118416
vn -0.37115117907524112 -0.07828246802091599 0.92526680231094368
vn -0.38120663166046144 -0.08776836842298508 0.92031419277191168
vn -0.52089774608612064 -0.07821871340274811 0.850027859210968
vn -0.646564781665802 -0.0941242128610611 0.75703012943267824
vn -0.6039235591888428 -0.07843946665525436 0.79317313432693488
vn -0.74335080385208128 -0.07833642512559891 0.6642988920211792
vn -0.75703012943267824 -0.0941242128610611 0.646564781665802
vn -0.850027859210968 -0.07821871340274811 0.52089774608612064
vn -0.92031419277191168 -0.08776836842298508 0.38120660185813904
vn -0.89328223466873168 -0.07845418900251389 0.44259664416313168
vn -0.96099722385406496 -0.07838057726621628 0.26521837711334228
vn -0.96775627136230464 -0.09729867428541184 0.23233771324157716
vn -0.99386298656463616 -0.07821871340274811 0.07821870595216751
vn 0.96120071411132816 -0.26527452468872072 0.07564814388751984
vn 0.96771675348281856 -0.23307065665721892 0.09592904895544052
vn 0.94566190242767328 -0.23276478052139284 0.2270333468914032
vn 0.8985033631324768 -0.23276478052139284 0.37217229604721072
vn 0.82922077178955072 -0.23276478052139284 0.50814712047576904
vn 0.73951995372772224 -0.23276478052139284 0.63160967826843264
vn 0.63160967826843264 -0.23276478052139284 0.73951995372772224
vn 0.50814712047576904 -0.23276478052139284 0.82922077178955072
vn 0.37217229604721072 -0.23276478052139284 0.8985034227371216
vn 0.227033331990242 -0.23276478052139284 0.94566190242767328
vn 0.07630405575037003 -0.23276478052139284 0.96953505277633664
vn -0.07630407065153122 -0.23276478052139284 0.96953505277633664
vn -0.2270333468914032 -0.23276478052139284 0.94566190242767328
vn -0.37217229604721072 -0.23276478052139284 0.8985033631324768
vn -0.50814712047576904 -0.23276478052139284 0.82922077178955072
vn -0.63160967826843264 -0.23276478052139284 0.73951995372772224
vn -0.73951995372772224 -0.23276478052139284 0.63160967826843264
vn -0.82922077178955072 -0.23276478052139284 0.50814712047576904
vn -0.8985034227371216 -0.23276478052139284 0.37217229604721072
vn -0.94566190242767328 -0.23276478052139284 0.227033331990242
vn -0.96771675348281856 -0.23307065665721892 0.09592903405427932
vn -0.9789458513259888 -0.18902157247066496 0.07704470306634903
vn 0.92043668031692512 -0.38194999098777768 0.08312932401895523
vn 0.89875787496566768 -0.38167583942413328 0.21577268838882448
vn 0.85393840074539184 -0.38167583942413328 0.35371285676956176
vn 0.78809207677841184 -0.38167583942413328 0.48294347524642944
vn 0.70284038782119752 -0.38167583942413328 0.60028243064880368
vn 0.60028237104415896 -0.38167583942413328 0.70284038782119752
vn 0.48294344544410704 -0.38167583942413328 0.78809213638305664
vn 0.35371285676956176 -0.38167583942413328 0.85393840074539184
vn 0.21577267348766328 -0.38167583942413328 0.89875787496566768
vn 0.0725194439291954 -0.38167583942413328 0.92144697904586784
vn -0.0725194588303566 -0.38167583942413328 0.92144697904586784
vn -0.21577268838882448 -0.38167583942413328 0.89875787496566768
vn -0.35371285676956176 -0.38167583942413328 0.85393840074539184
vn -0.48294347524642944 -0.38167583942413328 0.78809207677841184
vn -0.60028243064880368 -0.38167583942413328 0.70284038782119752
vn -0.70284038782119752 -0.38167583942413328 0.60028237104415896
vn -0.78809213638305664 -0.38167583942413328 0.48294344544410704
vn -0.85393840074539184 -0.38167583942413328 0.35371285676956176
vn -0.89875787496566768 -0.38167583942413328 0.21577267348766328
vn -0.92564886808395392 -0.37130442261695864 0.07285013794898987
vn 0.8571565747261048 -0.51212722063064576 0.05484756454825401
vn 0.82977920770645136 -0.52132612466812136 0.19921237230300904
vn 0.78839957714080816 -0.52132612466812136 0.32656580209732056
vn 0.7276068925857544 -0.52132612466812136 0.44587808847427368
vn 0.64889812469482424 -0.52132612466812136 0.55421137809753416
vn 0.55421137809753416 -0.52132612466812136 0.64889818429946896
vn 0.44587808847427368 -0.52132612466812136 0.7276068925857544
vn 0.32656577229499816 -0.52132612466812136 0.78839957714080816
vn 0.19921235740184784 -0.52132612466812136 0.82977920770645136
vn 0.06695365160703659 -0.52132612466812136 0.85072690248489376
vn -0.06695366650819778 -0.52132612466812136 0.85072690248489376
vn -0.19921237230300904 -0.52132612466812136 0.82977920770645136
vn -0.32656580209732056 -0.52132612466812136 0.78839957714080816
vn -0.44587808847427368 -0.52132612466812136 0.7276068925857544
vn -0.55421137809753416 -0.52132612466812136 0.64889812469482424
vn -0.64889818429946896 -0.52132612466812136 0.55421137809753416
vn -0.7276068925857544 -0.52132612466812136 0.44587808847427368
vn -0.78839957714080816 -0.52132612466812136 0.32656577229499816
vn -0.82977920770645136 -0.52132612466812136 0.19921235740184784
vn -0.85072690248489376 -0.52132612466812136 0.06695365160703659
vn 0.7443615794181824 -0.66520220041275024 0.05858253315091133
vn 0.75660437345504768 -0.64894783496856688 0.08010350912809372
vn 0.74035763740539552 -0.64828819036483768 0.17774415016174316
vn 0.70343732833862304 -0.64828819036483768 0.29137328267097472
vn 0.6491960287094116 -0.64828819036483768 0.39782783389091488
vn 0.57896935939788816 -0.64828819036483768 0.494486540555954
vn 0.494486540555954 -0.64828819036483768 0.57896935939788816
vn 0.39782783389091488 -0.64828819036483768 0.6491960287094116
vn 0.29137328267097472 -0.64828819036483768 0.70343732833862304
vn 0.17774413526058198 -0.64828819036483768 0.74035763740539552
vn 0.05973836034536362 -0.64828819036483768 0.75904792547225952
vn -0.05973837524652481 -0.64828819036483768 0.75904792547225952
vn -0.17774415016174316 -0.64828819036483768 0.74035763740539552
vn -0.29137328267097472 -0.64828819036483768 0.70343732833862304
vn -0.39782783389091488 -0.64828819036483768 0.6491960287094116
vn -0.494486540555954 -0.64828819036483768 0.57896935939788816
vn -0.57896935939788816 -0.64828819036483768 0.494486540555954
vn -0.6491960287094116 -0.64828819036483768 0.39782783389091488
vn -0.70343732833862304 -0.64828819036483768 0.29137328267097472
vn -0.74035763740539552 -0.64828819036483768 0.17774413526058198
vn -0.75660437345504768 -0.64894783496856688 0.08010349422693253
vn -0.7940693497657776 -0.60460591316223144 0.06249460577964783
vn 0.6452056169509888 -0.76016241312026976 0.07656861841678619
vn 0.63263064622879032 -0.75941461324691776 0.15188118815422058
vn 0.60108244419097904 -0.75941461324691776 0.24897651374340056
vn 0.55473363399505616 -0.75941461324691776 0.33994120359420776
vn 0.49472540616989136 -0.75941461324691776 0.42253541946411136
vn 0.42253541946411136 -0.75941461324691776 0.49472543597221376
vn 0.33994120359420776 -0.75941461324691776 0.55473363399505616
vn 0.24897649884223936 -0.75941461324691776 0.60108244419097904
vn 0.15188117325305938 -0.75941461324691776 0.63263064622879032
vn 0.05104602873325348 -0.75941461324691776 0.64860135316848752
vn -0.05104603990912437 -0.75941461324691776 0.64860135316848752
vn -0.15188118815422058 -0.75941461324691776 0.63263064622879032
vn -0.24897651374340056 -0.75941461324691776 0.60108244419097904
vn -0.33994120359420776 -0.75941461324691776 0.55473363399505616
vn -0.42253541946411136 -0.75941461324691776 0.49472540616989136
vn -0.49472543597221376 -0.75941461324691776 0.42253541946411136
vn -0.55473363399505616 -0.75941461324691776 0.33994120359420776
vn -0.60108244419097904 -0.75941461324691776 0.24897649884223936
vn -0.63263064622879032 -0.75941461324691776 0.15188117325305938
vn -0.66543215513229368 -0.74461895227432256 0.05237064138054848
vn -0.6452056169509888 -0.76016241312026976 0.0765686109662056
vn 0.54149353504180912 -0.84069377183914192 0.00432487251237034
vn 0.50920259952545168 -0.85192018747329712 0.12224872410297394
vn 0.48380953073501584 -0.85192018747329712 0.20040047168731688
vn 0.44650349020957944 -0.85192018747329712 0.273617684841156
vn 0.398203045129776 -0.85192018747329712 0.3400975465774536
vn 0.3400975465774536 -0.85192018747329712 0.398203045129776
vn 0.273617684841156 -0.85192018747329712 0.44650349020957944
vn 0.20040047168731688 -0.85192018747329712 0.48380953073501584
vn 0.12224871665239334 -0.85192018747329712 0.50920259952545168
vn 0.04108680039644241 -0.85192018747329712 0.52205735445022584
vn -0.04108680784702301 -0.85192018747329712 0.52205735445022584
vn -0.12224872410297394 -0.85192018747329712 0.50920259952545168
vn -0.20040047168731688 -0.85192018747329712 0.48380953073501584
vn -0.273617684841156 -0.85192018747329712 0.44650349020957944
vn -0.3400975465774536 -0.85192018747329712 0.398203045129776
vn -0.398203045129776 -0.85192018747329712 0.3400975465774536
vn -0.44650349020957944 -0.85192018747329712 0.273617684841156
vn -0.48380953073501584 -0.85192018747329712 0.20040047168731688
vn -0.50920259952545168 -0.85192018747329712 0.12224871665239334
vn -0.51283705234527584 -0.85834467411041264 0.0155741386115551
vn 0.37213394045829776 -0.927716851234436 0.02928758040070534
vn 0.37919265031814576 -0.92385083436965936 0.05208176374435425
vn 0.37309131026268008 -0.92346078157424928 0.08957130461931229
vn 0.3544858992099762 -0.92346078157424928 0.14683286845684052
vn 0.3271518647670746 -0.92346078157424928 0.20047892630100252
vn 0.29176229238510132 -0.92346078157424928 0.24918852746486664
vn 0.24918852746486664 -0.92346078157424928 0.29176229238510132
vn 0.20047892630100252 -0.92346078157424928 0.32715189456939696
vn 0.14683286845684052 -0.92346078157424928 0.3544858992099762
vn 0.08957129716873169 -0.92346078157424928 0.37309131026268008
vn 0.03010418638586998 -0.92346078157424928 0.38250997662544248
vn -0.03010419197380543 -0.92346078157424928 0.38250997662544248
vn -0.08957130461931229 -0.92346078157424928 0.37309131026268008
vn -0.14683286845684052 -0.92346078157424928 0.3544858992099762
vn -0.20047892630100252 -0.92346078157424928 0.3271518647670746
vn -0.24918852746486664 -0.92346078157424928 0.29176229238510132
vn -0.29176229238510132 -0.92346078157424928 0.24918852746486664
vn -0.32715189456939696 -0.92346078157424928 0.20047892630100252
vn -0.3544858992099762 -0.92346078157424928 0.14683286845684052
vn -0.37309131026268008 -0.92346078157424928 0.08957129716873169
vn -0.37919265031814576 -0.92385083436965936 0.05208175629377365
vn 0.21936264634132384 -0.97010481357574464 0.10381100326776504
vn 0.227658748626709 -0.97220587730407712 0.05465603247284889
vn 0.21630580723285676 -0.97220587730407712 0.08959680050611496
vn 0.19962668418884276 -0.97220587730407712 0.1223313957452774
vn 0.17803210020065308 -0.97220587730407712 0.15205378830432892
vn 0.15205378830432892 -0.97220587730407712 0.17803211510181428
vn 0.1223313882946968 -0.97220587730407712 0.19962668418884276
vn 0.08959679305553436 -0.97220587730407712 0.21630580723285676
vn 0.05465602874755859 -0.97220587730407712 0.227658748626709
vn 0.01836944743990898 -0.97220587730407712 0.23340597748756408
vn -0.01836945116519928 -0.97220587730407712 0.23340597748756408
vn -0.05465603247284889 -0.97220587730407712 0.227658748626709
vn -0.08959680050611496 -0.97220587730407712 0.21630580723285676
vn -0.1223313957452774 -0.97220587730407712 0.19962668418884276
vn -0.15205378830432892 -0.97220587730407712 0.17803210020065308
vn -0.17803211510181428 -0.97220587730407712 0.15205378830432892
vn -0.19962668418884276 -0.97220587730407712 0.1223313882946968
vn -0.21630580723285676 -0.97220587730407712 0.08959679305553436
vn -0.227658748626709 -0.97220587730407712 0.05465602874755859
vn -0.26597854495048524 -0.96375161409378048 0.02093296311795711
vn -0.10964051634073258 -0.9730864763259888 -0.2026861011981964
vn -0.07652571052312851 -0.99689835309982304 0.01837219856679439
vn -0.07270950824022293 -0.99689835309982304 0.03011726401746273
vn -0.06710295379161835 -0.99689835309982304 0.041120745241642
vn -0.05984410643577576 -0.99689835309982304 0.05111169442534447
vn -0.05111169442534447 -0.99689835309982304 0.05984410643577576
vn -0.041120745241642 -0.99689835309982304 0.06710295379161835
vn -0.03011726588010788 -0.99689835309982304 0.07270950824022293
vn -0.01837219856679439 -0.99689835309982304 0.07652571052312851
vn -0.00617474783211946 -0.99689835309982304 0.07845760136842728
vn 0.0061747464351356 -0.99689835309982304 0.07845760136842728
vn 0.01837219856679439 -0.99689835309982304 0.07652571052312851
vn 0.03011726401746273 -0.99689835309982304 0.07270950824022293
vn 0.041120745241642 -0.99689835309982304 0.06710295379161835
vn 0.05111169442534447 -0.99689835309982304 0.05984410643577576
vn 0.05984410643577576 -0.99689835309982304 0.05111169442534447
vn 0.06710295379161835 -0.99689835309982304 0.041120745241642
vn 0.07270950824022293 -0.99689835309982304 0.03011726588010788
vn 0.07652571052312851 -0.99689835309982304 0.01837219856679439
vn 0.10964051634073258 -0.9730864763259888 -0.2026861011981964
vn -0.21936266124248504 -0.97010481357574464 0.10381099581718444
vn 0.26597854495048524 -0.96375161409378048 0.02093296870589256
vn -0.37213394045829776 -0.927716851234436 0.02928757481276989
vn 0.44369429349899288 -0.89549762010574336 0.03491950407624244
vn -0.52205735445022584 -0.85192018747329712 0.04108680039644241
vn 0.52205735445022584 -0.85192018747329712 0.04108680784702301
vn -0.60510271787643432 -0.79472184181213376 0.04762260988354683
vn 0.66543215513229368 -0.74461895227432256 0.05237065255641937
vn -0.7443615794181824 -0.66520220041275024 0.05858252197504044
vn 0.7940693497657776 -0.60460591316223144 0.06249462068080902
vn -0.85715663433074944 -0.51212722063064576 0.05484754964709282
vn 0.85072690248489376 -0.52132612466812136 0.06695366650819778
vn -0.92043668031692512 -0.38194999098777768 0.08312930911779404
vn 0.92564886808395392 -0.37130442261695864 0.07285015285015106
vn -0.96120071411132816 -0.26527452468872072 0.07564812898635864
vn 0.9789458513259888 -0.18902157247066496 0.07704471796751022
vn -0.97884094715118416 -0.0784149244427681 0.18900130689144136
vn -0.92526680231094368 -0.07828246802091599 0.37115114927291872
vn -0.79317313432693488 -0.07843946665525436 0.603923499584198
vn -0.6642988920211792 -0.07833642512559891 0.74335080385208128
vn -0.44259664416313168 -0.07845418900251389 0.89328223466873168
vn -0.26521840691566468 -0.07838057726621628 0.96099722385406496
vn 0.18900130689144136 -0.0784149244427681 0.97884094715118416
vn 0.37115114927291872 -0.07828246802091599 0.92526680231094368
vn 0.603923499584198 -0.07843946665525436 0.79317313432693488
vn 0.74335080385208128 -0.07833642512559891 0.6642988920211792
vn 0.89328223466873168 -0.07845418900251389 0.44259664416313168
vn 0.96099722385406496 -0.07838057726621628 0.26521840691566468
vn -0.63342165946960448 -0.77377361059188848 0.00717318523675203
vn -0.66634654998779296 -0.7456421852111816 0.0001566392747918144
vn -0.74557548761367792 -0.66628700494766232 -0.01337056886404752
vn -0.65445685386657712 -0.7557043433189392 0.02443831227719784
vn -0.68810194730758664 -0.72549557685852048 0.01311022043228149
vn -0.69676697254180912 -0.71722161769866944 0.01043551508337259
vn -0.73065531253814704 -0.68274652957916256 -6.014927667052916E-09
vn -0.73065531253814704 -0.68274652957916256 -6.014926334785287E-09
vn -0.72883588075637824 -0.6846391558647156 -0.00821515265852212
vn -0.71971273422241208 -0.69154757261276248 -0.06144564226269722
vn -0.722813069820404 -0.68982470035552976 -0.04102715849876404
vn -0.72575926780700688 -0.687531054019928 -0.02397020906209945
vn -0.71244037151336672 -0.70171004533767704 0.00563529599457979
vn -0.71341395378112792 -0.6928576231002808 -0.10482774674892426
vn -0.68109554052352904 -0.73203414678573616 0.01532667037099599
vn -0.54618602991104128 -0.5451312065124512 -0.63601315021514896
vn -0.69475561380386352 -0.68350547552108768 -0.22390821576118468
vn -0.67037731409072872 -0.74178177118301392 0.01881754957139492
vn -0.51289927959442136 -0.8584488034248352 -4.222308724877166E-09
vn -0.53202277421951296 -0.84670937061309808 -0.00591524224728345
vn -0.3302660584449768 -0.94384616613388064 -0.00887564662843942
vn -0.26603683829307556 -0.96396285295486448 -2.190079229080766E-09
vn -0.11196447908878326 -0.99371218681335456 -9.217193119859246E-10
vn 0.11196447908878326 -0.99371218681335456 9.217162033614557E-10
vn 0.37229365110397336 -0.92811501026153568 3.0648088511497917E-09
vn 0.3302660584449768 -0.94384616613388064 -0.00887564104050397
vn 0.54149860143661496 -0.84070163965225216 4.457742619479177E-09
vn 0.53202915191650392 -0.84671950340270992 -0.00332637899555265
vn 0.69475567340850832 -0.68350547552108768 -0.22390820086002348
vn 0.72282052040100096 -0.6898192763328552 -0.04098528251051903
vn 0.72576582431793216 -0.68752551078796384 -0.02393083274364471
vn 0.73065531253814704 -0.68274652957916256 6.014925446606867E-09
vn 0.71237879991531376 -0.70177233219146728 0.00565407518297433
vn 0.72884470224380496 -0.68463021516799928 -0.00817576330155134
vn 0.68108093738555912 -0.73204761743545536 0.01533146854490041
vn 0.68808406591415408 -0.725512444972992 0.01311570405960083
vn 0.69674193859100344 -0.71724587678909304 0.01044331025332212
vn 0.67037731409072872 -0.74178177118301392 0.01881756074726581
vn 0.71971946954727176 -0.69154518842697144 -0.06139350309967995
vn 0.62424516677856448 -0.78122848272323616 5.138931946646608E-09
vn 0.74552154541015632 -0.66623878479003904 -0.01798697002232074
vn 0.66634654998779296 -0.7456421852111816 0.00015665024693589658
vn 0.63544613122940064 -0.77149337530136112 0.03171965852379799
vn 0.65445685386657712 -0.7557043433189392 0.02443832345306873
vn 0.71341395378112792 -0.6928576231002808 -0.10482773929834366
vn 0.85844856500625616 -0.51289916038513184 0.00073222530772909
vn 0.89828938245773312 -0.43940433859825136 7.394928225323838E-09
vn 0.84344345331192016 -0.5372179746627808 6.9435968086395405E-09
vn 0.84344345331192016 -0.5372179746627808 6.943424057936909E-09
vn 0.94387453794479376 -0.33027598261833192 -0.00431139860302209
vn 0.96396285295486448 -0.26603683829307556 7.935567758465822E-09
vn 0.9969173073768616 -0.07845909893512726 8.206858304049547E-09
vn 0.99370515346527104 -0.1119636818766594 -0.00377200543880462
vn -0.99370515346527104 -0.1119636818766594 -0.00377202173694968
vn -0.98186427354812624 -0.18958508968353272 -8.082936986397726E-09
vn -0.92811501026153568 -0.37229365110397336 -7.640460708557839E-09
vn -0.94387453794479376 -0.33027598261833192 -0.00431141396984458
vn -0.84344345331192016 -0.5372179746627808 -6.943424502026119E-09
vn -0.89828938245773312 -0.43940433859825136 -7.394929113502258E-09
vn -0.79556107521057136 -0.60574173927307128 -0.01263103261590004
vn -0.85844856500625616 -0.51289916038513184 0.00073221116326749
vn -0.84344345331192016 -0.5372179746627808 -6.943415620241922E-09
vn -0.96396285295486448 -0.26603683829307556 -7.935567758465822E-09
vn -0.9969173073768616 -0.07845909893512726 -8.206857415871127E-09
vn 0.98186427354812624 -0.18958508968353272 8.082936098219307E-09
vn 0.92811501026153568 -0.37229365110397336 7.64045982037942E-09
vn 0.79556107521057136 -0.60574173927307128 -0.01263101957738399
vn 0.54618602991104128 -0.5451312065124512 -0.63601315021514896
vn 0.44396507740020752 -0.89604407548904416 3.6548246651335603E-09
vn 0.26603683829307556 -0.96396285295486448 2.190076120456297E-09
vn 0.11196447908878326 -0.99371218681335456 9.21716036828002E-10
vn -0.11196447908878326 -0.99371218681335456 -9.217194785193783E-10
vn -0.37229365110397336 -0.92811501026153568 -3.0648101834174213E-09
vn -0.60579001903533936 -0.79562455415725712 -4.987007251600062E-09
vn -0.62424516677856448 -0.78122848272323616 -5.138934167092657E-09
vn -1 0 -8.232235337857219E-09
vn -0.15643447637557984 0 0.9876883625984192
vn -0.45399051904678344 0 0.8910065293312072
vn -0.7071067690849304 0 0.7071067690849304
vn -0.8910065293312072 0 0.45399048924446104
vn -0.85258430242538448 -0.00304519641213119 0.52258086204528808
vn -0.9876883625984192 0 0.15643446147441864
vn -0.97236466407775872 -0.0029940812382847 0.23344811797142028
vn -0.9968667030334472 0 0.07909949123859406
vn -0.9232932925224304 0 0.38409569859504696
vn -0.01762320101261139 -0.15641017258167266 0.98753494024276736
vn -0.05198588967323303 -0.14856711030006408 0.98753494024276736
vn -0.08374178409576416 -0.13327427208423614 0.98753494024276736
vn -0.11129852384328842 -0.11129851639270782 0.98753494024276736
vn -0.13327428698539734 -0.08374177664518356 0.98753494024276736
vn -0.14856712520122528 -0.05198588222265244 0.98753494024276736
vn -0.15641017258167266 -0.01762319356203079 0.98753494024276736
vn -0.05108566209673882 -0.45339772105216976 0.88984310626983648
vn -0.1506953239440918 -0.43066245317459104 0.88984310626983648
vn -0.2427484840154648 -0.38633197546005248 0.88984310626983648
vn -0.32262924313545228 -0.32262921333312988 0.88984310626983648
vn -0.38633200526237488 -0.2427484840154648 0.88984310626983648
vn -0.43066245317459104 -0.1506953090429306 0.88984310626983648
vn -0.45339772105216976 -0.05108565464615822 0.88984310626983648
vn -0.07942014187574387 -0.70487320423126224 0.70487320423126224
vn -0.23427794873714448 -0.66952788829803464 0.70487320423126224
vn -0.3773880898952484 -0.60060971975326536 0.70487320423126224
vn -0.5015743970870972 -0.5015743970870972 0.70487320423126224
vn -0.60060971975326536 -0.3773880898952484 0.70487320423126224
vn -0.66952788829803464 -0.23427794873714448 0.70487320423126224
vn -0.70487320423126224 -0.07942013442516327 0.70487320423126224
vn -0.09989020973443984 -0.8865501284599304 0.45171985030174256
vn -0.2946617305278778 -0.84209477901458736 0.45171985030174256
vn -0.47465765476226808 -0.75541335344314576 0.45171985030174256
vn -0.63085228204727176 -0.63085228204727176 0.45171985030174256
vn -0.75541335344314576 -0.47465765476226808 0.45171985030174256
vn -0.84209477901458736 -0.2946617007255554 0.45171985030174256
vn -0.8865501284599304 -0.09989020973443984 0.45171985030174256
vn -0.1106029748916626 -0.98162853717803952 0.1554746925830841
vn -0.36773046851158144 -0.91673910617828368 0.15608875453472138
vn -0.31147173047065736 -0.89013504981994624 0.33263331651687624
vn -0.5113109350204468 -0.81374663114547728 0.27636489272117616
vn -0.5983354449272156 -0.78583395481109616 0.1563960462808609
vn -0.69850826263427736 -0.69850826263427736 0.15547467768192292
vn -0.84796321392059328 -0.5066344738006592 0.15582001209259034
vn -0.81374663114547728 -0.5113109350204468 0.27636489272117616
vn -0.89013504981994624 -0.31147173047065736 0.33263331651687624
vn -0.95211833715438848 -0.2627679705619812 0.15628078579902648
vn -0.98162853717803952 -0.1106029748916626 0.15547467768192292
vn -0.91673910617828368 -0.36773046851158144 0.15608875453472138
vn -0.78583395481109616 -0.5983354449272156 0.1563960313796997
vn -0.5066344738006592 -0.84796321392059328 0.15582002699375152
vn -0.2627679705619812 -0.95211833715438848 0.15628078579902648
vn 0.9722747206687928 -0.00300871510989964 0.23382216691970824
vn 0.9968358874320984 0 0.07948713004589081
vn 0.852401316165924 -0.00305871851742267 0.52287912368774416
vn 0.92315608263015744 0 0.38442540168762208
vn 0.7071067690849304 0 0.7071067690849304
vn 0.45399048924446104 0 0.8910065293312072
vn 0.15643446147441864 0 0.9876883625984192
vn 0.8910065293312072 0 0.45399051904678344
vn 0.9876883625984192 0 0.15643447637557984
vn 0.15641015768051148 -0.01762319356203079 0.98753494024276736
vn 0.14856711030006408 -0.05198588222265244 0.98753494024276736
vn 0.13327427208423614 -0.08374177664518356 0.98753494024276736
vn 0.11129850894212722 -0.11129851639270782 0.98753494024276736
vn 0.08374176919460297 -0.13327427208423614 0.98753494024276736
vn 0.05198587104678154 -0.14856711030006408 0.98753494024276736
vn 0.01762318611145019 -0.15641017258167266 0.98753494024276736
vn 0.45339769124984744 -0.05108565464615822 0.88984310626983648
vn 0.43066245317459104 -0.1506953090429306 0.88984310626983648
vn 0.38633197546005248 -0.2427484840154648 0.88984310626983648
vn 0.32262921333312988 -0.32262921333312988 0.88984310626983648
vn 0.2427484691143036 -0.38633197546005248 0.88984310626983648
vn 0.1506953090429306 -0.43066245317459104 0.88984310626983648
vn 0.05108564719557762 -0.45339772105216976 0.88984310626983648
vn 0.70487320423126224 -0.07942013442516327 0.70487320423126224
vn 0.66952788829803464 -0.23427794873714448 0.70487320423126224
vn 0.60060971975326536 -0.3773880898952484 0.70487320423126224
vn 0.5015743970870972 -0.5015743970870972 0.70487320423126224
vn 0.3773880898952484 -0.60060971975326536 0.70487320423126224
vn 0.23427794873714448 -0.66952788829803464 0.70487320423126224
vn 0.07942012697458267 -0.70487320423126224 0.70487320423126224
vn 0.8865501284599304 -0.09989020973443984 0.45171985030174256
vn 0.84209477901458736 -0.2946617007255554 0.45171985030174256
vn 0.75541329383850096 -0.47465765476226808 0.45171985030174256
vn 0.63085228204727176 -0.63085228204727176 0.45171985030174256
vn 0.47465765476226808 -0.75541335344314576 0.45171985030174256
vn 0.2946617007255554 -0.84209477901458736 0.45171985030174256
vn 0.09989020228385926 -0.8865501284599304 0.45171985030174256
vn 0.98162853717803952 -0.1106029748916626 0.1554746925830841
vn 0.91673910617828368 -0.36773046851158144 0.15608876943588256
vn 0.89013504981994624 -0.31147173047065736 0.33263331651687624
vn 0.81374663114547728 -0.5113109350204468 0.27636489272117616
vn 0.78583395481109616 -0.5983354449272156 0.1563960462808609
vn 0.69850826263427736 -0.69850826263427736 0.1554746925830841
vn 0.5066344738006592 -0.84796321392059328 0.15582002699375152
vn 0.511310875415802 -0.81374663114547728 0.27636489272117616
vn 0.31147173047065736 -0.89013504981994624 0.33263331651687624
vn 0.2627679705619812 -0.95211833715438848 0.15628080070018768
vn 0.1106029748916626 -0.98162853717803952 0.1554746925830841
vn 0.36773046851158144 -0.91673910617828368 0.15608876943588256
vn 0.5983354449272156 -0.78583395481109616 0.1563960462808609
vn 0.84796321392059328 -0.5066344738006592 0.15582002699375152
vn 0.95211833715438848 -0.2627679705619812 0.15628080070018768
vn -8.130881745671559E-09 -0.15643446147441864 0.9876883625984192
vn -7.33497396154803E-09 -0.45399048924446104 0.8910065293312072
vn -5.821050308441045E-09 -0.7071067690849304 0.7071067690849304
vn -3.7373557582043304E-09 -0.8910065293312072 0.45399048924446104
vn -1.2878050847930922E-09 -0.9876883625984192 0.15643446147441864
vn -5.821068516098649E-09 -0.7071067690849304 0.7071067690849304
vn -7.334951312998328E-09 -0.45399048924446104 0.8910065293312072
vn 0 -1 0
vn -0.96396285295486448 -0.26603683829307556 -7.935569534822662E-09
vn -0.99371218681335456 -0.11196447908878326 -8.180473187735515E-09
vn -0.8584488034248352 -0.51289927959442136 -7.0669510243703826E-09
vn -0.92811501026153568 -0.37229365110397336 -7.640462484914678E-09
vn -0.92811501026153568 -0.37229365110397336 -7.64045982037942E-09
vn -0.79562455415725712 -0.60579001903533936 -6.549767395114259E-09
vn -0.60579001903533936 -0.79562455415725712 -4.987009027956901E-09
vn -0.7071067690849304 -0.7071067690849304 -5.821070736544698E-09
vn -0.7071067690849304 -0.7071067690849304 -5.821068516098649E-09
vn -0.60579001903533936 -0.79562455415725712 -4.987007695689272E-09
vn -0.37229365110397336 -0.92811501026153568 -3.0648119597742607E-09
vn -0.51289927959442136 -0.8584488034248352 -4.222310501234006E-09
vn -0.11196447908878326 -0.99371218681335456 -9.21721088342764E-10
vn -0.26603683829307556 -0.96396285295486448 -2.190081005437605E-09
vn -0.11196447908878326 -0.99371218681335456 -9.217213103873689E-10
vn -0.96396285295486448 -0.26603683829307556 -7.935570423001082E-09
vn -0.9722747206687928 -0.00300871510989964 -0.23382216691970824
vn -0.9968358874320984 0 -0.07948713004589081
vn -0.852401316165924 -0.00305871851742267 -0.52287912368774416
vn -0.92315608263015744 0 -0.38442540168762208
vn -0.7071067690849304 0 -0.7071067690849304
vn -0.45399048924446104 0 -0.8910065293312072
vn -0.15643446147441864 0 -0.9876883625984192
vn -0.8910065293312072 0 -0.45399051904678344
vn -0.9876883625984192 0 -0.15643447637557984
vn -0.15641015768051148 -0.01762319356203079 -0.98753494024276736
vn -0.14856711030006408 -0.05198588222265244 -0.98753494024276736
vn -0.13327427208423614 -0.08374177664518356 -0.98753494024276736
vn -0.11129850894212722 -0.11129851639270782 -0.98753494024276736
vn -0.08374176919460297 -0.13327427208423614 -0.98753494024276736
vn -0.05198587104678154 -0.14856711030006408 -0.98753494024276736
vn -0.01762318611145019 -0.15641017258167266 -0.98753494024276736
vn -0.45339769124984744 -0.05108565464615822 -0.88984310626983648
vn -0.43066245317459104 -0.1506953090429306 -0.88984310626983648
vn -0.38633197546005248 -0.2427484840154648 -0.88984310626983648
vn -0.32262921333312988 -0.32262921333312988 -0.88984310626983648
vn -0.2427484691143036 -0.38633197546005248 -0.88984310626983648
vn -0.1506953090429306 -0.43066245317459104 -0.88984310626983648
vn -0.05108564719557762 -0.45339772105216976 -0.88984310626983648
vn -0.70487320423126224 -0.07942013442516327 -0.70487320423126224
vn -0.66952788829803464 -0.23427794873714448 -0.70487320423126224
vn -0.60060971975326536 -0.3773880898952484 -0.70487320423126224
vn -0.5015743970870972 -0.5015743970870972 -0.70487320423126224
vn -0.3773880898952484 -0.60060971975326536 -0.70487320423126224
vn -0.23427794873714448 -0.66952788829803464 -0.70487320423126224
vn -0.07942012697458267 -0.70487320423126224 -0.70487320423126224
vn -0.8865501284599304 -0.09989020973443984 -0.45171985030174256
vn -0.84209477901458736 -0.2946617007255554 -0.45171985030174256
vn -0.75541329383850096 -0.47465765476226808 -0.45171985030174256
vn -0.63085228204727176 -0.63085228204727176 -0.45171985030174256
vn -0.47465765476226808 -0.75541335344314576 -0.45171985030174256
vn -0.2946617007255554 -0.84209477901458736 -0.45171985030174256
vn -0.09989020228385926 -0.8865501284599304 -0.45171985030174256
vn -0.98162853717803952 -0.1106029748916626 -0.1554746925830841
vn -0.91673910617828368 -0.36773046851158144 -0.15608876943588256
vn -0.89013504981994624 -0.31147173047065736 -0.33263331651687624
vn -0.81374663114547728 -0.5113109350204468 -0.27636489272117616
vn -0.78583395481109616 -0.5983354449272156 -0.1563960462808609
vn -0.69850826263427736 -0.69850826263427736 -0.1554746925830841
vn -0.5066344738006592 -0.84796321392059328 -0.15582002699375152
vn -0.511310875415802 -0.81374663114547728 -0.27636489272117616
vn -0.31147173047065736 -0.89013504981994624 -0.33263331651687624
vn -0.2627679705619812 -0.95211833715438848 -0.15628080070018768
vn -0.1106029748916626 -0.98162853717803952 -0.1554746925830841
vn -0.36773046851158144 -0.91673910617828368 -0.15608876943588256
vn -0.5983354449272156 -0.78583395481109616 -0.1563960462808609
vn -0.84796321392059328 -0.5066344738006592 -0.15582002699375152
vn -0.95211833715438848 -0.2627679705619812 -0.15628080070018768
vn 0.96396285295486448 -0.26603683829307556 7.935566870287403E-09
vn 0.99371218681335456 -0.11196447908878326 8.180470523200256E-09
vn 0.99371218681335456 -0.11196447908878326 8.180472299557096E-09
vn 0.8584488034248352 -0.51289927959442136 7.066949692102753E-09
vn 0.92811501026153568 -0.37229365110397336 7.64045804402258E-09
vn 0.60579001903533936 -0.79562455415725712 4.987001922529544E-09
vn 0.79562455415725712 -0.60579001903533936 6.549767395114259E-09
vn 0.7071067690849304 -0.7071067690849304 5.821068516098649E-09
vn 0.79562455415725712 -0.60579001903533936 6.549765618757419E-09
vn 0.37229365110397336 -0.92811501026153568 3.064804854346903E-09
vn 0.51289927959442136 -0.8584488034248352 4.222304728074278E-09
vn 0.51289927959442136 -0.8584488034248352 4.222303839895858E-09
vn 0.11196447908878326 -0.99371218681335456 9.2171459353807E-10
vn 0.26603683829307556 -0.96396285295486448 2.1900743440994574E-09
vn 0.26603683829307556 -0.96396285295486448 2.1900741220548525E-09
vn 0.37229365110397336 -0.92811501026153568 3.064805520480718E-09
vn 0.60579001903533936 -0.79562455415725712 4.987003698886383E-09
vn 0.8584488034248352 -0.51289927959442136 7.0669510243703826E-09
vn 8.130881745671559E-09 -0.15643446147441864 -0.9876883625984192
vn 7.33497484972645E-09 -0.45399048924446104 -0.8910065293312072
vn 5.8210689601878585E-09 -0.7071067690849304 -0.7071067690849304
vn 3.73735620229354E-09 -0.8910065293312072 -0.45399048924446104
vn 1.2878051958153947E-09 -0.9876883625984192 -0.15643446147441864
vn 0.01762320101261139 -0.15641017258167266 -0.98753494024276736
vn 0.05198588967323303 -0.14856711030006408 -0.98753494024276736
vn 0.08374178409576416 -0.13327427208423614 -0.98753494024276736
vn 0.11129852384328842 -0.11129851639270782 -0.98753494024276736
vn 0.13327428698539734 -0.08374177664518356 -0.98753494024276736
vn 0.14856712520122528 -0.05198588222265244 -0.98753494024276736
vn 0.15641017258167266 -0.01762319356203079 -0.98753494024276736
vn 0.05108566209673882 -0.45339772105216976 -0.88984310626983648
vn 0.1506953239440918 -0.43066245317459104 -0.88984310626983648
vn 0.2427484840154648 -0.38633197546005248 -0.88984310626983648
vn 0.32262924313545228 -0.32262921333312988 -0.88984310626983648
vn 0.38633200526237488 -0.2427484840154648 -0.88984310626983648
vn 0.43066245317459104 -0.1506953090429306 -0.88984310626983648
vn 0.45339772105216976 -0.05108565464615822 -0.88984310626983648
vn 0.07942014187574387 -0.70487320423126224 -0.70487320423126224
vn 0.23427794873714448 -0.66952788829803464 -0.70487320423126224
vn 0.3773880898952484 -0.60060971975326536 -0.70487320423126224
vn 0.5015743970870972 -0.5015743970870972 -0.70487320423126224
vn 0.60060971975326536 -0.3773880898952484 -0.70487320423126224
vn 0.66952788829803464 -0.23427794873714448 -0.70487320423126224
vn 0.70487320423126224 -0.07942013442516327 -0.70487320423126224
vn 0.09989020973443984 -0.8865501284599304 -0.45171985030174256
vn 0.2946617305278778 -0.84209477901458736 -0.45171985030174256
vn 0.47465765476226808 -0.75541335344314576 -0.45171985030174256
vn 0.63085228204727176 -0.63085228204727176 -0.45171985030174256
vn 0.75541335344314576 -0.47465765476226808 -0.45171985030174256
vn 0.84209477901458736 -0.2946617007255554 -0.45171985030174256
vn 0.8865501284599304 -0.09989020973443984 -0.45171985030174256
vn 0.1106029748916626 -0.98162853717803952 -0.1554746925830841
vn 0.36773046851158144 -0.91673910617828368 -0.15608875453472138
vn 0.31147173047065736 -0.89013504981994624 -0.33263331651687624
vn 0.5113109350204468 -0.81374663114547728 -0.27636489272117616
vn 0.5983354449272156 -0.78583395481109616 -0.1563960462808609
vn 0.69850826263427736 -0.69850826263427736 -0.15547467768192292
vn 0.84796321392059328 -0.5066344738006592 -0.15582001209259034
vn 0.81374663114547728 -0.5113109350204468 -0.27636489272117616
vn 0.89013504981994624 -0.31147173047065736 -0.33263331651687624
vn 0.95211833715438848 -0.2627679705619812 -0.15628078579902648
vn 0.98162853717803952 -0.1106029748916626 -0.15547467768192292
vn 0.91673910617828368 -0.36773046851158144 -0.15608875453472138
vn 0.78583395481109616 -0.5983354449272156 -0.1563960313796997
vn 0.5066344738006592 -0.84796321392059328 -0.15582002699375152
vn 0.2627679705619812 -0.95211833715438848 -0.15628078579902648
vn 0.15643447637557984 0 -0.9876883625984192
vn 0.45399051904678344 0 -0.8910065293312072
vn 0.7071067690849304 0 -0.7071067690849304
vn 0.8910065293312072 0 -0.45399048924446104
vn 0.85258430242538448 -0.00304519641213119 -0.52258086204528808
vn 0.9876883625984192 0 -0.15643446147441864
vn 0.97236466407775872 -0.0029940812382847 -0.23344811797142028
vn 0.9968667030334472 0 -0.07909949123859406
vn 0.9232932925224304 0 -0.38409569859504696
vn 8.232208692504628E-09 0 -1
vn 8.232303727595536E-09 0 -1
vn 8.232194481649913E-09 0 -1
vn 8.232275305886105E-09 0 -1
vn 8.232206027969369E-09 0 -1
vn 8.232301063060277E-09 0 -1
vn 8.232182047152037E-09 0 -1
vn 8.232129644625275E-09 0 -1
vn 8.232207804326208E-09 0 -1
vn 8.23220247525569E-09 0 -1
vn 8.232197146185172E-09 0 -1
vn 8.23211543377056E-09 0 -1
vn 8.232271753172427E-09 0 -1
vn 8.232190928936234E-09 0 -1
vn 8.232205139790949E-09 0 -1
vn 8.232243331462996E-09 0 -1
vn 8.232296622168178E-09 0 -1
vn 8.23223356150038E-09 0 -1
vn 8.232279746778204E-09 0 -1
vn 8.232234449678799E-09 0 -1
vn 8.232284187670302E-09 0 -1
vn 8.232211357039887E-09 0 -1
vn 8.232269088637167E-09 0 -1
vn 8.232265535923489E-09 0 -1
vn 8.232222015180923E-09 0 -1
vn 8.23229040491924E-09 0 -1
vn 8.232228232429861E-09 0 -1
vn 8.23231882662867E-09 0 -1
vn 8.232277082242945E-09 0 -1
vn 8.232195369828332E-09 0 -1
vn 8.232192705293073E-09 0 -1
vn 8.232217574288825E-09 0 -1
vn 8.232252213247193E-09 0 -1
vn 8.232169612654161E-09 0 -1
vn 8.232248660533514E-09 0 -1
vn 8.232326820234448E-09 0 -1
vn 8.232269976815587E-09 0 -1
vn 8.232251325068773E-09 0 -1
vn 8.23232149116393E-09 0 -1
vn 8.232268200458748E-09 0 -1
vn -8.232237114214058E-09 0 1
vn -8.234238180193643E-09 0 1
vn -8.232212245218307E-09 0 1
vn -8.232255765960872E-09 0 1
vn -8.23223267332196E-09 0 1
vn -8.232181158973617E-09 0 1
vn -8.232222015180923E-09 0 1
vn -8.23226020685297E-09 0 1
vn -8.232249548711934E-09 0 1
vn -8.232177606259938E-09 0 1
vn -8.232175829903099E-09 0 1
vn -8.232216686110405E-09 0 1
vn -8.232245995998255E-09 0 1
vn -8.232229120608281E-09 0 1
vn -8.232217574288825E-09 0 1
vn -8.23223356150038E-09 0 1
vn -8.232331261126546E-09 0 1
vn -8.232268200458748E-09 0 1
vn -8.232253989604033E-09 0 1
vn -8.223195457901511E-09 0 1
vn 1 0 8.23223267332196E-09
vn -1 0 -8.23223267332196E-09
vn -8.232305503952375E-09 0 1
vn -8.232283299491883E-09 0 1
vn -8.232248660533514E-09 0 1
vn -8.232301951238696E-09 0 1
vn -8.232244219641416E-09 0 1
vn -8.2322300087867E-09 0 1
vn -8.232309944844474E-09 0 1
vn -8.232257542317711E-09 0 1
vn -8.232211357039887E-09 0 1
vn -8.232092341131647E-09 0 1
vn -8.232269088637167E-09 0 1
vn -8.232269976815587E-09 0 1
vn -8.232281523135043E-09 0 1
vn -8.232220238824084E-09 0 1
vn -8.232251325068773E-09 0 1
vn -8.23223089696512E-09 0 1
vn -8.232166948118902E-09 0 1
vn -8.232185599865716E-09 0 1
vn -8.232171389011E-09 0 1
vn -8.232240666927737E-09 0 1
vn -8.232266424101908E-09 0 1
vn -8.232078130276932E-09 0 1
vn -8.23202217503649E-09 0 1
vn -8.232221127002504E-09 0 1
vn -8.23234902469494E-09 0 1
vn -8.232227344251442E-09 0 1
vn -8.23217494172468E-09 0 1
vn -8.232264647745069E-09 0 1
vn -8.232279746778204E-09 0 1
vn -8.232479586922636E-09 0 1
vn -8.232228232429861E-09 0 1
vn -8.23211543377056E-09 0 1
vn -8.232246884176675E-09 0 1
vn -8.232191817114654E-09 0 1
vn -8.232214909753566E-09 0 1
vn -8.23225931867455E-09 0 1
vn -8.232210468861467E-09 0 1
vn -8.232258430496131E-09 0 1
vn -8.23217050083258E-09 0 1
vn -8.232242443284576E-09 0 1
vn -8.232205139790949E-09 0 1
vn -8.232208692504628E-09 0 1
vn -8.232214021575146E-09 0 1
vn -8.232150960907347E-09 0 1
vn -8.232325043877609E-09 0 1
vn -8.232105663807943E-09 0 1
vn -8.232254877782452E-09 0 1
vn -8.232328596591287E-09 0 1
vn -8.23226109503139E-09 0 1
vn -8.232300174881857E-09 0 1
vn -8.2324689287816E-09 0 1
vn -8.232278858599784E-09 0 1
vn -8.23220336343411E-09 0 1
vn -8.232252213247193E-09 0 1
vn -8.232213133396726E-09 0 1
vn -8.232194481649913E-09 0 1
vn -8.232243331462996E-09 0 1
vn -8.232180270795197E-09 0 1
vn -8.232059478530118E-09 0 1
vn -8.232046155853823E-09 0 1
vn -8.232164283583643E-09 0 1
vn -8.232147408193669E-09 0 1
vn -8.232198034363591E-09 0 1
vn -8.232536430341497E-09 0 1
vn -8.232247772355095E-09 0 1
vn -8.232374781869112E-09 0 1
vn -8.23238011093963E-09 0 1
vn -8.232415638076418E-09 0 1
vn -8.232116321948979E-09 0 1
vn -8.232313497558152E-09 0 1
vn -8.232238002392478E-09 0 1
vn -8.23220425161253E-09 0 1
vn -8.23228951674082E-09 0 1
vn -8.23234813651652E-09 0 1
vn -8.23237833458279E-09 0 1
vn -8.232169612654161E-09 0 1
vn -8.232190040757814E-09 0 1
vn -8.23199464150548E-09 0 1
vn -8.23229040491924E-09 0 1
vn -8.232015957787553E-09 0 1
vn -8.232298398525018E-09 0 1
vn -8.232336590197065E-09 0 1
vn -8.232182935330457E-09 0 1
vn -8.232354353765459E-09 0 1
vn -8.23235080105178E-09 0 1
vn -8.232101222915844E-09 0 1
vn -8.232484915993155E-09 0 1
vn -8.232189152579394E-09 0 1
vn -8.232333925661806E-09 0 1
vn -8.23199730604074E-09 0 1
vn -8.232285964027142E-09 0 1
vn -8.232193593471493E-09 0 1
vn -8.232100334737424E-09 0 1
vn -8.232198922542011E-09 0 1
vn -8.232222903359343E-09 0 1
vn -8.232176718081519E-09 0 1
vn -8.232426296217454E-09 0 1
vn -8.232271753172427E-09 0 1
vn -8.232087900239549E-09 0 1
vn -8.232335702018645E-09 0 1
vn -8.232274417707686E-09 0 1
vn -8.232306392130795E-09 0 1
vn -8.232384551831728E-09 0 1
vn -8.232282411313463E-09 0 1
vn -8.232120762841078E-09 0 1
vn -8.232434289823232E-09 0 1
vn -8.232123427376337E-09 0 1
vn -8.23220247525569E-09 0 1
vn -8.23231882662867E-09 0 1
vn -8.232325932056028E-09 0 1
vn -8.232134085517373E-09 0 1
vn -8.232334813840225E-09 0 1
vn -8.232148296372088E-09 0 1
vn -8.232118986484238E-09 0 1
vn -8.232265535923489E-09 0 1
vn -8.232272641350846E-09 0 1
vn -8.23226375956665E-09 0 1
vn -8.232293957632919E-09 0 1
vn -8.232091452953227E-09 0 1
vn -8.232166059940482E-09 0 1
vn -8.232238890570898E-09 0 1
vn -8.232277082242945E-09 0 1
vn -8.232315273914992E-09 0 1
# 1657 vertex normals

g obj_20327113
s 1
f 1//1 2//1 3//1
f 4//2 3//2 5//2
f 6//3 5//3 7//3
f 8//4 7//4 9//4
f 10//5 9//5 11//5
f 12//6 11//6 13//6
f 14//7 13//7 15//7
f 16//8 15//8 17//8
f 18//9 17//9 19//9
f 20//10 19//10 21//10
f 22//11 21//11 23//11
f 24//12 23//12 25//12
f 26//13 25//13 27//13
f 28//14 27//14 29//14
f 30//15 29//15 31//15
f 32//16 31//16 33//16
f 34//17 33//17 35//17
f 36//18 35//18 37//18
f 38//19 37//19 39//19
f 40//20 39//20 2//20
f 2//20 1//20 40//20
f 39//21 40//21 38//21
f 37//22 38//22 36//22
f 35//23 36//23 34//23
f 33//24 34//24 32//24
f 31//25 32//25 30//25
f 29//26 30//26 28//26
f 27//13 28//13 26//13
f 25//27 26//27 24//27
f 23//11 24//11 22//11
f 21//10 22//10 20//10
f 19//28 20//28 18//28
f 17//8 18//8 16//8
f 15//29 16//29 14//29
f 13//30 14//30 12//30
f 11//31 12//31 10//31
f 9//32 10//32 8//32
f 7//3 8//3 6//3
f 5//33 6//33 4//33
f 3//1 4//1 1//1
f 41//34 42//34 43//34
f 42//35 44//35 45//35
f 44//36 46//36 47//36
f 46//37 48//37 49//37
f 48//38 50//38 51//38
f 50//39 52//39 53//39
f 52//40 54//40 55//40
f 54//41 56//41 57//41
f 56//42 58//42 59//42
f 58//43 60//43 61//43
f 60//44 62//44 63//44
f 62//45 64//45 65//45
f 64//46 66//46 67//46
f 66//47 68//47 69//47
f 68//48 70//48 71//48
f 70//49 72//49 73//49
f 72//50 74//50 75//50
f 74//51 76//51 77//51
f 76//52 78//52 79//52
f 80//53 43//53 81//53
f 43//54 45//54 82//54
f 45//55 47//55 83//55
f 47//56 49//56 84//56
f 49//57 51//57 85//57
f 51//58 53//58 86//58
f 53//59 55//59 87//59
f 55//60 57//60 88//60
f 57//61 59//61 89//61
f 59//62 61//62 90//62
f 61//63 63//63 91//63
f 63//64 65//64 92//64
f 65//65 67//65 93//65
f 67//66 69//66 94//66
f 69//67 71//67 95//67
f 71//68 73//68 96//68
f 73//69 75//69 97//69
f 75//70 77//70 98//70
f 77//71 79//71 99//71
f 100//72 81//72 101//72
f 81//73 82//73 102//73
f 82//74 83//74 103//74
f 83//75 84//75 104//75
f 84//76 85//76 105//76
f 85//77 86//77 106//77
f 86//78 87//78 107//78
f 87//79 88//79 108//79
f 88//80 89//80 109//80
f 89//81 90//81 110//81
f 90//82 91//82 111//82
f 91//83 92//83 112//83
f 92//84 93//84 113//84
f 93//85 94//85 114//85
f 94//86 95//86 115//86
f 95//87 96//87 116//87
f 96//88 97//88 117//88
f 97//89 98//89 118//89
f 98//90 99//90 119//90
f 120//91 101//91 121//91
f 101//92 102//92 122//92
f 102//93 103//93 123//93
f 103//94 104//94 124//94
f 104//95 105//95 125//95
f 105//96 106//96 126//96
f 106//97 107//97 127//97
f 107//98 108//98 128//98
f 108//99 109//99 129//99
f 109//100 110//100 130//100
f 110//101 111//101 131//101
f 111//102 112//102 132//102
f 112//103 113//103 133//103
f 113//104 114//104 134//104
f 114//105 115//105 135//105
f 115//106 116//106 136//106
f 116//107 117//107 137//107
f 117//108 118//108 138//108
f 118//109 119//109 139//109
f 140//110 121//110 141//110
f 121//111 122//111 142//111
f 122//112 123//112 143//112
f 123//113 124//113 144//113
f 124//114 125//114 145//114
f 125//115 126//115 146//115
f 126//116 127//116 147//116
f 127//117 128//117 148//117
f 128//118 129//118 149//118
f 129//119 130//119 150//119
f 130//120 131//120 151//120
f 131//121 132//121 152//121
f 132//122 133//122 153//122
f 133//123 134//123 154//123
f 134//124 135//124 155//124
f 135//125 136//125 156//125
f 136//126 137//126 157//126
f 137//127 138//127 158//127
f 138//128 139//128 159//128
f 160//129 141//129 161//129
f 141//130 142//130 162//130
f 142//131 143//131 163//131
f 143//132 144//132 164//132
f 144//133 145//133 165//133
f 145//134 146//134 166//134
f 146//135 147//135 167//135
f 147//136 148//136 168//136
f 148//137 149//137 169//137
f 149//138 150//138 170//138
f 150//139 151//139 171//139
f 151//140 152//140 172//140
f 152//141 153//141 173//141
f 153//142 154//142 174//142
f 154//143 155//143 175//143
f 155//144 156//144 176//144
f 156//145 157//145 177//145
f 157//146 158//146 178//146
f 158//147 159//147 179//147
f 180//148 161//148 181//148
f 161//149 162//149 182//149
f 162//150 163//150 183//150
f 163//151 164//151 184//151
f 164//152 165//152 185//152
f 165//153 166//153 186//153
f 166//154 167//154 187//154
f 167//155 168//155 188//155
f 168//156 169//156 189//156
f 169//157 170//157 190//157
f 170//158 171//158 191//158
f 171//159 172//159 192//159
f 172//160 173//160 193//160
f 173//161 174//161 194//161
f 174//162 175//162 195//162
f 175//163 176//163 196//163
f 176//164 177//164 197//164
f 177//165 178//165 198//165
f 178//166 179//166 199//166
f 200//167 181//167 201//167
f 181//168 182//168 202//168
f 182//169 183//169 203//169
f 183//170 184//170 204//170
f 184//171 185//171 205//171
f 185//172 186//172 206//172
f 186//173 187//173 207//173
f 187//174 188//174 208//174
f 188//175 189//175 209//175
f 189//176 190//176 210//176
f 190//177 191//177 211//177
f 191//178 192//178 212//178
f 192//179 193//179 213//179
f 193//180 194//180 214//180
f 194//181 195//181 215//181
f 195//182 196//182 216//182
f 196//183 197//183 217//183
f 197//184 198//184 218//184
f 198//185 199//185 219//185
f 220//186 201//186 221//186
f 201//187 202//187 222//187
f 202//188 223//188 222//188
f 202//189 203//189 224//189
f 204//190 225//190 226//190
f 226//191 203//191 204//191
f 204//192 205//192 227//192
f 205//193 228//193 227//193
f 205//194 206//194 229//194
f 206//195 207//195 230//195
f 208//196 231//196 232//196
f 232//197 207//197 208//197
f 208//198 209//198 233//198
f 209//199 234//199 233//199
f 209//200 210//200 235//200
f 211//201 236//201 237//201
f 237//202 210//202 211//202
f 211//203 212//203 238//203
f 212//204 239//204 238//204
f 212//205 213//205 240//205
f 213//206 214//206 241//206
f 215//207 242//207 243//207
f 243//208 214//208 215//208
f 215//209 216//209 244//209
f 216//210 245//210 244//210
f 216//211 217//211 246//211
f 218//212 247//212 248//212
f 248//213 217//213 218//213
f 218//214 219//214 249//214
f 250//215 220//215 251//215
f 220//216 250//216 252//216
f 252//217 200//217 220//217
f 253//218 180//218 200//218
f 160//219 180//219 254//219
f 180//220 253//220 254//220
f 160//221 255//221 256//221
f 256//222 140//222 160//222
f 257//223 120//223 140//223
f 100//224 120//224 258//224
f 120//225 257//225 258//225
f 100//226 259//226 260//226
f 260//227 80//227 100//227
f 261//228 41//228 80//228
f 41//229 261//229 262//229
f 262//230 263//230 41//230
f 78//231 263//231 264//231
f 264//232 265//232 78//232
f 78//233 265//233 266//233
f 99//234 79//234 267//234
f 267//235 268//235 99//235
f 79//236 266//236 267//236
f 99//237 268//237 269//237
f 269//238 119//238 99//238
f 119//239 270//239 271//239
f 159//240 139//240 272//240
f 139//241 271//241 272//241
f 159//242 273//242 274//242
f 274//243 179//243 159//243
f 179//244 275//244 276//244
f 219//245 199//245 277//245
f 199//246 276//246 277//246
f 219//247 278//247 279//247
f 279//248 249//248 219//248
f 277//249 278//249 219//249
f 276//244 199//244 179//244
f 274//250 275//250 179//250
f 272//251 273//251 159//251
f 271//239 139//239 119//239
f 269//252 270//252 119//252
f 266//233 79//233 78//233
f 80//228 280//228 261//228
f 260//253 280//253 80//253
f 258//254 259//254 100//254
f 140//223 281//223 257//223
f 256//255 281//255 140//255
f 254//256 255//256 160//256
f 200//218 282//218 253//218
f 252//257 282//257 200//257
f 251//258 283//258 250//258
f 249//214 247//214 218//214
f 248//259 246//259 217//259
f 246//211 245//211 216//211
f 244//260 242//260 215//260
f 243//261 241//261 214//261
f 241//206 240//206 213//206
f 240//205 239//205 212//205
f 238//262 236//262 211//262
f 237//263 235//263 210//263
f 235//264 234//264 209//264
f 233//265 231//265 208//265
f 232//266 230//266 207//266
f 230//195 229//195 206//195
f 229//194 228//194 205//194
f 227//267 225//267 204//267
f 226//268 224//268 203//268
f 224//189 223//189 202//189
f 222//269 221//269 201//269
f 221//186 251//186 220//186
f 219//185 218//185 198//185
f 218//184 217//184 197//184
f 217//183 216//183 196//183
f 216//182 215//182 195//182
f 215//181 214//181 194//181
f 214//180 213//180 193//180
f 213//179 212//179 192//179
f 212//178 211//178 191//178
f 211//177 210//177 190//177
f 210//270 209//270 189//270
f 209//175 208//175 188//175
f 208//174 207//174 187//174
f 207//173 206//173 186//173
f 206//172 205//172 185//172
f 205//171 204//171 184//171
f 204//170 203//170 183//170
f 203//169 202//169 182//169
f 202//168 201//168 181//168
f 201//167 220//167 200//167
f 199//166 198//166 178//166
f 198//165 197//165 177//165
f 197//164 196//164 176//164
f 196//163 195//163 175//163
f 195//162 194//162 174//162
f 194//161 193//161 173//161
f 193//160 192//160 172//160
f 192//159 191//159 171//159
f 191//158 190//158 170//158
f 190//271 189//271 169//271
f 189//156 188//156 168//156
f 188//155 187//155 167//155
f 187//154 186//154 166//154
f 186//153 185//153 165//153
f 185//152 184//152 164//152
f 184//151 183//151 163//151
f 183//150 182//150 162//150
f 182//149 181//149 161//149
f 181//148 200//148 180//148
f 179//147 178//147 158//147
f 178//146 177//146 157//146
f 177//145 176//145 156//145
f 176//144 175//144 155//144
f 175//143 174//143 154//143
f 174//142 173//142 153//142
f 173//141 172//141 152//141
f 172//140 171//140 151//140
f 171//139 170//139 150//139
f 170//272 169//272 149//272
f 169//137 168//137 148//137
f 168//136 167//136 147//136
f 167//135 166//135 146//135
f 166//134 165//134 145//134
f 165//133 164//133 144//133
f 164//132 163//132 143//132
f 163//131 162//131 142//131
f 162//130 161//130 141//130
f 161//129 180//129 160//129
f 159//128 158//128 138//128
f 158//127 157//127 137//127
f 157//126 156//126 136//126
f 156//125 155//125 135//125
f 155//124 154//124 134//124
f 154//123 153//123 133//123
f 153//122 152//122 132//122
f 152//121 151//121 131//121
f 151//120 150//120 130//120
f 150//273 149//273 129//273
f 149//118 148//118 128//118
f 148//117 147//117 127//117
f 147//116 146//116 126//116
f 146//115 145//115 125//115
f 145//114 144//114 124//114
f 144//113 143//113 123//113
f 143//112 142//112 122//112
f 142//111 141//111 121//111
f 141//110 160//110 140//110
f 139//109 138//109 118//109
f 138//108 137//108 117//108
f 137//107 136//107 116//107
f 136//106 135//106 115//106
f 135//105 134//105 114//105
f 134//104 133//104 113//104
f 133//103 132//103 112//103
f 132//102 131//102 111//102
f 131//101 130//101 110//101
f 130//274 129//274 109//274
f 129//99 128//99 108//99
f 128//98 127//98 107//98
f 127//97 126//97 106//97
f 126//96 125//96 105//96
f 125//95 124//95 104//95
f 124//94 123//94 103//94
f 123//93 122//93 102//93
f 122//92 121//92 101//92
f 121//91 140//91 120//91
f 119//90 118//90 98//90
f 118//89 117//89 97//89
f 117//88 116//88 96//88
f 116//87 115//87 95//87
f 115//86 114//86 94//86
f 114//85 113//85 93//85
f 113//84 112//84 92//84
f 112//83 111//83 91//83
f 111//82 110//82 90//82
f 110//275 109//275 89//275
f 109//80 108//80 88//80
f 108//79 107//79 87//79
f 107//78 106//78 86//78
f 106//77 105//77 85//77
f 105//76 104//76 84//76
f 104//75 103//75 83//75
f 103//74 102//74 82//74
f 102//73 101//73 81//73
f 101//72 120//72 100//72
f 99//71 98//71 77//71
f 98//70 97//70 75//70
f 97//69 96//69 73//69
f 96//68 95//68 71//68
f 95//67 94//67 69//67
f 94//66 93//66 67//66
f 93//65 92//65 65//65
f 92//64 91//64 63//64
f 91//63 90//63 61//63
f 90//276 89//276 59//276
f 89//61 88//61 57//61
f 88//60 87//60 55//60
f 87//59 86//59 53//59
f 86//58 85//58 51//58
f 85//57 84//57 49//57
f 84//56 83//56 47//56
f 83//55 82//55 45//55
f 82//54 81//54 43//54
f 81//53 100//53 80//53
f 79//52 77//52 76//52
f 77//51 75//51 74//51
f 75//50 73//50 72//50
f 73//49 71//49 70//49
f 71//48 69//48 68//48
f 69//47 67//47 66//47
f 67//46 65//46 64//46
f 65//45 63//45 62//45
f 63//44 61//44 60//44
f 61//277 59//277 58//277
f 59//42 57//42 56//42
f 57//41 55//41 54//41
f 55//40 53//40 52//40
f 53//39 51//39 50//39
f 51//38 49//38 48//38
f 49//37 47//37 46//37
f 47//36 45//36 44//36
f 45//35 43//35 42//35
f 43//34 80//34 41//34
f 78//278 76//278 263//278
f 76//279 74//279 263//279
f 74//280 72//280 263//280
f 72//281 70//281 263//281
f 70//282 68//282 263//282
f 68//283 66//283 263//283
f 66//284 64//284 263//284
f 64//285 62//285 263//285
f 62//286 60//286 263//286
f 60//287 58//287 263//287
f 58//288 56//288 263//288
f 56//289 54//289 263//289
f 54//290 52//290 263//290
f 52//291 50//291 263//291
f 50//292 48//292 263//292
f 48//293 46//293 263//293
f 46//294 44//294 263//294
f 44//295 42//295 263//295
f 42//296 41//296 263//296
f 284//297 248//297 247//297
f 284//298 285//298 245//298
f 245//298 246//298 284//298
f 285//299 244//299 245//299
f 285//300 286//300 242//300
f 286//301 243//301 242//301
f 287//302 240//302 241//302
f 241//303 286//303 287//303
f 287//304 288//304 239//304
f 288//305 238//305 239//305
f 289//306 237//306 236//306
f 236//307 288//307 289//307
f 289//308 290//308 234//308
f 234//309 235//309 289//309
f 290//310 233//310 234//310
f 290//311 291//311 231//311
f 291//312 232//312 231//312
f 292//313 229//313 230//313
f 230//314 291//314 292//314
f 292//315 293//315 228//315
f 293//316 227//316 228//316
f 294//317 226//317 225//317
f 225//318 293//318 294//318
f 294//319 295//319 223//319
f 223//319 224//319 294//319
f 295//320 222//320 223//320
f 295//321 296//321 221//321
f 251//322 221//322 296//322
f 297//323 283//323 251//323
f 249//324 298//324 299//324
f 299//325 247//325 249//325
f 249//326 279//326 298//326
f 296//327 297//327 251//327
f 221//328 222//328 295//328
f 224//329 226//329 294//329
f 225//330 227//330 293//330
f 228//331 229//331 292//331
f 230//332 232//332 291//332
f 231//333 233//333 290//333
f 235//334 237//334 289//334
f 236//335 238//335 288//335
f 239//336 240//336 287//336
f 241//337 243//337 286//337
f 242//338 244//338 285//338
f 246//339 248//339 284//339
f 247//340 299//340 284//340
f 300//341 252//341 250//341
f 300//342 301//342 253//342
f 253//343 282//343 300//343
f 301//344 254//344 253//344
f 302//345 256//345 255//345
f 255//346 301//346 302//346
f 302//347 303//347 257//347
f 257//348 281//348 302//348
f 303//349 258//349 257//349
f 304//350 260//350 259//350
f 259//351 303//351 304//351
f 305//352 306//352 268//352
f 306//353 269//353 268//353
f 307//354 271//354 270//354
f 307//355 272//355 271//355
f 270//356 306//356 307//356
f 307//357 308//357 273//357
f 308//358 274//358 273//358
f 309//359 276//359 275//359
f 275//360 308//360 309//360
f 309//361 277//361 276//361
f 309//362 310//362 278//362
f 279//363 278//363 310//363
f 283//364 311//364 312//364
f 313//365 261//365 280//365
f 314//366 262//366 261//366
f 261//367 313//367 314//367
f 304//368 315//368 313//368
f 313//369 260//369 304//369
f 314//370 316//370 263//370
f 316//371 264//371 263//371
f 305//372 267//372 317//372
f 316//373 317//373 265//373
f 317//374 267//374 266//374
f 266//375 265//375 317//375
f 265//376 264//376 316//376
f 317//377 318//377 305//377
f 263//378 262//378 314//378
f 280//379 260//379 313//379
f 312//380 250//380 283//380
f 310//381 319//381 279//381
f 278//382 277//382 309//382
f 275//383 274//383 308//383
f 273//384 272//384 307//384
f 270//385 269//385 306//385
f 268//386 267//386 305//386
f 259//387 258//387 303//387
f 281//388 256//388 302//388
f 255//389 254//389 301//389
f 282//390 252//390 300//390
f 250//391 312//391 300//391
f 320//392 318//392 317//392
f 321//393 320//393 322//393
f 323//394 321//394 324//394
f 325//395 323//395 326//395
f 327//396 325//396 328//396
f 315//397 327//397 329//397
f 329//397 313//397 315//397
f 328//398 329//398 327//398
f 326//399 328//399 325//399
f 324//400 326//400 323//400
f 322//393 324//393 321//393
f 317//401 322//401 320//401
f 314//402 328//402 326//402
f 316//403 314//403 324//403
f 314//404 329//404 328//404
f 326//405 324//405 314//405
f 324//406 322//406 316//406
f 322//407 317//407 316//407
f 314//408 313//408 329//408
f 283//409 297//409 330//409
f 331//410 332//410 330//410
f 330//411 297//411 331//411
f 330//409 311//409 283//409
f 333//412 330//412 332//412
f 334//413 333//413 335//413
f 336//414 334//414 337//414
f 338//415 336//415 339//415
f 340//416 338//416 341//416
f 341//417 342//417 340//417
f 339//415 341//415 338//415
f 337//418 339//418 336//418
f 335//413 337//413 334//413
f 332//419 335//419 333//419
f 331//420 297//420 343//420
f 343//420 344//420 331//420
f 295//421 345//421 346//421
f 346//422 296//422 295//422
f 294//423 347//423 348//423
f 348//424 295//424 294//424
f 293//425 349//425 350//425
f 350//426 294//426 293//426
f 293//427 292//427 351//427
f 292//428 352//428 351//428
f 292//429 291//429 353//429
f 291//430 354//430 353//430
f 291//431 290//431 355//431
f 290//432 356//432 355//432
f 290//433 289//433 357//433
f 288//434 358//434 359//434
f 359//435 289//435 288//435
f 287//436 360//436 361//436
f 361//437 288//437 287//437
f 286//438 362//438 363//438
f 363//439 287//439 286//439
f 286//440 285//440 364//440
f 285//441 365//441 364//441
f 285//442 284//442 366//442
f 284//443 367//443 366//443
f 284//444 299//444 368//444
f 299//445 369//445 368//445
f 297//446 296//446 370//446
f 298//447 371//447 369//447
f 369//448 299//448 298//448
f 370//449 343//449 297//449
f 368//450 367//450 284//450
f 366//451 365//451 285//451
f 364//452 362//452 286//452
f 363//453 360//453 287//453
f 361//454 358//454 288//454
f 359//455 357//455 289//455
f 357//456 356//456 290//456
f 355//457 354//457 291//457
f 353//458 352//458 292//458
f 351//459 349//459 293//459
f 350//460 347//460 294//460
f 348//461 345//461 295//461
f 346//462 370//462 296//462
f 372//463 373//463 344//463
f 344//463 343//463 372//463
f 374//464 375//464 367//464
f 375//465 366//465 367//465
f 375//466 376//466 365//466
f 376//467 364//467 365//467
f 377//468 363//468 362//468
f 362//469 376//469 377//469
f 378//470 361//470 360//470
f 360//471 377//471 378//471
f 379//472 359//472 358//472
f 358//473 378//473 379//473
f 379//474 380//474 356//474
f 356//475 357//475 379//475
f 380//476 355//476 356//476
f 380//477 381//477 354//477
f 381//478 353//478 354//478
f 381//479 382//479 352//479
f 382//480 351//480 352//480
f 382//481 383//481 349//481
f 383//482 350//482 349//482
f 384//483 348//483 347//483
f 347//484 383//484 384//484
f 385//485 346//485 345//485
f 345//486 384//486 385//486
f 372//487 343//487 370//487
f 370//488 385//488 372//488
f 386//489 374//489 369//489
f 374//490 368//490 369//490
f 369//491 371//491 386//491
f 370//492 346//492 385//492
f 345//493 348//493 384//493
f 347//494 350//494 383//494
f 349//495 351//495 382//495
f 352//496 353//496 381//496
f 354//497 355//497 380//497
f 357//498 359//498 379//498
f 358//499 361//499 378//499
f 360//500 363//500 377//500
f 362//501 364//501 376//501
f 365//502 366//502 375//502
f 367//503 368//503 374//503
f 387//504 388//504 386//504
f 386//504 371//504 387//504
f 389//505 387//505 371//505
f 371//506 298//506 389//506
f 389//507 298//507 390//507
f 279//508 319//508 390//508
f 390//508 298//508 279//508
f 390//509 391//509 389//509
f 392//510 393//510 394//510
f 395//511 392//511 396//511
f 397//512 395//512 398//512
f 399//513 397//513 400//513
f 390//514 399//514 401//514
f 401//515 391//515 390//515
f 400//516 401//516 399//516
f 398//517 400//517 397//517
f 396//511 398//511 395//511
f 394//518 396//518 392//518
f 402//519 403//519 396//519
f 404//520 405//520 406//520
f 407//521 404//521 408//521
f 389//522 391//522 409//522
f 410//523 401//523 400//523
f 410//524 411//524 391//524
f 396//525 394//525 402//525
f 406//519 412//519 413//519
f 406//526 408//526 404//526
f 408//527 414//527 407//527
f 388//528 415//528 416//528
f 409//529 417//529 389//529
f 391//530 401//530 410//530
f 418//531 410//531 398//531
f 394//532 413//532 402//532
f 406//533 419//533 412//533
f 414//534 420//534 407//534
f 420//535 416//535 421//535
f 388//536 422//536 415//536
f 423//537 388//537 387//537
f 391//402 411//402 409//402
f 398//538 396//538 418//538
f 413//539 394//539 406//539
f 421//540 407//540 420//540
f 388//541 424//541 422//541
f 387//542 389//542 423//542
f 400//543 398//543 410//543
f 405//544 419//544 406//544
f 423//545 424//545 388//545
f 417//546 425//546 389//546
f 416//547 420//547 388//547
f 403//548 418//548 396//548
f 425//549 423//549 389//549
f 426//550 420//550 414//550
f 414//551 427//551 426//551
f 406//552 428//552 429//552
f 408//553 429//553 427//553
f 427//554 414//554 408//554
f 429//552 408//552 406//552
f 406//555 394//555 393//555
f 393//556 428//556 406//556
f 393//557 430//557 428//557
f 418//558 403//558 431//558
f 403//559 402//559 432//559
f 402//560 413//560 433//560
f 413//561 412//561 434//561
f 412//562 419//562 435//562
f 419//563 405//563 436//563
f 405//564 404//564 437//564
f 404//565 407//565 438//565
f 407//566 421//566 439//566
f 421//567 416//567 440//567
f 416//568 415//568 441//568
f 415//569 422//569 442//569
f 422//570 424//570 443//570
f 424//571 423//571 444//571
f 423//572 425//572 445//572
f 425//573 417//573 446//573
f 417//574 409//574 447//574
f 409//575 411//575 448//575
f 411//576 410//576 449//576
f 410//577 418//577 450//577
f 450//577 449//577 410//577
f 449//576 448//576 411//576
f 448//575 447//575 409//575
f 447//574 446//574 417//574
f 446//573 445//573 425//573
f 445//572 444//572 423//572
f 444//571 443//571 424//571
f 443//570 442//570 422//570
f 442//569 441//569 415//569
f 441//568 440//568 416//568
f 440//567 439//567 421//567
f 439//566 438//566 407//566
f 438//565 437//565 404//565
f 437//564 436//564 405//564
f 436//563 435//563 419//563
f 435//562 434//562 412//562
f 434//561 433//561 413//561
f 433//560 432//560 402//560
f 432//559 431//559 403//559
f 431//558 450//558 418//558
f 451//578 452//578 440//578
f 453//579 451//579 441//579
f 454//580 453//580 442//580
f 455//581 454//581 443//581
f 456//582 455//582 444//582
f 457//583 456//583 445//583
f 458//584 457//584 446//584
f 459//585 458//585 447//585
f 460//586 459//586 448//586
f 461//587 460//587 449//587
f 462//588 461//588 450//588
f 463//589 462//589 431//589
f 464//590 463//590 432//590
f 465//591 464//591 433//591
f 466//592 465//592 434//592
f 467//593 466//593 435//593
f 468//594 467//594 436//594
f 469//595 468//595 437//595
f 470//596 469//596 438//596
f 452//597 470//597 439//597
f 439//597 440//597 452//597
f 438//598 439//598 470//598
f 437//595 438//595 469//595
f 436//599 437//599 468//599
f 435//600 436//600 467//600
f 434//601 435//601 466//601
f 433//602 434//602 465//602
f 432//590 433//590 464//590
f 431//603 432//603 463//603
f 450//588 431//588 462//588
f 449//587 450//587 461//587
f 448//604 449//604 460//604
f 447//585 448//585 459//585
f 446//605 447//605 458//605
f 445//24 446//24 457//24
f 444//606 445//606 456//606
f 443//607 444//607 455//607
f 442//580 443//580 454//580
f 441//608 442//608 453//608
f 440//578 441//578 451//578
f 471//609 472//609 470//609
f 472//610 473//610 469//610
f 473//611 474//611 468//611
f 474//612 475//612 467//612
f 475//613 476//613 466//613
f 476//614 477//614 465//614
f 477//615 478//615 464//615
f 478//616 479//616 463//616
f 479//617 480//617 462//617
f 480//618 481//618 461//618
f 481//619 482//619 460//619
f 482//620 483//620 459//620
f 483//621 484//621 458//621
f 484//622 485//622 457//622
f 485//623 486//623 456//623
f 486//624 487//624 455//624
f 487//625 488//625 454//625
f 488//626 489//626 453//626
f 489//627 490//627 451//627
f 490//628 471//628 452//628
f 452//628 451//628 490//628
f 451//627 453//627 489//627
f 453//626 454//626 488//626
f 454//625 455//625 487//625
f 455//624 456//624 486//624
f 456//623 457//623 485//623
f 457//622 458//622 484//622
f 458//621 459//621 483//621
f 459//620 460//620 482//620
f 460//619 461//619 481//619
f 461//618 462//618 480//618
f 462//617 463//617 479//617
f 463//616 464//616 478//616
f 464//615 465//615 477//615
f 465//614 466//614 476//614
f 466//613 467//613 475//613
f 467//612 468//612 474//612
f 468//611 469//611 473//611
f 469//610 470//610 472//610
f 470//609 452//609 471//609
f 491//629 492//629 340//629
f 492//630 493//630 340//630
f 340//631 342//631 491//631
f 494//632 495//632 496//632
f 497//633 496//633 492//633
f 492//633 491//633 497//633
f 496//632 497//632 494//632
f 498//634 495//634 494//634
f 494//634 499//634 498//634
f 500//542 331//542 344//542
f 373//635 499//635 501//635
f 502//636 494//636 497//636
f 503//637 497//637 491//637
f 491//638 342//638 504//638
f 505//639 342//639 341//639
f 506//523 335//523 332//523
f 506//640 339//640 337//640
f 331//529 507//529 508//529
f 373//641 509//641 500//641
f 499//642 510//642 501//642
f 502//643 499//643 494//643
f 491//644 511//644 512//644
f 504//645 513//645 491//645
f 341//646 514//646 505//646
f 337//529 335//529 506//529
f 331//647 515//647 507//647
f 331//648 516//648 517//648
f 501//528 509//528 373//528
f 497//649 503//649 502//649
f 513//650 511//650 491//650
f 341//548 518//548 514//548
f 518//651 341//651 339//651
f 332//652 508//652 519//652
f 517//653 515//653 331//653
f 502//654 510//654 499//654
f 505//655 504//655 342//655
f 332//656 519//656 506//656
f 331//657 500//657 516//657
f 491//530 512//530 503//530
f 508//522 332//522 331//522
f 339//531 506//531 518//531
f 344//542 373//542 500//542
f 518//558 506//558 520//558
f 506//559 519//559 521//559
f 519//560 508//560 522//560
f 508//561 507//561 523//561
f 507//562 515//562 524//562
f 515//563 517//563 525//563
f 517//564 516//564 526//564
f 516//565 500//565 527//565
f 500//566 509//566 528//566
f 509//567 501//567 529//567
f 501//568 510//568 530//568
f 510//569 502//569 531//569
f 502//570 503//570 532//570
f 503//571 512//571 533//571
f 512//572 511//572 534//572
f 511//573 513//573 535//573
f 513//574 504//574 536//574
f 504//575 505//575 537//575
f 505//576 514//576 538//576
f 514//577 518//577 539//577
f 539//577 538//577 514//577
f 538//576 537//576 505//576
f 537//575 536//575 504//575
f 536//574 535//574 513//574
f 535//573 534//573 511//573
f 534//572 533//572 512//572
f 533//571 532//571 503//571
f 532//570 531//570 502//570
f 531//569 530//569 510//569
f 530//568 529//568 501//568
f 529//567 528//567 509//567
f 528//566 527//566 500//566
f 527//565 526//565 516//565
f 526//564 525//564 517//564
f 525//563 524//563 515//563
f 524//562 523//562 507//562
f 523//561 522//561 508//561
f 522//560 521//560 519//560
f 521//559 520//559 506//559
f 520//558 539//558 518//558
f 540//658 541//658 529//658
f 542//659 540//659 530//659
f 543//660 542//660 531//660
f 544//607 543//607 532//607
f 545//606 544//606 533//606
f 546//583 545//583 534//583
f 547//605 546//605 535//605
f 548//661 547//661 536//661
f 549//586 548//586 537//586
f 550//662 549//662 538//662
f 551//663 550//663 539//663
f 552//603 551//603 520//603
f 553//664 552//664 521//664
f 554//602 553//602 522//602
f 555//601 554//601 523//601
f 556//600 555//600 524//600
f 557//599 556//599 525//599
f 558//665 557//665 526//665
f 559//666 558//666 527//666
f 541//667 559//667 528//667
f 528//668 529//668 541//668
f 527//596 528//596 559//596
f 526//665 527//665 558//665
f 525//594 526//594 557//594
f 524//593 525//593 556//593
f 523//592 524//592 555//592
f 522//591 523//591 554//591
f 521//664 522//664 553//664
f 520//669 521//669 552//669
f 539//670 520//670 551//670
f 538//662 539//662 550//662
f 537//671 538//671 549//671
f 536//585 537//585 548//585
f 535//584 536//584 547//584
f 534//583 535//583 546//583
f 533//606 534//606 545//606
f 532//581 533//581 544//581
f 531//660 532//660 543//660
f 530//672 531//672 542//672
f 529//658 530//658 540//658
f 560//609 561//609 559//609
f 561//610 562//610 558//610
f 562//611 563//611 557//611
f 563//612 564//612 556//612
f 564//613 565//613 555//613
f 565//614 566//614 554//614
f 566//615 567//615 553//615
f 567//616 568//616 552//616
f 568//617 569//617 551//617
f 569//618 570//618 550//618
f 570//619 571//619 549//619
f 571//620 572//620 548//620
f 572//621 573//621 547//621
f 573//622 574//622 546//622
f 574//623 575//623 545//623
f 575//624 576//624 544//624
f 576//625 577//625 543//625
f 577//626 578//626 542//626
f 578//627 579//627 540//627
f 579//628 560//628 541//628
f 541//628 540//628 579//628
f 540//627 542//627 578//627
f 542//626 543//626 577//626
f 543//625 544//625 576//625
f 544//624 545//624 575//624
f 545//623 546//623 574//623
f 546//622 547//622 573//622
f 547//621 548//621 572//621
f 548//620 549//620 571//620
f 549//619 550//619 570//619
f 550//618 551//618 569//618
f 551//617 552//617 568//617
f 552//616 553//616 567//616
f 553//615 554//615 566//615
f 554//614 555//614 565//614
f 555//613 556//613 564//613
f 556//612 557//612 563//612
f 557//611 558//611 562//611
f 558//610 559//610 561//610
f 559//609 541//609 560//609
f 386//673 388//673 580//673
f 386//673 581//673 582//673
f 582//673 374//673 386//673
f 583//673 375//673 374//673
f 374//673 582//673 583//673
f 584//673 376//673 375//673
f 585//673 378//673 377//673
f 586//673 379//673 378//673
f 587//673 380//673 379//673
f 372//673 385//673 588//673
f 372//673 589//673 590//673
f 375//673 583//673 584//673
f 591//673 377//673 376//673
f 378//673 585//673 586//673
f 379//673 586//673 587//673
f 592//673 588//673 385//673
f 590//673 373//673 372//673
f 376//673 584//673 591//673
f 587//673 593//673 380//673
f 594//673 595//673 382//673
f 595//673 596//673 383//673
f 596//673 592//673 384//673
f 588//673 589//673 372//673
f 377//673 591//673 585//673
f 593//673 594//673 381//673
f 383//673 382//673 595//673
f 385//673 384//673 592//673
f 381//673 380//673 593//673
f 384//673 383//673 596//673
f 382//673 381//673 594//673
f 420//673 426//673 580//673
f 499//673 373//673 590//673
f 580//673 388//673 420//673
f 580//673 581//673 386//673
f 590//673 498//673 499//673
f 588//674 592//674 597//674
f 592//675 598//675 597//675
f 592//676 596//676 599//676
f 596//677 600//677 599//677
f 595//678 601//678 602//678
f 602//679 596//679 595//679
f 594//680 603//680 604//680
f 604//681 595//681 594//681
f 593//682 605//682 606//682
f 606//683 594//683 593//683
f 587//684 607//684 608//684
f 608//685 593//685 587//685
f 587//686 586//686 609//686
f 586//687 610//687 609//687
f 586//688 585//688 611//688
f 585//689 612//689 611//689
f 585//690 591//690 613//690
f 591//691 614//691 613//691
f 584//692 615//692 616//692
f 616//693 591//693 584//693
f 583//694 617//694 618//694
f 618//695 584//695 583//695
f 582//696 619//696 620//696
f 620//697 583//697 582//697
f 589//698 588//698 621//698
f 588//699 622//699 621//699
f 581//700 623//700 624//700
f 624//701 582//701 581//701
f 624//702 619//702 582//702
f 621//703 625//703 589//703
f 620//704 617//704 583//704
f 618//705 615//705 584//705
f 616//706 614//706 591//706
f 613//707 612//707 585//707
f 611//708 610//708 586//708
f 609//709 607//709 587//709
f 608//710 605//710 593//710
f 606//711 603//711 594//711
f 604//712 601//712 595//712
f 602//713 600//713 596//713
f 599//714 598//714 592//714
f 597//715 622//715 588//715
f 589//716 625//716 626//716
f 626//716 590//716 589//716
f 492//717 574//717 573//717
f 578//718 577//718 496//718
f 569//719 627//719 628//719
f 573//720 629//720 492//720
f 577//721 576//721 492//721
f 496//722 495//722 578//722
f 563//723 590//723 626//723
f 564//724 626//724 627//724
f 630//725 570//725 569//725
f 571//726 570//726 630//726
f 492//727 575//727 574//727
f 492//728 496//728 577//728
f 498//729 579//729 578//729
f 627//730 565//730 564//730
f 627//731 567//731 566//731
f 630//732 629//732 571//732
f 629//733 573//733 572//733
f 576//734 575//734 492//734
f 498//735 560//735 579//735
f 590//736 561//736 560//736
f 590//737 563//737 562//737
f 566//738 565//738 627//738
f 627//739 569//739 568//739
f 572//740 571//740 629//740
f 495//741 498//741 578//741
f 562//742 561//742 590//742
f 568//743 567//743 627//743
f 629//744 493//744 492//744
f 626//745 564//745 563//745
f 560//746 498//746 590//746
f 628//747 630//747 569//747
f 627//748 626//748 625//748
f 625//748 631//748 627//748
f 632//749 628//749 627//749
f 627//750 631//750 632//750
f 633//751 634//751 622//751
f 597//752 635//752 633//752
f 634//753 621//753 622//753
f 636//754 635//754 598//754
f 599//755 637//755 636//755
f 635//756 597//756 598//756
f 602//757 638//757 639//757
f 637//758 599//758 600//758
f 600//759 639//759 637//759
f 604//760 640//760 641//760
f 638//761 602//761 601//761
f 601//762 641//762 638//762
f 606//763 642//763 643//763
f 640//764 604//764 603//764
f 603//765 643//765 640//765
f 608//766 644//766 645//766
f 642//767 606//767 605//767
f 605//768 645//768 642//768
f 644//769 608//769 607//769
f 646//770 607//770 609//770
f 647//771 648//771 610//771
f 609//772 610//772 648//772
f 648//773 649//773 609//773
f 650//774 651//774 612//774
f 611//775 612//775 651//775
f 651//776 647//776 611//776
f 652//777 653//777 614//777
f 613//778 614//778 653//778
f 653//779 650//779 613//779
f 654//780 655//780 615//780
f 616//781 615//781 655//781
f 655//782 652//782 616//782
f 656//783 618//783 617//783
f 617//784 657//784 656//784
f 656//785 654//785 618//785
f 658//786 620//786 619//786
f 619//787 659//787 658//787
f 658//788 657//788 620//788
f 631//789 625//789 621//789
f 659//790 624//790 623//790
f 623//791 660//791 659//791
f 621//792 634//792 631//792
f 619//793 624//793 659//793
f 617//794 620//794 657//794
f 615//795 618//795 654//795
f 614//796 616//796 652//796
f 612//797 613//797 650//797
f 610//798 611//798 647//798
f 609//770 649//770 646//770
f 607//769 646//769 644//769
f 645//799 605//799 608//799
f 643//800 603//800 606//800
f 641//801 601//801 604//801
f 639//802 600//802 602//802
f 598//803 599//803 636//803
f 622//804 597//804 633//804
f 581//805 580//805 661//805
f 661//805 623//805 581//805
f 428//806 430//806 662//806
f 473//807 427//807 429//807
f 662//808 478//808 428//808
f 478//809 477//809 428//809
f 426//729 473//729 472//729
f 473//810 426//810 427//810
f 474//811 429//811 428//811
f 480//812 662//812 663//812
f 482//813 663//813 664//813
f 429//814 474//814 473//814
f 428//815 476//815 475//815
f 662//816 479//816 478//816
f 663//817 481//817 480//817
f 664//818 483//818 482//818
f 665//819 485//819 484//819
f 428//820 475//820 474//820
f 480//821 479//821 662//821
f 664//822 484//822 483//822
f 665//823 486//823 485//823
f 489//824 665//824 661//824
f 477//825 476//825 428//825
f 484//826 664//826 665//826
f 665//827 488//827 487//827
f 580//823 490//823 489//823
f 580//746 426//746 471//746
f 482//828 481//828 663//828
f 665//829 489//829 488//829
f 471//830 490//830 580//830
f 487//831 486//831 665//831
f 472//832 471//832 426//832
f 661//833 580//833 489//833
f 665//834 660//834 623//834
f 623//834 661//834 665//834
f 666//835 660//835 665//835
f 665//835 664//835 666//835
f 636//836 667//836 668//836
f 669//837 633//837 635//837
f 635//838 668//838 669//838
f 637//839 639//839 670//839
f 639//840 671//840 670//840
f 636//841 637//841 672//841
f 672//842 667//842 636//842
f 641//843 673//843 674//843
f 674//844 638//844 641//844
f 671//845 639//845 638//845
f 640//846 643//846 675//846
f 643//847 676//847 675//847
f 673//848 641//848 640//848
f 640//849 677//849 673//849
f 642//850 645//850 678//850
f 645//851 679//851 678//851
f 676//852 643//852 642//852
f 646//853 680//853 681//853
f 681//854 644//854 646//854
f 679//855 645//855 644//855
f 646//856 649//856 682//856
f 649//857 683//857 682//857
f 682//858 680//858 646//858
f 647//859 684//859 685//859
f 685//860 648//860 647//860
f 685//861 683//861 648//861
f 686//862 687//862 650//862
f 650//863 687//863 688//863
f 688//864 651//864 650//864
f 688//865 684//865 651//865
f 653//866 652//866 689//866
f 652//867 690//867 689//867
f 689//868 686//868 653//868
f 656//869 691//869 692//869
f 654//870 692//870 693//870
f 693//871 655//871 654//871
f 693//872 690//872 655//872
f 694//873 695//873 657//873
f 656//874 657//874 695//874
f 695//875 691//875 656//875
f 634//876 633//876 696//876
f 632//877 631//877 634//877
f 633//878 669//878 696//878
f 659//879 666//879 697//879
f 697//880 658//880 659//880
f 659//881 660//881 666//881
f 697//882 694//882 658//882
f 696//883 632//883 634//883
f 657//884 658//884 694//884
f 692//885 654//885 656//885
f 652//886 655//886 690//886
f 650//887 653//887 686//887
f 647//888 651//888 684//888
f 649//889 648//889 683//889
f 681//890 679//890 644//890
f 678//891 676//891 642//891
f 675//892 677//892 640//892
f 674//893 671//893 638//893
f 670//894 672//894 637//894
f 668//895 635//895 636//895
f 698//896 632//896 696//896
f 699//897 700//897 669//897
f 700//898 696//898 669//898
f 699//899 668//899 667//899
f 667//900 701//900 699//900
f 701//901 672//901 670//901
f 702//902 703//902 671//902
f 703//903 670//903 671//903
f 702//904 674//904 673//904
f 673//905 704//905 702//905
f 704//906 677//906 675//906
f 705//907 706//907 676//907
f 706//908 675//908 676//908
f 705//909 678//909 679//909
f 679//910 707//910 705//910
f 707//911 681//911 680//911
f 708//912 680//912 682//912
f 709//913 710//913 683//913
f 710//914 682//914 683//914
f 709//915 685//915 684//915
f 684//916 711//916 709//916
f 711//917 688//917 687//917
f 712//918 713//918 686//918
f 713//919 687//919 686//919
f 712//920 689//920 690//920
f 690//921 714//921 712//921
f 714//922 693//922 692//922
f 715//923 716//923 691//923
f 716//924 692//924 691//924
f 715//925 695//925 694//925
f 694//926 717//926 715//926
f 717//927 697//927 666//927
f 718//928 719//928 720//928
f 720//929 700//929 718//929
f 718//930 700//930 699//930
f 721//931 699//931 701//931
f 722//932 701//932 703//932
f 723//933 703//933 702//933
f 724//934 702//934 704//934
f 725//935 704//935 706//935
f 726//936 706//936 705//936
f 727//937 705//937 707//937
f 728//938 707//938 708//938
f 729//939 708//939 710//939
f 730//940 710//940 709//940
f 731//941 709//941 711//941
f 732//942 711//942 713//942
f 733//943 713//943 712//943
f 734//944 712//944 714//944
f 735//945 714//945 716//945
f 736//946 716//946 715//946
f 737//947 715//947 717//947
f 738//948 717//948 739//948
f 717//949 740//949 739//949
f 718//950 741//950 742//950
f 741//951 718//951 721//951
f 743//952 721//952 722//952
f 744//953 722//953 723//953
f 745//954 723//954 724//954
f 746//955 724//955 725//955
f 747//956 725//956 726//956
f 748//957 726//957 727//957
f 749//958 727//958 728//958
f 750//959 728//959 729//959
f 751//960 729//960 730//960
f 752//961 730//961 731//961
f 753//962 731//962 732//962
f 754//963 732//963 733//963
f 755//964 733//964 734//964
f 756//965 734//965 735//965
f 757//966 735//966 736//966
f 758//967 736//967 737//967
f 759//968 737//968 738//968
f 738//969 760//969 761//969
f 762//970 742//970 741//970
f 763//971 741//971 743//971
f 764//972 743//972 744//972
f 765//973 744//973 745//973
f 766//974 745//974 746//974
f 767//975 746//975 747//975
f 768//976 747//976 748//976
f 769//977 748//977 749//977
f 770//978 749//978 750//978
f 771//979 750//979 751//979
f 772//980 751//980 752//980
f 773//981 752//981 753//981
f 774//982 753//982 754//982
f 775//983 754//983 755//983
f 776//984 755//984 756//984
f 777//985 756//985 757//985
f 778//986 757//986 758//986
f 779//987 758//987 759//987
f 780//988 759//988 781//988
f 782//989 783//989 781//989
f 784//990 785//990 786//990
f 786//991 763//991 784//991
f 784//992 763//992 764//992
f 787//993 764//993 765//993
f 788//994 765//994 766//994
f 789//995 766//995 767//995
f 790//996 767//996 768//996
f 791//997 768//997 769//997
f 792//998 769//998 770//998
f 793//999 770//999 771//999
f 794//1000 771//1000 772//1000
f 795//1001 772//1001 773//1001
f 796//1002 773//1002 774//1002
f 797//1003 774//1003 775//1003
f 798//1004 775//1004 776//1004
f 799//1005 776//1005 777//1005
f 800//1006 777//1006 778//1006
f 801//1007 778//1007 779//1007
f 802//1008 779//1008 780//1008
f 803//1009 780//1009 783//1009
f 804//1010 783//1010 805//1010
f 783//1011 782//1011 805//1011
f 784//1012 806//1012 807//1012
f 806//1013 784//1013 787//1013
f 808//1014 787//1014 788//1014
f 809//1015 788//1015 789//1015
f 810//1016 789//1016 790//1016
f 811//1017 790//1017 791//1017
f 812//1018 791//1018 792//1018
f 813//1019 792//1019 793//1019
f 814//1020 793//1020 794//1020
f 815//1021 794//1021 795//1021
f 816//1022 795//1022 796//1022
f 817//1023 796//1023 797//1023
f 818//1024 797//1024 798//1024
f 819//1025 798//1025 799//1025
f 820//1026 799//1026 800//1026
f 821//1027 800//1027 801//1027
f 822//1028 801//1028 802//1028
f 823//1029 802//1029 803//1029
f 824//1030 803//1030 804//1030
f 804//1031 825//1031 826//1031
f 826//1032 827//1032 804//1032
f 828//1033 807//1033 806//1033
f 829//1034 806//1034 808//1034
f 830//1035 808//1035 809//1035
f 831//1036 809//1036 810//1036
f 832//1037 810//1037 811//1037
f 833//1038 811//1038 812//1038
f 834//1039 812//1039 813//1039
f 835//1040 813//1040 814//1040
f 836//1041 814//1041 815//1041
f 837//1042 815//1042 816//1042
f 838//1043 816//1043 817//1043
f 839//1044 817//1044 818//1044
f 840//1045 818//1045 819//1045
f 841//1046 819//1046 820//1046
f 842//1047 820//1047 821//1047
f 843//1048 821//1048 822//1048
f 844//1049 822//1049 823//1049
f 845//1050 823//1050 824//1050
f 846//1051 824//1051 827//1051
f 847//1052 848//1052 849//1052
f 850//1053 851//1053 852//1053
f 852//1054 829//1054 850//1054
f 850//1055 829//1055 830//1055
f 853//1056 830//1056 831//1056
f 854//1057 831//1057 832//1057
f 855//1058 832//1058 833//1058
f 856//1059 833//1059 834//1059
f 857//1060 834//1060 835//1060
f 858//1061 835//1061 836//1061
f 859//1062 836//1062 837//1062
f 860//1063 837//1063 838//1063
f 861//1064 838//1064 839//1064
f 862//1065 839//1065 840//1065
f 863//1066 840//1066 841//1066
f 864//1067 841//1067 842//1067
f 865//1068 842//1068 843//1068
f 866//1069 843//1069 844//1069
f 867//1070 844//1070 845//1070
f 868//1071 845//1071 846//1071
f 869//1072 846//1072 849//1072
f 870//1073 849//1073 848//1073
f 850//1074 871//1074 872//1074
f 871//1075 850//1075 853//1075
f 873//1076 853//1076 854//1076
f 874//1077 854//1077 855//1077
f 875//1078 855//1078 856//1078
f 876//1079 856//1079 857//1079
f 877//1080 857//1080 858//1080
f 878//1081 858//1081 859//1081
f 879//1082 859//1082 860//1082
f 880//1083 860//1083 861//1083
f 881//1084 861//1084 862//1084
f 882//1085 862//1085 863//1085
f 883//1086 863//1086 864//1086
f 884//1087 864//1087 865//1087
f 885//1088 865//1088 866//1088
f 886//1089 866//1089 867//1089
f 887//1090 867//1090 868//1090
f 888//1091 868//1091 869//1091
f 889//1092 869//1092 870//1092
f 870//1093 890//1093 891//1093
f 892//1094 893//1094 891//1094
f 892//1095 889//1095 893//1095
f 892//1096 888//1096 889//1096
f 892//1097 887//1097 888//1097
f 892//1098 886//1098 887//1098
f 892//1099 885//1099 886//1099
f 892//1100 884//1100 885//1100
f 892//1101 883//1101 884//1101
f 892//1102 882//1102 883//1102
f 892//1103 881//1103 882//1103
f 892//1104 880//1104 881//1104
f 892//1105 879//1105 880//1105
f 892//1106 878//1106 879//1106
f 892//1107 877//1107 878//1107
f 892//1108 876//1108 877//1108
f 892//1109 875//1109 876//1109
f 892//1110 874//1110 875//1110
f 892//1111 873//1111 874//1111
f 892//1112 871//1112 873//1112
f 892//1113 872//1113 871//1113
f 891//1114 893//1114 870//1114
f 870//1092 893//1092 889//1092
f 869//1091 889//1091 888//1091
f 868//1090 888//1090 887//1090
f 867//1089 887//1089 886//1089
f 866//1088 886//1088 885//1088
f 865//1087 885//1087 884//1087
f 864//1086 884//1086 883//1086
f 863//1085 883//1085 882//1085
f 862//1084 882//1084 881//1084
f 861//1083 881//1083 880//1083
f 860//1082 880//1082 879//1082
f 859//1081 879//1081 878//1081
f 858//1080 878//1080 877//1080
f 857//1079 877//1079 876//1079
f 856//1078 876//1078 875//1078
f 855//1077 875//1077 874//1077
f 854//1076 874//1076 873//1076
f 853//1075 873//1075 871//1075
f 872//1115 851//1115 850//1115
f 848//1116 890//1116 870//1116
f 849//1072 870//1072 869//1072
f 846//1071 869//1071 868//1071
f 845//1070 868//1070 867//1070
f 844//1069 867//1069 866//1069
f 843//1068 866//1068 865//1068
f 842//1067 865//1067 864//1067
f 841//1066 864//1066 863//1066
f 840//1065 863//1065 862//1065
f 839//1064 862//1064 861//1064
f 838//1063 861//1063 860//1063
f 837//1062 860//1062 859//1062
f 836//1061 859//1061 858//1061
f 835//1060 858//1060 857//1060
f 834//1059 857//1059 856//1059
f 833//1058 856//1058 855//1058
f 832//1057 855//1057 854//1057
f 831//1056 854//1056 853//1056
f 830//1055 853//1055 850//1055
f 852//1117 828//1117 829//1117
f 849//1118 827//1118 847//1118
f 827//1051 849//1051 846//1051
f 824//1050 846//1050 845//1050
f 823//1049 845//1049 844//1049
f 822//1048 844//1048 843//1048
f 821//1047 843//1047 842//1047
f 820//1046 842//1046 841//1046
f 819//1045 841//1045 840//1045
f 818//1044 840//1044 839//1044
f 817//1043 839//1043 838//1043
f 816//1042 838//1042 837//1042
f 815//1041 837//1041 836//1041
f 814//1040 836//1040 835//1040
f 813//1039 835//1039 834//1039
f 812//1038 834//1038 833//1038
f 811//1037 833//1037 832//1037
f 810//1036 832//1036 831//1036
f 809//1035 831//1035 830//1035
f 808//1034 830//1034 829//1034
f 806//1119 829//1119 828//1119
f 826//1120 847//1120 827//1120
f 804//1030 827//1030 824//1030
f 803//1029 824//1029 823//1029
f 802//1028 823//1028 822//1028
f 801//1027 822//1027 821//1027
f 800//1026 821//1026 820//1026
f 799//1025 820//1025 819//1025
f 798//1024 819//1024 818//1024
f 797//1023 818//1023 817//1023
f 796//1022 817//1022 816//1022
f 795//1021 816//1021 815//1021
f 794//1020 815//1020 814//1020
f 793//1019 814//1019 813//1019
f 792//1018 813//1018 812//1018
f 791//1017 812//1017 811//1017
f 790//1016 811//1016 810//1016
f 789//1015 810//1015 809//1015
f 788//1014 809//1014 808//1014
f 787//1013 808//1013 806//1013
f 807//1121 785//1121 784//1121
f 805//1122 825//1122 804//1122
f 783//1009 804//1009 803//1009
f 780//1008 803//1008 802//1008
f 779//1007 802//1007 801//1007
f 778//1006 801//1006 800//1006
f 777//1005 800//1005 799//1005
f 776//1004 799//1004 798//1004
f 775//1003 798//1003 797//1003
f 774//1002 797//1002 796//1002
f 773//1001 796//1001 795//1001
f 772//1000 795//1000 794//1000
f 771//999 794//999 793//999
f 770//998 793//998 792//998
f 769//997 792//997 791//997
f 768//996 791//996 790//996
f 767//995 790//995 789//995
f 766//994 789//994 788//994
f 765//993 788//993 787//993
f 764//992 787//992 784//992
f 786//1123 762//1123 763//1123
f 781//1124 761//1124 782//1124
f 781//988 783//988 780//988
f 759//987 780//987 779//987
f 758//986 779//986 778//986
f 757//985 778//985 777//985
f 756//984 777//984 776//984
f 755//983 776//983 775//983
f 754//982 775//982 774//982
f 753//981 774//981 773//981
f 752//980 773//980 772//980
f 751//979 772//979 771//979
f 750//978 771//978 770//978
f 749//977 770//977 769//977
f 748//976 769//976 768//976
f 747//975 768//975 767//975
f 746//974 767//974 766//974
f 745//973 766//973 765//973
f 744//972 765//972 764//972
f 743//971 764//971 763//971
f 741//1125 763//1125 762//1125
f 761//1126 781//1126 738//1126
f 738//968 781//968 759//968
f 737//967 759//967 758//967
f 736//966 758//966 757//966
f 735//965 757//965 756//965
f 734//964 756//964 755//964
f 733//963 755//963 754//963
f 732//962 754//962 753//962
f 731//961 753//961 752//961
f 730//960 752//960 751//960
f 729//959 751//959 750//959
f 728//958 750//958 749//958
f 727//957 749//957 748//957
f 726//956 748//956 747//956
f 725//955 747//955 746//955
f 724//954 746//954 745//954
f 723//953 745//953 744//953
f 722//952 744//952 743//952
f 721//951 743//951 741//951
f 742//1127 719//1127 718//1127
f 739//1128 760//1128 738//1128
f 717//947 738//947 737//947
f 715//946 737//946 736//946
f 716//945 736//945 735//945
f 714//944 735//944 734//944
f 712//943 734//943 733//943
f 713//942 733//942 732//942
f 711//941 732//941 731//941
f 709//940 731//940 730//940
f 710//939 730//939 729//939
f 708//938 729//938 728//938
f 707//937 728//937 727//937
f 705//936 727//936 726//936
f 706//935 726//935 725//935
f 704//934 725//934 724//934
f 702//933 724//933 723//933
f 703//932 723//932 722//932
f 701//931 722//931 721//931
f 699//930 721//930 718//930
f 720//1129 698//1129 700//1129
f 666//927 740//927 717//927
f 694//1130 697//1130 717//1130
f 691//1131 695//1131 715//1131
f 692//922 716//922 714//922
f 690//1132 693//1132 714//1132
f 686//1133 689//1133 712//1133
f 687//917 713//917 711//917
f 684//1134 688//1134 711//1134
f 683//1135 685//1135 709//1135
f 682//912 710//912 708//912
f 680//911 708//911 707//911
f 679//1136 681//1136 707//1136
f 676//1137 678//1137 705//1137
f 675//906 706//906 704//906
f 673//1138 677//1138 704//1138
f 671//1139 674//1139 702//1139
f 670//901 703//901 701//901
f 667//1140 672//1140 701//1140
f 669//1141 668//1141 699//1141
f 696//896 700//896 698//896
f 825//1142 894//1142 895//1142
f 895//1143 826//1143 825//1143
f 825//1144 805//1144 894//1144
f 805//1145 896//1145 894//1145
f 805//1146 897//1146 898//1146
f 805//1147 899//1147 897//1147
f 900//1148 901//1148 902//1148
f 902//1149 805//1149 900//1149
f 900//1150 903//1150 901//1150
f 900//1151 904//1151 905//1151
f 905//1152 906//1152 900//1152
f 906//1153 903//1153 900//1153
f 902//1154 899//1154 805//1154
f 900//1155 907//1155 904//1155
f 898//1156 908//1156 805//1156
f 900//1157 909//1157 910//1157
f 910//1158 907//1158 900//1158
f 908//1159 896//1159 805//1159
f 911//1160 848//1160 847//1160
f 847//1161 912//1161 911//1161
f 911//1162 913//1162 890//1162
f 913//1163 891//1163 890//1163
f 914//1164 892//1164 891//1164
f 915//1165 872//1165 892//1165
f 916//1166 852//1166 851//1166
f 851//1167 915//1167 916//1167
f 917//1168 807//1168 828//1168
f 828//1169 916//1169 917//1169
f 918//1170 919//1170 920//1170
f 918//1171 921//1171 922//1171
f 918//1172 923//1172 921//1172
f 918//1173 924//1173 925//1173
f 786//1174 926//1174 924//1174
f 924//1173 918//1173 786//1173
f 925//1175 923//1175 918//1175
f 786//1176 927//1176 928//1176
f 928//1177 929//1177 786//1177
f 929//1178 926//1178 786//1178
f 786//1179 930//1179 927//1179
f 922//1180 931//1180 918//1180
f 807//1181 917//1181 932//1181
f 932//1182 786//1182 785//1182
f 932//1183 785//1183 807//1183
f 932//1184 933//1184 786//1184
f 933//1185 930//1185 786//1185
f 931//1186 919//1186 918//1186
f 742//1187 762//1187 493//1187
f 493//1188 629//1188 742//1188
f 918//1189 340//1189 493//1189
f 493//1190 786//1190 918//1190
f 629//1191 630//1191 719//1191
f 630//1192 720//1192 719//1192
f 628//1193 632//1193 698//1193
f 698//1194 630//1194 628//1194
f 664//1195 663//1195 740//1195
f 663//1196 739//1196 740//1196
f 662//1197 761//1197 760//1197
f 760//1198 663//1198 662//1198
f 900//1199 805//1199 430//1199
f 761//1200 662//1200 430//1200
f 430//1201 805//1201 782//1201
f 430//1202 782//1202 761//1202
f 430//1203 393//1203 900//1203
f 760//1204 739//1204 663//1204
f 740//1205 666//1205 664//1205
f 698//1206 720//1206 630//1206
f 719//1207 742//1207 629//1207
f 762//1208 786//1208 493//1208
f 920//1209 934//1209 918//1209
f 828//1210 852//1210 916//1210
f 851//1211 872//1211 915//1211
f 892//1212 914//1212 915//1212
f 891//1213 913//1213 914//1213
f 890//1214 848//1214 911//1214
f 847//1215 826//1215 912//1215
f 895//1216 912//1216 826//1216
f 935//1217 902//1217 901//1217
f 901//1217 936//1217 935//1217
f 924//749 937//749 938//749
f 938//749 925//749 924//749
f 939//1218 940//1218 895//1218
f 941//1219 939//1219 894//1219
f 942//1220 941//1220 896//1220
f 943//1221 942//1221 908//1221
f 908//1222 898//1222 943//1222
f 935//1223 943//1223 897//1223
f 897//1224 899//1224 935//1224
f 899//1225 902//1225 935//1225
f 898//1226 897//1226 943//1226
f 896//1220 908//1220 942//1220
f 894//1219 896//1219 941//1219
f 895//1218 894//1218 939//1218
f 944//1227 945//1227 946//1227
f 947//1228 946//1228 948//1228
f 949//1229 948//1229 950//1229
f 951//1230 950//1230 952//1230
f 953//1231 952//1231 954//1231
f 955//1232 954//1232 956//1232
f 957//1233 956//1233 940//1233
f 958//1234 944//1234 947//1234
f 959//1235 947//1235 949//1235
f 960//1236 949//1236 951//1236
f 961//1237 951//1237 953//1237
f 962//1238 953//1238 955//1238
f 963//1239 955//1239 957//1239
f 964//1240 957//1240 939//1240
f 965//1241 958//1241 959//1241
f 966//1242 959//1242 960//1242
f 967//1243 960//1243 961//1243
f 968//1244 961//1244 962//1244
f 969//1245 962//1245 963//1245
f 970//1246 963//1246 964//1246
f 971//1247 964//1247 941//1247
f 972//1248 965//1248 966//1248
f 973//1249 966//1249 967//1249
f 974//1250 967//1250 968//1250
f 975//1251 968//1251 969//1251
f 976//1252 969//1252 970//1252
f 977//1253 970//1253 971//1253
f 978//1254 971//1254 942//1254
f 979//1255 972//1255 973//1255
f 974//1256 980//1256 981//1256
f 981//1257 973//1257 974//1257
f 974//1258 975//1258 982//1258
f 975//1259 983//1259 982//1259
f 983//1260 975//1260 976//1260
f 977//1261 984//1261 985//1261
f 985//1262 976//1262 977//1262
f 977//1263 978//1263 986//1263
f 978//1264 987//1264 986//1264
f 987//1265 978//1265 943//1265
f 943//1265 935//1265 987//1265
f 986//1266 984//1266 977//1266
f 985//1267 988//1267 976//1267
f 976//1260 988//1260 983//1260
f 982//1268 980//1268 974//1268
f 981//1269 989//1269 973//1269
f 973//1255 989//1255 979//1255
f 942//1254 943//1254 978//1254
f 971//1253 978//1253 977//1253
f 970//1252 977//1252 976//1252
f 969//1251 976//1251 975//1251
f 968//1250 975//1250 974//1250
f 967//1249 974//1249 973//1249
f 966//1248 973//1248 972//1248
f 941//1247 942//1247 971//1247
f 964//1246 971//1246 970//1246
f 963//1245 970//1245 969//1245
f 962//1244 969//1244 968//1244
f 961//1243 968//1243 967//1243
f 960//1242 967//1242 966//1242
f 959//1241 966//1241 965//1241
f 939//1240 941//1240 964//1240
f 957//1239 964//1239 963//1239
f 955//1238 963//1238 962//1238
f 953//1237 962//1237 961//1237
f 951//1236 961//1236 960//1236
f 949//1235 960//1235 959//1235
f 947//1234 959//1234 958//1234
f 940//1233 939//1233 957//1233
f 956//1232 957//1232 955//1232
f 954//1231 955//1231 953//1231
f 952//1230 953//1230 951//1230
f 950//1229 951//1229 949//1229
f 948//1228 949//1228 947//1228
f 946//1227 947//1227 944//1227
f 937//1270 926//1270 929//1270
f 937//1271 924//1271 926//1271
f 990//1272 928//1272 927//1272
f 990//1273 929//1273 928//1273
f 991//1274 927//1274 930//1274
f 992//1275 930//1275 933//1275
f 993//1276 933//1276 932//1276
f 932//1276 994//1276 993//1276
f 933//1275 993//1275 992//1275
f 930//1274 992//1274 991//1274
f 927//1277 991//1277 990//1277
f 929//1278 990//1278 937//1278
f 993//1279 994//1279 995//1279
f 996//1280 995//1280 997//1280
f 998//1281 997//1281 999//1281
f 1000//1282 999//1282 1001//1282
f 1002//1283 1001//1283 1003//1283
f 1004//1284 1003//1284 1005//1284
f 1006//1285 1005//1285 1007//1285
f 992//1286 993//1286 996//1286
f 1008//1287 996//1287 998//1287
f 1009//1288 998//1288 1000//1288
f 1010//1289 1000//1289 1002//1289
f 1011//1290 1002//1290 1004//1290
f 1012//1291 1004//1291 1006//1291
f 1013//1292 1006//1292 1014//1292
f 991//1293 992//1293 1008//1293
f 1015//1294 1008//1294 1009//1294
f 1016//1295 1009//1295 1010//1295
f 1017//1296 1010//1296 1011//1296
f 1018//1297 1011//1297 1012//1297
f 1019//1298 1012//1298 1013//1298
f 1020//1299 1013//1299 1021//1299
f 990//1300 991//1300 1015//1300
f 1022//1301 1015//1301 1016//1301
f 1023//1302 1016//1302 1017//1302
f 1024//1303 1017//1303 1018//1303
f 1025//1304 1018//1304 1019//1304
f 1026//1305 1019//1305 1020//1305
f 1027//1306 1020//1306 1028//1306
f 937//1307 990//1307 1022//1307
f 1023//1308 1029//1308 1030//1308
f 1030//1309 1022//1309 1023//1309
f 1023//1310 1024//1310 1031//1310
f 1024//1311 1032//1311 1031//1311
f 1032//1312 1024//1312 1025//1312
f 1026//1313 1033//1313 1034//1313
f 1034//1314 1025//1314 1026//1314
f 1026//1315 1027//1315 1035//1315
f 1027//1316 1036//1316 1035//1316
f 1036//1317 1027//1317 1037//1317
f 1037//1317 1038//1317 1036//1317
f 1035//1318 1033//1318 1026//1318
f 1034//1319 1039//1319 1025//1319
f 1025//1312 1039//1312 1032//1312
f 1031//1320 1029//1320 1023//1320
f 1030//1321 1040//1321 1022//1321
f 1022//1307 1040//1307 937//1307
f 1028//1306 1037//1306 1027//1306
f 1020//1305 1027//1305 1026//1305
f 1019//1304 1026//1304 1025//1304
f 1018//1303 1025//1303 1024//1303
f 1017//1302 1024//1302 1023//1302
f 1016//1301 1023//1301 1022//1301
f 1015//1300 1022//1300 990//1300
f 1021//1299 1028//1299 1020//1299
f 1013//1298 1020//1298 1019//1298
f 1012//1297 1019//1297 1018//1297
f 1011//1296 1018//1296 1017//1296
f 1010//1295 1017//1295 1016//1295
f 1009//1294 1016//1294 1015//1294
f 1008//1293 1015//1293 991//1293
f 1014//1292 1021//1292 1013//1292
f 1006//1291 1013//1291 1012//1291
f 1004//1290 1012//1290 1011//1290
f 1002//1289 1011//1289 1010//1289
f 1000//1288 1010//1288 1009//1288
f 998//1287 1009//1287 1008//1287
f 996//1286 1008//1286 992//1286
f 1007//1285 1014//1285 1006//1285
f 1005//1284 1006//1284 1004//1284
f 1003//1283 1004//1283 1002//1283
f 1001//1282 1002//1282 1000//1282
f 999//1281 1000//1281 998//1281
f 997//1280 998//1280 996//1280
f 995//1279 996//1279 993//1279
f 1007//1322 945//1322 944//1322
f 1014//1323 944//1323 958//1323
f 1021//1324 958//1324 965//1324
f 1028//1325 965//1325 972//1325
f 1037//1326 972//1326 979//1326
f 979//1326 1038//1326 1037//1326
f 972//1325 1037//1325 1028//1325
f 965//1327 1028//1327 1021//1327
f 958//1328 1021//1328 1014//1328
f 944//1322 1014//1322 1007//1322
f 979//1329 1041//1329 1042//1329
f 1042//1329 1038//1329 979//1329
f 986//1330 987//1330 1043//1330
f 936//1331 1043//1331 987//1331
f 987//1331 935//1331 936//1331
f 1044//1332 985//1332 984//1332
f 986//1333 1045//1333 1046//1333
f 1046//1334 984//1334 986//1334
f 1044//1335 1047//1335 988//1335
f 1048//1336 1049//1336 982//1336
f 1048//1337 983//1337 988//1337
f 988//1338 1047//1338 1048//1338
f 982//1339 983//1339 1048//1339
f 1050//1340 1051//1340 981//1340
f 980//1341 982//1341 1049//1341
f 1049//1341 1050//1341 980//1341
f 979//1342 989//1342 1052//1342
f 989//1343 981//1343 1051//1343
f 1051//1343 1052//1343 989//1343
f 1052//1344 1041//1344 979//1344
f 981//1340 980//1340 1050//1340
f 988//1335 985//1335 1044//1335
f 984//1332 1046//1332 1044//1332
f 1043//1345 1045//1345 986//1345
f 936//1346 903//1346 906//1346
f 936//1347 901//1347 903//1347
f 1053//1348 905//1348 904//1348
f 1053//1349 906//1349 905//1349
f 1054//1350 904//1350 907//1350
f 1055//1351 907//1351 910//1351
f 1056//1352 910//1352 909//1352
f 909//1352 1057//1352 1056//1352
f 910//1351 1056//1351 1055//1351
f 907//1350 1055//1350 1054//1350
f 904//1353 1054//1353 1053//1353
f 906//1354 1053//1354 936//1354
f 1056//1355 1057//1355 1058//1355
f 1059//1356 1058//1356 1060//1356
f 1061//1357 1060//1357 1062//1357
f 1063//1358 1062//1358 1064//1358
f 1065//1359 1064//1359 1066//1359
f 1067//1360 1066//1360 1068//1360
f 1069//1361 1068//1361 1070//1361
f 1055//1362 1056//1362 1059//1362
f 1071//1363 1059//1363 1061//1363
f 1072//1364 1061//1364 1063//1364
f 1073//1365 1063//1365 1065//1365
f 1074//1366 1065//1366 1067//1366
f 1075//1367 1067//1367 1069//1367
f 1076//1368 1069//1368 1077//1368
f 1054//1369 1055//1369 1071//1369
f 1078//1370 1071//1370 1072//1370
f 1079//1371 1072//1371 1073//1371
f 1080//1372 1073//1372 1074//1372
f 1081//1373 1074//1373 1075//1373
f 1082//1374 1075//1374 1076//1374
f 1083//1375 1076//1375 1084//1375
f 1053//1376 1054//1376 1078//1376
f 1085//1377 1078//1377 1079//1377
f 1086//1378 1079//1378 1080//1378
f 1087//1379 1080//1379 1081//1379
f 1088//1380 1081//1380 1082//1380
f 1089//1381 1082//1381 1083//1381
f 1090//1382 1083//1382 1091//1382
f 936//1383 1053//1383 1085//1383
f 1086//1384 1046//1384 1045//1384
f 1045//1385 1085//1385 1086//1385
f 1086//1386 1087//1386 1044//1386
f 1087//1387 1047//1387 1044//1387
f 1047//1388 1087//1388 1088//1388
f 1089//1389 1050//1389 1049//1389
f 1049//1390 1088//1390 1089//1390
f 1089//1391 1090//1391 1051//1391
f 1090//1392 1052//1392 1051//1392
f 1052//1393 1090//1393 1092//1393
f 1092//1393 1041//1393 1052//1393
f 1051//1394 1050//1394 1089//1394
f 1049//1395 1048//1395 1088//1395
f 1088//1388 1048//1388 1047//1388
f 1044//1396 1046//1396 1086//1396
f 1045//1397 1043//1397 1085//1397
f 1085//1383 1043//1383 936//1383
f 1091//1382 1092//1382 1090//1382
f 1083//1381 1090//1381 1089//1381
f 1082//1380 1089//1380 1088//1380
f 1081//1379 1088//1379 1087//1379
f 1080//1378 1087//1378 1086//1378
f 1079//1377 1086//1377 1085//1377
f 1078//1376 1085//1376 1053//1376
f 1084//1375 1091//1375 1083//1375
f 1076//1374 1083//1374 1082//1374
f 1075//1373 1082//1373 1081//1373
f 1074//1372 1081//1372 1080//1372
f 1073//1371 1080//1371 1079//1371
f 1072//1370 1079//1370 1078//1370
f 1071//1369 1078//1369 1054//1369
f 1077//1368 1084//1368 1076//1368
f 1069//1367 1076//1367 1075//1367
f 1067//1366 1075//1366 1074//1366
f 1065//1365 1074//1365 1073//1365
f 1063//1364 1073//1364 1072//1364
f 1061//1363 1072//1363 1071//1363
f 1059//1362 1071//1362 1055//1362
f 1070//1361 1077//1361 1069//1361
f 1068//1360 1069//1360 1067//1360
f 1066//1359 1067//1359 1065//1359
f 1064//1358 1065//1358 1063//1358
f 1062//1357 1063//1357 1061//1357
f 1060//1356 1061//1356 1059//1356
f 1058//1355 1059//1355 1056//1355
f 1093//1398 1040//1398 1030//1398
f 1040//1399 1093//1399 938//1399
f 938//1400 937//1400 1040//1400
f 1031//1401 1094//1401 1095//1401
f 1096//1402 1030//1402 1029//1402
f 1029//1207 1095//1207 1096//1207
f 1097//1403 1039//1403 1034//1403
f 1032//1404 1098//1404 1094//1404
f 1098//1405 1032//1405 1039//1405
f 1039//8 1097//8 1098//8
f 1094//1406 1031//1406 1032//1406
f 1035//1407 1099//1407 1100//1407
f 1101//1408 1034//1408 1033//1408
f 1033//1409 1100//1409 1101//1409
f 1038//1410 1042//1410 1102//1410
f 1036//1411 1102//1411 1099//1411
f 1099//1412 1035//1412 1036//1412
f 1102//1410 1036//1410 1038//1410
f 1100//1413 1033//1413 1035//1413
f 1034//1414 1101//1414 1097//1414
f 1095//1415 1029//1415 1031//1415
f 1030//1398 1096//1398 1093//1398
f 1070//1416 1103//1416 1104//1416
f 1077//1417 1104//1417 1105//1417
f 1084//1418 1105//1418 1106//1418
f 1091//1419 1106//1419 1107//1419
f 1092//1420 1107//1420 1042//1420
f 1042//1420 1041//1420 1092//1420
f 1107//1419 1092//1419 1091//1419
f 1106//1418 1091//1418 1084//1418
f 1105//1417 1084//1417 1077//1417
f 1104//1416 1077//1416 1070//1416
f 1104//1421 1103//1421 1108//1421
f 1109//1422 1108//1422 1110//1422
f 1111//1423 1110//1423 1112//1423
f 1113//1424 1112//1424 1114//1424
f 1115//1425 1114//1425 1116//1425
f 1117//1426 1116//1426 1118//1426
f 1119//1427 1118//1427 1120//1427
f 1105//1428 1104//1428 1109//1428
f 1121//1429 1109//1429 1111//1429
f 1122//1430 1111//1430 1113//1430
f 1123//1431 1113//1431 1115//1431
f 1124//1432 1115//1432 1117//1432
f 1125//1433 1117//1433 1119//1433
f 1126//1434 1119//1434 1127//1434
f 1106//1435 1105//1435 1121//1435
f 1128//1436 1121//1436 1122//1436
f 1129//1437 1122//1437 1123//1437
f 1130//1438 1123//1438 1124//1438
f 1131//1439 1124//1439 1125//1439
f 1132//1440 1125//1440 1126//1440
f 1133//1441 1126//1441 1134//1441
f 1107//1442 1106//1442 1128//1442
f 1135//1443 1128//1443 1129//1443
f 1136//1444 1129//1444 1130//1444
f 1137//1445 1130//1445 1131//1445
f 1138//1446 1131//1446 1132//1446
f 1139//1447 1132//1447 1133//1447
f 1140//1448 1133//1448 1141//1448
f 1042//1449 1107//1449 1135//1449
f 1136//1450 1100//1450 1099//1450
f 1099//1451 1135//1451 1136//1451
f 1136//1452 1137//1452 1101//1452
f 1137//1453 1097//1453 1101//1453
f 1097//1454 1137//1454 1138//1454
f 1139//1455 1095//1455 1094//1455
f 1094//1456 1138//1456 1139//1456
f 1139//1457 1140//1457 1096//1457
f 1140//1458 1093//1458 1096//1458
f 1093//1459 1140//1459 1142//1459
f 1142//1459 938//1459 1093//1459
f 1096//1460 1095//1460 1139//1460
f 1094//1461 1098//1461 1138//1461
f 1138//1454 1098//1454 1097//1454
f 1101//1462 1100//1462 1136//1462
f 1099//1463 1102//1463 1135//1463
f 1135//1449 1102//1449 1042//1449
f 1141//1448 1142//1448 1140//1448
f 1133//1447 1140//1447 1139//1447
f 1132//1446 1139//1446 1138//1446
f 1131//1445 1138//1445 1137//1445
f 1130//1444 1137//1444 1136//1444
f 1129//1443 1136//1443 1135//1443
f 1128//1442 1135//1442 1107//1442
f 1134//1441 1141//1441 1133//1441
f 1126//1440 1133//1440 1132//1440
f 1125//1439 1132//1439 1131//1439
f 1124//1438 1131//1438 1130//1438
f 1123//1437 1130//1437 1129//1437
f 1122//1436 1129//1436 1128//1436
f 1121//1435 1128//1435 1106//1435
f 1127//1434 1134//1434 1126//1434
f 1119//1433 1126//1433 1125//1433
f 1117//1432 1125//1432 1124//1432
f 1115//1431 1124//1431 1123//1431
f 1113//1430 1123//1430 1122//1430
f 1111//1429 1122//1429 1121//1429
f 1109//1428 1121//1428 1105//1428
f 1120//1427 1127//1427 1119//1427
f 1118//1426 1119//1426 1117//1426
f 1116//1425 1117//1425 1115//1425
f 1114//1424 1115//1424 1113//1424
f 1112//1423 1113//1423 1111//1423
f 1110//1422 1111//1422 1109//1422
f 1108//1421 1109//1421 1104//1421
f 1127//1464 1120//1464 934//1464
f 1134//1465 1127//1465 920//1465
f 1141//1466 1134//1466 919//1466
f 1142//1467 1141//1467 931//1467
f 931//1468 922//1468 1142//1468
f 938//1469 1142//1469 921//1469
f 921//1470 923//1470 938//1470
f 923//1471 925//1471 938//1471
f 922//1472 921//1472 1142//1472
f 919//1466 931//1466 1141//1466
f 920//1465 919//1465 1134//1465
f 934//1464 920//1464 1127//1464
f 311//1473 330//1473 333//1473
f 336//1474 312//1474 311//1474
f 311//1475 334//1475 336//1475
f 312//541 336//541 338//541
f 338//545 300//545 312//545
f 300//1476 338//1476 340//1476
f 340//1477 301//1477 300//1477
f 918//1478 302//1478 301//1478
f 1143//1479 304//1479 303//1479
f 1143//1480 327//1480 315//1480
f 301//1481 340//1481 918//1481
f 934//1482 303//1482 302//1482
f 395//1483 397//1483 319//1483
f 319//1484 397//1484 399//1484
f 315//1485 304//1485 1143//1485
f 302//1478 918//1478 934//1478
f 310//1486 309//1486 392//1486
f 399//1487 390//1487 319//1487
f 1144//1488 1066//1488 1064//1488
f 1144//643 1070//643 1068//643
f 1145//1489 1110//1489 1108//1489
f 333//524 334//524 311//524
f 909//1490 900//1490 307//1490
f 900//1473 393//1473 308//1473
f 309//546 308//546 393//546
f 319//1478 310//1478 395//1478
f 1068//1491 1066//1491 1144//1491
f 1145//1492 1103//1492 1070//1492
f 1145//1493 1112//1493 1110//1493
f 1146//1494 1060//1494 1058//1494
f 1060//1495 1146//1495 1144//1495
f 1143//1496 325//1496 327//1496
f 1143//1497 1146//1497 323//1497
f 308//1490 307//1490 900//1490
f 392//1498 395//1498 310//1498
f 1146//1499 305//1499 318//1499
f 1146//1485 909//1485 306//1485
f 1070//1497 1144//1497 1145//1497
f 1145//1500 1114//1500 1112//1500
f 1144//1495 1062//1495 1060//1495
f 323//1478 325//1478 1143//1478
f 1146//1501 320//1501 321//1501
f 393//1502 392//1502 309//1502
f 306//1503 305//1503 1146//1503
f 1108//1504 1103//1504 1145//1504
f 1058//1505 1057//1505 1146//1505
f 321//1506 323//1506 1146//1506
f 318//1507 320//1507 1146//1507
f 1116//1508 1114//1508 1145//1508
f 1143//1505 1120//1505 1118//1505
f 1057//1505 909//1505 1146//1505
f 307//1509 306//1509 909//1509
f 1118//1510 1116//1510 1143//1510
f 303//1473 934//1473 1143//1473
f 1143//1505 934//1505 1120//1505
f 1145//1511 1143//1511 1116//1511
f 1064//1512 1062//1512 1144//1512
f 1147//1513 916//1513 915//1513
f 1147//1514 932//1514 917//1514
f 1148//1515 950//1515 948//1515
f 1149//1516 911//1516 912//1516
f 1149//1517 1147//1517 914//1517
f 917//1518 916//1518 1147//1518
f 954//1515 952//1515 1148//1515
f 1149//1515 940//1515 956//1515
f 1150//1519 1007//1519 1005//1519
f 948//1520 946//1520 1148//1520
f 1149//1521 913//1521 911//1521
f 915//810 914//810 1147//810
f 956//1522 954//1522 1149//1522
f 1005//1523 1003//1523 1150//1523
f 1150//1517 1148//1517 945//1517
f 1148//1524 952//1524 950//1524
f 997//1524 1147//1524 1150//1524
f 914//1513 913//1513 1149//1513
f 1149//1515 895//1515 940//1515
f 1003//1525 1001//1525 1150//1525
f 946//723 945//723 1148//723
f 1150//1526 999//1526 997//1526
f 1148//1527 1149//1527 954//1527
f 945//1528 1007//1528 1150//1528
f 997//1529 995//1529 1147//1529
f 1001//1530 999//1530 1150//1530
f 995//1531 994//1531 1147//1531
f 994//1531 932//1531 1147//1531
f 912//1532 895//1532 1149//1532
f 1145//673 1144//673 1148//673
f 1148//673 1150//673 1145//673
f 1144//1533 1146//1533 1149//1533
f 1149//1533 1148//1533 1144//1533
f 1143//1534 1145//1534 1150//1534
f 1150//1534 1147//1534 1143//1534
f 1143//1329 1147//1329 1149//1329
f 1149//1329 1146//1329 1143//1329
f 1151//1535 1152//1535 1153//1535
f 1153//1536 1154//1536 1151//1536
f 1155//1537 1156//1537 1157//1537
f 1155//1538 1158//1538 1159//1538
f 1160//827 1161//827 1162//827
f 1160//723 1157//723 1152//723
f 1154//1539 1153//1539 1163//1539
f 1159//1540 1156//1540 1155//1540
f 1161//1541 1164//1541 1162//1541
f 1165//1542 1161//1542 1166//1542
f 1166//1543 1167//1543 1168//1543
f 1169//746 1170//746 1171//746
f 1172//1544 1173//1544 1174//1544
f 1175//823 1176//823 1177//823
f 1163//1531 1178//1531 1154//1531
f 1160//1545 1179//1545 1155//1545
f 1161//1546 1165//1546 1164//1546
f 1168//810 1180//810 1166//810
f 1181//1547 1182//1547 1183//1547
f 1184//1520 1185//1520 1186//1520
f 1187//1539 1184//1539 1188//1539
f 1189//1548 1190//1548 1169//1548
f 1191//1536 1192//1536 1193//1536
f 1173//1549 1192//1549 1191//1549
f 1174//1550 1194//1550 1172//1550
f 1177//1531 1195//1531 1175//1531
f 1196//831 1178//831 1163//831
f 1176//1551 1196//1551 1197//1551
f 1160//1552 1172//1552 1198//1552
f 1157//1553 1160//1553 1155//1553
f 1166//808 1180//808 1165//808
f 1183//1554 1199//1554 1181//1554
f 1171//1555 1200//1555 1182//1555
f 1185//1556 1158//1556 1186//1556
f 1188//1557 1201//1557 1187//1557
f 1202//1554 1190//1554 1203//1554
f 1171//1558 1189//1558 1169//1558
f 1204//1559 1205//1559 1206//1559
f 1193//1560 1204//1560 1191//1560
f 1194//1561 1198//1561 1172//1561
f 1176//1531 1207//1531 1177//1531
f 1197//1562 1207//1562 1176//1562
f 1198//1563 1208//1563 1160//1563
f 1162//1564 1179//1564 1160//1564
f 1209//1565 1210//1565 1199//1565
f 1171//1566 1211//1566 1200//1566
f 1170//1567 1212//1567 1213//1567
f 1186//1568 1214//1568 1184//1568
f 1203//1552 1187//1552 1202//1552
f 1189//1525 1215//1525 1190//1525
f 1206//1522 1216//1522 1204//1522
f 1191//1567 1174//1567 1173//1567
f 1163//1569 1197//1569 1196//1569
f 1151//1570 1160//1570 1152//1570
f 1182//1571 1181//1571 1171//1571
f 1170//1572 1217//1572 1212//1572
f 1202//807 1218//807 1219//807
f 1185//1573 1159//1573 1158//1573
f 1215//1574 1203//1574 1190//1574
f 1193//1524 1205//1524 1204//1524
f 1208//1575 1161//1575 1160//1575
f 1220//833 1221//833 1222//833
f 1223//1576 1216//1576 1224//1576
f 1210//1577 1225//1577 1226//1577
f 1183//728 1209//728 1199//728
f 1170//1578 1227//1578 1217//1578
f 1219//722 1228//722 1202//722
f 1201//1579 1202//1579 1187//1579
f 1195//1571 1210//1571 1175//1571
f 1167//745 1229//745 1230//745
f 1231//1580 1232//1580 1229//1580
f 1233//1581 1234//1581 1235//1581
f 1236//1582 1234//1582 1233//1582
f 1237//741 1238//741 1239//741
f 1220//1554 1239//1554 1221//1554
f 1240//1583 1222//1583 1241//1583
f 1224//1584 1242//1584 1223//1584
f 1209//1526 1225//1526 1210//1526
f 1213//746 1171//746 1170//746
f 1214//1585 1188//1585 1184//1585
f 1230//1586 1168//1586 1167//1586
f 1231//1538 1235//1538 1232//1538
f 1233//1587 1243//1587 1236//1587
f 1237//1519 1244//1519 1238//1519
f 1241//1588 1245//1588 1240//1588
f 1241//1587 1223//1587 1246//1587
f 1216//1589 1247//1589 1224//1589
f 1213//1590 1211//1590 1171//1590
f 1206//745 1247//745 1216//745
f 1235//1591 1231//1591 1233//1591
f 1218//1592 1236//1592 1243//1592
f 1222//1593 1240//1593 1220//1593
f 1242//1549 1246//1549 1223//1549
f 1228//1540 1190//1540 1202//1540
f 1243//1550 1219//1550 1218//1550
f 1248//1594 1249//1594 1250//1594
f 1176//1517 1251//1517 1249//1517
f 1246//737 1245//737 1241//737
f 1229//824 1167//824 1231//824
f 1170//1592 1252//1592 1253//1592
f 1252//1595 1248//1595 1254//1595
f 1248//1596 1255//1596 1256//1596
f 1249//1549 1248//1549 1176//1549
f 1176//1550 1257//1550 1244//1550
f 1226//1597 1175//1597 1210//1597
f 1252//1543 1258//1543 1253//1543
f 1256//1598 1254//1598 1248//1598
f 1176//810 1175//810 1251//810
f 1176//1599 1248//1599 1257//1599
f 1253//1600 1227//1600 1170//1600
f 1250//1601 1255//1601 1248//1601
f 1239//1602 1220//1602 1237//1602
f 1244//1603 1237//1603 1176//1603
f 1254//1604 1258//1604 1252//1604
f 1259//1526 1260//1526 1261//1526
f 1260//1526 1262//1526 1263//1526
f 1264//1565 1261//1565 1265//1565
f 1261//1565 1263//1565 1266//1565
f 1263//1565 1267//1565 1268//1565
f 1269//1526 1265//1526 1270//1526
f 1265//1526 1266//1526 1271//1526
f 1272//1605 1270//1605 1273//1605
f 1262//1606 1274//1606 1275//1606
f 1275//1526 1263//1526 1262//1526
f 1271//1526 1266//1526 1276//1526
f 1266//1565 1268//1565 1276//1565
f 1277//1607 1278//1607 1279//1607
f 1280//1608 1279//1608 1281//1608
f 1282//741 1283//741 1284//741
f 1285//1569 1286//1569 1267//1569
f 1281//1609 1287//1609 1280//1609
f 1281//1549 1288//1549 1289//1549
f 1284//1610 1288//1610 1282//1610
f 1285//720 1283//720 1282//720
f 1267//1611 1290//1611 1291//1611
f 1292//1558 1278//1558 1277//1558
f 1289//1612 1287//1612 1281//1612
f 1282//1575 1286//1575 1285//1575
f 1267//1531 1293//1531 1290//1531
f 1274//1613 1294//1613 1295//1613
f 1292//1614 1296//1614 1297//1614
f 1279//1615 1280//1615 1277//1615
f 1267//1616 1291//1616 1285//1616
f 1295//820 1298//820 1274//820
f 1274//1617 1292//1617 1299//1617
f 1292//1618 1300//1618 1296//1618
f 1284//1619 1289//1619 1288//1619
f 1298//815 1301//815 1274//815
f 1299//742 1302//742 1274//742
f 1277//1620 1300//1620 1292//1620
f 1302//1580 1294//1580 1274//1580
f 1267//823 1275//823 1293//823
f 1297//1621 1299//1621 1292//1621
f 1268//1565 1267//1565 1303//1565
f 1267//1622 1286//1622 1303//1622
f 1303//1517 1304//1517 1268//1517
f 1305//1623 1306//1623 1268//1623
f 1268//1524 1307//1524 1305//1524
f 1305//722 1307//722 1308//722
f 1308//1577 1309//1577 1310//1577
f 1311//1624 1312//1624 1313//1624
f 1306//1568 1314//1568 1268//1568
f 1310//1513 1315//1513 1308//1513
f 1313//1521 1309//1521 1311//1521
f 1316//1601 1312//1601 1311//1601
f 1317//1625 1318//1625 1319//1625
f 1317//1626 1320//1626 1321//1626
f 1322//1571 1323//1571 1324//1571
f 1308//1605 1315//1605 1305//1605
f 1311//1559 1325//1559 1316//1559
f 1319//1627 1316//1627 1325//1627
f 1321//1628 1318//1628 1317//1628
f 1324//722 1317//722 1322//722
f 1322//1558 1326//1558 1327//1558
f 1313//1619 1310//1619 1309//1619
f 1319//1629 1328//1629 1317//1629
f 1322//1528 1329//1528 1323//1528
f 1322//1548 1330//1548 1326//1548
f 1325//1630 1328//1630 1319//1630
f 1327//1539 1329//1539 1322//1539
f 1314//1531 1331//1531 1268//1531
f 1322//815 1276//815 1330//815
f 1324//735 1320//735 1317//735
f 1332//1565 1333//1565 1334//1565
f 1334//1517 1335//1517 1332//1517
f 1333//722 1336//722 1337//722
f 1337//810 1334//810 1333//810
f 1322//1631 1317//1631 1338//1631
f 1271//1537 1322//1537 1339//1537
f 1270//1579 1340//1579 1341//1579
f 1271//1632 1342//1632 1343//1632
f 1273//1633 1344//1633 1345//1633
f 1270//830 1346//830 1340//830
f 1343//1555 1270//1555 1271//1555
f 1271//1634 1347//1634 1348//1634
f 1273//1634 1349//1634 1344//1634
f 1343//1635 1346//1635 1270//1635
f 1271//827 1350//827 1347//827
f 1351//1636 1352//1636 1350//1636
f 1353//1637 1354//1637 1355//1637
f 1273//1524 1356//1524 1349//1524
f 1270//1638 1357//1638 1358//1638
f 1348//1639 1342//1639 1271//1639
f 1351//1620 1359//1620 1352//1620
f 1351//1640 1355//1640 1360//1640
f 1353//1549 1361//1549 1354//1549
f 1345//1572 1353//1572 1273//1572
f 1358//1605 1273//1605 1270//1605
f 1350//741 1271//741 1351//741
f 1355//1628 1351//1628 1353//1628
f 1358//1641 1356//1641 1273//1641
f 1360//825 1359//825 1351//825
f 1341//1519 1357//1519 1270//1519
f 1273//1642 1353//1642 491//1642
f 1362//1643 1273//1643 497//1643
f 497//831 494//831 1362//831
f 1259//1588 414//1588 408//1588
f 1259//1588 420//1588 414//1588
f 1260//1644 1363//1644 1364//1644
f 408//1635 1365//1635 1366//1635
f 1260//1629 1367//1629 1363//1629
f 1366//831 1260//831 408//831
f 1366//1536 1367//1536 1260//1536
f 408//1524 1368//1524 1369//1524
f 1368//1605 408//1605 406//1605
f 1364//1645 1370//1645 1260//1645
f 406//1542 1371//1542 1368//1542
f 1372//1538 1373//1538 1374//1538
f 1262//1646 1375//1646 1376//1646
f 1369//1548 1365//1548 408//1548
f 406//1565 1374//1565 1377//1565
f 1372//1647 1378//1647 1373//1647
f 1372//741 1262//741 1379//741
f 1262//1648 1380//1648 1375//1648
f 1262//1649 1260//1649 1381//1649
f 1377//1525 1371//1525 406//1525
f 1372//822 1382//822 1378//822
f 1379//1535 1383//1535 1372//1535
f 1381//1638 1380//1638 1262//1638
f 1374//827 406//827 1372//827
f 1376//1527 1379//1527 1262//1527
f 1383//1563 1382//1563 1372//1563
f 1262//741 1372//741 1384//741
f 1274//1650 1384//1650 1385//1650
f 394//1605 1386//1605 1387//1605
f 1278//1629 1292//1629 1388//1629
f 1388//1548 394//1548 1278//1548
f 1386//1605 1332//1605 1389//1605
f 1389//720 1387//720 1386//720
f 1332//746 1386//746 1390//746
f 1332//1554 1391//1554 1392//1554
f 1391//1531 1393//1531 1394//1531
f 1332//1521 1395//1521 1396//1521
f 1391//1581 1397//1581 1392//1581
f 1393//1515 1398//1515 1394//1515
f 1393//1516 1399//1516 1400//1516
f 1392//1517 1395//1517 1332//1517
f 1400//1619 1398//1619 1393//1619
f 1394//1651 1397//1651 1391//1651
f 1401//1579 1402//1579 1403//1579
f 1332//1652 1404//1652 1405//1652
f 1399//1653 1406//1653 1400//1653
f 1401//1561 1407//1561 1402//1561
f 1396//1576 1404//1576 1332//1576
f 1403//1589 1399//1589 1401//1589
f 1408//1605 1409//1605 1407//1605
f 1333//1565 1332//1565 1410//1565
f 1403//1653 1406//1653 1399//1653
f 1408//1540 1411//1540 1409//1540
f 1333//1517 1412//1517 1411//1517
f 1333//1576 1413//1576 1414//1576
f 1410//1654 1415//1654 1333//1654
f 1407//746 1401//746 1408//746
f 1414//1521 1412//1521 1333//1521
f 1405//1654 1410//1654 1332//1654
f 1415//1652 1413//1652 1333//1652
f 1333//720 1408//720 1416//720
f 1328//1548 342//1548 1417//1548
f 342//1649 1328//1649 1418//1649
f 1419//1576 1418//1576 1336//1576
f 1418//1531 1419//1531 342//1531
f 1417//1629 1317//1629 1328//1629
f 1336//1655 1333//1655 1419//1655
f 1416//1513 1419//1513 1333//1513
f 1411//827 1408//827 1333//827
f 1390//1576 1391//1576 1332//1576
f 1387//1528 1278//1528 394//1528
f 1388//1631 1292//1631 1385//1631
f 1385//1631 1292//1631 1274//1631
f 1384//1650 1274//1650 1262//1650
f 1370//1656 1381//1656 1260//1656
f 408//831 1260//831 1259//831
f 494//1531 499//1531 1362//1531
f 491//1657 497//1657 1273//1657
f 1345//1516 1361//1516 1353//1516
f 1339//741 1351//741 1271//741
f 1338//1537 1339//1537 1322//1537
f 1338//1631 1317//1631 1417//1631
f 1335//1560 1389//1560 1332//1560
f 1331//1513 1276//1513 1268//1513
f 1304//1555 1307//1555 1268//1555
f 1301//1543 1275//1543 1274//1543
f 1276//1540 1322//1540 1271//1540
f 1275//1516 1267//1516 1263//1516
f 1273//1605 1362//1605 1272//1605
f 1271//1526 1270//1526 1265//1526
f 1270//1526 1272//1526 1269//1526
f 1268//1565 1266//1565 1263//1565
f 1266//1565 1265//1565 1261//1565
f 1265//1565 1269//1565 1264//1565
f 1263//1526 1261//1526 1260//1526
f 1261//1526 1264//1526 1259//1526
#2580 polygons

