# Aspose.3D Wavefront OBJ Exporter
# Copyright 2004-2023 Aspose Pty Ltd.
# File created: 11/02/2023 20:43:41


#
# object obj_57858126
#

v -6.99024486541748048 -0.3694274425506592 15
v -12.9902229309082032 -0.50407981872558592 9
v -7 -8.572527703398379E-16 15
v -13 1.5920408818909386E-15 9
v -12.9902229309082032 0.50407981872558592 9
v -12.96090793609619136 -1.0074014663696289 9
v -6.96100664138793952 -0.73782521486282352 15
v -12.91209888458251952 -1.50920784473419192 9
v -6.91236686706542976 -1.10416650772094726 15
v -12.8438682556152344 -2.0087442398071289 9
v -12.75631904602050784 -2.50525927543640136 9
v -6.8444609642028808 -1.46743035316467288 15
v -12.64958286285400392 -2.9980063438415528 9
v -6.75747871398925776 -1.8266041278839112 15
v -12.52382183074951168 -3.48624396324157712 9
v -6.65166187286376952 -2.18068695068359376 15
v -12.37922286987304688 -3.96923804283142096 9
v -12.2160043716430664 -4.4462618827819824 9
v -6.52730560302734376 -2.52869176864624024 15
v -12.03441143035888672 -4.91659832000732416 9
v -6.38475656509399416 -2.8696484565734864 15
v -11.8347187042236328 -5.37953948974609376 9
v -11.61722469329833984 -5.8343892097473144 9
v -6.22441244125366212 -3.2026071548461914 15
v -11.3822574615478516 -6.28046369552612304 9
v -6.04671907424926758 -3.526639461517334 15
v -11.13016986846923828 -6.71709203720092776 9
v -5.8521728515625 -3.84084248542785648 15
v -10.86134147644042976 -7.1436166763305664 9
v -10.576176643371582 -7.55939674377441408 9
v -5.64131546020507816 -4.14434051513671876 15
v -10.27510452270507812 -7.9638071060180664 9
v -5.4147348403930664 -4.43628740310668944 15
v -9.95857810974121088 -8.35623931884765624 9
v -5.17306232452392578 -4.71586942672729496 15
v -9.6270723342895508 -8.73610210418701168 9
v -9.28108692169189452 -9.10282516479492188 9
v -4.91697168350219728 -4.98230791091918944 15
v -8.92114162445068352 -9.45585727691650392 9
v -4.64717626571655272 -5.23485946655273436 15
v -8.54777812957763672 -9.7946662902832032 9
v -4.36442852020263672 -5.47282028198242184 15
v -8.16155719757080078 -10.118743896484375 9
v -7.7630615234375 -10.42760181427001952 9
v -4.06951618194580078 -5.6955275535583496 15
v -7.35288953781127928 -10.7207746505737304 9
v -3.76326179504394528 -5.90236043930053712 15
v -6.93165779113769536 -10.99782371520996096 9
v -6.5 -11.2583303451538086 9
v -3.44651818275451664 -6.0927424430847168 15
v -6.05856561660766602 -11.50190353393554688 9
v -3.12016844749450684 -6.2661428451538086 15
v -5.60801887512207032 -11.72817611694335936 9
v -2.78512239456176752 -6.42207860946655272 15
v -5.14903688430786132 -11.93680953979492192 9
v -4.68231058120727536 -12.1274881362915039 9
v -2.44231367111206056 -6.560114860534668 15
v -4.20854139328002928 -12.2999258041381836 9
v -2.0926976203918457 -6.67986631393432616 15
v -3.7284419536590576 -12.45386409759521488 9
v -1.73724913597106928 -6.7810001373291016 15
v -3.2427349090576172 -12.58906936645507816 9
v -2.75215029716491696 -12.70534038543701168 9
v -1.37695848941802976 -6.86323451995849616 15
v -2.25742626190185548 -12.80250072479248048 9
v -1.01282989978790283 -6.9263391494750976 15
v -1.75930690765380864 -12.88040542602539056 9
v -0.64587849378585816 -6.97013902664184576 15
v -1.25854134559631348 -12.93893623352050784 9
v -0.7558827996253968 -12.97800636291503904 9
v -0.27712690830230712 -6.99451208114624016 15
v -0.2520873248577118 -12.99755573272705072 9
v 0.09239710122346878 -6.99939012527465824 15
v 0.2520873248577118 -12.99755573272705072 9
v 0.7558827996253968 -12.97800636291503904 9
v 0.46166357398033144 -6.98475980758666992 15
v 1.25854134559631348 -12.93893623352050784 9
v 0.82964330911636352 -6.95066118240356448 15
v 1.75930690765380864 -12.88040542602539056 9
v 1.19531071186065672 -6.89719009399414064 15
v 2.25742626190185548 -12.80250072479248048 9
v 2.75215029716491696 -12.70534038543701168 9
v 1.55764651298522952 -6.82449531555175776 15
v 3.2427349090576172 -12.58906936645507816 9
v 1.91564095020294192 -6.73277950286865232 15
v 3.7284419536590576 -12.45386409759521488 9
v 2.2682960033416748 -6.62229824066162112 15
v 4.20854139328002928 -12.2999258041381836 9
v 4.68231058120727536 -12.1274881362915039 9
v 2.61462903022766112 -6.49335908889770504 15
v 5.14903688430786132 -11.93680953979492192 9
v 2.95367455482482912 -6.34632205963134764 15
v 5.60801887512207032 -11.72817611694335936 9
v 3.2844877243041992 -6.18159675598144532 15
v 6.05856561660766602 -11.50190353393554688 9
v 6.5 -11.2583303451538086 9
v 3.60614657402038576 -5.99964237213134768 15
v 6.93165779113769536 -10.99782371520996096 9
v 3.91775417327880864 -5.80096578598022464 15
v 7.35288953781127928 -10.7207746505737304 9
v 4.218442440032959 -5.58612060546875 15
v 7.7630615234375 -10.42760181427001952 9
v 8.16155719757080078 -10.118743896484375 9
v 4.50737333297729496 -5.35570621490478516 15
v 8.54777812957763672 -9.7946662902832032 9
v 4.78374099731445312 -5.11036443710327148 15
v 8.92114162445068352 -9.45585727691650392 9
v 9.28108692169189452 -9.10282516479492188 9
v 5.04677581787109375 -4.85077905654907232 15
v 9.6270723342895508 -8.73610210418701168 9
v 5.2957439422607422 -4.57767343521118168 15
v 9.95857810974121088 -8.35623931884765624 9
v 5.52995204925537112 -4.2918095588684082 15
v 10.27510452270507812 -7.9638071060180664 9
v 10.576176643371582 -7.55939674377441408 9
v 5.74874734878540032 -3.99398326873779296 15
v 10.86134147644042976 -7.1436166763305664 9
v 5.95151996612548832 -3.68502521514892576 15
v 11.13016986846923828 -6.71709203720092776 9
v 6.13770437240600586 -3.36579608917236328 15
v 11.3822574615478516 -6.28046369552612304 9
v 11.61722469329833984 -5.8343892097473144 9
v 6.30678224563598632 -3.0371861457824707 15
v 11.8347187042236328 -5.37953948974609376 9
v 6.45828151702880856 -2.70011091232299808 15
v 12.03441143035888672 -4.91659832000732416 9
v 6.59178066253662112 -2.35550999641418456 15
v 12.2160043716430664 -4.4462618827819824 9
v 12.37922286987304688 -3.96923804283142096 9
v 6.7069072723388672 -2.00434398651123046 15
v 12.52382183074951168 -3.48624396324157712 9
v 6.80334043502807616 -1.64759135246276856 15
v 12.64958286285400392 -2.9980063438415528 9
v 12.75631904602050784 -2.50525927543640136 9
v 6.88081169128417968 -1.286246657371521 15
v 12.8438682556152344 -2.0087442398071289 9
v 6.93910455703735344 -0.921316921710968 15
v 12.91209888458251952 -1.50920784473419192 9
v 6.97805738449096672 -0.55381929874420168 15
v 12.96090793609619136 -1.0074014663696289 9
v 12.9902229309082032 -0.50407981872558592 9
v 6.99756097793579104 -0.1847781091928482 15
v 13 0 9
v 6.99756097793579104 0.1847781091928482 15
v 12.9902229309082032 0.50407981872558592 9
v 6.97805738449096672 0.55381929874420168 15
v 12.96090793609619136 1.0074014663696289 9
v 12.91209888458251952 1.50920784473419192 9
v 6.93910455703735344 0.921316921710968 15
v 12.8438682556152344 2.0087442398071289 9
v 6.88081169128417968 1.286246657371521 15
v 12.75631904602050784 2.50525927543640136 9
v 6.80334043502807616 1.64759135246276856 15
v 12.64958286285400392 2.9980063438415528 9
v 12.52382183074951168 3.48624396324157712 9
v 6.7069072723388672 2.00434398651123046 15
v 12.37922286987304688 3.96923804283142096 9
v 6.59178066253662112 2.35550999641418456 15
v 12.2160043716430664 4.4462618827819824 9
v 12.03441143035888672 4.91659832000732416 9
v 6.45828151702880856 2.70011091232299808 15
v 11.8347187042236328 5.37953948974609376 9
v 6.30678224563598632 3.0371861457824707 15
v 11.61722469329833984 5.8343892097473144 9
v 6.13770437240600586 3.36579608917236328 15
v 11.3822574615478516 6.28046369552612304 9
v 11.13016986846923828 6.71709203720092776 9
v 5.95151996612548832 3.68502521514892576 15
v 10.86134147644042976 7.1436166763305664 9
v 5.74874734878540032 3.99398326873779296 15
v 10.576176643371582 7.55939674377441408 9
v 5.52995204925537112 4.2918095588684082 15
v 10.27510452270507812 7.9638071060180664 9
v 9.95857810974121088 8.35623931884765624 9
v 5.2957439422607422 4.57767343521118168 15
v 9.6270723342895508 8.73610210418701168 9
v 5.04677581787109375 4.85077905654907232 15
v 9.28108692169189452 9.10282516479492188 9
v 4.78374099731445312 5.11036443710327148 15
v 8.92114162445068352 9.45585727691650392 9
v 8.54777812957763672 9.7946662902832032 9
v 4.50737333297729496 5.35570621490478516 15
v 8.16155719757080078 10.118743896484375 9
v 4.218442440032959 5.58612060546875 15
v 7.7630615234375 10.42760181427001952 9
v 7.35288953781127928 10.7207746505737304 9
v 3.91775417327880864 5.80096578598022464 15
v 6.93165779113769536 10.99782371520996096 9
v 3.60614657402038576 5.99964237213134768 15
v 6.5 11.2583303451538086 9
v 3.2844877243041992 6.18159675598144532 15
v 6.05856561660766602 11.50190353393554688 9
v 5.60801887512207032 11.72817611694335936 9
v 2.95367455482482912 6.34632205963134764 15
v 5.14903688430786132 11.93680953979492192 9
v 2.61462903022766112 6.49335908889770504 15
v 4.68231058120727536 12.1274881362915039 9
v 2.2682960033416748 6.62229824066162112 15
v 4.20854139328002928 12.2999258041381836 9
v 3.7284419536590576 12.45386409759521488 9
v 1.91564095020294192 6.73277950286865232 15
v 3.2427349090576172 12.58906936645507816 9
v 1.55764651298522952 6.82449531555175776 15
v 2.75215029716491696 12.70534038543701168 9
v 1.19531071186065672 6.89719009399414064 15
v 2.25742626190185548 12.80250072479248048 9
v 1.75930690765380864 12.88040542602539056 9
v 0.82964330911636352 6.95066118240356448 15
v 1.25854134559631348 12.93893623352050784 9
v 0.46166357398033144 6.98475980758666992 15
v 0.7558827996253968 12.97800636291503904 9
v 0.09239710122346878 6.99939012527465824 15
v 0.2520873248577118 12.99755573272705072 9
v -0.2520873248577118 12.99755573272705072 9
v -0.27712690830230712 6.99451208114624016 15
v -0.7558827996253968 12.97800636291503904 9
v -0.64587849378585816 6.97013902664184576 15
v -1.25854134559631348 12.93893623352050784 9
v -1.75930690765380864 12.88040542602539056 9
v -1.01282989978790283 6.9263391494750976 15
v -2.25742626190185548 12.80250072479248048 9
v -1.37695848941802976 6.86323451995849616 15
v -2.75215029716491696 12.70534038543701168 9
v -1.73724913597106928 6.7810001373291016 15
v -3.2427349090576172 12.58906936645507816 9
v -3.7284419536590576 12.45386409759521488 9
v -2.0926976203918457 6.67986631393432616 15
v -4.20854139328002928 12.2999258041381836 9
v -2.44231367111206056 6.560114860534668 15
v -4.68231058120727536 12.1274881362915039 9
v -2.78512239456176752 6.42207860946655272 15
v -5.14903688430786132 11.93680953979492192 9
v -5.60801887512207032 11.72817611694335936 9
v -3.12016844749450684 6.2661428451538086 15
v -6.05856561660766602 11.50190353393554688 9
v -3.44651818275451664 6.0927424430847168 15
v -6.5 11.2583303451538086 9
v -3.76326179504394528 5.90236043930053712 15
v -6.93165779113769536 10.99782371520996096 9
v -7.35288953781127928 10.7207746505737304 9
v -4.06951618194580078 5.6955275535583496 15
v -7.7630615234375 10.42760181427001952 9
v -4.36442852020263672 5.47282028198242184 15
v -8.16155719757080078 10.118743896484375 9
v -8.54777812957763672 9.7946662902832032 9
v -4.64717626571655272 5.23485946655273436 15
v -8.92114162445068352 9.45585727691650392 9
v -4.91697168350219728 4.98230791091918944 15
v -9.28108692169189452 9.10282516479492188 9
v -5.17306232452392578 4.71586942672729496 15
v -9.6270723342895508 8.73610210418701168 9
v -9.95857810974121088 8.35623931884765624 9
v -5.4147348403930664 4.43628740310668944 15
v -10.27510452270507812 7.9638071060180664 9
v -5.64131546020507816 4.14434051513671876 15
v -10.576176643371582 7.55939674377441408 9
v -5.8521728515625 3.84084248542785648 15
v -10.86134147644042976 7.1436166763305664 9
v -11.13016986846923828 6.71709203720092776 9
v -6.04671907424926758 3.526639461517334 15
v -11.3822574615478516 6.28046369552612304 9
v -6.22441244125366212 3.2026071548461914 15
v -11.61722469329833984 5.8343892097473144 9
v -6.38475656509399416 2.8696484565734864 15
v -11.8347187042236328 5.37953948974609376 9
v -12.03441143035888672 4.91659832000732416 9
v -6.52730560302734376 2.52869176864624024 15
v -12.2160043716430664 4.4462618827819824 9
v -6.65166187286376952 2.18068695068359376 15
v -12.37922286987304688 3.96923804283142096 9
v -12.52382183074951168 3.48624396324157712 9
v -6.75747871398925776 1.8266041278839112 15
v -12.64958286285400392 2.9980063438415528 9
v -6.8444609642028808 1.46743035316467288 15
v -12.75631904602050784 2.50525927543640136 9
v -6.91236686706542976 1.10416650772094726 15
v -12.8438682556152344 2.0087442398071289 9
v -12.91209888458251952 1.50920784473419192 9
v -6.96100664138793952 0.73782521486282352 15
v -12.96090793609619136 1.0074014663696289 9
v -6.99024486541748048 0.3694274425506592 15
v -12.9902229309082032 0.50407981872558592 0
v -13 -1.5920408818909386E-15 0
v -12.9902229309082032 -0.50407981872558592 0
v -12.96090793609619136 -1.0074014663696289 0
v -12.91209888458251952 -1.50920784473419192 0
v -12.8438682556152344 -2.0087442398071289 0
v -12.75631904602050784 -2.50525927543640136 0
v -12.64958286285400392 -2.9980063438415528 0
v -12.52382183074951168 -3.48624396324157712 0
v -12.37922286987304688 -3.96923804283142096 0
v -12.2160043716430664 -4.4462618827819824 0
v -12.03441143035888672 -4.91659832000732416 0
v -11.8347187042236328 -5.37953948974609376 0
v -11.61722469329833984 -5.8343892097473144 0
v -11.3822574615478516 -6.28046369552612304 0
v -11.13016986846923828 -6.71709203720092776 0
v -10.86134147644042976 -7.1436166763305664 0
v -10.576176643371582 -7.55939674377441408 0
v -10.27510452270507812 -7.9638071060180664 0
v -9.95857810974121088 -8.35623931884765624 0
v -9.6270723342895508 -8.73610210418701168 0
v -9.28108692169189452 -9.10282516479492188 0
v -8.92114162445068352 -9.45585727691650392 0
v -8.54777812957763672 -9.7946662902832032 0
v -8.16155719757080078 -10.118743896484375 0
v -7.7630615234375 -10.42760181427001952 0
v -7.35288953781127928 -10.7207746505737304 0
v -6.93165779113769536 -10.99782371520996096 0
v -6.5 -11.2583303451538086 0
v -6.05856561660766602 -11.50190353393554688 0
v -5.60801887512207032 -11.72817611694335936 0
v -5.14903688430786132 -11.93680953979492192 0
v -4.68231058120727536 -12.1274881362915039 0
v -4.20854139328002928 -12.2999258041381836 0
v -3.7284419536590576 -12.45386409759521488 0
v -3.2427349090576172 -12.58906936645507816 0
v -2.75215029716491696 -12.70534038543701168 0
v -2.25742626190185548 -12.80250072479248048 0
v -1.75930690765380864 -12.88040542602539056 0
v -1.25854134559631348 -12.93893623352050784 0
v -0.7558827996253968 -12.97800636291503904 0
v -0.2520873248577118 -12.99755573272705072 0
v 0.2520873248577118 -12.99755573272705072 0
v 0.7558827996253968 -12.97800636291503904 0
v 1.25854134559631348 -12.93893623352050784 0
v 1.75930690765380864 -12.88040542602539056 0
v 2.25742626190185548 -12.80250072479248048 0
v 2.75215029716491696 -12.70534038543701168 0
v 3.2427349090576172 -12.58906936645507816 0
v 3.7284419536590576 -12.45386409759521488 0
v 4.20854139328002928 -12.2999258041381836 0
v 4.68231058120727536 -12.1274881362915039 0
v 5.14903688430786132 -11.93680953979492192 0
v 5.60801887512207032 -11.72817611694335936 0
v 6.05856561660766602 -11.50190353393554688 0
v 6.5 -11.2583303451538086 0
v 6.93165779113769536 -10.99782371520996096 0
v 7.35288953781127928 -10.7207746505737304 0
v 7.7630615234375 -10.42760181427001952 0
v 8.16155719757080078 -10.118743896484375 0
v 8.54777812957763672 -9.7946662902832032 0
v 8.92114162445068352 -9.45585727691650392 0
v 9.28108692169189452 -9.10282516479492188 0
v 9.6270723342895508 -8.73610210418701168 0
v 9.95857810974121088 -8.35623931884765624 0
v 10.27510452270507812 -7.9638071060180664 0
v 10.576176643371582 -7.55939674377441408 0
v 10.86134147644042976 -7.1436166763305664 0
v 11.13016986846923828 -6.71709203720092776 0
v 11.3822574615478516 -6.28046369552612304 0
v 11.61722469329833984 -5.8343892097473144 0
v 11.8347187042236328 -5.37953948974609376 0
v 12.03441143035888672 -4.91659832000732416 0
v 12.2160043716430664 -4.4462618827819824 0
v 12.37922286987304688 -3.96923804283142096 0
v 12.52382183074951168 -3.48624396324157712 0
v 12.64958286285400392 -2.9980063438415528 0
v 12.75631904602050784 -2.50525927543640136 0
v 12.8438682556152344 -2.0087442398071289 0
v 12.91209888458251952 -1.50920784473419192 0
v 12.96090793609619136 -1.0074014663696289 0
v 12.9902229309082032 -0.50407981872558592 0
v 13 0 0
v 12.9902229309082032 0.50407981872558592 0
v 12.96090793609619136 1.0074014663696289 0
v 12.91209888458251952 1.50920784473419192 0
v 12.8438682556152344 2.0087442398071289 0
v 12.75631904602050784 2.50525927543640136 0
v 12.64958286285400392 2.9980063438415528 0
v 12.52382183074951168 3.48624396324157712 0
v 12.37922286987304688 3.96923804283142096 0
v 12.2160043716430664 4.4462618827819824 0
v 12.03441143035888672 4.91659832000732416 0
v 11.8347187042236328 5.37953948974609376 0
v 11.61722469329833984 5.8343892097473144 0
v 11.3822574615478516 6.28046369552612304 0
v 11.13016986846923828 6.71709203720092776 0
v 10.86134147644042976 7.1436166763305664 0
v 10.576176643371582 7.55939674377441408 0
v 10.27510452270507812 7.9638071060180664 0
v 9.95857810974121088 8.35623931884765624 0
v 9.6270723342895508 8.73610210418701168 0
v 9.28108692169189452 9.10282516479492188 0
v 8.92114162445068352 9.45585727691650392 0
v 8.54777812957763672 9.7946662902832032 0
v 8.16155719757080078 10.118743896484375 0
v 7.7630615234375 10.42760181427001952 0
v 7.35288953781127928 10.7207746505737304 0
v 6.93165779113769536 10.99782371520996096 0
v 6.5 11.2583303451538086 0
v 6.05856561660766602 11.50190353393554688 0
v 5.60801887512207032 11.72817611694335936 0
v 5.14903688430786132 11.93680953979492192 0
v 4.68231058120727536 12.1274881362915039 0
v 4.20854139328002928 12.2999258041381836 0
v 3.7284419536590576 12.45386409759521488 0
v 3.2427349090576172 12.58906936645507816 0
v 2.75215029716491696 12.70534038543701168 0
v 2.25742626190185548 12.80250072479248048 0
v 1.75930690765380864 12.88040542602539056 0
v 1.25854134559631348 12.93893623352050784 0
v 0.7558827996253968 12.97800636291503904 0
v 0.2520873248577118 12.99755573272705072 0
v -0.2520873248577118 12.99755573272705072 0
v -0.7558827996253968 12.97800636291503904 0
v -1.25854134559631348 12.93893623352050784 0
v -1.75930690765380864 12.88040542602539056 0
v -2.25742626190185548 12.80250072479248048 0
v -2.75215029716491696 12.70534038543701168 0
v -3.2427349090576172 12.58906936645507816 0
v -3.7284419536590576 12.45386409759521488 0
v -4.20854139328002928 12.2999258041381836 0
v -4.68231058120727536 12.1274881362915039 0
v -5.14903688430786132 11.93680953979492192 0
v -5.60801887512207032 11.72817611694335936 0
v -6.05856561660766602 11.50190353393554688 0
v -6.5 11.2583303451538086 0
v -6.93165779113769536 10.99782371520996096 0
v -7.35288953781127928 10.7207746505737304 0
v -7.7630615234375 10.42760181427001952 0
v -8.16155719757080078 10.118743896484375 0
v -8.54777812957763672 9.7946662902832032 0
v -8.92114162445068352 9.45585727691650392 0
v -9.28108692169189452 9.10282516479492188 0
v -9.6270723342895508 8.73610210418701168 0
v -9.95857810974121088 8.35623931884765624 0
v -10.27510452270507812 7.9638071060180664 0
v -10.576176643371582 7.55939674377441408 0
v -10.86134147644042976 7.1436166763305664 0
v -11.13016986846923828 6.71709203720092776 0
v -11.3822574615478516 6.28046369552612304 0
v -11.61722469329833984 5.8343892097473144 0
v -11.8347187042236328 5.37953948974609376 0
v -12.03441143035888672 4.91659832000732416 0
v -12.2160043716430664 4.4462618827819824 0
v -12.37922286987304688 3.96923804283142096 0
v -12.52382183074951168 3.48624396324157712 0
v -12.64958286285400392 2.9980063438415528 0
v -12.75631904602050784 2.50525927543640136 0
v -12.8438682556152344 2.0087442398071289 0
v -12.91209888458251952 1.50920784473419192 0
v -12.96090793609619136 1.0074014663696289 0
v -14.99022102355957024 0.54153621196746824 25
v -14.99022102355957024 0.54153621196746824 16.66666603088378904
v -15 -1.8369700935892946E-15 25
v -15 -1.8369700935892946E-15 16.66666603088378904
v -14.99022102355957024 -0.54153621196746824 25
v -14.99022102355957024 -0.54153621196746824 16.66666603088378904
v -14.96089839935302736 -1.08236634731292725 25
v -14.96089839935302736 -1.08236634731292725 16.66666603088378904
v -14.91206932067871088 -1.62178528308868408 25
v -14.91206932067871088 -1.62178528308868408 16.66666603088378904
v -14.84379768371582032 -2.15908980369567872 25
v -14.84379768371582032 -2.15908980369567872 16.66666603088378904
v -14.7561731338500976 -2.69357919692993168 25
v -14.7561731338500976 -2.69357919692993168 16.66666603088378904
v -14.64930820465087888 -3.22455668449401856 25
v -14.64930820465087888 -3.22455668449401856 16.66666603088378904
v -14.52334403991699216 -3.75132989883422848 25
v -14.52334403991699216 -3.75132989883422848 16.66666603088378904
v -14.37844467163085936 -4.27321195602416992 25
v -14.37844467163085936 -4.27321195602416992 16.66666603088378904
v -14.21479797363281248 -4.78952312469482416 25
v -14.21479797363281248 -4.78952312469482416 16.66666603088378904
v -14.03261756896972656 -5.2995891571044922 25
v -14.03261756896972656 -5.2995891571044922 16.66666603088378904
v -13.8321418762207032 -5.8027458190917968 25
v -13.8321418762207032 -5.8027458190917968 16.66666603088378904
v -13.61363124847412112 -6.29833650588989256 25
v -13.61363124847412112 -6.29833650588989256 16.66666603088378904
v -13.37737178802490232 -6.78571557998657232 25
v -13.37737178802490232 -6.78571557998657232 16.66666603088378904
v -13.12366962432861328 -7.26424741744995116 25
v -13.12366962432861328 -7.26424741744995116 16.66666603088378904
v -12.85285758972167968 -7.73330783843994144 25
v -12.85285758972167968 -7.73330783843994144 16.66666603088378904
v -12.56528759002685544 -8.19228553771972656 25
v -12.56528759002685544 -8.19228553771972656 16.66666603088378904
v -12.26133537292480468 -8.64058208465576168 25
v -12.26133537292480468 -8.64058208465576168 16.66666603088378904
v -11.94139575958251952 -9.07761287689208984 25
v -11.94139575958251952 -9.07761287689208984 16.66666603088378904
v -11.60588741302490232 -9.5028085708618164 25
v -11.60588741302490232 -9.5028085708618164 16.66666603088378904
v -11.2552471160888672 -9.91561412811279296 25
v -11.2552471160888672 -9.91561412811279296 16.66666603088378904
v -10.88993263244628912 -10.3154916763305664 25
v -10.88993263244628912 -10.3154916763305664 16.66666603088378904
v -10.51041889190673832 -10.70191955566406248 25
v -10.51041889190673832 -10.70191955566406248 16.66666603088378904
v -10.1172018051147461 -11.07439517974853516 25
v -10.1172018051147461 -11.07439517974853516 16.66666603088378904
v -9.71079444885253904 -11.4324312210083008 25
v -9.71079444885253904 -11.4324312210083008 16.66666603088378904
v -9.29172515869140624 -11.77556133270263664 25
v -9.29172515869140624 -11.77556133270263664 16.66666603088378904
v -8.86054229736328128 -12.10333824157714844 25
v -8.86054229736328128 -12.10333824157714844 16.66666603088378904
v -8.41780567169189456 -12.41533470153808592 25
v -8.41780567169189456 -12.41533470153808592 16.66666603088378904
v -7.96409463882446288 -12.71114444732666016 25
v -7.96409463882446288 -12.71114444732666016 16.66666603088378904
v -7.5 -12.99038124084472656 25
v -7.5 -12.99038124084472656 16.66666603088378904
v -7.02612638473510742 -13.25268077850341796 25
v -7.02612638473510742 -13.25268077850341796 16.66666603088378904
v -6.5430927276611328 -13.49770164489746096 25
v -6.5430927276611328 -13.49770164489746096 16.66666603088378904
v -6.05152750015258789 -13.72512340545654304 25
v -6.05152750015258789 -13.72512340545654304 16.66666603088378904
v -5.55207252502441408 -13.93465042114257808 25
v -5.55207252502441408 -13.93465042114257808 16.66666603088378904
v -5.04537820816040039 -14.12600994110107422 25
v -5.04537820816040039 -14.12600994110107422 16.66666603088378904
v -4.5321063995361328 -14.2989511489868164 25
v -4.5321063995361328 -14.2989511489868164 16.66666603088378904
v -4.0129251480102539 -14.4532499313354492 25
v -4.0129251480102539 -14.4532499313354492 16.66666603088378904
v -3.4885118007659912 -14.58870410919189456 25
v -3.4885118007659912 -14.58870410919189456 16.66666603088378904
v -2.959550142288208 -14.7051372528076172 25
v -2.959550142288208 -14.7051372528076172 16.66666603088378904
v -2.42672991752624512 -14.80239772796630864 25
v -2.42672991752624512 -14.80239772796630864 16.66666603088378904
v -1.89074563980102544 -14.88035869598388672 25
v -1.89074563980102544 -14.88035869598388672 16.66666603088378904
v -1.35229623317718504 -14.93891906738281248 25
v -1.35229623317718504 -14.93891906738281248 16.66666603088378904
v -0.8120836019515992 -14.97800159454345696 25
v -0.8120836019515992 -14.97800159454345696 16.66666603088378904
v -0.27081224322319032 -14.9975547790527344 25
v -0.27081224322319032 -14.9975547790527344 16.66666603088378904
v 0.27081224322319032 -14.9975547790527344 25
v 0.27081224322319032 -14.9975547790527344 16.66666603088378904
v 0.8120836019515992 -14.97800159454345696 25
v 0.8120836019515992 -14.97800159454345696 16.66666603088378904
v 1.35229623317718504 -14.93891906738281248 25
v 1.35229623317718504 -14.93891906738281248 16.66666603088378904
v 1.89074563980102544 -14.88035869598388672 25
v 1.89074563980102544 -14.88035869598388672 16.66666603088378904
v 2.42672991752624512 -14.80239772796630864 25
v 2.42672991752624512 -14.80239772796630864 16.66666603088378904
v 2.959550142288208 -14.7051372528076172 25
v 2.959550142288208 -14.7051372528076172 16.66666603088378904
v 3.4885118007659912 -14.58870410919189456 25
v 3.4885118007659912 -14.58870410919189456 16.66666603088378904
v 4.0129251480102539 -14.4532499313354492 25
v 4.0129251480102539 -14.4532499313354492 16.66666603088378904
v 4.5321063995361328 -14.2989511489868164 25
v 4.5321063995361328 -14.2989511489868164 16.66666603088378904
v 5.04537820816040039 -14.12600994110107422 25
v 5.04537820816040039 -14.12600994110107422 16.66666603088378904
v 5.55207252502441408 -13.93465042114257808 25
v 5.55207252502441408 -13.93465042114257808 16.66666603088378904
v 6.05152750015258789 -13.72512340545654304 25
v 6.05152750015258789 -13.72512340545654304 16.66666603088378904
v 6.5430927276611328 -13.49770164489746096 25
v 6.5430927276611328 -13.49770164489746096 16.66666603088378904
v 7.02612638473510742 -13.25268077850341796 25
v 7.02612638473510742 -13.25268077850341796 16.66666603088378904
v 7.5 -12.99038124084472656 25
v 7.5 -12.99038124084472656 16.66666603088378904
v 7.96409463882446288 -12.71114444732666016 25
v 7.96409463882446288 -12.71114444732666016 16.66666603088378904
v 8.41780567169189456 -12.41533470153808592 25
v 8.41780567169189456 -12.41533470153808592 16.66666603088378904
v 8.86054229736328128 -12.10333824157714844 25
v 8.86054229736328128 -12.10333824157714844 16.66666603088378904
v 9.29172515869140624 -11.77556133270263664 25
v 9.29172515869140624 -11.77556133270263664 16.66666603088378904
v 9.71079444885253904 -11.4324312210083008 25
v 9.71079444885253904 -11.4324312210083008 16.66666603088378904
v 10.1172018051147461 -11.07439517974853516 25
v 10.1172018051147461 -11.07439517974853516 16.66666603088378904
v 10.51041889190673832 -10.70191955566406248 25
v 10.51041889190673832 -10.70191955566406248 16.66666603088378904
v 10.88993263244628912 -10.3154916763305664 25
v 10.88993263244628912 -10.3154916763305664 16.66666603088378904
v 11.2552471160888672 -9.91561412811279296 25
v 11.2552471160888672 -9.91561412811279296 16.66666603088378904
v 11.60588741302490232 -9.5028085708618164 25
v 11.60588741302490232 -9.5028085708618164 16.66666603088378904
v 11.94139575958251952 -9.07761287689208984 25
v 11.94139575958251952 -9.07761287689208984 16.66666603088378904
v 12.26133537292480468 -8.64058208465576168 25
v 12.26133537292480468 -8.64058208465576168 16.66666603088378904
v 12.56528759002685544 -8.19228553771972656 25
v 12.56528759002685544 -8.19228553771972656 16.66666603088378904
v 12.85285758972167968 -7.73330783843994144 25
v 12.85285758972167968 -7.73330783843994144 16.66666603088378904
v 13.12366962432861328 -7.26424741744995116 25
v 13.12366962432861328 -7.26424741744995116 16.66666603088378904
v 13.37737178802490232 -6.78571557998657232 25
v 13.37737178802490232 -6.78571557998657232 16.66666603088378904
v 13.61363124847412112 -6.29833650588989256 25
v 13.61363124847412112 -6.29833650588989256 16.66666603088378904
v 13.8321418762207032 -5.8027458190917968 25
v 13.8321418762207032 -5.8027458190917968 16.66666603088378904
v 14.03261756896972656 -5.2995891571044922 25
v 14.03261756896972656 -5.2995891571044922 16.66666603088378904
v 14.21479797363281248 -4.78952312469482416 25
v 14.21479797363281248 -4.78952312469482416 16.66666603088378904
v 14.37844467163085936 -4.27321195602416992 25
v 14.37844467163085936 -4.27321195602416992 16.66666603088378904
v 14.52334403991699216 -3.75132989883422848 25
v 14.52334403991699216 -3.75132989883422848 16.66666603088378904
v 14.64930820465087888 -3.22455668449401856 25
v 14.64930820465087888 -3.22455668449401856 16.66666603088378904
v 14.7561731338500976 -2.69357919692993168 25
v 14.7561731338500976 -2.69357919692993168 16.66666603088378904
v 14.84379768371582032 -2.15908980369567872 25
v 14.84379768371582032 -2.15908980369567872 16.66666603088378904
v 14.91206932067871088 -1.62178528308868408 25
v 14.91206932067871088 -1.62178528308868408 16.66666603088378904
v 14.96089839935302736 -1.08236634731292725 25
v 14.96089839935302736 -1.08236634731292725 16.66666603088378904
v 14.99022102355957024 -0.54153621196746824 25
v 14.99022102355957024 -0.54153621196746824 16.66666603088378904
v 15 0 25
v 15 0 16.66666603088378904
v 14.99022102355957024 0.54153621196746824 25
v 14.99022102355957024 0.54153621196746824 16.66666603088378904
v 14.96089839935302736 1.08236634731292725 25
v 14.96089839935302736 1.08236634731292725 16.66666603088378904
v 14.91206932067871088 1.62178528308868408 25
v 14.91206932067871088 1.62178528308868408 16.66666603088378904
v 14.84379768371582032 2.15908980369567872 25
v 14.84379768371582032 2.15908980369567872 16.66666603088378904
v 14.7561731338500976 2.69357919692993168 25
v 14.7561731338500976 2.69357919692993168 16.66666603088378904
v 14.64930820465087888 3.22455668449401856 25
v 14.64930820465087888 3.22455668449401856 16.66666603088378904
v 14.52334403991699216 3.75132989883422848 25
v 14.52334403991699216 3.75132989883422848 16.66666603088378904
v 14.37844467163085936 4.27321195602416992 25
v 14.37844467163085936 4.27321195602416992 16.66666603088378904
v 14.21479797363281248 4.78952312469482416 25
v 14.21479797363281248 4.78952312469482416 16.66666603088378904
v 14.03261756896972656 5.2995891571044922 25
v 14.03261756896972656 5.2995891571044922 16.66666603088378904
v 13.8321418762207032 5.8027458190917968 25
v 13.8321418762207032 5.8027458190917968 16.66666603088378904
v 13.61363124847412112 6.29833650588989256 25
v 13.61363124847412112 6.29833650588989256 16.66666603088378904
v 13.37737178802490232 6.78571557998657232 25
v 13.37737178802490232 6.78571557998657232 16.66666603088378904
v 13.12366962432861328 7.26424741744995116 25
v 13.12366962432861328 7.26424741744995116 16.66666603088378904
v 12.85285758972167968 7.73330783843994144 25
v 12.85285758972167968 7.73330783843994144 16.66666603088378904
v 12.56528759002685544 8.19228553771972656 25
v 12.56528759002685544 8.19228553771972656 16.66666603088378904
v 12.26133537292480468 8.64058208465576168 25
v 12.26133537292480468 8.64058208465576168 16.66666603088378904
v 11.94139575958251952 9.07761287689208984 25
v 11.94139575958251952 9.07761287689208984 16.66666603088378904
v 11.60588741302490232 9.5028085708618164 25
v 11.60588741302490232 9.5028085708618164 16.66666603088378904
v 11.2552471160888672 9.91561412811279296 25
v 11.2552471160888672 9.91561412811279296 16.66666603088378904
v 10.88993263244628912 10.3154916763305664 25
v 10.88993263244628912 10.3154916763305664 16.66666603088378904
v 10.51041889190673832 10.70191955566406248 25
v 10.51041889190673832 10.70191955566406248 16.66666603088378904
v 10.1172018051147461 11.07439517974853516 25
v 10.1172018051147461 11.07439517974853516 16.66666603088378904
v 9.71079444885253904 11.4324312210083008 25
v 9.71079444885253904 11.4324312210083008 16.66666603088378904
v 9.29172515869140624 11.77556133270263664 25
v 9.29172515869140624 11.77556133270263664 16.66666603088378904
v 8.86054229736328128 12.10333824157714844 25
v 8.86054229736328128 12.10333824157714844 16.66666603088378904
v 8.41780567169189456 12.41533470153808592 25
v 8.41780567169189456 12.41533470153808592 16.66666603088378904
v 7.96409463882446288 12.71114444732666016 25
v 7.96409463882446288 12.71114444732666016 16.66666603088378904
v 7.5 12.99038124084472656 25
v 7.5 12.99038124084472656 16.66666603088378904
v 7.02612638473510742 13.25268077850341796 25
v 7.02612638473510742 13.25268077850341796 16.66666603088378904
v 6.5430927276611328 13.49770164489746096 25
v 6.5430927276611328 13.49770164489746096 16.66666603088378904
v 6.05152750015258789 13.72512340545654304 25
v 6.05152750015258789 13.72512340545654304 16.66666603088378904
v 5.55207252502441408 13.93465042114257808 25
v 5.55207252502441408 13.93465042114257808 16.66666603088378904
v 5.04537820816040039 14.12600994110107422 25
v 5.04537820816040039 14.12600994110107422 16.66666603088378904
v 4.5321063995361328 14.2989511489868164 25
v 4.5321063995361328 14.2989511489868164 16.66666603088378904
v 4.0129251480102539 14.4532499313354492 25
v 4.0129251480102539 14.4532499313354492 16.66666603088378904
v 3.4885118007659912 14.58870410919189456 25
v 3.4885118007659912 14.58870410919189456 16.66666603088378904
v 2.959550142288208 14.7051372528076172 25
v 2.959550142288208 14.7051372528076172 16.66666603088378904
v 2.42672991752624512 14.80239772796630864 25
v 2.42672991752624512 14.80239772796630864 16.66666603088378904
v 1.89074563980102544 14.88035869598388672 25
v 1.89074563980102544 14.88035869598388672 16.66666603088378904
v 1.35229623317718504 14.93891906738281248 25
v 1.35229623317718504 14.93891906738281248 16.66666603088378904
v 0.8120836019515992 14.97800159454345696 25
v 0.8120836019515992 14.97800159454345696 16.66666603088378904
v 0.27081224322319032 14.9975547790527344 25
v 0.27081224322319032 14.9975547790527344 16.66666603088378904
v -0.27081224322319032 14.9975547790527344 25
v -0.27081224322319032 14.9975547790527344 16.66666603088378904
v -0.8120836019515992 14.97800159454345696 25
v -0.8120836019515992 14.97800159454345696 16.66666603088378904
v -1.35229623317718504 14.93891906738281248 25
v -1.35229623317718504 14.93891906738281248 16.66666603088378904
v -1.89074563980102544 14.88035869598388672 25
v -1.89074563980102544 14.88035869598388672 16.66666603088378904
v -2.42672991752624512 14.80239772796630864 25
v -2.42672991752624512 14.80239772796630864 16.66666603088378904
v -2.959550142288208 14.7051372528076172 25
v -2.959550142288208 14.7051372528076172 16.66666603088378904
v -3.4885118007659912 14.58870410919189456 25
v -3.4885118007659912 14.58870410919189456 16.66666603088378904
v -4.0129251480102539 14.4532499313354492 25
v -4.0129251480102539 14.4532499313354492 16.66666603088378904
v -4.5321063995361328 14.2989511489868164 25
v -4.5321063995361328 14.2989511489868164 16.66666603088378904
v -5.04537820816040039 14.12600994110107422 25
v -5.04537820816040039 14.12600994110107422 16.66666603088378904
v -5.55207252502441408 13.93465042114257808 25
v -5.55207252502441408 13.93465042114257808 16.66666603088378904
v -6.05152750015258789 13.72512340545654304 25
v -6.05152750015258789 13.72512340545654304 16.66666603088378904
v -6.5430927276611328 13.49770164489746096 25
v -6.5430927276611328 13.49770164489746096 16.66666603088378904
v -7.02612638473510742 13.25268077850341796 25
v -7.02612638473510742 13.25268077850341796 16.66666603088378904
v -7.5 12.99038124084472656 25
v -7.5 12.99038124084472656 16.66666603088378904
v -7.96409463882446288 12.71114444732666016 25
v -7.96409463882446288 12.71114444732666016 16.66666603088378904
v -8.41780567169189456 12.41533470153808592 25
v -8.41780567169189456 12.41533470153808592 16.66666603088378904
v -8.86054229736328128 12.10333824157714844 25
v -8.86054229736328128 12.10333824157714844 16.66666603088378904
v -9.29172515869140624 11.77556133270263664 25
v -9.29172515869140624 11.77556133270263664 16.66666603088378904
v -9.71079444885253904 11.4324312210083008 25
v -9.71079444885253904 11.4324312210083008 16.66666603088378904
v -10.1172018051147461 11.07439517974853516 25
v -10.1172018051147461 11.07439517974853516 16.66666603088378904
v -10.51041889190673832 10.70191955566406248 25
v -10.51041889190673832 10.70191955566406248 16.66666603088378904
v -10.88993263244628912 10.3154916763305664 25
v -10.88993263244628912 10.3154916763305664 16.66666603088378904
v -11.2552471160888672 9.91561412811279296 25
v -11.2552471160888672 9.91561412811279296 16.66666603088378904
v -11.60588741302490232 9.5028085708618164 25
v -11.60588741302490232 9.5028085708618164 16.66666603088378904
v -11.94139575958251952 9.07761287689208984 25
v -11.94139575958251952 9.07761287689208984 16.66666603088378904
v -12.26133537292480468 8.64058208465576168 25
v -12.26133537292480468 8.64058208465576168 16.66666603088378904
v -12.56528759002685544 8.19228553771972656 25
v -12.56528759002685544 8.19228553771972656 16.66666603088378904
v -12.85285758972167968 7.73330783843994144 25
v -12.85285758972167968 7.73330783843994144 16.66666603088378904
v -13.12366962432861328 7.26424741744995116 25
v -13.12366962432861328 7.26424741744995116 16.66666603088378904
v -13.37737178802490232 6.78571557998657232 25
v -13.37737178802490232 6.78571557998657232 16.66666603088378904
v -13.61363124847412112 6.29833650588989256 25
v -13.61363124847412112 6.29833650588989256 16.66666603088378904
v -13.8321418762207032 5.8027458190917968 25
v -13.8321418762207032 5.8027458190917968 16.66666603088378904
v -14.03261756896972656 5.2995891571044922 25
v -14.03261756896972656 5.2995891571044922 16.66666603088378904
v -14.21479797363281248 4.78952312469482416 25
v -14.21479797363281248 4.78952312469482416 16.66666603088378904
v -14.37844467163085936 4.27321195602416992 25
v -14.37844467163085936 4.27321195602416992 16.66666603088378904
v -14.52334403991699216 3.75132989883422848 25
v -14.52334403991699216 3.75132989883422848 16.66666603088378904
v -14.64930820465087888 3.22455668449401856 25
v -14.64930820465087888 3.22455668449401856 16.66666603088378904
v -14.7561731338500976 2.69357919692993168 25
v -14.7561731338500976 2.69357919692993168 16.66666603088378904
v -14.84379768371582032 2.15908980369567872 25
v -14.84379768371582032 2.15908980369567872 16.66666603088378904
v -14.91206932067871088 1.62178528308868408 25
v -14.91206932067871088 1.62178528308868408 16.66666603088378904
v -14.96089839935302736 1.08236634731292725 25
v -14.96089839935302736 1.08236634731292725 16.66666603088378904
v -14.99022102355957024 -0.54153621196746824 0
v -14.99022102355957024 -0.54153621196746824 8.33333301544189452
v -15 -1.8369700935892946E-15 0
v -15 -1.8369700935892946E-15 8.33333301544189452
v -14.99022102355957024 0.54153621196746824 0
v -14.99022102355957024 0.54153621196746824 8.33333301544189452
v -14.96089839935302736 1.08236634731292725 0
v -14.96089839935302736 1.08236634731292725 8.33333301544189452
v -14.91206932067871088 1.62178528308868408 0
v -14.91206932067871088 1.62178528308868408 8.33333301544189452
v -14.84379768371582032 2.15908980369567872 0
v -14.84379768371582032 2.15908980369567872 8.33333301544189452
v -14.7561731338500976 2.69357919692993168 0
v -14.7561731338500976 2.69357919692993168 8.33333301544189452
v -14.64930820465087888 3.22455668449401856 0
v -14.64930820465087888 3.22455668449401856 8.33333301544189452
v -14.52334403991699216 3.75132989883422848 0
v -14.52334403991699216 3.75132989883422848 8.33333301544189452
v -14.37844467163085936 4.27321195602416992 0
v -14.37844467163085936 4.27321195602416992 8.33333301544189452
v -14.21479797363281248 4.78952312469482416 0
v -14.21479797363281248 4.78952312469482416 8.33333301544189452
v -14.03261756896972656 5.2995891571044922 0
v -14.03261756896972656 5.2995891571044922 8.33333301544189452
v -13.8321418762207032 5.8027458190917968 0
v -13.8321418762207032 5.8027458190917968 8.33333301544189452
v -13.61363124847412112 6.29833650588989256 0
v -13.61363124847412112 6.29833650588989256 8.33333301544189452
v -13.37737178802490232 6.78571557998657232 0
v -13.37737178802490232 6.78571557998657232 8.33333301544189452
v -13.12366962432861328 7.26424741744995116 0
v -13.12366962432861328 7.26424741744995116 8.33333301544189452
v -12.85285758972167968 7.73330783843994144 0
v -12.85285758972167968 7.73330783843994144 8.33333301544189452
v -12.56528759002685544 8.19228553771972656 0
v -12.56528759002685544 8.19228553771972656 8.33333301544189452
v -12.26133537292480468 8.64058208465576168 0
v -12.26133537292480468 8.64058208465576168 8.33333301544189452
v -11.94139575958251952 9.07761287689208984 0
v -11.94139575958251952 9.07761287689208984 8.33333301544189452
v -11.60588741302490232 9.5028085708618164 0
v -11.60588741302490232 9.5028085708618164 8.33333301544189452
v -11.2552471160888672 9.91561412811279296 0
v -11.2552471160888672 9.91561412811279296 8.33333301544189452
v -10.88993263244628912 10.3154916763305664 0
v -10.88993263244628912 10.3154916763305664 8.33333301544189452
v -10.51041889190673832 10.70191955566406248 0
v -10.51041889190673832 10.70191955566406248 8.33333301544189452
v -10.1172018051147461 11.07439517974853516 0
v -10.1172018051147461 11.07439517974853516 8.33333301544189452
v -9.71079444885253904 11.4324312210083008 0
v -9.71079444885253904 11.4324312210083008 8.33333301544189452
v -9.29172515869140624 11.77556133270263664 0
v -9.29172515869140624 11.77556133270263664 8.33333301544189452
v -8.86054229736328128 12.10333824157714844 0
v -8.86054229736328128 12.10333824157714844 8.33333301544189452
v -8.41780567169189456 12.41533470153808592 0
v -8.41780567169189456 12.41533470153808592 8.33333301544189452
v -7.96409463882446288 12.71114444732666016 0
v -7.96409463882446288 12.71114444732666016 8.33333301544189452
v -7.5 12.99038124084472656 0
v -7.5 12.99038124084472656 8.33333301544189452
v -7.02612638473510742 13.25268077850341796 0
v -7.02612638473510742 13.25268077850341796 8.33333301544189452
v -6.5430927276611328 13.49770164489746096 0
v -6.5430927276611328 13.49770164489746096 8.33333301544189452
v -6.05152750015258789 13.72512340545654304 0
v -6.05152750015258789 13.72512340545654304 8.33333301544189452
v -5.55207252502441408 13.93465042114257808 0
v -5.55207252502441408 13.93465042114257808 8.33333301544189452
v -5.04537820816040039 14.12600994110107422 0
v -5.04537820816040039 14.12600994110107422 8.33333301544189452
v -4.5321063995361328 14.2989511489868164 0
v -4.5321063995361328 14.2989511489868164 8.33333301544189452
v -4.0129251480102539 14.4532499313354492 0
v -4.0129251480102539 14.4532499313354492 8.33333301544189452
v -3.4885118007659912 14.58870410919189456 0
v -3.4885118007659912 14.58870410919189456 8.33333301544189452
v -2.959550142288208 14.7051372528076172 0
v -2.959550142288208 14.7051372528076172 8.33333301544189452
v -2.42672991752624512 14.80239772796630864 0
v -2.42672991752624512 14.80239772796630864 8.33333301544189452
v -1.89074563980102544 14.88035869598388672 0
v -1.89074563980102544 14.88035869598388672 8.33333301544189452
v -1.35229623317718504 14.93891906738281248 0
v -1.35229623317718504 14.93891906738281248 8.33333301544189452
v -0.8120836019515992 14.97800159454345696 0
v -0.8120836019515992 14.97800159454345696 8.33333301544189452
v -0.27081224322319032 14.9975547790527344 0
v -0.27081224322319032 14.9975547790527344 8.33333301544189452
v 0.27081224322319032 14.9975547790527344 0
v 0.27081224322319032 14.9975547790527344 8.33333301544189452
v 0.8120836019515992 14.97800159454345696 0
v 0.8120836019515992 14.97800159454345696 8.33333301544189452
v 1.35229623317718504 14.93891906738281248 0
v 1.35229623317718504 14.93891906738281248 8.33333301544189452
v 1.89074563980102544 14.88035869598388672 0
v 1.89074563980102544 14.88035869598388672 8.33333301544189452
v 2.42672991752624512 14.80239772796630864 0
v 2.42672991752624512 14.80239772796630864 8.33333301544189452
v 2.959550142288208 14.7051372528076172 0
v 2.959550142288208 14.7051372528076172 8.33333301544189452
v 3.4885118007659912 14.58870410919189456 0
v 3.4885118007659912 14.58870410919189456 8.33333301544189452
v 4.0129251480102539 14.4532499313354492 0
v 4.0129251480102539 14.4532499313354492 8.33333301544189452
v 4.5321063995361328 14.2989511489868164 0
v 4.5321063995361328 14.2989511489868164 8.33333301544189452
v 5.04537820816040039 14.12600994110107422 0
v 5.04537820816040039 14.12600994110107422 8.33333301544189452
v 5.55207252502441408 13.93465042114257808 0
v 5.55207252502441408 13.93465042114257808 8.33333301544189452
v 6.05152750015258789 13.72512340545654304 0
v 6.05152750015258789 13.72512340545654304 8.33333301544189452
v 6.5430927276611328 13.49770164489746096 0
v 6.5430927276611328 13.49770164489746096 8.33333301544189452
v 7.02612638473510742 13.25268077850341796 0
v 7.02612638473510742 13.25268077850341796 8.33333301544189452
v 7.5 12.99038124084472656 0
v 7.5 12.99038124084472656 8.33333301544189452
v 7.96409463882446288 12.71114444732666016 0
v 7.96409463882446288 12.71114444732666016 8.33333301544189452
v 8.41780567169189456 12.41533470153808592 0
v 8.41780567169189456 12.41533470153808592 8.33333301544189452
v 8.86054229736328128 12.10333824157714844 0
v 8.86054229736328128 12.10333824157714844 8.33333301544189452
v 9.29172515869140624 11.77556133270263664 0
v 9.29172515869140624 11.77556133270263664 8.33333301544189452
v 9.71079444885253904 11.4324312210083008 0
v 9.71079444885253904 11.4324312210083008 8.33333301544189452
v 10.1172018051147461 11.07439517974853516 0
v 10.1172018051147461 11.07439517974853516 8.33333301544189452
v 10.51041889190673832 10.70191955566406248 0
v 10.51041889190673832 10.70191955566406248 8.33333301544189452
v 10.88993263244628912 10.3154916763305664 0
v 10.88993263244628912 10.3154916763305664 8.33333301544189452
v 11.2552471160888672 9.91561412811279296 0
v 11.2552471160888672 9.91561412811279296 8.33333301544189452
v 11.60588741302490232 9.5028085708618164 0
v 11.60588741302490232 9.5028085708618164 8.33333301544189452
v 11.94139575958251952 9.07761287689208984 0
v 11.94139575958251952 9.07761287689208984 8.33333301544189452
v 12.26133537292480468 8.64058208465576168 0
v 12.26133537292480468 8.64058208465576168 8.33333301544189452
v 12.56528759002685544 8.19228553771972656 0
v 12.56528759002685544 8.19228553771972656 8.33333301544189452
v 12.85285758972167968 7.73330783843994144 0
v 12.85285758972167968 7.73330783843994144 8.33333301544189452
v 13.12366962432861328 7.26424741744995116 0
v 13.12366962432861328 7.26424741744995116 8.33333301544189452
v 13.37737178802490232 6.78571557998657232 0
v 13.37737178802490232 6.78571557998657232 8.33333301544189452
v 13.61363124847412112 6.29833650588989256 0
v 13.61363124847412112 6.29833650588989256 8.33333301544189452
v 13.8321418762207032 5.8027458190917968 0
v 13.8321418762207032 5.8027458190917968 8.33333301544189452
v 14.03261756896972656 5.2995891571044922 0
v 14.03261756896972656 5.2995891571044922 8.33333301544189452
v 14.21479797363281248 4.78952312469482416 0
v 14.21479797363281248 4.78952312469482416 8.33333301544189452
v 14.37844467163085936 4.27321195602416992 0
v 14.37844467163085936 4.27321195602416992 8.33333301544189452
v 14.52334403991699216 3.75132989883422848 0
v 14.52334403991699216 3.75132989883422848 8.33333301544189452
v 14.64930820465087888 3.22455668449401856 0
v 14.64930820465087888 3.22455668449401856 8.33333301544189452
v 14.7561731338500976 2.69357919692993168 0
v 14.7561731338500976 2.69357919692993168 8.33333301544189452
v 14.84379768371582032 2.15908980369567872 0
v 14.84379768371582032 2.15908980369567872 8.33333301544189452
v 14.91206932067871088 1.62178528308868408 0
v 14.91206932067871088 1.62178528308868408 8.33333301544189452
v 14.96089839935302736 1.08236634731292725 0
v 14.96089839935302736 1.08236634731292725 8.33333301544189452
v 14.99022102355957024 0.54153621196746824 0
v 14.99022102355957024 0.54153621196746824 8.33333301544189452
v 15 0 0
v 15 0 8.33333301544189452
v 14.99022102355957024 -0.54153621196746824 0
v 14.99022102355957024 -0.54153621196746824 8.33333301544189452
v 14.96089839935302736 -1.08236634731292725 0
v 14.96089839935302736 -1.08236634731292725 8.33333301544189452
v 14.91206932067871088 -1.62178528308868408 0
v 14.91206932067871088 -1.62178528308868408 8.33333301544189452
v 14.84379768371582032 -2.15908980369567872 0
v 14.84379768371582032 -2.15908980369567872 8.33333301544189452
v 14.7561731338500976 -2.69357919692993168 0
v 14.7561731338500976 -2.69357919692993168 8.33333301544189452
v 14.64930820465087888 -3.22455668449401856 0
v 14.64930820465087888 -3.22455668449401856 8.33333301544189452
v 14.52334403991699216 -3.75132989883422848 0
v 14.52334403991699216 -3.75132989883422848 8.33333301544189452
v 14.37844467163085936 -4.27321195602416992 0
v 14.37844467163085936 -4.27321195602416992 8.33333301544189452
v 14.21479797363281248 -4.78952312469482416 0
v 14.21479797363281248 -4.78952312469482416 8.33333301544189452
v 14.03261756896972656 -5.2995891571044922 0
v 14.03261756896972656 -5.2995891571044922 8.33333301544189452
v 13.8321418762207032 -5.8027458190917968 0
v 13.8321418762207032 -5.8027458190917968 8.33333301544189452
v 13.61363124847412112 -6.29833650588989256 0
v 13.61363124847412112 -6.29833650588989256 8.33333301544189452
v 13.37737178802490232 -6.78571557998657232 0
v 13.37737178802490232 -6.78571557998657232 8.33333301544189452
v 13.12366962432861328 -7.26424741744995116 0
v 13.12366962432861328 -7.26424741744995116 8.33333301544189452
v 12.85285758972167968 -7.73330783843994144 0
v 12.85285758972167968 -7.73330783843994144 8.33333301544189452
v 12.56528759002685544 -8.19228553771972656 0
v 12.56528759002685544 -8.19228553771972656 8.33333301544189452
v 12.26133537292480468 -8.64058208465576168 0
v 12.26133537292480468 -8.64058208465576168 8.33333301544189452
v 11.94139575958251952 -9.07761287689208984 0
v 11.94139575958251952 -9.07761287689208984 8.33333301544189452
v 11.60588741302490232 -9.5028085708618164 0
v 11.60588741302490232 -9.5028085708618164 8.33333301544189452
v 11.2552471160888672 -9.91561412811279296 0
v 11.2552471160888672 -9.91561412811279296 8.33333301544189452
v 10.88993263244628912 -10.3154916763305664 0
v 10.88993263244628912 -10.3154916763305664 8.33333301544189452
v 10.51041889190673832 -10.70191955566406248 0
v 10.51041889190673832 -10.70191955566406248 8.33333301544189452
v 10.1172018051147461 -11.07439517974853516 0
v 10.1172018051147461 -11.07439517974853516 8.33333301544189452
v 9.71079444885253904 -11.4324312210083008 0
v 9.71079444885253904 -11.4324312210083008 8.33333301544189452
v 9.29172515869140624 -11.77556133270263664 0
v 9.29172515869140624 -11.77556133270263664 8.33333301544189452
v 8.86054229736328128 -12.10333824157714844 0
v 8.86054229736328128 -12.10333824157714844 8.33333301544189452
v 8.41780567169189456 -12.41533470153808592 0
v 8.41780567169189456 -12.41533470153808592 8.33333301544189452
v 7.96409463882446288 -12.71114444732666016 0
v 7.96409463882446288 -12.71114444732666016 8.33333301544189452
v 7.5 -12.99038124084472656 0
v 7.5 -12.99038124084472656 8.33333301544189452
v 7.02612638473510742 -13.25268077850341796 0
v 7.02612638473510742 -13.25268077850341796 8.33333301544189452
v 6.5430927276611328 -13.49770164489746096 0
v 6.5430927276611328 -13.49770164489746096 8.33333301544189452
v 6.05152750015258789 -13.72512340545654304 0
v 6.05152750015258789 -13.72512340545654304 8.33333301544189452
v 5.55207252502441408 -13.93465042114257808 0
v 5.55207252502441408 -13.93465042114257808 8.33333301544189452
v 5.04537820816040039 -14.12600994110107422 0
v 5.04537820816040039 -14.12600994110107422 8.33333301544189452
v 4.5321063995361328 -14.2989511489868164 0
v 4.5321063995361328 -14.2989511489868164 8.33333301544189452
v 4.0129251480102539 -14.4532499313354492 0
v 4.0129251480102539 -14.4532499313354492 8.33333301544189452
v 3.4885118007659912 -14.58870410919189456 0
v 3.4885118007659912 -14.58870410919189456 8.33333301544189452
v 2.959550142288208 -14.7051372528076172 0
v 2.959550142288208 -14.7051372528076172 8.33333301544189452
v 2.42672991752624512 -14.80239772796630864 0
v 2.42672991752624512 -14.80239772796630864 8.33333301544189452
v 1.89074563980102544 -14.88035869598388672 0
v 1.89074563980102544 -14.88035869598388672 8.33333301544189452
v 1.35229623317718504 -14.93891906738281248 0
v 1.35229623317718504 -14.93891906738281248 8.33333301544189452
v 0.8120836019515992 -14.97800159454345696 0
v 0.8120836019515992 -14.97800159454345696 8.33333301544189452
v 0.27081224322319032 -14.9975547790527344 0
v 0.27081224322319032 -14.9975547790527344 8.33333301544189452
v -0.27081224322319032 -14.9975547790527344 0
v -0.27081224322319032 -14.9975547790527344 8.33333301544189452
v -0.8120836019515992 -14.97800159454345696 0
v -0.8120836019515992 -14.97800159454345696 8.33333301544189452
v -1.35229623317718504 -14.93891906738281248 0
v -1.35229623317718504 -14.93891906738281248 8.33333301544189452
v -1.89074563980102544 -14.88035869598388672 0
v -1.89074563980102544 -14.88035869598388672 8.33333301544189452
v -2.42672991752624512 -14.80239772796630864 0
v -2.42672991752624512 -14.80239772796630864 8.33333301544189452
v -2.959550142288208 -14.7051372528076172 0
v -2.959550142288208 -14.7051372528076172 8.33333301544189452
v -3.4885118007659912 -14.58870410919189456 0
v -3.4885118007659912 -14.58870410919189456 8.33333301544189452
v -4.0129251480102539 -14.4532499313354492 0
v -4.0129251480102539 -14.4532499313354492 8.33333301544189452
v -4.5321063995361328 -14.2989511489868164 0
v -4.5321063995361328 -14.2989511489868164 8.33333301544189452
v -5.04537820816040039 -14.12600994110107422 0
v -5.04537820816040039 -14.12600994110107422 8.33333301544189452
v -5.55207252502441408 -13.93465042114257808 0
v -5.55207252502441408 -13.93465042114257808 8.33333301544189452
v -6.05152750015258789 -13.72512340545654304 0
v -6.05152750015258789 -13.72512340545654304 8.33333301544189452
v -6.5430927276611328 -13.49770164489746096 0
v -6.5430927276611328 -13.49770164489746096 8.33333301544189452
v -7.02612638473510742 -13.25268077850341796 0
v -7.02612638473510742 -13.25268077850341796 8.33333301544189452
v -7.5 -12.99038124084472656 0
v -7.5 -12.99038124084472656 8.33333301544189452
v -7.96409463882446288 -12.71114444732666016 0
v -7.96409463882446288 -12.71114444732666016 8.33333301544189452
v -8.41780567169189456 -12.41533470153808592 0
v -8.41780567169189456 -12.41533470153808592 8.33333301544189452
v -8.86054229736328128 -12.10333824157714844 0
v -8.86054229736328128 -12.10333824157714844 8.33333301544189452
v -9.29172515869140624 -11.77556133270263664 0
v -9.29172515869140624 -11.77556133270263664 8.33333301544189452
v -9.71079444885253904 -11.4324312210083008 0
v -9.71079444885253904 -11.4324312210083008 8.33333301544189452
v -10.1172018051147461 -11.07439517974853516 0
v -10.1172018051147461 -11.07439517974853516 8.33333301544189452
v -10.51041889190673832 -10.70191955566406248 0
v -10.51041889190673832 -10.70191955566406248 8.33333301544189452
v -10.88993263244628912 -10.3154916763305664 0
v -10.88993263244628912 -10.3154916763305664 8.33333301544189452
v -11.2552471160888672 -9.91561412811279296 0
v -11.2552471160888672 -9.91561412811279296 8.33333301544189452
v -11.60588741302490232 -9.5028085708618164 0
v -11.60588741302490232 -9.5028085708618164 8.33333301544189452
v -11.94139575958251952 -9.07761287689208984 0
v -11.94139575958251952 -9.07761287689208984 8.33333301544189452
v -12.26133537292480468 -8.64058208465576168 0
v -12.26133537292480468 -8.64058208465576168 8.33333301544189452
v -12.56528759002685544 -8.19228553771972656 0
v -12.56528759002685544 -8.19228553771972656 8.33333301544189452
v -12.85285758972167968 -7.73330783843994144 0
v -12.85285758972167968 -7.73330783843994144 8.33333301544189452
v -13.12366962432861328 -7.26424741744995116 0
v -13.12366962432861328 -7.26424741744995116 8.33333301544189452
v -13.37737178802490232 -6.78571557998657232 0
v -13.37737178802490232 -6.78571557998657232 8.33333301544189452
v -13.61363124847412112 -6.29833650588989256 0
v -13.61363124847412112 -6.29833650588989256 8.33333301544189452
v -13.8321418762207032 -5.8027458190917968 0
v -13.8321418762207032 -5.8027458190917968 8.33333301544189452
v -14.03261756896972656 -5.2995891571044922 0
v -14.03261756896972656 -5.2995891571044922 8.33333301544189452
v -14.21479797363281248 -4.78952312469482416 0
v -14.21479797363281248 -4.78952312469482416 8.33333301544189452
v -14.37844467163085936 -4.27321195602416992 0
v -14.37844467163085936 -4.27321195602416992 8.33333301544189452
v -14.52334403991699216 -3.75132989883422848 0
v -14.52334403991699216 -3.75132989883422848 8.33333301544189452
v -14.64930820465087888 -3.22455668449401856 0
v -14.64930820465087888 -3.22455668449401856 8.33333301544189452
v -14.7561731338500976 -2.69357919692993168 0
v -14.7561731338500976 -2.69357919692993168 8.33333301544189452
v -14.84379768371582032 -2.15908980369567872 0
v -14.84379768371582032 -2.15908980369567872 8.33333301544189452
v -14.91206932067871088 -1.62178528308868408 0
v -14.91206932067871088 -1.62178528308868408 8.33333301544189452
v -14.96089839935302736 -1.08236634731292725 0
v -14.96089839935302736 -1.08236634731292725 8.33333301544189452
# 1139 vertices

vn 0.706775426864624 0.01866316422820091 -0.70719176530838016
vn 0.70704030990600584 0.01371303107589483 -0.70704030990600584
vn 0.70704030990600584 -0.01371303107589483 -0.70704030990600584
vn 0.70604830980300904 0.04112263023853302 -0.70696866512298584
vn 0.70474797487258912 0.0559329055249691 -0.70724946260452272
vn 0.70391339063644408 0.06846807897090912 -0.70697808265686032
vn 0.70090585947036744 0.09306047856807708 -0.70715677738189696
vn 0.70063954591751096 0.09569885581731796 -0.70706856250762936
vn 0.69645321369171144 0.12280349433422088 -0.70701640844345096
vn 0.6949570178985596 0.12990997731685638 -0.70721858739852904
vn 0.6912192702293396 0.14972753822803498 -0.70696359872817992
vn 0.68711036443710328 0.16640019416809082 -0.70724129676818848
vn 0.68486630916595456 0.17641016840934754 -0.70699191093444824
vn 0.67749339342117312 0.20246735215187072 -0.7071136236190796
vn 0.67740625143051144 0.20280210673809052 -0.70710122585296632
vn 0.66913169622421264 0.22895003855228424 -0.70699691772460936
vn 0.66574746370315552 0.2378985285758972 -0.70723730325698856
vn 0.65978252887725832 0.25473588705062868 -0.70696294307708744
vn 0.65227580070495608 0.27270677685737608 -0.7072250247001648
vn 0.6493656039237976 0.28010898828506468 -0.70701009035110472
vn 0.63795477151870728 0.30504846572875976 -0.70707792043685912
vn 0.63704705238342288 0.30678567290306092 -0.7071446776390076
vn 0.62573164701461792 0.32960078120231628 -0.7069817781448364
vn 0.61987805366516112 0.33992889523506164 -0.70724785327911376
vn 0.61249375343322752 0.35362342000007628 -0.70696669816970824
vn 0.60111445188522336 0.3721943199634552 -0.70720064640045168
vn 0.59826540946960448 0.37707197666168216 -0.70703268051147464
vn 0.58318150043487552 0.39997753500938416 -0.70704829692840576
vn 0.58064931631088256 0.40341025590896608 -0.70718210935592648
vn 0.5672956109046936 0.42233592271804808 -0.70697104930877688
vn 0.55849611759185792 0.43345019221305848 -0.7072502970695496
vn 0.55048978328704832 0.44401305913925168 -0.70697480440139768
vn 0.53490453958511352 0.46237474679946896 -0.70716810226440432
vn 0.5327951908111572 0.46496883034706112 -0.70705962181091312
vn 0.5143916606903076 0.48530352115631104 -0.70702308416366576
vn 0.5097258687019348 0.4899301528930664 -0.7072113752365112
vn 0.49522790312767032 0.50492596626281736 -0.70696467161178592
vn 0.48313659429550168 0.51612406969070432 -0.70724463462829592
vn 0.47526159882545472 0.52373218536376952 -0.70698732137680056
vn 0.45530015230178832 0.54099220037460328 -0.70712745189666752
vn 0.45452964305877688 0.54168736934661864 -0.70709097385406496
vn 0.43323799967765808 0.55897456407547 -0.7070022821426392
vn 0.42605122923851016 0.56418299674987792 -0.70723253488540648
vn 0.4112607538700104 0.57538539171218872 -0.70696270465850832
vn 0.39568352699279784 0.5858832597732544 -0.707230806350708
vn 0.38861790299415592 0.5908648371696472 -0.707004189491272
vn 0.36537152528762816 0.60541784763336184 -0.70708763599395752
vn 0.36426287889480592 0.60603386163711544 -0.70713186264038088
vn 0.34167060256004332 0.6192190051078796 -0.70698583126068112
vn 0.33171823620796204 0.62431299686431888 -0.70724552869796752
vn 0.31741249561309816 0.63202029466629032 -0.70696508884429928
vn 0.29832312464714052 0.64098280668258664 -0.70720881223678592
vn 0.29264202713966368 0.6437978744506836 -0.707025408744812
vn 0.26744660735130312 0.654632031917572 -0.70705670118331912
vn 0.26409316062927248 0.65586805343627928 -0.7071717381477356
vn 0.24189023673534392 0.66458797454833984 -0.70697379112243656
vn 0.22908595204353332 0.66881722211837768 -0.70725041627883912
vn 0.21593925356864928 0.67346936464309696 -0.70697188377380368
vn 0.19348926842212676 0.68004423379898072 -0.70717871189117432
vn 0.18964160978794096 0.68125975131988528 -0.70705109834671024
vn 0.16308769583702088 0.68812114000320432 -0.7070302367210388
vn 0.15732455253601074 0.68928384780883792 -0.70720344781875608
vn 0.13629524409770966 0.69399029016494752 -0.70696610212326048
vn 0.12072063982486724 0.69658303260803224 -0.70724719762802128
vn 0.10928039252758026 0.69873648881912232 -0.70698308944702152
vn 0.08380263298749924 0.7020893096923828 -0.70714050531387328
vn 0.08209306746721268 0.70235109329223632 -0.70708107948303224
vn 0.05480306223034859 0.70507884025573728 -0.7070080637931824
vn 0.04662713035941124 0.705447256565094 -0.70722705125808712
vn 0.02742390893399715 0.70671880245208744 -0.70696282386779784
vn 0.00933181308209896 0.70691615343093872 -0.70723581314086912
vn 0 0.70721489191055296 -0.70699864625930784
vn -0.02741867862641811 0.70658403635025024 -0.70709776878356936
vn -0.02799358777701854 0.70654088258743288 -0.70711833238601688
vn -0.05480444058775902 0.7050965428352356 -0.70699030160903928
vn -0.06523105502128601 0.7039552330970764 -0.707242488861084
vn -0.08210666477680206 0.70246744155883792 -0.70696395635604856
vn -0.1022954285144806 0.69955754280090336 -0.7072162628173828
vn -0.10927490890026092 0.6987014412879944 -0.7070186138153076
vn -0.13627609610557556 0.69389277696609496 -0.70706552267074584
vn -0.13908320665359498 0.69323855638504032 -0.70716065168380736
vn -0.1630999743938446 0.68817293643951416 -0.7069769501686096
vn -0.17545315623283386 0.68484586477279664 -0.70724982023239136
vn -0.18966349959373476 0.681338369846344 -0.70696943998336792
vn -0.21136993169784544 0.674690306186676 -0.70718860626220704
vn -0.21591757237911224 0.67340171337127688 -0.707042932510376
vn -0.24186839163303376 0.66452795267105104 -0.70703768730163576
vn -0.24668021500110628 0.66258913278579712 -0.70719480514526368
vn -0.26748016476631164 0.65471416711807248 -0.70696794986724856
vn -0.28128325939178468 0.6485974192619324 -0.70724898576736448
vn -0.2926611304283142 0.64383983612060544 -0.70697927474975584
vn -0.31516408920288084 0.63293480873107912 -0.70715284347534176
vn -0.31736472249031068 0.631925106048584 -0.70707160234451296
vn -0.341656893491745 0.61919414997100832 -0.70701426267623904
vn -0.34809473156929016 0.61536067724227904 -0.70722085237503048
vn -0.36543571949005128 0.60552418231964112 -0.7069633603096008
vn -0.38007518649101256 0.59611606597900392 -0.70724004507064816
vn -0.38862374424934384 0.59087371826171872 -0.7069935202598572
vn -0.41108199954032896 0.57533347606658936 -0.70710891485214232
vn -0.41117820143699648 0.575269877910614 -0.70710468292236328
vn -0.43324235081672672 0.5589802265167236 -0.70699518918991088
vn -0.44079157710075376 0.55273514986038208 -0.70723873376846312
vn -0.45461177825927736 0.54178524017333984 -0.70696312189102176
vn -0.46935856342315672 0.5287137031555176 -0.7072229981422424
vn -0.4752449095249176 0.52371376752853392 -0.70701217651367184
vn -0.49515086412429808 0.50484740734100344 -0.707074761390686
vn -0.49665963649749752 0.50325918197631832 -0.70714879035949704
vn -0.5144226551055908 0.48533275723457336 -0.70698052644729616
vn -0.52245348691940304 0.47627928853034976 -0.70724844932556152
vn -0.53286468982696536 0.46502950787544248 -0.706967294216156
vn -0.54690045118331912 0.44807502627372744 -0.70719778537750248
vn -0.55044287443161008 0.44397518038749696 -0.7070351839065552
vn -0.56723582744598392 0.42229142785072328 -0.70704561471939088
vn -0.56979554891586304 0.41859504580497744 -0.7071853876113892
vn -0.58324587345123288 0.40002170205116272 -0.70697021484375
vn -0.59103888273239136 0.38790503144264224 -0.7072501182556152
vn -0.59831345081329344 0.377102255821228 -0.70697587728500368
vn -0.61076110601425168 0.35621535778045656 -0.70716440677642824
vn -0.61241072416305544 0.35357549786567688 -0.70706254243850712
vn -0.62569707632064816 0.3295825719833374 -0.70702081918716432
vn -0.62866532802581784 0.32346317172050476 -0.70721387863159176
vn -0.63805723190307616 0.30509746074676512 -0.7069643139839172
vn -0.64483302831649784 0.28982219099998476 -0.70724362134933472
vn -0.64938515424728392 0.2801174223423004 -0.70698881149291992
vn -0.6593424081802368 0.25543060898780824 -0.70712292194366456
vn -0.65966004133224488 0.2546885907649994 -0.7070943117141724
vn -0.6691283583641052 0.22894887626171112 -0.70700043439865112
vn -0.67179822921752928 0.2202429324388504 -0.70723420381546024
vn -0.67753881216049192 0.20284181833267212 -0.70696276426315304
vn -0.68249046802520752 0.18448299169540404 -0.70722895860672
vn -0.68485260009765624 0.1764066368341446 -0.7070060968399048
vn -0.69110131263732912 0.14970199763774872 -0.70708435773849488
vn -0.69136619567871096 0.14822667837142944 -0.70713621377944944
vn -0.6964846849441528 0.1228090450167656 -0.70698446035385128
vn -0.69811660051345824 0.11151563376188278 -0.7072464227676392
vn -0.70074152946472168 0.09571278095245362 -0.70696562528610232
vn -0.70306897163391112 0.07452112436294556 -0.70720618963241576
vn -0.70386397838592528 0.06846326589584351 -0.70702779293060304
vn -0.70596325397491456 0.04111767932772636 -0.70705389976501464
vn -0.70605295896530152 0.03731419146060943 -0.70717525482177736
vn -0.7071077227592468 0.01371433958411216 -0.70697283744812008
vn -0.70696306228637696 0 -0.70725047588348392
vn -0.7071077227592468 -0.01371433958411216 -0.70697283744812008
vn -0.70605295896530152 -0.03731419146060943 -0.70717525482177736
vn -0.70596325397491456 -0.04111767932772636 -0.70705389976501464
vn -0.70386397838592528 -0.06846326589584351 -0.70702779293060304
vn -0.70306897163391112 -0.07452112436294556 -0.70720618963241576
vn -0.70074152946472168 -0.09571278095245362 -0.70696562528610232
vn -0.69811660051345824 -0.11151563376188278 -0.7072464227676392
vn -0.6964846849441528 -0.1228090450167656 -0.70698446035385128
vn -0.69136619567871096 -0.14822667837142944 -0.70713621377944944
vn -0.69110131263732912 -0.14970199763774872 -0.70708435773849488
vn -0.68485260009765624 -0.1764066368341446 -0.7070060968399048
vn -0.68249046802520752 -0.18448299169540404 -0.70722895860672
vn -0.67753881216049192 -0.20284181833267212 -0.70696276426315304
vn -0.67179822921752928 -0.2202429324388504 -0.70723420381546024
vn -0.6691283583641052 -0.22894887626171112 -0.70700043439865112
vn -0.65966004133224488 -0.2546885907649994 -0.7070943117141724
vn -0.6593424081802368 -0.25543060898780824 -0.70712292194366456
vn -0.64938515424728392 -0.2801174223423004 -0.70698881149291992
vn -0.64483302831649784 -0.28982219099998476 -0.70724362134933472
vn -0.63805723190307616 -0.30509746074676512 -0.7069643139839172
vn -0.62866532802581784 -0.32346317172050476 -0.70721387863159176
vn -0.62569707632064816 -0.3295825719833374 -0.70702081918716432
vn -0.61241072416305544 -0.35357549786567688 -0.70706254243850712
vn -0.61076110601425168 -0.35621535778045656 -0.70716440677642824
vn -0.59831345081329344 -0.377102255821228 -0.70697587728500368
vn -0.59103888273239136 -0.38790503144264224 -0.7072501182556152
vn -0.58324587345123288 -0.40002170205116272 -0.70697021484375
vn -0.56979554891586304 -0.41859504580497744 -0.7071853876113892
vn -0.56723582744598392 -0.42229142785072328 -0.70704561471939088
vn -0.55044287443161008 -0.44397518038749696 -0.7070351839065552
vn -0.54690045118331912 -0.44807502627372744 -0.70719778537750248
vn -0.53286468982696536 -0.46502950787544248 -0.706967294216156
vn -0.52245348691940304 -0.47627928853034976 -0.70724844932556152
vn -0.5144226551055908 -0.48533275723457336 -0.70698052644729616
vn -0.49665963649749752 -0.50325918197631832 -0.70714879035949704
vn -0.49515086412429808 -0.50484740734100344 -0.707074761390686
vn -0.4752449095249176 -0.52371376752853392 -0.70701217651367184
vn -0.46935856342315672 -0.5287137031555176 -0.7072229981422424
vn -0.45461177825927736 -0.54178524017333984 -0.70696312189102176
vn -0.44079157710075376 -0.55273514986038208 -0.70723873376846312
vn -0.43324235081672672 -0.5589802265167236 -0.70699518918991088
vn -0.41117820143699648 -0.575269877910614 -0.70710468292236328
vn -0.41108199954032896 -0.57533347606658936 -0.70710891485214232
vn -0.38862374424934384 -0.59087371826171872 -0.7069935202598572
vn -0.38007518649101256 -0.59611606597900392 -0.70724004507064816
vn -0.36543571949005128 -0.60552418231964112 -0.7069633603096008
vn -0.34809473156929016 -0.61536067724227904 -0.70722085237503048
vn -0.341656893491745 -0.61919414997100832 -0.70701426267623904
vn -0.31736472249031068 -0.631925106048584 -0.70707160234451296
vn -0.31516408920288084 -0.63293480873107912 -0.70715284347534176
vn -0.2926611304283142 -0.64383983612060544 -0.70697927474975584
vn -0.28128325939178468 -0.6485974192619324 -0.70724898576736448
vn -0.26748016476631164 -0.65471416711807248 -0.70696794986724856
vn -0.24668021500110628 -0.66258913278579712 -0.70719480514526368
vn -0.24186839163303376 -0.66452795267105104 -0.70703768730163576
vn -0.21591757237911224 -0.67340171337127688 -0.707042932510376
vn -0.21136993169784544 -0.674690306186676 -0.70718860626220704
vn -0.18966349959373476 -0.681338369846344 -0.70696943998336792
vn -0.17545315623283386 -0.68484586477279664 -0.70724982023239136
vn -0.1630999743938446 -0.68817293643951416 -0.7069769501686096
vn -0.13908320665359498 -0.69323855638504032 -0.70716065168380736
vn -0.13627609610557556 -0.69389277696609496 -0.70706552267074584
vn -0.10927490890026092 -0.6987014412879944 -0.7070186138153076
vn -0.1022954285144806 -0.69955754280090336 -0.7072162628173828
vn -0.08210666477680206 -0.70246744155883792 -0.70696395635604856
vn -0.06523105502128601 -0.7039552330970764 -0.707242488861084
vn -0.05480444058775902 -0.7050965428352356 -0.70699030160903928
vn -0.02799358777701854 -0.70654088258743288 -0.70711833238601688
vn -0.02741867862641811 -0.70658403635025024 -0.70709776878356936
vn 0 -0.70721489191055296 -0.70699864625930784
vn 0.00933181308209896 -0.70691615343093872 -0.70723581314086912
vn 0.02742390893399715 -0.70671880245208744 -0.70696282386779784
vn 0.04662713035941124 -0.705447256565094 -0.70722705125808712
vn 0.05480306223034859 -0.70507884025573728 -0.7070080637931824
vn 0.08209306746721268 -0.70235109329223632 -0.70708107948303224
vn 0.08380263298749924 -0.7020893096923828 -0.70714050531387328
vn 0.10928039252758026 -0.69873648881912232 -0.70698308944702152
vn 0.12072063982486724 -0.69658303260803224 -0.70724719762802128
vn 0.13629524409770966 -0.69399029016494752 -0.70696610212326048
vn 0.15732455253601074 -0.68928384780883792 -0.70720344781875608
vn 0.16308769583702088 -0.68812114000320432 -0.7070302367210388
vn 0.18964160978794096 -0.68125975131988528 -0.70705109834671024
vn 0.19348926842212676 -0.68004423379898072 -0.70717871189117432
vn 0.21593925356864928 -0.67346936464309696 -0.70697188377380368
vn 0.22908595204353332 -0.66881722211837768 -0.70725041627883912
vn 0.24189023673534392 -0.66458797454833984 -0.70697379112243656
vn 0.26409316062927248 -0.65586805343627928 -0.7071717381477356
vn 0.26744660735130312 -0.654632031917572 -0.70705670118331912
vn 0.29264202713966368 -0.6437978744506836 -0.707025408744812
vn 0.29832312464714052 -0.64098280668258664 -0.70720881223678592
vn 0.31741249561309816 -0.63202029466629032 -0.70696508884429928
vn 0.33171823620796204 -0.62431299686431888 -0.70724552869796752
vn 0.34167060256004332 -0.6192190051078796 -0.70698583126068112
vn 0.36426287889480592 -0.60603386163711544 -0.70713186264038088
vn 0.36537152528762816 -0.60541784763336184 -0.70708763599395752
vn 0.38861790299415592 -0.5908648371696472 -0.707004189491272
vn 0.39568352699279784 -0.5858832597732544 -0.707230806350708
vn 0.4112607538700104 -0.57538539171218872 -0.70696270465850832
vn 0.42605122923851016 -0.56418299674987792 -0.70723253488540648
vn 0.43323799967765808 -0.55897456407547 -0.7070022821426392
vn 0.45452964305877688 -0.54168736934661864 -0.70709097385406496
vn 0.45530015230178832 -0.54099220037460328 -0.70712745189666752
vn 0.47526159882545472 -0.52373218536376952 -0.70698732137680056
vn 0.48313659429550168 -0.51612406969070432 -0.70724463462829592
vn 0.49522790312767032 -0.50492596626281736 -0.70696467161178592
vn 0.5097258687019348 -0.4899301528930664 -0.7072113752365112
vn 0.5143916606903076 -0.48530352115631104 -0.70702308416366576
vn 0.5327951908111572 -0.46496883034706112 -0.70705962181091312
vn 0.53490453958511352 -0.46237474679946896 -0.70716810226440432
vn 0.55048978328704832 -0.44401305913925168 -0.70697480440139768
vn 0.55849611759185792 -0.43345019221305848 -0.7072502970695496
vn 0.5672956109046936 -0.42233592271804808 -0.70697104930877688
vn 0.58064931631088256 -0.40341025590896608 -0.70718210935592648
vn 0.58318150043487552 -0.39997753500938416 -0.70704829692840576
vn 0.59826540946960448 -0.37707197666168216 -0.70703268051147464
vn 0.60111445188522336 -0.3721943199634552 -0.70720064640045168
vn 0.61249375343322752 -0.35362342000007628 -0.70696669816970824
vn 0.61987805366516112 -0.33992889523506164 -0.70724785327911376
vn 0.62573164701461792 -0.32960078120231628 -0.7069817781448364
vn 0.63704705238342288 -0.30678567290306092 -0.7071446776390076
vn 0.63795477151870728 -0.30504846572875976 -0.70707792043685912
vn 0.6493656039237976 -0.28010898828506468 -0.70701009035110472
vn 0.65227580070495608 -0.27270677685737608 -0.7072250247001648
vn 0.65978252887725832 -0.25473588705062868 -0.70696294307708744
vn 0.66574746370315552 -0.2378985285758972 -0.70723730325698856
vn 0.66913169622421264 -0.22895003855228424 -0.70699691772460936
vn 0.67740625143051144 -0.20280210673809052 -0.70710122585296632
vn 0.67749339342117312 -0.20246735215187072 -0.7071136236190796
vn 0.68486630916595456 -0.17641016840934754 -0.70699191093444824
vn 0.68711036443710328 -0.16640019416809082 -0.70724129676818848
vn 0.6912192702293396 -0.14972753822803498 -0.70696359872817992
vn 0.6949570178985596 -0.12990997731685638 -0.70721858739852904
vn 0.69645321369171144 -0.12280349433422088 -0.70701640844345096
vn 0.70063954591751096 -0.09569885581731796 -0.70706856250762936
vn 0.70090585947036744 -0.09306047856807708 -0.70715677738189696
vn 0.70391339063644408 -0.06846807897090912 -0.70697808265686032
vn 0.70474797487258912 -0.0559329055249691 -0.70724946260452272
vn 0.70604830980300904 -0.04112263023853302 -0.70696866512298584
vn 0.706775426864624 -0.01866316422820091 -0.70719176530838016
vn 0.9998119473457336 -0.01939133182168007 -1.2678013614504268E-17
vn 0.9998119473457336 -0.01939133182168007 6.8603981860887025E-18
vn 0.9998119473457336 0.01939133182168007 -6.8603981860887025E-18
vn 0.9998119473457336 0.01939133182168007 1.2678013614504268E-17
vn 0.99830818176269536 0.05814483016729355 3.801497433039346E-17
vn 0.99830818176269536 0.05814483016729355 0
vn 0.99530279636383056 0.09681086987257004 0
vn 0.99530279636383056 0.09681086987257004 -1.3434536790005261E-16
vn 0.99080038070678704 0.13533130288124084 -1.0874731754997841E-16
vn 0.99080038070678704 0.13533130288124084 0
vn 0.98480772972106928 0.1736481785774231 0
vn 0.98480772972106928 0.1736481785774231 1.1138873685643174E-16
vn 0.9773338437080384 0.2117038667201996 1.3580002787295367E-16
vn 0.9773338437080384 0.2117038667201996 0
vn 0.96838998794555664 0.24944114685058592 0
vn 0.96838998794555664 0.24944114685058592 -2.4687744041660005E-16
vn 0.95798951387405392 0.2868032455444336 -2.2249265888434923E-16
vn 0.95798951387405392 0.2868032455444336 0
vn 0.94614815711975104 0.32373395562171936 0
vn 0.94614815711975104 0.32373395562171936 3.689308580920004E-17
vn 0.93288367986679072 0.36017772555351256 6.468669518939414E-17
vn 0.93288367986679072 0.36017772555351256 0
vn 0.91821610927581792 0.39607977867126464 0
vn 0.91821610927581792 0.39607977867126464 5.3295283262738525E-17
vn 0.9021674394607544 0.43138605356216432 7.736838644890182E-17
vn 0.9021674394607544 0.43138605356216432 0
vn 0.8847618103027344 0.46604353189468384 0
vn 0.8847618103027344 0.46604353189468384 -2.479310170540864E-16
vn 0.86602538824081424 0.5 -2.1673057167686404E-16
vn 0.86602538824081424 0.5 0
vn 0.84598642587661744 0.53320443630218504 0
vn 0.84598642587661744 0.53320443630218504 9.612550754937467E-17
vn 0.82467502355575568 0.5656068921089172 1.1632022884979529E-16
vn 0.82467502355575568 0.5656068921089172 0
vn 0.80212318897247312 0.59715861082077024 0
vn 0.80212318897247312 0.59715861082077024 -6.24319398059175E-17
vn 0.778364896774292 0.62781214714050296 -2.718858135603199E-17
vn 0.778364896774292 0.62781214714050296 0
vn 0.75343590974807744 0.65752136707305912 0
vn 0.75343590974807744 0.65752136707305912 -3.163467152367635E-16
vn 0.72737365961074832 0.68624162673950192 -2.952461451388136E-16
vn 0.72737365961074832 0.68624162673950192 0
vn 0.70021736621856688 0.71392971277236936 0
vn 0.70021736621856688 0.71392971277236936 1.4632335345140428E-16
vn 0.67200785875320432 0.74054402112960816 1.732177480225818E-16
vn 0.67200785875320432 0.74054402112960816 0
vn 0.64278763532638552 0.76604443788528448 0
vn 0.64278763532638552 0.76604443788528448 7.298270792837017E-17
vn 0.61260056495666504 0.79039269685745232 1.0527408541954176E-16
vn 0.61260056495666504 0.79039269685745232 0
vn 0.58149206638336184 0.8135520815849304 0
vn 0.58149206638336184 0.8135520815849304 6.843867395137137E-17
vn 0.54950898885726928 0.8354877829551696 1.1731975419733496E-16
vn 0.54950898885726928 0.8354877829551696 0
vn 0.5166993737220764 0.85616689920425408 0
vn 0.5166993737220764 0.85616689920425408 6.40418847408519E-17
vn 0.4831126034259796 0.87555825710296624 1.1912590637356695E-16
vn 0.4831126034259796 0.87555825710296624 0
vn 0.448799192905426 0.89363265037536624 0
vn 0.448799192905426 0.89363265037536624 -4.663859360533234E-17
vn 0.41381072998046872 0.91036295890808112 8.155277056736869E-18
vn 0.41381072998046872 0.91036295890808112 -1.2251258232470606E-16
vn 0.37819984555244448 0.92572396993637088 -1.1196965587446039E-16
vn 0.37819984555244448 0.92572396993637088 2.951684828054622E-17
vn 0.3420201539993286 0.93969261646270752 6.716496139182751E-17
vn 0.3420201539993286 0.93969261646270752 -1.0125830221660912E-16
vn 0.305325984954834 0.95224785804748528 -9.039465468181949E-17
vn 0.305325984954834 0.95224785804748528 -9.830173371421798E-17
vn 0.26817262172698976 0.96337085962295536 -6.127425090781278E-17
vn 0.26817262172698976 0.96337085962295536 -7.939504512410574E-17
vn 0.23061586916446684 0.97304487228393552 -6.827601053827404E-17
vn 0.23061586916446684 0.97304487228393552 -3.1582952221312593E-16
vn 0.19271226227283476 0.981255292892456 -3.302922921501379E-16
vn 0.19271226227283476 0.981255292892456 3.302922921501379E-16
vn 0.15451879799365998 0.98798984289169312 3.442582507938056E-16
vn 0.15451879799365998 0.98798984289169312 4.5746753938657265E-17
vn 0.11609291285276412 0.99323832988739008 3.437040662531747E-17
vn 0.11609291285276412 0.99323832988739008 -4.0098807729537045E-17
vn 0.07749242335557938 0.9969929456710816 -2.676609224072563E-17
vn 0.07749242335557938 0.9969929456710816 2.4854229690931818E-17
vn 0.03877536952495575 0.99924796819686896 1.2436466949471434E-17
vn 0.03877536952495575 0.99924796819686896 -1.2675630507159503E-17
vn 0 1 0
vn -0.03877536952495575 0.99924796819686896 -1.2436466949471434E-17
vn -0.03877536952495575 0.99924796819686896 1.195814148845652E-17
vn -0.07749242335557938 0.9969929456710816 2.3898296761673687E-17
vn -0.07749242335557938 0.9969929456710816 -2.294236548677678E-17
vn -0.11609291285276412 0.99323832988739008 -3.437040662531747E-17
vn -0.11609291285276412 0.99323832988739008 3.437040662531747E-17
vn -0.15451879799365998 0.98798984289169312 4.5746753938657265E-17
vn -0.15451879799365998 0.98798984289169312 3.442582507938056E-16
vn -0.19271226227283476 0.981255292892456 3.302922921501379E-16
vn -0.19271226227283476 0.981255292892456 5.705429305992245E-17
vn -0.23061586916446684 0.97304487228393552 6.827601053827404E-17
vn -0.23061586916446684 0.97304487228393552 -7.965534893670883E-17
vn -0.26817262172698976 0.96337085962295536 -9.262755264479003E-17
vn -0.26817262172698976 0.96337085962295536 -4.458580594893909E-17
vn -0.305325984954834 0.95224785804748528 -2.222447197675426E-17
vn -0.305325984954834 0.95224785804748528 0
vn -0.3420201539993286 0.93969261646270752 0
vn -0.3420201539993286 0.93969261646270752 1.7046672066752028E-17
vn -0.37819984555244448 0.92572396993637088 4.122640048823463E-17
vn -0.37819984555244448 0.92572396993637088 0
vn -0.41381072998046872 0.91036295890808112 0
vn -0.41381072998046872 0.91036295890808112 6.534411848791658E-17
vn -0.448799192905426 0.89363265037536624 8.936355750465989E-17
vn -0.448799192905426 0.89363265037536624 0
vn -0.4831126034259796 0.87555825710296624 0
vn -0.4831126034259796 0.87555825710296624 1.1324858298058577E-16
vn -0.5166993737220764 0.85616689920425408 1.3696326880732984E-16
vn -0.5166993737220764 0.85616689920425408 0
vn -0.54950898885726928 0.8354877829551696 0
vn -0.54950898885726928 0.8354877829551696 -2.21538220670458E-18
vn -0.58149206638336184 0.8135520815849304 1.1583038241720873E-17
vn -0.58149206638336184 0.8135520815849304 0
vn -0.61260056495666504 0.79039269685745232 0
vn -0.61260056495666504 0.79039269685745232 -2.2618487550143073E-16
vn -0.64278763532638552 0.76604443788528448 -1.998516137880296E-16
vn -0.67200785875320432 0.74054402112960816 -1.732177480225818E-16
vn -0.67200785875320432 0.74054402112960816 -2.7054369647284037E-17
vn -0.70021736621856688 0.71392971277236936 -5.412909455508178E-18
vn -0.70021736621856688 0.71392971277236936 -1.4632335345140428E-16
vn -0.72737365961074832 0.68624162673950192 -1.1920886266283867E-16
vn -0.72737365961074832 0.68624162673950192 2.952461451388136E-16
vn -0.75343590974807744 0.65752136707305912 3.163467152367635E-16
vn -0.75343590974807744 0.65752136707305912 3.7861873125177243E-17
vn -0.778364896774292 0.62781214714050296 5.943010798040746E-17
vn -0.778364896774292 0.62781214714050296 1.511017310046618E-16
vn -0.80212318897247312 0.59715861082077024 1.8029490682023848E-16
vn -0.80212318897247312 0.59715861082077024 2.1977462610956124E-17
vn -0.82467502355575568 0.5656068921089172 4.644833875572269E-17
vn -0.82467502355575568 0.5656068921089172 -1.7213797953817957E-16
vn -0.84598642587661744 0.53320443630218504 -1.4874558974786576E-16
vn -0.84598642587661744 0.53320443630218504 0
vn -0.86602538824081424 0.5 0
vn -0.8847618103027344 0.46604353189468384 0
vn -0.9021674394607544 0.43138605356216432 0
vn -0.91821610927581792 0.39607977867126464 0
vn -0.93288367986679072 0.36017772555351256 0
vn -0.94614815711975104 0.32373395562171936 0
vn -0.95798951387405392 0.2868032455444336 0
vn -0.96838998794555664 0.24944114685058592 0
vn -0.9773338437080384 0.2117038667201996 0
vn -0.98480772972106928 0.1736481785774231 0
vn -0.99080038070678704 0.13533130288124084 0
vn -0.99530279636383056 0.09681086987257004 0
vn -0.99830818176269536 0.05814483016729355 0
vn -0.9998119473457336 0.01939133182168007 0
vn -0.9998119473457336 -0.01939133182168007 0
vn -0.99830818176269536 -0.05814483016729355 0
vn -0.99530279636383056 -0.09681086987257004 0
vn -0.99080038070678704 -0.13533130288124084 0
vn -0.98480772972106928 -0.1736481785774231 0
vn -0.9773338437080384 -0.2117038667201996 0
vn -0.96838998794555664 -0.24944114685058592 0
vn -0.95798951387405392 -0.2868032455444336 0
vn -0.94614815711975104 -0.32373395562171936 0
vn -0.93288367986679072 -0.36017772555351256 0
vn -0.91821610927581792 -0.39607977867126464 0
vn -0.9021674394607544 -0.43138605356216432 0
vn -0.8847618103027344 -0.46604353189468384 0
vn -0.86602538824081424 -0.5 0
vn -0.84598642587661744 -0.53320443630218504 0
vn -0.84598642587661744 -0.53320443630218504 1.4874558974786576E-16
vn -0.82467502355575568 -0.5656068921089172 1.7213797953817957E-16
vn -0.82467502355575568 -0.5656068921089172 -4.644833875572269E-17
vn -0.80212318897247312 -0.59715861082077024 -2.1977462610956124E-17
vn -0.80212318897247312 -0.59715861082077024 -1.8029490682023848E-16
vn -0.778364896774292 -0.62781214714050296 -1.511017310046618E-16
vn -0.778364896774292 -0.62781214714050296 -5.943010798040746E-17
vn -0.75343590974807744 -0.65752136707305912 -3.7861873125177243E-17
vn -0.75343590974807744 -0.65752136707305912 -3.163467152367635E-16
vn -0.72737365961074832 -0.68624162673950192 -2.952461451388136E-16
vn -0.72737365961074832 -0.68624162673950192 1.1920886266283867E-16
vn -0.70021736621856688 -0.71392971277236936 1.4632335345140428E-16
vn -0.70021736621856688 -0.71392971277236936 5.412909455508178E-18
vn -0.67200785875320432 -0.74054402112960816 2.7054369647284037E-17
vn -0.67200785875320432 -0.74054402112960816 1.732177480225818E-16
vn -0.64278763532638552 -0.76604443788528448 1.998516137880296E-16
vn -0.61260056495666504 -0.79039269685745232 2.2618487550143073E-16
vn -0.61260056495666504 -0.79039269685745232 0
vn -0.58149206638336184 -0.8135520815849304 0
vn -0.58149206638336184 -0.8135520815849304 -1.1583038241720873E-17
vn -0.54950898885726928 -0.8354877829551696 2.21538220670458E-18
vn -0.54950898885726928 -0.8354877829551696 0
vn -0.5166993737220764 -0.85616689920425408 0
vn -0.5166993737220764 -0.85616689920425408 -1.3696326880732984E-16
vn -0.4831126034259796 -0.87555825710296624 -1.1324858298058577E-16
vn -0.4831126034259796 -0.87555825710296624 0
vn -0.448799192905426 -0.89363265037536624 0
vn -0.448799192905426 -0.89363265037536624 -8.936355750465989E-17
vn -0.41381072998046872 -0.91036295890808112 -6.534411848791658E-17
vn -0.41381072998046872 -0.91036295890808112 0
vn -0.37819984555244448 -0.92572396993637088 0
vn -0.37819984555244448 -0.92572396993637088 -4.122640048823463E-17
vn -0.3420201539993286 -0.93969261646270752 -1.7046672066752028E-17
vn -0.3420201539993286 -0.93969261646270752 0
vn -0.305325984954834 -0.95224785804748528 0
vn -0.305325984954834 -0.95224785804748528 2.222447197675426E-17
vn -0.26817262172698976 -0.96337085962295536 4.458580594893909E-17
vn -0.26817262172698976 -0.96337085962295536 9.262755264479003E-17
vn -0.23061586916446684 -0.97304487228393552 7.965534893670883E-17
vn -0.23061586916446684 -0.97304487228393552 -6.827601053827404E-17
vn -0.19271226227283476 -0.981255292892456 -5.705429305992245E-17
vn -0.19271226227283476 -0.981255292892456 -3.302922921501379E-16
vn -0.15451879799365998 -0.98798984289169312 -3.442582507938056E-16
vn -0.15451879799365998 -0.98798984289169312 -4.5746753938657265E-17
vn -0.11609291285276412 -0.99323832988739008 -3.437040662531747E-17
vn -0.11609291285276412 -0.99323832988739008 3.437040662531747E-17
vn -0.07749242335557938 -0.9969929456710816 2.294236548677678E-17
vn -0.07749242335557938 -0.9969929456710816 -2.3898296761673687E-17
vn -0.03877536952495575 -0.99924796819686896 -1.195814148845652E-17
vn -0.03877536952495575 -0.99924796819686896 1.2436466949471434E-17
vn 0 -1 0
vn 0.03877536952495575 -0.99924796819686896 1.2675630507159503E-17
vn 0.03877536952495575 -0.99924796819686896 -1.2436466949471434E-17
vn 0.07749242335557938 -0.9969929456710816 -2.4854229690931818E-17
vn 0.07749242335557938 -0.9969929456710816 2.676609224072563E-17
vn 0.11609291285276412 -0.99323832988739008 4.0098807729537045E-17
vn 0.11609291285276412 -0.99323832988739008 -3.437040662531747E-17
vn 0.15451879799365998 -0.98798984289169312 -4.5746753938657265E-17
vn 0.15451879799365998 -0.98798984289169312 -3.442582507938056E-16
vn 0.19271226227283476 -0.981255292892456 -3.302922921501379E-16
vn 0.19271226227283476 -0.981255292892456 3.302922921501379E-16
vn 0.23061586916446684 -0.97304487228393552 3.1582952221312593E-16
vn 0.23061586916446684 -0.97304487228393552 6.827601053827404E-17
vn 0.26817262172698976 -0.96337085962295536 7.939504512410574E-17
vn 0.26817262172698976 -0.96337085962295536 6.127425090781278E-17
vn 0.305325984954834 -0.95224785804748528 9.830173371421798E-17
vn 0.305325984954834 -0.95224785804748528 9.039465468181949E-17
vn 0.3420201539993286 -0.93969261646270752 1.0125830221660912E-16
vn 0.3420201539993286 -0.93969261646270752 -6.716496139182751E-17
vn 0.37819984555244448 -0.92572396993637088 -2.951684828054622E-17
vn 0.37819984555244448 -0.92572396993637088 1.1196965587446039E-16
vn 0.41381072998046872 -0.91036295890808112 1.2251258232470606E-16
vn 0.41381072998046872 -0.91036295890808112 -8.155277056736869E-18
vn 0.448799192905426 -0.89363265037536624 4.663859360533234E-17
vn 0.448799192905426 -0.89363265037536624 0
vn 0.4831126034259796 -0.87555825710296624 0
vn 0.4831126034259796 -0.87555825710296624 -1.1912590637356695E-16
vn 0.5166993737220764 -0.85616689920425408 -6.40418847408519E-17
vn 0.5166993737220764 -0.85616689920425408 0
vn 0.54950898885726928 -0.8354877829551696 0
vn 0.54950898885726928 -0.8354877829551696 -1.1731975419733496E-16
vn 0.58149206638336184 -0.8135520815849304 -6.843867395137137E-17
vn 0.58149206638336184 -0.8135520815849304 0
vn 0.61260056495666504 -0.79039269685745232 0
vn 0.61260056495666504 -0.79039269685745232 -1.0527408541954176E-16
vn 0.64278763532638552 -0.76604443788528448 -7.298270792837017E-17
vn 0.64278763532638552 -0.76604443788528448 0
vn 0.67200785875320432 -0.74054402112960816 0
vn 0.67200785875320432 -0.74054402112960816 -1.732177480225818E-16
vn 0.70021736621856688 -0.71392971277236936 -1.4632335345140428E-16
vn 0.70021736621856688 -0.71392971277236936 0
vn 0.72737365961074832 -0.68624162673950192 0
vn 0.72737365961074832 -0.68624162673950192 2.952461451388136E-16
vn 0.75343590974807744 -0.65752136707305912 3.163467152367635E-16
vn 0.75343590974807744 -0.65752136707305912 0
vn 0.778364896774292 -0.62781214714050296 0
vn 0.778364896774292 -0.62781214714050296 2.718858135603199E-17
vn 0.80212318897247312 -0.59715861082077024 6.24319398059175E-17
vn 0.80212318897247312 -0.59715861082077024 0
vn 0.82467502355575568 -0.5656068921089172 0
vn 0.82467502355575568 -0.5656068921089172 -1.1632022884979529E-16
vn 0.84598642587661744 -0.53320443630218504 -9.612550754937467E-17
vn 0.84598642587661744 -0.53320443630218504 0
vn 0.86602538824081424 -0.5 0
vn 0.86602538824081424 -0.5 2.1673057167686404E-16
vn 0.8847618103027344 -0.46604353189468384 2.479310170540864E-16
vn 0.8847618103027344 -0.46604353189468384 0
vn 0.9021674394607544 -0.43138605356216432 0
vn 0.9021674394607544 -0.43138605356216432 -7.736838644890182E-17
vn 0.91821610927581792 -0.39607977867126464 -5.3295283262738525E-17
vn 0.91821610927581792 -0.39607977867126464 0
vn 0.93288367986679072 -0.36017772555351256 0
vn 0.93288367986679072 -0.36017772555351256 -6.468669518939414E-17
vn 0.94614815711975104 -0.32373395562171936 -3.689308580920004E-17
vn 0.94614815711975104 -0.32373395562171936 0
vn 0.95798951387405392 -0.2868032455444336 0
vn 0.95798951387405392 -0.2868032455444336 2.2249265888434923E-16
vn 0.96838998794555664 -0.24944114685058592 2.4687744041660005E-16
vn 0.96838998794555664 -0.24944114685058592 0
vn 0.9773338437080384 -0.2117038667201996 0
vn 0.9773338437080384 -0.2117038667201996 -1.3580002787295367E-16
vn 0.98480772972106928 -0.1736481785774231 -1.1138873685643174E-16
vn 0.98480772972106928 -0.1736481785774231 0
vn 0.99080038070678704 -0.13533130288124084 0
vn 0.99080038070678704 -0.13533130288124084 1.0874731754997841E-16
vn 0.99530279636383056 -0.09681086987257004 1.3434536790005261E-16
vn 0.99530279636383056 -0.09681086987257004 0
vn 0.99830818176269536 -0.05814483016729355 0
vn 0.99830818176269536 -0.05814483016729355 -3.801497433039346E-17
vn 0 0 -1
vn -0.99983698129653936 0.01805415004491806 0
vn -0.99983698129653936 -0.01805415004491806 0
vn -0.99853342771530144 -0.0541389100253582 0
vn -0.99592792987823488 -0.09015308320522308 0
vn -0.99202394485473632 -0.1260497123003006 0
vn -0.98682653903961184 -0.16178199648857116 0
vn -0.98034250736236576 -0.19730335474014284 0
vn -0.97258025407791136 -0.23256745934486388 0
vn -0.96354997158050544 -0.26752832531929016 0
vn -0.95326340198516848 -0.30214041471481324 0
vn -0.94173401594161984 -0.33635854721069336 0
vn -0.92897671461105344 -0.37013816833496096 0
vn -0.9150082468986512 -0.40343517065048216 0
vn -0.89984673261642464 -0.43620616197586056 0
vn -0.883512020111084 -0.46840843558311464 0
vn -0.84740960597991936 -0.53093963861465456 0
vn -0.827688992023468 -0.56118708848953248 0
vn -0.80688923597335808 -0.59070277214050296 0
vn -0.78503739833831792 -0.61944836378097536 0
vn -0.76216202974319456 -0.6473863124847412 0
vn -0.7382929921150208 -0.674480140209198 0
vn -0.7134613394737244 -0.70069462060928344 0
vn -0.68769943714141848 -0.72599548101425168 0
vn -0.66104096174240112 -0.75034981966018672 0
vn -0.63352060317993168 -0.77372586727142336 0
vn -0.6051742434501648 -0.79609304666519168 0
vn -0.57603883743286136 -0.81742233037948608 0
vn -0.5461523532867432 -0.83768582344055168 0
vn -0.51555383205413816 -0.85685718059539792 0
vn -0.48428314924240112 -0.87491130828857424 0
vn -0.452381044626236 -0.89182478189468384 0
vn -0.41988909244537352 -0.9075754284858704 0
vn -0.38684970140457152 -0.92214280366897584 0
vn -0.35330593585968016 -0.93550783395767216 0
vn -0.3193015158176422 -0.9476531744003296 0
vn -0.28488081693649292 -0.95856297016143792 0
vn -0.2500886619091034 -0.9682229161262512 0
vn -0.21497043967247008 -0.9766205549240112 0
vn -0.17957194149494172 -0.98374485969543456 0
vn -0.1439393162727356 -0.98958653211593632 0
vn -0.10811901837587356 -0.99413794279098512 0
vn -0.07215775549411774 -0.99739325046539312 0
vn -0.03610241413116455 -0.99934810400009152 0
vn 0.03610241413116455 -0.99934810400009152 0
vn 0.07215775549411774 -0.99739325046539312 0
vn 0.10811901837587356 -0.99413794279098512 0
vn 0.1439393162727356 -0.98958653211593632 0
vn 0.17957194149494172 -0.98374485969543456 0
vn 0.21497043967247008 -0.9766205549240112 0
vn 0.2500886619091034 -0.9682229161262512 0
vn 0.28488081693649292 -0.95856297016143792 0
vn 0.3193015158176422 -0.9476531744003296 0
vn 0.35330593585968016 -0.93550783395767216 0
vn 0.38684970140457152 -0.92214280366897584 0
vn 0.41988909244537352 -0.9075754284858704 0
vn 0.452381044626236 -0.89182478189468384 0
vn 0.48428314924240112 -0.87491130828857424 0
vn 0.51555383205413816 -0.85685718059539792 0
vn 0.5461523532867432 -0.83768582344055168 0
vn 0.5461523532867432 -0.83768582344055168 -1.1641938464418324E-16
vn 0.57603883743286136 -0.81742233037948608 -1.2279006502427064E-16
vn 0.57603883743286136 -0.81742233037948608 0
vn 0.6051742434501648 -0.79609304666519168 0
vn 0.63352060317993168 -0.77372586727142336 0
vn 0.66104096174240112 -0.75034981966018672 0
vn 0.68769943714141848 -0.72599548101425168 0
vn 0.7134613394737244 -0.70069462060928344 0
vn 0.7382929921150208 -0.674480140209198 0
vn 0.76216202974319456 -0.6473863124847412 0
vn 0.78503739833831792 -0.61944836378097536 0
vn 0.78503739833831792 -0.61944836378097536 -1.3204335734254204E-16
vn 0.80688923597335808 -0.59070277214050296 -1.2591586806254523E-16
vn 0.80688923597335808 -0.59070277214050296 0
vn 0.827688992023468 -0.56118708848953248 0
vn 0.84740960597991936 -0.53093963861465456 0
vn 0.883512020111084 -0.46840843558311464 0
vn 0.89984673261642464 -0.43620616197586056 0
vn 0.9150082468986512 -0.40343517065048216 0
vn 0.92897671461105344 -0.37013816833496096 0
vn 0.94173401594161984 -0.33635854721069336 0
vn 0.95326340198516848 -0.30214041471481324 0
vn 0.96354997158050544 -0.26752832531929016 0
vn 0.97258025407791136 -0.23256745934486388 0
vn 0.97258025407791136 -0.23256745934486388 -1.2393683513828966E-17
vn 0.98034250736236576 -0.19730335474014284 -1.0514434214046281E-17
vn 0.98682653903961184 -0.16178199648857116 -8.621476877152368E-18
vn 0.98682653903961184 -0.16178199648857116 0
vn 0.99202394485473632 -0.1260497123003006 0
vn 0.99592792987823488 -0.09015308320522308 0
vn 0.99592792987823488 -0.09015308320522308 2.402160622994819E-18
vn 0.99853342771530144 -0.0541389100253582 1.4425503589260066E-18
vn 0.99853342771530144 -0.0541389100253582 0
vn 0.99983698129653936 -0.01805415004491806 0
vn 0.99983698129653936 0.01805415004491806 0
vn 0.99853342771530144 0.0541389100253582 0
vn 0.99592792987823488 0.09015308320522308 0
vn 0.99202394485473632 0.1260497123003006 0
vn 0.98682653903961184 0.16178199648857116 0
vn 0.98034250736236576 0.19730335474014284 0
vn 0.98034250736236576 0.19730335474014284 -1.0514434214046281E-17
vn 0.97258025407791136 0.23256745934486388 -1.2393683513828966E-17
vn 0.97258025407791136 0.23256745934486388 0
vn 0.96354997158050544 0.26752832531929016 0
vn 0.95326340198516848 0.30214041471481324 0
vn 0.94173401594161984 0.33635854721069336 0
vn 0.92897671461105344 0.37013816833496096 0
vn 0.9150082468986512 0.40343517065048216 0
vn 0.89984673261642464 0.43620616197586056 0
vn 0.883512020111084 0.46840843558311464 0
vn 0.84740960597991936 0.53093963861465456 0
vn 0.827688992023468 0.56118708848953248 0
vn 0.80688923597335808 0.59070277214050296 0
vn 0.80688923597335808 0.59070277214050296 1.2591586806254523E-16
vn 0.78503739833831792 0.61944836378097536 1.3204335734254204E-16
vn 0.78503739833831792 0.61944836378097536 0
vn 0.76216202974319456 0.6473863124847412 0
vn 0.7382929921150208 0.674480140209198 0
vn 0.7134613394737244 0.70069462060928344 0
vn 0.68769943714141848 0.72599548101425168 0
vn 0.66104096174240112 0.75034981966018672 0
vn 0.63352060317993168 0.77372586727142336 0
vn 0.6051742434501648 0.79609304666519168 0
vn 0.57603883743286136 0.81742233037948608 0
vn 0.57603883743286136 0.81742233037948608 -1.2279006502427064E-16
vn 0.5461523532867432 0.83768582344055168 -1.1641938464418324E-16
vn 0.5461523532867432 0.83768582344055168 0
vn 0.51555383205413816 0.85685718059539792 0
vn 0.48428314924240112 0.87491130828857424 0
vn 0.452381044626236 0.89182478189468384 0
vn 0.41988909244537352 0.9075754284858704 0
vn 0.38684970140457152 0.92214280366897584 0
vn 0.35330593585968016 0.93550783395767216 0
vn 0.3193015158176422 0.9476531744003296 0
vn 0.28488081693649292 0.95856297016143792 0
vn 0.2500886619091034 0.9682229161262512 0
vn 0.21497043967247008 0.9766205549240112 0
vn 0.17957194149494172 0.98374485969543456 0
vn 0.1439393162727356 0.98958653211593632 0
vn 0.10811901837587356 0.99413794279098512 0
vn 0.07215775549411774 0.99739325046539312 0
vn 0.03610241413116455 0.99934810400009152 0
vn -0.03610241413116455 0.99934810400009152 0
vn -0.07215775549411774 0.99739325046539312 0
vn -0.10811901837587356 0.99413794279098512 0
vn -0.1439393162727356 0.98958653211593632 0
vn -0.17957194149494172 0.98374485969543456 0
vn -0.21497043967247008 0.9766205549240112 0
vn -0.2500886619091034 0.9682229161262512 0
vn -0.28488081693649292 0.95856297016143792 0
vn -0.3193015158176422 0.9476531744003296 0
vn -0.35330593585968016 0.93550783395767216 0
vn -0.38684970140457152 0.92214280366897584 0
vn -0.41988909244537352 0.9075754284858704 0
vn -0.452381044626236 0.89182478189468384 0
vn -0.48428314924240112 0.87491130828857424 0
vn -0.51555383205413816 0.85685718059539792 0
vn -0.5461523532867432 0.83768582344055168 0
vn -0.57603883743286136 0.81742233037948608 0
vn -0.6051742434501648 0.79609304666519168 0
vn -0.63352060317993168 0.77372586727142336 0
vn -0.66104096174240112 0.75034981966018672 0
vn -0.68769943714141848 0.72599548101425168 0
vn -0.7134613394737244 0.70069462060928344 0
vn -0.7382929921150208 0.674480140209198 0
vn -0.76216202974319456 0.6473863124847412 0
vn -0.78503739833831792 0.61944836378097536 0
vn -0.80688923597335808 0.59070277214050296 0
vn -0.827688992023468 0.56118708848953248 0
vn -0.84740960597991936 0.53093963861465456 0
vn -0.883512020111084 0.46840843558311464 0
vn -0.89984673261642464 0.43620616197586056 0
vn -0.9150082468986512 0.40343517065048216 0
vn -0.92897671461105344 0.37013816833496096 0
vn -0.94173401594161984 0.33635854721069336 0
vn -0.95326340198516848 0.30214041471481324 0
vn -0.96354997158050544 0.26752832531929016 0
vn -0.97258025407791136 0.23256745934486388 0
vn -0.98034250736236576 0.19730335474014284 0
vn -0.98682653903961184 0.16178199648857116 0
vn -0.99202394485473632 0.1260497123003006 0
vn -0.99592792987823488 0.09015308320522308 0
vn -0.99853342771530144 0.0541389100253582 0
vn 0.5461523532867432 0.83768582344055168 1.1641938464418324E-16
vn 0.57603883743286136 0.81742233037948608 1.2279006502427064E-16
vn 0.78503739833831792 0.61944836378097536 -1.3204335734254204E-16
vn 0.80688923597335808 0.59070277214050296 -1.2591586806254523E-16
vn 0.97258025407791136 0.23256745934486388 1.2393683513828966E-17
vn 0.98034250736236576 0.19730335474014284 1.0514434214046281E-17
vn 0.99853342771530144 -0.0541389100253582 -1.4425503589260066E-18
vn 0.99592792987823488 -0.09015308320522308 -2.402160622994819E-18
vn 0.98682653903961184 -0.16178199648857116 8.621476877152368E-18
vn 0.98034250736236576 -0.19730335474014284 1.0514434214046281E-17
vn 0.97258025407791136 -0.23256745934486388 1.2393683513828966E-17
vn 0.80688923597335808 -0.59070277214050296 1.2591586806254523E-16
vn 0.78503739833831792 -0.61944836378097536 1.3204335734254204E-16
vn 0.57603883743286136 -0.81742233037948608 1.2279006502427064E-16
vn 0.5461523532867432 -0.83768582344055168 1.1641938464418324E-16
vn 0.98034250736236576 -0.19730335474014284 0
vn 0 0 1
# 773 vertex normals

g obj_57858126
s 1
f 1//1 2//1 3//1
f 3//2 2//2 4//2
f 3//3 4//3 5//3
f 2//4 1//4 6//4
f 6//5 1//5 7//5
f 6//6 7//6 8//6
f 8//7 7//7 9//7
f 8//8 9//8 10//8
f 10//9 9//9 11//9
f 11//10 9//10 12//10
f 11//11 12//11 13//11
f 13//12 12//12 14//12
f 13//13 14//13 15//13
f 15//14 14//14 16//14
f 15//15 16//15 17//15
f 17//16 16//16 18//16
f 18//17 16//17 19//17
f 18//18 19//18 20//18
f 20//19 19//19 21//19
f 20//20 21//20 22//20
f 22//21 21//21 23//21
f 23//22 21//22 24//22
f 23//23 24//23 25//23
f 25//24 24//24 26//24
f 25//25 26//25 27//25
f 27//26 26//26 28//26
f 27//27 28//27 29//27
f 29//28 28//28 30//28
f 30//29 28//29 31//29
f 30//30 31//30 32//30
f 32//31 31//31 33//31
f 32//32 33//32 34//32
f 34//33 33//33 35//33
f 34//34 35//34 36//34
f 36//35 35//35 37//35
f 37//36 35//36 38//36
f 37//37 38//37 39//37
f 39//38 38//38 40//38
f 39//39 40//39 41//39
f 41//40 40//40 42//40
f 41//41 42//41 43//41
f 43//42 42//42 44//42
f 44//43 42//43 45//43
f 44//44 45//44 46//44
f 46//45 45//45 47//45
f 46//46 47//46 48//46
f 48//47 47//47 49//47
f 49//48 47//48 50//48
f 49//49 50//49 51//49
f 51//50 50//50 52//50
f 51//51 52//51 53//51
f 53//52 52//52 54//52
f 53//53 54//53 55//53
f 55//54 54//54 56//54
f 56//55 54//55 57//55
f 56//56 57//56 58//56
f 58//57 57//57 59//57
f 58//58 59//58 60//58
f 60//59 59//59 61//59
f 60//60 61//60 62//60
f 62//61 61//61 63//61
f 63//62 61//62 64//62
f 63//63 64//63 65//63
f 65//64 64//64 66//64
f 65//65 66//65 67//65
f 67//66 66//66 68//66
f 67//67 68//67 69//67
f 69//68 68//68 70//68
f 70//69 68//69 71//69
f 70//70 71//70 72//70
f 72//71 71//71 73//71
f 72//72 73//72 74//72
f 74//73 73//73 75//73
f 75//74 73//74 76//74
f 75//75 76//75 77//75
f 77//76 76//76 78//76
f 77//77 78//77 79//77
f 79//78 78//78 80//78
f 79//79 80//79 81//79
f 81//80 80//80 82//80
f 82//81 80//81 83//81
f 82//82 83//82 84//82
f 84//83 83//83 85//83
f 84//84 85//84 86//84
f 86//85 85//85 87//85
f 86//86 87//86 88//86
f 88//87 87//87 89//87
f 89//88 87//88 90//88
f 89//89 90//89 91//89
f 91//90 90//90 92//90
f 91//91 92//91 93//91
f 93//92 92//92 94//92
f 93//93 94//93 95//93
f 95//94 94//94 96//94
f 96//95 94//95 97//95
f 96//96 97//96 98//96
f 98//97 97//97 99//97
f 98//98 99//98 100//98
f 100//99 99//99 101//99
f 100//100 101//100 102//100
f 102//101 101//101 103//101
f 103//102 101//102 104//102
f 103//103 104//103 105//103
f 105//104 104//104 106//104
f 105//105 106//105 107//105
f 107//106 106//106 108//106
f 108//107 106//107 109//107
f 108//108 109//108 110//108
f 110//109 109//109 111//109
f 110//110 111//110 112//110
f 112//111 111//111 113//111
f 112//112 113//112 114//112
f 114//113 113//113 115//113
f 115//114 113//114 116//114
f 115//115 116//115 117//115
f 117//116 116//116 118//116
f 117//117 118//117 119//117
f 119//118 118//118 120//118
f 119//119 120//119 121//119
f 121//120 120//120 122//120
f 122//121 120//121 123//121
f 122//122 123//122 124//122
f 124//123 123//123 125//123
f 124//124 125//124 126//124
f 126//125 125//125 127//125
f 126//126 127//126 128//126
f 128//127 127//127 129//127
f 129//128 127//128 130//128
f 129//129 130//129 131//129
f 131//130 130//130 132//130
f 131//131 132//131 133//131
f 133//132 132//132 134//132
f 134//133 132//133 135//133
f 134//134 135//134 136//134
f 136//135 135//135 137//135
f 136//136 137//136 138//136
f 138//137 137//137 139//137
f 138//138 139//138 140//138
f 140//139 139//139 141//139
f 141//140 139//140 142//140
f 141//141 142//141 143//141
f 143//142 142//142 144//142
f 143//143 144//143 145//143
f 145//144 144//144 146//144
f 145//145 146//145 147//145
f 147//146 146//146 148//146
f 148//147 146//147 149//147
f 148//148 149//148 150//148
f 150//149 149//149 151//149
f 150//150 151//150 152//150
f 152//151 151//151 153//151
f 152//152 153//152 154//152
f 154//153 153//153 155//153
f 155//154 153//154 156//154
f 155//155 156//155 157//155
f 157//156 156//156 158//156
f 157//157 158//157 159//157
f 159//158 158//158 160//158
f 160//159 158//159 161//159
f 160//160 161//160 162//160
f 162//161 161//161 163//161
f 162//162 163//162 164//162
f 164//163 163//163 165//163
f 164//164 165//164 166//164
f 166//165 165//165 167//165
f 167//166 165//166 168//166
f 167//167 168//167 169//167
f 169//168 168//168 170//168
f 169//169 170//169 171//169
f 171//170 170//170 172//170
f 171//171 172//171 173//171
f 173//172 172//172 174//172
f 174//173 172//173 175//173
f 174//174 175//174 176//174
f 176//175 175//175 177//175
f 176//176 177//176 178//176
f 178//177 177//177 179//177
f 178//178 179//178 180//178
f 180//179 179//179 181//179
f 181//180 179//180 182//180
f 181//181 182//181 183//181
f 183//182 182//182 184//182
f 183//183 184//183 185//183
f 185//184 184//184 186//184
f 186//185 184//185 187//185
f 186//186 187//186 188//186
f 188//187 187//187 189//187
f 188//188 189//188 190//188
f 190//189 189//189 191//189
f 190//190 191//190 192//190
f 192//191 191//191 193//191
f 193//192 191//192 194//192
f 193//193 194//193 195//193
f 195//194 194//194 196//194
f 195//195 196//195 197//195
f 197//196 196//196 198//196
f 197//197 198//197 199//197
f 199//198 198//198 200//198
f 200//199 198//199 201//199
f 200//200 201//200 202//200
f 202//201 201//201 203//201
f 202//202 203//202 204//202
f 204//203 203//203 205//203
f 204//204 205//204 206//204
f 206//205 205//205 207//205
f 207//206 205//206 208//206
f 207//207 208//207 209//207
f 209//208 208//208 210//208
f 209//209 210//209 211//209
f 211//210 210//210 212//210
f 211//211 212//211 213//211
f 213//212 212//212 214//212
f 214//213 212//213 215//213
f 214//214 215//214 216//214
f 216//215 215//215 217//215
f 216//216 217//216 218//216
f 218//217 217//217 219//217
f 219//218 217//218 220//218
f 219//219 220//219 221//219
f 221//220 220//220 222//220
f 221//221 222//221 223//221
f 223//222 222//222 224//222
f 223//223 224//223 225//223
f 225//224 224//224 226//224
f 226//225 224//225 227//225
f 226//226 227//226 228//226
f 228//227 227//227 229//227
f 228//228 229//228 230//228
f 230//229 229//229 231//229
f 230//230 231//230 232//230
f 232//231 231//231 233//231
f 233//232 231//232 234//232
f 233//233 234//233 235//233
f 235//234 234//234 236//234
f 235//235 236//235 237//235
f 237//236 236//236 238//236
f 237//237 238//237 239//237
f 239//238 238//238 240//238
f 240//239 238//239 241//239
f 240//240 241//240 242//240
f 242//241 241//241 243//241
f 242//242 243//242 244//242
f 244//243 243//243 245//243
f 245//244 243//244 246//244
f 245//245 246//245 247//245
f 247//246 246//246 248//246
f 247//247 248//247 249//247
f 249//248 248//248 250//248
f 249//249 250//249 251//249
f 251//250 250//250 252//250
f 252//251 250//251 253//251
f 252//252 253//252 254//252
f 254//253 253//253 255//253
f 254//254 255//254 256//254
f 256//255 255//255 257//255
f 256//256 257//256 258//256
f 258//257 257//257 259//257
f 259//258 257//258 260//258
f 259//259 260//259 261//259
f 261//260 260//260 262//260
f 261//261 262//261 263//261
f 263//262 262//262 264//262
f 263//263 264//263 265//263
f 265//264 264//264 266//264
f 266//265 264//265 267//265
f 266//266 267//266 268//266
f 268//267 267//267 269//267
f 268//268 269//268 270//268
f 270//269 269//269 271//269
f 271//270 269//270 272//270
f 271//271 272//271 273//271
f 273//272 272//272 274//272
f 273//273 274//273 275//273
f 275//274 274//274 276//274
f 275//275 276//275 277//275
f 277//276 276//276 278//276
f 278//277 276//277 279//277
f 278//278 279//278 280//278
f 280//279 279//279 281//279
f 280//280 281//280 5//280
f 5//281 281//281 3//281
f 282//282 5//282 283//282
f 283//283 5//283 4//283
f 283//284 4//284 284//284
f 284//285 4//285 2//285
f 284//286 2//286 285//286
f 285//287 2//287 6//287
f 285//288 6//288 286//288
f 286//289 6//289 8//289
f 286//290 8//290 287//290
f 287//291 8//291 10//291
f 287//292 10//292 288//292
f 288//293 10//293 11//293
f 288//294 11//294 289//294
f 289//295 11//295 13//295
f 289//296 13//296 290//296
f 290//297 13//297 15//297
f 290//298 15//298 291//298
f 291//299 15//299 17//299
f 291//300 17//300 292//300
f 292//301 17//301 18//301
f 292//302 18//302 293//302
f 293//303 18//303 20//303
f 293//304 20//304 294//304
f 294//305 20//305 22//305
f 294//306 22//306 295//306
f 295//307 22//307 23//307
f 295//308 23//308 296//308
f 296//309 23//309 25//309
f 296//310 25//310 297//310
f 297//311 25//311 27//311
f 297//312 27//312 298//312
f 298//313 27//313 29//313
f 298//314 29//314 299//314
f 299//315 29//315 30//315
f 299//316 30//316 300//316
f 300//317 30//317 32//317
f 300//318 32//318 301//318
f 301//319 32//319 34//319
f 301//320 34//320 302//320
f 302//321 34//321 36//321
f 302//322 36//322 303//322
f 303//323 36//323 37//323
f 303//324 37//324 304//324
f 304//325 37//325 39//325
f 304//326 39//326 305//326
f 305//327 39//327 41//327
f 305//328 41//328 306//328
f 306//329 41//329 43//329
f 306//330 43//330 307//330
f 307//331 43//331 44//331
f 307//332 44//332 308//332
f 308//333 44//333 46//333
f 308//334 46//334 309//334
f 309//335 46//335 48//335
f 309//336 48//336 310//336
f 310//337 48//337 49//337
f 310//338 49//338 311//338
f 311//339 49//339 51//339
f 311//340 51//340 312//340
f 312//341 51//341 53//341
f 312//342 53//342 313//342
f 313//343 53//343 55//343
f 313//344 55//344 314//344
f 314//345 55//345 56//345
f 314//346 56//346 315//346
f 315//347 56//347 58//347
f 315//348 58//348 316//348
f 316//349 58//349 60//349
f 316//350 60//350 317//350
f 317//351 60//351 62//351
f 317//352 62//352 318//352
f 318//353 62//353 63//353
f 318//354 63//354 319//354
f 319//355 63//355 65//355
f 319//356 65//356 320//356
f 320//357 65//357 67//357
f 320//358 67//358 321//358
f 321//359 67//359 69//359
f 321//360 69//360 322//360
f 322//361 69//361 70//361
f 322//362 70//362 323//362
f 323//363 70//363 72//363
f 323//364 72//364 324//364
f 324//364 72//364 74//364
f 324//365 74//365 325//365
f 325//366 74//366 75//366
f 325//367 75//367 326//367
f 326//368 75//368 77//368
f 326//369 77//369 327//369
f 327//370 77//370 79//370
f 327//371 79//371 328//371
f 328//372 79//372 81//372
f 328//373 81//373 329//373
f 329//374 81//374 82//374
f 329//375 82//375 330//375
f 330//376 82//376 84//376
f 330//377 84//377 331//377
f 331//378 84//378 86//378
f 331//379 86//379 332//379
f 332//380 86//380 88//380
f 332//381 88//381 333//381
f 333//382 88//382 89//382
f 333//383 89//383 334//383
f 334//384 89//384 91//384
f 334//385 91//385 335//385
f 335//386 91//386 93//386
f 335//387 93//387 336//387
f 336//388 93//388 95//388
f 336//389 95//389 337//389
f 337//390 95//390 96//390
f 337//391 96//391 338//391
f 338//392 96//392 98//392
f 338//393 98//393 339//393
f 339//394 98//394 100//394
f 339//395 100//395 340//395
f 340//396 100//396 102//396
f 340//397 102//397 341//397
f 341//398 102//398 103//398
f 341//399 103//399 342//399
f 342//399 103//399 105//399
f 342//400 105//400 343//400
f 343//401 105//401 107//401
f 343//402 107//402 344//402
f 344//403 107//403 108//403
f 344//404 108//404 345//404
f 345//405 108//405 110//405
f 345//406 110//406 346//406
f 346//407 110//407 112//407
f 346//408 112//408 347//408
f 347//409 112//409 114//409
f 347//410 114//410 348//410
f 348//411 114//411 115//411
f 348//412 115//412 349//412
f 349//413 115//413 117//413
f 349//414 117//414 350//414
f 350//415 117//415 119//415
f 350//416 119//416 351//416
f 351//416 119//416 121//416
f 351//417 121//417 352//417
f 352//417 121//417 122//417
f 352//418 122//418 353//418
f 353//418 122//418 124//418
f 353//419 124//419 354//419
f 354//419 124//419 126//419
f 354//420 126//420 355//420
f 355//420 126//420 128//420
f 355//421 128//421 356//421
f 356//421 128//421 129//421
f 356//422 129//422 357//422
f 357//422 129//422 131//422
f 357//423 131//423 358//423
f 358//423 131//423 133//423
f 358//424 133//424 359//424
f 359//424 133//424 134//424
f 359//425 134//425 360//425
f 360//425 134//425 136//425
f 360//426 136//426 361//426
f 361//426 136//426 138//426
f 361//427 138//427 362//427
f 362//427 138//427 140//427
f 362//428 140//428 363//428
f 363//428 140//428 141//428
f 363//429 141//429 364//429
f 364//429 141//429 143//429
f 364//430 143//430 365//430
f 365//430 143//430 145//430
f 365//431 145//431 366//431
f 366//431 145//431 147//431
f 366//432 147//432 367//432
f 367//432 147//432 148//432
f 367//433 148//433 368//433
f 368//433 148//433 150//433
f 368//434 150//434 369//434
f 369//434 150//434 152//434
f 369//435 152//435 370//435
f 370//435 152//435 154//435
f 370//436 154//436 371//436
f 371//436 154//436 155//436
f 371//437 155//437 372//437
f 372//437 155//437 157//437
f 372//438 157//438 373//438
f 373//438 157//438 159//438
f 373//439 159//439 374//439
f 374//439 159//439 160//439
f 374//440 160//440 375//440
f 375//440 160//440 162//440
f 375//441 162//441 376//441
f 376//441 162//441 164//441
f 376//442 164//442 377//442
f 377//442 164//442 166//442
f 377//443 166//443 378//443
f 378//443 166//443 167//443
f 378//444 167//444 379//444
f 379//445 167//445 169//445
f 379//446 169//446 380//446
f 380//447 169//447 171//447
f 380//448 171//448 381//448
f 381//449 171//449 173//449
f 381//450 173//450 382//450
f 382//451 173//451 174//451
f 382//452 174//452 383//452
f 383//453 174//453 176//453
f 383//454 176//454 384//454
f 384//455 176//455 178//455
f 384//456 178//456 385//456
f 385//457 178//457 180//457
f 385//458 180//458 386//458
f 386//459 180//459 181//459
f 386//460 181//460 387//460
f 387//460 181//460 183//460
f 387//461 183//461 388//461
f 388//462 183//462 185//462
f 388//463 185//463 389//463
f 389//464 185//464 186//464
f 389//465 186//465 390//465
f 390//466 186//466 188//466
f 390//467 188//467 391//467
f 391//468 188//468 190//468
f 391//469 190//469 392//469
f 392//470 190//470 192//470
f 392//471 192//471 393//471
f 393//472 192//472 193//472
f 393//473 193//473 394//473
f 394//474 193//474 195//474
f 394//475 195//475 395//475
f 395//476 195//476 197//476
f 395//477 197//477 396//477
f 396//478 197//478 199//478
f 396//479 199//479 397//479
f 397//480 199//480 200//480
f 397//481 200//481 398//481
f 398//482 200//482 202//482
f 398//483 202//483 399//483
f 399//484 202//484 204//484
f 399//485 204//485 400//485
f 400//486 204//486 206//486
f 400//487 206//487 401//487
f 401//488 206//488 207//488
f 401//489 207//489 402//489
f 402//490 207//490 209//490
f 402//491 209//491 403//491
f 403//492 209//492 211//492
f 403//493 211//493 404//493
f 404//494 211//494 213//494
f 404//495 213//495 405//495
f 405//495 213//495 214//495
f 405//496 214//496 406//496
f 406//497 214//497 216//497
f 406//498 216//498 407//498
f 407//499 216//499 218//499
f 407//500 218//500 408//500
f 408//501 218//501 219//501
f 408//502 219//502 409//502
f 409//503 219//503 221//503
f 409//504 221//504 410//504
f 410//505 221//505 223//505
f 410//506 223//506 411//506
f 411//507 223//507 225//507
f 411//508 225//508 412//508
f 412//509 225//509 226//509
f 412//510 226//510 413//510
f 413//511 226//511 228//511
f 413//512 228//512 414//512
f 414//513 228//513 230//513
f 414//514 230//514 415//514
f 415//515 230//515 232//515
f 415//516 232//516 416//516
f 416//517 232//517 233//517
f 416//518 233//518 417//518
f 417//519 233//519 235//519
f 417//520 235//520 418//520
f 418//521 235//521 237//521
f 418//522 237//522 419//522
f 419//523 237//523 239//523
f 419//524 239//524 420//524
f 420//525 239//525 240//525
f 420//526 240//526 421//526
f 421//527 240//527 242//527
f 421//528 242//528 422//528
f 422//529 242//529 244//529
f 422//530 244//530 423//530
f 423//531 244//531 245//531
f 423//532 245//532 424//532
f 424//533 245//533 247//533
f 424//534 247//534 425//534
f 425//535 247//535 249//535
f 425//536 249//536 426//536
f 426//537 249//537 251//537
f 426//538 251//538 427//538
f 427//539 251//539 252//539
f 427//540 252//540 428//540
f 428//541 252//541 254//541
f 428//542 254//542 429//542
f 429//543 254//543 256//543
f 429//544 256//544 430//544
f 430//545 256//545 258//545
f 430//546 258//546 431//546
f 431//547 258//547 259//547
f 431//548 259//548 432//548
f 432//549 259//549 261//549
f 432//550 261//550 433//550
f 433//551 261//551 263//551
f 433//552 263//552 434//552
f 434//553 263//553 265//553
f 434//554 265//554 435//554
f 435//555 265//555 266//555
f 435//556 266//556 436//556
f 436//557 266//557 268//557
f 436//558 268//558 437//558
f 437//559 268//559 270//559
f 437//560 270//560 438//560
f 438//561 270//561 271//561
f 438//562 271//562 439//562
f 439//563 271//563 273//563
f 439//564 273//564 440//564
f 440//565 273//565 275//565
f 440//566 275//566 441//566
f 441//567 275//567 277//567
f 441//568 277//568 442//568
f 442//569 277//569 278//569
f 442//570 278//570 443//570
f 443//571 278//571 280//571
f 443//572 280//572 282//572
f 282//573 280//573 5//573
f 281//574 144//574 3//574
f 3//574 144//574 142//574
f 3//574 142//574 1//574
f 1//574 142//574 139//574
f 1//574 139//574 7//574
f 7//574 139//574 137//574
f 7//574 137//574 9//574
f 9//574 137//574 135//574
f 9//574 135//574 12//574
f 12//574 135//574 132//574
f 12//574 132//574 14//574
f 14//574 132//574 130//574
f 14//574 130//574 16//574
f 16//574 130//574 127//574
f 16//574 127//574 19//574
f 19//574 127//574 125//574
f 19//574 125//574 21//574
f 21//574 125//574 123//574
f 21//574 123//574 24//574
f 24//574 123//574 120//574
f 24//574 120//574 26//574
f 26//574 120//574 118//574
f 26//574 118//574 28//574
f 28//574 118//574 116//574
f 28//574 116//574 31//574
f 31//574 116//574 113//574
f 31//574 113//574 33//574
f 33//574 113//574 111//574
f 33//574 111//574 35//574
f 35//574 111//574 109//574
f 35//574 109//574 38//574
f 38//574 109//574 106//574
f 38//574 106//574 40//574
f 40//574 106//574 104//574
f 40//574 104//574 42//574
f 42//574 104//574 101//574
f 42//574 101//574 45//574
f 45//574 101//574 99//574
f 45//574 99//574 47//574
f 47//574 99//574 97//574
f 47//574 97//574 50//574
f 50//574 97//574 94//574
f 50//574 94//574 52//574
f 52//574 94//574 92//574
f 52//574 92//574 54//574
f 54//574 92//574 90//574
f 54//574 90//574 57//574
f 57//574 90//574 87//574
f 57//574 87//574 59//574
f 59//574 87//574 85//574
f 59//574 85//574 61//574
f 61//574 85//574 83//574
f 61//574 83//574 64//574
f 64//574 83//574 80//574
f 64//574 80//574 66//574
f 66//574 80//574 78//574
f 66//574 78//574 68//574
f 68//574 78//574 76//574
f 68//574 76//574 71//574
f 71//574 76//574 73//574
f 144//574 281//574 146//574
f 146//574 281//574 279//574
f 146//574 279//574 149//574
f 149//574 279//574 276//574
f 149//574 276//574 151//574
f 151//574 276//574 274//574
f 151//574 274//574 153//574
f 153//574 274//574 272//574
f 153//574 272//574 156//574
f 156//574 272//574 269//574
f 156//574 269//574 158//574
f 158//574 269//574 267//574
f 158//574 267//574 161//574
f 161//574 267//574 163//574
f 163//574 267//574 165//574
f 165//574 267//574 168//574
f 168//574 267//574 170//574
f 170//574 267//574 172//574
f 172//574 267//574 175//574
f 175//574 267//574 177//574
f 177//574 267//574 179//574
f 179//574 267//574 182//574
f 182//574 267//574 184//574
f 184//574 267//574 187//574
f 187//574 267//574 189//574
f 189//574 267//574 191//574
f 191//574 267//574 194//574
f 194//574 267//574 196//574
f 196//574 267//574 198//574
f 198//574 267//574 201//574
f 201//574 267//574 203//574
f 203//574 267//574 205//574
f 205//574 267//574 208//574
f 208//574 267//574 210//574
f 210//574 267//574 212//574
f 212//574 267//574 215//574
f 215//574 267//574 217//574
f 217//574 267//574 220//574
f 220//574 267//574 222//574
f 222//574 267//574 224//574
f 224//574 267//574 227//574
f 227//574 267//574 229//574
f 229//574 267//574 231//574
f 231//574 267//574 264//574
f 231//574 264//574 234//574
f 234//574 264//574 236//574
f 236//574 264//574 238//574
f 238//574 264//574 241//574
f 241//574 264//574 243//574
f 243//574 264//574 246//574
f 246//574 264//574 248//574
f 248//574 264//574 250//574
f 250//574 264//574 253//574
f 253//574 264//574 255//574
f 255//574 264//574 257//574
f 257//574 264//574 260//574
f 260//574 264//574 262//574
f 444//575 445//575 446//575
f 446//575 445//575 447//575
f 446//576 447//576 448//576
f 448//576 447//576 449//576
f 448//577 449//577 450//577
f 450//577 449//577 451//577
f 450//578 451//578 452//578
f 452//578 451//578 453//578
f 452//579 453//579 454//579
f 454//579 453//579 455//579
f 454//580 455//580 456//580
f 456//580 455//580 457//580
f 456//581 457//581 458//581
f 458//581 457//581 459//581
f 458//582 459//582 460//582
f 460//582 459//582 461//582
f 460//583 461//583 462//583
f 462//583 461//583 463//583
f 462//584 463//584 464//584
f 464//584 463//584 465//584
f 464//585 465//585 466//585
f 466//585 465//585 467//585
f 466//586 467//586 468//586
f 468//586 467//586 469//586
f 468//587 469//587 470//587
f 470//587 469//587 471//587
f 470//588 471//588 472//588
f 472//588 471//588 473//588
f 472//589 473//589 474//589
f 474//589 473//589 475//589
f 474//443 475//443 476//443
f 476//443 475//443 477//443
f 476//590 477//590 478//590
f 478//590 477//590 479//590
f 478//591 479//591 480//591
f 480//591 479//591 481//591
f 480//592 481//592 482//592
f 482//592 481//592 483//592
f 482//593 483//593 484//593
f 484//593 483//593 485//593
f 484//594 485//594 486//594
f 486//594 485//594 487//594
f 486//595 487//595 488//595
f 488//595 487//595 489//595
f 488//596 489//596 490//596
f 490//596 489//596 491//596
f 490//597 491//597 492//597
f 492//597 491//597 493//597
f 492//598 493//598 494//598
f 494//598 493//598 495//598
f 494//599 495//599 496//599
f 496//599 495//599 497//599
f 496//600 497//600 498//600
f 498//600 497//600 499//600
f 498//601 499//601 500//601
f 500//601 499//601 501//601
f 500//602 501//602 502//602
f 502//602 501//602 503//602
f 502//603 503//603 504//603
f 504//603 503//603 505//603
f 504//604 505//604 506//604
f 506//604 505//604 507//604
f 506//605 507//605 508//605
f 508//605 507//605 509//605
f 508//606 509//606 510//606
f 510//606 509//606 511//606
f 510//607 511//607 512//607
f 512//607 511//607 513//607
f 512//608 513//608 514//608
f 514//608 513//608 515//608
f 514//609 515//609 516//609
f 516//609 515//609 517//609
f 516//610 517//610 518//610
f 518//610 517//610 519//610
f 518//611 519//611 520//611
f 520//611 519//611 521//611
f 520//612 521//612 522//612
f 522//612 521//612 523//612
f 522//613 523//613 524//613
f 524//613 523//613 525//613
f 524//614 525//614 526//614
f 526//614 525//614 527//614
f 526//615 527//615 528//615
f 528//615 527//615 529//615
f 528//616 529//616 530//616
f 530//616 529//616 531//616
f 530//617 531//617 532//617
f 532//617 531//617 533//617
f 532//495 533//495 534//495
f 534//495 533//495 535//495
f 534//618 535//618 536//618
f 536//618 535//618 537//618
f 536//619 537//619 538//619
f 538//619 537//619 539//619
f 538//620 539//620 540//620
f 540//620 539//620 541//620
f 540//621 541//621 542//621
f 542//621 541//621 543//621
f 542//622 543//622 544//622
f 544//622 543//622 545//622
f 544//623 545//623 546//623
f 546//623 545//623 547//623
f 546//624 547//624 548//624
f 548//624 547//624 549//624
f 548//625 549//625 550//625
f 550//625 549//625 551//625
f 550//626 551//626 552//626
f 552//626 551//626 553//626
f 552//627 553//627 554//627
f 554//627 553//627 555//627
f 554//628 555//628 556//628
f 556//628 555//628 557//628
f 556//629 557//629 558//629
f 558//629 557//629 559//629
f 558//630 559//630 560//630
f 560//630 559//630 561//630
f 560//631 561//631 562//631
f 562//631 561//631 563//631
f 562//632 563//632 564//632
f 564//632 563//632 565//632
f 564//633 565//633 566//633
f 566//634 565//634 567//634
f 566//635 567//635 568//635
f 568//636 567//636 569//636
f 568//637 569//637 570//637
f 570//637 569//637 571//637
f 570//638 571//638 572//638
f 572//638 571//638 573//638
f 572//639 573//639 574//639
f 574//639 573//639 575//639
f 574//640 575//640 576//640
f 576//640 575//640 577//640
f 576//641 577//641 578//641
f 578//641 577//641 579//641
f 578//642 579//642 580//642
f 580//642 579//642 581//642
f 580//643 581//643 582//643
f 582//643 581//643 583//643
f 582//644 583//644 584//644
f 584//645 583//645 585//645
f 584//646 585//646 586//646
f 586//647 585//647 587//647
f 586//648 587//648 588//648
f 588//648 587//648 589//648
f 588//649 589//649 590//649
f 590//649 589//649 591//649
f 590//548 591//548 592//548
f 592//548 591//548 593//548
f 592//650 593//650 594//650
f 594//650 593//650 595//650
f 594//651 595//651 596//651
f 596//651 595//651 597//651
f 596//652 597//652 598//652
f 598//652 597//652 599//652
f 598//653 599//653 600//653
f 600//653 599//653 601//653
f 600//654 601//654 602//654
f 602//654 601//654 603//654
f 602//655 603//655 604//655
f 604//655 603//655 605//655
f 604//656 605//656 606//656
f 606//656 605//656 607//656
f 606//657 607//657 608//657
f 608//658 607//658 609//658
f 608//659 609//659 610//659
f 610//659 609//659 611//659
f 610//660 611//660 612//660
f 612//661 611//661 613//661
f 612//662 613//662 614//662
f 614//662 613//662 615//662
f 614//663 615//663 616//663
f 616//664 615//664 617//664
f 616//665 617//665 618//665
f 618//666 617//666 619//666
f 618//667 619//667 620//667
f 620//667 619//667 621//667
f 620//668 621//668 622//668
f 622//668 621//668 623//668
f 622//669 623//669 624//669
f 624//669 623//669 625//669
f 624//670 625//670 626//670
f 626//670 625//670 627//670
f 626//671 627//671 628//671
f 628//671 627//671 629//671
f 628//672 629//672 630//672
f 630//672 629//672 631//672
f 630//673 631//673 632//673
f 632//674 631//674 633//674
f 632//675 633//675 634//675
f 634//676 633//676 635//676
f 634//677 635//677 636//677
f 636//677 635//677 637//677
f 636//678 637//678 638//678
f 638//678 637//678 639//678
f 638//679 639//679 640//679
f 640//679 639//679 641//679
f 640//680 641//680 642//680
f 642//680 641//680 643//680
f 642//681 643//681 644//681
f 644//681 643//681 645//681
f 644//682 645//682 646//682
f 646//682 645//682 647//682
f 646//683 647//683 648//683
f 648//683 647//683 649//683
f 648//311 649//311 650//311
f 650//311 649//311 651//311
f 650//684 651//684 652//684
f 652//684 651//684 653//684
f 652//685 653//685 654//685
f 654//685 653//685 655//685
f 654//686 655//686 656//686
f 656//687 655//687 657//687
f 656//688 657//688 658//688
f 658//689 657//689 659//689
f 658//690 659//690 660//690
f 660//690 659//690 661//690
f 660//691 661//691 662//691
f 662//691 661//691 663//691
f 662//692 663//692 664//692
f 664//692 663//692 665//692
f 664//693 665//693 666//693
f 666//693 665//693 667//693
f 666//694 667//694 668//694
f 668//694 667//694 669//694
f 668//695 669//695 670//695
f 670//695 669//695 671//695
f 670//696 671//696 672//696
f 672//696 671//696 673//696
f 672//697 673//697 674//697
f 674//698 673//698 675//698
f 674//699 675//699 676//699
f 676//700 675//700 677//700
f 676//701 677//701 678//701
f 678//701 677//701 679//701
f 678//702 679//702 680//702
f 680//702 679//702 681//702
f 680//703 681//703 682//703
f 682//703 681//703 683//703
f 682//704 683//704 684//704
f 684//704 683//704 685//704
f 684//705 685//705 686//705
f 686//705 685//705 687//705
f 686//706 687//706 688//706
f 688//706 687//706 689//706
f 688//707 689//707 690//707
f 690//707 689//707 691//707
f 690//708 691//708 692//708
f 692//708 691//708 693//708
f 692//709 693//709 694//709
f 694//709 693//709 695//709
f 694//710 695//710 696//710
f 696//710 695//710 697//710
f 696//711 697//711 698//711
f 698//711 697//711 699//711
f 698//712 699//712 700//712
f 700//712 699//712 701//712
f 700//713 701//713 702//713
f 702//713 701//713 703//713
f 702//714 703//714 704//714
f 704//714 703//714 705//714
f 704//715 705//715 706//715
f 706//715 705//715 707//715
f 706//364 707//364 708//364
f 708//364 707//364 709//364
f 708//716 709//716 710//716
f 710//716 709//716 711//716
f 710//717 711//717 712//717
f 712//717 711//717 713//717
f 712//718 713//718 714//718
f 714//718 713//718 715//718
f 714//719 715//719 716//719
f 716//719 715//719 717//719
f 716//720 717//720 718//720
f 718//720 717//720 719//720
f 718//721 719//721 720//721
f 720//721 719//721 721//721
f 720//722 721//722 722//722
f 722//722 721//722 723//722
f 722//723 723//723 724//723
f 724//723 723//723 725//723
f 724//724 725//724 726//724
f 726//724 725//724 727//724
f 726//725 727//725 728//725
f 728//725 727//725 729//725
f 728//726 729//726 730//726
f 730//726 729//726 731//726
f 730//727 731//727 732//727
f 732//727 731//727 733//727
f 732//728 733//728 734//728
f 734//728 733//728 735//728
f 734//729 735//729 736//729
f 736//729 735//729 737//729
f 736//730 737//730 738//730
f 738//730 737//730 739//730
f 738//731 739//731 740//731
f 740//731 739//731 741//731
f 740//732 741//732 742//732
f 742//732 741//732 743//732
f 742//733 743//733 744//733
f 744//733 743//733 745//733
f 744//734 745//734 746//734
f 746//734 745//734 747//734
f 746//735 747//735 748//735
f 748//735 747//735 749//735
f 748//736 749//736 750//736
f 750//736 749//736 751//736
f 750//737 751//737 752//737
f 752//737 751//737 753//737
f 752//738 753//738 754//738
f 754//738 753//738 755//738
f 754//739 755//739 756//739
f 756//739 755//739 757//739
f 756//740 757//740 758//740
f 758//740 757//740 759//740
f 758//741 759//741 760//741
f 760//741 759//741 761//741
f 760//742 761//742 762//742
f 762//742 761//742 763//742
f 762//743 763//743 764//743
f 764//743 763//743 765//743
f 764//416 765//416 766//416
f 766//416 765//416 767//416
f 766//744 767//744 768//744
f 768//744 767//744 769//744
f 768//745 769//745 770//745
f 770//745 769//745 771//745
f 770//746 771//746 772//746
f 772//746 771//746 773//746
f 772//747 773//747 774//747
f 774//747 773//747 775//747
f 774//748 775//748 776//748
f 776//748 775//748 777//748
f 776//749 777//749 778//749
f 778//749 777//749 779//749
f 778//750 779//750 780//750
f 780//750 779//750 781//750
f 780//751 781//751 782//751
f 782//751 781//751 783//751
f 782//752 783//752 784//752
f 784//752 783//752 785//752
f 784//753 785//753 786//753
f 786//753 785//753 787//753
f 786//754 787//754 788//754
f 788//754 787//754 789//754
f 788//755 789//755 790//755
f 790//755 789//755 791//755
f 790//756 791//756 444//756
f 444//756 791//756 445//756
f 792//576 793//576 794//576
f 794//576 793//576 795//576
f 794//575 795//575 796//575
f 796//575 795//575 797//575
f 796//756 797//756 798//756
f 798//756 797//756 799//756
f 798//755 799//755 800//755
f 800//755 799//755 801//755
f 800//754 801//754 802//754
f 802//754 801//754 803//754
f 802//753 803//753 804//753
f 804//753 803//753 805//753
f 804//752 805//752 806//752
f 806//752 805//752 807//752
f 806//751 807//751 808//751
f 808//751 807//751 809//751
f 808//750 809//750 810//750
f 810//750 809//750 811//750
f 810//749 811//749 812//749
f 812//749 811//749 813//749
f 812//748 813//748 814//748
f 814//748 813//748 815//748
f 814//747 815//747 816//747
f 816//747 815//747 817//747
f 816//746 817//746 818//746
f 818//746 817//746 819//746
f 818//745 819//745 820//745
f 820//745 819//745 821//745
f 820//744 821//744 822//744
f 822//744 821//744 823//744
f 822//416 823//416 824//416
f 824//416 823//416 825//416
f 824//743 825//743 826//743
f 826//743 825//743 827//743
f 826//742 827//742 828//742
f 828//742 827//742 829//742
f 828//741 829//741 830//741
f 830//741 829//741 831//741
f 830//740 831//740 832//740
f 832//740 831//740 833//740
f 832//739 833//739 834//739
f 834//739 833//739 835//739
f 834//738 835//738 836//738
f 836//738 835//738 837//738
f 836//737 837//737 838//737
f 838//737 837//737 839//737
f 838//736 839//736 840//736
f 840//736 839//736 841//736
f 840//735 841//735 842//735
f 842//735 841//735 843//735
f 842//734 843//734 844//734
f 844//734 843//734 845//734
f 844//733 845//733 846//733
f 846//733 845//733 847//733
f 846//732 847//732 848//732
f 848//732 847//732 849//732
f 848//731 849//731 850//731
f 850//731 849//731 851//731
f 850//730 851//730 852//730
f 852//730 851//730 853//730
f 852//729 853//729 854//729
f 854//729 853//729 855//729
f 854//728 855//728 856//728
f 856//728 855//728 857//728
f 856//727 857//727 858//727
f 858//727 857//727 859//727
f 858//726 859//726 860//726
f 860//726 859//726 861//726
f 860//725 861//725 862//725
f 862//725 861//725 863//725
f 862//724 863//724 864//724
f 864//724 863//724 865//724
f 864//723 865//723 866//723
f 866//723 865//723 867//723
f 866//722 867//722 868//722
f 868//722 867//722 869//722
f 868//721 869//721 870//721
f 870//721 869//721 871//721
f 870//720 871//720 872//720
f 872//720 871//720 873//720
f 872//719 873//719 874//719
f 874//719 873//719 875//719
f 874//718 875//718 876//718
f 876//718 875//718 877//718
f 876//717 877//717 878//717
f 878//717 877//717 879//717
f 878//716 879//716 880//716
f 880//716 879//716 881//716
f 880//364 881//364 882//364
f 882//364 881//364 883//364
f 882//715 883//715 884//715
f 884//715 883//715 885//715
f 884//714 885//714 886//714
f 886//714 885//714 887//714
f 886//713 887//713 888//713
f 888//713 887//713 889//713
f 888//712 889//712 890//712
f 890//712 889//712 891//712
f 890//711 891//711 892//711
f 892//711 891//711 893//711
f 892//710 893//710 894//710
f 894//710 893//710 895//710
f 894//709 895//709 896//709
f 896//709 895//709 897//709
f 896//708 897//708 898//708
f 898//708 897//708 899//708
f 898//707 899//707 900//707
f 900//707 899//707 901//707
f 900//706 901//706 902//706
f 902//706 901//706 903//706
f 902//705 903//705 904//705
f 904//705 903//705 905//705
f 904//704 905//704 906//704
f 906//704 905//704 907//704
f 906//703 907//703 908//703
f 908//703 907//703 909//703
f 908//702 909//702 910//702
f 910//702 909//702 911//702
f 910//701 911//701 912//701
f 912//701 911//701 913//701
f 912//700 913//700 914//700
f 914//757 913//757 915//757
f 914//758 915//758 916//758
f 916//697 915//697 917//697
f 916//696 917//696 918//696
f 918//696 917//696 919//696
f 918//695 919//695 920//695
f 920//695 919//695 921//695
f 920//694 921//694 922//694
f 922//694 921//694 923//694
f 922//693 923//693 924//693
f 924//693 923//693 925//693
f 924//692 925//692 926//692
f 926//692 925//692 927//692
f 926//691 927//691 928//691
f 928//691 927//691 929//691
f 928//690 929//690 930//690
f 930//690 929//690 931//690
f 930//689 931//689 932//689
f 932//759 931//759 933//759
f 932//760 933//760 934//760
f 934//686 933//686 935//686
f 934//685 935//685 936//685
f 936//685 935//685 937//685
f 936//684 937//684 938//684
f 938//684 937//684 939//684
f 938//311 939//311 940//311
f 940//311 939//311 941//311
f 940//683 941//683 942//683
f 942//683 941//683 943//683
f 942//682 943//682 944//682
f 944//682 943//682 945//682
f 944//681 945//681 946//681
f 946//681 945//681 947//681
f 946//680 947//680 948//680
f 948//680 947//680 949//680
f 948//679 949//679 950//679
f 950//679 949//679 951//679
f 950//678 951//678 952//678
f 952//678 951//678 953//678
f 952//677 953//677 954//677
f 954//677 953//677 955//677
f 954//676 955//676 956//676
f 956//761 955//761 957//761
f 956//762 957//762 958//762
f 958//673 957//673 959//673
f 958//672 959//672 960//672
f 960//672 959//672 961//672
f 960//671 961//671 962//671
f 962//671 961//671 963//671
f 962//670 963//670 964//670
f 964//670 963//670 965//670
f 964//669 965//669 966//669
f 966//669 965//669 967//669
f 966//668 967//668 968//668
f 968//668 967//668 969//668
f 968//667 969//667 970//667
f 970//667 969//667 971//667
f 970//666 971//666 972//666
f 972//763 971//763 973//763
f 972//764 973//764 974//764
f 974//663 973//663 975//663
f 974//662 975//662 976//662
f 976//662 975//662 977//662
f 976//661 977//661 978//661
f 978//765 977//765 979//765
f 978//766 979//766 980//766
f 980//766 979//766 981//766
f 980//767 981//767 982//767
f 982//657 981//657 983//657
f 982//656 983//656 984//656
f 984//656 983//656 985//656
f 984//655 985//655 986//655
f 986//655 985//655 987//655
f 986//654 987//654 988//654
f 988//654 987//654 989//654
f 988//653 989//653 990//653
f 990//653 989//653 991//653
f 990//652 991//652 992//652
f 992//652 991//652 993//652
f 992//651 993//651 994//651
f 994//651 993//651 995//651
f 994//650 995//650 996//650
f 996//650 995//650 997//650
f 996//548 997//548 998//548
f 998//548 997//548 999//548
f 998//649 999//649 1000//649
f 1000//649 999//649 1001//649
f 1000//648 1001//648 1002//648
f 1002//648 1001//648 1003//648
f 1002//647 1003//647 1004//647
f 1004//768 1003//768 1005//768
f 1004//769 1005//769 1006//769
f 1006//644 1005//644 1007//644
f 1006//643 1007//643 1008//643
f 1008//643 1007//643 1009//643
f 1008//642 1009//642 1010//642
f 1010//642 1009//642 1011//642
f 1010//641 1011//641 1012//641
f 1012//641 1011//641 1013//641
f 1012//640 1013//640 1014//640
f 1014//640 1013//640 1015//640
f 1014//639 1015//639 1016//639
f 1016//639 1015//639 1017//639
f 1016//638 1017//638 1018//638
f 1018//638 1017//638 1019//638
f 1018//637 1019//637 1020//637
f 1020//637 1019//637 1021//637
f 1020//636 1021//636 1022//636
f 1022//770 1021//770 1023//770
f 1022//771 1023//771 1024//771
f 1024//633 1023//633 1025//633
f 1024//632 1025//632 1026//632
f 1026//632 1025//632 1027//632
f 1026//631 1027//631 1028//631
f 1028//631 1027//631 1029//631
f 1028//630 1029//630 1030//630
f 1030//630 1029//630 1031//630
f 1030//629 1031//629 1032//629
f 1032//629 1031//629 1033//629
f 1032//628 1033//628 1034//628
f 1034//628 1033//628 1035//628
f 1034//627 1035//627 1036//627
f 1036//627 1035//627 1037//627
f 1036//626 1037//626 1038//626
f 1038//626 1037//626 1039//626
f 1038//625 1039//625 1040//625
f 1040//625 1039//625 1041//625
f 1040//624 1041//624 1042//624
f 1042//624 1041//624 1043//624
f 1042//623 1043//623 1044//623
f 1044//623 1043//623 1045//623
f 1044//622 1045//622 1046//622
f 1046//622 1045//622 1047//622
f 1046//621 1047//621 1048//621
f 1048//621 1047//621 1049//621
f 1048//620 1049//620 1050//620
f 1050//620 1049//620 1051//620
f 1050//619 1051//619 1052//619
f 1052//619 1051//619 1053//619
f 1052//618 1053//618 1054//618
f 1054//618 1053//618 1055//618
f 1054//495 1055//495 1056//495
f 1056//495 1055//495 1057//495
f 1056//617 1057//617 1058//617
f 1058//617 1057//617 1059//617
f 1058//616 1059//616 1060//616
f 1060//616 1059//616 1061//616
f 1060//615 1061//615 1062//615
f 1062//615 1061//615 1063//615
f 1062//614 1063//614 1064//614
f 1064//614 1063//614 1065//614
f 1064//613 1065//613 1066//613
f 1066//613 1065//613 1067//613
f 1066//612 1067//612 1068//612
f 1068//612 1067//612 1069//612
f 1068//611 1069//611 1070//611
f 1070//611 1069//611 1071//611
f 1070//610 1071//610 1072//610
f 1072//610 1071//610 1073//610
f 1072//609 1073//609 1074//609
f 1074//609 1073//609 1075//609
f 1074//608 1075//608 1076//608
f 1076//608 1075//608 1077//608
f 1076//607 1077//607 1078//607
f 1078//607 1077//607 1079//607
f 1078//606 1079//606 1080//606
f 1080//606 1079//606 1081//606
f 1080//605 1081//605 1082//605
f 1082//605 1081//605 1083//605
f 1082//604 1083//604 1084//604
f 1084//604 1083//604 1085//604
f 1084//603 1085//603 1086//603
f 1086//603 1085//603 1087//603
f 1086//602 1087//602 1088//602
f 1088//602 1087//602 1089//602
f 1088//601 1089//601 1090//601
f 1090//601 1089//601 1091//601
f 1090//600 1091//600 1092//600
f 1092//600 1091//600 1093//600
f 1092//599 1093//599 1094//599
f 1094//599 1093//599 1095//599
f 1094//598 1095//598 1096//598
f 1096//598 1095//598 1097//598
f 1096//597 1097//597 1098//597
f 1098//597 1097//597 1099//597
f 1098//596 1099//596 1100//596
f 1100//596 1099//596 1101//596
f 1100//595 1101//595 1102//595
f 1102//595 1101//595 1103//595
f 1102//594 1103//594 1104//594
f 1104//594 1103//594 1105//594
f 1104//593 1105//593 1106//593
f 1106//593 1105//593 1107//593
f 1106//592 1107//592 1108//592
f 1108//592 1107//592 1109//592
f 1108//591 1109//591 1110//591
f 1110//591 1109//591 1111//591
f 1110//590 1111//590 1112//590
f 1112//590 1111//590 1113//590
f 1112//443 1113//443 1114//443
f 1114//443 1113//443 1115//443
f 1114//589 1115//589 1116//589
f 1116//589 1115//589 1117//589
f 1116//588 1117//588 1118//588
f 1118//588 1117//588 1119//588
f 1118//587 1119//587 1120//587
f 1120//587 1119//587 1121//587
f 1120//586 1121//586 1122//586
f 1122//586 1121//586 1123//586
f 1122//585 1123//585 1124//585
f 1124//585 1123//585 1125//585
f 1124//584 1125//584 1126//584
f 1126//584 1125//584 1127//584
f 1126//583 1127//583 1128//583
f 1128//583 1127//583 1129//583
f 1128//582 1129//582 1130//582
f 1130//582 1129//582 1131//582
f 1130//581 1131//581 1132//581
f 1132//581 1131//581 1133//581
f 1132//580 1133//580 1134//580
f 1134//580 1133//580 1135//580
f 1134//579 1135//579 1136//579
f 1136//579 1135//579 1137//579
f 1136//578 1137//578 1138//578
f 1138//578 1137//578 1139//578
f 1138//577 1139//577 792//577
f 792//577 1139//577 793//577
f 447//576 795//576 449//576
f 449//576 795//576 793//576
f 449//577 793//577 451//577
f 451//577 793//577 1139//577
f 451//578 1139//578 453//578
f 453//578 1139//578 1137//578
f 453//579 1137//579 455//579
f 455//579 1137//579 1135//579
f 455//580 1135//580 457//580
f 457//580 1135//580 1133//580
f 457//581 1133//581 459//581
f 459//581 1133//581 1131//581
f 459//582 1131//582 461//582
f 461//582 1131//582 1129//582
f 461//583 1129//583 463//583
f 463//583 1129//583 1127//583
f 463//584 1127//584 465//584
f 465//584 1127//584 1125//584
f 465//585 1125//585 467//585
f 467//585 1125//585 1123//585
f 467//586 1123//586 469//586
f 469//586 1123//586 1121//586
f 469//587 1121//587 471//587
f 471//587 1121//587 1119//587
f 471//588 1119//588 473//588
f 473//588 1119//588 1117//588
f 473//589 1117//589 475//589
f 475//589 1117//589 1115//589
f 475//443 1115//443 477//443
f 477//443 1115//443 1113//443
f 477//590 1113//590 479//590
f 479//590 1113//590 1111//590
f 479//591 1111//591 481//591
f 481//591 1111//591 1109//591
f 481//592 1109//592 483//592
f 483//592 1109//592 1107//592
f 483//593 1107//593 485//593
f 485//593 1107//593 1105//593
f 485//594 1105//594 487//594
f 487//594 1105//594 1103//594
f 487//595 1103//595 489//595
f 489//595 1103//595 1101//595
f 489//596 1101//596 491//596
f 491//596 1101//596 1099//596
f 491//597 1099//597 493//597
f 493//597 1099//597 1097//597
f 493//598 1097//598 495//598
f 495//598 1097//598 1095//598
f 495//599 1095//599 497//599
f 497//599 1095//599 1093//599
f 497//600 1093//600 499//600
f 499//600 1093//600 1091//600
f 499//601 1091//601 501//601
f 501//601 1091//601 1089//601
f 501//602 1089//602 503//602
f 503//602 1089//602 1087//602
f 503//603 1087//603 505//603
f 505//603 1087//603 1085//603
f 505//604 1085//604 507//604
f 507//604 1085//604 1083//604
f 507//605 1083//605 509//605
f 509//605 1083//605 1081//605
f 509//606 1081//606 511//606
f 511//606 1081//606 1079//606
f 511//607 1079//607 513//607
f 513//607 1079//607 1077//607
f 513//608 1077//608 515//608
f 515//608 1077//608 1075//608
f 515//609 1075//609 517//609
f 517//609 1075//609 1073//609
f 517//610 1073//610 519//610
f 519//610 1073//610 1071//610
f 519//611 1071//611 521//611
f 521//611 1071//611 1069//611
f 521//612 1069//612 523//612
f 523//612 1069//612 1067//612
f 523//613 1067//613 525//613
f 525//613 1067//613 1065//613
f 525//614 1065//614 527//614
f 527//614 1065//614 1063//614
f 527//615 1063//615 529//615
f 529//615 1063//615 1061//615
f 529//616 1061//616 531//616
f 531//616 1061//616 1059//616
f 531//617 1059//617 533//617
f 533//617 1059//617 1057//617
f 533//495 1057//495 535//495
f 535//495 1057//495 1055//495
f 535//618 1055//618 537//618
f 537//618 1055//618 1053//618
f 537//619 1053//619 539//619
f 539//619 1053//619 1051//619
f 539//620 1051//620 541//620
f 541//620 1051//620 1049//620
f 541//621 1049//621 543//621
f 543//621 1049//621 1047//621
f 543//622 1047//622 545//622
f 545//622 1047//622 1045//622
f 545//623 1045//623 547//623
f 547//623 1045//623 1043//623
f 547//624 1043//624 549//624
f 549//624 1043//624 1041//624
f 549//625 1041//625 551//625
f 551//625 1041//625 1039//625
f 551//626 1039//626 553//626
f 553//626 1039//626 1037//626
f 553//627 1037//627 555//627
f 555//627 1037//627 1035//627
f 555//628 1035//628 557//628
f 557//628 1035//628 1033//628
f 557//629 1033//629 559//629
f 559//629 1033//629 1031//629
f 559//630 1031//630 561//630
f 561//630 1031//630 1029//630
f 561//631 1029//631 563//631
f 563//631 1029//631 1027//631
f 563//632 1027//632 565//632
f 565//632 1027//632 1025//632
f 565//633 1025//633 567//633
f 567//633 1025//633 1023//633
f 567//636 1023//636 569//636
f 569//636 1023//636 1021//636
f 569//637 1021//637 571//637
f 571//637 1021//637 1019//637
f 571//638 1019//638 573//638
f 573//638 1019//638 1017//638
f 573//639 1017//639 575//639
f 575//639 1017//639 1015//639
f 575//640 1015//640 577//640
f 577//640 1015//640 1013//640
f 577//641 1013//641 579//641
f 579//641 1013//641 1011//641
f 579//642 1011//642 581//642
f 581//642 1011//642 1009//642
f 581//643 1009//643 583//643
f 583//643 1009//643 1007//643
f 583//644 1007//644 585//644
f 585//644 1007//644 1005//644
f 585//647 1005//647 587//647
f 587//647 1005//647 1003//647
f 587//648 1003//648 589//648
f 589//648 1003//648 1001//648
f 589//649 1001//649 591//649
f 591//649 1001//649 999//649
f 591//548 999//548 593//548
f 593//548 999//548 997//548
f 593//650 997//650 595//650
f 595//650 997//650 995//650
f 595//651 995//651 597//651
f 597//651 995//651 993//651
f 597//652 993//652 599//652
f 599//652 993//652 991//652
f 599//653 991//653 601//653
f 601//653 991//653 989//653
f 601//654 989//654 603//654
f 603//654 989//654 987//654
f 603//655 987//655 605//655
f 605//655 987//655 985//655
f 605//656 985//656 607//656
f 607//656 985//656 983//656
f 607//657 983//657 609//657
f 609//657 983//657 981//657
f 609//772 981//772 611//772
f 611//772 981//772 979//772
f 611//661 979//661 613//661
f 613//661 979//661 977//661
f 613//662 977//662 615//662
f 615//662 977//662 975//662
f 615//663 975//663 617//663
f 617//663 975//663 973//663
f 617//666 973//666 619//666
f 619//666 973//666 971//666
f 619//667 971//667 621//667
f 621//667 971//667 969//667
f 621//668 969//668 623//668
f 623//668 969//668 967//668
f 623//669 967//669 625//669
f 625//669 967//669 965//669
f 625//670 965//670 627//670
f 627//670 965//670 963//670
f 627//671 963//671 629//671
f 629//671 963//671 961//671
f 629//672 961//672 631//672
f 631//672 961//672 959//672
f 631//673 959//673 633//673
f 633//673 959//673 957//673
f 633//676 957//676 635//676
f 635//676 957//676 955//676
f 635//677 955//677 637//677
f 637//677 955//677 953//677
f 637//678 953//678 639//678
f 639//678 953//678 951//678
f 639//679 951//679 641//679
f 641//679 951//679 949//679
f 641//680 949//680 643//680
f 643//680 949//680 947//680
f 643//681 947//681 645//681
f 645//681 947//681 945//681
f 645//682 945//682 647//682
f 647//682 945//682 943//682
f 647//683 943//683 649//683
f 649//683 943//683 941//683
f 649//311 941//311 651//311
f 651//311 941//311 939//311
f 651//684 939//684 653//684
f 653//684 939//684 937//684
f 653//685 937//685 655//685
f 655//685 937//685 935//685
f 655//686 935//686 657//686
f 657//686 935//686 933//686
f 657//689 933//689 659//689
f 659//689 933//689 931//689
f 659//690 931//690 661//690
f 661//690 931//690 929//690
f 661//691 929//691 663//691
f 663//691 929//691 927//691
f 663//692 927//692 665//692
f 665//692 927//692 925//692
f 665//693 925//693 667//693
f 667//693 925//693 923//693
f 667//694 923//694 669//694
f 669//694 923//694 921//694
f 669//695 921//695 671//695
f 671//695 921//695 919//695
f 671//696 919//696 673//696
f 673//696 919//696 917//696
f 673//697 917//697 675//697
f 675//697 917//697 915//697
f 675//700 915//700 677//700
f 677//700 915//700 913//700
f 677//701 913//701 679//701
f 679//701 913//701 911//701
f 679//702 911//702 681//702
f 681//702 911//702 909//702
f 681//703 909//703 683//703
f 683//703 909//703 907//703
f 683//704 907//704 685//704
f 685//704 907//704 905//704
f 685//705 905//705 687//705
f 687//705 905//705 903//705
f 687//706 903//706 689//706
f 689//706 903//706 901//706
f 689//707 901//707 691//707
f 691//707 901//707 899//707
f 691//708 899//708 693//708
f 693//708 899//708 897//708
f 693//709 897//709 695//709
f 695//709 897//709 895//709
f 695//710 895//710 697//710
f 697//710 895//710 893//710
f 697//711 893//711 699//711
f 699//711 893//711 891//711
f 699//712 891//712 701//712
f 701//712 891//712 889//712
f 701//713 889//713 703//713
f 703//713 889//713 887//713
f 703//714 887//714 705//714
f 705//714 887//714 885//714
f 705//715 885//715 707//715
f 707//715 885//715 883//715
f 707//364 883//364 709//364
f 709//364 883//364 881//364
f 709//716 881//716 711//716
f 711//716 881//716 879//716
f 711//717 879//717 713//717
f 713//717 879//717 877//717
f 713//718 877//718 715//718
f 715//718 877//718 875//718
f 715//719 875//719 717//719
f 717//719 875//719 873//719
f 717//720 873//720 719//720
f 719//720 873//720 871//720
f 719//721 871//721 721//721
f 721//721 871//721 869//721
f 721//722 869//722 723//722
f 723//722 869//722 867//722
f 723//723 867//723 725//723
f 725//723 867//723 865//723
f 725//724 865//724 727//724
f 727//724 865//724 863//724
f 727//725 863//725 729//725
f 729//725 863//725 861//725
f 729//726 861//726 731//726
f 731//726 861//726 859//726
f 731//727 859//727 733//727
f 733//727 859//727 857//727
f 733//728 857//728 735//728
f 735//728 857//728 855//728
f 735//729 855//729 737//729
f 737//729 855//729 853//729
f 737//730 853//730 739//730
f 739//730 853//730 851//730
f 739//731 851//731 741//731
f 741//731 851//731 849//731
f 741//732 849//732 743//732
f 743//732 849//732 847//732
f 743//733 847//733 745//733
f 745//733 847//733 845//733
f 745//734 845//734 747//734
f 747//734 845//734 843//734
f 747//735 843//735 749//735
f 749//735 843//735 841//735
f 749//736 841//736 751//736
f 751//736 841//736 839//736
f 751//737 839//737 753//737
f 753//737 839//737 837//737
f 753//738 837//738 755//738
f 755//738 837//738 835//738
f 755//739 835//739 757//739
f 757//739 835//739 833//739
f 757//740 833//740 759//740
f 759//740 833//740 831//740
f 759//741 831//741 761//741
f 761//741 831//741 829//741
f 761//742 829//742 763//742
f 763//742 829//742 827//742
f 763//743 827//743 765//743
f 765//743 827//743 825//743
f 765//416 825//416 767//416
f 767//416 825//416 823//416
f 767//744 823//744 769//744
f 769//744 823//744 821//744
f 769//745 821//745 771//745
f 771//745 821//745 819//745
f 771//746 819//746 773//746
f 773//746 819//746 817//746
f 773//747 817//747 775//747
f 775//747 817//747 815//747
f 775//748 815//748 777//748
f 777//748 815//748 813//748
f 777//749 813//749 779//749
f 779//749 813//749 811//749
f 779//750 811//750 781//750
f 781//750 811//750 809//750
f 781//751 809//751 783//751
f 783//751 809//751 807//751
f 783//752 807//752 785//752
f 785//752 807//752 805//752
f 785//753 805//753 787//753
f 787//753 805//753 803//753
f 787//754 803//754 789//754
f 789//754 803//754 801//754
f 789//755 801//755 791//755
f 791//755 801//755 799//755
f 791//756 799//756 445//756
f 445//756 799//756 797//756
f 445//575 797//575 447//575
f 447//575 797//575 795//575
f 448//773 618//773 446//773
f 446//773 618//773 620//773
f 446//773 620//773 444//773
f 444//773 620//773 622//773
f 444//773 622//773 790//773
f 790//773 622//773 624//773
f 790//773 624//773 788//773
f 788//773 624//773 626//773
f 788//773 626//773 786//773
f 786//773 626//773 628//773
f 786//773 628//773 784//773
f 784//773 628//773 630//773
f 784//773 630//773 782//773
f 782//773 630//773 632//773
f 782//773 632//773 780//773
f 780//773 632//773 634//773
f 780//773 634//773 778//773
f 778//773 634//773 636//773
f 778//773 636//773 776//773
f 776//773 636//773 638//773
f 776//773 638//773 774//773
f 774//773 638//773 640//773
f 774//773 640//773 772//773
f 772//773 640//773 642//773
f 772//773 642//773 770//773
f 770//773 642//773 644//773
f 770//773 644//773 768//773
f 768//773 644//773 646//773
f 768//773 646//773 766//773
f 766//773 646//773 648//773
f 766//773 648//773 764//773
f 764//773 648//773 650//773
f 764//773 650//773 762//773
f 762//773 650//773 652//773
f 762//773 652//773 760//773
f 760//773 652//773 654//773
f 760//773 654//773 758//773
f 758//773 654//773 656//773
f 758//773 656//773 756//773
f 756//773 656//773 658//773
f 756//773 658//773 754//773
f 754//773 658//773 660//773
f 754//773 660//773 752//773
f 752//773 660//773 662//773
f 752//773 662//773 750//773
f 750//773 662//773 664//773
f 750//773 664//773 748//773
f 748//773 664//773 666//773
f 748//773 666//773 746//773
f 746//773 666//773 668//773
f 746//773 668//773 744//773
f 744//773 668//773 670//773
f 744//773 670//773 742//773
f 742//773 670//773 672//773
f 742//773 672//773 740//773
f 740//773 672//773 674//773
f 740//773 674//773 738//773
f 738//773 674//773 676//773
f 738//773 676//773 736//773
f 736//773 676//773 678//773
f 736//773 678//773 734//773
f 734//773 678//773 680//773
f 734//773 680//773 732//773
f 732//773 680//773 682//773
f 732//773 682//773 730//773
f 730//773 682//773 684//773
f 730//773 684//773 728//773
f 728//773 684//773 686//773
f 728//773 686//773 726//773
f 726//773 686//773 688//773
f 726//773 688//773 724//773
f 724//773 688//773 690//773
f 724//773 690//773 722//773
f 722//773 690//773 692//773
f 722//773 692//773 720//773
f 720//773 692//773 694//773
f 720//773 694//773 718//773
f 718//773 694//773 696//773
f 718//773 696//773 716//773
f 716//773 696//773 698//773
f 716//773 698//773 714//773
f 714//773 698//773 700//773
f 714//773 700//773 712//773
f 712//773 700//773 702//773
f 712//773 702//773 710//773
f 710//773 702//773 704//773
f 710//773 704//773 708//773
f 708//773 704//773 706//773
f 618//773 448//773 616//773
f 616//773 448//773 450//773
f 616//773 450//773 614//773
f 614//773 450//773 452//773
f 614//773 452//773 612//773
f 612//773 452//773 454//773
f 612//773 454//773 610//773
f 610//773 454//773 456//773
f 610//773 456//773 608//773
f 608//773 456//773 458//773
f 608//773 458//773 606//773
f 606//773 458//773 460//773
f 606//773 460//773 604//773
f 604//773 460//773 462//773
f 604//773 462//773 602//773
f 602//773 462//773 464//773
f 602//773 464//773 600//773
f 600//773 464//773 466//773
f 600//773 466//773 598//773
f 598//773 466//773 468//773
f 598//773 468//773 596//773
f 596//773 468//773 470//773
f 596//773 470//773 594//773
f 594//773 470//773 472//773
f 594//773 472//773 592//773
f 592//773 472//773 474//773
f 592//773 474//773 590//773
f 590//773 474//773 476//773
f 590//773 476//773 588//773
f 588//773 476//773 478//773
f 588//773 478//773 586//773
f 586//773 478//773 480//773
f 586//773 480//773 584//773
f 584//773 480//773 482//773
f 584//773 482//773 582//773
f 582//773 482//773 484//773
f 582//773 484//773 580//773
f 580//773 484//773 486//773
f 580//773 486//773 578//773
f 578//773 486//773 488//773
f 578//773 488//773 576//773
f 576//773 488//773 490//773
f 576//773 490//773 574//773
f 574//773 490//773 492//773
f 574//773 492//773 572//773
f 572//773 492//773 494//773
f 572//773 494//773 570//773
f 570//773 494//773 496//773
f 570//773 496//773 568//773
f 568//773 496//773 498//773
f 568//773 498//773 566//773
f 566//773 498//773 500//773
f 566//773 500//773 564//773
f 564//773 500//773 502//773
f 564//773 502//773 562//773
f 562//773 502//773 504//773
f 562//773 504//773 560//773
f 560//773 504//773 506//773
f 560//773 506//773 558//773
f 558//773 506//773 508//773
f 558//773 508//773 556//773
f 556//773 508//773 510//773
f 556//773 510//773 554//773
f 554//773 510//773 512//773
f 554//773 512//773 552//773
f 552//773 512//773 514//773
f 552//773 514//773 550//773
f 550//773 514//773 516//773
f 550//773 516//773 548//773
f 548//773 516//773 518//773
f 548//773 518//773 546//773
f 546//773 518//773 520//773
f 546//773 520//773 544//773
f 544//773 520//773 522//773
f 544//773 522//773 542//773
f 542//773 522//773 524//773
f 542//773 524//773 540//773
f 540//773 524//773 526//773
f 540//773 526//773 538//773
f 538//773 526//773 528//773
f 538//773 528//773 536//773
f 536//773 528//773 530//773
f 536//773 530//773 534//773
f 534//773 530//773 532//773
f 284//574 792//574 283//574
f 283//574 792//574 794//574
f 283//574 794//574 796//574
f 792//574 284//574 1138//574
f 1138//574 284//574 285//574
f 1138//574 285//574 1136//574
f 1136//574 285//574 286//574
f 1136//574 286//574 1134//574
f 1134//574 286//574 287//574
f 1134//574 287//574 1132//574
f 1132//574 287//574 288//574
f 1132//574 288//574 1130//574
f 1130//574 288//574 289//574
f 1130//574 289//574 1128//574
f 1128//574 289//574 290//574
f 1128//574 290//574 1126//574
f 1126//574 290//574 291//574
f 1126//574 291//574 1124//574
f 1124//574 291//574 292//574
f 1124//574 292//574 1122//574
f 1122//574 292//574 293//574
f 1122//574 293//574 1120//574
f 1120//574 293//574 294//574
f 1120//574 294//574 1118//574
f 1118//574 294//574 295//574
f 1118//574 295//574 1116//574
f 1116//574 295//574 296//574
f 1116//574 296//574 1114//574
f 1114//574 296//574 297//574
f 1114//574 297//574 1112//574
f 1112//574 297//574 1110//574
f 1110//574 297//574 298//574
f 1110//574 298//574 1108//574
f 1108//574 298//574 299//574
f 1108//574 299//574 1106//574
f 1106//574 299//574 300//574
f 1106//574 300//574 1104//574
f 1104//574 300//574 301//574
f 1104//574 301//574 1102//574
f 1102//574 301//574 302//574
f 1102//574 302//574 1100//574
f 1100//574 302//574 303//574
f 1100//574 303//574 1098//574
f 1098//574 303//574 304//574
f 1098//574 304//574 1096//574
f 1096//574 304//574 305//574
f 1096//574 305//574 1094//574
f 1094//574 305//574 306//574
f 1094//574 306//574 1092//574
f 1092//574 306//574 307//574
f 1092//574 307//574 1090//574
f 1090//574 307//574 308//574
f 1090//574 308//574 1088//574
f 1088//574 308//574 309//574
f 1088//574 309//574 1086//574
f 1086//574 309//574 310//574
f 1086//574 310//574 1084//574
f 1084//574 310//574 1082//574
f 1082//574 310//574 311//574
f 1082//574 311//574 1080//574
f 1080//574 311//574 312//574
f 1080//574 312//574 1078//574
f 1078//574 312//574 313//574
f 1078//574 313//574 1076//574
f 1076//574 313//574 314//574
f 1076//574 314//574 1074//574
f 1074//574 314//574 315//574
f 1074//574 315//574 1072//574
f 1072//574 315//574 316//574
f 1072//574 316//574 1070//574
f 1070//574 316//574 317//574
f 1070//574 317//574 1068//574
f 1068//574 317//574 318//574
f 1068//574 318//574 1066//574
f 1066//574 318//574 319//574
f 1066//574 319//574 1064//574
f 1064//574 319//574 320//574
f 1064//574 320//574 1062//574
f 1062//574 320//574 321//574
f 1062//574 321//574 1060//574
f 1060//574 321//574 322//574
f 1060//574 322//574 1058//574
f 1058//574 322//574 323//574
f 1058//574 323//574 1056//574
f 1056//574 323//574 324//574
f 1056//574 324//574 1054//574
f 1054//574 324//574 1052//574
f 1052//574 324//574 325//574
f 1052//574 325//574 1050//574
f 1050//574 325//574 326//574
f 1050//574 326//574 1048//574
f 1048//574 326//574 327//574
f 1048//574 327//574 1046//574
f 1046//574 327//574 328//574
f 1046//574 328//574 1044//574
f 1044//574 328//574 329//574
f 1044//574 329//574 1042//574
f 1042//574 329//574 330//574
f 1042//574 330//574 1040//574
f 1040//574 330//574 331//574
f 1040//574 331//574 1038//574
f 1038//574 331//574 332//574
f 1038//574 332//574 1036//574
f 1036//574 332//574 333//574
f 1036//574 333//574 1034//574
f 1034//574 333//574 334//574
f 1034//574 334//574 1032//574
f 1032//574 334//574 335//574
f 1032//574 335//574 1030//574
f 1030//574 335//574 336//574
f 1030//574 336//574 1028//574
f 1028//574 336//574 337//574
f 1028//574 337//574 1026//574
f 1026//574 337//574 1024//574
f 1024//574 337//574 338//574
f 1024//574 338//574 1022//574
f 1022//574 338//574 339//574
f 1022//574 339//574 1020//574
f 1020//574 339//574 340//574
f 1020//574 340//574 1018//574
f 1018//574 340//574 341//574
f 1018//574 341//574 1016//574
f 1016//574 341//574 342//574
f 1016//574 342//574 1014//574
f 1014//574 342//574 343//574
f 1014//574 343//574 1012//574
f 1012//574 343//574 344//574
f 1012//574 344//574 1010//574
f 1010//574 344//574 345//574
f 1010//574 345//574 1008//574
f 1008//574 345//574 346//574
f 1008//574 346//574 1006//574
f 1006//574 346//574 347//574
f 1006//574 347//574 1004//574
f 1004//574 347//574 348//574
f 1004//574 348//574 1002//574
f 1002//574 348//574 349//574
f 1002//574 349//574 1000//574
f 1000//574 349//574 350//574
f 1000//574 350//574 998//574
f 998//574 350//574 996//574
f 996//574 350//574 351//574
f 996//574 351//574 994//574
f 994//574 351//574 352//574
f 994//574 352//574 992//574
f 992//574 352//574 353//574
f 992//574 353//574 990//574
f 990//574 353//574 354//574
f 990//574 354//574 988//574
f 988//574 354//574 355//574
f 988//574 355//574 986//574
f 986//574 355//574 356//574
f 986//574 356//574 984//574
f 984//574 356//574 357//574
f 984//574 357//574 982//574
f 982//574 357//574 358//574
f 982//574 358//574 980//574
f 980//574 358//574 359//574
f 980//574 359//574 978//574
f 978//574 359//574 360//574
f 978//574 360//574 976//574
f 976//574 360//574 361//574
f 976//574 361//574 974//574
f 974//574 361//574 362//574
f 974//574 362//574 972//574
f 972//574 362//574 363//574
f 972//574 363//574 970//574
f 970//574 363//574 364//574
f 970//574 364//574 968//574
f 968//574 364//574 966//574
f 966//574 364//574 365//574
f 966//574 365//574 964//574
f 964//574 365//574 366//574
f 964//574 366//574 962//574
f 962//574 366//574 367//574
f 962//574 367//574 960//574
f 960//574 367//574 368//574
f 960//574 368//574 958//574
f 958//574 368//574 369//574
f 958//574 369//574 956//574
f 956//574 369//574 370//574
f 956//574 370//574 954//574
f 954//574 370//574 371//574
f 954//574 371//574 952//574
f 952//574 371//574 372//574
f 952//574 372//574 950//574
f 950//574 372//574 373//574
f 950//574 373//574 948//574
f 948//574 373//574 374//574
f 948//574 374//574 946//574
f 946//574 374//574 375//574
f 946//574 375//574 944//574
f 944//574 375//574 376//574
f 944//574 376//574 942//574
f 942//574 376//574 377//574
f 942//574 377//574 940//574
f 940//574 377//574 378//574
f 940//574 378//574 938//574
f 938//574 378//574 936//574
f 936//574 378//574 379//574
f 936//574 379//574 934//574
f 934//574 379//574 380//574
f 934//574 380//574 932//574
f 932//574 380//574 381//574
f 932//574 381//574 930//574
f 930//574 381//574 382//574
f 930//574 382//574 928//574
f 928//574 382//574 383//574
f 928//574 383//574 926//574
f 926//574 383//574 384//574
f 926//574 384//574 924//574
f 924//574 384//574 385//574
f 924//574 385//574 922//574
f 922//574 385//574 386//574
f 922//574 386//574 920//574
f 920//574 386//574 387//574
f 920//574 387//574 918//574
f 918//574 387//574 388//574
f 918//574 388//574 916//574
f 916//574 388//574 389//574
f 916//574 389//574 914//574
f 914//574 389//574 390//574
f 914//574 390//574 912//574
f 912//574 390//574 391//574
f 912//574 391//574 910//574
f 910//574 391//574 908//574
f 908//574 391//574 392//574
f 908//574 392//574 906//574
f 906//574 392//574 393//574
f 906//574 393//574 904//574
f 904//574 393//574 394//574
f 904//574 394//574 902//574
f 902//574 394//574 395//574
f 902//574 395//574 900//574
f 900//574 395//574 396//574
f 900//574 396//574 898//574
f 898//574 396//574 397//574
f 898//574 397//574 896//574
f 896//574 397//574 398//574
f 896//574 398//574 894//574
f 894//574 398//574 399//574
f 894//574 399//574 892//574
f 892//574 399//574 400//574
f 892//574 400//574 890//574
f 890//574 400//574 401//574
f 890//574 401//574 888//574
f 888//574 401//574 402//574
f 888//574 402//574 886//574
f 886//574 402//574 403//574
f 886//574 403//574 884//574
f 884//574 403//574 404//574
f 884//574 404//574 882//574
f 882//574 404//574 405//574
f 882//574 405//574 880//574
f 880//574 405//574 878//574
f 878//574 405//574 406//574
f 878//574 406//574 876//574
f 876//574 406//574 407//574
f 876//574 407//574 874//574
f 874//574 407//574 408//574
f 874//574 408//574 872//574
f 872//574 408//574 409//574
f 872//574 409//574 870//574
f 870//574 409//574 410//574
f 870//574 410//574 868//574
f 868//574 410//574 411//574
f 868//574 411//574 866//574
f 866//574 411//574 412//574
f 866//574 412//574 864//574
f 864//574 412//574 413//574
f 864//574 413//574 862//574
f 862//574 413//574 414//574
f 862//574 414//574 860//574
f 860//574 414//574 415//574
f 860//574 415//574 858//574
f 858//574 415//574 416//574
f 858//574 416//574 856//574
f 856//574 416//574 417//574
f 856//574 417//574 854//574
f 854//574 417//574 418//574
f 854//574 418//574 852//574
f 852//574 418//574 850//574
f 850//574 418//574 419//574
f 850//574 419//574 848//574
f 848//574 419//574 420//574
f 848//574 420//574 846//574
f 846//574 420//574 421//574
f 846//574 421//574 844//574
f 844//574 421//574 422//574
f 844//574 422//574 842//574
f 842//574 422//574 423//574
f 842//574 423//574 840//574
f 840//574 423//574 424//574
f 840//574 424//574 838//574
f 838//574 424//574 425//574
f 838//574 425//574 836//574
f 836//574 425//574 426//574
f 836//574 426//574 834//574
f 834//574 426//574 427//574
f 834//574 427//574 832//574
f 832//574 427//574 428//574
f 832//574 428//574 830//574
f 830//574 428//574 429//574
f 830//574 429//574 828//574
f 828//574 429//574 430//574
f 828//574 430//574 826//574
f 826//574 430//574 431//574
f 826//574 431//574 824//574
f 824//574 431//574 822//574
f 822//574 431//574 432//574
f 822//574 432//574 820//574
f 820//574 432//574 433//574
f 820//574 433//574 818//574
f 818//574 433//574 434//574
f 818//574 434//574 816//574
f 816//574 434//574 435//574
f 816//574 435//574 814//574
f 814//574 435//574 436//574
f 814//574 436//574 812//574
f 812//574 436//574 437//574
f 812//574 437//574 810//574
f 810//574 437//574 438//574
f 810//574 438//574 808//574
f 808//574 438//574 439//574
f 808//574 439//574 806//574
f 806//574 439//574 440//574
f 806//574 440//574 804//574
f 804//574 440//574 441//574
f 804//574 441//574 802//574
f 802//574 441//574 442//574
f 802//574 442//574 800//574
f 800//574 442//574 443//574
f 800//574 443//574 798//574
f 798//574 443//574 282//574
f 798//574 282//574 796//574
f 796//574 282//574 283//574
#2274 polygons

