# Aspose.3D Wavefront OBJ Exporter
# Copyright 2004-2023 Aspose Pty Ltd.
# File created: 06/30/2023 18:25:03


#
# object obj_13555408
#

v 0 53.97499847412109376 -52.8052902221679688
v 1.44941008090972904 54.44594192504882816 -53.72100067138671872
v 1.52400004863739016 53.97499847412109376 -53.72100067138671872
v 1.23294186592102052 54.87078475952148432 -53.72100067138671872
v 0.8957847356796264 55.20794296264648436 -53.72100067138671872
v 0.47094190120697024 55.42441177368164064 -53.72100067138671872
v 0 55.49900054931640624 -53.72100067138671872
v -0.47094190120697024 55.42441177368164064 -53.72100067138671872
v -0.8957847356796264 55.20794296264648436 -53.72100067138671872
v -1.23294186592102052 54.87078475952148432 -53.72100067138671872
v -1.44941008090972904 54.44594192504882816 -53.72100067138671872
v -1.52400004863739016 53.97499847412109376 -53.72100067138671872
v -1.44941008090972904 53.50405883789062496 -53.72100067138671872
v -1.23294186592102052 53.07921600341796875 -53.72100067138671872
v -0.8957847356796264 52.7420578002929688 -53.72100067138671872
v -0.47094190120697024 52.52558898925781248 -53.72100067138671872
v 0 52.45100021362304688 -53.72100067138671872
v 0.47094190120697024 52.52558898925781248 -53.72100067138671872
v 0.8957847356796264 52.7420578002929688 -53.72100067138671872
v 1.23294186592102052 53.07921600341796875 -53.72100067138671872
v 1.44941008090972904 53.50405883789062496 -53.72100067138671872
v -1.52400004863739016 53.97499847412109376 -63.37300109863281248
v -1.44941008090972904 54.44594192504882816 -63.37300109863281248
v -1.23294186592102052 54.87078475952148432 -63.37300109863281248
v -0.8957847356796264 55.20794296264648436 -63.37300109863281248
v -0.47094190120697024 55.42441177368164064 -63.37300109863281248
v 0 55.49900054931640624 -63.37300109863281248
v 0.47094190120697024 55.42441177368164064 -63.37300109863281248
v 0.8957847356796264 55.20794296264648436 -63.37300109863281248
v 1.23294186592102052 54.87078475952148432 -63.37300109863281248
v 1.44941008090972904 54.44594192504882816 -63.37300109863281248
v 1.52400004863739016 53.97499847412109376 -63.37300109863281248
v 1.44941008090972904 53.50405883789062496 -63.37300109863281248
v 1.23294186592102052 53.07921600341796875 -63.37300109863281248
v 0.8957847356796264 52.7420578002929688 -63.37300109863281248
v 0.47094190120697024 52.52558898925781248 -63.37300109863281248
v 0 52.45100021362304688 -63.37300109863281248
v -0.47094190120697024 52.52558898925781248 -63.37300109863281248
v -0.8957847356796264 52.7420578002929688 -63.37300109863281248
v -1.23294186592102052 53.07921600341796875 -63.37300109863281248
v -1.44941008090972904 53.50405883789062496 -63.37300109863281248
v -52.25848007202148436 -10.28141593933105468 -63.37300109863281248
v -52.25848007202148436 10.4047212600708008 -63.37300109863281248
v -51.5917320251464844 10.4047212600708008 -63.37300109863281248
v 51.78424835205078128 -10.28141593933105468 -63.37300109863281248
v 51.03987884521484375 -2.81594848632812496 -63.37300109863281248
v 51.03987884521484375 2.81594848632812496 -63.37300109863281248
v 51.78424835205078128 10.4047212600708008 -63.37300109863281248
v 50.42032241821289064 -8.41366386413574216 -63.37300109863281248
v -19.08304405212402344 51.78424835205078128 -63.37300109863281248
v -1.40850913524627688 51.09809112548828124 -63.37300109863281248
v -7.02117061614990234 50.63301086425781248 -63.37300109863281248
v 19.08304405212402344 51.78424835205078128 -63.37300109863281248
v 4.2212495803833008 50.94290924072265632 -63.37300109863281248
v 15.25933074951171876 48.78679656982421872 -63.37300109863281248
v 9.79976844787597664 50.16934585571289062 -63.37300109863281248
v 20.53366661071777344 46.81204223632812496 -63.37300109863281248
v -12.54860401153564456 49.55331802368164064 -63.37300109863281248
v -51.5917320251464844 -10.28141593933105468 -63.37300109863281248
v -51.11750030517578124 0 -63.37300109863281248
v -50.8072509765625 -5.62334537506103512 -63.37300109863281248
v -50.8072509765625 5.62334537506103512 -63.37300109863281248
v -49.88027191162109376 11.17843055725097656 -63.37300109863281248
v 54.35287857055664064 -17.66032028198242184 -63.37300109863281248
v 52.20912170410156248 -23.24499893188476564 -63.37300109863281248
v 52.5298500061035156 -21.75857734680175776 -63.37300109863281248
v 52.08721923828125 -19.91488838195800784 -63.37300109863281248
v 51.65695571899414064 -19.65122032165527344 -63.37300109863281248
v 52.64765167236328128 -21.26789283752441408 -63.37300109863281248
v 52.60805892944335936 -20.76482200622558592 -63.37300109863281248
v 52.26618194580078124 -22.1888408660888672 -63.37300109863281248
v 55.9011344909667968 -11.88215351104736336 -63.37300109863281248
v 52.41494750976562496 -20.29860877990722656 -63.37300109863281248
v 51.88246154785156256 -22.51656913757324216 -63.37300109863281248
v 47.36006164550781248 -19.2359943389892578 -63.37300109863281248
v 48.60536193847656248 -19.6353759765625 -63.37300109863281248
v 48.3676109313964844 -20.03451347351074219 -63.37300109863281248
v 49.18873596191406248 -13.9092493057250976 -63.37300109863281248
v 48.9470176696777344 -19.32056427001953124 -63.37300109863281248
v 49.8223953247070312 -19.03922080993652344 -63.37300109863281248
v 49.36423492431640624 -19.11619186401367188 -63.37300109863281248
v 49.24915695190429688 -22.14546012878417968 -63.37300109863281248
v 50.42249298095703128 -22.6314716339111328 -63.37300109863281248
v 49.4933509826660156 -28.57500076293945312 -63.37300109863281248
v 44.95650100708007808 -24.32924079895019532 -63.37300109863281248
v 48.27246856689453124 -20.94905471801757808 -63.37300109863281248
v 48.4229698181152344 -21.38858413696289064 -63.37300109863281248
v 48.25349044799804688 -20.4848613739013672 -63.37300109863281248
v 43.96746063232421872 -29.69816780090332032 -63.37300109863281248
v 49.05871963500976562 -22.0528564453125 -63.37300109863281248
v 50.48362731933593752 -19.16521263122558594 -63.37300109863281248
v 50.28348922729492188 -19.09603309631347656 -63.37300109863281248
v 51.41624832153320312 -22.70968246459960936 -63.37300109863281248
v 48.6925086975097656 -21.76698303222656256 -63.37300109863281248
v 50.91317749023437504 -22.7492752075195312 -63.37300109863281248
v 37.69514846801757816 -39.61549758911132816 -63.37300109863281248
v 38.16608810424804688 -39.69009017944335936 -63.37300109863281248
v 38.240814208984375 -42.47072601318359376 -63.37300109863281248
v 33.59192657470703128 -46.235321044921875 -63.37300109863281248
v 39.0618743896484375 -39.39902877807617184 -63.37300109863281248
v 39.39902877807617184 -39.0618743896484375 -63.37300109863281248
v 38.63703155517578128 -39.61549758911132816 -63.37300109863281248
v 42.47072601318359376 -38.240814208984375 -63.37300109863281248
v 37.27030563354492188 -39.39902877807617184 -63.37300109863281248
v 36.93314743041992192 -39.0618743896484375 -63.37300109863281248
v 25.55875015258789064 -44.26905441284179688 -63.37300109863281248
v 30.27358627319335936 -41.18869781494140624 -63.37300109863281248
v 36.7166786193847656 -38.63703155517578128 -63.37300109863281248
v 34.62094116210937504 -37.60836791992187504 -63.37300109863281248
v 38.63703155517578128 -36.7166786193847656 -63.37300109863281248
v 38.16608810424804688 -36.64208984375 -63.37300109863281248
v 38.54804611206054688 -33.57152175903320312 -63.37300109863281248
v 23.35108375549316408 -45.47225189208984376 -63.37300109863281248
v 36.7166786193847656 -37.69514846801757816 -63.37300109863281248
v 36.64208984375 -38.16608810424804688 -63.37300109863281248
v 42.00722885131835937 -29.12716293334960938 -63.37300109863281248
v 39.0618743896484375 -36.93314743041992192 -63.37300109863281248
v 37.27030563354492188 -36.93314743041992192 -63.37300109863281248
v 36.93314743041992192 -37.27030563354492188 -63.37300109863281248
v 37.69514846801757816 -36.7166786193847656 -63.37300109863281248
v 46.235321044921875 -33.59192657470703128 -63.37300109863281248
v 39.39902877807617184 -37.27030563354492188 -63.37300109863281248
v 39.61549758911132816 -38.63703155517578128 -63.37300109863281248
v 39.61549758911132816 -37.69514846801757816 -63.37300109863281248
v 39.69009017944335936 -38.16608810424804688 -63.37300109863281248
v 23.24499893188476564 -52.20912170410156248 -63.37300109863281248
v 20.53366661071777344 -46.81204223632812496 -63.37300109863281248
v 28.57500076293945312 -49.4933509826660156 -63.37300109863281248
v -1.52400004863739016 -53.97499847412109376 -63.37300109863281248
v -1.44941008090972904 -54.44594192504882816 -63.37300109863281248
v -5.97380161285400384 -56.8369255065917968 -63.37300109863281248
v -17.923715591430664 -47.87211227416992192 -63.37300109863281248
v -1.44941008090972904 -53.50405883789062496 -63.37300109863281248
v -23.24499893188476564 -52.20912170410156248 -63.37300109863281248
v -23.08125686645507812 -45.6098060607910156 -63.37300109863281248
v 1.52400004863739016 -53.97499847412109376 -63.37300109863281248
v 11.88215351104736336 -55.9011344909667968 -63.37300109863281248
v 5.97380161285400384 -56.8369255065917968 -63.37300109863281248
v 0 -57.15000152587890624 -63.37300109863281248
v 0.47094190120697024 -55.42441177368164064 -63.37300109863281248
v 0.8957847356796264 -55.20794296264648436 -63.37300109863281248
v -0.47094190120697024 -55.42441177368164064 -63.37300109863281248
v 0 -55.49900054931640624 -63.37300109863281248
v -11.88215351104736336 -55.9011344909667968 -63.37300109863281248
v -17.66032028198242184 -54.35287857055664064 -63.37300109863281248
v -12.54860401153564456 -49.55331802368164064 -63.37300109863281248
v -7.02117061614990234 -50.63301086425781248 -63.37300109863281248
v 17.66032028198242184 -54.35287857055664064 -63.37300109863281248
v 1.23294186592102052 -54.87078475952148432 -63.37300109863281248
v -0.8957847356796264 -55.20794296264648436 -63.37300109863281248
v -1.23294186592102052 -54.87078475952148432 -63.37300109863281248
v -1.40850913524627688 -51.09809112548828124 -63.37300109863281248
v -0.8957847356796264 -52.7420578002929688 -63.37300109863281248
v 1.44941008090972904 -54.44594192504882816 -63.37300109863281248
v -1.23294186592102052 -53.07921600341796875 -63.37300109863281248
v 4.2212495803833008 -50.94290924072265632 -63.37300109863281248
v 0.47094190120697024 -52.52558898925781248 -63.37300109863281248
v 1.44941008090972904 -53.50405883789062496 -63.37300109863281248
v 1.23294186592102052 -53.07921600341796875 -63.37300109863281248
v 15.25933074951171876 -48.78679656982421872 -63.37300109863281248
v 0 -52.45100021362304688 -63.37300109863281248
v 9.79976844787597664 -50.16934585571289062 -63.37300109863281248
v -0.47094190120697024 -52.52558898925781248 -63.37300109863281248
v 0.8957847356796264 -52.7420578002929688 -63.37300109863281248
v -28.57500076293945312 -49.4933509826660156 -63.37300109863281248
v -39.0618743896484375 -36.93314743041992192 -63.37300109863281248
v -44.26512527465820312 -29.69816780090332032 -63.37300109863281248
v -40.33889007568359376 -31.39701843261718752 -63.37300109863281248
v -36.93314743041992192 -39.0618743896484375 -63.37300109863281248
v -36.7166786193847656 -38.63703155517578128 -63.37300109863281248
v -32.49660873413085936 -39.45845031738281248 -63.37300109863281248
v -37.69514846801757816 -39.61549758911132816 -63.37300109863281248
v -33.59192657470703128 -46.235321044921875 -63.37300109863281248
v -38.240814208984375 -42.47072601318359376 -63.37300109863281248
v -39.61549758911132816 -37.69514846801757816 -63.37300109863281248
v -39.69009017944335936 -38.16608810424804688 -63.37300109863281248
v -42.47072601318359376 -38.240814208984375 -63.37300109863281248
v -39.39902877807617184 -37.27030563354492188 -63.37300109863281248
v -43.54798889160156248 -26.76885032653808592 -63.37300109863281248
v -36.64012908935546872 -35.64406967163085936 -63.37300109863281248
v -37.69514846801757816 -36.7166786193847656 -63.37300109863281248
v -36.7166786193847656 -37.69514846801757816 -63.37300109863281248
v -36.93314743041992192 -37.27030563354492188 -63.37300109863281248
v -27.9586219787597656 -42.79385757446289056 -63.37300109863281248
v -38.63703155517578128 -39.61549758911132816 -63.37300109863281248
v -38.16608810424804688 -39.69009017944335936 -63.37300109863281248
v -39.39902877807617184 -39.0618743896484375 -63.37300109863281248
v -39.0618743896484375 -39.39902877807617184 -63.37300109863281248
v -46.235321044921875 -33.59192657470703128 -63.37300109863281248
v -38.63703155517578128 -36.7166786193847656 -63.37300109863281248
v -38.16608810424804688 -36.64208984375 -63.37300109863281248
v -37.27030563354492188 -36.93314743041992192 -63.37300109863281248
v -36.64208984375 -38.16608810424804688 -63.37300109863281248
v -39.61549758911132816 -38.63703155517578128 -63.37300109863281248
v -37.27030563354492188 -39.39902877807617184 -63.37300109863281248
v -46.22847747802734376 -21.81574440002441408 -63.37300109863281248
v -49.4933509826660156 -28.57500076293945312 -63.37300109863281248
v -52.20912170410156248 -23.24499893188476564 -63.37300109863281248
v -48.34781265258789064 -16.59782600402832032 -63.37300109863281248
v -49.88027191162109376 -11.17843055725097656 -63.37300109863281248
v -54.35287857055664064 -17.66032028198242184 -63.37300109863281248
v -56.8369255065917968 -5.97380161285400384 -63.37300109863281248
v -57.15000152587890624 0 -63.37300109863281248
v -56.8369255065917968 5.97380161285400384 -63.37300109863281248
v -56.40115737915039064 9.22127532958984376 -63.37300109863281248
v -56.40115737915039064 -9.22127532958984376 -63.37300109863281248
v -55.9011344909667968 -11.88215351104736336 -63.37300109863281248
v -53.97499847412109376 -1.52400004863739016 -63.37300109863281248
v -54.44594192504882816 -1.44941008090972904 -63.37300109863281248
v -53.97499847412109376 1.52400004863739016 -63.37300109863281248
v -54.44594192504882816 1.44941008090972904 -63.37300109863281248
v -53.50405883789062496 1.44941008090972904 -63.37300109863281248
v -53.50405883789062496 -1.44941008090972904 -63.37300109863281248
v -55.9011344909667968 11.88215351104736336 -63.37300109863281248
v -53.07921600341796875 -1.23294186592102052 -63.37300109863281248
v -52.7420578002929688 -0.8957847356796264 -63.37300109863281248
v -54.87078475952148432 -1.23294186592102052 -63.37300109863281248
v -55.42441177368164064 0.47094190120697024 -63.37300109863281248
v -55.49900054931640624 0 -63.37300109863281248
v -54.87078475952148432 1.23294186592102052 -63.37300109863281248
v -55.20794296264648436 0.8957847356796264 -63.37300109863281248
v -53.07921600341796875 1.23294186592102052 -63.37300109863281248
v -55.20794296264648436 -0.8957847356796264 -63.37300109863281248
v -55.42441177368164064 -0.47094190120697024 -63.37300109863281248
v -52.45100021362304688 0 -63.37300109863281248
v -52.7420578002929688 0.8957847356796264 -63.37300109863281248
v -52.52558898925781248 0.47094190120697024 -63.37300109863281248
v -52.52558898925781248 -0.47094190120697024 -63.37300109863281248
v -54.35287857055664064 17.66032028198242184 -63.37300109863281248
v -52.20912170410156248 23.24499893188476564 -63.37300109863281248
v -52.06595993041992188 20.89834213256835936 -63.37300109863281248
v -51.98701858520507808 21.39675521850585936 -63.37300109863281248
v -51.98701858520507808 20.39992904663085936 -63.37300109863281248
v -51.7579231262207032 19.95030403137207024 -63.37300109863281248
v -51.7579231262207032 21.84638023376464848 -63.37300109863281248
v -48.34781265258789064 16.59782600402832032 -63.37300109863281248
v -49.14819717407226562 19.95030403137207024 -63.37300109863281248
v -48.91910171508789056 20.39992904663085936 -63.37300109863281248
v -49.50502395629882816 22.20320510864257812 -63.37300109863281248
v -44.26512527465820312 29.5766658782958984 -63.37300109863281248
v -43.54798889160156248 26.76885032653808592 -63.37300109863281248
v -49.14819717407226562 21.84638023376464848 -63.37300109863281248
v -46.22847747802734376 21.81574440002441408 -63.37300109863281248
v -49.50502395629882816 19.59347915649414064 -63.37300109863281248
v -50.4530601501464844 19.28544235229492188 -63.37300109863281248
v -49.95464706420898432 19.3643836975097656 -63.37300109863281248
v -50.95147323608398432 19.3643836975097656 -63.37300109863281248
v -49.95464706420898432 22.43230056762695312 -63.37300109863281248
v -48.91910171508789056 21.39675521850585936 -63.37300109863281248
v -49.4933509826660156 28.57500076293945312 -63.37300109863281248
v -50.95147323608398432 22.43230056762695312 -63.37300109863281248
v -48.84016036987304688 20.89834213256835936 -63.37300109863281248
v -51.40110015869140624 19.59347915649414064 -63.37300109863281248
v -51.40110015869140624 22.20320510864257812 -63.37300109863281248
v -50.4530601501464844 22.51124191284179688 -63.37300109863281248
v -40.33889007568359376 31.39701843261718752 -63.37300109863281248
v -38.16608810424804688 36.64208984375 -63.37300109863281248
v -37.69514846801757816 36.7166786193847656 -63.37300109863281248
v -38.63703155517578128 36.7166786193847656 -63.37300109863281248
v -39.0618743896484375 36.93314743041992192 -63.37300109863281248
v -36.64012908935546872 35.64406967163085936 -63.37300109863281248
v -41.66197967529296872 29.61888313293457032 -63.37300109863281248
v -37.69514846801757816 39.61549758911132816 -63.37300109863281248
v -38.16608810424804688 39.69009017944335936 -63.37300109863281248
v -38.240814208984375 42.47072601318359376 -63.37300109863281248
v -36.93314743041992192 39.0618743896484375 -63.37300109863281248
v -27.9586219787597656 42.79385757446289056 -63.37300109863281248
v -32.49660873413085936 39.45845031738281248 -63.37300109863281248
v -36.93314743041992192 37.27030563354492188 -63.37300109863281248
v -37.27030563354492188 36.93314743041992192 -63.37300109863281248
v -46.235321044921875 33.59192657470703128 -63.37300109863281248
v -39.39902877807617184 37.27030563354492188 -63.37300109863281248
v -39.61549758911132816 37.69514846801757816 -63.37300109863281248
v -42.47072601318359376 38.240814208984375 -63.37300109863281248
v -39.0618743896484375 39.39902877807617184 -63.37300109863281248
v -39.39902877807617184 39.0618743896484375 -63.37300109863281248
v -33.59192657470703128 46.235321044921875 -63.37300109863281248
v -23.08125686645507812 45.6098060607910156 -63.37300109863281248
v -36.7166786193847656 37.69514846801757816 -63.37300109863281248
v -39.69009017944335936 38.16608810424804688 -63.37300109863281248
v -39.61549758911132816 38.63703155517578128 -63.37300109863281248
v -38.63703155517578128 39.61549758911132816 -63.37300109863281248
v -37.27030563354492188 39.39902877807617184 -63.37300109863281248
v -36.64208984375 38.16608810424804688 -63.37300109863281248
v -36.7166786193847656 38.63703155517578128 -63.37300109863281248
v -23.24499893188476564 52.20912170410156248 -63.37300109863281248
v -28.57500076293945312 49.4933509826660156 -63.37300109863281248
v -5.97380161285400384 56.8369255065917968 -63.37300109863281248
v 0 57.15000152587890624 -63.37300109863281248
v 5.97380161285400384 56.8369255065917968 -63.37300109863281248
v 9.22127532958984376 56.40115737915039064 -63.37300109863281248
v -9.22127532958984376 56.40115737915039064 -63.37300109863281248
v -11.88215351104736336 55.9011344909667968 -63.37300109863281248
v 17.66032028198242184 54.35287857055664064 -63.37300109863281248
v -17.66032028198242184 54.35287857055664064 -63.37300109863281248
v 23.24499893188476564 52.20912170410156248 -63.37300109863281248
v -19.10436248779296876 53.86228561401367184 -63.37300109863281248
v 11.88215351104736336 55.9011344909667968 -63.37300109863281248
v 28.57500076293945312 49.4933509826660156 -63.37300109863281248
v 23.35108375549316408 45.47225189208984376 -63.37300109863281248
v 38.63703155517578128 36.7166786193847656 -63.37300109863281248
v 42.00722885131835937 29.12716293334960938 -63.37300109863281248
v 38.54804611206054688 33.57152175903320312 -63.37300109863281248
v 37.69514846801757816 36.7166786193847656 -63.37300109863281248
v 38.16608810424804688 36.64208984375 -63.37300109863281248
v 36.93314743041992192 39.0618743896484375 -63.37300109863281248
v 36.7166786193847656 38.63703155517578128 -63.37300109863281248
v 30.27358627319335936 41.18869781494140624 -63.37300109863281248
v 39.0618743896484375 36.93314743041992192 -63.37300109863281248
v 43.96746063232421872 29.5766658782958984 -63.37300109863281248
v 37.27030563354492188 36.93314743041992192 -63.37300109863281248
v 36.64208984375 38.16608810424804688 -63.37300109863281248
v 34.62094116210937504 37.60836791992187504 -63.37300109863281248
v 25.55875015258789064 44.26905441284179688 -63.37300109863281248
v 37.69514846801757816 39.61549758911132816 -63.37300109863281248
v 33.59192657470703128 46.235321044921875 -63.37300109863281248
v 38.240814208984375 42.47072601318359376 -63.37300109863281248
v 39.61549758911132816 37.69514846801757816 -63.37300109863281248
v 39.69009017944335936 38.16608810424804688 -63.37300109863281248
v 42.47072601318359376 38.240814208984375 -63.37300109863281248
v 39.39902877807617184 37.27030563354492188 -63.37300109863281248
v 36.7166786193847656 37.69514846801757816 -63.37300109863281248
v 38.63703155517578128 39.61549758911132816 -63.37300109863281248
v 38.16608810424804688 39.69009017944335936 -63.37300109863281248
v 46.235321044921875 33.59192657470703128 -63.37300109863281248
v 36.93314743041992192 37.27030563354492188 -63.37300109863281248
v 37.27030563354492188 39.39902877807617184 -63.37300109863281248
v 39.0618743896484375 39.39902877807617184 -63.37300109863281248
v 39.39902877807617184 39.0618743896484375 -63.37300109863281248
v 39.61549758911132816 38.63703155517578128 -63.37300109863281248
v 52.20912170410156248 23.24499893188476564 -63.37300109863281248
v 47.36006164550781248 19.2359943389892578 -63.37300109863281248
v 44.95650100708007808 24.32924079895019532 -63.37300109863281248
v 50.42032241821289064 8.41366386413574216 -63.37300109863281248
v 49.18873596191406248 13.9092493057250976 -63.37300109863281248
v 49.4933509826660156 28.57500076293945312 -63.37300109863281248
v 54.35287857055664064 17.66032028198242184 -63.37300109863281248
v 53.97499847412109376 -1.52400004863739016 -63.37300109863281248
v 54.44594192504882816 -1.44941008090972904 -63.37300109863281248
v 56.8369255065917968 -5.97380161285400384 -63.37300109863281248
v 53.50405883789062496 -1.44941008090972904 -63.37300109863281248
v 55.9011344909667968 11.88215351104736336 -63.37300109863281248
v 53.97499847412109376 1.52400004863739016 -63.37300109863281248
v 56.8369255065917968 5.97380161285400384 -63.37300109863281248
v 54.44594192504882816 1.44941008090972904 -63.37300109863281248
v 57.15000152587890624 0 -63.37300109863281248
v 55.20794296264648436 -0.8957847356796264 -63.37300109863281248
v 53.50405883789062496 1.44941008090972904 -63.37300109863281248
v 54.87078475952148432 -1.23294186592102052 -63.37300109863281248
v 53.07921600341796875 -1.23294186592102052 -63.37300109863281248
v 52.52558898925781248 0.47094190120697024 -63.37300109863281248
v 52.45100021362304688 0 -63.37300109863281248
v 53.07921600341796875 1.23294186592102052 -63.37300109863281248
v 52.7420578002929688 0.8957847356796264 -63.37300109863281248
v 54.87078475952148432 1.23294186592102052 -63.37300109863281248
v 55.42441177368164064 0.47094190120697024 -63.37300109863281248
v 55.20794296264648436 0.8957847356796264 -63.37300109863281248
v 52.7420578002929688 -0.8957847356796264 -63.37300109863281248
v 52.52558898925781248 -0.47094190120697024 -63.37300109863281248
v 55.49900054931640624 0 -63.37300109863281248
v 55.42441177368164064 -0.47094190120697024 -63.37300109863281248
v -17.923715591430664 47.87211227416992192 -63.37300109863281248
v 51.65695571899414064 -19.65122032165527344 -57.02299880981445312
v 50.48362731933593752 -19.16521263122558594 -57.02299880981445312
v 50.28348922729492188 -19.09603309631347656 -57.02299880981445312
v 49.8223953247070312 -19.03922080993652344 -57.02299880981445312
v 49.36423492431640624 -19.11619186401367188 -57.02299880981445312
v 48.9470176696777344 -19.32056427001953124 -57.02299880981445312
v 48.60536193847656248 -19.6353759765625 -57.02299880981445312
v 48.3676109313964844 -20.03451347351074219 -57.02299880981445312
v 48.25349044799804688 -20.4848613739013672 -57.02299880981445312
v 48.27246856689453124 -20.94905471801757808 -57.02299880981445312
v 48.4229698181152344 -21.38858413696289064 -57.02299880981445312
v 48.6925086975097656 -21.76698303222656256 -57.02299880981445312
v 49.05871963500976562 -22.0528564453125 -57.02299880981445312
v 49.24915695190429688 -22.14546012878417968 -57.02299880981445312
v 50.42249298095703128 -22.6314716339111328 -57.02299880981445312
v 50.91317749023437504 -22.7492752075195312 -57.02299880981445312
v 51.41624832153320312 -22.70968246459960936 -57.02299880981445312
v 51.88246154785156256 -22.51656913757324216 -57.02299880981445312
v 52.26618194580078124 -22.1888408660888672 -57.02299880981445312
v 52.5298500061035156 -21.75857734680175776 -57.02299880981445312
v 52.64765167236328128 -21.26789283752441408 -57.02299880981445312
v 52.60805892944335936 -20.76482200622558592 -57.02299880981445312
v 52.41494750976562496 -20.29860877990722656 -57.02299880981445312
v 52.08721923828125 -19.91488838195800784 -57.02299880981445312
v 57.15000152587890624 0 -57.15000152587890624
v 56.8369255065917968 -5.97380161285400384 -57.15000152587890624
v 55.9011344909667968 -11.88215351104736336 -57.15000152587890624
v 54.35287857055664064 -17.66032028198242184 -57.15000152587890624
v 52.20912170410156248 -23.24499893188476564 -57.15000152587890624
v 49.4933509826660156 -28.57500076293945312 -57.15000152587890624
v 46.235321044921875 -33.59192657470703128 -57.15000152587890624
v 42.47072601318359376 -38.240814208984375 -57.15000152587890624
v 38.240814208984375 -42.47072601318359376 -57.15000152587890624
v 33.59192657470703128 -46.235321044921875 -57.15000152587890624
v 28.57500076293945312 -49.4933509826660156 -57.15000152587890624
v 23.24499893188476564 -52.20912170410156248 -57.15000152587890624
v 17.66032028198242184 -54.35287857055664064 -57.15000152587890624
v 11.88215351104736336 -55.9011344909667968 -57.15000152587890624
v 5.97380161285400384 -56.8369255065917968 -57.15000152587890624
v 0 -57.15000152587890624 -57.15000152587890624
v -5.97380161285400384 -56.8369255065917968 -57.15000152587890624
v -11.88215351104736336 -55.9011344909667968 -57.15000152587890624
v -17.66032028198242184 -54.35287857055664064 -57.15000152587890624
v -23.24499893188476564 -52.20912170410156248 -57.15000152587890624
v -28.57500076293945312 -49.4933509826660156 -57.15000152587890624
v -33.59192657470703128 -46.235321044921875 -57.15000152587890624
v -38.240814208984375 -42.47072601318359376 -57.15000152587890624
v -42.47072601318359376 -38.240814208984375 -57.15000152587890624
v -46.235321044921875 -33.59192657470703128 -57.15000152587890624
v -49.4933509826660156 -28.57500076293945312 -57.15000152587890624
v -52.20912170410156248 -23.24499893188476564 -57.15000152587890624
v -54.35287857055664064 -17.66032028198242184 -57.15000152587890624
v -55.9011344909667968 -11.88215351104736336 -57.15000152587890624
v -56.8369255065917968 -5.97380161285400384 -57.15000152587890624
v -57.15000152587890624 0 -57.15000152587890624
v -56.8369255065917968 5.97380161285400384 -57.15000152587890624
v -55.9011344909667968 11.88215351104736336 -57.15000152587890624
v -54.35287857055664064 17.66032028198242184 -57.15000152587890624
v -52.20912170410156248 23.24499893188476564 -57.15000152587890624
v -49.4933509826660156 28.57500076293945312 -57.15000152587890624
v -46.235321044921875 33.59192657470703128 -57.15000152587890624
v -42.47072601318359376 38.240814208984375 -57.15000152587890624
v -38.240814208984375 42.47072601318359376 -57.15000152587890624
v -33.59192657470703128 46.235321044921875 -57.15000152587890624
v -28.57500076293945312 49.4933509826660156 -57.15000152587890624
v -23.24499893188476564 52.20912170410156248 -57.15000152587890624
v -17.66032028198242184 54.35287857055664064 -57.15000152587890624
v -11.88215351104736336 55.9011344909667968 -57.15000152587890624
v -5.97380161285400384 56.8369255065917968 -57.15000152587890624
v 0 57.15000152587890624 -57.15000152587890624
v 5.97380161285400384 56.8369255065917968 -57.15000152587890624
v 11.88215351104736336 55.9011344909667968 -57.15000152587890624
v 17.66032028198242184 54.35287857055664064 -57.15000152587890624
v 23.24499893188476564 52.20912170410156248 -57.15000152587890624
v 28.57500076293945312 49.4933509826660156 -57.15000152587890624
v 33.59192657470703128 46.235321044921875 -57.15000152587890624
v 38.240814208984375 42.47072601318359376 -57.15000152587890624
v 42.47072601318359376 38.240814208984375 -57.15000152587890624
v 46.235321044921875 33.59192657470703128 -57.15000152587890624
v 49.4933509826660156 28.57500076293945312 -57.15000152587890624
v 52.20912170410156248 23.24499893188476564 -57.15000152587890624
v 54.35287857055664064 17.66032028198242184 -57.15000152587890624
v 55.9011344909667968 11.88215351104736336 -57.15000152587890624
v 56.8369255065917968 5.97380161285400384 -57.15000152587890624
v 58.42618560791015624 -6.03944826126098633 -57.15000152587890624
v 57.49553680419921872 -12.0148773193359375 -57.15000152587890624
v 55.95542144775390624 -17.86294555664062496 -57.15000152587890624
v 51.118377685546875 -28.9310417175292968 -57.15000152587890624
v 47.87272644042968752 -34.03374862670898437 -57.15000152587890624
v 53.82216262817382816 -23.5216617584228516 -57.15000152587890624
v 44.1196136474609375 -38.77568435668945312 -57.15000152587890624
v -58.65961837768554688 -3.02373337745666504 -57.15000152587890624
v 39.89881896972656256 -43.10659027099609376 -57.15000152587890624
v 35.25508499145507812 -46.98055648803710944 -57.15000152587890624
v 24.89967155456542976 -53.19868850708007812 -57.15000152587890624
v 19.2977581024169922 -55.47693634033203128 -57.15000152587890624
v -10.53050327301025392 -57.78583145141601568 -57.15000152587890624
v -16.41628837585449216 -56.39680480957031248 -57.15000152587890624
v -56.8007926940917968 -14.95874500274658208 -57.15000152587890624
v -58.037811279296875 -9.03914737701416015 -57.15000152587890624
v -58.65961837768554688 3.02373337745666504 -57.15000152587890624
v -58.037811279296875 9.03914737701416015 -57.15000152587890624
v 30.2376422882080078 -50.35651779174804688 -57.15000152587890624
v 13.49128341674804688 -57.1671142578125 -57.15000152587890624
v 7.54179859161376952 -58.251312255859375 -57.15000152587890624
v 1.51236808300018312 -58.71802520751953128 -57.15000152587890624
v -4.53309392929077152 -58.56231689453125 -57.15000152587890624
v -22.12805557250976562 -54.40995407104492184 -57.15000152587890624
v -27.60525894165039064 -51.84634780883789056 -57.15000152587890624
v -32.78984069824218752 -48.733154296875 -57.15000152587890624
v -56.8007926940917968 14.95874500274658208 -57.15000152587890624
v -54.9616661071777344 20.71977615356445312 -57.15000152587890624
v -52.53993606567382816 26.2611713409423828 -57.15000152587890624
v -49.56126785278320312 31.52419281005859376 -57.15000152587890624
v 13.49128341674804688 57.1671142578125 -57.15000152587890624
v 19.2977581024169922 55.47693634033203128 -57.15000152587890624
v 24.89967155456542976 53.19868850708007812 -57.15000152587890624
v -37.62684249877929688 -45.1033782958984375 -57.15000152587890624
v -42.06499099731445312 -40.9954948425292968 -57.15000152587890624
v -46.0572357177734375 -36.45304870605468752 -57.15000152587890624
v -49.56126785278320312 -31.52419281005859376 -57.15000152587890624
v -52.53993606567382816 -26.2611713409423828 -57.15000152587890624
v -54.9616661071777344 -20.71977615356445312 -57.15000152587890624
v -46.0572357177734375 36.45304870605468752 -57.15000152587890624
v -4.53309392929077152 58.56231689453125 -57.15000152587890624
v 1.51236808300018312 58.71802520751953128 -57.15000152587890624
v 7.54179859161376952 58.251312255859375 -57.15000152587890624
v 51.118377685546875 28.9310417175292968 -57.15000152587890624
v 53.82216262817382816 23.5216617584228516 -57.15000152587890624
v 55.95542144775390624 17.86294555664062496 -57.15000152587890624
v 57.49553680419921872 12.0148773193359375 -57.15000152587890624
v 58.42618560791015624 6.03944826126098633 -57.15000152587890624
v -42.06499099731445312 40.9954948425292968 -57.15000152587890624
v -37.62684249877929688 45.1033782958984375 -57.15000152587890624
v -27.60525894165039064 51.84634780883789056 -57.15000152587890624
v -22.12805557250976562 54.40995407104492184 -57.15000152587890624
v -16.41628837585449216 56.39680480957031248 -57.15000152587890624
v -10.53050327301025392 57.78583145141601568 -57.15000152587890624
v 35.25508499145507812 46.98055648803710944 -57.15000152587890624
v 39.89881896972656256 43.10659027099609376 -57.15000152587890624
v 44.1196136474609375 38.77568435668945312 -57.15000152587890624
v 47.87272644042968752 34.03374862670898437 -57.15000152587890624
v 58.73749923706054688 0 -57.15000152587890624
v -32.78984069824218752 48.733154296875 -57.15000152587890624
v 30.2376422882080078 50.35651779174804688 -57.15000152587890624
v -39.61549758911132816 38.63703155517578128 -53.72100067138671872
v -39.69009017944335936 38.16608810424804688 -53.72100067138671872
v -39.39902877807617184 39.0618743896484375 -53.72100067138671872
v -39.0618743896484375 39.39902877807617184 -53.72100067138671872
v -38.63703155517578128 39.61549758911132816 -53.72100067138671872
v -38.16608810424804688 39.69009017944335936 -53.72100067138671872
v -37.69514846801757816 39.61549758911132816 -53.72100067138671872
v -37.27030563354492188 39.39902877807617184 -53.72100067138671872
v -36.93314743041992192 39.0618743896484375 -53.72100067138671872
v -36.7166786193847656 38.63703155517578128 -53.72100067138671872
v -36.64208984375 38.16608810424804688 -53.72100067138671872
v -36.7166786193847656 37.69514846801757816 -53.72100067138671872
v -36.93314743041992192 37.27030563354492188 -53.72100067138671872
v -37.27030563354492188 36.93314743041992192 -53.72100067138671872
v -37.69514846801757816 36.7166786193847656 -53.72100067138671872
v -38.16608810424804688 36.64208984375 -53.72100067138671872
v -38.63703155517578128 36.7166786193847656 -53.72100067138671872
v -39.0618743896484375 36.93314743041992192 -53.72100067138671872
v -39.39902877807617184 37.27030563354492188 -53.72100067138671872
v -39.61549758911132816 37.69514846801757816 -53.72100067138671872
v -38.16608810424804688 38.16608810424804688 -52.8052902221679688
v -55.42441177368164064 0.47094190120697024 -53.72100067138671872
v -55.49900054931640624 0 -53.72100067138671872
v -55.20794296264648436 0.8957847356796264 -53.72100067138671872
v -54.87078475952148432 1.23294186592102052 -53.72100067138671872
v -54.44594192504882816 1.44941008090972904 -53.72100067138671872
v -53.97499847412109376 1.52400004863739016 -53.72100067138671872
v -53.50405883789062496 1.44941008090972904 -53.72100067138671872
v -53.07921600341796875 1.23294186592102052 -53.72100067138671872
v -52.7420578002929688 0.8957847356796264 -53.72100067138671872
v -52.52558898925781248 0.47094190120697024 -53.72100067138671872
v -52.45100021362304688 0 -53.72100067138671872
v -52.52558898925781248 -0.47094190120697024 -53.72100067138671872
v -52.7420578002929688 -0.8957847356796264 -53.72100067138671872
v -53.07921600341796875 -1.23294186592102052 -53.72100067138671872
v -53.50405883789062496 -1.44941008090972904 -53.72100067138671872
v -53.97499847412109376 -1.52400004863739016 -53.72100067138671872
v -54.44594192504882816 -1.44941008090972904 -53.72100067138671872
v -54.87078475952148432 -1.23294186592102052 -53.72100067138671872
v -55.20794296264648436 -0.8957847356796264 -53.72100067138671872
v -55.42441177368164064 -0.47094190120697024 -53.72100067138671872
v -53.97499847412109376 0 -52.8052902221679688
v -39.61549758911132816 -37.69514846801757816 -53.72100067138671872
v -39.69009017944335936 -38.16608810424804688 -53.72100067138671872
v -39.39902877807617184 -37.27030563354492188 -53.72100067138671872
v -39.0618743896484375 -36.93314743041992192 -53.72100067138671872
v -38.63703155517578128 -36.7166786193847656 -53.72100067138671872
v -38.16608810424804688 -36.64208984375 -53.72100067138671872
v -37.69514846801757816 -36.7166786193847656 -53.72100067138671872
v -37.27030563354492188 -36.93314743041992192 -53.72100067138671872
v -36.93314743041992192 -37.27030563354492188 -53.72100067138671872
v -36.7166786193847656 -37.69514846801757816 -53.72100067138671872
v -36.64208984375 -38.16608810424804688 -53.72100067138671872
v -36.7166786193847656 -38.63703155517578128 -53.72100067138671872
v -36.93314743041992192 -39.0618743896484375 -53.72100067138671872
v -37.27030563354492188 -39.39902877807617184 -53.72100067138671872
v -37.69514846801757816 -39.61549758911132816 -53.72100067138671872
v -38.16608810424804688 -39.69009017944335936 -53.72100067138671872
v -38.63703155517578128 -39.61549758911132816 -53.72100067138671872
v -39.0618743896484375 -39.39902877807617184 -53.72100067138671872
v -39.39902877807617184 -39.0618743896484375 -53.72100067138671872
v -39.61549758911132816 -38.63703155517578128 -53.72100067138671872
v -38.16608810424804688 -38.16608810424804688 -52.8052902221679688
v -1.44941008090972904 -53.50405883789062496 -53.72100067138671872
v -1.52400004863739016 -53.97499847412109376 -53.72100067138671872
v -1.23294186592102052 -53.07921600341796875 -53.72100067138671872
v -0.8957847356796264 -52.7420578002929688 -53.72100067138671872
v -0.47094190120697024 -52.52558898925781248 -53.72100067138671872
v 0 -52.45100021362304688 -53.72100067138671872
v 0.47094190120697024 -52.52558898925781248 -53.72100067138671872
v 0.8957847356796264 -52.7420578002929688 -53.72100067138671872
v 1.23294186592102052 -53.07921600341796875 -53.72100067138671872
v 1.44941008090972904 -53.50405883789062496 -53.72100067138671872
v 1.52400004863739016 -53.97499847412109376 -53.72100067138671872
v 1.44941008090972904 -54.44594192504882816 -53.72100067138671872
v 1.23294186592102052 -54.87078475952148432 -53.72100067138671872
v 0.8957847356796264 -55.20794296264648436 -53.72100067138671872
v 0.47094190120697024 -55.42441177368164064 -53.72100067138671872
v 0 -55.49900054931640624 -53.72100067138671872
v -0.47094190120697024 -55.42441177368164064 -53.72100067138671872
v -0.8957847356796264 -55.20794296264648436 -53.72100067138671872
v -1.23294186592102052 -54.87078475952148432 -53.72100067138671872
v -1.44941008090972904 -54.44594192504882816 -53.72100067138671872
v 0 -53.97499847412109376 -52.8052902221679688
v 36.7166786193847656 -37.69514846801757816 -53.72100067138671872
v 36.64208984375 -38.16608810424804688 -53.72100067138671872
v 36.93314743041992192 -37.27030563354492188 -53.72100067138671872
v 37.27030563354492188 -36.93314743041992192 -53.72100067138671872
v 37.69514846801757816 -36.7166786193847656 -53.72100067138671872
v 38.16608810424804688 -36.64208984375 -53.72100067138671872
v 38.63703155517578128 -36.7166786193847656 -53.72100067138671872
v 39.0618743896484375 -36.93314743041992192 -53.72100067138671872
v 39.39902877807617184 -37.27030563354492188 -53.72100067138671872
v 39.61549758911132816 -37.69514846801757816 -53.72100067138671872
v 39.69009017944335936 -38.16608810424804688 -53.72100067138671872
v 39.61549758911132816 -38.63703155517578128 -53.72100067138671872
v 39.39902877807617184 -39.0618743896484375 -53.72100067138671872
v 39.0618743896484375 -39.39902877807617184 -53.72100067138671872
v 38.63703155517578128 -39.61549758911132816 -53.72100067138671872
v 38.16608810424804688 -39.69009017944335936 -53.72100067138671872
v 37.69514846801757816 -39.61549758911132816 -53.72100067138671872
v 37.27030563354492188 -39.39902877807617184 -53.72100067138671872
v 36.93314743041992192 -39.0618743896484375 -53.72100067138671872
v 36.7166786193847656 -38.63703155517578128 -53.72100067138671872
v 38.16608810424804688 -38.16608810424804688 -52.8052902221679688
v 52.52558898925781248 0.47094190120697024 -53.72100067138671872
v 52.45100021362304688 0 -53.72100067138671872
v 52.7420578002929688 0.8957847356796264 -53.72100067138671872
v 53.07921600341796875 1.23294186592102052 -53.72100067138671872
v 53.50405883789062496 1.44941008090972904 -53.72100067138671872
v 53.97499847412109376 1.52400004863739016 -53.72100067138671872
v 54.44594192504882816 1.44941008090972904 -53.72100067138671872
v 54.87078475952148432 1.23294186592102052 -53.72100067138671872
v 55.20794296264648436 0.8957847356796264 -53.72100067138671872
v 55.42441177368164064 0.47094190120697024 -53.72100067138671872
v 55.49900054931640624 0 -53.72100067138671872
v 55.42441177368164064 -0.47094190120697024 -53.72100067138671872
v 55.20794296264648436 -0.8957847356796264 -53.72100067138671872
v 54.87078475952148432 -1.23294186592102052 -53.72100067138671872
v 54.44594192504882816 -1.44941008090972904 -53.72100067138671872
v 53.97499847412109376 -1.52400004863739016 -53.72100067138671872
v 53.50405883789062496 -1.44941008090972904 -53.72100067138671872
v 53.07921600341796875 -1.23294186592102052 -53.72100067138671872
v 52.7420578002929688 -0.8957847356796264 -53.72100067138671872
v 52.52558898925781248 -0.47094190120697024 -53.72100067138671872
v 53.97499847412109376 0 -52.8052902221679688
v 36.7166786193847656 38.63703155517578128 -53.72100067138671872
v 36.64208984375 38.16608810424804688 -53.72100067138671872
v 36.93314743041992192 39.0618743896484375 -53.72100067138671872
v 37.27030563354492188 39.39902877807617184 -53.72100067138671872
v 37.69514846801757816 39.61549758911132816 -53.72100067138671872
v 38.16608810424804688 39.69009017944335936 -53.72100067138671872
v 38.63703155517578128 39.61549758911132816 -53.72100067138671872
v 39.0618743896484375 39.39902877807617184 -53.72100067138671872
v 39.39902877807617184 39.0618743896484375 -53.72100067138671872
v 39.61549758911132816 38.63703155517578128 -53.72100067138671872
v 39.69009017944335936 38.16608810424804688 -53.72100067138671872
v 39.61549758911132816 37.69514846801757816 -53.72100067138671872
v 39.39902877807617184 37.27030563354492188 -53.72100067138671872
v 39.0618743896484375 36.93314743041992192 -53.72100067138671872
v 38.63703155517578128 36.7166786193847656 -53.72100067138671872
v 38.16608810424804688 36.64208984375 -53.72100067138671872
v 37.69514846801757816 36.7166786193847656 -53.72100067138671872
v 37.27030563354492188 36.93314743041992192 -53.72100067138671872
v 36.93314743041992192 37.27030563354492188 -53.72100067138671872
v 36.7166786193847656 37.69514846801757816 -53.72100067138671872
v 38.16608810424804688 38.16608810424804688 -52.8052902221679688
v -51.11750030517578124 0 -64.96050262451171872
v -50.8072509765625 -5.62334537506103512 -64.96050262451171872
v -49.88027191162109376 -11.17843055725097656 -64.96050262451171872
v -48.34781265258789064 -16.59782600402832032 -64.96050262451171872
v -46.22847747802734376 -21.81574440002441408 -64.96050262451171872
v -43.54798889160156248 -26.76885032653808592 -64.96050262451171872
v -40.33889007568359376 -31.39701843261718752 -64.96050262451171872
v -36.64012908935546872 -35.64406967163085936 -64.96050262451171872
v -32.49660873413085936 -39.45845031738281248 -64.96050262451171872
v -27.9586219787597656 -42.79385757446289056 -64.96050262451171872
v -23.08125686645507812 -45.6098060607910156 -64.96050262451171872
v -17.923715591430664 -47.87211227416992192 -64.96050262451171872
v -12.54860401153564456 -49.55331802368164064 -64.96050262451171872
v -7.02117061614990234 -50.63301086425781248 -64.96050262451171872
v -1.40850913524627688 -51.09809112548828124 -64.96050262451171872
v 4.2212495803833008 -50.94290924072265632 -64.96050262451171872
v 9.79976844787597664 -50.16934585571289062 -64.96050262451171872
v 15.25933074951171876 -48.78679656982421872 -64.96050262451171872
v 20.53366661071777344 -46.81204223632812496 -64.96050262451171872
v 25.55875015258789064 -44.26905441284179688 -64.96050262451171872
v 30.27358627319335936 -41.18869781494140624 -64.96050262451171872
v 34.62094116210937504 -37.60836791992187504 -64.96050262451171872
v 38.54804611206054688 -33.57152175903320312 -64.96050262451171872
v 42.00722885131835937 -29.12716293334960938 -64.96050262451171872
v 44.95650100708007808 -24.32924079895019532 -64.96050262451171872
v 47.36006164550781248 -19.2359943389892578 -64.96050262451171872
v 49.18873596191406248 -13.9092493057250976 -64.96050262451171872
v 50.42032241821289064 -8.41366386413574216 -64.96050262451171872
v 51.03987884521484375 -2.81594848632812496 -64.96050262451171872
v 51.03987884521484375 2.81594848632812496 -64.96050262451171872
v 50.42032241821289064 8.41366386413574216 -64.96050262451171872
v 49.18873596191406248 13.9092493057250976 -64.96050262451171872
v 47.36006164550781248 19.2359943389892578 -64.96050262451171872
v 44.95650100708007808 24.32924079895019532 -64.96050262451171872
v 42.00722885131835937 29.12716293334960938 -64.96050262451171872
v 38.54804611206054688 33.57152175903320312 -64.96050262451171872
v 34.62094116210937504 37.60836791992187504 -64.96050262451171872
v 30.27358627319335936 41.18869781494140624 -64.96050262451171872
v 25.55875015258789064 44.26905441284179688 -64.96050262451171872
v 20.53366661071777344 46.81204223632812496 -64.96050262451171872
v 15.25933074951171876 48.78679656982421872 -64.96050262451171872
v 9.79976844787597664 50.16934585571289062 -64.96050262451171872
v 4.2212495803833008 50.94290924072265632 -64.96050262451171872
v -1.40850913524627688 51.09809112548828124 -64.96050262451171872
v -7.02117061614990234 50.63301086425781248 -64.96050262451171872
v -12.54860401153564456 49.55331802368164064 -64.96050262451171872
v -17.923715591430664 47.87211227416992192 -64.96050262451171872
v -23.08125686645507812 45.6098060607910156 -64.96050262451171872
v -27.9586219787597656 42.79385757446289056 -64.96050262451171872
v -32.49660873413085936 39.45845031738281248 -64.96050262451171872
v -36.64012908935546872 35.64406967163085936 -64.96050262451171872
v -40.33889007568359376 31.39701843261718752 -64.96050262451171872
v -43.54798889160156248 26.76885032653808592 -64.96050262451171872
v -46.22847747802734376 21.81574440002441408 -64.96050262451171872
v -48.34781265258789064 16.59782600402832032 -64.96050262451171872
v -49.88027191162109376 11.17843055725097656 -64.96050262451171872
v -50.8072509765625 5.62334537506103512 -64.96050262451171872
v -41.93824768066406256 26.35154914855957032 -64.96050262451171872
v -44.62498855590820312 21.49026107788085936 -64.96050262451171872
v -38.7241134643554688 30.88145065307617184 -64.96050262451171872
v -35.02299880981445312 35.02299880981445312 -64.96050262451171872
v -49.52999877929687504 0 -64.96050262451171872
v -49.21856689453125 5.54560041427612304 -64.96050262451171872
v -30.88145065307617184 38.7241134643554688 -64.96050262451171872
v -16.35872268676757812 46.75054168701171872 -64.96050262451171872
v -21.49026107788085936 44.62498855590820312 -64.96050262451171872
v -11.02146148681640625 48.28818130493164064 -64.96050262451171872
v -48.28818130493164064 11.02146148681640625 -64.96050262451171872
v -46.75054168701171872 16.35872268676757812 -64.96050262451171872
v -26.35154914855957032 41.93824768066406256 -64.96050262451171872
v 5.54560041427612304 49.21856689453125 -64.96050262451171872
v 0 49.52999877929687504 -64.96050262451171872
v 11.02146148681640625 48.28818130493164064 -64.96050262451171872
v 44.62498855590820312 -21.49026107788085936 -64.96050262451171872
v 41.93824768066406256 -26.35154914855957032 -64.96050262451171872
v 38.7241134643554688 -30.88145065307617184 -64.96050262451171872
v 35.02299880981445312 -35.02299880981445312 -64.96050262451171872
v -5.54560041427612304 49.21856689453125 -64.96050262451171872
v 21.49026107788085936 44.62498855590820312 -64.96050262451171872
v 16.35872268676757812 46.75054168701171872 -64.96050262451171872
v 26.35154914855957032 41.93824768066406256 -64.96050262451171872
v 48.28818130493164064 -11.02146148681640625 -64.96050262451171872
v 46.75054168701171872 -16.35872268676757812 -64.96050262451171872
v 26.35154914855957032 -41.93824768066406256 -64.96050262451171872
v 21.49026107788085936 -44.62498855590820312 -64.96050262451171872
v 16.35872268676757812 -46.75054168701171872 -64.96050262451171872
v 11.02146148681640625 -48.28818130493164064 -64.96050262451171872
v -26.35154914855957032 -41.93824768066406256 -64.96050262451171872
v -30.88145065307617184 -38.7241134643554688 -64.96050262451171872
v -38.7241134643554688 -30.88145065307617184 -64.96050262451171872
v -41.93824768066406256 -26.35154914855957032 -64.96050262451171872
v -48.28818130493164064 -11.02146148681640625 -64.96050262451171872
v -49.21856689453125 -5.54560041427612304 -64.96050262451171872
v 49.21856689453125 -5.54560041427612304 -64.96050262451171872
v 30.88145065307617184 -38.7241134643554688 -64.96050262451171872
v 5.54560041427612304 -49.21856689453125 -64.96050262451171872
v -21.49026107788085936 -44.62498855590820312 -64.96050262451171872
v -35.02299880981445312 -35.02299880981445312 -64.96050262451171872
v 41.93824768066406256 26.35154914855957032 -64.96050262451171872
v 38.7241134643554688 30.88145065307617184 -64.96050262451171872
v 44.62498855590820312 21.49026107788085936 -64.96050262451171872
v 49.52999877929687504 0 -64.96050262451171872
v -44.62498855590820312 -21.49026107788085936 -64.96050262451171872
v -46.75054168701171872 -16.35872268676757812 -64.96050262451171872
v 30.88145065307617184 38.7241134643554688 -64.96050262451171872
v 35.02299880981445312 35.02299880981445312 -64.96050262451171872
v 46.75054168701171872 16.35872268676757812 -64.96050262451171872
v 48.28818130493164064 11.02146148681640625 -64.96050262451171872
v 0 -49.52999877929687504 -64.96050262451171872
v -5.54560041427612304 -49.21856689453125 -64.96050262451171872
v 49.21856689453125 5.54560041427612304 -64.96050262451171872
v -11.02146148681640625 -48.28818130493164064 -64.96050262451171872
v -16.35872268676757812 -46.75054168701171872 -64.96050262451171872
v 49.45478820800781248 2.72849678993225104 -47.95378112792968752
v 49.22938537597656248 5.44870710372924808 -47.95378112792968752
v 49.52999877929687504 0 -47.95378112792968752
v 48.85447692871093744 8.15237045288085938 -47.95378112792968752
v 48.33119583129882812 10.83127403259277344 -47.95378112792968752
v 49.21856689453125 5.54560041427612304 -47.95378112792968752
v 47.6611328125 13.47728443145751952 -47.95378112792968752
v 46.84632873535156256 16.08236503601074219 -47.95378112792968752
v 48.28818130493164064 11.02146148681640625 -47.95378112792968752
v 45.88925170898437504 18.63860321044921872 -47.95378112792968752
v 44.79280853271484368 21.13823699951171876 -47.95378112792968752
v 46.75054168701171872 16.35872268676757812 -47.95378112792968752
v 43.56033325195312496 23.5736751556396484 -47.95378112792968752
v 42.19556808471679688 25.93751907348632816 -47.95378112792968752
v 44.62498855590820312 21.49026107788085936 -47.95378112792968752
v 40.70265579223632816 28.2225933074951172 -47.95378112792968752
v 39.08612823486328125 30.42195510864257816 -47.95378112792968752
v 41.93824768066406256 26.35154914855957032 -47.95378112792968752
v 37.35089874267578124 32.5289268493652344 -47.95378112792968752
v 35.50223922729492184 34.537109375 -47.95378112792968752
v 38.7241134643554688 30.88145065307617184 -47.95378112792968752
v 33.54575729370117184 36.44040679931640624 -47.95378112792968752
v 31.48739814758300784 38.2330322265625 -47.95378112792968752
v 35.02299880981445312 35.02299880981445312 -47.95378112792968752
v 29.33341217041015624 39.9095458984375 -47.95378112792968752
v 27.09034156799316406 41.46485519409179688 -47.95378112792968752
v 30.88145065307617184 38.7241134643554688 -47.95378112792968752
v 24.76499938964843744 42.89423751831054688 -47.95378112792968752
v 22.3644466400146484 44.19335174560546876 -47.95378112792968752
v 26.35154914855957032 41.93824768066406256 -47.95378112792968752
v 19.89597511291503904 45.35825347900390624 -47.95378112792968752
v 17.36707878112792968 46.38540267944335936 -47.95378112792968752
v 21.49026107788085936 44.62498855590820312 -47.95378112792968752
v 14.78543853759765632 47.27167892456054688 -47.95378112792968752
v 12.15889644622802734 48.01439666748046875 -47.95378112792968752
v 16.35872268676757812 46.75054168701171872 -47.95378112792968752
v 9.495427131652832 48.61129379272460936 -47.95378112792968752
v 6.80312156677246096 49.06055831909179688 -47.95378112792968752
v 11.02146148681640625 48.28818130493164064 -47.95378112792968752
v 4.09015512466430664 49.36082839965820312 -47.95378112792968752
v 1.36476659774780272 49.51119232177734376 -47.95378112792968752
v 5.54560041427612304 49.21856689453125 -47.95378112792968752
v -1.36476659774780272 49.51119232177734376 -47.95378112792968752
v -4.09015512466430664 49.36082839965820312 -47.95378112792968752
v 0 49.52999877929687504 -47.95378112792968752
v -6.80312156677246096 49.06055831909179688 -47.95378112792968752
v -9.495427131652832 48.61129379272460936 -47.95378112792968752
v -5.54560041427612304 49.21856689453125 -47.95378112792968752
v -12.15889644622802734 48.01439666748046875 -47.95378112792968752
v -14.78543853759765632 47.27167892456054688 -47.95378112792968752
v -11.02146148681640625 48.28818130493164064 -47.95378112792968752
v -17.36707878112792968 46.38540267944335936 -47.95378112792968752
v -19.89597511291503904 45.35825347900390624 -47.95378112792968752
v -16.35872268676757812 46.75054168701171872 -47.95378112792968752
v -22.3644466400146484 44.19335174560546876 -47.95378112792968752
v -24.76499938964843744 42.89423751831054688 -47.95378112792968752
v -21.49026107788085936 44.62498855590820312 -47.95378112792968752
v -27.09034156799316406 41.46485519409179688 -47.95378112792968752
v -29.33341217041015624 39.9095458984375 -47.95378112792968752
v -26.35154914855957032 41.93824768066406256 -47.95378112792968752
v -31.48739814758300784 38.2330322265625 -47.95378112792968752
v -33.54575729370117184 36.44040679931640624 -47.95378112792968752
v -30.88145065307617184 38.7241134643554688 -47.95378112792968752
v -35.50223922729492184 34.537109375 -47.95378112792968752
v -37.35089874267578124 32.5289268493652344 -47.95378112792968752
v -35.02299880981445312 35.02299880981445312 -47.95378112792968752
v -39.08612823486328125 30.42195510864257816 -47.95378112792968752
v -40.70265579223632816 28.2225933074951172 -47.95378112792968752
v -38.7241134643554688 30.88145065307617184 -47.95378112792968752
v -42.19556808471679688 25.93751907348632816 -47.95378112792968752
v -43.56033325195312496 23.5736751556396484 -47.95378112792968752
v -41.93824768066406256 26.35154914855957032 -47.95378112792968752
v -44.79280853271484368 21.13823699951171876 -47.95378112792968752
v -45.88925170898437504 18.63860321044921872 -47.95378112792968752
v -44.62498855590820312 21.49026107788085936 -47.95378112792968752
v -46.84632873535156256 16.08236503601074219 -47.95378112792968752
v -47.6611328125 13.47728443145751952 -47.95378112792968752
v -46.75054168701171872 16.35872268676757812 -47.95378112792968752
v -48.33119583129882812 10.83127403259277344 -47.95378112792968752
v -48.85447692871093744 8.15237045288085938 -47.95378112792968752
v -48.28818130493164064 11.02146148681640625 -47.95378112792968752
v -49.22938537597656248 5.44870710372924808 -47.95378112792968752
v -49.45478820800781248 2.72849678993225104 -47.95378112792968752
v -49.21856689453125 5.54560041427612304 -47.95378112792968752
v -49.45478820800781248 -2.72849678993225104 -47.95378112792968752
v -49.22938537597656248 -5.44870710372924808 -47.95378112792968752
v -49.52999877929687504 0 -47.95378112792968752
v -48.85447692871093744 -8.15237045288085938 -47.95378112792968752
v -48.33119583129882812 -10.83127403259277344 -47.95378112792968752
v -49.21856689453125 -5.54560041427612304 -47.95378112792968752
v -47.6611328125 -13.47728443145751952 -47.95378112792968752
v -46.84632873535156256 -16.08236503601074219 -47.95378112792968752
v -48.28818130493164064 -11.02146148681640625 -47.95378112792968752
v -45.88925170898437504 -18.63860321044921872 -47.95378112792968752
v -44.79280853271484368 -21.13823699951171876 -47.95378112792968752
v -46.75054168701171872 -16.35872268676757812 -47.95378112792968752
v -43.56033325195312496 -23.5736751556396484 -47.95378112792968752
v -42.19556808471679688 -25.93751907348632816 -47.95378112792968752
v -44.62498855590820312 -21.49026107788085936 -47.95378112792968752
v -40.70265579223632816 -28.2225933074951172 -47.95378112792968752
v -39.08612823486328125 -30.42195510864257816 -47.95378112792968752
v -41.93824768066406256 -26.35154914855957032 -47.95378112792968752
v -37.35089874267578124 -32.5289268493652344 -47.95378112792968752
v -35.50223922729492184 -34.537109375 -47.95378112792968752
v -38.7241134643554688 -30.88145065307617184 -47.95378112792968752
v -33.54575729370117184 -36.44040679931640624 -47.95378112792968752
v -31.48739814758300784 -38.2330322265625 -47.95378112792968752
v -35.02299880981445312 -35.02299880981445312 -47.95378112792968752
v -29.33341217041015624 -39.9095458984375 -47.95378112792968752
v -27.09034156799316406 -41.46485519409179688 -47.95378112792968752
v -30.88145065307617184 -38.7241134643554688 -47.95378112792968752
v -24.76499938964843744 -42.89423751831054688 -47.95378112792968752
v -22.3644466400146484 -44.19335174560546876 -47.95378112792968752
v -26.35154914855957032 -41.93824768066406256 -47.95378112792968752
v -19.89597511291503904 -45.35825347900390624 -47.95378112792968752
v -17.36707878112792968 -46.38540267944335936 -47.95378112792968752
v -21.49026107788085936 -44.62498855590820312 -47.95378112792968752
v -14.78543853759765632 -47.27167892456054688 -47.95378112792968752
v -12.15889644622802734 -48.01439666748046875 -47.95378112792968752
v -16.35872268676757812 -46.75054168701171872 -47.95378112792968752
v -9.495427131652832 -48.61129379272460936 -47.95378112792968752
v -6.80312156677246096 -49.06055831909179688 -47.95378112792968752
v -11.02146148681640625 -48.28818130493164064 -47.95378112792968752
v -4.09015512466430664 -49.36082839965820312 -47.95378112792968752
v -1.36476659774780272 -49.51119232177734376 -47.95378112792968752
v -5.54560041427612304 -49.21856689453125 -47.95378112792968752
v 1.36476659774780272 -49.51119232177734376 -47.95378112792968752
v 4.09015512466430664 -49.36082839965820312 -47.95378112792968752
v 0 -49.52999877929687504 -47.95378112792968752
v 6.80312156677246096 -49.06055831909179688 -47.95378112792968752
v 9.495427131652832 -48.61129379272460936 -47.95378112792968752
v 5.54560041427612304 -49.21856689453125 -47.95378112792968752
v 12.15889644622802734 -48.01439666748046875 -47.95378112792968752
v 14.78543853759765632 -47.27167892456054688 -47.95378112792968752
v 11.02146148681640625 -48.28818130493164064 -47.95378112792968752
v 17.36707878112792968 -46.38540267944335936 -47.95378112792968752
v 19.89597511291503904 -45.35825347900390624 -47.95378112792968752
v 16.35872268676757812 -46.75054168701171872 -47.95378112792968752
v 22.3644466400146484 -44.19335174560546876 -47.95378112792968752
v 24.76499938964843744 -42.89423751831054688 -47.95378112792968752
v 21.49026107788085936 -44.62498855590820312 -47.95378112792968752
v 27.09034156799316406 -41.46485519409179688 -47.95378112792968752
v 29.33341217041015624 -39.9095458984375 -47.95378112792968752
v 26.35154914855957032 -41.93824768066406256 -47.95378112792968752
v 31.48739814758300784 -38.2330322265625 -47.95378112792968752
v 33.54575729370117184 -36.44040679931640624 -47.95378112792968752
v 30.88145065307617184 -38.7241134643554688 -47.95378112792968752
v 35.50223922729492184 -34.537109375 -47.95378112792968752
v 37.35089874267578124 -32.5289268493652344 -47.95378112792968752
v 35.02299880981445312 -35.02299880981445312 -47.95378112792968752
v 39.08612823486328125 -30.42195510864257816 -47.95378112792968752
v 40.70265579223632816 -28.2225933074951172 -47.95378112792968752
v 38.7241134643554688 -30.88145065307617184 -47.95378112792968752
v 42.19556808471679688 -25.93751907348632816 -47.95378112792968752
v 43.56033325195312496 -23.5736751556396484 -47.95378112792968752
v 41.93824768066406256 -26.35154914855957032 -47.95378112792968752
v 44.79280853271484368 -21.13823699951171876 -47.95378112792968752
v 45.88925170898437504 -18.63860321044921872 -47.95378112792968752
v 44.62498855590820312 -21.49026107788085936 -47.95378112792968752
v 46.84632873535156256 -16.08236503601074219 -47.95378112792968752
v 47.6611328125 -13.47728443145751952 -47.95378112792968752
v 46.75054168701171872 -16.35872268676757812 -47.95378112792968752
v 48.33119583129882812 -10.83127403259277344 -47.95378112792968752
v 48.85447692871093744 -8.15237045288085938 -47.95378112792968752
v 48.28818130493164064 -11.02146148681640625 -47.95378112792968752
v 49.22938537597656248 -5.44870710372924808 -47.95378112792968752
v 49.45478820800781248 -2.72849678993225104 -47.95378112792968752
v 49.21856689453125 -5.54560041427612304 -47.95378112792968752
v 49.55704498291015624 0 -47.74834442138671872
v 49.63634109497070312 0 -47.55690765380859376
v 49.48179626464843752 -2.72998666763305664 -47.74834442138671872
v 49.76248550415039056 0 -47.39251708984375
v 49.5609703063964844 -2.73435497283935552 -47.55690765380859376
v 49.25626754760742188 -5.45168256759643552 -47.74834442138671872
v 49.68692016601562496 -2.74130368232727056 -47.39251708984375
v 49.3350830078125 -5.46040582656860352 -47.55690765380859376
v 48.88115310668945312 -8.15682220458984376 -47.74834442138671872
v 49.46046066284179688 -5.47428226470947264 -47.39251708984375
v 48.95936584472656256 -8.16987323760986328 -47.55690765380859376
v 48.35758590698242188 -10.83718872070312496 -47.74834442138671872
v 49.08378982543945312 -8.19063568115234376 -47.39251708984375
v 48.43496322631835936 -10.85452938079833984 -47.55690765380859376
v 47.68716049194335936 -13.48464393615722656 -47.74834442138671872
v 48.55805206298828128 -10.88211441040039056 -47.39251708984375
v 47.76346206665039056 -13.506220817565918 -47.55690765380859376
v 46.87191009521484368 -16.09114646911621094 -47.74834442138671872
v 47.88484573364257808 -13.54054450988769528 -47.39251708984375
v 46.9469070434570312 -16.11689376831054688 -47.55690765380859376
v 45.9143104553222656 -18.64878082275390624 -47.74834442138671872
v 47.06621551513671875 -16.1578521728515625 -47.39251708984375
v 45.98777770996093744 -18.67862129211425784 -47.55690765380859376
v 44.8172683715820312 -21.1497802734375 -47.74834442138671872
v 46.104644775390625 -18.72608947753906256 -47.39251708984375
v 44.88898086547851568 -21.18362045288085936 -47.55690765380859376
v 43.58412170410156248 -23.5865478515625 -47.74834442138671872
v 45.00305938720703125 -21.2374553680419922 -47.39251708984375
v 43.65386199951171872 -23.62428855895996096 -47.55690765380859376
v 42.21860885620117188 -25.95168304443359376 -47.74834442138671872
v 43.76479721069335936 -23.6843242645263672 -47.39251708984375
v 42.286163330078125 -25.99320793151855472 -47.55690765380859376
v 40.72488021850585936 -28.2380046844482422 -47.74834442138671872
v 42.39362716674804688 -26.05926513671875 -47.39251708984375
v 40.7900466918945312 -28.28318786621093752 -47.55690765380859376
v 39.10747146606445312 -30.43856811523437504 -47.74834442138671872
v 40.89370727539062496 -28.35506439208984376 -47.39251708984375
v 39.17004776000976562 -30.48727226257324216 -47.55690765380859376
v 37.37129592895507816 -32.54669189453125 -47.74834442138671872
v 39.26959228515625 -30.56475067138671872 -47.39251708984375
v 37.4310951232910156 -32.59877014160156248 -47.55690765380859376
v 35.52162551879882816 -34.55596923828125 -47.74834442138671872
v 37.52621841430664064 -32.68161392211914064 -47.39251708984375
v 35.57846069335937504 -34.6112632751464844 -47.55690765380859376
v 33.56407546997070312 -36.46030426025390624 -47.74834442138671872
v 35.66887664794921872 -34.6992225646972656 -47.39251708984375
v 33.61777877807617184 -36.51864242553710936 -47.55690765380859376
v 31.50459098815917968 -38.25391006469726564 -47.74834442138671872
v 33.70321273803710936 -36.6114501953125 -47.39251708984375
v 31.55500221252441408 -38.31512069702148436 -47.55690765380859376
v 29.34943008422851564 -39.93133926391601568 -47.74834442138671872
v 31.63519287109375 -38.41249084472656248 -47.39251708984375
v 29.39639091491699216 -39.9952316284179688 -47.55690765380859376
v 27.10513496398925782 -41.48749923706054688 -47.74834442138671872
v 29.47109794616699216 -40.09687423706054688 -47.39251708984375
v 27.14850616455078124 -41.55388259887695312 -47.55690765380859376
v 24.77852249145507808 -42.91765975952148432 -47.74834442138671872
v 27.217498779296875 -41.65948486328125 -47.39251708984375
v 24.81817054748535152 -42.9863319396972656 -47.55690765380859376
v 22.37665939331054688 -44.21748352050781248 -47.74834442138671872
v 24.88124275207519536 -43.09557342529296876 -47.39251708984375
v 22.41246414184570312 -44.288238525390625 -47.55690765380859376
v 19.90683937072753904 -45.38302230834960936 -47.74834442138671872
v 22.46942138671875 -44.40078735351562496 -47.39251708984375
v 19.93869209289550784 -45.45563888549804688 -47.55690765380859376
v 17.37656211853027344 -46.41073226928710936 -47.74834442138671872
v 19.98936271667480464 -45.57115554809570312 -47.39251708984375
v 17.40436553955078128 -46.48499298095703128 -47.55690765380859376
v 14.79351234436035152 -47.29749298095703124 -47.74834442138671872
v 17.44859504699707032 -46.60312652587890624 -47.39251708984375
v 14.81718349456787104 -47.3731727600097656 -47.55690765380859376
v 12.16553592681884766 -48.04061508178710937 -47.74834442138671872
v 14.85483837127685552 -47.49356460571289064 -47.39251708984375
v 12.18500137329101564 -48.11748504638671876 -47.55690765380859376
v 9.5006122589111328 -48.63783645629882816 -47.74834442138671872
v 12.21596717834472656 -48.23976516723632812 -47.39251708984375
v 9.51581478118896488 -48.71566390991210936 -47.55690765380859376
v 6.80683660507202144 -49.08734893798828125 -47.74834442138671872
v 9.53999710083007816 -48.8394660949707032 -47.39251708984375
v 6.81772804260253904 -49.1658935546875 -47.55690765380859376
v 4.09238862991333008 -49.38778305053710936 -47.74834442138671872
v 6.83505439758300784 -49.29084014892578124 -47.39251708984375
v 4.0989365577697754 -49.46680831909179688 -47.55690765380859376
v 1.36551177501678464 -49.53823089599609376 -47.74834442138671872
v 4.10935354232788086 -49.59252166748046872 -47.39251708984375
v 1.36769676208496096 -49.6174964904785156 -47.55690765380859376
v -1.36551177501678464 -49.53823089599609376 -47.74834442138671872
v 1.37117254734039304 -49.74359130859375008 -47.39251708984375
v -1.36769676208496096 -49.6174964904785156 -47.55690765380859376
v -4.09238862991333008 -49.38778305053710936 -47.74834442138671872
v -1.37117254734039304 -49.74359130859375008 -47.39251708984375
v -4.0989365577697754 -49.46680831909179688 -47.55690765380859376
v -6.80683660507202144 -49.08734893798828125 -47.74834442138671872
v -4.10935354232788086 -49.59252166748046872 -47.39251708984375
v -6.81772804260253904 -49.1658935546875 -47.55690765380859376
v -9.5006122589111328 -48.63783645629882816 -47.74834442138671872
v -6.83505439758300784 -49.29084014892578124 -47.39251708984375
v -9.51581478118896488 -48.71566390991210936 -47.55690765380859376
v -12.16553592681884766 -48.04061508178710937 -47.74834442138671872
v -9.53999710083007816 -48.8394660949707032 -47.39251708984375
v -12.18500137329101564 -48.11748504638671876 -47.55690765380859376
v -14.79351234436035152 -47.29749298095703124 -47.74834442138671872
v -12.21596717834472656 -48.23976516723632812 -47.39251708984375
v -14.81718349456787104 -47.3731727600097656 -47.55690765380859376
v -17.37656211853027344 -46.41073226928710936 -47.74834442138671872
v -14.85483837127685552 -47.49356460571289064 -47.39251708984375
v -17.40436553955078128 -46.48499298095703128 -47.55690765380859376
v -19.90683937072753904 -45.38302230834960936 -47.74834442138671872
v -17.44859504699707032 -46.60312652587890624 -47.39251708984375
v -19.93869209289550784 -45.45563888549804688 -47.55690765380859376
v -22.37665939331054688 -44.21748352050781248 -47.74834442138671872
v -19.98936271667480464 -45.57115554809570312 -47.39251708984375
v -22.41246414184570312 -44.288238525390625 -47.55690765380859376
v -24.77852249145507808 -42.91765975952148432 -47.74834442138671872
v -22.46942138671875 -44.40078735351562496 -47.39251708984375
v -24.81817054748535152 -42.9863319396972656 -47.55690765380859376
v -27.10513496398925782 -41.48749923706054688 -47.74834442138671872
v -24.88124275207519536 -43.09557342529296876 -47.39251708984375
v -27.14850616455078124 -41.55388259887695312 -47.55690765380859376
v -29.34943008422851564 -39.93133926391601568 -47.74834442138671872
v -27.217498779296875 -41.65948486328125 -47.39251708984375
v -29.39639091491699216 -39.9952316284179688 -47.55690765380859376
v -31.50459098815917968 -38.25391006469726564 -47.74834442138671872
v -29.47109794616699216 -40.09687423706054688 -47.39251708984375
v -31.55500221252441408 -38.31512069702148436 -47.55690765380859376
v -33.56407546997070312 -36.46030426025390624 -47.74834442138671872
v -31.63519287109375 -38.41249084472656248 -47.39251708984375
v -33.61777877807617184 -36.51864242553710936 -47.55690765380859376
v -35.52162551879882816 -34.55596923828125 -47.74834442138671872
v -33.70321273803710936 -36.6114501953125 -47.39251708984375
v -35.57846069335937504 -34.6112632751464844 -47.55690765380859376
v -37.37129592895507816 -32.54669189453125 -47.74834442138671872
v -35.66887664794921872 -34.6992225646972656 -47.39251708984375
v -37.4310951232910156 -32.59877014160156248 -47.55690765380859376
v -39.10747146606445312 -30.43856811523437504 -47.74834442138671872
v -37.52621841430664064 -32.68161392211914064 -47.39251708984375
v -39.17004776000976562 -30.48727226257324216 -47.55690765380859376
v -40.72488021850585936 -28.2380046844482422 -47.74834442138671872
v -39.26959228515625 -30.56475067138671872 -47.39251708984375
v -40.7900466918945312 -28.28318786621093752 -47.55690765380859376
v -42.21860885620117188 -25.95168304443359376 -47.74834442138671872
v -40.89370727539062496 -28.35506439208984376 -47.39251708984375
v -42.286163330078125 -25.99320793151855472 -47.55690765380859376
v -43.58412170410156248 -23.5865478515625 -47.74834442138671872
v -42.39362716674804688 -26.05926513671875 -47.39251708984375
v -43.65386199951171872 -23.62428855895996096 -47.55690765380859376
v -44.8172683715820312 -21.1497802734375 -47.74834442138671872
v -43.76479721069335936 -23.6843242645263672 -47.39251708984375
v -44.88898086547851568 -21.18362045288085936 -47.55690765380859376
v -45.9143104553222656 -18.64878082275390624 -47.74834442138671872
v -45.00305938720703125 -21.2374553680419922 -47.39251708984375
v -45.98777770996093744 -18.67862129211425784 -47.55690765380859376
v -46.87191009521484368 -16.09114646911621094 -47.74834442138671872
v -46.104644775390625 -18.72608947753906256 -47.39251708984375
v -46.9469070434570312 -16.11689376831054688 -47.55690765380859376
v -47.68716049194335936 -13.48464393615722656 -47.74834442138671872
v -47.06621551513671875 -16.1578521728515625 -47.39251708984375
v -47.76346206665039056 -13.506220817565918 -47.55690765380859376
v -48.35758590698242188 -10.83718872070312496 -47.74834442138671872
v -47.88484573364257808 -13.54054450988769528 -47.39251708984375
v -48.43496322631835936 -10.85452938079833984 -47.55690765380859376
v -48.88115310668945312 -8.15682220458984376 -47.74834442138671872
v -48.55805206298828128 -10.88211441040039056 -47.39251708984375
v -48.95936584472656256 -8.16987323760986328 -47.55690765380859376
v -49.25626754760742188 -5.45168256759643552 -47.74834442138671872
v -49.08378982543945312 -8.19063568115234376 -47.39251708984375
v -49.3350830078125 -5.46040582656860352 -47.55690765380859376
v -49.48179626464843752 -2.72998666763305664 -47.74834442138671872
v -49.46046066284179688 -5.47428226470947264 -47.39251708984375
v -49.5609703063964844 -2.73435497283935552 -47.55690765380859376
v -49.55704498291015624 0 -47.74834442138671872
v -49.68692016601562496 -2.74130368232727056 -47.39251708984375
v -49.63634109497070312 0 -47.55690765380859376
v -49.48179626464843752 2.72998666763305664 -47.74834442138671872
v -49.76248550415039056 0 -47.39251708984375
v -49.5609703063964844 2.73435497283935552 -47.55690765380859376
v -49.25626754760742188 5.45168256759643552 -47.74834442138671872
v -49.68692016601562496 2.74130368232727056 -47.39251708984375
v -49.3350830078125 5.46040582656860352 -47.55690765380859376
v -48.88115310668945312 8.15682220458984376 -47.74834442138671872
v -49.46046066284179688 5.47428226470947264 -47.39251708984375
v -48.95936584472656256 8.16987323760986328 -47.55690765380859376
v -48.35758590698242188 10.83718872070312496 -47.74834442138671872
v -49.08378982543945312 8.19063568115234376 -47.39251708984375
v -48.43496322631835936 10.85452938079833984 -47.55690765380859376
v -47.68716049194335936 13.48464393615722656 -47.74834442138671872
v -48.55805206298828128 10.88211441040039056 -47.39251708984375
v -47.76346206665039056 13.506220817565918 -47.55690765380859376
v -46.87191009521484368 16.09114646911621094 -47.74834442138671872
v -47.88484573364257808 13.54054450988769528 -47.39251708984375
v -46.9469070434570312 16.11689376831054688 -47.55690765380859376
v -45.9143104553222656 18.64878082275390624 -47.74834442138671872
v -47.06621551513671875 16.1578521728515625 -47.39251708984375
v -45.98777770996093744 18.67862129211425784 -47.55690765380859376
v -44.8172683715820312 21.1497802734375 -47.74834442138671872
v -46.104644775390625 18.72608947753906256 -47.39251708984375
v -44.88898086547851568 21.18362045288085936 -47.55690765380859376
v -43.58412170410156248 23.5865478515625 -47.74834442138671872
v -45.00305938720703125 21.2374553680419922 -47.39251708984375
v -43.65386199951171872 23.62428855895996096 -47.55690765380859376
v -42.21860885620117188 25.95168304443359376 -47.74834442138671872
v -43.76479721069335936 23.6843242645263672 -47.39251708984375
v -42.286163330078125 25.99320793151855472 -47.55690765380859376
v -40.72488021850585936 28.2380046844482422 -47.74834442138671872
v -42.39362716674804688 26.05926513671875 -47.39251708984375
v -40.7900466918945312 28.28318786621093752 -47.55690765380859376
v -39.10747146606445312 30.43856811523437504 -47.74834442138671872
v -40.89370727539062496 28.35506439208984376 -47.39251708984375
v -39.17004776000976562 30.48727226257324216 -47.55690765380859376
v -37.37129592895507816 32.54669189453125 -47.74834442138671872
v -39.26959228515625 30.56475067138671872 -47.39251708984375
v -37.4310951232910156 32.59877014160156248 -47.55690765380859376
v -35.52162551879882816 34.55596923828125 -47.74834442138671872
v -37.52621841430664064 32.68161392211914064 -47.39251708984375
v -35.57846069335937504 34.6112632751464844 -47.55690765380859376
v -33.56407546997070312 36.46030426025390624 -47.74834442138671872
v -35.66887664794921872 34.6992225646972656 -47.39251708984375
v -33.61777877807617184 36.51864242553710936 -47.55690765380859376
v -31.50459098815917968 38.25391006469726564 -47.74834442138671872
v -33.70321273803710936 36.6114501953125 -47.39251708984375
v -31.55500221252441408 38.31512069702148436 -47.55690765380859376
v -29.34943008422851564 39.93133926391601568 -47.74834442138671872
v -31.63519287109375 38.41249084472656248 -47.39251708984375
v -29.39639091491699216 39.9952316284179688 -47.55690765380859376
v -27.10513496398925782 41.48749923706054688 -47.74834442138671872
v -29.47109794616699216 40.09687423706054688 -47.39251708984375
v -27.14850616455078124 41.55388259887695312 -47.55690765380859376
v -24.77852249145507808 42.91765975952148432 -47.74834442138671872
v -27.217498779296875 41.65948486328125 -47.39251708984375
v -24.81817054748535152 42.9863319396972656 -47.55690765380859376
v -22.37665939331054688 44.21748352050781248 -47.74834442138671872
v -24.88124275207519536 43.09557342529296876 -47.39251708984375
v -22.41246414184570312 44.288238525390625 -47.55690765380859376
v -19.90683937072753904 45.38302230834960936 -47.74834442138671872
v -22.46942138671875 44.40078735351562496 -47.39251708984375
v -19.93869209289550784 45.45563888549804688 -47.55690765380859376
v -17.37656211853027344 46.41073226928710936 -47.74834442138671872
v -19.98936271667480464 45.57115554809570312 -47.39251708984375
v -17.40436553955078128 46.48499298095703128 -47.55690765380859376
v -14.79351234436035152 47.29749298095703124 -47.74834442138671872
v -17.44859504699707032 46.60312652587890624 -47.39251708984375
v -14.81718349456787104 47.3731727600097656 -47.55690765380859376
v -12.16553592681884766 48.04061508178710937 -47.74834442138671872
v -14.85483837127685552 47.49356460571289064 -47.39251708984375
v -12.18500137329101564 48.11748504638671876 -47.55690765380859376
v -9.5006122589111328 48.63783645629882816 -47.74834442138671872
v -12.21596717834472656 48.23976516723632812 -47.39251708984375
v -9.51581478118896488 48.71566390991210936 -47.55690765380859376
v -6.80683660507202144 49.08734893798828125 -47.74834442138671872
v -9.53999710083007816 48.8394660949707032 -47.39251708984375
v -6.81772804260253904 49.1658935546875 -47.55690765380859376
v -4.09238862991333008 49.38778305053710936 -47.74834442138671872
v -6.83505439758300784 49.29084014892578124 -47.39251708984375
v -4.0989365577697754 49.46680831909179688 -47.55690765380859376
v -1.36551177501678464 49.53823089599609376 -47.74834442138671872
v -4.10935354232788086 49.59252166748046872 -47.39251708984375
v -1.36769676208496096 49.6174964904785156 -47.55690765380859376
v 1.36551177501678464 49.53823089599609376 -47.74834442138671872
v -1.37117254734039304 49.74359130859375008 -47.39251708984375
v 1.36769676208496096 49.6174964904785156 -47.55690765380859376
v 4.09238862991333008 49.38778305053710936 -47.74834442138671872
v 1.37117254734039304 49.74359130859375008 -47.39251708984375
v 4.0989365577697754 49.46680831909179688 -47.55690765380859376
v 6.80683660507202144 49.08734893798828125 -47.74834442138671872
v 4.10935354232788086 49.59252166748046872 -47.39251708984375
v 6.81772804260253904 49.1658935546875 -47.55690765380859376
v 9.5006122589111328 48.63783645629882816 -47.74834442138671872
v 6.83505439758300784 49.29084014892578124 -47.39251708984375
v 9.51581478118896488 48.71566390991210936 -47.55690765380859376
v 12.16553592681884766 48.04061508178710937 -47.74834442138671872
v 9.53999710083007816 48.8394660949707032 -47.39251708984375
v 12.18500137329101564 48.11748504638671876 -47.55690765380859376
v 14.79351234436035152 47.29749298095703124 -47.74834442138671872
v 12.21596717834472656 48.23976516723632812 -47.39251708984375
v 14.81718349456787104 47.3731727600097656 -47.55690765380859376
v 17.37656211853027344 46.41073226928710936 -47.74834442138671872
v 14.85483837127685552 47.49356460571289064 -47.39251708984375
v 17.40436553955078128 46.48499298095703128 -47.55690765380859376
v 19.90683937072753904 45.38302230834960936 -47.74834442138671872
v 17.44859504699707032 46.60312652587890624 -47.39251708984375
v 19.93869209289550784 45.45563888549804688 -47.55690765380859376
v 22.37665939331054688 44.21748352050781248 -47.74834442138671872
v 19.98936271667480464 45.57115554809570312 -47.39251708984375
v 22.41246414184570312 44.288238525390625 -47.55690765380859376
v 24.77852249145507808 42.91765975952148432 -47.74834442138671872
v 22.46942138671875 44.40078735351562496 -47.39251708984375
v 24.81817054748535152 42.9863319396972656 -47.55690765380859376
v 27.10513496398925782 41.48749923706054688 -47.74834442138671872
v 24.88124275207519536 43.09557342529296876 -47.39251708984375
v 27.14850616455078124 41.55388259887695312 -47.55690765380859376
v 29.34943008422851564 39.93133926391601568 -47.74834442138671872
v 27.217498779296875 41.65948486328125 -47.39251708984375
v 29.39639091491699216 39.9952316284179688 -47.55690765380859376
v 31.50459098815917968 38.25391006469726564 -47.74834442138671872
v 29.47109794616699216 40.09687423706054688 -47.39251708984375
v 31.55500221252441408 38.31512069702148436 -47.55690765380859376
v 33.56407546997070312 36.46030426025390624 -47.74834442138671872
v 31.63519287109375 38.41249084472656248 -47.39251708984375
v 33.61777877807617184 36.51864242553710936 -47.55690765380859376
v 35.52162551879882816 34.55596923828125 -47.74834442138671872
v 33.70321273803710936 36.6114501953125 -47.39251708984375
v 35.57846069335937504 34.6112632751464844 -47.55690765380859376
v 37.37129592895507816 32.54669189453125 -47.74834442138671872
v 35.66887664794921872 34.6992225646972656 -47.39251708984375
v 37.4310951232910156 32.59877014160156248 -47.55690765380859376
v 39.10747146606445312 30.43856811523437504 -47.74834442138671872
v 37.52621841430664064 32.68161392211914064 -47.39251708984375
v 39.17004776000976562 30.48727226257324216 -47.55690765380859376
v 40.72488021850585936 28.2380046844482422 -47.74834442138671872
v 39.26959228515625 30.56475067138671872 -47.39251708984375
v 40.7900466918945312 28.28318786621093752 -47.55690765380859376
v 42.21860885620117188 25.95168304443359376 -47.74834442138671872
v 40.89370727539062496 28.35506439208984376 -47.39251708984375
v 42.286163330078125 25.99320793151855472 -47.55690765380859376
v 43.58412170410156248 23.5865478515625 -47.74834442138671872
v 42.39362716674804688 26.05926513671875 -47.39251708984375
v 43.65386199951171872 23.62428855895996096 -47.55690765380859376
v 44.8172683715820312 21.1497802734375 -47.74834442138671872
v 43.76479721069335936 23.6843242645263672 -47.39251708984375
v 44.88898086547851568 21.18362045288085936 -47.55690765380859376
v 45.9143104553222656 18.64878082275390624 -47.74834442138671872
v 45.00305938720703125 21.2374553680419922 -47.39251708984375
v 45.98777770996093744 18.67862129211425784 -47.55690765380859376
v 46.87191009521484368 16.09114646911621094 -47.74834442138671872
v 46.104644775390625 18.72608947753906256 -47.39251708984375
v 46.9469070434570312 16.11689376831054688 -47.55690765380859376
v 47.68716049194335936 13.48464393615722656 -47.74834442138671872
v 47.06621551513671875 16.1578521728515625 -47.39251708984375
v 47.76346206665039056 13.506220817565918 -47.55690765380859376
v 48.35758590698242188 10.83718872070312496 -47.74834442138671872
v 47.88484573364257808 13.54054450988769528 -47.39251708984375
v 48.43496322631835936 10.85452938079833984 -47.55690765380859376
v 48.88115310668945312 8.15682220458984376 -47.74834442138671872
v 48.55805206298828128 10.88211441040039056 -47.39251708984375
v 48.95936584472656256 8.16987323760986328 -47.55690765380859376
v 49.25626754760742188 5.45168256759643552 -47.74834442138671872
v 49.08378982543945312 8.19063568115234376 -47.39251708984375
v 49.3350830078125 5.46040582656860352 -47.55690765380859376
v 49.48179626464843752 2.72998666763305664 -47.74834442138671872
v 49.46046066284179688 5.47428226470947264 -47.39251708984375
v 49.5609703063964844 2.73435497283935552 -47.55690765380859376
v 49.68692016601562496 2.74130368232727056 -47.39251708984375
v -50.8077468872070312 -2.80314159393310544 -46.26998519897460936
v -50.57617950439453128 -5.59777021408081056 -46.26998519897460936
v -50.191009521484375 -8.37539863586425784 -46.26998519897460936
v -49.65341567993164064 -11.12759113311767578 -46.26998519897460936
v -48.96502304077148432 -13.84598922729492192 -46.26998519897460936
v -48.12792587280273438 -16.5223369598388672 -46.26998519897460936
v -47.14466476440429688 -19.14850807189941406 -46.26998519897460936
v -46.01823043823242187 -21.71652603149414064 -46.26998519897460936
v -44.75203704833984368 -24.21858978271484376 -46.26998519897460936
v -43.34993362426757812 -26.64710426330566408 -46.26998519897460936
v -41.81617736816406256 -28.99469184875488288 -46.26998519897460936
v -40.155426025390625 -31.25422286987304688 -46.26998519897460936
v -38.37272644042968752 -33.41883850097656248 -46.26998519897460936
v -36.47348785400390624 -35.48196029663085936 -46.26998519897460936
v -34.46348190307617184 -37.43732452392578128 -46.26998519897460936
v -32.34881210327148436 -39.27899169921875 -46.26998519897460936
v -30.13590049743652344 -41.00136947631835937 -46.26998519897460936
v -27.83146667480468752 -42.59922790527343752 -46.26998519897460936
v -25.4425086975097656 -44.06771469116210938 -46.26998519897460936
v -22.97628211975097664 -45.40237045288085936 -46.26998519897460936
v -20.44027900695800784 -46.59914016723632816 -46.26998519897460936
v -17.84219741821289056 -47.65438842773437504 -46.26998519897460936
v -15.18993091583251952 -48.56491470336914064 -46.26998519897460936
v -12.49153327941894528 -49.32794952392578124 -46.26998519897460936
v -9.7551984786987304 -49.9411735534667968 -46.26998519897460936
v -6.98923778533935552 -50.40273284912109376 -46.26998519897460936
v -4.20205116271972656 -50.71121597290039064 -46.26998519897460936
v -1.40210318565368656 -50.86569595336914064 -46.26998519897460936
v 1.40210318565368656 -50.86569595336914064 -46.26998519897460936
v 4.20205116271972656 -50.71121597290039064 -46.26998519897460936
v 6.98923778533935552 -50.40273284912109376 -46.26998519897460936
v 9.7551984786987304 -49.9411735534667968 -46.26998519897460936
v 12.49153327941894528 -49.32794952392578124 -46.26998519897460936
v 15.18993091583251952 -48.56491470336914064 -46.26998519897460936
v 17.84219741821289056 -47.65438842773437504 -46.26998519897460936
v 20.44027900695800784 -46.59914016723632816 -46.26998519897460936
v 22.97628211975097664 -45.40237045288085936 -46.26998519897460936
v 25.4425086975097656 -44.06771469116210938 -46.26998519897460936
v 27.83146667480468752 -42.59922790527343752 -46.26998519897460936
v 30.13590049743652344 -41.00136947631835937 -46.26998519897460936
v 32.34881210327148436 -39.27899169921875 -46.26998519897460936
v 34.46348190307617184 -37.43732452392578128 -46.26998519897460936
v 36.47348785400390624 -35.48196029663085936 -46.26998519897460936
v 38.37272644042968752 -33.41883850097656248 -46.26998519897460936
v 40.155426025390625 -31.25422286987304688 -46.26998519897460936
v 41.81617736816406256 -28.99469184875488288 -46.26998519897460936
v 43.34993362426757812 -26.64710426330566408 -46.26998519897460936
v 44.75203704833984368 -24.21858978271484376 -46.26998519897460936
v 46.01823043823242187 -21.71652603149414064 -46.26998519897460936
v 47.14466476440429688 -19.14850807189941406 -46.26998519897460936
v 48.12792587280273438 -16.5223369598388672 -46.26998519897460936
v 48.96502304077148432 -13.84598922729492192 -46.26998519897460936
v 49.65341567993164064 -11.12759113311767578 -46.26998519897460936
v 50.191009521484375 -8.37539863586425784 -46.26998519897460936
v 50.57617950439453128 -5.59777021408081056 -46.26998519897460936
v 50.8077468872070312 -2.80314159393310544 -46.26998519897460936
v 50.8850173950195312 0 -46.26998519897460936
v 50.8077468872070312 2.80314159393310544 -46.26998519897460936
v 50.57617950439453128 5.59777021408081056 -46.26998519897460936
v 50.191009521484375 8.37539863586425784 -46.26998519897460936
v 49.65341567993164064 11.12759113311767578 -46.26998519897460936
v 48.96502304077148432 13.84598922729492192 -46.26998519897460936
v 48.12792587280273438 16.5223369598388672 -46.26998519897460936
v 47.14466476440429688 19.14850807189941406 -46.26998519897460936
v 46.01823043823242187 21.71652603149414064 -46.26998519897460936
v 44.75203704833984368 24.21858978271484376 -46.26998519897460936
v 43.34993362426757812 26.64710426330566408 -46.26998519897460936
v 41.81617736816406256 28.99469184875488288 -46.26998519897460936
v 40.155426025390625 31.25422286987304688 -46.26998519897460936
v 38.37272644042968752 33.41883850097656248 -46.26998519897460936
v 36.47348785400390624 35.48196029663085936 -46.26998519897460936
v 34.46348190307617184 37.43732452392578128 -46.26998519897460936
v 32.34881210327148436 39.27899169921875 -46.26998519897460936
v 30.13590049743652344 41.00136947631835937 -46.26998519897460936
v 27.83146667480468752 42.59922790527343752 -46.26998519897460936
v 25.4425086975097656 44.06771469116210938 -46.26998519897460936
v 22.97628211975097664 45.40237045288085936 -46.26998519897460936
v 20.44027900695800784 46.59914016723632816 -46.26998519897460936
v 17.84219741821289056 47.65438842773437504 -46.26998519897460936
v 15.18993091583251952 48.56491470336914064 -46.26998519897460936
v 12.49153327941894528 49.32794952392578124 -46.26998519897460936
v 9.7551984786987304 49.9411735534667968 -46.26998519897460936
v 6.98923778533935552 50.40273284912109376 -46.26998519897460936
v 4.20205116271972656 50.71121597290039064 -46.26998519897460936
v 1.40210318565368656 50.86569595336914064 -46.26998519897460936
v -1.40210318565368656 50.86569595336914064 -46.26998519897460936
v -4.20205116271972656 50.71121597290039064 -46.26998519897460936
v -6.98923778533935552 50.40273284912109376 -46.26998519897460936
v -9.7551984786987304 49.9411735534667968 -46.26998519897460936
v -12.49153327941894528 49.32794952392578124 -46.26998519897460936
v -15.18993091583251952 48.56491470336914064 -46.26998519897460936
v -17.84219741821289056 47.65438842773437504 -46.26998519897460936
v -20.44027900695800784 46.59914016723632816 -46.26998519897460936
v -22.97628211975097664 45.40237045288085936 -46.26998519897460936
v -25.4425086975097656 44.06771469116210938 -46.26998519897460936
v -27.83146667480468752 42.59922790527343752 -46.26998519897460936
v -30.13590049743652344 41.00136947631835937 -46.26998519897460936
v -32.34881210327148436 39.27899169921875 -46.26998519897460936
v -34.46348190307617184 37.43732452392578128 -46.26998519897460936
v -36.47348785400390624 35.48196029663085936 -46.26998519897460936
v -38.37272644042968752 33.41883850097656248 -46.26998519897460936
v -40.155426025390625 31.25422286987304688 -46.26998519897460936
v -41.81617736816406256 28.99469184875488288 -46.26998519897460936
v -43.34993362426757812 26.64710426330566408 -46.26998519897460936
v -44.75203704833984368 24.21858978271484376 -46.26998519897460936
v -46.01823043823242187 21.71652603149414064 -46.26998519897460936
v -47.14466476440429688 19.14850807189941406 -46.26998519897460936
v -48.12792587280273438 16.5223369598388672 -46.26998519897460936
v -48.96502304077148432 13.84598922729492192 -46.26998519897460936
v -49.65341567993164064 11.12759113311767578 -46.26998519897460936
v -50.191009521484375 8.37539863586425784 -46.26998519897460936
v -50.57617950439453128 5.59777021408081056 -46.26998519897460936
v -50.8077468872070312 2.80314159393310544 -46.26998519897460936
v -50.8850173950195312 0 -46.26998519897460936
v -51.2408447265625 0 -46.064544677734375
v -51.44628143310546872 0 -46.03749847412109375
v -51.3681602478027344 -2.83406043052673344 -46.03749847412109375
v -51.049407958984375 0 -46.14384078979492188
v -51.16303634643554688 -2.82274341583251952 -46.064544677734375
v -50.97188949584960944 -2.81219744682312016 -46.14384078979492188
v -51.13403701782226562 -5.6595139503479004 -46.03749847412109375
v -50.92984771728515632 -5.63691425323486328 -46.064544677734375
v -50.73957061767578128 -5.61585426330566408 -46.14384078979492188
v -50.7446212768554688 -8.46778011322021488 -46.03749847412109375
v -50.54198455810546872 -8.4339656829833984 -46.064544677734375
v -50.35316085815429688 -8.40245628356933592 -46.14384078979492188
v -50.20109558105468752 -11.25032901763916016 -46.03749847412109375
v -50.00062942504882812 -11.20540332794189452 -46.064544677734375
v -49.81382751464843744 -11.16353988647460938 -46.14384078979492188
v -49.50511169433593752 -13.9987115859985352 -46.03749847412109375
v -49.30742645263671876 -13.9428110122680664 -46.064544677734375
v -49.12321090698242188 -13.89072036743164064 -46.14384078979492188
v -48.65877914428710936 -16.70458030700683592 -46.03749847412109375
v -48.4644737243652344 -16.6378746032714844 -46.064544677734375
v -48.28340911865234376 -16.57571601867675784 -46.14384078979492188
v -47.6646766662597656 -19.35971832275390624 -46.03749847412109375
v -47.47433853149414064 -19.28240966796875 -46.064544677734375
v -47.29697418212890624 -19.21037101745605468 -46.14384078979492188
v -46.5258140563964844 -21.9560604095458984 -46.03749847412109375
v -46.34002304077148436 -21.86838531494140624 -46.064544677734375
v -46.16689682006835938 -21.78668403625488288 -46.14384078979492188
v -45.24565505981445312 -24.4857234954833984 -46.03749847412109375
v -45.06497573852539062 -24.38794708251953128 -46.064544677734375
v -44.8966140747070312 -24.29683303833007812 -46.14384078979492188
v -43.82808685302734368 -26.94102478027343744 -46.03749847412109375
v -43.65306854248046872 -26.83344268798828128 -46.064544677734375
v -43.48997879028320312 -26.73319244384765632 -46.14384078979492188
v -42.27741241455078124 -29.31450653076171876 -46.03749847412109375
v -42.10858917236328124 -29.1974468231201172 -46.064544677734375
v -41.95127105712890624 -29.0883636474609375 -46.14384078979492188
v -40.59834671020507816 -31.59896087646484376 -46.03749847412109375
v -40.43622589111328128 -31.4727783203125 -46.064544677734375
v -40.28515625 -31.355194091796875 -46.14384078979492188
v -38.79598236083984368 -33.78744888305664064 -46.03749847412109375
v -38.64105987548828128 -33.65252685546875 -46.064544677734375
v -38.49669647216796872 -33.52680206298828128 -46.14384078979492188
v -36.87579345703124992 -35.87332916259765632 -46.03749847412109375
v -36.72854232788085936 -35.73007583618164064 -46.064544677734375
v -36.59132385253906248 -35.59658813476562496 -46.14384078979492188
v -34.8436203002929688 -37.85026168823242192 -46.03749847412109375
v -34.70447921752929688 -37.69911575317382816 -46.064544677734375
v -34.57482147216796872 -37.55826950073242184 -46.14384078979492188
v -32.7056236267089844 -39.71224212646484376 -46.03749847412109375
v -32.57501983642578128 -39.55366134643554688 -46.064544677734375
v -32.45331954956054688 -39.4058876037597656 -46.14384078979492188
v -30.46830177307128904 -41.4536170959472656 -46.03749847412109375
v -30.34663391113281248 -41.2880859375 -46.064544677734375
v -30.23325920104980468 -41.13383102416992188 -46.14384078979492188
v -28.13844871520996094 -43.06910324096679688 -46.03749847412109375
v -28.02608489990234375 -42.89711761474609376 -46.064544677734375
v -27.9213790893554688 -42.73685073852539056 -46.14384078979492188
v -25.7231407165527344 -44.55378723144531248 -46.03749847412109375
v -25.62042236328125 -44.37587356567382816 -46.064544677734375
v -25.52470397949218752 -44.2100830078125 -46.14384078979492188
v -23.22971343994140624 -45.90316390991210944 -46.03749847412109375
v -23.13695144653320312 -45.71986007690429688 -46.064544677734375
v -23.05051040649414062 -45.54904937744140624 -46.14384078979492188
v -20.66573524475097656 -47.11313247680664062 -46.03749847412109375
v -20.58321189880371096 -46.92499923706054688 -46.064544677734375
v -20.50631332397460936 -46.74968338012695312 -46.14384078979492188
v -18.03899765014648437 -48.180023193359375 -46.03749847412109375
v -17.96696472167968752 -47.98762512207031248 -46.064544677734375
v -17.89983940124511712 -47.8083419799804688 -46.14384078979492188
v -15.35747718811035156 -49.10058975219726562 -46.03749847412109375
v -15.29615116119384764 -48.90451812744140624 -46.064544677734375
v -15.23900413513183592 -48.7218093872070312 -46.14384078979492188
v -12.62931537628173832 -49.87203979492187504 -46.03749847412109375
v -12.57888412475585936 -49.67288970947265624 -46.064544677734375
v -12.53188896179199216 -49.4873085021972656 -46.14384078979492188
v -9.86279964447021488 -50.49203109741210936 -46.03749847412109375
v -9.8234148025512696 -50.29040145874023436 -46.064544677734375
v -9.78671455383300784 -50.10251617431640624 -46.14384078979492188
v -7.0663299560546875 -50.95867919921875008 -46.03749847412109375
v -7.03811216354370117 -50.75518798828124992 -46.064544677734375
v -7.01181745529174804 -50.56556320190429688 -46.14384078979492188
v -4.24840021133422852 -51.27056503295898436 -46.03749847412109375
v -4.23143529891967772 -51.06583023071289062 -46.064544677734375
v -4.21562671661376952 -50.87504577636718752 -46.14384078979492188
v -1.41756844520568848 -51.42674636840820312 -46.03749847412109375
v -1.4119077920913696 -51.22138977050781248 -46.064544677734375
v -1.40663278102874752 -51.03002548217773437 -46.14384078979492188
v 1.41756844520568848 -51.42674636840820312 -46.03749847412109375
v 1.4119077920913696 -51.22138977050781248 -46.064544677734375
v 1.40663278102874752 -51.03002548217773437 -46.14384078979492188
v 4.24840021133422852 -51.27056503295898436 -46.03749847412109375
v 4.23143529891967772 -51.06583023071289062 -46.064544677734375
v 4.21562671661376952 -50.87504577636718752 -46.14384078979492188
v 7.0663299560546875 -50.95867919921875008 -46.03749847412109375
v 7.03811216354370117 -50.75518798828124992 -46.064544677734375
v 7.01181745529174804 -50.56556320190429688 -46.14384078979492188
v 9.86279964447021488 -50.49203109741210936 -46.03749847412109375
v 9.8234148025512696 -50.29040145874023436 -46.064544677734375
v 9.78671455383300784 -50.10251617431640624 -46.14384078979492188
v 12.62931537628173832 -49.87203979492187504 -46.03749847412109375
v 12.57888412475585936 -49.67288970947265624 -46.064544677734375
v 12.53188896179199216 -49.4873085021972656 -46.14384078979492188
v 15.35747718811035156 -49.10058975219726562 -46.03749847412109375
v 15.29615116119384764 -48.90451812744140624 -46.064544677734375
v 15.23900413513183592 -48.7218093872070312 -46.14384078979492188
v 18.03899765014648437 -48.180023193359375 -46.03749847412109375
v 17.96696472167968752 -47.98762512207031248 -46.064544677734375
v 17.89983940124511712 -47.8083419799804688 -46.14384078979492188
v 20.66573524475097656 -47.11313247680664062 -46.03749847412109375
v 20.58321189880371096 -46.92499923706054688 -46.064544677734375
v 20.50631332397460936 -46.74968338012695312 -46.14384078979492188
v 23.22971343994140624 -45.90316390991210944 -46.03749847412109375
v 23.13695144653320312 -45.71986007690429688 -46.064544677734375
v 23.05051040649414062 -45.54904937744140624 -46.14384078979492188
v 25.7231407165527344 -44.55378723144531248 -46.03749847412109375
v 25.62042236328125 -44.37587356567382816 -46.064544677734375
v 25.52470397949218752 -44.2100830078125 -46.14384078979492188
v 28.13844871520996094 -43.06910324096679688 -46.03749847412109375
v 28.02608489990234375 -42.89711761474609376 -46.064544677734375
v 27.9213790893554688 -42.73685073852539056 -46.14384078979492188
v 30.46830177307128904 -41.4536170959472656 -46.03749847412109375
v 30.34663391113281248 -41.2880859375 -46.064544677734375
v 30.23325920104980468 -41.13383102416992188 -46.14384078979492188
v 32.7056236267089844 -39.71224212646484376 -46.03749847412109375
v 32.57501983642578128 -39.55366134643554688 -46.064544677734375
v 32.45331954956054688 -39.4058876037597656 -46.14384078979492188
v 34.8436203002929688 -37.85026168823242192 -46.03749847412109375
v 34.70447921752929688 -37.69911575317382816 -46.064544677734375
v 34.57482147216796872 -37.55826950073242184 -46.14384078979492188
v 36.87579345703124992 -35.87332916259765632 -46.03749847412109375
v 36.72854232788085936 -35.73007583618164064 -46.064544677734375
v 36.59132385253906248 -35.59658813476562496 -46.14384078979492188
v 38.79598236083984368 -33.78744888305664064 -46.03749847412109375
v 38.64105987548828128 -33.65252685546875 -46.064544677734375
v 38.49669647216796872 -33.52680206298828128 -46.14384078979492188
v 40.59834671020507816 -31.59896087646484376 -46.03749847412109375
v 40.43622589111328128 -31.4727783203125 -46.064544677734375
v 40.28515625 -31.355194091796875 -46.14384078979492188
v 42.27741241455078124 -29.31450653076171876 -46.03749847412109375
v 42.10858917236328124 -29.1974468231201172 -46.064544677734375
v 41.95127105712890624 -29.0883636474609375 -46.14384078979492188
v 43.82808685302734368 -26.94102478027343744 -46.03749847412109375
v 43.65306854248046872 -26.83344268798828128 -46.064544677734375
v 43.48997879028320312 -26.73319244384765632 -46.14384078979492188
v 45.24565505981445312 -24.4857234954833984 -46.03749847412109375
v 45.06497573852539062 -24.38794708251953128 -46.064544677734375
v 44.8966140747070312 -24.29683303833007812 -46.14384078979492188
v 46.5258140563964844 -21.9560604095458984 -46.03749847412109375
v 46.34002304077148436 -21.86838531494140624 -46.064544677734375
v 46.16689682006835938 -21.78668403625488288 -46.14384078979492188
v 47.6646766662597656 -19.35971832275390624 -46.03749847412109375
v 47.47433853149414064 -19.28240966796875 -46.064544677734375
v 47.29697418212890624 -19.21037101745605468 -46.14384078979492188
v 48.65877914428710936 -16.70458030700683592 -46.03749847412109375
v 48.4644737243652344 -16.6378746032714844 -46.064544677734375
v 48.28340911865234376 -16.57571601867675784 -46.14384078979492188
v 49.50511169433593752 -13.9987115859985352 -46.03749847412109375
v 49.30742645263671876 -13.9428110122680664 -46.064544677734375
v 49.12321090698242188 -13.89072036743164064 -46.14384078979492188
v 50.20109558105468752 -11.25032901763916016 -46.03749847412109375
v 50.00062942504882812 -11.20540332794189452 -46.064544677734375
v 49.81382751464843744 -11.16353988647460938 -46.14384078979492188
v 50.7446212768554688 -8.46778011322021488 -46.03749847412109375
v 50.54198455810546872 -8.4339656829833984 -46.064544677734375
v 50.35316085815429688 -8.40245628356933592 -46.14384078979492188
v 51.13403701782226562 -5.6595139503479004 -46.03749847412109375
v 50.92984771728515632 -5.63691425323486328 -46.064544677734375
v 50.73957061767578128 -5.61585426330566408 -46.14384078979492188
v 51.3681602478027344 -2.83406043052673344 -46.03749847412109375
v 51.16303634643554688 -2.82274341583251952 -46.064544677734375
v 50.97188949584960944 -2.81219744682312016 -46.14384078979492188
v 51.44628143310546872 0 -46.03749847412109375
v 51.2408447265625 0 -46.064544677734375
v 51.049407958984375 0 -46.14384078979492188
v 51.3681602478027344 2.83406043052673344 -46.03749847412109375
v 51.16303634643554688 2.82274341583251952 -46.064544677734375
v 50.97188949584960944 2.81219744682312016 -46.14384078979492188
v 51.13403701782226562 5.6595139503479004 -46.03749847412109375
v 50.92984771728515632 5.63691425323486328 -46.064544677734375
v 50.73957061767578128 5.61585426330566408 -46.14384078979492188
v 50.7446212768554688 8.46778011322021488 -46.03749847412109375
v 50.54198455810546872 8.4339656829833984 -46.064544677734375
v 50.35316085815429688 8.40245628356933592 -46.14384078979492188
v 50.20109558105468752 11.25032901763916016 -46.03749847412109375
v 50.00062942504882812 11.20540332794189452 -46.064544677734375
v 49.81382751464843744 11.16353988647460938 -46.14384078979492188
v 49.50511169433593752 13.9987115859985352 -46.03749847412109375
v 49.30742645263671876 13.9428110122680664 -46.064544677734375
v 49.12321090698242188 13.89072036743164064 -46.14384078979492188
v 48.65877914428710936 16.70458030700683592 -46.03749847412109375
v 48.4644737243652344 16.6378746032714844 -46.064544677734375
v 48.28340911865234376 16.57571601867675784 -46.14384078979492188
v 47.6646766662597656 19.35971832275390624 -46.03749847412109375
v 47.47433853149414064 19.28240966796875 -46.064544677734375
v 47.29697418212890624 19.21037101745605468 -46.14384078979492188
v 46.5258140563964844 21.9560604095458984 -46.03749847412109375
v 46.34002304077148436 21.86838531494140624 -46.064544677734375
v 46.16689682006835938 21.78668403625488288 -46.14384078979492188
v 45.24565505981445312 24.4857234954833984 -46.03749847412109375
v 45.06497573852539062 24.38794708251953128 -46.064544677734375
v 44.8966140747070312 24.29683303833007812 -46.14384078979492188
v 43.82808685302734368 26.94102478027343744 -46.03749847412109375
v 43.65306854248046872 26.83344268798828128 -46.064544677734375
v 43.48997879028320312 26.73319244384765632 -46.14384078979492188
v 42.27741241455078124 29.31450653076171876 -46.03749847412109375
v 42.10858917236328124 29.1974468231201172 -46.064544677734375
v 41.95127105712890624 29.0883636474609375 -46.14384078979492188
v 40.59834671020507816 31.59896087646484376 -46.03749847412109375
v 40.43622589111328128 31.4727783203125 -46.064544677734375
v 40.28515625 31.355194091796875 -46.14384078979492188
v 38.79598236083984368 33.78744888305664064 -46.03749847412109375
v 38.64105987548828128 33.65252685546875 -46.064544677734375
v 38.49669647216796872 33.52680206298828128 -46.14384078979492188
v 36.87579345703124992 35.87332916259765632 -46.03749847412109375
v 36.72854232788085936 35.73007583618164064 -46.064544677734375
v 36.59132385253906248 35.59658813476562496 -46.14384078979492188
v 34.8436203002929688 37.85026168823242192 -46.03749847412109375
v 34.70447921752929688 37.69911575317382816 -46.064544677734375
v 34.57482147216796872 37.55826950073242184 -46.14384078979492188
v 32.7056236267089844 39.71224212646484376 -46.03749847412109375
v 32.57501983642578128 39.55366134643554688 -46.064544677734375
v 32.45331954956054688 39.4058876037597656 -46.14384078979492188
v 30.46830177307128904 41.4536170959472656 -46.03749847412109375
v 30.34663391113281248 41.2880859375 -46.064544677734375
v 30.23325920104980468 41.13383102416992188 -46.14384078979492188
v 28.13844871520996094 43.06910324096679688 -46.03749847412109375
v 28.02608489990234375 42.89711761474609376 -46.064544677734375
v 27.9213790893554688 42.73685073852539056 -46.14384078979492188
v 25.7231407165527344 44.55378723144531248 -46.03749847412109375
v 25.62042236328125 44.37587356567382816 -46.064544677734375
v 25.52470397949218752 44.2100830078125 -46.14384078979492188
v 23.22971343994140624 45.90316390991210944 -46.03749847412109375
v 23.13695144653320312 45.71986007690429688 -46.064544677734375
v 23.05051040649414062 45.54904937744140624 -46.14384078979492188
v 20.66573524475097656 47.11313247680664062 -46.03749847412109375
v 20.58321189880371096 46.92499923706054688 -46.064544677734375
v 20.50631332397460936 46.74968338012695312 -46.14384078979492188
v 18.03899765014648437 48.180023193359375 -46.03749847412109375
v 17.96696472167968752 47.98762512207031248 -46.064544677734375
v 17.89983940124511712 47.8083419799804688 -46.14384078979492188
v 15.35747718811035156 49.10058975219726562 -46.03749847412109375
v 15.29615116119384764 48.90451812744140624 -46.064544677734375
v 15.23900413513183592 48.7218093872070312 -46.14384078979492188
v 12.62931537628173832 49.87203979492187504 -46.03749847412109375
v 12.57888412475585936 49.67288970947265624 -46.064544677734375
v 12.53188896179199216 49.4873085021972656 -46.14384078979492188
v 9.86279964447021488 50.49203109741210936 -46.03749847412109375
v 9.8234148025512696 50.29040145874023436 -46.064544677734375
v 9.78671455383300784 50.10251617431640624 -46.14384078979492188
v 7.0663299560546875 50.95867919921875008 -46.03749847412109375
v 7.03811216354370117 50.75518798828124992 -46.064544677734375
v 7.01181745529174804 50.56556320190429688 -46.14384078979492188
v 4.24840021133422852 51.27056503295898436 -46.03749847412109375
v 4.23143529891967772 51.06583023071289062 -46.064544677734375
v 4.21562671661376952 50.87504577636718752 -46.14384078979492188
v 1.41756844520568848 51.42674636840820312 -46.03749847412109375
v 1.4119077920913696 51.22138977050781248 -46.064544677734375
v 1.40663278102874752 51.03002548217773437 -46.14384078979492188
v -1.41756844520568848 51.42674636840820312 -46.03749847412109375
v -1.4119077920913696 51.22138977050781248 -46.064544677734375
v -1.40663278102874752 51.03002548217773437 -46.14384078979492188
v -4.24840021133422852 51.27056503295898436 -46.03749847412109375
v -4.23143529891967772 51.06583023071289062 -46.064544677734375
v -4.21562671661376952 50.87504577636718752 -46.14384078979492188
v -7.0663299560546875 50.95867919921875008 -46.03749847412109375
v -7.03811216354370117 50.75518798828124992 -46.064544677734375
v -7.01181745529174804 50.56556320190429688 -46.14384078979492188
v -9.86279964447021488 50.49203109741210936 -46.03749847412109375
v -9.8234148025512696 50.29040145874023436 -46.064544677734375
v -9.78671455383300784 50.10251617431640624 -46.14384078979492188
v -12.62931537628173832 49.87203979492187504 -46.03749847412109375
v -12.57888412475585936 49.67288970947265624 -46.064544677734375
v -12.53188896179199216 49.4873085021972656 -46.14384078979492188
v -15.35747718811035156 49.10058975219726562 -46.03749847412109375
v -15.29615116119384764 48.90451812744140624 -46.064544677734375
v -15.23900413513183592 48.7218093872070312 -46.14384078979492188
v -18.03899765014648437 48.180023193359375 -46.03749847412109375
v -17.96696472167968752 47.98762512207031248 -46.064544677734375
v -17.89983940124511712 47.8083419799804688 -46.14384078979492188
v -20.66573524475097656 47.11313247680664062 -46.03749847412109375
v -20.58321189880371096 46.92499923706054688 -46.064544677734375
v -20.50631332397460936 46.74968338012695312 -46.14384078979492188
v -23.22971343994140624 45.90316390991210944 -46.03749847412109375
v -23.13695144653320312 45.71986007690429688 -46.064544677734375
v -23.05051040649414062 45.54904937744140624 -46.14384078979492188
v -25.7231407165527344 44.55378723144531248 -46.03749847412109375
v -25.62042236328125 44.37587356567382816 -46.064544677734375
v -25.52470397949218752 44.2100830078125 -46.14384078979492188
v -28.13844871520996094 43.06910324096679688 -46.03749847412109375
v -28.02608489990234375 42.89711761474609376 -46.064544677734375
v -27.9213790893554688 42.73685073852539056 -46.14384078979492188
v -30.46830177307128904 41.4536170959472656 -46.03749847412109375
v -30.34663391113281248 41.2880859375 -46.064544677734375
v -30.23325920104980468 41.13383102416992188 -46.14384078979492188
v -32.7056236267089844 39.71224212646484376 -46.03749847412109375
v -32.57501983642578128 39.55366134643554688 -46.064544677734375
v -32.45331954956054688 39.4058876037597656 -46.14384078979492188
v -34.8436203002929688 37.85026168823242192 -46.03749847412109375
v -34.70447921752929688 37.69911575317382816 -46.064544677734375
v -34.57482147216796872 37.55826950073242184 -46.14384078979492188
v -36.87579345703124992 35.87332916259765632 -46.03749847412109375
v -36.72854232788085936 35.73007583618164064 -46.064544677734375
v -36.59132385253906248 35.59658813476562496 -46.14384078979492188
v -38.79598236083984368 33.78744888305664064 -46.03749847412109375
v -38.64105987548828128 33.65252685546875 -46.064544677734375
v -38.49669647216796872 33.52680206298828128 -46.14384078979492188
v -40.59834671020507816 31.59896087646484376 -46.03749847412109375
v -40.43622589111328128 31.4727783203125 -46.064544677734375
v -40.28515625 31.355194091796875 -46.14384078979492188
v -42.27741241455078124 29.31450653076171876 -46.03749847412109375
v -42.10858917236328124 29.1974468231201172 -46.064544677734375
v -41.95127105712890624 29.0883636474609375 -46.14384078979492188
v -43.82808685302734368 26.94102478027343744 -46.03749847412109375
v -43.65306854248046872 26.83344268798828128 -46.064544677734375
v -43.48997879028320312 26.73319244384765632 -46.14384078979492188
v -45.24565505981445312 24.4857234954833984 -46.03749847412109375
v -45.06497573852539062 24.38794708251953128 -46.064544677734375
v -44.8966140747070312 24.29683303833007812 -46.14384078979492188
v -46.5258140563964844 21.9560604095458984 -46.03749847412109375
v -46.34002304077148436 21.86838531494140624 -46.064544677734375
v -46.16689682006835938 21.78668403625488288 -46.14384078979492188
v -47.6646766662597656 19.35971832275390624 -46.03749847412109375
v -47.47433853149414064 19.28240966796875 -46.064544677734375
v -47.29697418212890624 19.21037101745605468 -46.14384078979492188
v -48.65877914428710936 16.70458030700683592 -46.03749847412109375
v -48.4644737243652344 16.6378746032714844 -46.064544677734375
v -48.28340911865234376 16.57571601867675784 -46.14384078979492188
v -49.50511169433593752 13.9987115859985352 -46.03749847412109375
v -49.30742645263671876 13.9428110122680664 -46.064544677734375
v -49.12321090698242188 13.89072036743164064 -46.14384078979492188
v -50.20109558105468752 11.25032901763916016 -46.03749847412109375
v -50.00062942504882812 11.20540332794189452 -46.064544677734375
v -49.81382751464843744 11.16353988647460938 -46.14384078979492188
v -50.7446212768554688 8.46778011322021488 -46.03749847412109375
v -50.54198455810546872 8.4339656829833984 -46.064544677734375
v -50.35316085815429688 8.40245628356933592 -46.14384078979492188
v -51.13403701782226562 5.6595139503479004 -46.03749847412109375
v -50.92984771728515632 5.63691425323486328 -46.064544677734375
v -50.73957061767578128 5.61585426330566408 -46.14384078979492188
v -51.3681602478027344 2.83406043052673344 -46.03749847412109375
v -51.16303634643554688 2.82274341583251952 -46.064544677734375
v -50.97188949584960944 2.81219744682312016 -46.14384078979492188
v -51.98701858520507808 21.39675521850585936 -58.61050033569335936
v -52.06595993041992188 20.89834213256835936 -58.61050033569335936
v -51.7579231262207032 21.84638023376464848 -58.61050033569335936
v -51.40110015869140624 22.20320510864257812 -58.61050033569335936
v -50.95147323608398432 22.43230056762695312 -58.61050033569335936
v -50.4530601501464844 22.51124191284179688 -58.61050033569335936
v -49.95464706420898432 22.43230056762695312 -58.61050033569335936
v -49.50502395629882816 22.20320510864257812 -58.61050033569335936
v -49.14819717407226562 21.84638023376464848 -58.61050033569335936
v -48.91910171508789056 21.39675521850585936 -58.61050033569335936
v -48.84016036987304688 20.89834213256835936 -58.61050033569335936
v -48.91910171508789056 20.39992904663085936 -58.61050033569335936
v -49.14819717407226562 19.95030403137207024 -58.61050033569335936
v -49.50502395629882816 19.59347915649414064 -58.61050033569335936
v -49.95464706420898432 19.3643836975097656 -58.61050033569335936
v -50.4530601501464844 19.28544235229492188 -58.61050033569335936
v -50.95147323608398432 19.3643836975097656 -58.61050033569335936
v -51.40110015869140624 19.59347915649414064 -58.61050033569335936
v -51.7579231262207032 19.95030403137207024 -58.61050033569335936
v -51.98701858520507808 20.39992904663085936 -58.61050033569335936
v -50.4530601501464844 20.89834213256835936 -57.64137268066406248
v 58.65961837768554688 -3.02373337745666504 -52.1151275634765625
v 58.73749923706054688 0 -52.1151275634765625
v 58.037811279296875 -9.03914737701416015 -52.1151275634765625
v 58.42618560791015624 -6.03944826126098633 -52.1151275634765625
v 57.49553680419921872 -12.0148773193359375 -52.1151275634765625
v 56.8007926940917968 -14.95874500274658208 -52.1151275634765625
v 54.9616661071777344 -20.71977615356445312 -52.1151275634765625
v 55.95542144775390624 -17.86294555664062496 -52.1151275634765625
v 52.53993606567382816 -26.2611713409423828 -52.1151275634765625
v 53.82216262817382816 -23.5216617584228516 -52.1151275634765625
v 51.118377685546875 -28.9310417175292968 -52.1151275634765625
v 49.56126785278320312 -31.52419281005859376 -52.1151275634765625
v 46.0572357177734375 -36.45304870605468752 -52.1151275634765625
v 47.87272644042968752 -34.03374862670898437 -52.1151275634765625
v 44.1196136474609375 -38.77568435668945312 -52.1151275634765625
v 42.06499099731445312 -40.9954948425292968 -52.1151275634765625
v 39.89881896972656256 -43.10659027099609376 -52.1151275634765625
v 37.62684249877929688 -45.1033782958984375 -52.1151275634765625
v 35.25508499145507812 -46.98055648803710944 -52.1151275634765625
v 32.78984069824218752 -48.733154296875 -52.1151275634765625
v 27.60525894165039064 -51.84634780883789056 -52.1151275634765625
v 30.2376422882080078 -50.35651779174804688 -52.1151275634765625
v -27.60525894165039064 -51.84634780883789056 -52.1151275634765625
v -30.2376422882080078 -50.35651779174804688 -52.1151275634765625
v -35.25508499145507812 -46.98055648803710944 -52.1151275634765625
v -32.78984069824218752 -48.733154296875 -52.1151275634765625
v -37.62684249877929688 -45.1033782958984375 -52.1151275634765625
v -39.89881896972656256 -43.10659027099609376 -52.1151275634765625
v -44.1196136474609375 -38.77568435668945312 -52.1151275634765625
v -42.06499099731445312 -40.9954948425292968 -52.1151275634765625
v -46.0572357177734375 -36.45304870605468752 -52.1151275634765625
v -47.87272644042968752 -34.03374862670898437 -52.1151275634765625
v -49.56126785278320312 -31.52419281005859376 -52.1151275634765625
v -51.118377685546875 -28.9310417175292968 -52.1151275634765625
v -53.82216262817382816 -23.5216617584228516 -52.1151275634765625
v -52.53993606567382816 -26.2611713409423828 -52.1151275634765625
v -54.9616661071777344 -20.71977615356445312 -52.1151275634765625
v -55.95542144775390624 -17.86294555664062496 -52.1151275634765625
v -57.49553680419921872 -12.0148773193359375 -52.1151275634765625
v -56.8007926940917968 -14.95874500274658208 -52.1151275634765625
v -58.037811279296875 -9.03914737701416015 -52.1151275634765625
v -58.42618560791015624 -6.03944826126098633 -52.1151275634765625
v -58.65961837768554688 -3.02373337745666504 -52.1151275634765625
v -58.73749923706054688 0 -52.1151275634765625
v -58.42618560791015624 6.03944826126098633 -52.1151275634765625
v -58.65961837768554688 3.02373337745666504 -52.1151275634765625
v -58.037811279296875 9.03914737701416015 -52.1151275634765625
v -57.49553680419921872 12.0148773193359375 -52.1151275634765625
v -55.95542144775390624 17.86294555664062496 -52.1151275634765625
v -56.8007926940917968 14.95874500274658208 -52.1151275634765625
v -53.82216262817382816 23.5216617584228516 -52.1151275634765625
v -54.9616661071777344 20.71977615356445312 -52.1151275634765625
v -51.118377685546875 28.9310417175292968 -52.1151275634765625
v -52.53993606567382816 26.2611713409423828 -52.1151275634765625
v -47.87272644042968752 34.03374862670898437 -52.1151275634765625
v -49.56126785278320312 31.52419281005859376 -52.1151275634765625
v -46.0572357177734375 36.45304870605468752 -52.1151275634765625
v -44.1196136474609375 38.77568435668945312 -52.1151275634765625
v -39.89881896972656256 43.10659027099609376 -52.1151275634765625
v -42.06499099731445312 40.9954948425292968 -52.1151275634765625
v -37.62684249877929688 45.1033782958984375 -52.1151275634765625
v -35.25508499145507812 46.98055648803710944 -52.1151275634765625
v -32.78984069824218752 48.733154296875 -52.1151275634765625
v -30.2376422882080078 50.35651779174804688 -52.1151275634765625
v -24.89967155456542976 53.19868850708007812 -52.1151275634765625
v -27.60525894165039064 51.84634780883789056 -52.1151275634765625
v -22.12805557250976562 54.40995407104492184 -52.1151275634765625
v -19.2977581024169922 55.47693634033203128 -52.1151275634765625
v -13.49128341674804688 57.1671142578125 -52.1151275634765625
v -16.41628837585449216 56.39680480957031248 -52.1151275634765625
v -10.53050327301025392 57.78583145141601568 -52.1151275634765625
v -7.54179859161376952 58.251312255859375 -52.1151275634765625
v -1.51236808300018312 58.71802520751953128 -52.1151275634765625
v -4.53309392929077152 58.56231689453125 -52.1151275634765625
v 4.53309392929077152 58.56231689453125 -52.1151275634765625
v 1.51236808300018312 58.71802520751953128 -52.1151275634765625
v 7.54179859161376952 58.251312255859375 -52.1151275634765625
v 10.53050327301025392 57.78583145141601568 -52.1151275634765625
v 16.41628837585449216 56.39680480957031248 -52.1151275634765625
v 13.49128341674804688 57.1671142578125 -52.1151275634765625
v 19.2977581024169922 55.47693634033203128 -52.1151275634765625
v 22.12805557250976562 54.40995407104492184 -52.1151275634765625
v 27.60525894165039064 51.84634780883789056 -52.1151275634765625
v 24.89967155456542976 53.19868850708007812 -52.1151275634765625
v 30.2376422882080078 50.35651779174804688 -52.1151275634765625
v 32.78984069824218752 48.733154296875 -52.1151275634765625
v 35.25508499145507812 46.98055648803710944 -52.1151275634765625
v 37.62684249877929688 45.1033782958984375 -52.1151275634765625
v 39.89881896972656256 43.10659027099609376 -52.1151275634765625
v 42.06499099731445312 40.9954948425292968 -52.1151275634765625
v 44.1196136474609375 38.77568435668945312 -52.1151275634765625
v 46.0572357177734375 36.45304870605468752 -52.1151275634765625
v 47.87272644042968752 34.03374862670898437 -52.1151275634765625
v 49.56126785278320312 31.52419281005859376 -52.1151275634765625
v 52.53993606567382816 26.2611713409423828 -52.1151275634765625
v 51.118377685546875 28.9310417175292968 -52.1151275634765625
v 53.82216262817382816 23.5216617584228516 -52.1151275634765625
v 54.9616661071777344 20.71977615356445312 -52.1151275634765625
v 55.95542144775390624 17.86294555664062496 -52.1151275634765625
v 56.8007926940917968 14.95874500274658208 -52.1151275634765625
v 57.49553680419921872 12.0148773193359375 -52.1151275634765625
v 58.037811279296875 9.03914737701416015 -52.1151275634765625
v 58.42618560791015624 6.03944826126098633 -52.1151275634765625
v 58.65961837768554688 3.02373337745666504 -52.1151275634765625
v 24.09743499755859376 -53.56684875488281248 -52.38750076293945312
v 24.89967155456542976 -53.19868850708007812 -52.1151275634765625
v 24.09743499755859376 -53.56684875488281248 -52.1151275634765625
v 19.2977581024169922 -55.47693634033203128 -52.38750076293945312
v 13.49128341674804688 -57.1671142578125 -52.38750076293945312
v 7.54179859161376952 -58.251312255859375 -52.38750076293945312
v 1.51236808300018312 -58.71802520751953128 -52.38750076293945312
v -4.53309392929077152 -58.56231689453125 -52.38750076293945312
v -10.53050327301025392 -57.78583145141601568 -52.38750076293945312
v -16.41628837585449216 -56.39680480957031248 -52.38750076293945312
v -22.12805557250976562 -54.40995407104492184 -52.38750076293945312
v -25.00196647644042968 -53.15068817138671876 -52.1151275634765625
v -24.09743499755859376 -53.56684875488281248 -52.38750076293945312
v -24.09743499755859376 -53.56684875488281248 -52.1151275634765625
v -22.22500038146972656 -56.46235656738281248 -52.38750076293945312
v -22.22500038146972656 -56.46235656738281248 -52.1151275634765625
v -22.30832862854003908 -55.73972702026367184 -52.1151275634765625
v -22.35487937927246092 -55.5635414123535156 -52.38750076293945312
v -22.35487937927246092 -55.5635414123535156 -52.1151275634765625
v -22.55394172668457032 -55.05502700805664062 -52.1151275634765625
v -22.7338924407958984 -54.73826599121093744 -52.38750076293945312
v -23.33102798461914064 -54.05403900146484375 -52.38750076293945312
v -22.94894409179687504 -54.44420242309570312 -52.1151275634765625
v -22.7338924407958984 -54.73826599121093744 -52.1151275634765625
v -23.47260475158691408 -53.93930816650390624 -52.1151275634765625
v -23.33102798461914064 -54.05403900146484375 -52.1151275634765625
v -23.7211799621582032 -52.6069984436035156 -49.6219482421875
v -24.45042228698730472 -52.38216400146484376 -49.87006378173828128
v -24.32368850708007812 -52.80179595947265632 -50.25416946411132812
v -23.09917259216308594 -52.94741058349609376 -49.24627304077148436
v -23.6313419342041016 -53.0757598876953125 -50.03595733642578125
v -22.62413215637207032 -53.38166809082031248 -48.76704025268554688
v -23.04462051391601562 -53.472900390625 -49.71964263916015624
v -22.32640266418457032 -53.88202667236328128 -48.21485900878906248
v -22.59856224060058592 -53.9694900512695312 -49.32411193847656248
v -22.22500038146972656 -54.41652297973632816 -47.625
v -22.31980514526367188 -54.5358848571777344 -48.87298583984375008
v -23.56063461303710936 -53.45475387573242184 -50.51503753662109376
v -24.25677490234375 -53.0258941650390625 -50.52513504028320312
v -23.00189208984375 -53.8986892700195312 -50.26987457275390624
v -22.57859802246093752 -54.44550704956054688 -49.9678916931152344
v -22.314666748046875 -55.06431961059570312 -49.62614822387695312
v -22.22500038146972656 -55.13824844360351562 -48.39321136474609376
v -24.22327041625976564 -53.1387786865234375 -50.68953704833984376
v -24.15293693542480468 -53.37723541259765624 -51.150726318359375
v -23.5113544464111328 -53.72425842285156256 -51.02929306030273437
v -22.97221755981445312 -54.20194625854492188 -50.86213302612304688
v -22.56476783752441408 -54.78439331054687504 -50.65831756591796872
v -22.31110954284667968 -55.4399986267089844 -50.42890167236328128
v -22.22500038146972656 -55.72017669677734376 -49.26395034790039064
v -24.10832977294921876 -53.52952957153320312 -51.68288040161132816
v -23.48020172119140624 -53.89692687988281248 -51.6275062561035156
v -22.9535026550292968 -54.39644241333007816 -51.55222320556640624
v -22.55606079101562496 -55.001678466796875 -51.46100616455078128
v -22.30887222290039064 -55.6806640625 -51.358673095703125
v -22.22500038146972656 -56.133209228515625 -50.18632507324218752
v -22.22500038146972656 -56.39752197265625 -51.25063323974609376
v -22.22500038146972656 -76.072998046875 -52.38750076293945312
v 22.22500038146972656 -76.072998046875 -52.38750076293945312
v 22.22500038146972656 -56.46235656738281248 -52.38750076293945312
v 22.35487937927246092 -55.5635414123535156 -52.38750076293945312
v 23.33102798461914064 -54.05403900146484375 -52.38750076293945312
v 22.7338924407958984 -54.73826599121093744 -52.38750076293945312
v 23.47260475158691408 -53.93930816650390624 -52.1151275634765625
v 23.33102798461914064 -54.05403900146484375 -52.1151275634765625
v 22.94894409179687504 -54.44420242309570312 -52.1151275634765625
v 22.55394172668457032 -55.05502700805664062 -52.1151275634765625
v 22.7338924407958984 -54.73826599121093744 -52.1151275634765625
v 22.30832862854003908 -55.73972702026367184 -52.1151275634765625
v 22.35487937927246092 -55.5635414123535156 -52.1151275634765625
v 22.22500038146972656 -56.46235656738281248 -52.1151275634765625
v 24.85380935668945312 -53.10070419311523438 -51.29337692260742188
v 24.71935081481933592 -52.81342697143554688 -50.52762985229492184
v 27.55441474914550784 -51.7508544921875 -51.29337692260742188
v 24.50545883178710936 -52.35644149780273436 -49.87006378173828128
v 27.40534591674804688 -51.4708824157714844 -50.52762985229492184
v 30.18194961547851564 -50.26376724243164064 -51.29337692260742188
v 27.16821098327636718 -51.0255126953125 -49.87006378173828128
v 30.01866531372070312 -49.99184417724609376 -50.52762985229492184
v 32.72944641113281248 -48.64339447021484376 -51.29337692260742188
v 29.7589187622070312 -49.5592689514160156 -49.87006378173828128
v 32.55237960815429688 -48.38023376464843752 -50.52762985229492184
v 35.19015121459960936 -46.89402770996093744 -51.29337692260742188
v 34.99977493286132816 -46.64033126831054688 -50.52762985229492184
v 34.69692611694335936 -46.23675918579101564 -49.87006378173828128
v 33.15610122680664062 -47.353851318359375 -49.87006378173828128
v 37.55753707885742184 -45.02030563354492187 -51.29337692260742188
v 37.35435485839843752 -44.7767448425292968 -50.52762985229492184
v 39.8253288269042968 -43.02719497680664062 -51.29337692260742188
v 39.60987472534179688 -42.79441833496093744 -50.52762985229492184
v 39.26713562011718752 -42.42412567138671872 -49.87006378173828128
v 37.86213302612304688 -43.68264389038085936 -49.87006378173828128
v 41.98751068115234368 -40.91998672485351568 -51.29337692260742188
v 41.76036071777343744 -40.6986122131347656 -50.52762985229492184
v 44.03834915161132812 -38.70426559448242184 -51.29337692260742188
v 43.80010223388671872 -38.4948768615722656 -50.52762985229492184
v 43.42110824584960936 -38.16178512573242188 -49.87006378173828128
v 42.16453170776367188 -39.54575729370117184 -49.87006378173828128
v 45.9724082946777344 -36.38591003417968752 -51.29337692260742188
v 45.72369766235351568 -36.18906021118164064 -50.52762985229492184
v 47.7845535278320312 -33.9710617065429688 -51.29337692260742188
v 47.52603912353515624 -33.78727722167968752 -50.52762985229492184
v 47.11480331420898438 -33.49492263793945312 -49.87006378173828128
v 46.01743316650390625 -34.98728942871093744 -49.87006378173828128
v 49.46998214721679688 -31.4661293029785156 -51.29337692260742188
v 49.20235061645507812 -31.2958984375 -50.52762985229492184
v 51.02422714233398437 -28.87775611877441408 -51.29337692260742188
v 50.74818801879882816 -28.72152709960937504 -50.52762985229492184
v 50.30907058715820312 -28.47300338745117184 -49.87006378173828128
v 49.3797645568847656 -30.05583572387695312 -49.87006378173828128
v 52.44316482543945312 -26.21280288696289064 -51.29337692260742188
v 52.15944671630859376 -26.07099151611328125 -50.52762985229492184
v 53.7230300903320312 -23.4783382415771484 -51.29337692260742188
v 53.43239212036132816 -23.3513202667236328 -50.52762985229492184
v 52.97004699707031248 -23.14926528930664062 -49.87006378173828128
v 52.21568298339843752 -24.80397415161132816 -49.87006378173828128
v 54.86043548583984368 -20.68161392211914064 -51.29337692260742188
v 54.56364059448242184 -20.56972503662109376 -50.52762985229492184
v 55.85235977172851568 -17.83004379272460944 -51.29337692260742188
v 55.55019760131835936 -17.73358345031738288 -50.52762985229492184
v 55.06953048706054688 -17.5801372528076172 -49.87006378173828128
v 54.49494934082031248 -19.2876873016357422 -49.87006378173828128
v 56.6961708068847656 -14.93119335174560544 -51.29337692260742188
v 56.38944625854492184 -14.85041522979736336 -50.52762985229492184
v 57.38963699340820312 -11.9927473068237304 -51.29337692260742188
v 57.07915878295898438 -11.92786693572998048 -50.52762985229492184
v 56.5852622985839844 -11.8246564865112304 -49.87006378173828128
v 56.19327545166015624 -13.56578254699707032 -49.87006378173828128
v 57.9309158325195312 -9.02249908447265625 -51.29337692260742188
v 57.61751174926757816 -8.9736871719360352 -50.52762985229492184
v 58.318572998046875 -6.02832460403442383 -51.29337692260742188
v 58.00307083129882812 -5.99571132659912112 -50.52762985229492184
v 57.50117492675781248 -5.94383144378662112 -49.87006378173828128
v 57.29254531860351564 -7.69925975799560544 -49.87006378173828128
v 58.5515785217285156 -3.01816415786743164 -51.29337692260742188
v 58.23481369018554688 -3.00183582305908203 -50.52762985229492184
v 58.62931442260742184 0 -51.29337692260742188
v 58.31212997436523436 0 -50.52762985229492184
v 57.80756378173828128 0 -49.87006378173828128
v 57.78104782104492192 -1.7506587505340576 -49.87006378173828128
v 58.5515785217285156 3.01816415786743164 -51.29337692260742188
v 58.23481369018554688 3.00183582305908203 -50.52762985229492184
v 58.318572998046875 6.02832460403442383 -51.29337692260742188
v 58.00307083129882812 5.99571132659912112 -50.52762985229492184
v 57.50117492675781248 5.94383144378662112 -49.87006378173828128
v 57.65357589721679688 4.21660518646240236 -49.87006378173828128
v 57.9309158325195312 9.02249908447265625 -51.29337692260742188
v 57.61751174926757816 8.9736871719360352 -50.52762985229492184
v 57.38963699340820312 11.9927473068237304 -51.29337692260742188
v 57.07915878295898438 11.92786693572998048 -50.52762985229492184
v 56.5852622985839844 11.8246564865112304 -49.87006378173828128
v 56.91148376464843744 10.13891792297363282 -49.87006378173828128
v 56.6961708068847656 14.93119335174560544 -51.29337692260742188
v 56.38944625854492184 14.85041522979736336 -50.52762985229492184
v 55.85235977172851568 17.83004379272460944 -51.29337692260742188
v 55.55019760131835936 17.73358345031738288 -50.52762985229492184
v 55.06953048706054688 17.5801372528076172 -49.87006378173828128
v 55.56268310546875 15.95314407348632816 -49.87006378173828128
v 54.86043548583984368 20.68161392211914064 -51.29337692260742188
v 54.56364059448242184 20.56972503662109376 -50.52762985229492184
v 53.7230300903320312 23.4783382415771484 -51.29337692260742188
v 53.43239212036132816 23.3513202667236328 -50.52762985229492184
v 52.97004699707031248 23.14926528930664062 -49.87006378173828128
v 53.62155532836914064 21.59730148315429688 -49.87006378173828128
v 52.44316482543945312 26.21280288696289064 -51.29337692260742188
v 52.15944671630859376 26.07099151611328125 -50.52762985229492184
v 51.02422714233398437 28.87775611877441408 -51.29337692260742188
v 50.74818801879882816 28.72152709960937504 -50.52762985229492184
v 50.30907058715820312 28.47300338745117184 -49.87006378173828128
v 51.10879135131835938 27.01121902465820312 -49.87006378173828128
v 49.46998214721679688 31.4661293029785156 -51.29337692260742188
v 49.20235061645507812 31.2958984375 -50.52762985229492184
v 47.7845535278320312 33.9710617065429688 -51.29337692260742188
v 47.52603912353515624 33.78727722167968752 -50.52762985229492184
v 47.11480331420898438 33.49492263793945312 -49.87006378173828128
v 48.05118179321289062 32.13718414306640624 -49.87006378173828128
v 45.9724082946777344 36.38591003417968752 -51.29337692260742188
v 45.72369766235351568 36.18906021118164064 -50.52762985229492184
v 44.03834915161132812 38.70426559448242184 -51.29337692260742188
v 43.80010223388671872 38.4948768615722656 -50.52762985229492184
v 43.42110824584960936 38.16178512573242188 -49.87006378173828128
v 44.4813194274902344 36.92054748535156256 -49.87006378173828128
v 41.98751068115234368 40.91998672485351568 -51.29337692260742188
v 41.76036071777343744 40.6986122131347656 -50.52762985229492184
v 39.8253288269042968 43.02719497680664062 -51.29337692260742188
v 39.60987472534179688 42.79441833496093744 -50.52762985229492184
v 39.26713562011718752 42.42412567138671872 -49.87006378173828128
v 40.4372596740722656 41.31031799316406248 -49.87006378173828128
v 37.55753707885742184 45.02030563354492187 -51.29337692260742188
v 37.35435485839843752 44.7767448425292968 -50.52762985229492184
v 35.19015121459960936 46.89402770996093744 -51.29337692260742188
v 34.99977493286132816 46.64033126831054688 -50.52762985229492184
v 34.69692611694335936 46.23675918579101564 -49.87006378173828128
v 35.96212005615234368 45.25970077514648436 -49.87006378173828128
v 32.72944641113281248 48.64339447021484376 -51.29337692260742188
v 32.55237960815429688 48.38023376464843752 -50.52762985229492184
v 30.18194961547851564 50.26376724243164064 -51.29337692260742188
v 30.01866531372070312 49.99184417724609376 -50.52762985229492184
v 29.7589187622070312 49.5592689514160156 -49.87006378173828128
v 31.10360527038574218 48.72658538818359376 -49.87006378173828128
v 27.55441474914550784 51.7508544921875 -51.29337692260742188
v 27.40534591674804688 51.4708824157714844 -50.52762985229492184
v 24.85380935668945312 53.10070419311523438 -51.29337692260742188
v 24.71935081481933592 52.81342697143554688 -50.52762985229492184
v 24.50545883178710936 52.35644149780273436 -49.87006378173828128
v 25.91350746154785152 51.67402267456054688 -49.87006378173828128
v 22.08729743957519531 54.30973815917968752 -51.29337692260742188
v 21.96780586242675776 54.01592254638671875 -50.52762985229492184
v 19.26221466064453124 55.374755859375 -51.29337692260742188
v 19.15800666809082032 55.0751800537109375 -50.52762985229492184
v 18.99223518371582032 54.59862136840820312 -49.87006378173828128
v 20.44715690612792968 54.070587158203125 -49.87006378173828128
v 16.3860511779785156 56.29293060302734376 -51.29337692260742188
v 16.29740333557128908 55.98838424682617184 -50.52762985229492184
v 13.4664344787597656 57.06182479858398438 -51.29337692260742188
v 13.39358139038085936 56.75312042236328128 -50.52762985229492184
v 13.27768898010253908 56.26204299926757812 -49.87006378173828128
v 14.76283073425292976 55.89072799682617184 -49.87006378173828128
v 10.5111083984375 57.67940139770507816 -51.29337692260742188
v 10.45424270629882816 57.36735534667968752 -50.52762985229492184
v 7.52790737152099608 58.14402008056640624 -51.29337692260742188
v 7.4871816635131836 57.8294639587402344 -50.52762985229492184
v 7.422396183013916 57.329071044921875 -49.87006378173828128
v 8.92112350463867184 57.11504364013671876 -49.87006378173828128
v 4.5247445106506348 58.45445251464843752 -51.29337692260742188
v 4.50026559829711912 58.13821792602539062 -50.52762985229492184
v 1.50958251953125 58.60987854003906248 -51.29337692260742188
v 1.50141572952270504 58.29279708862304688 -50.52762985229492184
v 1.48842418193817136 57.78839874267578128 -49.87006378173828128
v 2.98431277275085456 57.7304801940917968 -49.87006378173828128
v -1.50958251953125 58.60987854003906248 -51.29337692260742188
v -1.50141572952270504 58.29279708862304688 -50.52762985229492184
v -4.5247445106506348 58.45445251464843752 -51.29337692260742188
v -4.50026559829711912 58.13821792602539062 -50.52762985229492184
v -2.98431277275085456 57.7304801940917968 -49.87006378173828128
v -4.46132564544677736 57.63515472412109376 -49.87006378173828128
v -7.52790737152099608 58.14402008056640624 -51.29337692260742188
v -7.4871816635131836 57.8294639587402344 -50.52762985229492184
v -10.5111083984375 57.67940139770507816 -51.29337692260742188
v -10.45424270629882816 57.36735534667968752 -50.52762985229492184
v -8.92112350463867184 57.11504364013671876 -49.87006378173828128
v -10.36378383636474608 56.8709640502929688 -49.87006378173828128
v -13.4664344787597656 57.06182479858398438 -51.29337692260742188
v -13.39358139038085936 56.75312042236328128 -50.52762985229492184
v -16.3860511779785156 56.29293060302734376 -51.29337692260742188
v -16.29740333557128908 55.98838424682617184 -50.52762985229492184
v -14.76283073425292976 55.89072799682617184 -49.87006378173828128
v -16.15638351440429688 55.50392532348632816 -49.87006378173828128
v -19.26221466064453124 55.374755859375 -51.29337692260742188
v -19.15800666809082032 55.0751800537109375 -50.52762985229492184
v -22.08729743957519531 54.30973815917968752 -51.29337692260742188
v -21.96780586242675776 54.01592254638671875 -50.52762985229492184
v -20.44715690612792968 54.070587158203125 -49.87006378173828128
v -21.7777214050292968 53.54853057861328128 -49.87006378173828128
v -24.85380935668945312 53.10070419311523438 -51.29337692260742188
v -24.71935081481933592 52.81342697143554688 -50.52762985229492184
v -27.55441474914550784 51.7508544921875 -51.29337692260742188
v -27.40534591674804688 51.4708824157714844 -50.52762985229492184
v -25.91350746154785152 51.67402267456054688 -49.87006378173828128
v -27.16821098327636718 51.0255126953125 -49.87006378173828128
v -30.18194961547851564 50.26376724243164064 -51.29337692260742188
v -30.01866531372070312 49.99184417724609376 -50.52762985229492184
v -32.72944641113281248 48.64339447021484376 -51.29337692260742188
v -32.55237960815429688 48.38023376464843752 -50.52762985229492184
v -31.10360527038574218 48.72658538818359376 -49.87006378173828128
v -32.27070999145507812 47.96160888671875008 -49.87006378173828128
v -35.19015121459960936 46.89402770996093744 -51.29337692260742188
v -34.99977493286132816 46.64033126831054688 -50.52762985229492184
v -37.55753707885742184 45.02030563354492187 -51.29337692260742188
v -37.35435485839843752 44.7767448425292968 -50.52762985229492184
v -35.96212005615234368 45.25970077514648436 -49.87006378173828128
v -37.03113174438476562 44.38929748535156248 -49.87006378173828128
v -39.8253288269042968 43.02719497680664062 -51.29337692260742188
v -39.60987472534179688 42.79441833496093744 -50.52762985229492184
v -41.98751068115234368 40.91998672485351568 -51.29337692260742188
v -41.76036071777343744 40.6986122131347656 -50.52762985229492184
v -40.4372596740722656 41.31031799316406248 -49.87006378173828128
v -41.39901351928710936 40.34645080566406248 -49.87006378173828128
v -44.03834915161132812 38.70426559448242184 -51.29337692260742188
v -43.80010223388671872 38.4948768615722656 -50.52762985229492184
v -45.9724082946777344 36.38591003417968752 -51.29337692260742188
v -45.72369766235351568 36.18906021118164064 -50.52762985229492184
v -44.4813194274902344 36.92054748535156256 -49.87006378173828128
v -45.32805633544921876 35.87592315673828128 -49.87006378173828128
v -47.7845535278320312 33.9710617065429688 -51.29337692260742188
v -47.52603912353515624 33.78727722167968752 -50.52762985229492184
v -49.46998214721679688 31.4661293029785156 -51.29337692260742188
v -49.20235061645507812 31.2958984375 -50.52762985229492184
v -48.05118179321289062 32.13718414306640624 -49.87006378173828128
v -48.776611328125 31.02509880065917969 -49.87006378173828128
v -51.02422714233398437 28.87775611877441408 -51.29337692260742188
v -50.74818801879882816 28.72152709960937504 -50.52762985229492184
v -52.44316482543945312 26.21280288696289064 -51.29337692260742188
v -52.15944671630859376 26.07099151611328125 -50.52762985229492184
v -51.10879135131835938 27.01121902465820312 -49.87006378173828128
v -51.70811843872070312 25.84540367126464848 -49.87006378173828128
v -53.7230300903320312 23.4783382415771484 -51.29337692260742188
v -53.43239212036132816 23.3513202667236328 -50.52762985229492184
v -54.86043548583984368 20.68161392211914064 -51.29337692260742188
v -54.56364059448242184 20.56972503662109376 -50.52762985229492184
v -53.62155532836914064 21.59730148315429688 -49.87006378173828128
v -54.09151077270507812 20.39173889160156248 -49.87006378173828128
v -55.85235977172851568 17.83004379272460944 -51.29337692260742188
v -55.55019760131835936 17.73358345031738288 -50.52762985229492184
v -56.6961708068847656 14.93119335174560544 -51.29337692260742188
v -56.38944625854492184 14.85041522979736336 -50.52762985229492184
v -55.56268310546875 15.95314407348632816 -49.87006378173828128
v -55.90151596069335936 14.72191715240478512 -49.87006378173828128
v -57.38963699340820312 11.9927473068237304 -51.29337692260742188
v -57.07915878295898438 11.92786693572998048 -50.52762985229492184
v -57.9309158325195312 9.02249908447265625 -51.29337692260742188
v -57.61751174926757816 8.9736871719360352 -50.52762985229492184
v -56.91148376464843744 10.13891792297363282 -49.87006378173828128
v -57.11895370483398438 8.89603900909423824 -49.87006378173828128
v -58.318572998046875 6.02832460403442383 -51.29337692260742188
v -58.00307083129882812 5.99571132659912112 -50.52762985229492184
v -58.5515785217285156 3.01816415786743164 -51.29337692260742188
v -58.23481369018554688 3.00183582305908203 -50.52762985229492184
v -57.65357589721679688 4.21660518646240236 -49.87006378173828128
v -57.73091506958007808 2.97586131095886224 -49.87006378173828128
v -58.62931442260742184 0 -51.29337692260742188
v -58.31212997436523436 0 -50.52762985229492184
v -58.5515785217285156 -3.01816415786743164 -51.29337692260742188
v -58.23481369018554688 -3.00183582305908203 -50.52762985229492184
v -57.78104782104492192 -1.7506587505340576 -49.87006378173828128
v -57.73091506958007808 -2.97586131095886224 -49.87006378173828128
v -58.318572998046875 -6.02832460403442383 -51.29337692260742188
v -58.00307083129882812 -5.99571132659912112 -50.52762985229492184
v -57.9309158325195312 -9.02249908447265625 -51.29337692260742188
v -57.61751174926757816 -8.9736871719360352 -50.52762985229492184
v -57.29254531860351564 -7.69925975799560544 -49.87006378173828128
v -57.11895370483398438 -8.89603900909423824 -49.87006378173828128
v -57.38963699340820312 -11.9927473068237304 -51.29337692260742188
v -57.07915878295898438 -11.92786693572998048 -50.52762985229492184
v -56.6961708068847656 -14.93119335174560544 -51.29337692260742188
v -56.38944625854492184 -14.85041522979736336 -50.52762985229492184
v -56.19327545166015624 -13.56578254699707032 -49.87006378173828128
v -55.90151596069335936 -14.72191715240478512 -49.87006378173828128
v -55.85235977172851568 -17.83004379272460944 -51.29337692260742188
v -55.55019760131835936 -17.73358345031738288 -50.52762985229492184
v -54.86043548583984368 -20.68161392211914064 -51.29337692260742188
v -54.56364059448242184 -20.56972503662109376 -50.52762985229492184
v -54.49494934082031248 -19.2876873016357422 -49.87006378173828128
v -54.09151077270507812 -20.39173889160156248 -49.87006378173828128
v -53.7230300903320312 -23.4783382415771484 -51.29337692260742188
v -53.43239212036132816 -23.3513202667236328 -50.52762985229492184
v -52.44316482543945312 -26.21280288696289064 -51.29337692260742188
v -52.15944671630859376 -26.07099151611328125 -50.52762985229492184
v -52.21568298339843752 -24.80397415161132816 -49.87006378173828128
v -51.70811843872070312 -25.84540367126464848 -49.87006378173828128
v -51.02422714233398437 -28.87775611877441408 -51.29337692260742188
v -50.74818801879882816 -28.72152709960937504 -50.52762985229492184
v -49.46998214721679688 -31.4661293029785156 -51.29337692260742188
v -49.20235061645507812 -31.2958984375 -50.52762985229492184
v -49.3797645568847656 -30.05583572387695312 -49.87006378173828128
v -48.776611328125 -31.02509880065917969 -49.87006378173828128
v -47.7845535278320312 -33.9710617065429688 -51.29337692260742188
v -47.52603912353515624 -33.78727722167968752 -50.52762985229492184
v -45.9724082946777344 -36.38591003417968752 -51.29337692260742188
v -45.72369766235351568 -36.18906021118164064 -50.52762985229492184
v -46.01743316650390625 -34.98728942871093744 -49.87006378173828128
v -45.32805633544921876 -35.87592315673828128 -49.87006378173828128
v -44.03834915161132812 -38.70426559448242184 -51.29337692260742188
v -43.80010223388671872 -38.4948768615722656 -50.52762985229492184
v -41.98751068115234368 -40.91998672485351568 -51.29337692260742188
v -41.76036071777343744 -40.6986122131347656 -50.52762985229492184
v -42.16453170776367188 -39.54575729370117184 -49.87006378173828128
v -41.39901351928710936 -40.34645080566406248 -49.87006378173828128
v -39.8253288269042968 -43.02719497680664062 -51.29337692260742188
v -39.60987472534179688 -42.79441833496093744 -50.52762985229492184
v -37.55753707885742184 -45.02030563354492187 -51.29337692260742188
v -37.35435485839843752 -44.7767448425292968 -50.52762985229492184
v -37.86213302612304688 -43.68264389038085936 -49.87006378173828128
v -37.03113174438476562 -44.38929748535156248 -49.87006378173828128
v -35.19015121459960936 -46.89402770996093744 -51.29337692260742188
v -34.99977493286132816 -46.64033126831054688 -50.52762985229492184
v -32.72944641113281248 -48.64339447021484376 -51.29337692260742188
v -32.55237960815429688 -48.38023376464843752 -50.52762985229492184
v -33.15610122680664062 -47.353851318359375 -49.87006378173828128
v -32.27070999145507812 -47.96160888671875008 -49.87006378173828128
v -30.18194961547851564 -50.26376724243164064 -51.29337692260742188
v -30.01866531372070312 -49.99184417724609376 -50.52762985229492184
v -27.55441474914550784 -51.7508544921875 -51.29337692260742188
v -29.7589187622070312 -49.5592689514160156 -49.87006378173828128
v -27.40534591674804688 -51.4708824157714844 -50.52762985229492184
v -24.95591735839843744 -53.05279159545898438 -51.29337692260742188
v -27.16821098327636718 -51.0255126953125 -49.87006378173828128
v -24.82090568542480464 -52.76577758789062496 -50.52762985229492184
v 24.45042228698730472 -52.38216400146484376 -49.87006378173828128
v 24.32044982910156248 -52.81260681152343744 -50.26592636108398436
v 24.22633171081542968 -53.12844085693359376 -50.6734657287597656
v 24.15484809875488282 -53.3707275390625 -51.13474655151367188
v 24.11165809631347656 -53.51813888549804688 -51.62168121337890624
v -24.6061344146728516 -52.30920028686523436 -49.87006378173828128
v -34.69692611694335936 -46.23675918579101564 -49.87006378173828128
v -39.26713562011718752 -42.42412567138671872 -49.87006378173828128
v -43.42110824584960936 -38.16178512573242188 -49.87006378173828128
v -47.11480331420898438 -33.49492263793945312 -49.87006378173828128
v -50.30907058715820312 -28.47300338745117184 -49.87006378173828128
v -52.97004699707031248 -23.14926528930664062 -49.87006378173828128
v -55.06953048706054688 -17.5801372528076172 -49.87006378173828128
v -56.5852622985839844 -11.8246564865112304 -49.87006378173828128
v -57.50117492675781248 -5.94383144378662112 -49.87006378173828128
v -57.80756378173828128 0 -49.87006378173828128
v -57.50117492675781248 5.94383144378662112 -49.87006378173828128
v -56.5852622985839844 11.8246564865112304 -49.87006378173828128
v -55.06953048706054688 17.5801372528076172 -49.87006378173828128
v -52.97004699707031248 23.14926528930664062 -49.87006378173828128
v -50.30907058715820312 28.47300338745117184 -49.87006378173828128
v -47.11480331420898438 33.49492263793945312 -49.87006378173828128
v -43.42110824584960936 38.16178512573242188 -49.87006378173828128
v -39.26713562011718752 42.42412567138671872 -49.87006378173828128
v -34.69692611694335936 46.23675918579101564 -49.87006378173828128
v -29.7589187622070312 49.5592689514160156 -49.87006378173828128
v -24.50545883178710936 52.35644149780273436 -49.87006378173828128
v -18.99223518371582032 54.59862136840820312 -49.87006378173828128
v -13.27768898010253908 56.26204299926757812 -49.87006378173828128
v -7.422396183013916 57.329071044921875 -49.87006378173828128
v -1.48842418193817136 57.78839874267578128 -49.87006378173828128
v 4.46132564544677736 57.63515472412109376 -49.87006378173828128
v 10.36378383636474608 56.8709640502929688 -49.87006378173828128
v 16.15638351440429688 55.50392532348632816 -49.87006378173828128
v 21.7777214050292968 53.54853057861328128 -49.87006378173828128
v 27.16821098327636718 51.0255126953125 -49.87006378173828128
v 32.27070999145507812 47.96160888671875008 -49.87006378173828128
v 37.03113174438476562 44.38929748535156248 -49.87006378173828128
v 41.39901351928710936 40.34645080566406248 -49.87006378173828128
v 45.32805633544921876 35.87592315673828128 -49.87006378173828128
v 48.776611328125 31.02509880065917969 -49.87006378173828128
v 51.70811843872070312 25.84540367126464848 -49.87006378173828128
v 54.09151077270507812 20.39173889160156248 -49.87006378173828128
v 55.90151596069335936 14.72191715240478512 -49.87006378173828128
v 57.11895370483398438 8.89603900909423824 -49.87006378173828128
v 57.73091506958007808 2.97586131095886224 -49.87006378173828128
v 57.73091506958007808 -2.97586131095886224 -49.87006378173828128
v 57.11895370483398438 -8.89603900909423824 -49.87006378173828128
v 55.90151596069335936 -14.72191715240478512 -49.87006378173828128
v 54.09151077270507812 -20.39173889160156248 -49.87006378173828128
v 51.70811843872070312 -25.84540367126464848 -49.87006378173828128
v 48.776611328125 -31.02509880065917969 -49.87006378173828128
v 45.32805633544921876 -35.87592315673828128 -49.87006378173828128
v 41.39901351928710936 -40.34645080566406248 -49.87006378173828128
v 37.03113174438476562 -44.38929748535156248 -49.87006378173828128
v 32.27070999145507812 -47.96160888671875008 -49.87006378173828128
v 23.48252296447753904 -53.88399887084960944 -51.55854797363281248
v 22.95489692687988288 -54.38187408447265624 -51.47263717651367184
v 22.55670928955078128 -54.98540496826171872 -51.36849212646484376
v 22.30904006958007812 -55.66264343261718752 -51.25162887573242188
v 22.22500038146972656 -56.37773895263671872 -51.12823486328125
v 23.5126914978027344 -53.71688842773437504 -51.01139450073242187
v 22.9730205535888672 -54.19364929199218752 -50.84150314331054688
v 22.56514358520507816 -54.77512359619140624 -50.63429641723632816
v 22.31120681762695312 -55.42972946166992184 -50.40102767944335936
v 22.22500038146972656 -56.12192535400390624 -50.15436553955078124
v 23.56278419494628904 -53.44309997558593752 -50.49722290039062496
v 23.00318717956542968 -53.88558197021484368 -50.24937820434570312
v 22.57920455932617184 -54.43085861206054688 -49.9439620971679688
v 22.3148212432861328 -55.04806900024414062 -49.59825134277343752
v 22.22500038146972656 -55.70230102539062496 -49.23180770874023436
v 23.62905502319335936 -53.08788299560546875 -50.04877853393554688
v 23.04323387145996094 -53.4865074157714844 -49.73434066772460944
v 22.59791374206542968 -53.98470687866210944 -49.34135055541992188
v 22.3196392059326172 -54.55278778076171872 -48.89324188232421872
v 22.22500038146972656 -55.15688323974609376 -48.41672134399414064
v 23.7211799621582032 -52.6069984436035156 -49.6219482421875
v 23.09917259216308594 -52.94741058349609376 -49.24627304077148436
v 22.62413215637207032 -53.38166809082031248 -48.76704025268554688
v 22.32640266418457032 -53.88202667236328128 -48.21485900878906248
v 22.22500038146972656 -54.41652297973632816 -47.625
v -28.88072013854980464 -46.14774322509765624 -46.50246810913085936
v -31.22458267211914064 -44.59524154663085936 -46.50246810913085936
v -26.4598331451416016 -47.57717132568359376 -46.50246810913085936
v -33.4851722717285156 -42.92380905151367184 -46.50246810913085936
v -35.65646362304687504 -41.13790130615234376 -46.50246810913085936
v -37.7326583862304688 -39.24228286743164064 -46.50246810913085936
v -39.70822525024414064 -37.24200820922851564 -46.50246810913085936
v -41.57789230346679688 -35.1424102783203125 -46.50246810913085936
v -43.33667373657226564 -32.9490928649902344 -46.50246810913085936
v -44.97988128662109376 -30.6679039001464844 -46.50246810913085936
v -46.50313186645507816 -28.30492591857910156 -46.50246810913085936
v -47.90236282348632816 -25.8664588928222656 -46.50246810913085936
v -49.1738433837890625 -23.3590106964111328 -46.50246810913085936
v -50.314178466796875 -20.78926467895507808 -46.50246810913085936
v -51.32033157348632812 -18.1640777587890625 -46.50246810913085936
v -52.18961715698242188 -15.49044609069824216 -46.50246810913085936
v -52.91971969604492192 -12.77550411224365232 -46.50246810913085936
v -53.50868606567382816 -10.0264902114868164 -46.50246810913085936
v -53.9549522399902344 -7.25073719024658204 -46.50246810913085936
v -54.25732421875 -4.45564699172973632 -46.50246810913085936
v -54.41499710083007816 -1.64867365360260008 -46.50246810913085936
v -54.42755126953125 1.16269636154174804 -46.50246810913085936
v -54.29494857788085936 3.97096562385559088 -46.50246810913085936
v -54.017547607421875 6.76864480972290032 -46.50246810913085936
v -53.59608840942382816 9.54827213287353512 -46.50246810913085936
v -53.03168869018554687 12.30243587493896484 -46.50246810913085936
v -52.32586288452148436 15.0237894058227539 -46.50246810913085936
v -51.48048400878906248 17.7050762176513672 -46.50246810913085936
v -50.49781417846679688 20.3391437530517578 -46.50246810913085936
v -49.38047027587890624 22.91897010803222656 -46.50246810913085936
v -48.13143539428710938 25.43767356872558592 -46.50246810913085936
v -46.7540321350097656 27.88853645324707024 -46.50246810913085936
v -45.25194549560546876 30.26502227783203124 -46.50246810913085936
v -43.62917327880859376 32.5607948303222656 -46.50246810913085936
v -41.89004516601562496 34.76972961425781248 -46.50246810913085936
v -40.03920364379882812 36.88593673706054688 -46.50246810913085936
v -38.08157730102539062 38.90377426147460944 -46.50246810913085936
v -36.02239227294921875 40.81785583496093744 -46.50246810913085936
v -33.86713790893554688 42.62308120727539064 -46.50246810913085936
v -31.62156105041503904 44.31463623046875 -46.50246810913085936
v -29.2916545867919922 45.88800430297851568 -46.50246810913085936
v -26.88363075256347664 47.33899688720703124 -46.50246810913085936
v -24.40390777587890624 48.66373825073242184 -46.50246810913085936
v -21.85910415649414064 49.85869598388671872 -46.50246810913085936
v -19.25600242614746092 50.92068862915039056 -46.50246810913085936
v -16.60154724121093752 51.84687805175781248 -46.50246810913085936
v -13.90281772613525392 52.63479614257812496 -46.50246810913085936
v -11.16701030731201172 53.28234100341796876 -46.50246810913085936
v -8.40142059326171872 53.78778839111328128 -46.50246810913085936
v -5.61342620849609376 54.14978790283203124 -46.50246810913085936
v -2.81046080589294432 54.3673744201660156 -46.50246810913085936
v 2.81046080589294432 54.3673744201660156 -46.50246810913085936
v 0 54.43996810913085936 -46.50246810913085936
v 8.40142059326171872 53.78778839111328128 -46.50246810913085936
v 5.61342620849609376 54.14978790283203124 -46.50246810913085936
v 13.90281772613525392 52.63479614257812496 -46.50246810913085936
v 11.16701030731201172 53.28234100341796876 -46.50246810913085936
v 19.25600242614746092 50.92068862915039056 -46.50246810913085936
v 16.60154724121093752 51.84687805175781248 -46.50246810913085936
v 24.40390777587890624 48.66373825073242184 -46.50246810913085936
v 21.85910415649414064 49.85869598388671872 -46.50246810913085936
v 29.2916545867919922 45.88800430297851568 -46.50246810913085936
v 26.88363075256347664 47.33899688720703124 -46.50246810913085936
v 33.86713790893554688 42.62308120727539064 -46.50246810913085936
v 31.62156105041503904 44.31463623046875 -46.50246810913085936
v 38.08157730102539062 38.90377426147460944 -46.50246810913085936
v 36.02239227294921875 40.81785583496093744 -46.50246810913085936
v 41.89004516601562496 34.76972961425781248 -46.50246810913085936
v 40.03920364379882812 36.88593673706054688 -46.50246810913085936
v 45.25194549560546876 30.26502227783203124 -46.50246810913085936
v 43.62917327880859376 32.5607948303222656 -46.50246810913085936
v 48.13143539428710938 25.43767356872558592 -46.50246810913085936
v 46.7540321350097656 27.88853645324707024 -46.50246810913085936
v 50.49781417846679688 20.3391437530517578 -46.50246810913085936
v 49.38047027587890624 22.91897010803222656 -46.50246810913085936
v 52.32586288452148436 15.0237894058227539 -46.50246810913085936
v 51.48048400878906248 17.7050762176513672 -46.50246810913085936
v 53.59608840942382816 9.54827213287353512 -46.50246810913085936
v 53.03168869018554687 12.30243587493896484 -46.50246810913085936
v 54.29494857788085936 3.97096562385559088 -46.50246810913085936
v 54.017547607421875 6.76864480972290032 -46.50246810913085936
v 54.41499710083007816 -1.64867365360260008 -46.50246810913085936
v 54.42755126953125 1.16269636154174804 -46.50246810913085936
v 53.9549522399902344 -7.25073719024658204 -46.50246810913085936
v 54.25732421875 -4.45564699172973632 -46.50246810913085936
v 52.91971969604492192 -12.77550411224365232 -46.50246810913085936
v 53.50868606567382816 -10.0264902114868164 -46.50246810913085936
v 51.32033157348632812 -18.1640777587890625 -46.50246810913085936
v 52.18961715698242188 -15.49044609069824216 -46.50246810913085936
v 49.1738433837890625 -23.3590106964111328 -46.50246810913085936
v 50.314178466796875 -20.78926467895507808 -46.50246810913085936
v 46.50313186645507816 -28.30492591857910156 -46.50246810913085936
v 47.90236282348632816 -25.8664588928222656 -46.50246810913085936
v 43.33667373657226564 -32.9490928649902344 -46.50246810913085936
v 44.97988128662109376 -30.6679039001464844 -46.50246810913085936
v 39.70822525024414064 -37.24200820922851564 -46.50246810913085936
v 41.57789230346679688 -35.1424102783203125 -46.50246810913085936
v 35.65646362304687504 -41.13790130615234376 -46.50246810913085936
v 37.7326583862304688 -39.24228286743164064 -46.50246810913085936
v 31.22458267211914064 -44.59524154663085936 -46.50246810913085936
v 33.4851722717285156 -42.92380905151367184 -46.50246810913085936
v 28.88072013854980464 -46.14774322509765624 -46.50246810913085936
v 24.4229774475097656 -50.52771759033203128 -48.18319320678710936
v 26.4598331451416016 -47.57717132568359376 -46.50246810913085936
v 24.39400863647460936 -48.668701171875 -46.50246810913085936
v -24.4229774475097656 -50.52771759033203128 -48.18319320678710936
v -24.39400863647460936 -48.668701171875 -46.50246810913085936
v 22.22500038146972656 -78.89901733398437504 -52.06908416748046875
v -22.22500038146972656 -78.89901733398437504 -52.06908416748046875
v 22.22500038146972656 -81.58332061767578128 -51.12980270385742188
v -22.22500038146972656 -81.58332061767578128 -51.1298065185546875
v 22.22500038146972656 -83.99131774902343744 -49.61676025390625
v -22.22500038146972656 -83.99131774902343744 -49.61676025390625
v 22.22500038146972656 -86.00225830078125 -47.60581970214843752
v -22.22500038146972656 -86.00225830078125 -47.60581970214843752
v 22.22500038146972656 -87.51530456542968752 -45.19782257080078124
v -22.22500038146972656 -87.51530456542968752 -45.19782257080078124
v 22.22500038146972656 -88.45458221435546872 -42.51351547241210936
v -22.22500038146972656 -88.45458221435546872 -42.51351547241210936
v 22.22500038146972656 -88.77300262451171872 -39.6875
v -22.22500038146972656 -88.77300262451171872 -39.6875
v -23.70166778564453128 -50.75410461425781248 -47.93174362182617184
v -23.08729934692382812 -51.0935211181640625 -47.55475997924804688
v -22.61855888366699216 -51.52458572387695312 -47.07598114013671875
v -22.22500038146972656 -53.53927993774414064 -46.83124923706054688
v -22.3175048828125 -52.25379562377929688 -46.69069671630859376
v -22.59754562377929688 -50.99336242675781248 -46.55280303955078128
v -23.09356498718261718 -49.82981109619140624 -46.42543792724609376
v -23.83381271362304688 -48.83504486083984368 -46.31639480590820312
v 26.30003356933593752 -47.28983688354492188 -46.25018310546875
v 26.11394119262695312 -46.95522689819335936 -46.09159469604492188
v 28.706298828125 -45.86904144287109376 -46.25018310546875
v 25.91424179077148432 -46.59614944458007816 -46.03749847412109375
v 28.50318145751953128 -45.54448318481445312 -46.09159469604492188
v 31.03600692749023437 -44.32591629028320312 -46.25018310546875
v 28.28520965576171876 -45.19619369506835936 -46.03749847412109375
v 30.81640625 -44.01227951049804687 -46.09159469604492188
v 33.28294372558593752 -42.66457748413085936 -46.25018310546875
v 30.5807437896728516 -43.67570495605468752 -46.03749847412109375
v 33.04744338989257812 -42.36269378662109376 -46.09159469604492188
v 35.44112014770507816 -40.88945388793945312 -46.25018310546875
v 32.79472351074218752 -42.03873443603515625 -46.03749847412109375
v 35.19034957885742188 -40.60013198852539064 -46.09159469604492188
v 37.50477600097656248 -39.00528335571289062 -46.25018310546875
v 34.92123794555664064 -40.28964996337890624 -46.03749847412109375
v 37.23940277099609376 -38.72929382324218752 -46.09159469604492188
v 39.46841049194335936 -37.01708984375 -46.25018310546875
v 36.95462417602539056 -38.43312072753906248 -46.03749847412109375
v 39.18914413452148436 -36.75516891479492192 -46.09159469604492188
v 41.32678985595703124 -34.9301719665527344 -46.25018310546875
v 38.88945388793945312 -36.47409057617187504 -46.03749847412109375
v 41.03437042236328125 -34.68301773071289064 -46.09159469604492188
v 43.07494735717773438 -32.75010299682617184 -46.25018310546875
v 40.72056961059570312 -34.4177894592285156 -46.03749847412109375
v 42.77016448974609376 -32.51837158203125 -46.09159469604492188
v 44.70823287963867184 -30.48268890380859376 -46.25018310546875
v 42.44308853149414064 -32.26969528198242188 -46.03749847412109375
v 44.39189147949218752 -30.26700210571289064 -46.09159469604492188
v 46.22228240966796876 -28.13398170471191406 -46.25018310546875
v 44.0524139404296875 -30.03554344177246094 -46.03749847412109375
v 45.89522933959960944 -27.93491363525390624 -46.09159469604492188
v 47.61306381225585936 -25.71024322509765624 -46.25018310546875
v 45.5442543029785156 -27.72128868103027344 -46.03749847412109375
v 47.27616882324218752 -25.5283260345458984 -46.09159469604492188
v 48.87686538696289056 -23.21793746948242188 -46.25018310546875
v 46.91463470458984368 -25.33310317993164064 -46.03749847412109375
v 48.53102493286132816 -23.05365371704101562 -46.09159469604492188
v 50.01031494140625 -20.66371154785156248 -46.25018310546875
v 48.1598968505859375 -22.87735748291015632 -46.03749847412109375
v 49.65645599365234376 -20.51750183105468752 -46.09159469604492188
v 51.0103912353515625 -18.05437850952148438 -46.25018310546875
v 49.27671813964843752 -20.3605976104736328 -46.03749847412109375
v 50.64945602416992184 -17.9266300201416016 -46.09159469604492188
v 51.87442779541015632 -15.39689445495605472 -46.25018310546875
v 50.26212692260742188 -17.7895393371582032 -46.03749847412109375
v 51.50737762451171872 -15.28795051574707032 -46.09159469604492188
v 52.60011672973632816 -12.69834804534912112 -46.25018310546875
v 51.11348724365234376 -15.17103862762451172 -46.03749847412109375
v 52.227935791015625 -12.60849857330322264 -46.09159469604492188
v 53.18552780151367188 -9.9659366607666016 -46.25018310546875
v 51.82853317260742192 -12.51207733154296872 -46.03749847412109375
v 52.8092041015625 -9.89542102813720704 -46.09159469604492188
v 53.62910079956054688 -7.20694732666015624 -46.25018310546875
v 52.40535736083984376 -9.81974792480468752 -46.03749847412109375
v 53.24963760375976564 -7.15595340728759766 -46.09159469604492188
v 53.92964553833007808 -4.42873764038085936 -46.25018310546875
v 52.84242248535156256 -7.10122966766357422 -46.03749847412109375
v 53.54805755615234376 -4.39740133285522464 -46.09159469604492188
v 54.08636474609375 -1.63871669769287112 -46.25018310546875
v 53.13855743408203124 -4.36377286911010744 -46.03749847412109375
v 53.70366668701171872 -1.6271216869354248 -46.09159469604492188
v 54.09884262084960938 1.15567445755004882 -46.25018310546875
v 53.29298019409179688 -1.61467862129211424 -46.03749847412109375
v 53.71605682373046872 1.14749729633331298 -46.09159469604492188
v 53.9670448303222656 3.94698357582092288 -46.25018310546875
v 53.30527496337890624 1.13872206211090088 -46.03749847412109375
v 53.58518981933593752 3.9190559387207032 -46.09159469604492188
v 53.69131851196289064 6.72776651382446288 -46.25018310546875
v 53.17540740966796876 3.88908576965332032 -46.03749847412109375
v 53.31141281127929688 6.68016290664672848 -46.09159469604492188
v 53.27240371704101564 9.49060726165771488 -46.25018310546875
v 52.90372848510742192 6.62907743453979496 -46.03749847412109375
v 52.89546203613281248 9.42345428466796872 -46.09159469604492188
v 52.71141433715820312 12.22813701629638672 -46.25018310546875
v 52.49095535278320312 9.35139083862304688 -46.03749847412109375
v 52.33844375610351564 12.14161396026611328 -46.09159469604492188
v 52.00984954833984375 14.9330549240112304 -46.25018310546875
v 51.93819808959960944 12.04876422882080078 -46.03749847412109375
v 51.6418418884277344 14.82739353179931648 -46.09159469604492188
v 51.16957855224609376 17.5981483459472656 -46.25018310546875
v 51.24692153930664064 14.71400451660156248 -46.03749847412109375
v 50.80751800537109376 17.4736289978027344 -46.09159469604492188
v 50.192840576171875 20.21630859375 -46.25018310546875
v 50.41897583007812496 17.34000396728515624 -46.03749847412109375
v 49.83769226074218752 20.07326507568359375 -46.09159469604492188
v 49.082244873046875 22.78055381774902336 -46.25018310546875
v 49.45656967163085936 19.91975784301757808 -46.03749847412109375
v 48.73495483398437504 22.61936569213867184 -46.09159469604492188
v 47.84075164794921872 25.28404617309570312 -46.25018310546875
v 48.36226272583007816 22.44639015197753904 -46.03749847412109375
v 47.50224304199218752 25.10514450073242188 -46.09159469604492188
v 46.47166824340820312 27.72010803222656248 -46.25018310546875
v 47.13898086547851562 24.91315841674804688 -46.03749847412109375
v 46.14284896850585938 27.52396774291992184 -46.09159469604492188
v 44.97865295410156256 30.08224105834960938 -46.25018310546875
v 45.78998184204101568 27.31348419189453124 -46.03749847412109375
v 44.6603965759277344 29.8693885803222656 -46.09159469604492188
v 43.36568069458007816 32.36414718627929688 -46.25018310546875
v 44.31886672973632812 29.64096832275390624 -46.03749847412109375
v 43.058837890625 32.13515090942382812 -46.09159469604492188
v 41.63705825805664064 34.55974197387695312 -46.25018310546875
v 42.72955703735351568 31.8894023895263672 -46.03749847412109375
v 41.34244537353515624 34.31520843505859376 -46.09159469604492188
v 39.79738998413085936 36.66316986083984376 -46.25018310546875
v 41.02628707885742187 34.05279159545898438 -46.03749847412109375
v 39.51579666137695312 36.4037513732910156 -46.09159469604492188
v 37.85158920288085936 38.6688194274902344 -46.25018310546875
v 39.21360778808593752 36.12536239624023438 -46.03749847412109375
v 37.58376312255859376 38.39521026611328128 -46.09159469604492188
v 35.80484008789062496 40.57134246826171872 -46.25018310546875
v 37.29634857177734376 38.101593017578125 -46.03749847412109375
v 35.55149459838867184 40.284271240234375 -46.09159469604492188
v 33.6626014709472656 42.3656654357910156 -46.25018310546875
v 35.27962112426757812 39.9762077331542968 -46.03749847412109375
v 33.42441558837890624 42.06589889526367188 -46.09159469604492188
v 31.43058776855468752 44.04700469970703125 -46.25018310546875
v 33.1688079833984375 41.74420928955078128 -46.03749847412109375
v 31.20819473266601564 43.7353401184082032 -46.09159469604492188
v 29.11475181579589844 45.61087036132812496 -46.25018310546875
v 30.96953773498535152 43.4008827209472656 -46.03749847412109375
v 28.90874481201171872 45.28814315795898436 -46.09159469604492188
v 26.72126960754394528 47.0531005859375 -46.25018310546875
v 28.68767166137695312 44.94181060791015632 -46.03749847412109375
v 26.53219795227050784 46.72016525268554688 -46.09159469604492188
v 24.25652503967285156 48.36983871459960936 -46.25018310546875
v 26.32929992675781248 46.36288452148437504 -46.03749847412109375
v 24.08489227294921875 48.027587890625 -46.09159469604492188
v 21.72708892822265632 49.55758285522460936 -46.25018310546875
v 23.90070915222167968 47.66030883789062496 -46.03749847412109375
v 21.57335472106933592 49.20692825317382812 -46.09159469604492188
v 19.13970947265625 50.6131591796875 -46.25018310546875
v 21.40837669372558592 48.83063125610351568 -46.03749847412109375
v 19.00428199768066406 50.255035400390625 -46.09159469604492188
v 16.5012855529785156 51.5337562561035156 -46.25018310546875
v 18.85895156860351568 49.8707237243652344 -46.03749847412109375
v 16.3845272064208984 51.16911697387695312 -46.09159469604492188
v 13.8188533782958984 52.31691741943359376 -46.25018310546875
v 16.25922966003417968 50.77781295776367184 -46.03749847412109375
v 13.72107601165771488 51.94673538208007808 -46.09159469604492188
v 11.09956836700439454 52.96055221557617184 -46.25018310546875
v 13.6161470413208008 51.54948806762695312 -46.03749847412109375
v 11.02103137969970703 52.5858192443847656 -46.09159469604492188
v 8.35068225860595704 53.46294403076171872 -46.25018310546875
v 10.93675041198730464 52.18368148803710936 -46.03749847412109375
v 8.2915945053100586 53.08465576171875 -46.09159469604492188
v 5.57952451705932616 53.8227577209472656 -46.25018310546875
v 8.22818660736083984 52.67870330810546872 -46.03749847412109375
v 5.54004573822021488 53.44192504882812496 -46.09159469604492188
v 2.79348731040954592 54.039031982421875 -46.25018310546875
v 5.49767923355102536 53.03324127197265625 -46.03749847412109375
v 2.77372145652770992 53.65666580200195312 -46.09159469604492188
v 0 54.11118698120117188 -46.25018310546875
v 2.75251007080078128 53.246337890625 -46.03749847412109375
v 0 53.72830963134765632 -46.09159469604492188
v -2.79348731040954592 54.039031982421875 -46.25018310546875
v 0 53.31743621826171876 -46.03749847412109375
v -2.77372145652770992 53.65666580200195312 -46.09159469604492188
v -5.57952451705932616 53.8227577209472656 -46.25018310546875
v -2.75251007080078128 53.246337890625 -46.03749847412109375
v -5.54004573822021488 53.44192504882812496 -46.09159469604492188
v -8.35068225860595704 53.46294403076171872 -46.25018310546875
v -5.49767923355102536 53.03324127197265625 -46.03749847412109375
v -8.2915945053100586 53.08465576171875 -46.09159469604492188
v -11.09956836700439454 52.96055221557617184 -46.25018310546875
v -8.22818660736083984 52.67870330810546872 -46.03749847412109375
v -11.02103137969970703 52.5858192443847656 -46.09159469604492188
v -13.8188533782958984 52.31691741943359376 -46.25018310546875
v -10.93675041198730464 52.18368148803710936 -46.03749847412109375
v -13.72107601165771488 51.94673538208007808 -46.09159469604492188
v -16.5012855529785156 51.5337562561035156 -46.25018310546875
v -13.6161470413208008 51.54948806762695312 -46.03749847412109375
v -16.3845272064208984 51.16911697387695312 -46.09159469604492188
v -19.13970947265625 50.6131591796875 -46.25018310546875
v -16.25922966003417968 50.77781295776367184 -46.03749847412109375
v -19.00428199768066406 50.255035400390625 -46.09159469604492188
v -21.72708892822265632 49.55758285522460936 -46.25018310546875
v -18.85895156860351568 49.8707237243652344 -46.03749847412109375
v -21.57335472106933592 49.20692825317382812 -46.09159469604492188
v -24.25652503967285156 48.36983871459960936 -46.25018310546875
v -21.40837669372558592 48.83063125610351568 -46.03749847412109375
v -24.08489227294921875 48.027587890625 -46.09159469604492188
v -26.72126960754394528 47.0531005859375 -46.25018310546875
v -23.90070915222167968 47.66030883789062496 -46.03749847412109375
v -26.53219795227050784 46.72016525268554688 -46.09159469604492188
v -29.11475181579589844 45.61087036132812496 -46.25018310546875
v -26.32929992675781248 46.36288452148437504 -46.03749847412109375
v -28.90874481201171872 45.28814315795898436 -46.09159469604492188
v -31.43058776855468752 44.04700469970703125 -46.25018310546875
v -28.68767166137695312 44.94181060791015632 -46.03749847412109375
v -31.20819473266601564 43.7353401184082032 -46.09159469604492188
v -33.6626014709472656 42.3656654357910156 -46.25018310546875
v -30.96953773498535152 43.4008827209472656 -46.03749847412109375
v -33.42441558837890624 42.06589889526367188 -46.09159469604492188
v -35.80484008789062496 40.57134246826171872 -46.25018310546875
v -33.1688079833984375 41.74420928955078128 -46.03749847412109375
v -35.55149459838867184 40.284271240234375 -46.09159469604492188
v -37.85158920288085936 38.6688194274902344 -46.25018310546875
v -35.27962112426757812 39.9762077331542968 -46.03749847412109375
v -37.58376312255859376 38.39521026611328128 -46.09159469604492188
v -39.79738998413085936 36.66316986083984376 -46.25018310546875
v -37.29634857177734376 38.101593017578125 -46.03749847412109375
v -39.51579666137695312 36.4037513732910156 -46.09159469604492188
v -41.63705825805664064 34.55974197387695312 -46.25018310546875
v -39.21360778808593752 36.12536239624023438 -46.03749847412109375
v -41.34244537353515624 34.31520843505859376 -46.09159469604492188
v -43.36568069458007816 32.36414718627929688 -46.25018310546875
v -41.02628707885742187 34.05279159545898438 -46.03749847412109375
v -43.058837890625 32.13515090942382812 -46.09159469604492188
v -44.97865295410156256 30.08224105834960938 -46.25018310546875
v -42.72955703735351568 31.8894023895263672 -46.03749847412109375
v -44.6603965759277344 29.8693885803222656 -46.09159469604492188
v -46.47166824340820312 27.72010803222656248 -46.25018310546875
v -44.31886672973632812 29.64096832275390624 -46.03749847412109375
v -46.14284896850585938 27.52396774291992184 -46.09159469604492188
v -47.84075164794921872 25.28404617309570312 -46.25018310546875
v -45.78998184204101568 27.31348419189453124 -46.03749847412109375
v -47.50224304199218752 25.10514450073242188 -46.09159469604492188
v -49.082244873046875 22.78055381774902336 -46.25018310546875
v -47.13898086547851562 24.91315841674804688 -46.03749847412109375
v -48.73495483398437504 22.61936569213867184 -46.09159469604492188
v -50.192840576171875 20.21630859375 -46.25018310546875
v -48.36226272583007816 22.44639015197753904 -46.03749847412109375
v -49.83769226074218752 20.07326507568359375 -46.09159469604492188
v -51.16957855224609376 17.5981483459472656 -46.25018310546875
v -49.45656967163085936 19.91975784301757808 -46.03749847412109375
v -50.80751800537109376 17.4736289978027344 -46.09159469604492188
v -52.00984954833984375 14.9330549240112304 -46.25018310546875
v -50.41897583007812496 17.34000396728515624 -46.03749847412109375
v -51.6418418884277344 14.82739353179931648 -46.09159469604492188
v -52.71141433715820312 12.22813701629638672 -46.25018310546875
v -51.24692153930664064 14.71400451660156248 -46.03749847412109375
v -52.33844375610351564 12.14161396026611328 -46.09159469604492188
v -53.27240371704101564 9.49060726165771488 -46.25018310546875
v -51.93819808959960944 12.04876422882080078 -46.03749847412109375
v -52.89546203613281248 9.42345428466796872 -46.09159469604492188
v -53.69131851196289064 6.72776651382446288 -46.25018310546875
v -52.49095535278320312 9.35139083862304688 -46.03749847412109375
v -53.31141281127929688 6.68016290664672848 -46.09159469604492188
v -53.9670448303222656 3.94698357582092288 -46.25018310546875
v -52.90372848510742192 6.62907743453979496 -46.03749847412109375
v -53.58518981933593752 3.9190559387207032 -46.09159469604492188
v -54.09884262084960938 1.15567445755004882 -46.25018310546875
v -53.17540740966796876 3.88908576965332032 -46.03749847412109375
v -53.71605682373046872 1.14749729633331298 -46.09159469604492188
v -54.08636474609375 -1.63871669769287112 -46.25018310546875
v -53.30527496337890624 1.13872206211090088 -46.03749847412109375
v -53.70366668701171872 -1.6271216869354248 -46.09159469604492188
v -53.92964553833007808 -4.42873764038085936 -46.25018310546875
v -53.29298019409179688 -1.61467862129211424 -46.03749847412109375
v -53.54805755615234376 -4.39740133285522464 -46.09159469604492188
v -53.62910079956054688 -7.20694732666015624 -46.25018310546875
v -53.13855743408203124 -4.36377286911010744 -46.03749847412109375
v -53.24963760375976564 -7.15595340728759766 -46.09159469604492188
v -53.18552780151367188 -9.9659366607666016 -46.25018310546875
v -52.84242248535156256 -7.10122966766357422 -46.03749847412109375
v -52.8092041015625 -9.89542102813720704 -46.09159469604492188
v -52.60011672973632816 -12.69834804534912112 -46.25018310546875
v -52.40535736083984376 -9.81974792480468752 -46.03749847412109375
v -52.227935791015625 -12.60849857330322264 -46.09159469604492188
v -51.87442779541015632 -15.39689445495605472 -46.25018310546875
v -51.82853317260742192 -12.51207733154296872 -46.03749847412109375
v -51.50737762451171872 -15.28795051574707032 -46.09159469604492188
v -51.0103912353515625 -18.05437850952148438 -46.25018310546875
v -51.11348724365234376 -15.17103862762451172 -46.03749847412109375
v -50.64945602416992184 -17.9266300201416016 -46.09159469604492188
v -50.01031494140625 -20.66371154785156248 -46.25018310546875
v -50.26212692260742188 -17.7895393371582032 -46.03749847412109375
v -49.65645599365234376 -20.51750183105468752 -46.09159469604492188
v -48.87686538696289056 -23.21793746948242188 -46.25018310546875
v -49.27671813964843752 -20.3605976104736328 -46.03749847412109375
v -48.53102493286132816 -23.05365371704101562 -46.09159469604492188
v -47.61306381225585936 -25.71024322509765624 -46.25018310546875
v -48.1598968505859375 -22.87735748291015632 -46.03749847412109375
v -47.27616882324218752 -25.5283260345458984 -46.09159469604492188
v -46.22228240966796876 -28.13398170471191406 -46.25018310546875
v -46.91463470458984368 -25.33310317993164064 -46.03749847412109375
v -45.89522933959960944 -27.93491363525390624 -46.09159469604492188
v -44.70823287963867184 -30.48268890380859376 -46.25018310546875
v -45.5442543029785156 -27.72128868103027344 -46.03749847412109375
v -44.39189147949218752 -30.26700210571289064 -46.09159469604492188
v -43.07494735717773438 -32.75010299682617184 -46.25018310546875
v -44.0524139404296875 -30.03554344177246094 -46.03749847412109375
v -42.77016448974609376 -32.51837158203125 -46.09159469604492188
v -41.32678985595703124 -34.9301719665527344 -46.25018310546875
v -42.44308853149414064 -32.26969528198242188 -46.03749847412109375
v -41.03437042236328125 -34.68301773071289064 -46.09159469604492188
v -39.46841049194335936 -37.01708984375 -46.25018310546875
v -40.72056961059570312 -34.4177894592285156 -46.03749847412109375
v -39.18914413452148436 -36.75516891479492192 -46.09159469604492188
v -37.50477600097656248 -39.00528335571289062 -46.25018310546875
v -38.88945388793945312 -36.47409057617187504 -46.03749847412109375
v -37.23940277099609376 -38.72929382324218752 -46.09159469604492188
v -35.44112014770507816 -40.88945388793945312 -46.25018310546875
v -36.95462417602539056 -38.43312072753906248 -46.03749847412109375
v -35.19034957885742188 -40.60013198852539064 -46.09159469604492188
v -33.28294372558593752 -42.66457748413085936 -46.25018310546875
v -34.92123794555664064 -40.28964996337890624 -46.03749847412109375
v -33.04744338989257812 -42.36269378662109376 -46.09159469604492188
v -31.03600692749023437 -44.32591629028320312 -46.25018310546875
v -32.79472351074218752 -42.03873443603515625 -46.03749847412109375
v -30.81640625 -44.01227951049804687 -46.09159469604492188
v -28.706298828125 -45.86904144287109376 -46.25018310546875
v -30.5807437896728516 -43.67570495605468752 -46.03749847412109375
v -28.50318145751953128 -45.54448318481445312 -46.09159469604492188
v -26.30003356933593752 -47.28983688354492188 -46.25018310546875
v -28.28520965576171876 -45.19619369506835936 -46.03749847412109375
v -26.11394119262695312 -46.95522689819335936 -46.09159469604492188
v 25.39999961853027344 -46.87844848632812496 -46.03749847412109375
v 25.2709941864013672 -47.10300827026367188 -46.04337310791015625
v 25.04255294799804687 -47.50404357910156248 -46.0844573974609375
v 24.79331779479980464 -47.94683456420898432 -46.18138885498046876
v 24.6782207489013672 -48.1532745361328125 -46.24876022338867188
v 24.58072280883789064 -48.32916641235351564 -46.31975173950195312
v -24.58072280883789064 -48.32916641235351564 -46.31975173950195312
v -24.6782207489013672 -48.1532745361328125 -46.24876022338867188
v -24.79331779479980464 -47.94683456420898432 -46.18138885498046876
v -25.04255294799804687 -47.50404357910156248 -46.0844573974609375
v -25.2709941864013672 -47.10300827026367188 -46.04337310791015625
v -25.39999961853027344 -46.87844848632812496 -46.03749847412109375
v -25.91424179077148432 -46.59614944458007816 -46.03749847412109375
v 23.08729934692382812 -51.0935211181640625 -47.55475997924804688
v 23.70166778564453128 -50.75410461425781248 -47.93174362182617184
v 23.83401107788085936 -48.8349723815917968 -46.31647872924804688
v 23.09686470031738282 -49.8234825134277344 -46.4247474670410156
v 22.6005840301513672 -50.98385620117187504 -46.5517616271972656
v 22.61855888366699216 -51.52458572387695312 -47.07598114013671875
v 22.31876373291015624 -52.24586868286132812 -46.68982696533203128
v 22.37498283386230472 -51.900390625 -46.65203857421875
v 22.22500038146972656 -53.53953552246093752 -46.83147811889648432
v -24.17015647888183594 -48.42168045043945312 -46.21148681640625
v -24.60799217224121096 -47.87649154663085936 -46.11005401611328124
v -24.8940544128417968 -47.51729202270507816 -46.06646728515625
v -25.21802520751953124 -47.1085968017578125 -46.04043197631835937
v -24.40998840332031248 -47.61204528808593752 -46.03749847412109375
v -23.44251632690429688 -48.37477493286132816 -46.03749847412109375
v -21.89693069458007808 -50.74318695068359376 -46.03749847412109375
v -22.51695632934570312 -49.46615219116210936 -46.03749847412109375
v -21.5468807220458984 -52.12714385986328124 -46.03749847412109375
v -21.43124961853027344 -53.53927993774414064 -46.03749847412109375
v -22.22500038146972656 -76.19999694824218752 -46.83124923706054688
v -21.43124961853027344 -76.19999694824218752 -46.03749847412109375
v 25.21802139282226564 -47.10859298706054688 -46.04043197631835937
v 24.8940486907958984 -47.51729583740234376 -46.06646347045898438
v 24.1702117919921875 -48.42161178588867184 -46.21147155761718752
v 24.60799026489257816 -47.87648773193359376 -46.11005401611328124
v 24.40998649597167968 -47.61204528808593752 -46.03749847412109375
v 23.44251441955566408 -48.37477493286132816 -46.03749847412109375
v 21.43124961853027344 -53.53927993774414064 -46.03749847412109375
v 21.90073013305664064 -50.73275375366210944 -46.03749847412109375
v 21.54845428466796872 -52.11843490600585938 -46.03749847412109375
v 22.52108192443847656 -49.45920562744140624 -46.03749847412109375
v 21.43124961853027344 -76.19999694824218752 -46.03749847412109375
v -22.22500038146972656 -78.0489349365234375 -46.5878334045410156
v -21.43124961853027344 -77.8434982299804688 -45.82112884521484368
v -22.22500038146972656 -79.77187347412109376 -45.87416839599609376
v -21.43124961853027344 -79.375 -45.18675994873046876
v -21.43124961853027344 -78.16225433349609376 -45.72670745849609376
v -22.22500038146972656 -81.25139617919921876 -44.7388954162597656
v -21.43124961853027344 -80.69012451171875 -44.1776275634765625
v -21.43124961853027344 -79.93243408203124992 -44.82475662231445312
v -22.22500038146972656 -82.38666534423828128 -43.25937652587890624
v -21.43124961853027344 -81.33725738525390624 -43.41993713378906248
v -21.43124961853027344 -81.69926452636718752 -42.86249923706054688
v -22.22500038146972656 -83.10033416748046876 -41.53643798828125
v -21.43124961853027344 -82.23921203613281248 -41.64975738525390624
v -21.43124961853027344 -82.33362579345703124 -41.33100128173828124
v -22.22500038146972656 -83.34375 -39.6875
v -21.43124961853027344 -82.55000305175781248 -39.6875
v -22.22500038146972656 -83.34375 -16.127288818359375
v -22.22500038146972656 -88.77300262451171872 -16.127288818359375
v 22.22500038146972656 -76.19999694824218752 -46.83124923706054688
v 21.43124961853027344 -82.55000305175781248 -39.6875
v 21.43124961853027344 -82.33362579345703124 -41.33100128173828124
v 21.43124961853027344 -82.23921203613281248 -41.64975738525390624
v 21.43124961853027344 -81.69926452636718752 -42.86249923706054688
v 21.43124961853027344 -81.33725738525390624 -43.41993713378906248
v 21.43124961853027344 -80.69012451171875 -44.1776275634765625
v 21.43124961853027344 -79.93243408203124992 -44.82475662231445312
v 21.43124961853027344 -78.16225433349609376 -45.72670745849609376
v 21.43124961853027344 -79.375 -45.18675994873046876
v 21.43124961853027344 -77.8434982299804688 -45.82112884521484368
v -21.43124961853027344 -82.55000305175781248 -16.127288818359375
v -22.5493144989013672 -88.77300262451171872 -14.72935676574707024
v -22.93898963928222656 -88.77300262451171872 -14.12128543853759766
v -22.93898963928222656 -83.34375 -14.12128543853759766
v -22.30714035034179688 -88.77300262451171872 -15.40975952148437504
v -22.5493144989013672 -83.34375 -14.72935676574707024
v -22.30714035034179688 -83.34375 -15.40975952148437504
v -22.32373619079589844 -82.55000305175781248 -13.61978530883789064
v -21.83664321899414064 -82.55000305175781248 -14.37987327575683592
v -21.53392601013183592 -82.55000305175781248 -15.230377197265625
v -22.93898963928222656 -88.77300262451171872 -8.10327529907226562
v -22.93898963928222656 -83.34375 -8.10327529907226562
v -23.6146278381347656 -83.34375 -9.21244812011718752
v -23.6146278381347656 -88.77300262451171872 -9.21244812011718752
v -23.96549415588378912 -83.34375 -10.46290588378906248
v -23.96549415588378912 -88.77300262451171872 -10.46290588378906248
v -23.96549415588378912 -83.34375 -11.76165580749511712
v -23.96549415588378912 -88.77300262451171872 -11.76165580749511712
v -23.6146278381347656 -83.34375 -13.01211357116699218
v -23.6146278381347656 -88.77300262451171872 -13.01211357116699218
v -22.32373619079589844 -82.55000305175781248 -8.60477638244628904
v -22.88676834106445312 -82.55000305175781248 -9.52908611297607424
v -23.17915725708007812 -82.55000305175781248 -10.57113456726074216
v -23.17915725708007812 -82.55000305175781248 -11.65342617034912112
v -22.88676834106445312 -82.55000305175781248 -12.69547462463378904
v -22.30714225769042968 -88.77300262451171872 -6.81480169296264656
v -22.22500038146972656 -88.77300262451171872 -6.09727191925048828
v -22.22500038146972656 -83.34375 -6.09727191925048828
v -22.5493144989013672 -88.77300262451171872 -7.4952044486999512
v -22.30714225769042968 -83.34375 -6.81480169296264656
v -22.5493144989013672 -83.34375 -7.4952044486999512
v -21.43124961853027344 -82.55000305175781248 -6.09727144241333008
v -21.53392601013183592 -82.55000305175781248 -6.99418401718139648
v -21.83664321899414064 -82.55000305175781248 -7.8446879386901856
v -22.22500038146972656 -83.34375 -1.8306148774627218E-07
v -22.22500038146972656 -88.77300262451171872 -1.830615019571269E-07
v -21.43124961853027344 -82.55000305175781248 -1.7652710937454685E-07
v -6.72477054595947264 -88.77300262451171872 21.18320274353027344
v -6.72477054595947264 -83.34375 21.18320274353027344
v -9.97255802154541008 -83.34375 19.86199188232421872
v -9.97255802154541008 -88.77300262451171872 19.86199188232421872
v -12.97214221954345696 -83.34375 18.04644393920898438
v -12.97214221954345696 -88.77300262451171872 18.04644393920898438
v -15.648869514465332 -83.34375 15.78174686431884768
v -15.648869514465332 -88.77300262451171872 15.78174686431884768
v -17.93611717224121088 -83.34375 13.12426376342773438
v -17.93611717224121088 -88.77300262451171872 13.12426376342773438
v -19.77696228027343744 -83.34375 10.14013671875
v -19.77696228027343744 -88.77300262451171872 10.14013671875
v -21.12558746337890624 -83.34375 6.90363693237304688
v -21.12558746337890624 -88.77300262451171872 6.90363693237304688
v -21.94842529296875008 -83.34375 3.49531507492065432
v -21.94842529296875008 -88.77300262451171872 3.49531507492065432
v -6.48460006713867184 -82.55000305175781248 20.42666053771972656
v -9.6163949966430664 -82.55000305175781248 19.15263557434082032
v -12.5088520050048828 -82.55000305175781248 17.40192794799804688
v -15.0899810791015625 -82.55000305175781248 15.21811294555664064
v -17.29554176330566408 -82.55000305175781248 12.65554046630859376
v -19.07064247131347656 -82.55000305175781248 9.77798938751220704
v -20.37110137939453128 -82.55000305175781248 6.6570782661437988
v -21.16455459594726562 -82.55000305175781248 3.3704824447631836
v -4.90732669830322272 -88.77300262451171872 22.67228507995605472
v -4.61127138137817384 -88.77300262451171872 23.41562461853027344
v -4.61127138137817384 -83.34375 23.41562461853027344
v -5.37981653213500976 -88.77300262451171872 22.02656173706054687
v -4.90732669830322272 -83.34375 22.67228507995605472
v -5.99873304367065424 -88.77300262451171872 21.5194664001464844
v -5.37981653213500976 -83.34375 22.02656173706054687
v -5.99873304367065424 -83.34375 21.5194664001464844
v -3.84272623062133792 -82.55000305175781248 23.21718788146972656
v -4.21279573440551756 -82.55000305175781248 22.28801155090332032
v -4.80340766906738288 -82.55000305175781248 21.48085975646972656
v -5.5770535469055176 -82.55000305175781248 20.84699058532714848
v 4.61127042770385744 -88.77300262451171872 23.41562461853027344
v 4.61127042770385744 -83.34375 23.41562461853027344
v 4.07107353210449219 -83.34375 24.69638824462890624
v 4.07107353210449219 -88.77300262451171872 24.69638824462890624
v 3.18407297134399416 -83.34375 25.76662063598632816
v 3.18407297134399416 -88.77300262451171872 25.76662063598632816
v 2.02582979202270508 -83.34375 26.5351524353027344
v 2.02582979202270508 -88.77300262451171872 26.5351524353027344
v 0.69501167535781864 -83.34375 26.936513900756836
v 0.69501167535781864 -88.77300262451171872 26.936513900756836
v -0.69501274824142456 -83.34375 26.936513900756836
v -0.69501274824142456 -88.77300262451171872 26.936513900756836
v -2.02583098411560058 -83.34375 26.5351524353027344
v -2.02583098411560058 -88.77300262451171872 26.5351524353027344
v -3.18407416343688964 -83.34375 25.76662063598632816
v -3.18407416343688964 -88.77300262451171872 25.76662063598632816
v -4.07107448577880859 -83.34375 24.69638824462890624
v -4.07107448577880859 -88.77300262451171872 24.69638824462890624
v 3.84272527694702144 -82.55000305175781248 23.21718788146972656
v 3.39256119728088376 -82.55000305175781248 24.28449058532714844
v 2.65339422225952152 -82.55000305175781248 25.17635154724121094
v 1.68819153308868408 -82.55000305175781248 25.81679344177246096
v 0.57917630672454832 -82.55000305175781248 26.15126228332519532
v -0.57917737960815432 -82.55000305175781248 26.15126228332519532
v -1.68819248676300048 -82.55000305175781248 25.81679344177246096
v -2.65339517593383792 -82.55000305175781248 25.17635154724121094
v -3.39256238937377928 -82.55000305175781248 24.28449058532714844
v 5.99873208999633792 -88.77300262451171872 21.5194664001464844
v 6.72476959228515632 -88.77300262451171872 21.18320274353027344
v 6.72476959228515632 -83.34375 21.18320274353027344
v 5.37981557846069336 -88.77300262451171872 22.02656173706054687
v 5.99873208999633792 -83.34375 21.5194664001464844
v 4.90732574462890624 -88.77300262451171872 22.67228507995605472
v 5.37981557846069336 -83.34375 22.02656173706054687
v 4.90732574462890624 -83.34375 22.67228507995605472
v 6.48459911346435544 -82.55000305175781248 20.42666053771972656
v 5.5770525932312012 -82.55000305175781248 20.84699058532714848
v 4.8034067153930664 -82.55000305175781248 21.48085975646972656
v 4.21279478073120116 -82.55000305175781248 22.28801155090332032
v 22.22500038146972656 -88.77300262451171872 1.8306130300516088E-07
v 22.22500038146972656 -83.34375 1.8306130300516088E-07
v 21.94842529296875008 -83.34375 3.49531531333923336
v 21.94842529296875008 -88.77300262451171872 3.49531531333923336
v 21.12558555603027344 -83.34375 6.90363740921020512
v 21.12558555603027344 -88.77300262451171872 6.90363740921020512
v 19.77696228027343744 -83.34375 10.1401376724243164
v 19.77696228027343744 -88.77300262451171872 10.1401376724243164
v 17.93611717224121088 -83.34375 13.12426376342773438
v 17.93611717224121088 -88.77300262451171872 13.12426376342773438
v 15.6488685607910156 -83.34375 15.78174686431884768
v 15.6488685607910156 -88.77300262451171872 15.78174686431884768
v 12.97214126586914064 -83.34375 18.04644393920898438
v 12.97214126586914064 -88.77300262451171872 18.04644393920898438
v 9.97255706787109376 -83.34375 19.86199188232421872
v 9.97255706787109376 -88.77300262451171872 19.86199188232421872
v 21.43124961853027344 -82.55000305175781248 1.721607816307369E-07
v 21.16455268859863282 -82.55000305175781248 3.37048268318176272
v 20.37110137939453128 -82.55000305175781248 6.65707874298095704
v 19.07064247131347656 -82.55000305175781248 9.77798938751220704
v 17.29554176330566408 -82.55000305175781248 12.65554046630859376
v 15.08998012542724609 -82.55000305175781248 15.21811294555664064
v 12.5088510513305664 -82.55000305175781248 17.40192794799804688
v 9.61639404296875 -82.55000305175781248 19.15263557434082032
v 22.22500038146972656 -88.77300262451171872 -6.09756231307983398
v 22.22500038146972656 -83.34375 -6.09756231307983398
v 21.43124961853027344 -82.55000305175781248 -6.09756231307983398
v 22.54930305480957032 -88.77300262451171872 -7.49547290802001952
v 22.93896484375 -88.77300262451171872 -8.10353755950927734
v 22.93896484375 -83.34375 -8.10353755950927734
v 22.30713844299316408 -88.77300262451171872 -6.81508016586303712
v 22.54930305480957032 -83.34375 -7.49547290802001952
v 22.30713844299316408 -83.34375 -6.81508016586303712
v 22.32370758056640624 -82.55000305175781248 -8.60503101348876952
v 21.83662986755371088 -82.55000305175781248 -7.84495067596435552
v 21.53392219543457032 -82.55000305175781248 -6.99445962905883792
v 22.93896484375 -88.77300262451171872 -14.12146186828613282
v 22.93896484375 -83.34375 -14.12146186828613282
v 23.61458206176757816 -83.34375 -13.01230239868164062
v 23.61458206176757816 -88.77300262451171872 -13.01230239868164062
v 23.96543693542480464 -83.34375 -11.76186370849609376
v 23.96543693542480464 -88.77300262451171872 -11.76186370849609376
v 23.96543693542480464 -83.34375 -10.4631357192993164
v 23.96543693542480464 -88.77300262451171872 -10.4631357192993164
v 23.61458206176757816 -83.34375 -9.21269702911376952
v 23.61458206176757816 -88.77300262451171872 -9.21269702911376952
v 22.22500038146972656 -79.77187347412109376 -45.87416839599609376
v 22.22500038146972656 -82.38666534423828128 -43.25937271118164064
v 22.22500038146972656 -83.10033416748046876 -41.53643798828125
v 22.22500038146972656 -81.25139617919921876 -44.7388954162597656
v 22.22500038146972656 -78.0489349365234375 -46.5878334045410156
v 22.22500038146972656 -88.77300262451171872 -16.12743759155273438
v 22.22500038146972656 -83.34375 -39.6875
v 22.22500038146972656 -83.34375 -16.12743759155273438
v 22.30713844299316408 -88.77300262451171872 -15.40991878509521488
v 22.54930305480957032 -88.77300262451171872 -14.72952651977539056
v 22.30713844299316408 -83.34375 -15.40991878509521488
v 22.54930305480957032 -83.34375 -14.72952651977539056
v 22.32370758056640624 -82.55000305175781248 -13.61996841430664064
v 22.8867206573486328 -82.55000305175781248 -12.69566822052001952
v 23.17910003662109376 -82.55000305175781248 -11.65363597869873048
v 23.17910003662109376 -82.55000305175781248 -10.57136344909667968
v 22.8867206573486328 -82.55000305175781248 -9.52933120727539064
v 21.43124961853027344 -82.55000305175781248 -16.12743759155273438
v 21.53392219543457032 -82.55000305175781248 -15.23053932189941408
v 21.83662986755371088 -82.55000305175781248 -14.38004875183105472
v -4.11694049835205078 -88.77300262451171872 -16.97025871276855472
v -18.14789772033691406 -88.77300262451171872 -12.62571620941162112
v -0.8308995366096496 -88.77300262451171872 -17.44272041320800784
v 2.48517251014709472 -88.77300262451171872 -17.2847576141357422
v 17.4682636260986328 -88.77300262451171872 -10.5344181060791016
v 11.43550491333007816 -88.77300262451171872 -13.19727706909179688
v 8.73124980926513664 -88.77300262451171872 -15.12296867370605468
v -10.12924385070800782 -88.77300262451171872 14.22453212738037108
v -1.51343667507171632 -88.77300262451171872 21.12542343139648438
v -12.63820552825927736 -88.77300262451171872 12.05050468444824219
v -14.69039058685302736 -88.77300262451171872 9.44093990325927736
v -16.21162605285644532 -88.77300262451171872 6.49015569686889648
v 5.7114238739013672 -88.77300262451171872 -16.5020771026611328
v 15.52128887176513672 -88.77300262451171872 -8.00178050994873046
v 13.7264518737792968 -88.77300262451171872 -10.79460144042968752
v -19.24747276306152344 -88.77300262451171872 -9.24157047271728516
v -18.66939163208007816 -88.77300262451171872 -9.3331298828125
v -17.14693069458007812 -88.77300262451171872 -3.30479979515075684
v 17.73397827148437504 -88.77300262451171872 -10.0129241943359375
v -17.46249961853027344 -88.77300262451171872 0
v -17.14693069458007812 -88.77300262451171872 3.30479979515075684
v -19.8255538940429688 -88.77300262451171872 -9.3331298828125
v -20.3470478057861328 -88.77300262451171872 -9.59884452819824216
v -18.66939163208007816 -88.77300262451171872 -12.89143180847167968
v -7.25418519973754884 -88.77300262451171872 -15.88444900512695312
v -21.02662277221679687 -88.77300262451171872 -10.53419971466064456
v -20.76090812683105472 -88.77300262451171872 -10.01270484924316406
v -21.02662277221679687 -88.77300262451171872 -11.69036197662353512
v -20.3470478057861328 -88.77300262451171872 -12.62571620941162112
v -20.76090812683105472 -88.77300262451171872 -12.2118558883666992
v -19.8255538940429688 -88.77300262451171872 -12.89143180847167968
v 17.3767051696777344 -88.77300262451171872 -11.11250019073486328
v -17.46832275390625 -88.77300262451171872 -11.69036197662353512
v -17.73403739929199216 -88.77300262451171872 -12.2118558883666992
v -14.69039058685302736 -88.77300262451171872 -9.44093990325927736
v -17.46832275390625 -88.77300262451171872 -10.53419971466064456
v -17.37676239013671872 -88.77300262451171872 -11.11228084564208984
v -16.21162605285644532 -88.77300262451171872 -6.49015569686889648
v -18.14789772033691406 -88.77300262451171872 -9.59884452819824216
v -17.73403739929199216 -88.77300262451171872 -10.01270484924316406
v -1.09957623481750488 -88.77300262451171872 20.71156311035156248
v -21.11818313598632812 -88.77300262451171872 -11.11228084564208984
v 18.66933250427246096 -88.77300262451171872 -9.33334922790527344
v 17.3834285736083984 -88.77300262451171872 -1.65991616249084472
v 16.75514602661132816 -88.77300262451171872 -4.91975498199462896
v 17.73397827148437504 -88.77300262451171872 -12.21207523345947264
v 17.4682636260986328 -88.77300262451171872 -11.69058132171630856
v -0.57808166742324832 -88.77300262451171872 24.004150390625
v -1.779151439666748 -88.77300262451171872 21.64691925048828128
v -10.12924385070800782 -88.77300262451171872 -14.22453212738037108
v -12.63820552825927736 -88.77300262451171872 -12.05050468444824219
v -19.24747276306152344 -88.77300262451171872 -12.98299026489257808
v 17.3834285736083984 -88.77300262451171872 1.65991616249084472
v 18.14783859252929688 -88.77300262451171872 -9.5990638732910156
v 16.75514602661132816 -88.77300262451171872 4.91975498199462896
v 1.51343572139739992 -88.77300262451171872 21.12542343139648438
v 8.73124980926513664 -88.77300262451171872 15.12296867370605468
v 11.43550491333007816 -88.77300262451171872 13.19727706909179688
v -4.882747930423648E-07 -88.77300262451171872 24.09571075439453124
v 0.57808071374893192 -88.77300262451171872 24.004150390625
v -1.87071049213409424 -88.77300262451171872 22.22500038146972656
v -1.779151439666748 -88.77300262451171872 22.80308151245117184
v 18.66933250427246096 -88.77300262451171872 -12.89165019989013664
v -4.11694049835205078 -88.77300262451171872 16.97025871276855472
v -0.8308995366096496 -88.77300262451171872 17.44272041320800784
v -0.57808166742324832 -88.77300262451171872 20.44584846496582032
v 15.52128887176513672 -88.77300262451171872 8.00178050994873046
v 1.09957528114318848 -88.77300262451171872 20.71156311035156248
v 1.87070953845977776 -88.77300262451171872 22.22500038146972656
v 1.51343572139739992 -88.77300262451171872 23.32457542419433592
v 1.77915048599243168 -88.77300262451171872 22.80308151245117184
v 1.09957528114318848 -88.77300262451171872 23.73843574523925776
v -1.51343667507171632 -88.77300262451171872 23.32457542419433592
v 18.14783859252929688 -88.77300262451171872 -12.62593555450439456
v -7.25418519973754884 -88.77300262451171872 15.88444900512695312
v 2.48517251014709472 -88.77300262451171872 17.2847576141357422
v 0.57808071374893192 -88.77300262451171872 20.44584846496582032
v -4.882747930423648E-07 -88.77300262451171872 20.35429000854492188
v 13.7264518737792968 -88.77300262451171872 10.79460144042968752
v 1.77915048599243168 -88.77300262451171872 21.64691925048828128
v 21.0265655517578125 -88.77300262451171872 -10.5344181060791016
v 20.34699058532714844 -88.77300262451171872 -9.5990638732910156
v 20.76085090637207024 -88.77300262451171872 -10.0129241943359375
v 19.82549476623535152 -88.77300262451171872 -9.33334922790527344
v -1.09957623481750488 -88.77300262451171872 23.73843574523925776
v 21.11812400817871094 -88.77300262451171872 -11.11250019073486328
v 19.24741363525390624 -88.77300262451171872 -9.2417898178100586
v 5.7114238739013672 -88.77300262451171872 16.5020771026611328
v 19.82549476623535152 -88.77300262451171872 -12.89165019989013664
v 20.34699058532714844 -88.77300262451171872 -12.62593555450439456
v 21.0265655517578125 -88.77300262451171872 -11.69058132171630856
v 20.76085090637207024 -88.77300262451171872 -12.21207523345947264
v 19.24741363525390624 -88.77300262451171872 -12.98320960998535152
v -17.14693069458007812 -84.1374969482421875 -3.30479979515075684
v -17.46249961853027344 -84.1374969482421875 0
v -16.21162605285644532 -84.1374969482421875 -6.49015569686889648
v -14.69039058685302736 -84.1374969482421875 -9.44093990325927736
v -12.63820552825927736 -84.1374969482421875 -12.05050468444824219
v -10.12924385070800782 -84.1374969482421875 -14.22453212738037108
v -7.25418519973754884 -84.1374969482421875 -15.88444900512695312
v -4.11694049835205078 -84.1374969482421875 -16.97025871276855472
v -0.8308995366096496 -84.1374969482421875 -17.44272041320800784
v 2.48517251014709472 -84.1374969482421875 -17.2847576141357422
v 5.7114238739013672 -84.1374969482421875 -16.5020771026611328
v 8.73124980926513664 -84.1374969482421875 -15.12296867370605468
v 11.43550491333007816 -84.1374969482421875 -13.19727706909179688
v 13.7264518737792968 -84.1374969482421875 -10.79460144042968752
v 15.52128887176513672 -84.1374969482421875 -8.00178050994873046
v 16.75514602661132816 -84.1374969482421875 -4.91975498199462896
v 17.3834285736083984 -84.1374969482421875 -1.65991616249084472
v 17.3834285736083984 -84.1374969482421875 1.65991616249084472
v 16.75514602661132816 -84.1374969482421875 4.91975498199462896
v 15.52128887176513672 -84.1374969482421875 8.00178050994873046
v 13.7264518737792968 -84.1374969482421875 10.79460144042968752
v 11.43550491333007816 -84.1374969482421875 13.19727706909179688
v 8.73124980926513664 -84.1374969482421875 15.12296867370605468
v 5.7114238739013672 -84.1374969482421875 16.5020771026611328
v 2.48517251014709472 -84.1374969482421875 17.2847576141357422
v -0.8308995366096496 -84.1374969482421875 17.44272041320800784
v -4.11694049835205078 -84.1374969482421875 16.97025871276855472
v -7.25418519973754884 -84.1374969482421875 15.88444900512695312
v -10.12924385070800782 -84.1374969482421875 14.22453212738037108
v -12.63820552825927736 -84.1374969482421875 12.05050468444824219
v -14.69039058685302736 -84.1374969482421875 9.44093990325927736
v -16.21162605285644532 -84.1374969482421875 6.49015569686889648
v -17.14693069458007812 -84.1374969482421875 3.30479979515075684
v 18.77647209167480464 -88.42629241943359376 -9.6630897521972656
v 18.35162925720214844 -88.42629241943359376 -9.87955760955810544
v 18.01447296142578125 -88.42629241943359376 -10.21671485900878908
v 17.79800415039062496 -88.42629241943359376 -10.64155769348144528
v 17.72341346740722656 -88.42629241943359376 -11.11250019073486328
v 17.79800415039062496 -88.42629241943359376 -11.58344173431396488
v 18.01447296142578125 -88.42629241943359376 -12.00828456878662109
v 18.35162925720214844 -88.42629241943359376 -12.34544181823730468
v 18.77647209167480464 -88.42629241943359376 -12.56190967559814456
v 19.24741363525390624 -88.42629241943359376 -12.63649940490722656
v 19.71835708618164064 -88.42629241943359376 -12.56190967559814456
v 20.14319992065429688 -88.42629241943359376 -12.34544181823730468
v 20.48035621643066408 -88.42629241943359376 -12.00828456878662109
v 20.69682502746582032 -88.42629241943359376 -11.58344173431396488
v 20.77141380310058592 -88.42629241943359376 -11.11250019073486328
v 20.69682502746582032 -88.42629241943359376 -10.64155769348144528
v 20.48035621643066408 -88.42629241943359376 -10.21671485900878908
v 20.14319992065429688 -88.42629241943359376 -9.87955760955810544
v 19.71835708618164064 -88.42629241943359376 -9.6630897521972656
v 19.24741363525390624 -88.42629241943359376 -9.5885000228881836
v 17.79800415039062496 -82.89671325683593744 -11.58344173431396488
v 17.72341346740722656 -82.89671325683593744 -11.11250019073486328
v 18.01447296142578125 -82.89671325683593744 -12.00828456878662109
v 18.35162925720214844 -82.89671325683593744 -12.34544181823730468
v 18.77647209167480464 -82.89671325683593744 -12.56190967559814456
v 19.24741363525390624 -82.89671325683593744 -12.63649940490722656
v 19.71835708618164064 -82.89671325683593744 -12.56190967559814456
v 20.14319992065429688 -82.89671325683593744 -12.34544181823730468
v 20.48035621643066408 -82.89671325683593744 -12.00828456878662109
v 20.69682502746582032 -82.89671325683593744 -11.58344173431396488
v 20.77141380310058592 -82.89671325683593744 -11.11250019073486328
v 20.69682502746582032 -82.89671325683593744 -10.64155769348144528
v 20.48035621643066408 -82.89671325683593744 -10.21671485900878908
v 20.14319992065429688 -82.89671325683593744 -9.87955760955810544
v 19.71835708618164064 -82.89671325683593744 -9.6630897521972656
v 19.24741363525390624 -82.89671325683593744 -9.5885000228881836
v 18.77647209167480464 -82.89671325683593744 -9.6630897521972656
v 18.35162925720214844 -82.89671325683593744 -9.87955760955810544
v 18.01447296142578125 -82.89671325683593744 -10.21671485900878908
v 17.79800415039062496 -82.89671325683593744 -10.64155769348144528
v 19.24741363525390624 -82.55000305175781248 -12.98320960998535152
v 18.66933250427246096 -82.55000305175781248 -12.89165019989013664
v 18.14783859252929688 -82.55000305175781248 -12.62593555450439456
v 17.73397827148437504 -82.55000305175781248 -12.21207523345947264
v 17.4682636260986328 -82.55000305175781248 -11.69058132171630856
v 17.3767051696777344 -82.55000305175781248 -11.11250019073486328
v 17.4682636260986328 -82.55000305175781248 -10.5344181060791016
v 17.73397827148437504 -82.55000305175781248 -10.0129241943359375
v 18.14783859252929688 -82.55000305175781248 -9.5990638732910156
v 18.66933250427246096 -82.55000305175781248 -9.33334922790527344
v 19.24741363525390624 -82.55000305175781248 -9.2417898178100586
v 19.82549476623535152 -82.55000305175781248 -9.33334922790527344
v 20.34699058532714844 -82.55000305175781248 -9.5990638732910156
v 20.76085090637207024 -82.55000305175781248 -10.0129241943359375
v 21.0265655517578125 -82.55000305175781248 -10.5344181060791016
v 21.11812400817871094 -82.55000305175781248 -11.11250019073486328
v 21.0265655517578125 -82.55000305175781248 -11.69058132171630856
v 20.76085090637207024 -82.55000305175781248 -12.21207523345947264
v 20.34699058532714844 -82.55000305175781248 -12.62593555450439456
v 19.82549476623535152 -82.55000305175781248 -12.89165019989013664
v 1.4494096040725708 -88.42629241943359376 22.69594192504882816
v 1.23294138908386232 -88.42629241943359376 23.12078475952148438
v 0.89578425884246832 -88.42629241943359376 23.4579410552978516
v 0.470941424369812 -88.42629241943359376 23.67440986633300784
v -4.882747930423648E-07 -88.42629241943359376 23.74900054931640624
v -0.4709423780441284 -88.42629241943359376 23.67440986633300784
v -0.89578521251678464 -88.42629241943359376 23.4579410552978516
v -1.23294234275817872 -88.42629241943359376 23.12078475952148438
v -1.44941067695617672 -88.42629241943359376 22.69594192504882816
v -1.52400052547454832 -88.42629241943359376 22.22500038146972656
v -1.44941067695617672 -88.42629241943359376 21.75405883789062496
v -1.23294234275817872 -88.42629241943359376 21.32921600341796876
v -0.89578521251678464 -88.42629241943359376 20.9920578002929688
v -0.4709423780441284 -88.42629241943359376 20.77558898925781248
v -4.882747930423648E-07 -88.42629241943359376 20.70100021362304688
v 0.470941424369812 -88.42629241943359376 20.77558898925781248
v 0.89578425884246832 -88.42629241943359376 20.9920578002929688
v 1.23294138908386232 -88.42629241943359376 21.32921600341796876
v 1.4494096040725708 -88.42629241943359376 21.75405883789062496
v 1.5239994525909424 -88.42629241943359376 22.22500038146972656
v -1.44941067695617672 -82.89671325683593744 21.75405883789062496
v -1.52400052547454832 -82.89671325683593744 22.22500038146972656
v -1.23294234275817872 -82.89671325683593744 21.32921600341796876
v -0.89578521251678464 -82.89671325683593744 20.9920578002929688
v -0.4709423780441284 -82.89671325683593744 20.77558898925781248
v -4.882747930423648E-07 -82.89671325683593744 20.70100021362304688
v 0.470941424369812 -82.89671325683593744 20.77558898925781248
v 0.89578425884246832 -82.89671325683593744 20.9920578002929688
v 1.23294138908386232 -82.89671325683593744 21.32921600341796876
v 1.4494096040725708 -82.89671325683593744 21.75405883789062496
v 1.5239994525909424 -82.89671325683593744 22.22500038146972656
v 1.4494096040725708 -82.89671325683593744 22.69594192504882816
v 1.23294138908386232 -82.89671325683593744 23.12078475952148438
v 0.89578425884246832 -82.89671325683593744 23.4579410552978516
v 0.470941424369812 -82.89671325683593744 23.67440986633300784
v -4.882747930423648E-07 -82.89671325683593744 23.74900054931640624
v -0.4709423780441284 -82.89671325683593744 23.67440986633300784
v -0.89578521251678464 -82.89671325683593744 23.4579410552978516
v -1.23294234275817872 -82.89671325683593744 23.12078475952148438
v -1.44941067695617672 -82.89671325683593744 22.69594192504882816
v -1.87071049213409424 -82.55000305175781248 22.22500038146972656
v -1.779151439666748 -82.55000305175781248 22.80308151245117184
v -1.51343667507171632 -82.55000305175781248 23.32457542419433592
v -1.09957623481750488 -82.55000305175781248 23.73843574523925776
v -0.57808166742324832 -82.55000305175781248 24.004150390625
v -4.882747930423648E-07 -82.55000305175781248 24.09571075439453124
v 0.57808071374893192 -82.55000305175781248 24.004150390625
v 1.09957528114318848 -82.55000305175781248 23.73843574523925776
v 1.51343572139739992 -82.55000305175781248 23.32457542419433592
v 1.77915048599243168 -82.55000305175781248 22.80308151245117184
v 1.87070953845977776 -82.55000305175781248 22.22500038146972656
v 1.77915048599243168 -82.55000305175781248 21.64691925048828128
v 1.51343572139739992 -82.55000305175781248 21.12542343139648438
v 1.09957528114318848 -82.55000305175781248 20.71156311035156248
v 0.57808071374893192 -82.55000305175781248 20.44584846496582032
v -4.882747930423648E-07 -82.55000305175781248 20.35429000854492188
v -0.57808166742324832 -82.55000305175781248 20.44584846496582032
v -1.09957623481750488 -82.55000305175781248 20.71156311035156248
v -1.51343667507171632 -82.55000305175781248 21.12542343139648438
v -1.779151439666748 -82.55000305175781248 21.64691925048828128
v -19.71841430664062496 -88.42629241943359376 -9.66287040710449216
v -20.14325714111328124 -88.42629241943359376 -9.879338264465332
v -20.48041534423828128 -88.42629241943359376 -10.21649551391601564
v -20.69688224792480472 -88.42629241943359376 -10.64133834838867184
v -20.7714729309082032 -88.42629241943359376 -11.11228084564208984
v -20.69688224792480472 -88.42629241943359376 -11.58322238922119144
v -20.48041534423828128 -88.42629241943359376 -12.00806522369384765
v -20.14325714111328124 -88.42629241943359376 -12.34522247314453124
v -19.71841430664062496 -88.42629241943359376 -12.56169033050537112
v -19.24747276306152344 -88.42629241943359376 -12.63628005981445312
v -18.77653121948242192 -88.42629241943359376 -12.56169033050537112
v -18.35168838500976564 -88.42629241943359376 -12.34522247314453124
v -18.01453018188476562 -88.42629241943359376 -12.00806522369384765
v -17.79806327819824224 -88.42629241943359376 -11.58322238922119144
v -17.72347259521484368 -88.42629241943359376 -11.11228084564208984
v -17.79806327819824224 -88.42629241943359376 -10.64133834838867184
v -18.01453018188476562 -88.42629241943359376 -10.21649551391601564
v -18.35168838500976564 -88.42629241943359376 -9.879338264465332
v -18.77653121948242192 -88.42629241943359376 -9.66287040710449216
v -19.24747276306152344 -88.42629241943359376 -9.58828067779541016
v -20.69688224792480472 -82.89671325683593744 -11.58322238922119144
v -20.7714729309082032 -82.89671325683593744 -11.11228084564208984
v -20.48041534423828128 -82.89671325683593744 -12.00806522369384765
v -20.14325714111328124 -82.89671325683593744 -12.34522247314453124
v -19.71841430664062496 -82.89671325683593744 -12.56169033050537112
v -19.24747276306152344 -82.89671325683593744 -12.63628005981445312
v -18.77653121948242192 -82.89671325683593744 -12.56169033050537112
v -18.35168838500976564 -82.89671325683593744 -12.34522247314453124
v -18.01453018188476562 -82.89671325683593744 -12.00806522369384765
v -17.79806327819824224 -82.89671325683593744 -11.58322238922119144
v -17.72347259521484368 -82.89671325683593744 -11.11228084564208984
v -17.79806327819824224 -82.89671325683593744 -10.64133834838867184
v -18.01453018188476562 -82.89671325683593744 -10.21649551391601564
v -18.35168838500976564 -82.89671325683593744 -9.879338264465332
v -18.77653121948242192 -82.89671325683593744 -9.66287040710449216
v -19.24747276306152344 -82.89671325683593744 -9.58828067779541016
v -19.71841430664062496 -82.89671325683593744 -9.66287040710449216
v -20.14325714111328124 -82.89671325683593744 -9.879338264465332
v -20.48041534423828128 -82.89671325683593744 -10.21649551391601564
v -20.69688224792480472 -82.89671325683593744 -10.64133834838867184
v -19.24747276306152344 -82.55000305175781248 -12.98299026489257808
v -19.8255538940429688 -82.55000305175781248 -12.89143180847167968
v -20.3470478057861328 -82.55000305175781248 -12.62571620941162112
v -20.76090812683105472 -82.55000305175781248 -12.2118558883666992
v -21.02662277221679687 -82.55000305175781248 -11.69036197662353512
v -21.11818313598632812 -82.55000305175781248 -11.11228084564208984
v -21.02662277221679687 -82.55000305175781248 -10.53419971466064456
v -20.76090812683105472 -82.55000305175781248 -10.01270484924316406
v -20.3470478057861328 -82.55000305175781248 -9.59884452819824216
v -19.8255538940429688 -82.55000305175781248 -9.3331298828125
v -19.24747276306152344 -82.55000305175781248 -9.24157047271728516
v -18.66939163208007816 -82.55000305175781248 -9.3331298828125
v -18.14789772033691406 -82.55000305175781248 -9.59884452819824216
v -17.73403739929199216 -82.55000305175781248 -10.01270484924316406
v -17.46832275390625 -82.55000305175781248 -10.53419971466064456
v -17.37676239013671872 -82.55000305175781248 -11.11228084564208984
v -17.46832275390625 -82.55000305175781248 -11.69036197662353512
v -17.73403739929199216 -82.55000305175781248 -12.2118558883666992
v -18.14789772033691406 -82.55000305175781248 -12.62571620941162112
v -18.66939163208007816 -82.55000305175781248 -12.89143180847167968
v 16.09081268310546876 -82.55000305175781248 -3.69673585891723632
v -8.99833583831787104 -82.55000305175781248 -13.84232807159423824
v 16.50063323974609376 -82.55000305175781248 -0.55602371692657472
v 16.30316734313964844 -82.55000305175781248 2.60515236854553224
v -6.18943214416503908 -82.55000305175781248 -15.30591487884521484
v -13.5314302444458008 -82.55000305175781248 -9.4594135284423828
v 15.5056800842285156 -82.55000305175781248 5.67044830322265624
v 14.13752174377441406 -82.55000305175781248 8.52704906463623048
v -14.13752269744873046 -82.55000305175781248 8.52704906463623048
v -15.5056800842285156 -82.55000305175781248 5.67044830322265624
v 3.15273213386535644 -82.55000305175781248 -16.20618247985839844
v -3.15273284912109376 -82.55000305175781248 -16.20618247985839844
v -11.47606563568115232 -82.55000305175781248 -11.86928939819335936
v 12.24904632568359376 -82.55000305175781248 11.06982135772705078
v 12.08560848236083984 -82.55000305175781248 11.20771121978759764
v 11.89129257202148432 -82.55000305175781248 11.2969684600830078
v -16.30316734313964844 -82.55000305175781248 2.60515236854553224
v -12.08560943603515625 -82.55000305175781248 11.20771121978759764
v -12.24904727935791016 -82.55000305175781248 11.06982135772705078
v -3.053133639241423E-07 -82.55000305175781248 -16.51000022888183592
v 8.11410331726074218 -82.55000305175781248 12.14361381530761718
v 11.68020057678222656 -82.55000305175781248 11.3311147689819336
v -3.053133355024329E-07 -82.55000305175781248 14.60499954223632816
v 5.58909130096435544 -82.55000305175781248 13.49326038360595704
v 2.84929394721984864 -82.55000305175781248 14.3243694305419922
v 13.5314302444458008 -82.55000305175781248 -9.4594135284423828
v 15.08878421783447266 -82.55000305175781248 -6.70139360427856448
v 11.26907825469970704 -82.55000305175781248 11.22834396362304688
v 11.09888458251953124 -82.55000305175781248 11.09888458251953124
v 11.4676542282104492 -82.55000305175781248 11.30767345428466796
v -16.50063514709472656 -82.55000305175781248 -0.55602371692657472
v -11.89129257202148432 -82.55000305175781248 11.2969684600830078
v 6.18943166732788084 -82.55000305175781248 -15.30591487884521484
v 11.47606468200683592 -82.55000305175781248 -11.86928939819335936
v 8.99833583831787104 -82.55000305175781248 -13.84232807159423824
v -11.09888458251953124 -82.55000305175781248 11.09888458251953124
v -8.11410331726074218 -82.55000305175781248 12.14361381530761718
v -11.4676542282104492 -82.55000305175781248 11.30767345428466796
v -11.68020153045654296 -82.55000305175781248 11.3311147689819336
v 10.32729434967041016 -82.55000305175781248 10.32729434967041016
v -2.84929442405700688 -82.55000305175781248 14.3243694305419922
v -5.58909177780151368 -82.55000305175781248 13.49326038360595704
v -11.26907825469970704 -82.55000305175781248 11.22834396362304688
v -16.09081268310546876 -82.55000305175781248 -3.69673585891723632
v -15.08878517150878906 -82.55000305175781248 -6.70139360427856448
v -10.32729530334472656 -82.55000305175781248 10.32729434967041016
v -15.08878517150878906 -84.1374969482421875 -6.70139360427856448
v -16.09081268310546876 -84.1374969482421875 -3.69673585891723632
v -13.5314302444458008 -84.1374969482421875 -9.4594135284423828
v -11.47606563568115232 -84.1374969482421875 -11.86928939819335936
v -8.99833583831787104 -84.1374969482421875 -13.84232807159423824
v -6.18943214416503908 -84.1374969482421875 -15.30591487884521484
v -3.15273284912109376 -84.1374969482421875 -16.20618247985839844
v 3.15273213386535644 -84.1374969482421875 -16.20618247985839844
v -3.053133639241423E-07 -84.1374969482421875 -16.51000022888183592
v 6.18943166732788084 -84.1374969482421875 -15.30591487884521484
v 8.99833583831787104 -84.1374969482421875 -13.84232807159423824
v -3.053133355024329E-07 -84.1374969482421875 14.60499954223632816
v -2.84929442405700688 -84.1374969482421875 14.3243694305419922
v -8.11410331726074218 -84.1374969482421875 12.14361381530761718
v -11.09888458251953124 -84.1374969482421875 11.09888458251953124
v -15.5056800842285156 -84.1374969482421875 5.67044830322265624
v -14.13752269744873046 -84.1374969482421875 8.52704906463623048
v -16.30316734313964844 -84.1374969482421875 2.60515236854553224
v -16.50063514709472656 -84.1374969482421875 -0.55602371692657472
v 11.47606468200683592 -84.1374969482421875 -11.86928939819335936
v 2.84929394721984864 -84.1374969482421875 14.3243694305419922
v -11.26907825469970704 -84.1374969482421875 11.22834396362304688
v 13.5314302444458008 -84.1374969482421875 -9.4594135284423828
v 15.08878421783447266 -84.1374969482421875 -6.70139360427856448
v 16.09081268310546876 -84.1374969482421875 -3.69673585891723632
v 16.50063323974609376 -84.1374969482421875 -0.55602371692657472
v 5.58909130096435544 -84.1374969482421875 13.49326038360595704
v -5.58909177780151368 -84.1374969482421875 13.49326038360595704
v -10.32729530334472656 -84.1374969482421875 10.32729434967041016
v 16.30316734313964844 -84.1374969482421875 2.60515236854553224
v 15.5056800842285156 -84.1374969482421875 5.67044830322265624
v 14.13752174377441406 -84.1374969482421875 8.52704906463623048
v 12.24904632568359376 -84.1374969482421875 11.06982135772705078
v 11.09888458251953124 -84.1374969482421875 11.09888458251953124
v 8.11410331726074218 -84.1374969482421875 12.14361381530761718
v 10.32729434967041016 -84.1374969482421875 10.32729434967041016
v -12.24904727935791016 -84.1374969482421875 11.06982135772705078
v 12.08560848236083984 -84.1374969482421875 11.20771121978759764
v 11.4676542282104492 -84.1374969482421875 11.30767345428466796
v 11.68020057678222656 -84.1374969482421875 11.3311147689819336
v 11.26907825469970704 -84.1374969482421875 11.22834396362304688
v -11.4676542282104492 -84.1374969482421875 11.30767345428466796
v -11.89129257202148432 -84.1374969482421875 11.2969684600830078
v -11.68020153045654296 -84.1374969482421875 11.3311147689819336
v 11.89129257202148432 -84.1374969482421875 11.2969684600830078
v -12.08560943603515625 -84.1374969482421875 11.20771121978759764
# 3414 vertices

vn -0.51333296298980712 -0.08130395412445068 -0.854329526424408
vn -0.4630843698978424 -0.23595327138900756 -0.854329526424408
vn -0.36750581860542296 -0.36750581860542296 -0.854329526424408
vn -0.23595327138900756 -0.4630843698978424 -0.854329526424408
vn -0.08130395412445068 -0.51333296298980712 -0.854329526424408
vn 0.08130395412445068 -0.51333296298980712 -0.854329526424408
vn 0.23595327138900756 -0.4630843698978424 -0.854329526424408
vn 0.36750581860542296 -0.36750581860542296 -0.854329526424408
vn 0.4630843698978424 -0.23595327138900756 -0.854329526424408
vn 0.51333296298980712 -0.08130395412445068 -0.854329526424408
vn 0.51333296298980712 0.08130395412445068 -0.854329526424408
vn 0.4630843698978424 0.23595327138900756 -0.854329526424408
vn 0.36750581860542296 0.36750581860542296 -0.854329526424408
vn 0.23595327138900756 0.4630843698978424 -0.854329526424408
vn 0.08130395412445068 0.51333296298980712 -0.854329526424408
vn -0.08130395412445068 0.51333296298980712 -0.854329526424408
vn -0.23595327138900756 0.4630843698978424 -0.854329526424408
vn -0.36750581860542296 0.36750581860542296 -0.854329526424408
vn -0.4630843698978424 0.23595327138900756 -0.854329526424408
vn -0.51333296298980712 0.08130395412445068 -0.854329526424408
vn 0.9876883625984192 -0.15643446147441864 0
vn 0.8910065293312072 -0.45399048924446104 0
vn 0.7071067690849304 -0.7071067690849304 0
vn 0.45399048924446104 -0.8910065293312072 0
vn 0.15643446147441864 -0.9876883625984192 0
vn -0.15643446147441864 -0.9876883625984192 0
vn -0.45399048924446104 -0.8910065293312072 0
vn -0.7071067690849304 -0.7071067690849304 0
vn -0.8910065293312072 -0.45399048924446104 0
vn -0.9876883625984192 -0.15643446147441864 0
vn -0.9876883625984192 0.15643446147441864 0
vn -0.8910065293312072 0.45399048924446104 0
vn -0.7071067690849304 0.7071067690849304 0
vn -0.45399048924446104 0.8910065293312072 0
vn -0.15643446147441864 0.9876883625984192 0
vn 0.15643446147441864 0.9876883625984192 0
vn 0.45399048924446104 0.8910065293312072 0
vn 0.7071067690849304 0.7071067690849304 0
vn 0.8910065293312072 0.45399048924446104 0
vn 0.9876883625984192 0.15643446147441864 0
vn 0 0 -1
vn -0.38268351554870608 -0.92387950420379632 0
vn -0.12228641659021378 -0.99249488115310672 0
vn 0.16568078100681304 -0.98617941141128544 0
vn 0.43990227580070496 -0.89804565906524656 0
vn 0.67762726545333864 -0.73540550470352176 0
vn 0.8591329455375672 -0.51175248622894288 0
vn 0.96936064958572384 -0.24564187228679656 0
vn 0.99916535615921024 0.04084838554263115 0
vn 0.94607430696487424 0.32394966483116148 0
vn 0.81449222564697264 0.58017444610595704 0
vn 0.61533582210540768 0.78826510906219488 0
vn -0.32669568061828612 -0.94512957334518432 0
vn 0.437305361032486 0.89931309223175056 0
vn 0.38268342614173888 0.92387950420379632 0
vn 0.23344537615776064 0.97236990928649904 0
vn -0.07845907658338547 0.9969173073768616 0
vn -0.38268339633941648 0.92387956380844112 0
vn -0.649448037147522 0.76040601730346672 0
vn -0.85264015197753904 0.52249860763549808 0
vn -0.97236990928649904 0.2334454208612442 0
vn -0.9969173669815064 -0.07845903187990189 0
vn -0.92387956380844112 -0.38268336653709408 0
vn -0.76040601730346672 -0.6494479775428772 0
vn -0.5224986672401428 -0.85264009237289424 0
vn 0.99862951040267952 -0.0523359552025795 0
vn 0.96592581272125248 -0.25881904363632204 0
vn 0.93358039855957024 -0.3583679497241974 0
vn 0.83867055177688592 -0.5446390509605408 0
vn 0.7771459817886352 -0.62932038307189944 0
vn 0.62932038307189944 -0.7771459817886352 0
vn 0.5446390509605408 -0.83867055177688592 0
vn 0.3583679497241974 -0.93358039855957024 0
vn 0.25881904363632204 -0.96592581272125248 0
vn 0.0523359552025795 -0.99862951040267952 0
vn -0.0523359552025795 -0.99862951040267952 0
vn -0.25881904363632204 -0.96592581272125248 0
vn -0.3583679497241974 -0.93358039855957024 0
vn -0.5446390509605408 -0.83867055177688592 0
vn -0.62932038307189944 -0.7771459817886352 0
vn -0.7771459817886352 -0.62932038307189944 0
vn -0.83867055177688592 -0.5446390509605408 0
vn -0.93358039855957024 -0.3583679497241974 0
vn -0.96592581272125248 -0.25881904363632204 0
vn -0.99111670255661008 -0.13299496471881866 0
vn -0.98761153221130368 -0.15642230212688446 0.01247101183980703
vn -0.99862951040267952 -0.0523359552025795 0
vn -0.99862951040267952 0.0523359552025795 0
vn -0.98761153221130368 0.15642230212688446 0.01247101183980703
vn -0.98279798030853264 0.18468374013900756 0
vn -0.96592581272125248 0.25881904363632204 0
vn -0.93358039855957024 0.3583679497241974 0
vn -0.83867055177688592 0.5446390509605408 0
vn -0.7771459817886352 0.62932038307189944 0
vn -0.62932038307189944 0.7771459817886352 0
vn -0.5446390509605408 0.83867055177688592 0
vn -0.35835158824920656 0.93353778123855584 0.00955911539494991
vn -0.32167941331863404 0.94684863090515136 0
vn -0.25881904363632204 0.96592581272125248 0
vn -0.13299496471881866 0.99111670255661008 0
vn -0.15642230212688446 0.98761153221130368 0.01247101183980703
vn -0.0523359552025795 0.99862951040267952 0
vn 0.0523359552025795 0.99862951040267952 0
vn 0.15642230212688446 0.98761153221130368 0.01247101183980703
vn 0.18468374013900756 0.98279798030853264 0
vn 0.25881904363632204 0.96592581272125248 0
vn 0.3583679497241974 0.93358039855957024 0
vn 0.5446390509605408 0.83867055177688592 0
vn 0.62932038307189944 0.7771459817886352 0
vn 0.7771459817886352 0.62932038307189944 0
vn 0.83867055177688592 0.5446390509605408 0
vn 0.93358039855957024 0.3583679497241974 0
vn 0.96592581272125248 0.25881904363632204 0
vn 0.99862951040267952 0.0523359552025795 0
vn 0.13299496471881866 0.99111670255661008 0
vn -0.18468374013900756 0.98279798030853264 0
vn -0.37079280614852904 0.92871564626693728 0
vn -0.99111670255661008 0.13299496471881866 0
vn -0.98279798030853264 -0.18468374013900756 0
vn -0.99848151206970208 -0.05508776009082794 0
vn -0.98636132478713984 -0.16459459066390992 0
vn -0.96226799488067632 -0.2721034586429596 0
vn -0.92649406194686896 -0.37630936503410336 0
vn -0.87947374582290656 -0.475947380065918 0
vn -0.82177782058715824 -0.56980806589126584 0
vn -0.75410658121109008 -0.65675204992294312 0
vn -0.67728155851364136 -0.73572391271591184 0
vn -0.59223526716232296 -0.80576509237289424 0
vn -0.5 -0.86602538824081424 0
vn -0.40169543027877808 -0.915773332118988 0
vn -0.29851481318473816 -0.95440500974655152 0
vn -0.19171063601970672 -0.98145151138305664 0
vn -0.0825793445110321 -0.99658447504043584 0
vn 0.0275543425232172 -0.9996203184127808 0
vn 0.1373535543680191 -0.99052208662033088 0
vn 0.24548548460006712 -0.96940028667449952 0
vn 0.35063755512237548 -0.93651121854782112 0
vn 0.45100694894790648 -0.8912140130996704 -0.04827363789081573
vn 0.47855070233345032 -0.87805992364883424 0
vn 0.54694813489913944 -0.83716648817062384 0
vn 0.6357237696647644 -0.7719166278839112 0
vn 0.71678251028060912 -0.69729679822921752 0
vn 0.78914052248001104 -0.61421269178390504 0
vn 0.85191941261291504 -0.5236729383468628 0
vn 0.90435713529586784 -0.42677643895149232 0
vn 0.94581723213195808 -0.32469946146011352 0
vn 0.97579640150070192 -0.21868109703063964 0
vn 0.99393069744110112 -0.11000821739435196 0
vn 1 0 0
vn 0.99393069744110112 0.11000821739435196 0
vn 0.97579640150070192 0.21868109703063964 0
vn 0.94581723213195808 0.32469946146011352 0
vn 0.90435713529586784 0.42677643895149232 0
vn 0.85191941261291504 0.5236729383468628 0
vn 0.78914052248001104 0.61421269178390504 0
vn 0.71678251028060912 0.69729679822921752 0
vn 0.6357237696647644 0.7719166278839112 0
vn 0.54694813489913944 0.83716648817062384 0
vn 0.42945367097854616 0.90308886766433712 0
vn 0.45100694894790648 0.8912140130996704 -0.04827363789081573
vn 0.35063755512237548 0.93651121854782112 0
vn 0.24548548460006712 0.96940028667449952 0
vn 0.1373535543680191 0.99052208662033088 0
vn 0.0275543425232172 0.9996203184127808 0
vn -0.0825793445110321 0.99658447504043584 0
vn -0.19171063601970672 0.98145151138305664 0
vn -0.29851481318473816 0.95440500974655152 0
vn -0.40169543027877808 0.915773332118988 0
vn -0.5 0.86602538824081424 0
vn -0.59223526716232296 0.80576509237289424 0
vn -0.67728155851364136 0.73572391271591184 0
vn -0.75410658121109008 0.65675204992294312 0
vn -0.8339377045631408 0.5518586039543152 0
vn -0.8208842873573304 0.56918847560882568 -0.04662022367119789
vn -0.87947374582290656 0.475947380065918 0
vn -0.92649406194686896 0.37630936503410336 0
vn -0.96226799488067632 0.2721034586429596 0
vn -0.98636132478713984 0.16459459066390992 0
vn -0.99848151206970208 0.05508776009082794 0
vn -0.80227071046829216 0.59696036577224728 0
vn 0.47855070233345032 0.87805992364883424 0
vn 0.42945367097854616 -0.90308886766433712 0
vn -0.99841636419296272 -0.05606985837221146 0.00458025140687823
vn -0.99658447504043584 -0.0825793445110321 0.00016360280278604478
vn -0.9996203184127808 -0.0275543425232172 0
vn -0.98586070537567136 -0.16750447452068328 0.00456896750256419
vn -0.98145145177841184 -0.19171062111854552 0.00033848517341539264
vn -0.99038642644882208 -0.13832837343215942 0
vn -0.96090739965438848 -0.27683264017105104 0.00454639922827482
vn -0.95440489053726192 -0.29851478338241576 0.00052464636974036
vn -0.96891516447067264 -0.24739319086074828 0
vn -0.92387014627456672 -0.38267952203750608 0.00451254704967141
vn -0.91577309370040896 -0.40169531106948856 0.00072208564961329
vn -0.93547183275222784 -0.35340118408203124 0
vn -0.87521469593048096 -0.48371407389640808 0.00446741096675395
vn -0.8660250306129456 -0.49999979138374328 0.00093080225633457
vn -0.89046972990036016 -0.45504251122474672 0
vn -0.81555294990539552 -0.5786656737327576 0.00441099097952246
vn -0.80576455593109136 -0.5922348499298096 0.00115079537499696
vn -0.8344647884368896 -0.5510612726211548 0
vn -0.74563515186309808 -0.66634029150009152 0.00434328755363822
vn -0.73572319746017456 -0.6772809028625488 0.00138206395786255
vn -0.76814907789230352 -0.64027100801467896 0
vn -0.66634052991867064 -0.74563539028167728 0.0042643011547625
vn -0.65675115585327152 -0.75410562753677376 0.00162460713181644
vn -0.6923420429229736 -0.72156947851181024 0
vn -0.57866626977920536 -0.8155537843704224 0.00417403131723403
vn -0.56980705261230472 -0.82177639007568352 0.00187842384912073
vn -0.60798031091690064 -0.79395210742950432 0
vn -0.48371487855911256 -0.87521618604660032 0.00407247897237539
vn -0.475946307182312 -0.87947171926498416 0.0021435129456222
vn -0.51610624790191648 -0.85652452707290656 0
vn -0.38268044590950016 -0.92387229204177856 0.00395964412018656
vn -0.37630826234817504 -0.92649137973785408 0.0024198736064136
vn -0.41785514354705808 -0.90851366519927984 0
vn -0.27683347463607788 -0.9609102606773376 0.00383552722632885
vn -0.2721024751663208 -0.96226447820663456 0.00270750420168042
vn -0.31444093585014344 -0.9492770433425904 0
vn -0.16750507056713104 -0.98586428165435792 0.00370012875646352
vn -0.16459384560585022 -0.98635685443878176 0.00300640380010008
vn -0.20714145898818968 -0.97831100225448608 0
vn -0.05607009306550026 -0.99842053651809696 0.00355344940908253
vn -0.05508745834231377 -0.99847602844238288 0.00331657100468874
vn -0.0972825139760971 -0.995256781578064 0
vn 0.05508745834231377 -0.99847602844238288 0.00331657100468874
vn 0.05607009306550026 -0.99842053651809696 0.00355344940908253
vn 0.01377847883850336 -0.9999050498008728 0
vn 0.16459384560585022 -0.98635685443878176 0.00300640380010008
vn 0.16750507056713104 -0.98586428165435792 0.00370012875646352
vn 0.12466922402381896 -0.99219834804534912 0
vn 0.2721024751663208 -0.96226447820663456 0.00270750420168042
vn 0.27683347463607788 -0.9609102606773376 0.00383552722632885
vn 0.23401953279972076 -0.972231924533844 0
vn 0.37630826234817504 -0.92649137973785408 0.0024198736064136
vn 0.38268044590950016 -0.92387229204177856 0.00395964412018656
vn 0.34047827124595644 -0.94025236368179328 0
vn 0.475946307182312 -0.87947171926498416 0.0021435129456222
vn 0.48371487855911256 -0.87521618604660032 0.00407247897237539
vn 0.44272997975349424 -0.8966549634933472 0
vn 0.56980705261230472 -0.82177639007568352 0.00187842384912073
vn 0.57866626977920536 -0.8155537843704224 0.00417403131723403
vn 0.53951126337051392 -0.84197837114334112 0
vn 0.65675115585327152 -0.75410562753677376 0.00162460713181644
vn 0.66634052991867064 -0.74563539028167728 0.0042643011547625
vn 0.62962627410888672 -0.7768981456756592 0
vn 0.73572319746017456 -0.6772809028625488 0.00138206395786255
vn 0.74563515186309808 -0.66634029150009152 0.00434328755363822
vn 0.711961567401886 -0.70221847295761112 0
vn 0.80576455593109136 -0.5922348499298096 0.00115079537499696
vn 0.81555294990539552 -0.5786656737327576 0.00441099097952246
vn 0.78549969196319584 -0.61886203289031984 0
vn 0.8660250306129456 -0.49999979138374328 0.00093080225633457
vn 0.87521469593048096 -0.48371407389640808 0.00446741096675395
vn 0.84933209419250496 -0.52785891294479368 0
vn 0.91577309370040896 -0.40169531106948856 0.00072208564961329
vn 0.92387014627456672 -0.38267952203750608 0.00451254704967141
vn 0.90267002582550048 -0.43033343553543088 0
vn 0.95440489053726192 -0.29851478338241576 0.00052464636974036
vn 0.96090739965438848 -0.27683264017105104 0.00454639922827482
vn 0.94485437870025632 -0.32749068737030028 0
vn 0.98145145177841184 -0.19171062111854552 0.00033848517341539264
vn 0.98586070537567136 -0.16750447452068328 0.00456896750256419
vn 0.97536402940750128 -0.2206014394760132 0
vn 0.99658447504043584 -0.0825793445110321 0.00016360280278604478
vn 0.99841636419296272 -0.05606985837221146 0.00458025140687823
vn 0.99382191896438592 -0.11098640412092208 0
vn 0.99841636419296272 0.05606985837221146 0.00458025140687823
vn 0.99658447504043584 0.0825793445110321 0.00016360280278604478
vn 0.9996203184127808 0.0275543425232172 0
vn 0.98586070537567136 0.16750447452068328 0.00456896750256419
vn 0.98145145177841184 0.19171062111854552 0.00033848517341539264
vn 0.99038642644882208 0.13832837343215942 0
vn 0.96090739965438848 0.27683264017105104 0.00454639922827482
vn 0.95440489053726192 0.29851478338241576 0.00052464636974036
vn 0.96891516447067264 0.24739319086074828 0
vn 0.92387014627456672 0.38267952203750608 0.00451254704967141
vn 0.91577309370040896 0.40169531106948856 0.00072208564961329
vn 0.93547183275222784 0.35340118408203124 0
vn 0.87521469593048096 0.48371407389640808 0.00446741096675395
vn 0.8660250306129456 0.49999979138374328 0.00093080225633457
vn 0.89046972990036016 0.45504251122474672 0
vn 0.81555294990539552 0.5786656737327576 0.00441099097952246
vn 0.80576455593109136 0.5922348499298096 0.00115079537499696
vn 0.8344647884368896 0.5510612726211548 0
vn 0.74563515186309808 0.66634029150009152 0.00434328755363822
vn 0.73572319746017456 0.6772809028625488 0.00138206395786255
vn 0.76814907789230352 0.64027100801467896 0
vn 0.66634052991867064 0.74563539028167728 0.0042643011547625
vn 0.65675115585327152 0.75410562753677376 0.00162460713181644
vn 0.6923420429229736 0.72156947851181024 0
vn 0.57866626977920536 0.8155537843704224 0.00417403131723403
vn 0.56980705261230472 0.82177639007568352 0.00187842384912073
vn 0.60798031091690064 0.79395210742950432 0
vn 0.48371487855911256 0.87521618604660032 0.00407247897237539
vn 0.475946307182312 0.87947171926498416 0.0021435129456222
vn 0.51610624790191648 0.85652452707290656 0
vn 0.38268044590950016 0.92387229204177856 0.00395964412018656
vn 0.37630826234817504 0.92649137973785408 0.0024198736064136
vn 0.41785514354705808 0.90851366519927984 0
vn 0.27683347463607788 0.9609102606773376 0.00383552722632885
vn 0.2721024751663208 0.96226447820663456 0.00270750420168042
vn 0.31444093585014344 0.9492770433425904 0
vn 0.16750507056713104 0.98586428165435792 0.00370012875646352
vn 0.16459384560585022 0.98635685443878176 0.00300640380010008
vn 0.20714145898818968 0.97831100225448608 0
vn 0.05607009306550026 0.99842053651809696 0.00355344940908253
vn 0.05508745834231377 0.99847602844238288 0.00331657100468874
vn 0.0972825139760971 0.995256781578064 0
vn -0.05508745834231377 0.99847602844238288 0.00331657100468874
vn -0.05607009306550026 0.99842053651809696 0.00355344940908253
vn -0.01377847883850336 0.9999050498008728 0
vn -0.16459384560585022 0.98635685443878176 0.00300640380010008
vn -0.16750507056713104 0.98586428165435792 0.00370012875646352
vn -0.12466922402381896 0.99219834804534912 0
vn -0.2721024751663208 0.96226447820663456 0.00270750420168042
vn -0.27683347463607788 0.9609102606773376 0.00383552722632885
vn -0.23401953279972076 0.972231924533844 0
vn -0.37630826234817504 0.92649137973785408 0.0024198736064136
vn -0.38268044590950016 0.92387229204177856 0.00395964412018656
vn -0.34047827124595644 0.94025236368179328 0
vn -0.475946307182312 0.87947171926498416 0.0021435129456222
vn -0.48371487855911256 0.87521618604660032 0.00407247897237539
vn -0.44272997975349424 0.8966549634933472 0
vn -0.56980705261230472 0.82177639007568352 0.00187842384912073
vn -0.57866626977920536 0.8155537843704224 0.00417403131723403
vn -0.53951126337051392 0.84197837114334112 0
vn -0.65675115585327152 0.75410562753677376 0.00162460713181644
vn -0.66634052991867064 0.74563539028167728 0.0042643011547625
vn -0.62962627410888672 0.7768981456756592 0
vn -0.73572319746017456 0.6772809028625488 0.00138206395786255
vn -0.74563515186309808 0.66634029150009152 0.00434328755363822
vn -0.711961567401886 0.70221847295761112 0
vn -0.80576455593109136 0.5922348499298096 0.00115079537499696
vn -0.81555294990539552 0.5786656737327576 0.00441099097952246
vn -0.78549969196319584 0.61886203289031984 0
vn -0.8660250306129456 0.49999979138374328 0.00093080225633457
vn -0.87521469593048096 0.48371407389640808 0.00446741096675395
vn -0.84933209419250496 0.52785891294479368 0
vn -0.91577309370040896 0.40169531106948856 0.00072208564961329
vn -0.92387014627456672 0.38267952203750608 0.00451254704967141
vn -0.90267002582550048 0.43033343553543088 0
vn -0.95440489053726192 0.29851478338241576 0.00052464636974036
vn -0.96090739965438848 0.27683264017105104 0.00454639922827482
vn -0.94485437870025632 0.32749068737030028 0
vn -0.98145145177841184 0.19171062111854552 0.00033848517341539264
vn -0.98586070537567136 0.16750447452068328 0.00456896750256419
vn -0.97536402940750128 0.2206014394760132 0
vn -0.99658447504043584 0.0825793445110321 0.00016360280278604478
vn -0.99841636419296272 0.05606985837221146 0.00458025140687823
vn -0.99382191896438592 0.11098640412092208 0
vn -0.9996203184127808 0.0275543425232172 0
vn -0.99038642644882208 0.13832837343215942 0
vn -0.96891516447067264 0.24739319086074828 0
vn -0.93547183275222784 0.35340118408203124 0
vn -0.89046972990036016 0.45504251122474672 0
vn -0.8344647884368896 0.5510612726211548 0
vn -0.76814907789230352 0.64027100801467896 0
vn -0.6923420429229736 0.72156947851181024 0
vn -0.60798031091690064 0.79395210742950432 0
vn -0.51610624790191648 0.85652452707290656 0
vn -0.41785514354705808 0.90851366519927984 0
vn -0.31444093585014344 0.9492770433425904 0
vn -0.20714145898818968 0.97831100225448608 0
vn -0.0972825139760971 0.995256781578064 0
vn 0.01377847883850336 0.9999050498008728 0
vn 0.12466922402381896 0.99219834804534912 0
vn 0.23401953279972076 0.972231924533844 0
vn 0.34047827124595644 0.94025236368179328 0
vn 0.44272997975349424 0.8966549634933472 0
vn 0.53951126337051392 0.84197837114334112 0
vn 0.62962627410888672 0.7768981456756592 0
vn 0.711961567401886 0.70221847295761112 0
vn 0.78549969196319584 0.61886203289031984 0
vn 0.84933209419250496 0.52785891294479368 0
vn 0.90267002582550048 0.43033343553543088 0
vn 0.94485437870025632 0.32749068737030028 0
vn 0.97536402940750128 0.2206014394760132 0
vn 0.99382191896438592 0.11098640412092208 0
vn 0.9996203184127808 -0.0275543425232172 0
vn 0.99038642644882208 -0.13832837343215942 0
vn 0.96891516447067264 -0.24739319086074828 0
vn 0.93547183275222784 -0.35340118408203124 0
vn 0.89046972990036016 -0.45504251122474672 0
vn 0.8344647884368896 -0.5510612726211548 0
vn 0.76814907789230352 -0.64027100801467896 0
vn 0.6923420429229736 -0.72156947851181024 0
vn 0.60798031091690064 -0.79395210742950432 0
vn 0.51610624790191648 -0.85652452707290656 0
vn 0.41785514354705808 -0.90851366519927984 0
vn 0.31444093585014344 -0.9492770433425904 0
vn 0.20714145898818968 -0.97831100225448608 0
vn 0.0972825139760971 -0.995256781578064 0
vn -0.01377847883850336 -0.9999050498008728 0
vn -0.12466922402381896 -0.99219834804534912 0
vn -0.23401953279972076 -0.972231924533844 0
vn -0.34047827124595644 -0.94025236368179328 0
vn -0.44272997975349424 -0.8966549634933472 0
vn -0.53951126337051392 -0.84197837114334112 0
vn -0.62962627410888672 -0.7768981456756592 0
vn -0.711961567401886 -0.70221847295761112 0
vn -0.78549969196319584 -0.61886203289031984 0
vn -0.84933209419250496 -0.52785891294479368 0
vn -0.90267002582550048 -0.43033343553543088 0
vn -0.94485437870025632 -0.32749068737030028 0
vn -0.97536402940750128 -0.2206014394760132 0
vn -0.99382191896438592 -0.11098640412092208 0
vn -0.99107480049133296 0.02731878869235515 0.13047747313976288
vn -0.9235801100730896 0.0254583079367876 0.38255938887596128
vn -0.79316371679306032 0.02186340652406215 0.60861593484878544
vn -0.98806494474411008 0.08187339454889297 0.13047747313976288
vn -0.92077523469924928 0.07629761099815369 0.38255938887596128
vn -0.79075491428375248 0.06552381813526154 0.60861593484878544
vn -0.98358315229415888 0.13639135658740998 0.118159219622612
vn -0.98531967401504512 0.11003690212965012 0.1305261254310608
vn -0.91517394781112672 0.12690520286560058 0.38255938887596128
vn -0.78594458103179936 0.10898523777723312 0.60861593484878544
vn -0.9730613231658936 0.1900717467069626 0.13047747313976288
vn -0.90679335594177248 0.17712737619876862 0.38255938887596128
vn -0.77874737977981568 0.15211567282676696 0.60861593484878544
vn -0.96386575698852544 0.2440839558839798 0.10670426487922668
vn -0.9670196771621704 0.21871417760849 0.13052594661712646
vn -0.8956588506698608 0.22681163251399992 0.38255938887596128
vn -0.76918518543243408 0.19478413462638856 0.60861593484878544
vn -0.94624602794647216 0.2959628999233246 0.13047747313976288
vn -0.88180428743362432 0.27580705285072328 0.38255938887596128
vn -0.75728696584701536 0.23686105012893676 0.60861593484878544
vn -0.93217426538467408 0.34901374578475952 0.09612777084112168
vn -0.93677109479904176 0.32468900084495544 0.1305256336927414
vn -0.86527168750762944 0.32396486401557924 0.38255938887596128
vn -0.74308884143829344 0.2782186269760132 0.60861593484878544
vn -0.90794461965560912 0.39826142787933352 0.13047747313976288
vn -0.84611129760742192 0.37113881111145016 0.38255938887596128
vn -0.7266340851783752 0.31873124837875368 0.60861593484878544
vn -0.88891440629959104 0.44984319806098936 0.08644222468137741
vn -0.8949476480484008 0.42665192484855648 0.13052520155906678
vn -0.82438123226165776 0.41718563437461856 0.38255938887596128
vn -0.70797246694564816 0.3582759201526642 0.60861593484878544
vn -0.85862201452255248 0.4957256317138672 0.13047747313976288
vn -0.8001476526260376 0.4619654417037964 0.38255938887596128
vn -0.687160849571228 0.3967324793338776 0.60861593484878544
vn -0.83463829755783088 0.54529643058776856 0.07765775173902512
vn -0.8420661091804504 0.52334308624267576 0.1305246353149414
vn -0.7734839916229248 0.50534230470657352 0.38255938887596128
vn -0.66426229476928712 0.4339842200279236 0.60861593484878544
vn -0.79887682199478144 0.58717238903045656 0.13047747313976288
vn -0.74447125196456912 0.54718446731567384 0.38255938887596128
vn -0.63934636116027832 0.46991792321205136 0.60861593484878544
vn -0.770034909248352 0.63417398929595944 0.06978244334459305
vn -0.77877986431121824 0.61356776952743528 0.13052394986152648
vn -0.713197648525238 0.58736479282379152 0.38255938887596128
vn -0.6124888062477112 0.504424512386322 0.60861593484878544
vn -0.72943443059921264 0.67149168252944944 0.13047747313976288
vn -0.67975807189941408 0.6257613897323608 0.38255938887596128
vn -0.5837711691856384 0.53739923238754272 0.60861593484878544
vn -0.69591945409774784 0.71536666154861448 0.06282267719507217
vn -0.70587092638015744 0.69621115922927856 0.13052314519882202
vn -0.6442540884017944 0.66225749254226688 0.38255938887596128
vn -0.55328059196472168 0.56874179840087888 0.60861593484878544
vn -0.65113765001297 0.74765998125076288 0.13047747313976288
vn -0.60679346323013304 0.6967424154281616 0.38255938887596128
vn -0.52110970020294192 0.59835720062255856 0.60861593484878544
vn -0.61322170495986936 0.78786724805831904 0.05678335949778557
vn -0.62424010038375856 0.7702521085739136 0.130522221326828
vn -0.56749010086059568 0.72911131381988528 0.38255938887596128
vn -0.48735627532005312 0.62615537643432616 0.60861593484878544
vn -0.56493693590164184 0.81475263833999632 0.13047747313976288
vn -0.52646327018737792 0.7592658996582032 0.38255938887596128
vn -0.45212274789810184 0.65205192565917968 0.60861593484878544
vn -0.5229734182357788 0.850781500339508 0.05166822671890259
vn -0.53489607572555544 0.83477568626403808 0.13052116334438324
vn -0.48383757472038272 0.78711467981338496 0.38255938887596128
vn -0.41551610827445984 0.6759682297706604 0.60861593484878544
vn -0.47187864780426024 0.87195539474487312 0.13047747313976288
vn -0.43974250555038456 0.81257295608520512 0.38255938887596128
vn -0.37764757871627808 0.69783163070678712 0.60861593484878544
vn -0.42629510164260864 0.90333724021911616 0.04748005047440529
vn -0.43894273042678832 0.88898468017578128 0.13051997125148774
vn -0.39431193470954896 0.8355635404586792 0.38255938887596128
vn -0.33863216638565064 0.71757572889328 0.60861593484878544
vn -0.3730924129486084 0.91857373714447024 0.13047747313976288
vn -0.347683846950531 0.85601651668548576 0.38255938887596128
vn -0.2985883057117462 0.73514062166213984 0.60861593484878544
vn -0.32438182830810548 0.9448920488357544 0.04422081634402275
vn -0.33756574988365172 0.93220931291580208 0.13051867485046386
vn -0.299999862909317 0.87386977672576912 0.38255938887596128
vn -0.2576376497745514 0.7504728436470032 0.60861593484878544
vn -0.2697773277759552 0.95404183864593504 0.13047747313976288
vn -0.2514047920703888 0.889069139957428 0.38255938887596128
vn -0.21590456366539 0.76352596282958992 0.60861593484878544
vn -0.21848912537097932 0.97493976354598992 0.0418919138610363
vn -0.23201774060726164 0.963915467262268 0.13051724433898926
vn -0.2020462155342102 0.90156841278076176 0.38255938887596128
vn -0.17351578176021576 0.77426028251647952 0.60861593484878544
vn -0.16318751871585846 0.97792917490005488 0.13047747313976288
vn -0.15207402408123016 0.91132968664169312 0.38255938887596128
vn -0.13060003519058228 0.7826431393623352 0.60861593484878544
vn -0.10991799086332322 0.99311542510986336 0.04049423709511757
vn -0.12360282987356186 0.98371136188507088 0.1305156946182251
vn -0.1016399934887886 0.918323278427124 0.38255938887596128
vn -0.08728767186403275 0.78864920139312752 0.60861593484878544
vn -0.05461683124303818 0.9899457693099976 0.13047747313976288
vn -0.05089728534221649 0.9225279092788696 0.38255938887596128
vn -0.04371020942926407 0.79226011037826544 0.60861593484878544
vn 0 0.99919855594635008 0.04002829268574714
vn -0.01366062462329864 0.9913523197174072 0.1305140107870102
vn 0 0.9239308834075928 0.38255938887596128
vn 0 0.7934649586677552 0.60861593484878544
vn 0.05461683124303818 0.9899457693099976 0.13047747313976288
vn 0.05089728534221649 0.9225279092788696 0.38255938887596128
vn 0.04371020942926407 0.79226011037826544 0.60861593484878544
vn 0.09645042568445206 0.98674410581588752 0.13051220774650574
vn 0.10991799086332322 0.99311542510986336 0.04049423709511757
vn 0.1016399934887886 0.918323278427124 0.38255938887596128
vn 0.08728767186403275 0.78864920139312752 0.60861593484878544
vn 0.16318751871585846 0.97792917490005488 0.13047747313976288
vn 0.15207402408123016 0.91132968664169312 0.38255938887596128
vn 0.13060003519058228 0.7826431393623352 0.60861593484878544
vn 0.205369770526886 0.9699434638023376 0.13051028549671174
vn 0.21848912537097932 0.97493976354598992 0.0418919138610363
vn 0.2020462155342102 0.90156841278076176 0.38255938887596128
vn 0.17351578176021576 0.77426028251647952 0.60861593484878544
vn 0.2697773277759552 0.95404183864593504 0.13047747313976288
vn 0.2514047920703888 0.889069139957428 0.38255938887596128
vn 0.21590456366539 0.76352596282958992 0.60861593484878544
vn 0.3117516040802002 0.9411580562591552 0.13050822913646698
vn 0.32438182830810548 0.9448920488357544 0.04422081634402275
vn 0.299999862909317 0.87386977672576912 0.38255938887596128
vn 0.2576376497745514 0.7504728436470032 0.60861593484878544
vn 0.3730924129486084 0.91857373714447024 0.13047747313976288
vn 0.347683846950531 0.85601651668548576 0.38255938887596128
vn 0.2985883057117462 0.73514062166213984 0.60861593484878544
vn 0.4142814576625824 0.90074360370635984 0.13050605356693268
vn 0.42629510164260864 0.90333724021911616 0.04748005047440529
vn 0.39431193470954896 0.8355635404586792 0.38255938887596128
vn 0.33863216638565064 0.71757572889328 0.60861593484878544
vn 0.47187864780426024 0.87195539474487312 0.13047747313976288
vn 0.43974250555038456 0.81257295608520512 0.38255938887596128
vn 0.37764757871627808 0.69783163070678712 0.60861593484878544
vn 0.51169246435165408 0.84919941425323488 0.13050375878810882
vn 0.5229734182357788 0.850781500339508 0.05166822671890259
vn 0.48383757472038272 0.78711467981338496 0.38255938887596128
vn 0.41551610827445984 0.6759682297706604 0.60861593484878544
vn 0.56493693590164184 0.81475263833999632 0.13047747313976288
vn 0.52646327018737792 0.7592658996582032 0.38255938887596128
vn 0.45212274789810184 0.65205192565917968 0.60861593484878544
vn 0.60278093814849856 0.78716230392456048 0.13050132989883422
vn 0.61322170495986936 0.78786724805831904 0.05678335949778557
vn 0.56749010086059568 0.72911131381988528 0.38255938887596128
vn 0.48735627532005312 0.62615537643432616 0.60861593484878544
vn 0.65113765001297 0.74765998125076288 0.13047747313976288
vn 0.60679346323013304 0.6967424154281616 0.38255938887596128
vn 0.52110970020294192 0.59835720062255856 0.60861593484878544
vn 0.68642145395278928 0.715398907661438 0.13049878180027008
vn 0.69591945409774784 0.71536666154861448 0.06282267719507217
vn 0.6442540884017944 0.66225749254226688 0.38255938887596128
vn 0.55328059196472168 0.56874179840087888 0.60861593484878544
vn 0.72943443059921264 0.67149168252944944 0.13047747313976288
vn 0.67975807189941408 0.6257613897323608 0.38255938887596128
vn 0.5837711691856384 0.53739923238754272 0.60861593484878544
vn 0.76158052682876592 0.63479590415954592 0.13049611449241638
vn 0.770034909248352 0.63417398929595944 0.06978244334459305
vn 0.713197648525238 0.58736479282379152 0.38255938887596128
vn 0.6124888062477112 0.504424512386322 0.60861593484878544
vn 0.79887682199478144 0.58717238903045656 0.13047747313976288
vn 0.74447125196456912 0.54718446731567384 0.38255938887596128
vn 0.63934636116027832 0.46991792321205136 0.60861593484878544
vn 0.82732945680618288 0.54634922742843624 0.13049332797527314
vn 0.83463829755783088 0.54529643058776856 0.07765775173902512
vn 0.7734839916229248 0.50534230470657352 0.38255938887596128
vn 0.66426229476928712 0.4339842200279236 0.60861593484878544
vn 0.85862201452255248 0.4957256317138672 0.13047747313976288
vn 0.8001476526260376 0.4619654417037964 0.38255938887596128
vn 0.687160849571228 0.3967324793338776 0.60861593484878544
vn 0.88285583257675168 0.45115169882774352 0.13049040734767914
vn 0.88891440629959104 0.44984319806098936 0.08644222468137741
vn 0.82438123226165776 0.41718563437461856 0.38255938887596128
vn 0.70797246694564816 0.3582759201526642 0.60861593484878544
vn 0.90794461965560912 0.39826142787933352 0.13047747313976288
vn 0.84611129760742192 0.37113881111145016 0.38255938887596128
vn 0.7266340851783752 0.31873124837875368 0.60861593484878544
vn 0.92747354507446288 0.3503795862197876 0.1304873526096344
vn 0.93217426538467408 0.34901374578475952 0.09612777084112168
vn 0.86527168750762944 0.32396486401557924 0.38255938887596128
vn 0.74308884143829344 0.2782186269760132 0.60861593484878544
vn 0.94624602794647216 0.2959628999233246 0.13047747313976288
vn 0.88180428743362432 0.27580705285072328 0.38255938887596128
vn 0.75728696584701536 0.23686105012893676 0.60861593484878544
vn 0.9606313109397888 0.24527807533740996 0.1304841935634613
vn 0.96386575698852544 0.2440839558839798 0.10670426487922668
vn 0.8956588506698608 0.22681163251399992 0.38255938887596128
vn 0.76918518543243408 0.19478413462638856 0.60861593484878544
vn 0.9730613231658936 0.1900717467069626 0.13047747313976288
vn 0.90679335594177248 0.17712737619876862 0.38255938887596128
vn 0.77874737977981568 0.15211567282676696 0.60861593484878544
vn 0.98191940784454352 0.1371457725763321 0.13048090040683746
vn 0.98358315229415888 0.13639135658740998 0.118159219622612
vn 0.91517394781112672 0.12690520286560058 0.38255938887596128
vn 0.78594458103179936 0.10898523777723312 0.60861593484878544
vn 0.98806494474411008 0.08187339454889297 0.13047747313976288
vn 0.92077523469924928 0.07629761099815369 0.38255938887596128
vn 0.79075491428375248 0.06552381813526154 0.60861593484878544
vn 0.99107480049133296 0.02731878869235515 0.13047747313976288
vn 0.9235801100730896 0.0254583079367876 0.38255938887596128
vn 0.79316371679306032 0.02186340652406215 0.60861593484878544
vn 0.99107480049133296 -0.02731878869235515 0.13047747313976288
vn 0.9235801100730896 -0.0254583079367876 0.38255938887596128
vn 0.79316371679306032 -0.02186340652406215 0.60861593484878544
vn 0.98806494474411008 -0.08187339454889297 0.13047747313976288
vn 0.92077523469924928 -0.07629761099815369 0.38255938887596128
vn 0.79075491428375248 -0.06552381813526154 0.60861593484878544
vn 0.98358315229415888 -0.13639135658740998 0.118159219622612
vn 0.98531967401504512 -0.11003690212965012 0.1305261254310608
vn 0.91517394781112672 -0.12690520286560058 0.38255938887596128
vn 0.78594458103179936 -0.10898523777723312 0.60861593484878544
vn 0.9730613231658936 -0.1900717467069626 0.13047747313976288
vn 0.90679335594177248 -0.17712737619876862 0.38255938887596128
vn 0.77874737977981568 -0.15211567282676696 0.60861593484878544
vn 0.96386575698852544 -0.2440839558839798 0.10670426487922668
vn 0.9670196771621704 -0.21871417760849 0.13052594661712646
vn 0.8956588506698608 -0.22681163251399992 0.38255938887596128
vn 0.76918518543243408 -0.19478413462638856 0.60861593484878544
vn 0.94624602794647216 -0.2959628999233246 0.13047747313976288
vn 0.88180428743362432 -0.27580705285072328 0.38255938887596128
vn 0.75728696584701536 -0.23686105012893676 0.60861593484878544
vn 0.93217426538467408 -0.34901374578475952 0.09612777084112168
vn 0.93677109479904176 -0.32468900084495544 0.1305256336927414
vn 0.86527168750762944 -0.32396486401557924 0.38255938887596128
vn 0.74308884143829344 -0.2782186269760132 0.60861593484878544
vn 0.90794461965560912 -0.39826142787933352 0.13047747313976288
vn 0.84611129760742192 -0.37113881111145016 0.38255938887596128
vn 0.7266340851783752 -0.31873124837875368 0.60861593484878544
vn 0.88891440629959104 -0.44984319806098936 0.08644222468137741
vn 0.8949476480484008 -0.42665192484855648 0.13052520155906678
vn 0.82438123226165776 -0.41718563437461856 0.38255938887596128
vn 0.70797246694564816 -0.3582759201526642 0.60861593484878544
vn 0.85862201452255248 -0.4957256317138672 0.13047747313976288
vn 0.8001476526260376 -0.4619654417037964 0.38255938887596128
vn 0.687160849571228 -0.3967324793338776 0.60861593484878544
vn 0.83463829755783088 -0.54529643058776856 0.07765775173902512
vn 0.8420661091804504 -0.52334308624267576 0.1305246353149414
vn 0.7734839916229248 -0.50534230470657352 0.38255938887596128
vn 0.66426229476928712 -0.4339842200279236 0.60861593484878544
vn 0.79887682199478144 -0.58717238903045656 0.13047747313976288
vn 0.74447125196456912 -0.54718446731567384 0.38255938887596128
vn 0.63934636116027832 -0.46991792321205136 0.60861593484878544
vn 0.770034909248352 -0.63417398929595944 0.06978244334459305
vn 0.77877986431121824 -0.61356776952743528 0.13052394986152648
vn 0.713197648525238 -0.58736479282379152 0.38255938887596128
vn 0.6124888062477112 -0.504424512386322 0.60861593484878544
vn 0.72943443059921264 -0.67149168252944944 0.13047747313976288
vn 0.67975807189941408 -0.6257613897323608 0.38255938887596128
vn 0.5837711691856384 -0.53739923238754272 0.60861593484878544
vn 0.69591945409774784 -0.71536666154861448 0.06282267719507217
vn 0.70587092638015744 -0.69621115922927856 0.13052314519882202
vn 0.6442540884017944 -0.66225749254226688 0.38255938887596128
vn 0.55328059196472168 -0.56874179840087888 0.60861593484878544
vn 0.65113765001297 -0.74765998125076288 0.13047747313976288
vn 0.60679346323013304 -0.6967424154281616 0.38255938887596128
vn 0.52110970020294192 -0.59835720062255856 0.60861593484878544
vn 0.61322170495986936 -0.78786724805831904 0.05678335949778557
vn 0.62424010038375856 -0.7702521085739136 0.130522221326828
vn 0.56749010086059568 -0.72911131381988528 0.38255938887596128
vn 0.48735627532005312 -0.62615537643432616 0.60861593484878544
vn 0.56493693590164184 -0.81475263833999632 0.13047747313976288
vn 0.52646327018737792 -0.7592658996582032 0.38255938887596128
vn 0.45212274789810184 -0.65205192565917968 0.60861593484878544
vn 0.5229734182357788 -0.850781500339508 0.05166822671890259
vn 0.53489607572555544 -0.83477568626403808 0.13052116334438324
vn 0.48383757472038272 -0.78711467981338496 0.38255938887596128
vn 0.41551610827445984 -0.6759682297706604 0.60861593484878544
vn 0.47187864780426024 -0.87195539474487312 0.13047747313976288
vn 0.43974250555038456 -0.81257295608520512 0.38255938887596128
vn 0.37764757871627808 -0.69783163070678712 0.60861593484878544
vn 0.42629510164260864 -0.90333724021911616 0.04748005047440529
vn 0.43894273042678832 -0.88898468017578128 0.13051997125148774
vn 0.39431193470954896 -0.8355635404586792 0.38255938887596128
vn 0.33863216638565064 -0.71757572889328 0.60861593484878544
vn 0.3730924129486084 -0.91857373714447024 0.13047747313976288
vn 0.347683846950531 -0.85601651668548576 0.38255938887596128
vn 0.2985883057117462 -0.73514062166213984 0.60861593484878544
vn 0.32438182830810548 -0.9448920488357544 0.04422081634402275
vn 0.33756574988365172 -0.93220931291580208 0.13051867485046386
vn 0.299999862909317 -0.87386977672576912 0.38255938887596128
vn 0.2576376497745514 -0.7504728436470032 0.60861593484878544
vn 0.2697773277759552 -0.95404183864593504 0.13047747313976288
vn 0.2514047920703888 -0.889069139957428 0.38255938887596128
vn 0.21590456366539 -0.76352596282958992 0.60861593484878544
vn 0.21848912537097932 -0.97493976354598992 0.0418919138610363
vn 0.23201774060726164 -0.963915467262268 0.13051724433898926
vn 0.2020462155342102 -0.90156841278076176 0.38255938887596128
vn 0.17351578176021576 -0.77426028251647952 0.60861593484878544
vn 0.16318751871585846 -0.97792917490005488 0.13047747313976288
vn 0.15207402408123016 -0.91132968664169312 0.38255938887596128
vn 0.13060003519058228 -0.7826431393623352 0.60861593484878544
vn 0.10991799086332322 -0.99311542510986336 0.04049423709511757
vn 0.12360282987356186 -0.98371136188507088 0.1305156946182251
vn 0.1016399934887886 -0.918323278427124 0.38255938887596128
vn 0.08728767186403275 -0.78864920139312752 0.60861593484878544
vn 0.05461683124303818 -0.9899457693099976 0.13047747313976288
vn 0.05089728534221649 -0.9225279092788696 0.38255938887596128
vn 0.04371020942926407 -0.79226011037826544 0.60861593484878544
vn 0 -0.99919855594635008 0.04002829268574714
vn 0.01366062462329864 -0.9913523197174072 0.1305140107870102
vn 0 -0.9239308834075928 0.38255938887596128
vn 0 -0.7934649586677552 0.60861593484878544
vn -0.05461683124303818 -0.9899457693099976 0.13047747313976288
vn -0.05089728534221649 -0.9225279092788696 0.38255938887596128
vn -0.04371020942926407 -0.79226011037826544 0.60861593484878544
vn -0.09645042568445206 -0.98674410581588752 0.13051220774650574
vn -0.10991799086332322 -0.99311542510986336 0.04049423709511757
vn -0.1016399934887886 -0.918323278427124 0.38255938887596128
vn -0.08728767186403275 -0.78864920139312752 0.60861593484878544
vn -0.16318751871585846 -0.97792917490005488 0.13047747313976288
vn -0.15207402408123016 -0.91132968664169312 0.38255938887596128
vn -0.13060003519058228 -0.7826431393623352 0.60861593484878544
vn -0.205369770526886 -0.9699434638023376 0.13051028549671174
vn -0.21848912537097932 -0.97493976354598992 0.0418919138610363
vn -0.2020462155342102 -0.90156841278076176 0.38255938887596128
vn -0.17351578176021576 -0.77426028251647952 0.60861593484878544
vn -0.2697773277759552 -0.95404183864593504 0.13047747313976288
vn -0.2514047920703888 -0.889069139957428 0.38255938887596128
vn -0.21590456366539 -0.76352596282958992 0.60861593484878544
vn -0.3117516040802002 -0.9411580562591552 0.13050822913646698
vn -0.32438182830810548 -0.9448920488357544 0.04422081634402275
vn -0.299999862909317 -0.87386977672576912 0.38255938887596128
vn -0.2576376497745514 -0.7504728436470032 0.60861593484878544
vn -0.3730924129486084 -0.91857373714447024 0.13047747313976288
vn -0.347683846950531 -0.85601651668548576 0.38255938887596128
vn -0.2985883057117462 -0.73514062166213984 0.60861593484878544
vn -0.4142814576625824 -0.90074360370635984 0.13050605356693268
vn -0.42629510164260864 -0.90333724021911616 0.04748005047440529
vn -0.39431193470954896 -0.8355635404586792 0.38255938887596128
vn -0.33863216638565064 -0.71757572889328 0.60861593484878544
vn -0.47187864780426024 -0.87195539474487312 0.13047747313976288
vn -0.43974250555038456 -0.81257295608520512 0.38255938887596128
vn -0.37764757871627808 -0.69783163070678712 0.60861593484878544
vn -0.51169246435165408 -0.84919941425323488 0.13050375878810882
vn -0.5229734182357788 -0.850781500339508 0.05166822671890259
vn -0.48383757472038272 -0.78711467981338496 0.38255938887596128
vn -0.41551610827445984 -0.6759682297706604 0.60861593484878544
vn -0.56493693590164184 -0.81475263833999632 0.13047747313976288
vn -0.52646327018737792 -0.7592658996582032 0.38255938887596128
vn -0.45212274789810184 -0.65205192565917968 0.60861593484878544
vn -0.60278093814849856 -0.78716230392456048 0.13050132989883422
vn -0.61322170495986936 -0.78786724805831904 0.05678335949778557
vn -0.56749010086059568 -0.72911131381988528 0.38255938887596128
vn -0.48735627532005312 -0.62615537643432616 0.60861593484878544
vn -0.65113765001297 -0.74765998125076288 0.13047747313976288
vn -0.60679346323013304 -0.6967424154281616 0.38255938887596128
vn -0.52110970020294192 -0.59835720062255856 0.60861593484878544
vn -0.68642145395278928 -0.715398907661438 0.13049878180027008
vn -0.69591945409774784 -0.71536666154861448 0.06282267719507217
vn -0.6442540884017944 -0.66225749254226688 0.38255938887596128
vn -0.55328059196472168 -0.56874179840087888 0.60861593484878544
vn -0.72943443059921264 -0.67149168252944944 0.13047747313976288
vn -0.67975807189941408 -0.6257613897323608 0.38255938887596128
vn -0.5837711691856384 -0.53739923238754272 0.60861593484878544
vn -0.76158052682876592 -0.63479590415954592 0.13049611449241638
vn -0.770034909248352 -0.63417398929595944 0.06978244334459305
vn -0.713197648525238 -0.58736479282379152 0.38255938887596128
vn -0.6124888062477112 -0.504424512386322 0.60861593484878544
vn -0.79887682199478144 -0.58717238903045656 0.13047747313976288
vn -0.74447125196456912 -0.54718446731567384 0.38255938887596128
vn -0.63934636116027832 -0.46991792321205136 0.60861593484878544
vn -0.82732945680618288 -0.54634922742843624 0.13049332797527314
vn -0.83463829755783088 -0.54529643058776856 0.07765775173902512
vn -0.7734839916229248 -0.50534230470657352 0.38255938887596128
vn -0.66426229476928712 -0.4339842200279236 0.60861593484878544
vn -0.85862201452255248 -0.4957256317138672 0.13047747313976288
vn -0.8001476526260376 -0.4619654417037964 0.38255938887596128
vn -0.687160849571228 -0.3967324793338776 0.60861593484878544
vn -0.88285583257675168 -0.45115169882774352 0.13049040734767914
vn -0.88891440629959104 -0.44984319806098936 0.08644222468137741
vn -0.82438123226165776 -0.41718563437461856 0.38255938887596128
vn -0.70797246694564816 -0.3582759201526642 0.60861593484878544
vn -0.90794461965560912 -0.39826142787933352 0.13047747313976288
vn -0.84611129760742192 -0.37113881111145016 0.38255938887596128
vn -0.7266340851783752 -0.31873124837875368 0.60861593484878544
vn -0.92747354507446288 -0.3503795862197876 0.1304873526096344
vn -0.93217426538467408 -0.34901374578475952 0.09612777084112168
vn -0.86527168750762944 -0.32396486401557924 0.38255938887596128
vn -0.74308884143829344 -0.2782186269760132 0.60861593484878544
vn -0.94624602794647216 -0.2959628999233246 0.13047747313976288
vn -0.88180428743362432 -0.27580705285072328 0.38255938887596128
vn -0.75728696584701536 -0.23686105012893676 0.60861593484878544
vn -0.9606313109397888 -0.24527807533740996 0.1304841935634613
vn -0.96386575698852544 -0.2440839558839798 0.10670426487922668
vn -0.8956588506698608 -0.22681163251399992 0.38255938887596128
vn -0.76918518543243408 -0.19478413462638856 0.60861593484878544
vn -0.9730613231658936 -0.1900717467069626 0.13047747313976288
vn -0.90679335594177248 -0.17712737619876862 0.38255938887596128
vn -0.77874737977981568 -0.15211567282676696 0.60861593484878544
vn -0.98191940784454352 -0.1371457725763321 0.13048090040683746
vn -0.98358315229415888 -0.13639135658740998 0.118159219622612
vn -0.91517394781112672 -0.12690520286560058 0.38255938887596128
vn -0.78594458103179936 -0.10898523777723312 0.60861593484878544
vn -0.98806494474411008 -0.08187339454889297 0.13047747313976288
vn -0.92077523469924928 -0.07629761099815369 0.38255938887596128
vn -0.79075491428375248 -0.06552381813526154 0.60861593484878544
vn -0.99107480049133296 -0.02731878869235515 0.13047747313976288
vn -0.9235801100730896 -0.0254583079367876 0.38255938887596128
vn -0.79316371679306032 -0.02186340652406215 0.60861593484878544
vn -0.98531967401504512 -0.11003690212965012 0.1305261254310608
vn -0.9670196771621704 -0.21871417760849 0.13052594661712646
vn -0.93677109479904176 -0.32468900084495544 0.1305256336927414
vn -0.8949476480484008 -0.42665192484855648 0.13052520155906678
vn -0.8420661091804504 -0.52334308624267576 0.1305246353149414
vn -0.77877986431121824 -0.61356776952743528 0.13052394986152648
vn -0.70587092638015744 -0.69621115922927856 0.13052314519882202
vn -0.62424010038375856 -0.7702521085739136 0.130522221326828
vn -0.53489607572555544 -0.83477568626403808 0.13052116334438324
vn -0.43894273042678832 -0.88898468017578128 0.13051997125148774
vn -0.33756574988365172 -0.93220931291580208 0.13051867485046386
vn -0.23201774060726164 -0.963915467262268 0.13051724433898926
vn -0.12360282987356186 -0.98371136188507088 0.1305156946182251
vn -0.01366062462329864 -0.9913523197174072 0.1305140107870102
vn 0.09645042568445206 -0.98674410581588752 0.13051220774650574
vn 0.205369770526886 -0.9699434638023376 0.13051028549671174
vn 0.3117516040802002 -0.9411580562591552 0.13050822913646698
vn 0.4142814576625824 -0.90074360370635984 0.13050605356693268
vn 0.51169246435165408 -0.84919941425323488 0.13050375878810882
vn 0.60278093814849856 -0.78716230392456048 0.13050132989883422
vn 0.68642145395278928 -0.715398907661438 0.13049878180027008
vn 0.76158052682876592 -0.63479590415954592 0.13049611449241638
vn 0.82732945680618288 -0.54634922742843624 0.13049332797527314
vn 0.88285583257675168 -0.45115169882774352 0.13049040734767914
vn 0.92747354507446288 -0.3503795862197876 0.1304873526096344
vn 0.9606313109397888 -0.24527807533740996 0.1304841935634613
vn 0.98191940784454352 -0.1371457725763321 0.13048090040683746
vn 0.98531967401504512 0.11003690212965012 0.1305261254310608
vn 0.9670196771621704 0.21871417760849 0.13052594661712646
vn 0.93677109479904176 0.32468900084495544 0.1305256336927414
vn 0.8949476480484008 0.42665192484855648 0.13052520155906678
vn 0.8420661091804504 0.52334308624267576 0.1305246353149414
vn 0.77877986431121824 0.61356776952743528 0.13052394986152648
vn 0.70587092638015744 0.69621115922927856 0.13052314519882202
vn 0.62424010038375856 0.7702521085739136 0.130522221326828
vn 0.53489607572555544 0.83477568626403808 0.13052116334438324
vn 0.43894273042678832 0.88898468017578128 0.13051997125148774
vn 0.33756574988365172 0.93220931291580208 0.13051867485046386
vn 0.23201774060726164 0.963915467262268 0.13051724433898926
vn 0.12360282987356186 0.98371136188507088 0.1305156946182251
vn 0.01366062462329864 0.9913523197174072 0.1305140107870102
vn -0.09645042568445206 0.98674410581588752 0.13051220774650574
vn -0.205369770526886 0.9699434638023376 0.13051028549671174
vn -0.3117516040802002 0.9411580562591552 0.13050822913646698
vn -0.4142814576625824 0.90074360370635984 0.13050605356693268
vn -0.51169246435165408 0.84919941425323488 0.13050375878810882
vn -0.60278093814849856 0.78716230392456048 0.13050132989883422
vn -0.68642145395278928 0.715398907661438 0.13049878180027008
vn -0.76158052682876592 0.63479590415954592 0.13049611449241638
vn -0.82732945680618288 0.54634922742843624 0.13049332797527314
vn -0.88285583257675168 0.45115169882774352 0.13049040734767914
vn -0.92747354507446288 0.3503795862197876 0.1304873526096344
vn -0.9606313109397888 0.24527807533740996 0.1304841935634613
vn -0.98191940784454352 0.1371457725763321 0.13048090040683746
vn 0.70697247982025144 0.01948756165802478 0.70697247982025144
vn 0.70482546091079712 0.05840350314974785 0.70697247982025144
vn 0.70053786039352416 0.0971420705318451 0.70697247982025144
vn 0.6941227912902832 0.13558562099933624 0.70697247982025144
vn 0.68559962511062624 0.1736174076795578 0.70697247982025144
vn 0.67499440908432008 0.21112191677093504 0.70697247982025144
vn 0.66233915090560912 0.24798527359962464 0.70697247982025144
vn 0.64767247438430784 0.28409549593925476 0.70697247982025144
vn 0.63103878498077392 0.31934291124343872 0.70697247982025144
vn 0.6124886870384216 0.35362052917480468 0.70697247982025144
vn 0.59207850694656376 0.38682419061660768 0.70697247982025144
vn 0.56987017393112184 0.41885307431221008 0.70697247982025144
vn 0.54593116044998168 0.44960993528366088 0.70697247982025144
vn 0.52033412456512448 0.47900131344795224 0.70697247982025144
vn 0.49315690994262696 0.50693798065185544 0.70697247982025144
vn 0.46448197960853576 0.53333514928817752 0.70697247982025144
vn 0.43439644575119016 0.55811256170272824 0.70697247982025144
vn 0.40299165248870848 0.58119499683380128 0.70697247982025144
vn 0.37036296725273136 0.60251235961914064 0.70697247982025144
vn 0.33660951256752016 0.62199991941452024 0.70697247982025144
vn 0.30183380842208864 0.63959848880767824 0.70697247982025144
vn 0.26614144444465636 0.65525460243225096 0.70697247982025144
vn 0.22964078187942504 0.66892075538635256 0.70697247982025144
vn 0.19244273006916048 0.68055540323257448 0.70697247982025144
vn 0.15466023981571198 0.69012326002120968 0.70697247982025144
vn 0.11640805006027222 0.69759517908096312 0.70697247982025144
vn 0.07780233025550842 0.70294857025146488 0.70697247982025144
vn 0.03896032646298408 0.7061671018600464 0.70697247982025144
vn 0 0.70724105834960936 0.70697247982025144
vn -0.03896032646298408 0.7061671018600464 0.70697247982025144
vn -0.07780233025550842 0.70294857025146488 0.70697247982025144
vn -0.11640805006027222 0.69759517908096312 0.70697247982025144
vn -0.15466023981571198 0.69012326002120968 0.70697247982025144
vn -0.19244273006916048 0.68055540323257448 0.70697247982025144
vn -0.22964078187942504 0.66892075538635256 0.70697247982025144
vn -0.26614144444465636 0.65525460243225096 0.70697247982025144
vn -0.30183380842208864 0.63959848880767824 0.70697247982025144
vn -0.33660951256752016 0.62199991941452024 0.70697247982025144
vn -0.37036296725273136 0.60251235961914064 0.70697247982025144
vn -0.40299165248870848 0.58119499683380128 0.70697247982025144
vn -0.43439644575119016 0.55811256170272824 0.70697247982025144
vn -0.46448197960853576 0.53333514928817752 0.70697247982025144
vn -0.49315690994262696 0.50693798065185544 0.70697247982025144
vn -0.52033412456512448 0.47900131344795224 0.70697247982025144
vn -0.54593116044998168 0.44960993528366088 0.70697247982025144
vn -0.56987017393112184 0.41885307431221008 0.70697247982025144
vn -0.59207850694656376 0.38682419061660768 0.70697247982025144
vn -0.6124886870384216 0.35362052917480468 0.70697247982025144
vn -0.63103878498077392 0.31934291124343872 0.70697247982025144
vn -0.64767247438430784 0.28409549593925476 0.70697247982025144
vn -0.66233915090560912 0.24798527359962464 0.70697247982025144
vn -0.67499440908432008 0.21112191677093504 0.70697247982025144
vn -0.68559962511062624 0.1736174076795578 0.70697247982025144
vn -0.6941227912902832 0.13558562099933624 0.70697247982025144
vn -0.70053786039352416 0.0971420705318451 0.70697247982025144
vn -0.70482546091079712 0.05840350314974785 0.70697247982025144
vn -0.70697247982025144 0.01948756165802478 0.70697247982025144
vn -0.70697247982025144 -0.01948756165802478 0.70697247982025144
vn -0.70482546091079712 -0.05840350314974785 0.70697247982025144
vn -0.70053786039352416 -0.0971420705318451 0.70697247982025144
vn -0.6941227912902832 -0.13558562099933624 0.70697247982025144
vn -0.68559962511062624 -0.1736174076795578 0.70697247982025144
vn -0.67499440908432008 -0.21112191677093504 0.70697247982025144
vn -0.66233915090560912 -0.24798527359962464 0.70697247982025144
vn -0.64767247438430784 -0.28409549593925476 0.70697247982025144
vn -0.63103878498077392 -0.31934291124343872 0.70697247982025144
vn -0.6124886870384216 -0.35362052917480468 0.70697247982025144
vn -0.59207850694656376 -0.38682419061660768 0.70697247982025144
vn -0.56987017393112184 -0.41885307431221008 0.70697247982025144
vn -0.54593116044998168 -0.44960993528366088 0.70697247982025144
vn -0.52033412456512448 -0.47900131344795224 0.70697247982025144
vn -0.49315690994262696 -0.50693798065185544 0.70697247982025144
vn -0.46448197960853576 -0.53333514928817752 0.70697247982025144
vn -0.43439644575119016 -0.55811256170272824 0.70697247982025144
vn -0.40299165248870848 -0.58119499683380128 0.70697247982025144
vn -0.37036296725273136 -0.60251235961914064 0.70697247982025144
vn -0.33660951256752016 -0.62199991941452024 0.70697247982025144
vn -0.30183380842208864 -0.63959848880767824 0.70697247982025144
vn -0.26614144444465636 -0.65525460243225096 0.70697247982025144
vn -0.22964078187942504 -0.66892075538635256 0.70697247982025144
vn -0.19244273006916048 -0.68055540323257448 0.70697247982025144
vn -0.15466023981571198 -0.69012326002120968 0.70697247982025144
vn -0.11640805006027222 -0.69759517908096312 0.70697247982025144
vn -0.07780233025550842 -0.70294857025146488 0.70697247982025144
vn -0.03896032646298408 -0.7061671018600464 0.70697247982025144
vn 0 -0.70724105834960936 0.70697247982025144
vn 0.03896032646298408 -0.7061671018600464 0.70697247982025144
vn 0.07780233025550842 -0.70294857025146488 0.70697247982025144
vn 0.11640805006027222 -0.69759517908096312 0.70697247982025144
vn 0.15466023981571198 -0.69012326002120968 0.70697247982025144
vn 0.19244273006916048 -0.68055540323257448 0.70697247982025144
vn 0.22964078187942504 -0.66892075538635256 0.70697247982025144
vn 0.26614144444465636 -0.65525460243225096 0.70697247982025144
vn 0.30183380842208864 -0.63959848880767824 0.70697247982025144
vn 0.33660951256752016 -0.62199991941452024 0.70697247982025144
vn 0.37036296725273136 -0.60251235961914064 0.70697247982025144
vn 0.40299165248870848 -0.58119499683380128 0.70697247982025144
vn 0.43439644575119016 -0.55811256170272824 0.70697247982025144
vn 0.46448197960853576 -0.53333514928817752 0.70697247982025144
vn 0.49315690994262696 -0.50693798065185544 0.70697247982025144
vn 0.52033412456512448 -0.47900131344795224 0.70697247982025144
vn 0.54593116044998168 -0.44960993528366088 0.70697247982025144
vn 0.56987017393112184 -0.41885307431221008 0.70697247982025144
vn 0.59207850694656376 -0.38682419061660768 0.70697247982025144
vn 0.6124886870384216 -0.35362052917480468 0.70697247982025144
vn 0.63103878498077392 -0.31934291124343872 0.70697247982025144
vn 0.64767247438430784 -0.28409549593925476 0.70697247982025144
vn 0.66233915090560912 -0.24798527359962464 0.70697247982025144
vn 0.67499440908432008 -0.21112191677093504 0.70697247982025144
vn 0.68559962511062624 -0.1736174076795578 0.70697247982025144
vn 0.6941227912902832 -0.13558562099933624 0.70697247982025144
vn 0.70053786039352416 -0.0971420705318451 0.70697247982025144
vn 0.70482546091079712 -0.05840350314974785 0.70697247982025144
vn 0.70697247982025144 -0.01948756165802478 0.70697247982025144
vn 0.13052535057067872 0.00359790632501244 0.99143844842910768
vn 0.38266214728355408 0.01054800860583782 0.923828125
vn 0.60867571830749512 0.01677802950143814 0.79324167966842656
vn 0.13012894988059998 0.01078279223293066 0.99143844842910768
vn 0.38150000572204592 0.03161199390888214 0.923828125
vn 0.60682719945907592 0.05028313770890236 0.79324167966842656
vn 0.12933734059333802 0.01793493144214153 0.99143844842910768
vn 0.37917926907539368 0.05257996916770935 0.923828125
vn 0.6031357645988464 0.08363553136587143 0.79324167966842656
vn 0.12815295159816742 0.02503260225057602 0.99143844842910768
vn 0.37570697069168088 0.07338826358318329 0.923828125
vn 0.5976126194000244 0.11673393100500106 0.79324167966842656
vn 0.12657937407493592 0.03205424919724464 0.99143844842910768
vn 0.3710936903953552 0.09397368133068084 0.923828125
vn 0.59027457237243656 0.14947780966758728 0.79324167966842656
vn 0.12462136149406434 0.03897855058312416 0.99143844842910768
vn 0.36535337567329408 0.11427370458841324 0.923828125
vn 0.5811437964439392 0.18176773190498352 0.79324167966842656
vn 0.1222848892211914 0.04578447341918945 0.99143844842910768
vn 0.358503520488739 0.13422667980194092 0.923828125
vn 0.57024818658828736 0.21350564062595368 0.79324167966842656
vn 0.11957703530788422 0.05245134979486465 0.99143844842910768
vn 0.35056489706039428 0.1537720113992691 0.923828125
vn 0.55762070417404176 0.24459512531757356 0.79324167966842656
vn 0.11650603264570236 0.05895893648266792 0.99143844842910768
vn 0.34156161546707152 0.1728503555059433 0.923828125
vn 0.54329979419708248 0.27494180202484132 0.79324167966842656
vn 0.1130812019109726 0.06528746336698532 0.99143844842910768
vn 0.33152100443840028 0.19140374660491944 0.923828125
vn 0.52732884883880616 0.30445346236228944 0.79324167966842656
vn 0.10931295156478882 0.07141771167516708 0.99143844842910768
vn 0.32047361135482788 0.20937585830688476 0.923828125
vn 0.50975650548934936 0.33304053544998168 0.79324167966842656
vn 0.1052127182483673 0.07733107358217239 0.99143844842910768
vn 0.30845293402671812 0.22671209275722504 0.923828125
vn 0.49063596129417416 0.36061614751815792 0.79324167966842656
vn 0.10079295933246612 0.08300957828760147 0.99143844842910768
vn 0.29549548029899596 0.24335981905460356 0.923828125
vn 0.47002539038658144 0.3870966136455536 0.79324167966842656
vn 0.09606709331274032 0.08843599259853363 0.99143844842910768
vn 0.28164061903953552 0.25926846265792848 0.923828125
vn 0.4479874074459076 0.41240143775939944 0.79324167966842656
vn 0.09104947745800018 0.09359382092952728 0.99143844842910768
vn 0.2669304311275482 0.27438971400260924 0.923828125
vn 0.42458885908126832 0.43645384907722472 0.79324167966842656
vn 0.08575534820556641 0.09846741706132888 0.99143844842910768
vn 0.2514095902442932 0.28867766261100768 0.923828125
vn 0.39990085363388064 0.45918074250221256 0.79324167966842656
vn 0.08020077645778656 0.10304196178913116 0.99143844842910768
vn 0.23512522876262664 0.30208888649940492 0.923828125
vn 0.37399837374687192 0.48051312565803528 0.79324167966842656
vn 0.07440264523029327 0.10730357468128204 0.99143844842910768
vn 0.21812678873538972 0.31458270549774168 0.923828125
vn 0.34696006774902344 0.50038623809814456 0.79324167966842656
vn 0.06837855279445648 0.11123931407928466 0.99143844842910768
vn 0.20046591758728028 0.32612112164497376 0.923828125
vn 0.31886807084083556 0.518739640712738 0.79324167966842656
vn 0.06214679405093193 0.11483722180128098 0.99143844842910768
vn 0.1821962296962738 0.33666914701461792 0.923828125
vn 0.28980767726898192 0.535517692565918 0.79324167966842656
vn 0.0557263009250164 0.11808636784553528 0.99143844842910768
vn 0.16337321698665618 0.34619468450546264 0.923828125
vn 0.25986713171005248 0.55066937208175656 0.79324167966842656
vn 0.04913656786084175 0.12097689509391784 0.99143844842910768
vn 0.14405404031276702 0.35466885566711424 0.923828125
vn 0.22913739085197448 0.56414866447448728 0.79324167966842656
vn 0.04239761084318161 0.1235000193119049 0.99143844842910768
vn 0.1242973878979683 0.36206594109535216 0.923828125
vn 0.1977117657661438 0.57591468095779416 0.79324167966842656
vn 0.03552988916635513 0.12564806640148162 0.99143844842910768
vn 0.10416324436664582 0.36836341023445128 0.923828125
vn 0.16568568348884582 0.585931658744812 0.79324167966842656
vn 0.028554268181324 0.1274145394563675 0.99143844842910768
vn 0.08371275663375854 0.37354215979576112 0.923828125
vn 0.1331564337015152 0.59416919946670536 0.79324167966842656
vn 0.02149192616343498 0.12879405915737152 0.99143844842910768
vn 0.06300804018974304 0.37758648395538328 0.923828125
vn 0.10022278875112534 0.60060226917266848 0.79324167966842656
vn 0.01436431519687175 0.12978242337703704 0.99143844842910768
vn 0.04211197048425674 0.38048410415649416 0.923828125
vn 0.06698476523160934 0.60521125793457032 0.79324167966842656
vn 0.00719308014959096 0.1303766518831253 0.99143844842910768
vn 0.02108800783753395 0.38222619891166688 0.923828125
vn 0.03354331851005554 0.60798233747482296 0.79324167966842656
vn 0 0.13057492673397064 0.99143844842910768
vn 0 0.38280749320983888 0.923828125
vn 0 0.60890692472457888 0.79324167966842656
vn -0.00719308014959096 0.1303766518831253 0.99143844842910768
vn -0.02108800783753395 0.38222619891166688 0.923828125
vn -0.03354331851005554 0.60798233747482296 0.79324167966842656
vn -0.01436431519687175 0.12978242337703704 0.99143844842910768
vn -0.04211197048425674 0.38048410415649416 0.923828125
vn -0.06698476523160934 0.60521125793457032 0.79324167966842656
vn -0.02149192616343498 0.12879405915737152 0.99143844842910768
vn -0.06300804018974304 0.37758648395538328 0.923828125
vn -0.10022278875112534 0.60060226917266848 0.79324167966842656
vn -0.028554268181324 0.1274145394563675 0.99143844842910768
vn -0.08371275663375854 0.37354215979576112 0.923828125
vn -0.1331564337015152 0.59416919946670536 0.79324167966842656
vn -0.03552988916635513 0.12564806640148162 0.99143844842910768
vn -0.10416324436664582 0.36836341023445128 0.923828125
vn -0.16568568348884582 0.585931658744812 0.79324167966842656
vn -0.04239761084318161 0.1235000193119049 0.99143844842910768
vn -0.1242973878979683 0.36206594109535216 0.923828125
vn -0.1977117657661438 0.57591468095779416 0.79324167966842656
vn -0.04913656786084175 0.12097689509391784 0.99143844842910768
vn -0.14405404031276702 0.35466885566711424 0.923828125
vn -0.22913739085197448 0.56414866447448728 0.79324167966842656
vn -0.0557263009250164 0.11808636784553528 0.99143844842910768
vn -0.16337321698665618 0.34619468450546264 0.923828125
vn -0.25986713171005248 0.55066937208175656 0.79324167966842656
vn -0.06214679405093193 0.11483722180128098 0.99143844842910768
vn -0.1821962296962738 0.33666914701461792 0.923828125
vn -0.28980767726898192 0.535517692565918 0.79324167966842656
vn -0.06837855279445648 0.11123931407928466 0.99143844842910768
vn -0.20046591758728028 0.32612112164497376 0.923828125
vn -0.31886807084083556 0.518739640712738 0.79324167966842656
vn -0.07440264523029327 0.10730357468128204 0.99143844842910768
vn -0.21812678873538972 0.31458270549774168 0.923828125
vn -0.34696006774902344 0.50038623809814456 0.79324167966842656
vn -0.08020077645778656 0.10304196178913116 0.99143844842910768
vn -0.23512522876262664 0.30208888649940492 0.923828125
vn -0.37399837374687192 0.48051312565803528 0.79324167966842656
vn -0.08575534820556641 0.09846741706132888 0.99143844842910768
vn -0.2514095902442932 0.28867766261100768 0.923828125
vn -0.39990085363388064 0.45918074250221256 0.79324167966842656
vn -0.09104947745800018 0.09359382092952728 0.99143844842910768
vn -0.2669304311275482 0.27438971400260924 0.923828125
vn -0.42458885908126832 0.43645384907722472 0.79324167966842656
vn -0.09606709331274032 0.08843599259853363 0.99143844842910768
vn -0.28164061903953552 0.25926846265792848 0.923828125
vn -0.4479874074459076 0.41240143775939944 0.79324167966842656
vn -0.10079295933246612 0.08300957828760147 0.99143844842910768
vn -0.29549548029899596 0.24335981905460356 0.923828125
vn -0.47002539038658144 0.3870966136455536 0.79324167966842656
vn -0.1052127182483673 0.07733107358217239 0.99143844842910768
vn -0.30845293402671812 0.22671209275722504 0.923828125
vn -0.49063596129417416 0.36061614751815792 0.79324167966842656
vn -0.10931295156478882 0.07141771167516708 0.99143844842910768
vn -0.32047361135482788 0.20937585830688476 0.923828125
vn -0.50975650548934936 0.33304053544998168 0.79324167966842656
vn -0.1130812019109726 0.06528746336698532 0.99143844842910768
vn -0.33152100443840028 0.19140374660491944 0.923828125
vn -0.52732884883880616 0.30445346236228944 0.79324167966842656
vn -0.11650603264570236 0.05895893648266792 0.99143844842910768
vn -0.34156161546707152 0.1728503555059433 0.923828125
vn -0.54329979419708248 0.27494180202484132 0.79324167966842656
vn -0.11957703530788422 0.05245134979486465 0.99143844842910768
vn -0.35056489706039428 0.1537720113992691 0.923828125
vn -0.55762070417404176 0.24459512531757356 0.79324167966842656
vn -0.1222848892211914 0.04578447341918945 0.99143844842910768
vn -0.358503520488739 0.13422667980194092 0.923828125
vn -0.57024818658828736 0.21350564062595368 0.79324167966842656
vn -0.12462136149406434 0.03897855058312416 0.99143844842910768
vn -0.36535337567329408 0.11427370458841324 0.923828125
vn -0.5811437964439392 0.18176773190498352 0.79324167966842656
vn -0.12657937407493592 0.03205424919724464 0.99143844842910768
vn -0.3710936903953552 0.09397368133068084 0.923828125
vn -0.59027457237243656 0.14947780966758728 0.79324167966842656
vn -0.12815295159816742 0.02503260225057602 0.99143844842910768
vn -0.37570697069168088 0.07338826358318329 0.923828125
vn -0.5976126194000244 0.11673393100500106 0.79324167966842656
vn -0.12933734059333802 0.01793493144214153 0.99143844842910768
vn -0.37917926907539368 0.05257996916770935 0.923828125
vn -0.6031357645988464 0.08363553136587143 0.79324167966842656
vn -0.13012894988059998 0.01078279223293066 0.99143844842910768
vn -0.38150000572204592 0.03161199390888214 0.923828125
vn -0.60682719945907592 0.05028313770890236 0.79324167966842656
vn -0.13052535057067872 0.00359790632501244 0.99143844842910768
vn -0.38266214728355408 0.01054800860583782 0.923828125
vn -0.60867571830749512 0.01677802950143814 0.79324167966842656
vn -0.13052535057067872 -0.00359790632501244 0.99143844842910768
vn -0.38266214728355408 -0.01054800860583782 0.923828125
vn -0.60867571830749512 -0.01677802950143814 0.79324167966842656
vn -0.13012894988059998 -0.01078279223293066 0.99143844842910768
vn -0.38150000572204592 -0.03161199390888214 0.923828125
vn -0.60682719945907592 -0.05028313770890236 0.79324167966842656
vn -0.12933734059333802 -0.01793493144214153 0.99143844842910768
vn -0.37917926907539368 -0.05257996916770935 0.923828125
vn -0.6031357645988464 -0.08363553136587143 0.79324167966842656
vn -0.12815295159816742 -0.02503260225057602 0.99143844842910768
vn -0.37570697069168088 -0.07338826358318329 0.923828125
vn -0.5976126194000244 -0.11673393100500106 0.79324167966842656
vn -0.12657937407493592 -0.03205424919724464 0.99143844842910768
vn -0.3710936903953552 -0.09397368133068084 0.923828125
vn -0.59027457237243656 -0.14947780966758728 0.79324167966842656
vn -0.12462136149406434 -0.03897855058312416 0.99143844842910768
vn -0.36535337567329408 -0.11427370458841324 0.923828125
vn -0.5811437964439392 -0.18176773190498352 0.79324167966842656
vn -0.1222848892211914 -0.04578447341918945 0.99143844842910768
vn -0.358503520488739 -0.13422667980194092 0.923828125
vn -0.57024818658828736 -0.21350564062595368 0.79324167966842656
vn -0.11957703530788422 -0.05245134979486465 0.99143844842910768
vn -0.35056489706039428 -0.1537720113992691 0.923828125
vn -0.55762070417404176 -0.24459512531757356 0.79324167966842656
vn -0.11650603264570236 -0.05895893648266792 0.99143844842910768
vn -0.34156161546707152 -0.1728503555059433 0.923828125
vn -0.54329979419708248 -0.27494180202484132 0.79324167966842656
vn -0.1130812019109726 -0.06528746336698532 0.99143844842910768
vn -0.33152100443840028 -0.19140374660491944 0.923828125
vn -0.52732884883880616 -0.30445346236228944 0.79324167966842656
vn -0.10931295156478882 -0.07141771167516708 0.99143844842910768
vn -0.32047361135482788 -0.20937585830688476 0.923828125
vn -0.50975650548934936 -0.33304053544998168 0.79324167966842656
vn -0.1052127182483673 -0.07733107358217239 0.99143844842910768
vn -0.30845293402671812 -0.22671209275722504 0.923828125
vn -0.49063596129417416 -0.36061614751815792 0.79324167966842656
vn -0.10079295933246612 -0.08300957828760147 0.99143844842910768
vn -0.29549548029899596 -0.24335981905460356 0.923828125
vn -0.47002539038658144 -0.3870966136455536 0.79324167966842656
vn -0.09606709331274032 -0.08843599259853363 0.99143844842910768
vn -0.28164061903953552 -0.25926846265792848 0.923828125
vn -0.4479874074459076 -0.41240143775939944 0.79324167966842656
vn -0.09104947745800018 -0.09359382092952728 0.99143844842910768
vn -0.2669304311275482 -0.27438971400260924 0.923828125
vn -0.42458885908126832 -0.43645384907722472 0.79324167966842656
vn -0.08575534820556641 -0.09846741706132888 0.99143844842910768
vn -0.2514095902442932 -0.28867766261100768 0.923828125
vn -0.39990085363388064 -0.45918074250221256 0.79324167966842656
vn -0.08020077645778656 -0.10304196178913116 0.99143844842910768
vn -0.23512522876262664 -0.30208888649940492 0.923828125
vn -0.37399837374687192 -0.48051312565803528 0.79324167966842656
vn -0.07440264523029327 -0.10730357468128204 0.99143844842910768
vn -0.21812678873538972 -0.31458270549774168 0.923828125
vn -0.34696006774902344 -0.50038623809814456 0.79324167966842656
vn -0.06837855279445648 -0.11123931407928466 0.99143844842910768
vn -0.20046591758728028 -0.32612112164497376 0.923828125
vn -0.31886807084083556 -0.518739640712738 0.79324167966842656
vn -0.06214679405093193 -0.11483722180128098 0.99143844842910768
vn -0.1821962296962738 -0.33666914701461792 0.923828125
vn -0.28980767726898192 -0.535517692565918 0.79324167966842656
vn -0.0557263009250164 -0.11808636784553528 0.99143844842910768
vn -0.16337321698665618 -0.34619468450546264 0.923828125
vn -0.25986713171005248 -0.55066937208175656 0.79324167966842656
vn -0.04913656786084175 -0.12097689509391784 0.99143844842910768
vn -0.14405404031276702 -0.35466885566711424 0.923828125
vn -0.22913739085197448 -0.56414866447448728 0.79324167966842656
vn -0.04239761084318161 -0.1235000193119049 0.99143844842910768
vn -0.1242973878979683 -0.36206594109535216 0.923828125
vn -0.1977117657661438 -0.57591468095779416 0.79324167966842656
vn -0.03552988916635513 -0.12564806640148162 0.99143844842910768
vn -0.10416324436664582 -0.36836341023445128 0.923828125
vn -0.16568568348884582 -0.585931658744812 0.79324167966842656
vn -0.028554268181324 -0.1274145394563675 0.99143844842910768
vn -0.08371275663375854 -0.37354215979576112 0.923828125
vn -0.1331564337015152 -0.59416919946670536 0.79324167966842656
vn -0.02149192616343498 -0.12879405915737152 0.99143844842910768
vn -0.06300804018974304 -0.37758648395538328 0.923828125
vn -0.10022278875112534 -0.60060226917266848 0.79324167966842656
vn -0.01436431519687175 -0.12978242337703704 0.99143844842910768
vn -0.04211197048425674 -0.38048410415649416 0.923828125
vn -0.06698476523160934 -0.60521125793457032 0.79324167966842656
vn -0.00719308014959096 -0.1303766518831253 0.99143844842910768
vn -0.02108800783753395 -0.38222619891166688 0.923828125
vn -0.03354331851005554 -0.60798233747482296 0.79324167966842656
vn 0 -0.13057492673397064 0.99143844842910768
vn 0 -0.38280749320983888 0.923828125
vn 0 -0.60890692472457888 0.79324167966842656
vn 0.00719308014959096 -0.1303766518831253 0.99143844842910768
vn 0.02108800783753395 -0.38222619891166688 0.923828125
vn 0.03354331851005554 -0.60798233747482296 0.79324167966842656
vn 0.01436431519687175 -0.12978242337703704 0.99143844842910768
vn 0.04211197048425674 -0.38048410415649416 0.923828125
vn 0.06698476523160934 -0.60521125793457032 0.79324167966842656
vn 0.02149192616343498 -0.12879405915737152 0.99143844842910768
vn 0.06300804018974304 -0.37758648395538328 0.923828125
vn 0.10022278875112534 -0.60060226917266848 0.79324167966842656
vn 0.028554268181324 -0.1274145394563675 0.99143844842910768
vn 0.08371275663375854 -0.37354215979576112 0.923828125
vn 0.1331564337015152 -0.59416919946670536 0.79324167966842656
vn 0.03552988916635513 -0.12564806640148162 0.99143844842910768
vn 0.10416324436664582 -0.36836341023445128 0.923828125
vn 0.16568568348884582 -0.585931658744812 0.79324167966842656
vn 0.04239761084318161 -0.1235000193119049 0.99143844842910768
vn 0.1242973878979683 -0.36206594109535216 0.923828125
vn 0.1977117657661438 -0.57591468095779416 0.79324167966842656
vn 0.04913656786084175 -0.12097689509391784 0.99143844842910768
vn 0.14405404031276702 -0.35466885566711424 0.923828125
vn 0.22913739085197448 -0.56414866447448728 0.79324167966842656
vn 0.0557263009250164 -0.11808636784553528 0.99143844842910768
vn 0.16337321698665618 -0.34619468450546264 0.923828125
vn 0.25986713171005248 -0.55066937208175656 0.79324167966842656
vn 0.06214679405093193 -0.11483722180128098 0.99143844842910768
vn 0.1821962296962738 -0.33666914701461792 0.923828125
vn 0.28980767726898192 -0.535517692565918 0.79324167966842656
vn 0.06837855279445648 -0.11123931407928466 0.99143844842910768
vn 0.20046591758728028 -0.32612112164497376 0.923828125
vn 0.31886807084083556 -0.518739640712738 0.79324167966842656
vn 0.07440264523029327 -0.10730357468128204 0.99143844842910768
vn 0.21812678873538972 -0.31458270549774168 0.923828125
vn 0.34696006774902344 -0.50038623809814456 0.79324167966842656
vn 0.08020077645778656 -0.10304196178913116 0.99143844842910768
vn 0.23512522876262664 -0.30208888649940492 0.923828125
vn 0.37399837374687192 -0.48051312565803528 0.79324167966842656
vn 0.08575534820556641 -0.09846741706132888 0.99143844842910768
vn 0.2514095902442932 -0.28867766261100768 0.923828125
vn 0.39990085363388064 -0.45918074250221256 0.79324167966842656
vn 0.09104947745800018 -0.09359382092952728 0.99143844842910768
vn 0.2669304311275482 -0.27438971400260924 0.923828125
vn 0.42458885908126832 -0.43645384907722472 0.79324167966842656
vn 0.09606709331274032 -0.08843599259853363 0.99143844842910768
vn 0.28164061903953552 -0.25926846265792848 0.923828125
vn 0.4479874074459076 -0.41240143775939944 0.79324167966842656
vn 0.10079295933246612 -0.08300957828760147 0.99143844842910768
vn 0.29549548029899596 -0.24335981905460356 0.923828125
vn 0.47002539038658144 -0.3870966136455536 0.79324167966842656
vn 0.1052127182483673 -0.07733107358217239 0.99143844842910768
vn 0.30845293402671812 -0.22671209275722504 0.923828125
vn 0.49063596129417416 -0.36061614751815792 0.79324167966842656
vn 0.10931295156478882 -0.07141771167516708 0.99143844842910768
vn 0.32047361135482788 -0.20937585830688476 0.923828125
vn 0.50975650548934936 -0.33304053544998168 0.79324167966842656
vn 0.1130812019109726 -0.06528746336698532 0.99143844842910768
vn 0.33152100443840028 -0.19140374660491944 0.923828125
vn 0.52732884883880616 -0.30445346236228944 0.79324167966842656
vn 0.11650603264570236 -0.05895893648266792 0.99143844842910768
vn 0.34156161546707152 -0.1728503555059433 0.923828125
vn 0.54329979419708248 -0.27494180202484132 0.79324167966842656
vn 0.11957703530788422 -0.05245134979486465 0.99143844842910768
vn 0.35056489706039428 -0.1537720113992691 0.923828125
vn 0.55762070417404176 -0.24459512531757356 0.79324167966842656
vn 0.1222848892211914 -0.04578447341918945 0.99143844842910768
vn 0.358503520488739 -0.13422667980194092 0.923828125
vn 0.57024818658828736 -0.21350564062595368 0.79324167966842656
vn 0.12462136149406434 -0.03897855058312416 0.99143844842910768
vn 0.36535337567329408 -0.11427370458841324 0.923828125
vn 0.5811437964439392 -0.18176773190498352 0.79324167966842656
vn 0.12657937407493592 -0.03205424919724464 0.99143844842910768
vn 0.3710936903953552 -0.09397368133068084 0.923828125
vn 0.59027457237243656 -0.14947780966758728 0.79324167966842656
vn 0.12815295159816742 -0.02503260225057602 0.99143844842910768
vn 0.37570697069168088 -0.07338826358318329 0.923828125
vn 0.5976126194000244 -0.11673393100500106 0.79324167966842656
vn 0.12933734059333802 -0.01793493144214153 0.99143844842910768
vn 0.37917926907539368 -0.05257996916770935 0.923828125
vn 0.6031357645988464 -0.08363553136587143 0.79324167966842656
vn 0.13012894988059998 -0.01078279223293066 0.99143844842910768
vn 0.38150000572204592 -0.03161199390888214 0.923828125
vn 0.60682719945907592 -0.05028313770890236 0.79324167966842656
vn 0.13052535057067872 -0.00359790632501244 0.99143844842910768
vn 0.38266214728355408 -0.01054800860583782 0.923828125
vn 0.60867571830749512 -0.01677802950143814 0.79324167966842656
vn 0.9985546469688416 -0.05147259682416916 -0.01546639762818813
vn 0.9996684789657592 -0.02574791386723518 0
vn 0.98796969652175904 -0.15387217700481414 -0.01546639762818813
vn 0.99172270298004144 -0.1283983588218689 0
vn 0.97326439619064336 -0.22968773543834688 0
vn 0.96691203117370608 -0.25464066863059996 -0.01546639762818813
vn 0.9356048703193664 -0.35270988941192628 -0.01546639762818813
vn 0.94448924064636224 -0.32854238152503968 0
vn 0.8943800926208496 -0.44704031944274904 -0.01546639762818813
vn 0.90570223331451424 -0.4239144027233124 0
vn 0.85731464624404912 -0.514792799949646 0
vn 0.84367465972900384 -0.53663200139999392 -0.01546639762818813
vn 0.78402602672576912 -0.62053525447845456 -0.01546639762818813
vn 0.79983925819396976 -0.60021430253982544 0
vn 0.73388534784317024 -0.67927336692810056 0
vn 0.71606653928756712 -0.69786065816879272 -0.01546639762818813
vn 0.66015213727951048 -0.75113195180892944 0
vn 0.6405165791511536 -0.76778858900070192 -0.01546639762818813
vn 0.57942110300064088 -0.81502830982208256 0
vn 0.55817693471908568 -0.82957780361175536 -0.01546639762818813
vn 0.46992051601409912 -0.88257324695587152 -0.01546639762818813
vn 0.49254807829856872 -0.87028521299362176 0
vn -0.49254807829856872 -0.87028521299362176 0
vn -0.51473122835159304 -0.85721206665039056 -0.01546639762818813
vn -0.60014247894287112 -0.79974359273910528 -0.01546639762818813
vn -0.57942110300064088 -0.81502830982208256 0
vn -0.66015213727951048 -0.75113195180892944 0
vn -0.67919206619262696 -0.7337976098060608 -0.01546639762818813
vn -0.75104206800460816 -0.66007316112518312 -0.01546639762818813
vn -0.73388534784317024 -0.67927336692810056 0
vn -0.79983925819396976 -0.60021430253982544 0
vn -0.81493085622787472 -0.57935178279876712 -0.01546639762818813
vn -0.85731464624404912 -0.514792799949646 0
vn -0.870181143283844 -0.49248915910720824 -0.01546639762818813
vn -0.9162073135375976 -0.40040600299835208 -0.01546639762818813
vn -0.90570223331451424 -0.4239144027233124 0
vn -0.94448924064636224 -0.32854238152503968 0
vn -0.95252144336700432 -0.30407845973968504 -0.01546639762818813
vn -0.9787386059761048 -0.20452760159969328 -0.01546639762818813
vn -0.97326439619064336 -0.22968773543834688 0
vn -0.99172270298004144 -0.1283983588218689 0
vn -0.99458092451095584 -0.10280869901180268 -0.01546639762818813
vn -0.9996684789657592 -0.02574791386723518 0
vn -0.99988037347793584 0 -0.01546639762818813
vn -0.99458092451095584 0.10280869901180268 -0.01546639762818813
vn -0.99701750278472896 0.07717546075582504 0
vn -0.98379796743392944 0.17928075790405274 0
vn -0.9787386059761048 0.20452760159969328 -0.01546639762818813
vn -0.95252144336700432 0.30407845973968504 -0.01546639762818813
vn -0.96014988422393792 0.27948564291000368 0
vn -0.9162073135375976 0.40040600299835208 -0.01546639762818813
vn -0.92632395029068 0.37672787904739376 0
vn -0.870181143283844 0.49248915910720824 -0.01546639762818813
vn -0.8826788067817688 0.46997675299644472 0
vn -0.81493085622787472 0.57935178279876712 -0.01546639762818813
vn -0.8296769857406616 0.55824375152587888 0
vn -0.7678804397583008 0.64059317111968992 0
vn -0.75104206800460816 0.66007316112518312 -0.01546639762818813
vn -0.67919206619262696 0.7337976098060608 -0.01546639762818813
vn -0.69794416427612304 0.71615219116210936 0
vn -0.62060946226119992 0.7841197848320008 0
vn -0.60014247894287112 0.79974359273910528 -0.01546639762818813
vn -0.53669619560241696 0.84377557039260864 0
vn -0.51473122835159304 0.85721206665039056 -0.01546639762818813
vn -0.42386367917060856 0.90559393167495728 -0.01546639762818813
vn -0.44709378480911256 0.89448708295822144 0
vn -0.35275208950042724 0.93571680784225456 0
vn -0.32850307226181032 0.94437623023986816 -0.01546639762818813
vn -0.2296602725982666 0.97314798831939696 -0.01546639762818813
vn -0.2546711266040802 0.96702772378921504 0
vn -0.15389057993888854 0.98808789253234864 0
vn -0.12838299572467804 0.99160403013229376 -0.01546639762818813
vn -0.02574483305215835 0.99954891204833984 -0.01546639762818813
vn -0.05147875472903252 0.99867409467697136 0
vn 0.07716622948646545 0.99689829349517824 -0.01546639762818813
vn 0.05147875472903252 0.99867409467697136 0
vn 0.15389057993888854 0.98808789253234864 0
vn 0.17925931513309478 0.98368024826049808 -0.01546639762818813
vn 0.27945220470428468 0.96003502607345584 -0.01546639762818813
vn 0.2546711266040802 0.96702772378921504 0
vn 0.35275208950042724 0.93571680784225456 0
vn 0.3766828179359436 0.92621314525604256 -0.01546639762818813
vn 0.46992051601409912 0.88257324695587152 -0.01546639762818813
vn 0.44709378480911256 0.89448708295822144 0
vn 0.53669619560241696 0.84377557039260864 0
vn 0.55817693471908568 0.82957780361175536 -0.01546639762818813
vn 0.62060946226119992 0.7841197848320008 0
vn 0.6405165791511536 0.76778858900070192 -0.01546639762818813
vn 0.69794416427612304 0.71615219116210936 0
vn 0.71606653928756712 0.69786065816879272 -0.01546639762818813
vn 0.7678804397583008 0.64059317111968992 0
vn 0.78402602672576912 0.62053525447845456 -0.01546639762818813
vn 0.8296769857406616 0.55824375152587888 0
vn 0.84367465972900384 0.53663200139999392 -0.01546639762818813
vn 0.8943800926208496 0.44704031944274904 -0.01546639762818813
vn 0.8826788067817688 0.46997675299644472 0
vn 0.92632395029068 0.37672787904739376 0
vn 0.9356048703193664 0.35270988941192628 -0.01546639762818813
vn 0.96014988422393792 0.27948564291000368 0
vn 0.96691203117370608 0.25464066863059996 -0.01546639762818813
vn 0.98379796743392944 0.17928075790405274 0
vn 0.98796969652175904 0.15387217700481414 -0.01546639762818813
vn 0.99701750278472896 0.07717546075582504 0
vn 0.9985546469688416 0.05147259682416916 -0.01546639762818813
vn 0.37671539187431336 -0.92629319429397584 -0.00814977288246154
vn 0.41709718108177184 -0.9088618755340576 0
vn 0.27948564291000368 -0.96014988422393792 0
vn 0.17928075790405274 -0.98379796743392944 0
vn 0.07717546075582504 -0.99701750278472896 0
vn -0.02574791386723518 -0.9996684789657592 0
vn -0.1283983588218689 -0.99172270298004144 0
vn -0.22968773543834688 -0.97326439619064336 0
vn -0.32854238152503968 -0.94448924064636224 0
vn -0.42203599214553832 -0.90642696619033808 -0.01660563983023166
vn -0.41797119379043576 -0.90846025943756096 0
vn -0.393557608127594 -0.9192999601364136 0
vn -0.4238669574260712 -0.905600905418396 -0.01495861355215311
vn -0.44795396924018856 -0.8940566182136536 0
vn 0.36975705623626712 -0.92912846803665168 0
vn 0.9996684789657592 0.02574791386723518 0
vn 0.99172270298004144 0.1283983588218689 0
vn 0.97326439619064336 0.22968773543834688 0
vn 0.94448924064636224 0.32854238152503968 0
vn 0.90570223331451424 0.4239144027233124 0
vn 0.85731464624404912 0.514792799949646 0
vn 0.79983925819396976 0.60021430253982544 0
vn 0.73388534784317024 0.67927336692810056 0
vn 0.66015213727951048 0.75113195180892944 0
vn 0.57942110300064088 0.81502830982208256 0
vn 0.49254807829856872 0.87028521299362176 0
vn 0.40045389533042904 0.91631692647933952 0
vn 0.30411481857299804 0.95263540744781488 0
vn 0.2045520693063736 0.97885566949844368 0
vn 0.1028209999203682 0.99469989538192752 0
vn 0 1 0
vn -0.1028209999203682 0.99469989538192752 0
vn -0.2045520693063736 0.97885566949844368 0
vn -0.30411481857299804 0.95263540744781488 0
vn -0.40045389533042904 0.91631692647933952 0
vn -0.49254807829856872 0.87028521299362176 0
vn -0.57942110300064088 0.81502830982208256 0
vn -0.66015213727951048 0.75113195180892944 0
vn -0.73388534784317024 0.67927336692810056 0
vn -0.79983925819396976 0.60021430253982544 0
vn -0.85731464624404912 0.514792799949646 0
vn -0.90570223331451424 0.4239144027233124 0
vn -0.94448924064636224 0.32854238152503968 0
vn -0.97326439619064336 0.22968773543834688 0
vn -0.99172270298004144 0.1283983588218689 0
vn -0.9996684789657592 0.02574791386723518 0
vn -0.99701750278472896 -0.07717546075582504 0
vn -0.98379796743392944 -0.17928075790405274 0
vn -0.96014988422393792 -0.27948564291000368 0
vn -0.92632395029068 -0.37672787904739376 0
vn -0.8826788067817688 -0.46997675299644472 0
vn -0.8296769857406616 -0.55824375152587888 0
vn -0.7678804397583008 -0.64059317111968992 0
vn -0.69794416427612304 -0.71615219116210936 0
vn -0.62060946226119992 -0.7841197848320008 0
vn -0.53669619560241696 -0.84377557039260864 0
vn 0.44709378480911256 -0.89448708295822144 0
vn 0.53669619560241696 -0.84377557039260864 0
vn 0.62060946226119992 -0.7841197848320008 0
vn 0.69794416427612304 -0.71615219116210936 0
vn 0.7678804397583008 -0.64059317111968992 0
vn 0.8296769857406616 -0.55824375152587888 0
vn 0.8826788067817688 -0.46997675299644472 0
vn 0.92632395029068 -0.37672787904739376 0
vn 0.96014988422393792 -0.27948564291000368 0
vn 0.98379796743392944 -0.17928075790405274 0
vn 0.99701750278472896 -0.07717546075582504 0
vn -0.99341702461242672 -0.11455407738685608 0
vn -0.98682636022567744 -0.14259737730026246 0.07641797512769699
vn -0.93119460344314576 -0.36452239751815792 0
vn -0.90279477834701536 -0.41461220383644104 0.11427285522222518
vn -0.74849134683609008 -0.65322464704513552 0.11427285522222518
vn -0.80718207359313968 -0.59030252695083616 0
vn -0.53489637374877928 -0.84145474433898928 0.07641797512769699
vn -0.62960833311080936 -0.77691268920898432 0
vn -0.51202559471130368 -0.8589701652526856 0
vn -0.71446216106414792 -0.699674129486084 0
vn -0.86948996782302864 -0.49395060539245608 0
vn -0.96682208776474 -0.25545060634613036 0
vn -0.41529557108879088 -0.67927503585815432 0.60507434606552128
vn -0.62972456216812136 -0.57853722572326664 0.51840299367904664
vn -0.80447286367416384 -0.44148597121238712 0.3973833918571472
vn -0.92796349525451664 -0.27682098746299744 0.24950721859931944
vn -0.99189037084579472 -0.09499463438987732 0.08443637937307358
vn -0.45666530728340152 -0.72927623987197872 0.50952225923538208
vn -0.450323224067688 -0.73948341608047488 0.5003730654716492
vn -0.6714244484901428 -0.62621164321899416 0.39629304409027096
vn -0.82731038331985472 -0.47353518009185792 0.30219516158103944
vn -0.93658643960952752 -0.29503303766250612 0.1891067326068878
vn -0.99242317676544192 -0.1036616712808609 0.06595859676599503
vn -0.47648686170578 -0.8085028529167176 0.3453742265701294
vn -0.68360316753387448 -0.67134714126586912 0.28632101416587828
vn -0.83389109373092656 -0.50710600614547728 0.21787424385547636
vn -0.93904739618301392 -0.31568393111228944 0.1361381709575653
vn -0.99284368753433232 -0.10979052633047104 0.04698294773697853
vn -0.49517545104026792 -0.84535992145538336 0.20041932165622712
vn -0.6909304857254028 -0.70335870981216432 0.16703768074512482
vn -0.83779412508010864 -0.53102380037307736 0.12694363296031952
vn -0.9404916763305664 -0.330446720123291 0.07924843579530716
vn -0.99312448501586912 -0.11388572305440902 0.02708887495100498
vn -0.50796049833297728 -0.85919052362442016 0.06138188391923904
vn -0.68963497877120968 -0.72381550073623664 0.02224179357290268
vn -0.6285623908042908 -0.77562206983566288 0.05761736631393433
vn -0.8064178228378296 -0.58974361419677736 0.04350585117936134
vn -0.83632445335388176 -0.54819500446319584 0.00660776672884821
vn -0.93086254596710208 -0.3643924295902252 0.02670304849743843
vn -0.9398658275604248 -0.34151697158813476 0.00428494345396757
vn -0.99333393573760992 -0.11497551202774048 0.00826260168105363
vn -0.99338036775588992 -0.11454985290765762 0.00859095621854066
vn -0.96664303541183472 -0.25540331006050108 0.0192462895065546
vn -0.86888027191162112 -0.49360424280166624 0.03744214028120041
vn -0.71343886852264408 -0.69867205619812008 0.05350067093968391
vn -0.51089119911193848 -0.8570671081542968 0.06652896106243134
vn -0.99331581592559808 -0.11202571541070938 0.02782055549323559
vn -0.93887656927108768 -0.33381187915802 0.08414506167173386
vn -0.83351320028305056 -0.53551936149597168 0.13592186570167542
vn -0.68305099010467528 -0.70761090517044064 0.1809091717004776
vn -0.50715345144271848 -0.83472961187362672 0.21452701091766356
vn -0.993148386478424 -0.10665538907051086 0.04775948449969292
vn -0.93648630380630496 -0.31921505928039552 0.14524158835411072
vn -0.82710599899292 -0.51092189550399784 0.2342102974653244
vn -0.67113131284713744 -0.6729698181152344 0.310957133769989
vn -0.49540808796882632 -0.78802251815795904 0.36550149321556088
vn -0.99286419153213504 -0.09914672374725342 0.06626139581203461
vn -0.93289196491241456 -0.29778900742530824 0.20256917178630828
vn -0.81753933429718016 -0.4748710095882416 0.32577139139175416
vn -0.65351563692092896 -0.62233215570449832 0.43083631992340088
vn -0.47835931181907656 -0.76639258861541744 0.4287362098693848
vn -0.99245733022689824 -0.08934570848941803 0.08393917977809906
vn -0.9327313303947448 -0.2604224681854248 0.24938397109508516
vn -0.81700599193572992 -0.41497004032135008 0.40037620067596432
vn -0.65254002809524536 -0.54344189167022704 0.5280742049217224
vn -0.44952335953712464 -0.63817441463470456 0.62502968311309816
vn 2.492366091289E-09 -3.219845012836231E-08 -1
vn 1.37328868277109E-08 -1.8783232746955036E-08 -1
vn 3.792455238738057E-09 -3.112731405963132E-08 -1
vn 0.51202559471130368 -0.8589701652526856 0
vn 0.53489637374877928 -0.84145474433898928 0.07641797512769699
vn 0.71446216106414792 -0.699674129486084 0
vn 0.74849134683609008 -0.65322464704513552 0.11427285522222518
vn 0.90279477834701536 -0.41461220383644104 0.11427285522222518
vn 0.86948996782302864 -0.49395060539245608 0
vn 0.98682636022567744 -0.14259737730026246 0.07641797512769699
vn 0.96682208776474 -0.25545060634613036 0
vn 0.99341702461242672 -0.11455407738685608 0
vn 0.93119460344314576 -0.36452239751815792 0
vn 0.80718207359313968 -0.59030252695083616 0
vn 0.62960833311080936 -0.77691268920898432 0
vn 0.44327133893966672 -0.88683962821960448 0.13048365712165832
vn 0.41308087110519408 -0.82643842697143552 0.382575124502182
vn 0.35474693775177 -0.70973151922225952 0.60863435268402096
vn 0.48833701014518736 -0.86284470558166496 0.13048365712165832
vn 0.4550771713256836 -0.80407774448394768 0.382575124502182
vn 0.39081266522407528 -0.6905285120010376 0.60863435268402096
vn 0.53210771083831784 -0.83656167984008784 0.13048365712165832
vn 0.49586668610572816 -0.77958482503890992 0.382575124502182
vn 0.42584204673767088 -0.66949439048767088 0.60863435268402096
vn 0.57446730136871336 -0.80806022882461552 0.13048365712165832
vn 0.5353412628173828 -0.7530245780944824 0.382575124502182
vn 0.465695321559906 -0.64233994483947752 0.6087095141410828
vn 0.46572092175483704 -0.65509480237960816 0.59494102001190184
vn 0.61530357599258424 -0.77741593122482304 0.13048365712165832
vn 0.5733962059020996 -0.72446739673614496 0.382575124502182
vn 0.49242308735847472 -0.6221604943275452 0.60863435268402096
vn 0.654508113861084 -0.74471008777618416 0.13048365712165832
vn 0.60993063449859616 -0.693989098072052 0.382575124502182
vn 0.52935916185379032 -0.59097421169281008 0.6087104082107544
vn 0.53065592050552368 -0.60378903150558472 0.59484708309173584
vn 0.69197702407836912 -0.71002942323684696 0.13048365712165832
vn 0.64484763145446776 -0.661670446395874 0.382575124502182
vn 0.55378437042236328 -0.5682315230369568 0.60863435268402096
vn 0.72761100530624384 -0.6734658479690552 0.13048365712165832
vn 0.67805457115173336 -0.62759721279144288 0.382575124502182
vn 0.5873956084251404 -0.53332626819610592 0.6087113618850708
vn 0.5899744629859924 -0.54607158899307248 0.59475702047348024
vn 0.76131540536880496 -0.6351163983345032 0.13048365712165832
vn 0.70946347713470456 -0.59185963869094848 0.382575124502182
vn 0.60927534103393552 -0.50827920436859128 0.60863435268402096
vn 0.79300099611282352 -0.59508270025253296 0.13048365712165832
vn 0.73899096250534064 -0.55455261468887328 0.382575124502182
vn 0.63918775320053104 -0.47000899910926816 0.6087122559547424
vn 0.6430461406707764 -0.48255380988121032 0.59467089176177976
vn 0.82258367538452144 -0.55347096920013424 0.13048365712165832
vn 0.766558825969696 -0.51577496528625488 0.382575124502182
vn 0.65830790996551512 -0.4429389238357544 0.60863435268402096
vn 0.84998500347137456 -0.5103915333747864 0.13048365712165832
vn 0.79209387302398688 -0.4756296277046204 0.382575124502182
vn 0.68418496847152712 -0.40169546008110048 0.60871315002441408
vn 0.68930673599243168 -0.41390886902809144 0.59458863735198976
vn 0.87513232231140144 -0.46595865488052368 0.13048365712165832
vn 0.8155284523963928 -0.43422296643257144 0.382575124502182
vn 0.70036220550537112 -0.372903436422348 0.60863435268402096
vn 0.8979589343070984 -0.4202901124954224 0.13048365712165832
vn 0.83680039644241328 -0.39166483283042904 0.382575124502182
vn 0.72190898656845088 -0.32911190390586852 0.60871404409408568
vn 0.72826433181762688 -0.34086447954177856 0.59451031684875488
vn 0.91840434074401856 -0.3735070526599884 0.13048365712165832
vn 0.85585331916809088 -0.34806808829307556 0.382575124502182
vn 0.73499250411987312 -0.29891505837440492 0.60863435268402096
vn 0.93641430139541632 -0.325733482837677 0.13048365712165832
vn 0.87263661623001104 -0.30354830622673036 0.382575124502182
vn 0.7519587874412536 -0.25302985310554504 0.60871487855911256
vn 0.75950443744659424 -0.264195054769516 0.5944358706474304
vn 0.9519410133361816 -0.27709615230560304 0.13048365712165832
vn 0.88710588216781616 -0.25822359323501588 0.382575124502182
vn 0.76183170080184944 -0.22175811231136324 0.60863435268402096
vn 0.96494340896606448 -0.22772401571273804 0.13048365712165832
vn 0.89922267198562624 -0.21221411228179932 0.382575124502182
vn 0.7740150094032288 -0.17425815761089324 0.60871577262878416
vn 0.78269451856613152 -0.18471376597881316 0.59436529874801632
vn 0.97538691759109504 -0.17774799466133118 0.13048365712165832
vn 0.908954918384552 -0.16564185917377472 0.382575124502182
vn 0.78059530258178704 -0.14225046336650848 0.60863435268402096
vn 0.98324388265609744 -0.12730060517787934 0.13048365712165832
vn 0.91627675294876096 -0.11863037198781968 0.382575124502182
vn 0.78784304857254032 -0.09363416582345962 0.60871660709381104
vn 0.79758739471435552 -0.10326366126537322 0.59429866075515744
vn 0.98849350214004512 -0.07651564478874207 0.13048365712165832
vn 0.92116880416870112 -0.07130429148674011 0.382575124502182
vn 0.79108434915542608 -0.06123493239283562 0.60863435268402096
vn 0.991121768951416 -0.02552778087556362 0.13048365712165832
vn 0.92361807823181152 -0.02378912456333637 0.382575124502182
vn 0.7932960987091064 -0.0120149441063404 0.60871750116348264
vn 0.80402410030364992 -0.02070880867540836 0.59423595666885376
vn 0.991121768951416 0.02552778087556362 0.13048365712165832
vn 0.92361807823181152 0.02378912456333637 0.382575124502182
vn 0.7931877374649048 0.020429702475667 0.60863435268402096
vn 0.98849350214004512 0.07651564478874207 0.13048365712165832
vn 0.92116880416870112 0.07130429148674011 0.382575124502182
vn 0.7903160452842712 0.06973186880350113 0.60871833562850952
vn 0.80193531513214112 0.06207486614584923 0.59417712688446048
vn 0.98324388265609744 0.12730060517787934 0.13048365712165832
vn 0.91627675294876096 0.11863037198781968 0.382575124502182
vn 0.78688317537307744 0.10187777876853942 0.60863435268402096
vn 0.97538691759109504 0.17774799466133118 0.13048365712165832
vn 0.908954918384552 0.16564185917377472 0.382575124502182
vn 0.7789346575737 0.15073727071285248 0.6087191700935364
vn 0.79134225845336912 0.14420892298221588 0.59412223100662232
vn 0.96494340896606448 0.22772401571273804 0.13048365712165832
vn 0.89922267198562624 0.21221411228179932 0.382575124502182
vn 0.77223742008209232 0.18224592506885528 0.60863435268402096
vn 0.9519410133361816 0.27709615230560304 0.13048365712165832
vn 0.88710588216781616 0.25822359323501588 0.382575124502182
vn 0.75927299261093136 0.23014016449451448 0.6087200045585632
vn 0.77235651016235344 0.22482171654701232 0.59407126903533936
vn 0.93641430139541632 0.325733482837677 0.13048365712165832
vn 0.87263661623001104 0.30354830622673036 0.382575124502182
vn 0.74940574169158928 0.26068222522735596 0.60863435268402096
vn 0.91840434074401856 0.3735070526599884 0.13048365712165832
vn 0.85585331916809088 0.34806808829307556 0.382575124502182
vn 0.73153996467590336 0.3070964515209198 0.60872083902359008
vn 0.74517869949340816 0.30305770039558412 0.5940241813659668
vn 0.8979589343070984 0.4202901124954224 0.13048365712165832
vn 0.83680039644241328 0.39166483283042904 0.382575124502182
vn 0.71863019466400144 0.33635520935058592 0.60863435268402096
vn 0.87513232231140144 0.46595865488052368 0.13048365712165832
vn 0.8155284523963928 0.43422296643257144 0.382575124502182
vn 0.69603049755096432 0.38078805804252624 0.60872161388397216
vn 0.7100965976715088 0.37808644771575928 0.59398102760314944
vn 0.84998500347137456 0.5103915333747864 0.13048365712165832
vn 0.79209387302398688 0.4756296277046204 0.382575124502182
vn 0.68023699522018432 0.4084627628326416 0.60863435268402096
vn 0.82258367538452144 0.55347096920013424 0.13048365712165832
vn 0.766558825969696 0.51577496528625488 0.382575124502182
vn 0.65312200784683224 0.4504316449165344 0.60872244834899904
vn 0.66748183965682984 0.44911155104637144 0.5939418077468872
vn 0.79300099611282352 0.59508270025253296 0.13048365712165832
vn 0.73899096250534064 0.55455261468887328 0.382575124502182
vn 0.63463312387466432 0.47624051570892336 0.60863435268402096
vn 0.76131540536880496 0.6351163983345032 0.13048365712165832
vn 0.70946347713470456 0.59185963869094848 0.382575124502182
vn 0.60327064990997312 0.5152868628501892 0.60872322320938112
vn 0.61778599023818968 0.51537907123565672 0.59390646219253544
vn 0.72761100530624384 0.6734658479690552 0.13048365712165832
vn 0.67805457115173336 0.62759721279144288 0.382575124502182
vn 0.58230191469192504 0.53896999359130856 0.60863435268402096
vn 0.69197702407836912 0.71002942323684696 0.13048365712165832
vn 0.64484763145446776 0.661670446395874 0.382575124502182
vn 0.54700636863708496 0.5746643543243408 0.6087239980697632
vn 0.5615360736846924 0.5761854648590088 0.5938750505447388
vn 0.654508113861084 0.74471008777618416 0.13048365712165832
vn 0.60993063449859616 0.693989098072052 0.382575124502182
vn 0.52379822731018064 0.59598624706268312 0.60863435268402096
vn 0.61530357599258424 0.77741593122482304 0.13048365712165832
vn 0.5733962059020996 0.72446739673614496 0.382575124502182
vn 0.48492732644081112 0.62793278694152832 0.60872477293014528
vn 0.49932846426963808 0.63088518381118776 0.59384757280349728
vn 0.57446730136871336 0.80806022882461552 0.13048365712165832
vn 0.5353412628173828 0.7530245780944824 0.382575124502182
vn 0.45974212884902952 0.6466848850250244 0.60863435268402096
vn 0.53210771083831784 0.83656167984008784 0.13048365712165832
vn 0.49586668610572816 0.77958482503890992 0.382575124502182
vn 0.41769343614578248 0.67452603578567504 0.60872554779052736
vn 0.43182304501533512 0.67889755964279176 0.59382402896881104
vn 0.48833701014518736 0.86284470558166496 0.13048365712165832
vn 0.4550771713256836 0.80407774448394768 0.382575124502182
vn 0.39081266522407528 0.6905285120010376 0.60863435268402096
vn 0.44327133893966672 0.88683962821960448 0.13048365712165832
vn 0.41308087110519408 0.82643842697143552 0.382575124502182
vn 0.34601938724517824 0.71394878625869752 0.60872632265090944
vn 0.3597358763217926 0.71971273422241208 0.59380441904067992
vn 0.39703020453453064 0.90848278999328608 0.13048365712165832
vn 0.36998912692070008 0.84660750627517696 0.382575124502182
vn 0.31774047017097472 0.72705239057540896 0.60863435268402096
vn 0.34973621368408204 0.927716851234436 0.13048365712165832
vn 0.32591626048088072 0.86453157663345344 0.382575124502182
vn 0.2706671357154846 0.7457818984985352 0.60872709751129152
vn 0.28383174538612364 0.75289738178253168 0.593788743019104
vn 0.30151480436325072 0.9444907903671264 0.13048365712165832
vn 0.28097909688949584 0.88016307353973392 0.382575124502182
vn 0.24130016565322876 0.75586932897567744 0.60863435268402096
vn 0.25249379873275756 0.95876008272171024 0.13048365712165832
vn 0.2352968603372574 0.89346051216125488 0.382575124502182
vn 0.19243773818016052 0.76968705654144288 0.6087278127670288
vn 0.20491594076156616 0.778099238872528 0.59377694129943848
vn 0.20280323922634124 0.97048693895339968 0.13048365712165832
vn 0.18899063766002656 0.90438860654830928 0.382575124502182
vn 0.16230200231075286 0.77667385339736944 0.60863435268402096
vn 0.15257488191127778 0.97964018583297728 0.13048365712165832
vn 0.14218325912952424 0.91291850805282592 0.382575124502182
vn 0.1121627390384674 0.7854101061820984 0.60872858762741088
vn 0.1238258183002472 0.79505056142807008 0.59376907348632816
vn 0.10194192826747894 0.98619562387466432 0.13048365712165832
vn 0.09499882906675338 0.91902744770050048 0.382575124502182
vn 0.08158340305089951 0.78924542665481568 0.60863435268402096
vn 0.05103863403201103 0.99013590812683104 0.13048365712165832
vn 0.04756247624754906 0.92269933223724368 0.382575124502182
vn 0.03069553710520267 0.79278397560119632 0.60872930288314816
vn 0.0414217822253704 0.8035715222358704 0.59376513957977296
vn 0 0.99145048856735232 0.13048365712165832
vn 0 0.92392438650131232 0.382575124502182
vn 0 0.79345083236694336 0.60863435268402096
vn -0.05103863403201103 0.99013590812683104 0.13048365712165832
vn -0.04756247624754906 0.92269933223724368 0.382575124502182
vn -0.0414217822253704 0.8035715222358704 0.59376513957977296
vn -0.05109785869717598 0.79173022508621216 0.60873001813888552
vn -0.10194192826747894 0.98619562387466432 0.13048365712165832
vn -0.09499882906675338 0.91902744770050048 0.382575124502182
vn -0.08158340305089951 0.78924542665481568 0.60863435268402096
vn -0.15257488191127778 0.97964018583297728 0.13048365712165832
vn -0.14218325912952424 0.91291850805282592 0.382575124502182
vn -0.1238258183002472 0.79505056142807008 0.59376907348632816
vn -0.1323479562997818 0.78226011991500848 0.6087307333946228
vn -0.20280323922634124 0.97048693895339968 0.13048365712165832
vn -0.18899063766002656 0.90438860654830928 0.382575124502182
vn -0.16230200231075286 0.77667385339736944 0.60863435268402096
vn -0.25249379873275756 0.95876008272171024 0.13048365712165832
vn -0.2352968603372574 0.89346051216125488 0.382575124502182
vn -0.20491594076156616 0.778099238872528 0.59377694129943848
vn -0.21219103038311004 0.76447433233261104 0.60873144865036008
vn -0.30151480436325072 0.9444907903671264 0.13048365712165832
vn -0.28097909688949584 0.88016307353973392 0.382575124502182
vn -0.24130016565322876 0.75586932897567744 0.60863435268402096
vn -0.34973621368408204 0.927716851234436 0.13048365712165832
vn -0.32591626048088072 0.86453157663345344 0.382575124502182
vn -0.28383174538612364 0.75289738178253168 0.593788743019104
vn -0.28977832198143004 0.73856192827224736 0.60873216390609744
vn -0.39703020453453064 0.90848278999328608 0.13048365712165832
vn -0.36998912692070008 0.84660750627517696 0.382575124502182
vn -0.31774047017097472 0.72705239057540896 0.60863435268402096
vn -0.44327133893966672 0.88683962821960448 0.13048365712165832
vn -0.41308087110519408 0.82643842697143552 0.382575124502182
vn -0.3597358763217926 0.71971273422241208 0.59380441904067992
vn -0.36428508162498472 0.70479834079742432 0.60873281955718992
vn -0.48833701014518736 0.86284470558166496 0.13048365712165832
vn -0.4550771713256836 0.80407774448394768 0.382575124502182
vn -0.39081266522407528 0.6905285120010376 0.60863435268402096
vn -0.53210771083831784 0.83656167984008784 0.13048365712165832
vn -0.49586668610572816 0.77958482503890992 0.382575124502182
vn -0.43182304501533512 0.67889755964279176 0.59382402896881104
vn -0.43491923809051512 0.66354256868362424 0.60873353481292728
vn -0.57446730136871336 0.80806022882461552 0.13048365712165832
vn -0.5353412628173828 0.7530245780944824 0.382575124502182
vn -0.45974212884902952 0.6466848850250244 0.60863435268402096
vn -0.61530357599258424 0.77741593122482304 0.13048365712165832
vn -0.5733962059020996 0.72446739673614496 0.382575124502182
vn -0.49932846426963808 0.63088518381118776 0.59384757280349728
vn -0.50092995166778568 0.61523318290710448 0.60873419046401976
vn -0.654508113861084 0.74471008777618416 0.13048365712165832
vn -0.60993063449859616 0.693989098072052 0.382575124502182
vn -0.52379822731018064 0.59598624706268312 0.60863435268402096
vn -0.69197702407836912 0.71002942323684696 0.13048365712165832
vn -0.64484763145446776 0.661670446395874 0.382575124502182
vn -0.5615360736846924 0.5761854648590088 0.5938750505447388
vn -0.561615526676178 0.56038367748260496 0.60873484611511232
vn -0.72761100530624384 0.6734658479690552 0.13048365712165832
vn -0.67805457115173336 0.62759721279144288 0.382575124502182
vn -0.58230191469192504 0.53896999359130856 0.60863435268402096
vn -0.76131540536880496 0.6351163983345032 0.13048365712165832
vn -0.70946347713470456 0.59185963869094848 0.382575124502182
vn -0.61778599023818968 0.51537907123565672 0.59390646219253544
vn -0.61633086204528808 0.49957716464996336 0.6087355017662048
vn -0.79300099611282352 0.59508270025253296 0.13048365712165832
vn -0.73899096250534064 0.55455261468887328 0.382575124502182
vn -0.63463312387466432 0.47624051570892336 0.60863435268402096
vn -0.82258367538452144 0.55347096920013424 0.13048365712165832
vn -0.766558825969696 0.51577496528625488 0.382575124502182
vn -0.66748183965682984 0.44911155104637144 0.5939418077468872
vn -0.66449433565139768 0.4334600269794464 0.60873615741729736
vn -0.84998500347137456 0.5103915333747864 0.13048365712165832
vn -0.79209387302398688 0.4756296277046204 0.382575124502182
vn -0.68023699522018432 0.4084627628326416 0.60863435268402096
vn -0.87513232231140144 0.46595865488052368 0.13048365712165832
vn -0.8155284523963928 0.43422296643257144 0.382575124502182
vn -0.7100965976715088 0.37808644771575928 0.59398102760314944
vn -0.70559388399124144 0.36273515224456784 0.60873681306838992
vn -0.8979589343070984 0.4202901124954224 0.13048365712165832
vn -0.83680039644241328 0.39166483283042904 0.382575124502182
vn -0.71863019466400144 0.33635520935058592 0.60863435268402096
vn -0.91840434074401856 0.3735070526599884 0.13048365712165832
vn -0.85585331916809088 0.34806808829307556 0.382575124502182
vn -0.74517869949340816 0.30305770039558412 0.5940241813659668
vn -0.73919266462326048 0.28815436363220216 0.60873740911483768
vn -0.93641430139541632 0.325733482837677 0.13048365712165832
vn -0.87263661623001104 0.30354830622673036 0.382575124502182
vn -0.74940574169158928 0.26068222522735596 0.60863435268402096
vn -0.9519410133361816 0.27709615230560304 0.13048365712165832
vn -0.88710588216781616 0.25822359323501588 0.382575124502182
vn -0.77235651016235344 0.22482171654701232 0.59407126903533936
vn -0.76493352651596064 0.21051049232482912 0.60873806476593016
vn -0.96494340896606448 0.22772401571273804 0.13048365712165832
vn -0.89922267198562624 0.21221411228179932 0.382575124502182
vn -0.77223742008209232 0.18224592506885528 0.60863435268402096
vn -0.97538691759109504 0.17774799466133118 0.13048365712165832
vn -0.908954918384552 0.16564185917377472 0.382575124502182
vn -0.79134225845336912 0.14420892298221588 0.59412223100662232
vn -0.78254288434982304 0.13062889873981476 0.60873866081237792
vn -0.98324388265609744 0.12730060517787934 0.13048365712165832
vn -0.91627675294876096 0.11863037198781968 0.382575124502182
vn -0.78688317537307744 0.10187777876853942 0.60863435268402096
vn -0.98849350214004512 0.07651564478874207 0.13048365712165832
vn -0.92116880416870112 0.07130429148674011 0.382575124502182
vn -0.80193531513214112 0.06207486614584923 0.59417712688446048
vn -0.7918334603309632 0.04935876280069351 0.60873925685882568
vn -0.991121768951416 0.02552778087556362 0.13048365712165832
vn -0.92361807823181152 0.02378912456333637 0.382575124502182
vn -0.7931877374649048 0.020429702475667 0.60863435268402096
vn -0.991121768951416 -0.02552778087556362 0.13048365712165832
vn -0.92361807823181152 -0.02378912456333637 0.382575124502182
vn -0.80402410030364992 -0.02070880867540836 0.59423595666885376
vn -0.79270654916763312 -0.03243597596883774 0.60873985290527344
vn -0.98849350214004512 -0.07651564478874207 0.13048365712165832
vn -0.92116880416870112 -0.07130429148674011 0.382575124502182
vn -0.79108434915542608 -0.06123493239283562 0.60863435268402096
vn -0.98324388265609744 -0.12730060517787934 0.13048365712165832
vn -0.91627675294876096 -0.11863037198781968 0.382575124502182
vn -0.79758739471435552 -0.10326366126537322 0.59429866075515744
vn -0.78515291213989264 -0.1138858124613762 0.6087404489517212
vn -0.97538691759109504 -0.17774799466133118 0.13048365712165832
vn -0.908954918384552 -0.16564185917377472 0.382575124502182
vn -0.78059530258178704 -0.14225046336650848 0.60863435268402096
vn -0.96494340896606448 -0.22772401571273804 0.13048365712165832
vn -0.89922267198562624 -0.21221411228179932 0.382575124502182
vn -0.78269451856613152 -0.18471376597881316 0.59436529874801632
vn -0.76925277709960944 -0.19412490725517272 0.60874104499816896
vn -0.9519410133361816 -0.27709615230560304 0.13048365712165832
vn -0.88710588216781616 -0.25822359323501588 0.382575124502182
vn -0.76183170080184944 -0.22175811231136324 0.60863435268402096
vn -0.93641430139541632 -0.325733482837677 0.13048365712165832
vn -0.87263661623001104 -0.30354830622673036 0.382575124502182
vn -0.75950443744659424 -0.264195054769516 0.5944358706474304
vn -0.7451752424240112 -0.27230030298233032 0.60874164104461672
vn -0.91840434074401856 -0.3735070526599884 0.13048365712165832
vn -0.85585331916809088 -0.34806808829307556 0.382575124502182
vn -0.73499250411987312 -0.29891505837440492 0.60863435268402096
vn -0.8979589343070984 -0.4202901124954224 0.13048365712165832
vn -0.83680039644241328 -0.39166483283042904 0.382575124502182
vn -0.72826433181762688 -0.34086447954177856 0.59451031684875488
vn -0.71317631006240848 -0.34758096933364868 0.60874217748641968
vn -0.87513232231140144 -0.46595865488052368 0.13048365712165832
vn -0.8155284523963928 -0.43422296643257144 0.382575124502182
vn -0.70036220550537112 -0.372903436422348 0.60863435268402096
vn -0.84998500347137456 -0.5103915333747864 0.13048365712165832
vn -0.79209387302398688 -0.4756296277046204 0.382575124502182
vn -0.68930673599243168 -0.41390886902809144 0.59458863735198976
vn -0.67359602451324464 -0.41916662454605104 0.60874277353286744
vn -0.82258367538452144 -0.55347096920013424 0.13048365712165832
vn -0.766558825969696 -0.51577496528625488 0.382575124502182
vn -0.65830790996551512 -0.4429389238357544 0.60863435268402096
vn -0.79300099611282352 -0.59508270025253296 0.13048365712165832
vn -0.73899096250534064 -0.55455261468887328 0.382575124502182
vn -0.6430461406707764 -0.48255380988121032 0.59467089176177976
vn -0.6268552541732788 -0.48629632592201232 0.6087433099746704
vn -0.76131540536880496 -0.6351163983345032 0.13048365712165832
vn -0.70946347713470456 -0.59185963869094848 0.382575124502182
vn -0.60927534103393552 -0.50827920436859128 0.60863435268402096
vn -0.72761100530624384 -0.6734658479690552 0.13048365712165832
vn -0.67805457115173336 -0.62759721279144288 0.382575124502182
vn -0.5899744629859924 -0.54607158899307248 0.59475702047348024
vn -0.57345080375671384 -0.5482564568519592 0.60874384641647336
vn -0.69197702407836912 -0.71002942323684696 0.13048365712165832
vn -0.64484763145446776 -0.661670446395874 0.382575124502182
vn -0.55378437042236328 -0.5682315230369568 0.60863435268402096
vn -0.654508113861084 -0.74471008777618416 0.13048365712165832
vn -0.60993063449859616 -0.693989098072052 0.382575124502182
vn -0.53065592050552368 -0.60378903150558472 0.59484708309173584
vn -0.51395040750503544 -0.60438829660415648 0.6087443828582764
vn -0.61530357599258424 -0.77741593122482304 0.13048365712165832
vn -0.5733962059020996 -0.72446739673614496 0.382575124502182
vn -0.49242308735847472 -0.6221604943275452 0.60863435268402096
vn -0.57446730136871336 -0.80806022882461552 0.13048365712165832
vn -0.5353412628173828 -0.7530245780944824 0.382575124502182
vn -0.46572092175483704 -0.65509480237960816 0.59494102001190184
vn -0.44898664951324464 -0.6540952920913696 0.60874491930007936
vn -0.53210771083831784 -0.83656167984008784 0.13048365712165832
vn -0.49586668610572816 -0.77958482503890992 0.382575124502182
vn -0.42584204673767088 -0.66949439048767088 0.60863435268402096
vn -0.48833701014518736 -0.86284470558166496 0.13048365712165832
vn -0.4550771713256836 -0.80407774448394768 0.382575124502182
vn -0.39081266522407528 -0.6905285120010376 0.60863435268402096
vn -0.44412398338317872 -0.886412501335144 0.13048677146434784
vn -0.41387411952018736 -0.82603776454925536 0.38258308172225952
vn -0.35542625188827516 -0.7093835473060608 0.60864371061325072
vn -0.4398116767406464 -0.88855797052383424 0.13050070405006408
vn -0.41701090335845944 -0.90637308359146112 0.06774795800447464
vn -0.45348429679870608 -0.77517509460449216 0.4398358762264252
vn -0.40379565954208376 -0.83631670475006096 0.37084153294563296
vn -0.38930320739746096 -0.6831384897232056 0.61787116527557376
vn -0.35367006063461304 -0.76182371377944944 0.54271733760833744
vn 0.33593630790710448 -0.71871858835220336 0.60876137018203736
vn 0.39969930052757264 -0.68296569585800168 0.61139047145843504
vn 0.41445243358612064 -0.82575809955596928 0.38256075978279112
vn 0.3960842192173004 -0.88797944784164432 0.23368735611438752
vn 0.44157072901725768 -0.88768672943115232 0.1304897516965866
vn 0.41584384441375736 -0.90613085031509392 0.07746449112892151
vn 0.40687745809555056 -0.8331590294837952 0.3745621144771576
vn 0.34266459941864012 -0.7792367935180664 0.5247580409049988
vn -0.33662760257720948 -0.7183953523635864 0.60876101255416872
vn -0.38824635744094848 -0.83834517002105712 0.38267758488655088
vn -0.39887571334838864 -0.8899157047271728 0.22124233841896056
vn -0.465695321559906 -0.64233994483947752 0.6087095141410828
vn -0.52935916185379032 -0.59097421169281008 0.6087104082107544
vn -0.5873956084251404 -0.53332626819610592 0.6087113618850708
vn -0.63918775320053104 -0.47000899910926816 0.6087122559547424
vn -0.68418496847152712 -0.40169546008110048 0.60871315002441408
vn -0.72190898656845088 -0.32911190390586852 0.60871404409408568
vn -0.7519587874412536 -0.25302985310554504 0.60871487855911256
vn -0.7740150094032288 -0.17425815761089324 0.60871577262878416
vn -0.78784304857254032 -0.09363416582345962 0.60871660709381104
vn -0.7932960987091064 -0.0120149441063404 0.60871750116348264
vn -0.7903160452842712 0.06973186880350113 0.60871833562850952
vn -0.7789346575737 0.15073727071285248 0.6087191700935364
vn -0.75927299261093136 0.23014016449451448 0.6087200045585632
vn -0.73153996467590336 0.3070964515209198 0.60872083902359008
vn -0.69603049755096432 0.38078805804252624 0.60872161388397216
vn -0.65312200784683224 0.4504316449165344 0.60872244834899904
vn -0.60327064990997312 0.5152868628501892 0.60872322320938112
vn -0.54700636863708496 0.5746643543243408 0.6087239980697632
vn -0.48492732644081112 0.62793278694152832 0.60872477293014528
vn -0.41769343614578248 0.67452603578567504 0.60872554779052736
vn -0.34601938724517824 0.71394878625869752 0.60872632265090944
vn -0.2706671357154846 0.7457818984985352 0.60872709751129152
vn -0.19243773818016052 0.76968705654144288 0.6087278127670288
vn -0.1121627390384674 0.7854101061820984 0.60872858762741088
vn -0.03069553710520267 0.79278397560119632 0.60872930288314816
vn 0.05109785869717598 0.79173022508621216 0.60873001813888552
vn 0.1323479562997818 0.78226011991500848 0.6087307333946228
vn 0.21219103038311004 0.76447433233261104 0.60873144865036008
vn 0.28977832198143004 0.73856192827224736 0.60873216390609744
vn 0.36428508162498472 0.70479834079742432 0.60873281955718992
vn 0.43491923809051512 0.66354256868362424 0.60873353481292728
vn 0.50092995166778568 0.61523318290710448 0.60873419046401976
vn 0.561615526676178 0.56038367748260496 0.60873484611511232
vn 0.61633086204528808 0.49957716464996336 0.6087355017662048
vn 0.66449433565139768 0.4334600269794464 0.60873615741729736
vn 0.70559388399124144 0.36273515224456784 0.60873681306838992
vn 0.73919266462326048 0.28815436363220216 0.60873740911483768
vn 0.76493352651596064 0.21051049232482912 0.60873806476593016
vn 0.78254288434982304 0.13062889873981476 0.60873866081237792
vn 0.7918334603309632 0.04935876280069351 0.60873925685882568
vn 0.79270654916763312 -0.03243597596883774 0.60873985290527344
vn 0.78515291213989264 -0.1138858124613762 0.6087404489517212
vn 0.76925277709960944 -0.19412490725517272 0.60874104499816896
vn 0.7451752424240112 -0.27230030298233032 0.60874164104461672
vn 0.71317631006240848 -0.34758096933364868 0.60874217748641968
vn 0.67359602451324464 -0.41916662454605104 0.60874277353286744
vn 0.6268552541732788 -0.48629632592201232 0.6087433099746704
vn 0.57345080375671384 -0.5482564568519592 0.60874384641647336
vn 0.51395040750503544 -0.60438829660415648 0.6087443828582764
vn 0.44898664951324464 -0.6540952920913696 0.60874491930007936
vn 0.51054424047470096 -0.85648506879806512 0.07601236552000046
vn 0.71312546730041504 -0.69836509227752688 0.0611412413418293
vn 0.68881320953369144 -0.72415280342102048 0.03374991193413734
vn 0.83591121435165408 -0.5486082434654236 0.01677687093615532
vn 0.86869329214096064 -0.49349802732467648 0.04279814660549164
vn 0.93970662355422976 -0.34181568026542664 0.01065641734749078
vn 0.96658807992935184 -0.25538876652717592 0.0220024473965168
vn 0.99336910247802736 -0.11454855650663376 0.00982148945331573
vn 0.50654077529907224 -0.83201998472213744 0.22618396580219268
vn 0.68242323398590088 -0.70874273777008056 0.1788356751203537
vn 0.83319461345672608 -0.53601336479187008 0.13592803478240966
vn 0.93877005577087408 -0.3339311182498932 0.08485762774944305
vn 0.99331182241439824 -0.11167401820421218 0.0293344222009182
vn 0.49488607048988344 -0.7860786318778992 0.37036219239234928
vn 0.66973417997360232 -0.68056124448776248 0.29714053869247436
vn 0.82630723714828496 -0.51577872037887576 0.22624914348125456
vn 0.93618553876876832 -0.32180550694465636 0.14141364395618438
vn 0.99314051866531376 -0.1064343973994255 0.04841144382953644
vn 0.47582194209098816 -0.72232151031494144 0.5018417239189148
vn 0.65312999486923216 -0.63759469985961912 0.40852686762809752
vn 0.817291796207428 -0.48452344536781312 0.31188318133354188
vn 0.9328030347824096 -0.30288949608802796 0.19528549909591676
vn 0.99285811185836784 -0.0991508662700653 0.06634703278541565
vn 0.4503077864646912 -0.6394129395484924 0.62319660186767576
vn 0.65302830934524536 -0.54440414905548096 0.52647715806961056
vn 0.81725788116455072 -0.41566056013107296 0.39914387464523312
vn 0.9328225255012512 -0.26083719730377196 0.2486082762479782
vn 0.99246770143508912 -0.08947890251874924 0.08367413282394409
vn 0.99188649654388432 -0.09520410746335984 0.08424589782953262
vn 0.92793428897857664 -0.27742698788642884 0.24894228577613832
vn 0.80440890789031984 -0.44241663813591 0.3964767158031464
vn 0.62963891029357912 -0.57969599962234496 0.51721113920211792
vn 0.41521796584129336 -0.68056124448776248 0.60368072986602784
vn 0.99244463443756096 -0.1034826636314392 0.06591665744781494
vn 0.93628776073455808 -0.29037943482398988 0.19759808480739592
vn 0.82648229598999024 -0.46442314982414248 0.31817939877510072
vn 0.669939398765564 -0.61117732524871824 0.4214777648448944
vn 0.45045053958892824 -0.75305914878845216 0.47957918047904968
vn 0.992830753326416 -0.10962217301130294 0.04764546826481819
vn 0.93880164623260496 -0.3127107322216034 0.14444176852703094
vn 0.83322203159332272 -0.50141280889511112 0.23307986557483672
vn 0.68242114782333376 -0.66210383176803592 0.30970942974090576
vn 0.47565513849258424 -0.80694383382797248 0.35013407468795776
vn 0.99312657117843632 -0.11350954324007034 0.02855193801224231
vn 0.94033783674240112 -0.3287643790245056 0.08762837201356888
vn 0.83734583854675296 -0.52801370620727536 0.14161047339439392
vn 0.69005805253982544 -0.69875603914260864 0.18857330083847044
vn 0.49493187665939328 -0.84285908937454224 0.21126046776771544
vn 0.99330848455429072 -0.11510353535413742 0.00945758167654275
vn 0.93076068162918096 -0.36435252428054808 0.03052547760307789
vn 0.8061835169792176 -0.58957231044769288 0.04972542077302933
vn 0.62824219465255736 -0.77522695064544672 0.06584035605192184
vn 0.50672209262847904 -0.8592451810836792 0.07021688669919968
vn -0.38050052523612976 -0.59821003675460816 0.70524042844772336
vn -0.40017890930175784 -0.58299094438552856 0.70709151029586792
vn -0.35863849520683288 -0.60739117860794064 0.70884019136428832
vn -0.43999984860420224 -0.55592542886734008 0.705228328704834
vn -0.45808079838752744 -0.538687527179718 0.70709103345870968
vn -0.41934865713119504 -0.56716328859329224 0.70885294675827024
vn -0.41507619619369504 -0.57252031564712528 0.70705884695053104
vn -0.49483665823936464 -0.50774598121643064 0.70521676540374752
vn -0.511113166809082 -0.48865759372711184 0.70709055662155152
vn -0.47558659315109256 -0.52089107036590576 0.708865225315094
vn -0.47181990742683408 -0.52673763036727904 0.70705974102020264
vn -0.54442942142486576 -0.45418238639831544 0.70520561933517456
vn -0.55871236324310304 -0.43343302607536312 0.70709007978439328
vn -0.52675300836563112 -0.46906793117523192 0.70887696743011472
vn -0.523547887802124 -0.47535565495491024 0.70706057548522952
vn -0.58825212717056272 -0.3958022594451904 0.70519500970840456
vn -0.60037225484848024 -0.37360078096389768 0.70708954334259032
vn -0.57230275869369504 -0.41224637627601624 0.70888823270797728
vn -0.56971019506454464 -0.41892060637474064 0.70706140995025632
vn -0.6258399486541748 -0.33322453498840332 0.70518487691879272
vn -0.63565003871917728 -0.30979695916175844 0.70708900690078736
vn -0.6117504835128784 -0.35103222727775572 0.70889890193939208
vn -0.60981619358062744 -0.35803243517875672 0.7070622444152832
vn -0.65679430961608888 -0.26711252331733704 0.70517528057098392
vn -0.66417068243026736 -0.24269977211952208 0.70708853006362912
vn -0.64467608928680416 -0.2860780358314514 0.70890909433364872
vn -0.64343953132629392 -0.2933383584022522 0.70706301927566528
vn -0.68078672885894776 -0.198167085647583 0.70516610145568848
vn -0.68563097715377808 -0.17302250862121582 0.70708799362182616
vn -0.67072862386703488 -0.2180761694908142 0.70891880989074704
vn -0.67022281885147096 -0.22552616894245148 0.70706385374069216
vn -0.69756263494491576 -0.12711915373802186 0.70515745878219608
vn -0.69980275630950928 -0.101505845785141 0.7070874571800232
vn -0.68963080644607544 -0.14775151014328002 0.70892798900604248
vn -0.6898813843727112 -0.15531671047210694 0.70706462860107424
vn -0.7069441080093384 -0.05472194403409958 0.70514935255050656
vn -0.70653545856475832 -0.02891002781689167 0.70708692073822024
vn -0.70118123292922976 -0.07585365325212479 0.70893663167953488
vn -0.70220613479614256 -0.08345633000135422 0.70706546306610104
vn -0.7088313698768616 0.01825698092579841 0.70514166355133056
vn -0.70575737953186032 0.04399323090910911 0.70708632469177248
vn -0.70525699853897096 -0.00314894202165305 0.7089447379112244
vn -0.70706623792648312 -0.01070894207805395 0.70706623792648312
vn -0.70320433378219608 0.0910438820719719 0.70513451099395752
vn -0.697476863861084 0.1164289340376854 0.70708578824996952
vn -0.70181488990783688 0.06958770751953125 0.7089523673057556
vn -0.70440995693206784 0.06215212494134903 0.7070670127868652
vn -0.6901224851608276 0.16286702454090118 0.70512783527374264
vn -0.68178188800811768 0.18762707710266112 0.70708519220352176
vn -0.69089168310165408 0.14158104360103608 0.70895946025848392
vn -0.69426548480987552 0.13435232639312744 0.70706778764724728
vn -0.66972440481185912 0.2329649180173874 0.705121636390686
vn -0.65883934497833248 0.25683078169822692 0.70708465576171872
vn -0.67260396480560304 0.2120637595653534 0.7089660167694092
vn -0.67674082517623904 0.205124169588089 0.70706856250762936
vn -0.64222621917724608 0.300594300031662 0.7051159739494324
vn -0.62889301776885984 0.32330441474914552 0.70708405971527096
vn -0.64714688062667848 0.28028467297554016 0.70897209644317624
vn -0.6520221829414368 0.27371531724929808 0.70706933736801144
vn -0.60791933536529544 0.36503809690475464 0.70511078834533688
vn -0.59226125478744504 0.38634127378463744 0.70708346366882328
vn -0.61479175090789792 0.34551671147346496 0.7089776396751404
vn -0.62037235498428344 0.3393966257572174 0.7070700526237488
vn -0.56716746091842648 0.42561304569244384 0.70510607957839968
vn -0.54933345317840576 0.44527131319046024 0.70708286762237552
vn -0.57588362693786624 0.40706461668014528 0.70898264646530152
vn -0.58212780952453616 0.401469886302948 0.70707082748413088
vn -0.52040249109268192 0.4816767871379852 0.70510190725326536
vn -0.50056600570678712 0.499468058347702 0.70708227157592776
vn -0.5308372378349304 0.46427252888679504 0.70898717641830448
vn -0.53769516944885256 0.45927524566650392 0.70707154273986816
vn -0.4681202471256256 0.53263491392135624 0.70509821176528928
vn -0.44647726416587832 0.5483553409576416 0.70708167552948
vn -0.48013284802436832 0.51653069257736208 0.7089911699295044
vn -0.48754671216011048 0.51219820976257328 0.70707225799560544
vn -0.41087496280670168 0.57794708013534544 0.70509499311447144
vn -0.38764220476150512 0.59141349792480472 0.70708101987838744
vn -0.42431086301803592 0.56328219175338744 0.70899468660354616
vn -0.43221554160118104 0.55967628955841064 0.7070729732513428
vn -0.34927350282669068 0.61713284254074096 0.70509225130081176
vn -0.32468625903129576 0.62818479537963864 0.70708042383193968
vn -0.36396634578704832 0.60402882099151608 0.70899766683578488
vn -0.37228989601135256 0.60120463371276856 0.70707368850708008
vn -0.283968985080719 0.64977663755416872 0.70509004592895504
vn -0.25827866792678832 0.65827828645706176 0.7070797681808472
vn -0.29974251985549928 0.63833636045455936 0.70900011062622072
vn -0.308406800031662 0.63634192943573 0.70707440376281736
vn -0.21565376222133636 0.675532341003418 0.70508831739425656
vn -0.18912535905838012 0.6813741326332092 0.70707911252975464
vn -0.23232388496398924 0.66583913564682008 0.70900201797485352
vn -0.2412453442811966 0.6647145748138428 0.70707511901855472
vn -0.14505210518836976 0.69412684440612792 0.70508706569671632
vn -0.11796144396066666 0.69722676277160648 0.70707845687866208
vn -0.16242904961109162 0.68624407052993776 0.70900344848632816
vn -0.17151950299739838 0.68602108955383304 0.7070757746696472
vn -0.07291257381439209 0.7053630352020264 0.70508635044097904
vn -0.04554342105984688 0.70566761493682864 0.7070778012275696
vn -0.09080299735069274 0.69933372735977176 0.70900434255599976
vn -0.0999704822897911 0.70003485679626464 0.70707648992538456
vn 0.02735887840390205 0.7066069841384888 0.70707714557647704
vn -0.01820912584662437 0.7049685716629028 0.7090047597885132
vn 0 0.70912170410156248 0.70508611202239992
vn -0.02735887840390205 0.7066069841384888 0.70707714557647704
vn 0.0999704822897911 0.70003485679626464 0.70707648992538456
vn 0.05457882210612297 0.70308864116668704 0.70900458097457888
vn 0.07291257381439209 0.7053630352020264 0.70508635044097904
vn 0.04554342105984688 0.70566761493682864 0.7070778012275696
vn 0.17151950299739838 0.68602108955383304 0.7070757746696472
vn 0.1267850548028946 0.69371384382247928 0.70900398492813112
vn 0.14505210518836976 0.69412684440612792 0.70508706569671632
vn 0.11796144396066666 0.69722676277160648 0.70707845687866208
vn 0.2412453442811966 0.6647145748138428 0.70707511901855472
vn 0.19763995707035064 0.67694419622421264 0.7090027928352356
vn 0.21565376222133636 0.675532341003418 0.70508831739425656
vn 0.18912535905838012 0.6813741326332092 0.70707911252975464
vn 0.308406800031662 0.63634192943573 0.70707440376281736
vn 0.26638835668563844 0.65295839309692384 0.70900112390518192
vn 0.283968985080719 0.64977663755416872 0.70509004592895504
vn 0.25827866792678832 0.65827828645706176 0.7070797681808472
vn 0.37228989601135256 0.60120463371276856 0.70707368850708008
vn 0.33229744434356688 0.62201201915740968 0.7089989185333252
vn 0.34927350282669068 0.61713284254074096 0.70509225130081176
vn 0.32468625903129576 0.62818479537963864 0.70708042383193968
vn 0.43221554160118104 0.55967628955841064 0.7070729732513428
vn 0.39466479420661928 0.5844348073005676 0.70899623632431032
vn 0.41087496280670168 0.57794708013534544 0.70509499311447144
vn 0.38764220476150512 0.59141349792480472 0.70708101987838744
vn 0.48754671216011048 0.51219820976257328 0.70707225799560544
vn 0.4528255760669708 0.54062736034393312 0.7089930176734924
vn 0.4681202471256256 0.53263491392135624 0.70509821176528928
vn 0.44647726416587832 0.5483553409576416 0.70708167552948
vn 0.53769516944885256 0.45927524566650392 0.70707154273986816
vn 0.50615984201431272 0.49105644226074216 0.7089892625808716
vn 0.52040249109268192 0.4816767871379852 0.70510190725326536
vn 0.50056600570678712 0.499468058347702 0.70708227157592776
vn 0.58212780952453616 0.401469886302948 0.70707082748413088
vn 0.55409920215606688 0.43625035881996152 0.70898497104644776
vn 0.56716746091842648 0.42561304569244384 0.70510607957839968
vn 0.54933345317840576 0.44527131319046024 0.70708286762237552
vn 0.62037235498428344 0.3393966257572174 0.7070700526237488
vn 0.59613251686096192 0.3767931759357452 0.70898020267486576
vn 0.60791933536529544 0.36503809690475464 0.70511078834533688
vn 0.59226125478744504 0.38634127378463744 0.70708346366882328
vn 0.6520221829414368 0.27371531724929808 0.70706933736801144
vn 0.6318116784095764 0.31331858038902284 0.70897495746612552
vn 0.64222621917724608 0.300594300031662 0.7051159739494324
vn 0.62889301776885984 0.32330441474914552 0.70708405971527096
vn 0.67674082517623904 0.205124169588089 0.70706856250762936
vn 0.66075640916824344 0.2465030401945114 0.70896911621093752
vn 0.66972440481185912 0.2329649180173874 0.705121636390686
vn 0.65883934497833248 0.25683078169822692 0.70708465576171872
vn 0.69426548480987552 0.13435232639312744 0.70706778764724728
vn 0.68265801668167112 0.1770586520433426 0.70896279811859128
vn 0.6901224851608276 0.16286702454090118 0.70512783527374264
vn 0.68178188800811768 0.18762707710266112 0.70708519220352176
vn 0.70440995693206784 0.06215212494134903 0.7070670127868652
vn 0.6972829699516296 0.10572552680969238 0.70895594358444216
vn 0.70320433378219608 0.0910438820719719 0.70513451099395752
vn 0.697476863861084 0.1164289340376854 0.70708578824996952
vn 0.70706623792648312 -0.01070894207805395 0.70706623792648312
vn 0.70447522401809696 0.03326393291354179 0.7089486122131348
vn 0.7088313698768616 0.01825698092579841 0.70514166355133056
vn 0.70575737953186032 0.04399323090910911 0.70708632469177248
vn 0.70220613479614256 -0.08345633000135422 0.70706546306610104
vn 0.70415800809860232 -0.03955382853746414 0.7089407444000244
vn 0.7069441080093384 -0.05472194403409958 0.70514935255050656
vn 0.70653545856475832 -0.02891002781689167 0.70708692073822024
vn 0.6898813843727112 -0.15531671047210694 0.70706462860107424
vn 0.6963345408439636 -0.11195163428783416 0.70893234014511112
vn 0.69756263494491576 -0.12711915373802186 0.70515745878219608
vn 0.69980275630950928 -0.101505845785141 0.7070874571800232
vn 0.67022281885147096 -0.22552616894245148 0.70706385374069216
vn 0.68108791112899784 -0.1831578314304352 0.70892345905303952
vn 0.68078672885894776 -0.198167085647583 0.70516610145568848
vn 0.68563097715377808 -0.17302250862121582 0.70708799362182616
vn 0.64343953132629392 -0.2933383584022522 0.70706301927566528
vn 0.65858060121536256 -0.25241342186927796 0.70891404151916504
vn 0.65679430961608888 -0.26711252331733704 0.70517528057098392
vn 0.66417068243026736 -0.24269977211952208 0.70708853006362912
vn 0.60981619358062744 -0.35803243517875672 0.7070622444152832
vn 0.62905216217041016 -0.31898021697998048 0.70890408754348752
vn 0.6258399486541748 -0.33322453498840332 0.70518487691879272
vn 0.63565003871917728 -0.30979695916175844 0.70708900690078736
vn 0.56971019506454464 -0.41892060637474064 0.70706140995025632
vn 0.59281718730926512 -0.38214862346649168 0.70889365673065184
vn 0.58825212717056272 -0.3958022594451904 0.70519500970840456
vn 0.60037225484848024 -0.37360078096389768 0.70708954334259032
vn 0.523547887802124 -0.47535565495491024 0.70706057548522952
vn 0.55026173591613768 -0.44124525785446168 0.7088826298713684
vn 0.54442942142486576 -0.45418238639831544 0.70520561933517456
vn 0.55871236324310304 -0.43343302607536312 0.70709007978439328
vn 0.47181990742683408 -0.52673763036727904 0.70705974102020264
vn 0.50183916091918944 -0.49564012885093688 0.70887118577957152
vn 0.49483665823936464 -0.50774598121643064 0.70521676540374752
vn 0.511113166809082 -0.48865759372711184 0.70709055662155152
vn 0.41507619619369504 -0.57252031564712528 0.70705884695053104
vn 0.44806531071662904 -0.5447533130645752 0.70885914564132688
vn 0.43999984860420224 -0.55592542886734008 0.705228328704834
vn 0.45808079838752744 -0.538687527179718 0.70709103345870968
vn 0.38951322436332704 -0.5880611538887024 0.70884662866592408
vn 0.38050052523612976 -0.59821003675460816 0.70524042844772336
vn 0.40017890930175784 -0.58299094438552856 0.70709151029586792
vn 0.31747886538505556 -0.63517040014266968 0.704106330871582
vn 0.29899579286575316 -0.6396862268447876 0.70809817314147952
vn 0.33568549156188964 -0.63042670488357544 0.699912428855896
vn 0.33265820145606996 -0.62958818674087528 0.70210909843444824
vn -0.33265820145606996 -0.62958818674087528 0.70210909843444824
vn -0.3382669687271118 -0.5976853370666504 0.72687530517578128
vn -0.31788730621337892 -0.63446080684661864 0.70456165075302128
vn -0.29967600107192992 -0.63953715562820432 0.70794528722763064
vn -0.33568549156188964 -0.63042670488357544 0.699912428855896
vn 0.3382669687271118 -0.5976853370666504 0.72687530517578128
vn 0.35863849520683288 -0.60739117860794064 0.70884019136428832
vn 0.41934865713119504 -0.56716328859329224 0.70885294675827024
vn 0.47558659315109256 -0.52089107036590576 0.708865225315094
vn 0.52675300836563112 -0.46906793117523192 0.70887696743011472
vn 0.57230275869369504 -0.41224637627601624 0.70888823270797728
vn 0.6117504835128784 -0.35103222727775572 0.70889890193939208
vn 0.64467608928680416 -0.2860780358314514 0.70890909433364872
vn 0.67072862386703488 -0.2180761694908142 0.70891880989074704
vn 0.68963080644607544 -0.14775151014328002 0.70892798900604248
vn 0.70118123292922976 -0.07585365325212479 0.70893663167953488
vn 0.70525699853897096 -0.00314894202165305 0.7089447379112244
vn 0.70181488990783688 0.06958770751953125 0.7089523673057556
vn 0.69089168310165408 0.14158104360103608 0.70895946025848392
vn 0.67260396480560304 0.2120637595653534 0.7089660167694092
vn 0.64714688062667848 0.28028467297554016 0.70897209644317624
vn 0.61479175090789792 0.34551671147346496 0.7089776396751404
vn 0.57588362693786624 0.40706461668014528 0.70898264646530152
vn 0.5308372378349304 0.46427252888679504 0.70898717641830448
vn 0.48013284802436832 0.51653069257736208 0.7089911699295044
vn 0.42431086301803592 0.56328219175338744 0.70899468660354616
vn 0.36396634578704832 0.60402882099151608 0.70899766683578488
vn 0.29974251985549928 0.63833636045455936 0.70900011062622072
vn 0.23232388496398924 0.66583913564682008 0.70900201797485352
vn 0.16242904961109162 0.68624407052993776 0.70900344848632816
vn 0.09080299735069274 0.69933372735977176 0.70900434255599976
vn 0.01820912584662437 0.7049685716629028 0.7090047597885132
vn -0.05457882210612297 0.70308864116668704 0.70900458097457888
vn -0.1267850548028946 0.69371384382247928 0.70900398492813112
vn -0.19763995707035064 0.67694419622421264 0.7090027928352356
vn -0.26638835668563844 0.65295839309692384 0.70900112390518192
vn -0.33229744434356688 0.62201201915740968 0.7089989185333252
vn -0.39466479420661928 0.5844348073005676 0.70899623632431032
vn -0.4528255760669708 0.54062736034393312 0.7089930176734924
vn -0.50615984201431272 0.49105644226074216 0.7089892625808716
vn -0.55409920215606688 0.43625035881996152 0.70898497104644776
vn -0.59613251686096192 0.3767931759357452 0.70898020267486576
vn -0.6318116784095764 0.31331858038902284 0.70897495746612552
vn -0.66075640916824344 0.2465030401945114 0.70896911621093752
vn -0.68265801668167112 0.1770586520433426 0.70896279811859128
vn -0.6972829699516296 0.10572552680969238 0.70895594358444216
vn -0.70447522401809696 0.03326393291354179 0.7089486122131348
vn -0.70415800809860232 -0.03955382853746414 0.7089407444000244
vn -0.6963345408439636 -0.11195163428783416 0.70893234014511112
vn -0.68108791112899784 -0.1831578314304352 0.70892345905303952
vn -0.65858060121536256 -0.25241342186927796 0.70891404151916504
vn -0.62905216217041016 -0.31898021697998048 0.70890408754348752
vn -0.59281718730926512 -0.38214862346649168 0.70889365673065184
vn -0.55026173591613768 -0.44124525785446168 0.7088826298713684
vn -0.50183916091918944 -0.49564012885093688 0.70887118577957152
vn -0.44806531071662904 -0.5447533130645752 0.70885914564132688
vn -0.38951322436332704 -0.5880611538887024 0.70884662866592408
vn 1.3646537233569234E-08 -0.11196447908878326 -0.99371218681335456
vn 1.2962241946468112E-08 -0.33027905225753784 -0.94388335943222048
vn 1.1627964369154142E-08 -0.53203207254409792 -0.8467242121696472
vn 9.710614534697015E-09 -0.7071067690849304 -0.7071067690849304
vn 7.30633331613717E-09 -0.8467242121696472 -0.53203207254409792
vn 4.535682496253912E-09 -0.94388335943222048 -0.33027905225753784
vn 1.5375932749250865E-09 -0.99371218681335456 -0.11196447908878326
vn 1.5375934969696914E-09 -0.99371218681335456 -0.11196447908878326
vn 4.535682052164702E-09 -0.94388335943222048 -0.33027905225753784
vn 9.710613646518595E-09 -0.7071067690849304 -0.7071067690849304
vn 1.2962239281932852E-08 -0.33027905225753784 -0.94388335943222048
vn -0.42467018961906432 -0.60769480466842648 0.671090304851532
vn -0.63668888807296752 -0.51751744747161864 0.5716668367385864
vn -0.80861622095108032 -0.3947888910770416 0.43621268868446352
vn -0.99198341369628912 -0.08478520065546036 0.09370362013578414
vn -0.92861747741699216 -0.25084763765335084 0.27339544892311096
vn -0.80861210823059088 -0.39628741145133976 0.43485945463180544
vn -0.63669019937515256 -0.51558655500411984 0.57340747117996216
vn -0.42465871572494504 -0.59995955228805544 0.67802178859710696
vn -0.4069698452949524 -0.60909324884414672 0.68072086572647096
vn -0.62436556816101072 -0.52774530649185184 0.5758928060531616
vn -0.8100394010543824 -0.3929579854011536 0.435224324464798
vn -0.93074631690979008 -0.23723356425762176 0.27826529741287232
vn -0.93201923370361328 -0.2424708306789398 0.26934754848480224
vn -0.99232548475265504 -0.08157026022672653 0.09293229132890702
vn -0.8059390187263488 -0.39619052410125736 0.43988108634948728
vn -0.63177907466888424 -0.51875269412994384 0.57597821950912472
vn -0.41726425290107728 -0.60812854766845704 0.67532968521118168
vn 0.30958417057991028 -0.52431261539459232 0.79325526952743536
vn 0.19462728500366212 -0.3296213150024414 0.92383438348770144
vn 0.06638661026954651 -0.1124325469136238 0.99143922328948976
vn 0.33623895049095152 -0.50763118267059328 0.79325526952743536
vn 0.21138444542884828 -0.31913417577743532 0.92383438348770144
vn 0.07210241258144379 -0.10885541886091232 0.99143922328948976
vn 0.36199703812599184 -0.4895959496498108 0.79325526952743536
vn 0.22757786512374876 -0.307795912027359 0.92383438348770144
vn 0.07762592285871506 -0.1049879789352417 0.99143922328948976
vn 0.38678967952728272 -0.47025501728057864 0.79325526952743536
vn 0.24316434562206268 -0.29563677310943604 0.92383438348770144
vn 0.0829424113035202 -0.10084054619073868 0.99143922328948976
vn 0.41055083274841312 -0.44965997338294984 0.79325526952743536
vn 0.25810232758522032 -0.2826892137527466 0.92383438348770144
vn 0.08803769946098328 -0.0964241847395897 0.99143922328948976
vn 0.43321704864501952 -0.42786568403244016 0.79325526952743536
vn 0.2723519802093506 -0.2689877450466156 0.92383438348770144
vn 0.09289819747209548 -0.09175066649913788 0.99143922328948976
vn 0.45472791790962216 -0.40493035316467288 0.79325526952743536
vn 0.28587529063224792 -0.254568874835968 0.92383438348770144
vn 0.0975109487771988 -0.08683245629072189 0.99143922328948976
vn 0.47502607107162472 -0.38091507554054264 0.79325526952743536
vn 0.29863619804382324 -0.23947113752365112 0.92383438348770144
vn 0.10186363756656646 -0.08168266713619232 0.99143922328948976
vn 0.4940573573112488 -0.35588395595550536 0.79325526952743536
vn 0.3106006681919098 -0.22373473644256592 0.92383438348770144
vn 0.1059446707367897 -0.07631504535675049 0.99143922328948976
vn 0.511771023273468 -0.3299037218093872 0.79325526952743536
vn 0.32173678278923036 -0.20740164816379548 0.92383438348770144
vn 0.1097431629896164 -0.07074389606714249 0.99143922328948976
vn 0.5281198620796204 -0.30304363369941712 0.79325526952743536
vn 0.33201485872268676 -0.1905154436826706 0.92383438348770144
vn 0.11324897408485412 -0.06498407572507858 0.99143922328948976
vn 0.54306024312973024 -0.27537539601325988 0.79325526952743536
vn 0.34140747785568236 -0.1731211394071579 0.92383438348770144
vn 0.11645276099443436 -0.05905094742774963 0.99143922328948976
vn 0.55655235052108768 -0.24697272479534148 0.79325526952743536
vn 0.34988960623741148 -0.15526515245437622 0.92383438348770144
vn 0.11934597790241242 -0.05296033620834351 0.99143922328948976
vn 0.56856018304824832 -0.21791140735149384 0.79325526952743536
vn 0.35743859410285948 -0.13699507713317872 0.92383438348770144
vn 0.12192090600728988 -0.04672848805785179 0.99143922328948976
vn 0.57905167341232296 -0.18826894462108612 0.79325526952743536
vn 0.36403432488441464 -0.11835965514183044 0.92383438348770144
vn 0.1241706907749176 -0.04037201777100563 0.99143922328948976
vn 0.58799892663955688 -0.15812437236309052 0.79325526952743536
vn 0.36965921521186832 -0.0994085744023323 0.92383438348770144
vn 0.12608931958675384 -0.03390787541866302 0.99143922328948976
vn 0.59537804126739504 -0.12755811214447022 0.79325526952743536
vn 0.37429824471473696 -0.08019237220287323 0.92383438348770144
vn 0.12767167389392852 -0.0273533072322607 0.99143922328948976
vn 0.60116928815841672 -0.09665165841579438 0.79325526952743536
vn 0.37793907523155216 -0.06076231226325035 0.92383438348770144
vn 0.1289135366678238 -0.02072578854858875 0.99143922328948976
vn 0.60535728931427 -0.06548743695020676 0.79325526952743536
vn 0.38057196140289304 -0.04117020219564438 0.92383438348770144
vn 0.1298116147518158 -0.01404299587011337 0.99143922328948976
vn 0.60793083906173704 -0.03414857387542724 0.79325526952743536
vn 0.38218989968299864 -0.02146829478442669 0.92383438348770144
vn 0.13036347925662994 -0.00732275191694498 0.99143922328948976
vn 0.60888314247131344 -0.00271863699890673 0.79325526952743536
vn 0.38278853893280032 -0.00170913431793451 0.92383438348770144
vn 0.13056768476963044 -0.00058297906070947 0.99143922328948976
vn 0.60821157693862912 0.02871854975819587 0.79325526952743536
vn 0.38236635923385624 0.01805458590388298 0.92383438348770144
vn 0.13042367994785308 0.00615834863856434 0.99143922328948976
vn 0.60591793060302736 0.06007914617657661 0.79325526952743536
vn 0.38092443346977232 0.03777015581727028 0.92383438348770144
vn 0.12993183732032776 0.01288325246423483 0.99143922328948976
vn 0.60200840234756472 0.0912795215845108 0.79325526952743536
vn 0.37846657633781432 0.05738499388098717 0.92383438348770144
vn 0.1290934830904007 0.01957379840314388 0.99143922328948976
vn 0.59649336338043216 0.1222364529967308 0.79325526952743536
vn 0.37499943375587464 0.07684679329395294 0.92383438348770144
vn 0.12791083753108978 0.02621214091777801 0.99143922328948976
vn 0.5893874764442444 0.152867391705513 0.79325526952743536
vn 0.37053215503692624 0.09610364586114884 0.92383438348770144
vn 0.1263870745897293 0.03278058022260666 0.99143922328948976
vn 0.5807098150253296 0.18309065699577332 0.79325526952743536
vn 0.36507672071456912 0.11510420590639114 0.92383438348770144
vn 0.124526247382164 0.039261594414711 0.99143922328948976
vn 0.57048338651657104 0.21282562613487244 0.79325526952743536
vn 0.35864767432212828 0.1337977796792984 0.92383438348770144
vn 0.12233331799507142 0.04563790187239647 0.99143922328948976
vn 0.55873554944992064 0.24199301004409792 0.79325526952743536
vn 0.3512621223926544 0.15213453769683838 0.92383438348770144
vn 0.11981414258480072 0.05189249664545059 0.99143922328948976
vn 0.54549765586853024 0.27051502466201784 0.79325526952743536
vn 0.34293979406356812 0.17006556689739228 0.92383438348770144
vn 0.11697542667388916 0.05800870060920715 0.99143922328948976
vn 0.53080493211746216 0.2983155846595764 0.79325526952743536
vn 0.33370286226272584 0.18754303455352784 0.92383438348770144
vn 0.1138247475028038 0.06397020071744919 0.99143922328948976
vn 0.51469659805297848 0.32532057166099548 0.79325526952743536
vn 0.32357600331306456 0.20452035963535308 0.92383438348770144
vn 0.11037050932645798 0.06976109743118286 0.99143922328948976
vn 0.49721559882164 0.35145795345306396 0.79325526952743536
vn 0.31258615851402284 0.22095222771167756 0.92383438348770144
vn 0.10662192106246948 0.07536594569683075 0.99143922328948976
vn 0.47840860486030576 0.37665805220603944 0.79325526952743536
vn 0.30076268315315248 0.23679484426975252 0.92383438348770144
vn 0.10258898138999938 0.08076979964971542 0.99143922328948976
vn 0.45832571387290952 0.40085360407829288 0.79325526952743536
vn 0.28813710808753968 0.252005934715271 0.92383438348770144
vn 0.09828244894742966 0.08595824986696243 0.99143922328948976
vn 0.437020480632782 0.42398011684417728 0.79325526952743536
vn 0.27474310994148256 0.26654496788978576 0.92383438348770144
vn 0.09371380507946014 0.0909174531698227 0.99143922328948976
vn 0.4145497977733612 0.44597592949867248 0.79325526952743536
vn 0.26061639189720152 0.28037315607070924 0.92383438348770144
vn 0.08889523148536682 0.09563418477773666 0.99143922328948976
vn 0.39097353816032408 0.4667823612689972 0.79325526952743536
vn 0.24579460918903352 0.2934536039829254 0.92383438348770144
vn 0.08383958041667938 0.10009587556123734 0.99143922328948976
vn 0.36635455489158632 0.48634392023086544 0.79325526952743536
vn 0.23031732439994812 0.30575141310691832 0.92383438348770144
vn 0.07856033742427826 0.10429061949253082 0.99143922328948976
vn 0.34075856208801268 0.50460845232009888 0.79325526952743536
vn 0.21422579884529112 0.31723383069038392 0.92383438348770144
vn 0.07307158410549164 0.10820722579956054 0.99143922328948976
vn 0.31425377726554872 0.52152717113494872 0.79325526952743536
vn 0.19756296277046204 0.3278702199459076 0.92383438348770144
vn 0.06738795340061188 0.11183524876832962 0.99143922328948976
vn 0.28691092133522032 0.5370550751686096 0.79325526952743536
vn 0.18037323653697968 0.33763217926025392 0.92383438348770144
vn 0.06152460724115372 0.11516502499580384 0.99143922328948976
vn 0.25880289077758788 0.55115073919296264 0.79325526952743536
vn 0.16270247101783752 0.3464937210083008 0.92383438348770144
vn 0.0554971769452095 0.11818765848875046 0.99143922328948976
vn 0.2300046682357788 0.56377649307250976 0.79325526952743536
vn 0.14459779858589172 0.35443121194839476 0.92383438348770144
vn 0.0493217445909977 0.12089510262012482 0.99143922328948976
vn 0.200593039393425 0.57489866018295288 0.79325526952743536
vn 0.12610748410224914 0.36142343282699584 0.92383438348770144
vn 0.0430147722363472 0.1232801228761673 0.99143922328948976
vn 0.17064644396305084 0.58448767662048336 0.79325526952743536
vn 0.10728085786104202 0.36745178699493408 0.92383438348770144
vn 0.03659308329224586 0.12533637881278992 0.99143922328948976
vn 0.1402447372674942 0.59251791238784792 0.79325526952743536
vn 0.08816812187433243 0.37250018119812008 0.92383438348770144
vn 0.03007380291819572 0.12705835700035096 0.99143922328948976
vn 0.10946902632713318 0.59896790981292728 0.79325526952743536
vn 0.06882025301456451 0.37655514478683472 0.92383438348770144
vn 0.02347431890666485 0.1284414827823639 0.99143922328948976
vn 0.0784013643860817 0.60382056236267088 0.79325526952743536
vn 0.04928884282708168 0.37960585951805112 0.92383438348770144
vn 0.01681223139166832 0.12948207557201386 0.99143922328948976
vn 0.04712460935115814 0.60706287622451784 0.79325526952743536
vn 0.02962598204612732 0.38164421916007992 0.92383438348770144
vn 0.01010530721396207 0.1301773488521576 0.99143922328948976
vn 0.01572217978537082 0.6086862087249756 0.79325526952743536
vn 0.0098841143772006 0.38266474008560184 0.92383438348770144
vn 0.0033714328892529 0.13052545487880706 0.99143922328948976
vn -0.01572217978537082 0.6086862087249756 0.79325526952743536
vn -0.0098841143772006 0.38266474008560184 0.92383438348770144
vn -0.0033714328892529 0.13052545487880706 0.99143922328948976
vn -0.04712460935115814 0.60706287622451784 0.79325526952743536
vn -0.02962598204612732 0.38164421916007992 0.92383438348770144
vn -0.01010530721396207 0.1301773488521576 0.99143922328948976
vn -0.0784013643860817 0.60382056236267088 0.79325526952743536
vn -0.04928884282708168 0.37960585951805112 0.92383438348770144
vn -0.01681223139166832 0.12948207557201386 0.99143922328948976
vn -0.10946902632713318 0.59896790981292728 0.79325526952743536
vn -0.06882025301456451 0.37655514478683472 0.92383438348770144
vn -0.02347431890666485 0.1284414827823639 0.99143922328948976
vn -0.1402447372674942 0.59251791238784792 0.79325526952743536
vn -0.08816812187433243 0.37250018119812008 0.92383438348770144
vn -0.03007380291819572 0.12705835700035096 0.99143922328948976
vn -0.17064644396305084 0.58448767662048336 0.79325526952743536
vn -0.10728085786104202 0.36745178699493408 0.92383438348770144
vn -0.03659308329224586 0.12533637881278992 0.99143922328948976
vn -0.200593039393425 0.57489866018295288 0.79325526952743536
vn -0.12610748410224914 0.36142343282699584 0.92383438348770144
vn -0.0430147722363472 0.1232801228761673 0.99143922328948976
vn -0.2300046682357788 0.56377649307250976 0.79325526952743536
vn -0.14459779858589172 0.35443121194839476 0.92383438348770144
vn -0.0493217445909977 0.12089510262012482 0.99143922328948976
vn -0.25880289077758788 0.55115073919296264 0.79325526952743536
vn -0.16270247101783752 0.3464937210083008 0.92383438348770144
vn -0.0554971769452095 0.11818765848875046 0.99143922328948976
vn -0.28691092133522032 0.5370550751686096 0.79325526952743536
vn -0.18037323653697968 0.33763217926025392 0.92383438348770144
vn -0.06152460724115372 0.11516502499580384 0.99143922328948976
vn -0.31425377726554872 0.52152717113494872 0.79325526952743536
vn -0.19756296277046204 0.3278702199459076 0.92383438348770144
vn -0.06738795340061188 0.11183524876832962 0.99143922328948976
vn -0.34075856208801268 0.50460845232009888 0.79325526952743536
vn -0.21422579884529112 0.31723383069038392 0.92383438348770144
vn -0.07307158410549164 0.10820722579956054 0.99143922328948976
vn -0.36635455489158632 0.48634392023086544 0.79325526952743536
vn -0.23031732439994812 0.30575141310691832 0.92383438348770144
vn -0.07856033742427826 0.10429061949253082 0.99143922328948976
vn -0.39097353816032408 0.4667823612689972 0.79325526952743536
vn -0.24579460918903352 0.2934536039829254 0.92383438348770144
vn -0.08383958041667938 0.10009587556123734 0.99143922328948976
vn -0.4145497977733612 0.44597592949867248 0.79325526952743536
vn -0.26061639189720152 0.28037315607070924 0.92383438348770144
vn -0.08889523148536682 0.09563418477773666 0.99143922328948976
vn -0.437020480632782 0.42398011684417728 0.79325526952743536
vn -0.27474310994148256 0.26654496788978576 0.92383438348770144
vn -0.09371380507946014 0.0909174531698227 0.99143922328948976
vn -0.45832571387290952 0.40085360407829288 0.79325526952743536
vn -0.28813710808753968 0.252005934715271 0.92383438348770144
vn -0.09828244894742966 0.08595824986696243 0.99143922328948976
vn -0.47840860486030576 0.37665805220603944 0.79325526952743536
vn -0.30076268315315248 0.23679484426975252 0.92383438348770144
vn -0.10258898138999938 0.08076979964971542 0.99143922328948976
vn -0.49721559882164 0.35145795345306396 0.79325526952743536
vn -0.31258615851402284 0.22095222771167756 0.92383438348770144
vn -0.10662192106246948 0.07536594569683075 0.99143922328948976
vn -0.51469659805297848 0.32532057166099548 0.79325526952743536
vn -0.32357600331306456 0.20452035963535308 0.92383438348770144
vn -0.11037050932645798 0.06976109743118286 0.99143922328948976
vn -0.53080493211746216 0.2983155846595764 0.79325526952743536
vn -0.33370286226272584 0.18754303455352784 0.92383438348770144
vn -0.1138247475028038 0.06397020071744919 0.99143922328948976
vn -0.54549765586853024 0.27051502466201784 0.79325526952743536
vn -0.34293979406356812 0.17006556689739228 0.92383438348770144
vn -0.11697542667388916 0.05800870060920715 0.99143922328948976
vn -0.55873554944992064 0.24199301004409792 0.79325526952743536
vn -0.3512621223926544 0.15213453769683838 0.92383438348770144
vn -0.11981414258480072 0.05189249664545059 0.99143922328948976
vn -0.57048338651657104 0.21282562613487244 0.79325526952743536
vn -0.35864767432212828 0.1337977796792984 0.92383438348770144
vn -0.12233331799507142 0.04563790187239647 0.99143922328948976
vn -0.5807098150253296 0.18309065699577332 0.79325526952743536
vn -0.36507672071456912 0.11510420590639114 0.92383438348770144
vn -0.124526247382164 0.039261594414711 0.99143922328948976
vn -0.5893874764442444 0.152867391705513 0.79325526952743536
vn -0.37053215503692624 0.09610364586114884 0.92383438348770144
vn -0.1263870745897293 0.03278058022260666 0.99143922328948976
vn -0.59649336338043216 0.1222364529967308 0.79325526952743536
vn -0.37499943375587464 0.07684679329395294 0.92383438348770144
vn -0.12791083753108978 0.02621214091777801 0.99143922328948976
vn -0.60200840234756472 0.0912795215845108 0.79325526952743536
vn -0.37846657633781432 0.05738499388098717 0.92383438348770144
vn -0.1290934830904007 0.01957379840314388 0.99143922328948976
vn -0.60591793060302736 0.06007914617657661 0.79325526952743536
vn -0.38092443346977232 0.03777015581727028 0.92383438348770144
vn -0.12993183732032776 0.01288325246423483 0.99143922328948976
vn -0.60821157693862912 0.02871854975819587 0.79325526952743536
vn -0.38236635923385624 0.01805458590388298 0.92383438348770144
vn -0.13042367994785308 0.00615834863856434 0.99143922328948976
vn -0.60888314247131344 -0.00271863699890673 0.79325526952743536
vn -0.38278853893280032 -0.00170913431793451 0.92383438348770144
vn -0.13056768476963044 -0.00058297906070947 0.99143922328948976
vn -0.60793083906173704 -0.03414857387542724 0.79325526952743536
vn -0.38218989968299864 -0.02146829478442669 0.92383438348770144
vn -0.13036347925662994 -0.00732275191694498 0.99143922328948976
vn -0.60535728931427 -0.06548743695020676 0.79325526952743536
vn -0.38057196140289304 -0.04117020219564438 0.92383438348770144
vn -0.1298116147518158 -0.01404299587011337 0.99143922328948976
vn -0.60116928815841672 -0.09665165841579438 0.79325526952743536
vn -0.37793907523155216 -0.06076231226325035 0.92383438348770144
vn -0.1289135366678238 -0.02072578854858875 0.99143922328948976
vn -0.59537804126739504 -0.12755811214447022 0.79325526952743536
vn -0.37429824471473696 -0.08019237220287323 0.92383438348770144
vn -0.12767167389392852 -0.0273533072322607 0.99143922328948976
vn -0.58799892663955688 -0.15812437236309052 0.79325526952743536
vn -0.36965921521186832 -0.0994085744023323 0.92383438348770144
vn -0.12608931958675384 -0.03390787541866302 0.99143922328948976
vn -0.57905167341232296 -0.18826894462108612 0.79325526952743536
vn -0.36403432488441464 -0.11835965514183044 0.92383438348770144
vn -0.1241706907749176 -0.04037201777100563 0.99143922328948976
vn -0.56856018304824832 -0.21791140735149384 0.79325526952743536
vn -0.35743859410285948 -0.13699507713317872 0.92383438348770144
vn -0.12192090600728988 -0.04672848805785179 0.99143922328948976
vn -0.55655235052108768 -0.24697272479534148 0.79325526952743536
vn -0.34988960623741148 -0.15526515245437622 0.92383438348770144
vn -0.11934597790241242 -0.05296033620834351 0.99143922328948976
vn -0.54306024312973024 -0.27537539601325988 0.79325526952743536
vn -0.34140747785568236 -0.1731211394071579 0.92383438348770144
vn -0.11645276099443436 -0.05905094742774963 0.99143922328948976
vn -0.5281198620796204 -0.30304363369941712 0.79325526952743536
vn -0.33201485872268676 -0.1905154436826706 0.92383438348770144
vn -0.11324897408485412 -0.06498407572507858 0.99143922328948976
vn -0.511771023273468 -0.3299037218093872 0.79325526952743536
vn -0.32173678278923036 -0.20740164816379548 0.92383438348770144
vn -0.1097431629896164 -0.07074389606714249 0.99143922328948976
vn -0.4940573573112488 -0.35588395595550536 0.79325526952743536
vn -0.3106006681919098 -0.22373473644256592 0.92383438348770144
vn -0.1059446707367897 -0.07631504535675049 0.99143922328948976
vn -0.47502607107162472 -0.38091507554054264 0.79325526952743536
vn -0.29863619804382324 -0.23947113752365112 0.92383438348770144
vn -0.10186363756656646 -0.08168266713619232 0.99143922328948976
vn -0.45472791790962216 -0.40493035316467288 0.79325526952743536
vn -0.28587529063224792 -0.254568874835968 0.92383438348770144
vn -0.0975109487771988 -0.08683245629072189 0.99143922328948976
vn -0.43321704864501952 -0.42786568403244016 0.79325526952743536
vn -0.2723519802093506 -0.2689877450466156 0.92383438348770144
vn -0.09289819747209548 -0.09175066649913788 0.99143922328948976
vn -0.41055083274841312 -0.44965997338294984 0.79325526952743536
vn -0.25810232758522032 -0.2826892137527466 0.92383438348770144
vn -0.08803769946098328 -0.0964241847395897 0.99143922328948976
vn -0.38678967952728272 -0.47025501728057864 0.79325526952743536
vn -0.24316434562206268 -0.29563677310943604 0.92383438348770144
vn -0.0829424113035202 -0.10084054619073868 0.99143922328948976
vn -0.36199703812599184 -0.4895959496498108 0.79325526952743536
vn -0.22757786512374876 -0.307795912027359 0.92383438348770144
vn -0.07762592285871506 -0.1049879789352417 0.99143922328948976
vn -0.33623895049095152 -0.50763118267059328 0.79325526952743536
vn -0.21138444542884828 -0.31913417577743532 0.92383438348770144
vn -0.07210241258144379 -0.10885541886091232 0.99143922328948976
vn -0.30958417057991028 -0.52431261539459232 0.79325526952743536
vn -0.19462728500366212 -0.3296213150024414 0.92383438348770144
vn -0.06638661026954651 -0.1124325469136238 0.99143922328948976
vn 0.06281346082687378 -0.11442054808139802 0.99144458770751952
vn 0.06840058416128159 -0.06533655524253845 0.9955161809921264
vn 0.17935647070407868 -0.33812287449836732 0.92385292053222656
vn 0.17515192925930024 -0.30361011624336244 0.93655896186828608
vn 0.28665217757225036 -0.53711354732513424 0.79330927133560176
vn 0.27555209398269652 -0.48721387982368472 0.82866984605789184
vn -0.27555209398269652 -0.48721387982368472 0.82866984605789184
vn -0.30418741703033448 -0.57570445537567136 0.7589693069458008
vn -0.17515192925930024 -0.30361011624336244 0.93655896186828608
vn -0.21969626843929292 -0.41119816899299624 0.88467484712600704
vn -0.0684003084897995 -0.06533491611480713 0.995516300201416
vn -0.08229657262563705 -0.14784164726734162 0.98558109998703008
vn -0.06281296908855438 -0.1144208237528801 0.99144458770751952
vn -0.17935647070407868 -0.33812287449836732 0.92385292053222656
vn -0.28665217757225036 -0.53711354732513424 0.79330927133560176
vn 0.30418741703033448 -0.57570445537567136 0.7589693069458008
vn 0.21969626843929292 -0.41119816899299624 0.88467484712600704
vn 0.08229657262563705 -0.14784164726734162 0.98558109998703008
vn 0.8059390187263488 -0.39619052410125736 0.43988108634948728
vn 0.63177907466888424 -0.51875269412994384 0.57597821950912472
vn 0.41726425290107728 -0.60812854766845704 0.67532968521118168
vn 0.40693703293800352 -0.60910338163375856 0.68073147535324096
vn 0.62356990575790408 -0.52813440561294552 0.57639795541763304
vn 0.80931133031845088 -0.39383551478385928 0.4357852041721344
vn 0.93179303407669072 -0.24286250770092012 0.26977691054344176
vn 0.91433614492416384 -0.18802128732204436 0.35866057872772216
vn 0.992268979549408 -0.08210834115743637 0.09306180477142334
vn 0.99198341369628912 -0.08478522300720215 0.09370360523462296
vn 0.9286179542541504 -0.25065451860427856 0.2735707461833954
vn 0.91867923736572272 -0.25878056883811952 0.29843109846115112
vn 0.80861485004425056 -0.39544242620468136 0.43562293052673336
vn 0.63668996095657352 -0.51525211334228512 0.573708176612854
vn 0.42465868592262272 -0.5999543070793152 0.67802643775939944
vn 0.42467018961906432 -0.60769480466842648 0.671090304851532
vn 0.63668888807296752 -0.51751744747161864 0.5716668367385864
vn 0.80861622095108032 -0.3947888910770416 0.43621268868446352
vn -0.4043231010437012 -0.51994830369949344 0.7524470686912536
vn -0.26456010341644288 -0.37756606936454776 0.88738483190536496
vn -0.19302770495414732 -0.40001031756401064 0.89595311880111696
vn -0.23996978998184204 -0.30302768945693968 0.92227369546890256
vn -0.13331206142902374 -0.16789159178733826 0.97674989700317376
vn -0.06181374937295914 -0.06156861037015915 0.996186912059784
vn -0.06969853490591049 -0.1408693641424179 0.98757171630859376
vn -0.14037929475307464 -0.28648608922958376 0.947744369506836
vn -0.3245787024497986 -0.50318473577499392 0.80090808868408208
vn -0.327409029006958 -0.58102494478225712 0.74512642621994016
vn -0.08455164730548859 -0.12995067238807678 0.98790884017944336
vn -0.02278311178088188 -0.03074651211500168 0.9992675185203552
vn -0.05535275489091873 -0.22542406618595124 0.97268700599670416
vn -0.2081686407327652 -0.26404938101768492 0.94177693128585808
vn -0.19112843275070192 -0.38469764590263368 0.90303802490234368
vn -0.09664735943078994 -0.1954001486301422 0.97594982385635376
vn -0.4469884634017944 -0.21702149510383604 0.86781507730484016
vn -0.55371820926666256 -0.14005428552627564 0.8208416104316712
vn -0.64067190885543824 -0.05246090888977051 0.76602047681808464
vn -0.32318904995918272 -0.2740851938724518 0.90577375888824464
vn -0.3547421395778656 -0.3586275577545166 0.86344909667968752
vn -0.701366662979126 -0.12715843319892884 0.70136690139770504
vn -0.60974776744842528 -0.21881400048732756 0.76179265975952144
vn -0.493483692407608 -0.29974234104156496 0.81647312641143792
vn -0.70710664987564088 -1.0731888266946044E-08 0.70710694789886472
vn -0.7071067690849304 0 0.7071067690849304
vn 0.06970351934432983 -0.14087213575839996 0.98757100105285648
vn 0.14037758111953736 -0.28648525476455688 0.94774484634399408
vn 0.324570894241333 -0.50318229198455808 0.80091279745101936
vn 0.26456469297409056 -0.37756282091140744 0.88738483190536496
vn 0.32738798856735228 -0.58102029561996456 0.74513924121856688
vn 0.40429136157035824 -0.5199729800224304 0.7524470686912536
vn 0.19302551448345184 -0.40000939369201664 0.89595401287078864
vn 0.23996901512145996 -0.30302587151527404 0.92227447032928464
vn 0.13331039249897004 -0.1678909808397293 0.97675019502639776
vn 0.06182056292891502 -0.06157397851347923 0.99618613719940192
vn 0.20815935730934144 -0.26403683423995972 0.94178247451782224
vn 0.19110994040966032 -0.38482809066772464 0.90298634767532352
vn 0.09664776176214218 -0.19539985060691832 0.97594982385635376
vn 0.08455252647399902 -0.1299518495798111 0.98790860176086432
vn 0.022782688960433 -0.03074554726481437 0.999267578125
vn 0.0553567036986351 -0.22542138397693636 0.9726874232292176
vn 0.70140606164932248 -0.1276203989982605 0.7012435793876648
vn 0.615569531917572 -0.15649321675300598 0.77238851785659792
vn 0.61728394031524656 -0.18411603569984436 0.76489335298538208
vn 0.4925866425037384 -0.30009105801582336 0.8168866038322448
vn 0.35403725504875184 -0.35861122608184816 0.86374509334564208
vn 0.32292309403419496 -0.27438488602638244 0.90577787160873408
vn 0.44629502296447752 -0.21739289164543152 0.8680789470672608
vn 0.52541667222976688 -0.21927613019943236 0.82210421562194832
vn 0.64024299383163456 -0.05281293764710426 0.76635479927062992
vn 0 0 1
vn 8.43613270262722E-06 -1.0906181159953121E-05 1
vn -3.6681162782770116E-06 4.585880105878459E-06 1
vn -5.101416178376894E-08 3.075349530590188E-09 1
vn 1.4868008690882561E-07 -1.3239804275144706E-07 1
vn 1.0175893550012916E-07 -1.0050195697886011E-07 1
vn -1.0282775519954157E-08 1.8637823018252675E-07 1
vn -2.0098353203934494E-08 1.204428059509155E-07 1
vn -1.373288416317564E-08 0 1
vn 1.4188451302743488E-07 -1.5540047115791822E-07 1
vn -1.5910652351180943E-08 1.4375365253727068E-07 1
vn 2.1647322512308165E-07 -2.6318599566366174E-07 1
vn -2.121670235055717E-07 3.059874984501221E-07 1
vn -9.175165018859843E-07 1.0535258070376585E-06 1
vn -8.790675565251149E-08 1.8856800565458798E-08 1
vn 0 1.3296054923728207E-08 1
vn 3.851417318401218E-07 -5.208988795857294E-07 1
vn -3.359991183060629E-07 4.316916601965204E-07 1
vn -9.001216483284225E-08 1.9073954149462224E-07 1
vn -3.564755601814795E-08 1.2606417953975324E-07 1
vn 3.387928826370512E-10 3.559170069777906E-09 1
vn -2.0398327471582434E-09 -1.8429984649515063E-08 1
vn 9.466270398661436E-07 -1.429154394827492E-06 1
vn -6.953524689379265E-07 5.79166112402163E-07 1
vn -1.0481998913292045E-07 1.9369036863281508E-07 1
vn -1.220426213421888E-07 5.2758281299247756E-08 1
vn -6.400581398224858E-09 2.2315731484923162E-07 1
vn 5.569336658517443E-10 1.00946291325954E-08 1
vn -4.743607728840971E-10 -1.6775224542797673E-09 1
vn -6.162260701714217E-10 -3.69282537882043E-09 1
vn -4.964306743460156E-10 -2.215156058582579E-09 1
vn -2.272387433777112E-08 -4.808288878166422E-09 1
vn 9.0493513198453E-06 -1.532600617792923E-05 1
vn -1.593597005467018E-07 2.5924890678652446E-07 1
vn -5.3637442931631085E-08 1.5624053162355267E-07 1
vn 4.612184245633699E-10 6.89155887911852E-09 1
vn -5.244841227991515E-10 -1.2913082825249944E-09 1
vn 1.3360383022131828E-08 -2.9730648165582352E-08 1
vn -9.475547813053709E-08 1.6223681598148687E-07 1
vn -3.173394702571386E-08 1.4160285388697957E-07 1
vn -4.875071457632885E-10 -1.4200521869511817E-09 1
vn -8.052050048945603E-08 1.9824582864202966E-07 1
vn -3.0677396178901972E-09 -6.500663118913508E-09 1
vn -8.166257003949795E-09 4.72080374791517E-09 1
vn -0.70406258106231688 0.09269160032272338 0.70406258106231688
vn -0.70516198873519896 0.28839507699012756 0.64774596691131592
vn -0.68785810470581056 0.27776890993118288 0.67059350013732912
vn -0.70601439476013184 0.45993748307228088 0.53851759433746336
vn -0.67933660745620728 0.44672545790672304 0.58218395709991456
vn -0.67933660745620728 0.58218395709991456 0.44672545790672304
vn -0.70662176609039304 0.5934361219406128 0.38538193702697752
vn -0.68785810470581056 0.67059350013732912 0.27776890993118288
vn -0.70698559284210208 0.67810410261154176 0.20086358487606048
vn -0.70406258106231688 0.70406258106231688 0.0926915854215622
vn -0.70516198873519896 0.64774596691131592 0.28839507699012756
vn -0.70601439476013184 0.53851759433746336 0.45993748307228088
vn -0.70662176609039304 0.38538193702697752 0.5934361219406128
vn -0.70698559284210208 0.20086358487606048 0.67810410261154176
vn -1 -2.1122110283045004E-08 0
vn -1 -1.7815127151266097E-08 -1.0969985808628735E-08
vn -1 -1.4911915258153385E-08 1.6480472098123755E-08
vn -1 -1.8263962786591037E-08 1.3697480927277184E-09
vn -1 2.8955648545547774E-08 2.0620717577912728E-07
vn -1 -1.4998970954138713E-08 1.4091344979760834E-08
vn -1 0 -1.3732898374030356E-08
vn -1 -1.6168174354902476E-08 4.015217491826206E-09
vn -1 -1.5286360621757922E-08 1.0216123058626181E-08
vn -1 0 -1.3732899262208775E-08
vn -1 -1.5666561381522115E-08 7.015384273501013E-09
vn -1 0 -1.3732896597673516E-08
vn -1 0 -1.3732889492246159E-08
vn -1 0 -1.3732894821316677E-08
vn -1 0 -1.3732901038565615E-08
vn -1 0 -1.3732892156781418E-08
vn -1 0 -1.373291613759875E-08
vn -1 0 -1.3732880610461962E-08
vn -1 0 -1.3732890380424578E-08
vn -1 -1.8634350951174383E-08 -1.7911733607434144E-07
vn 0.7071067690849304 7.182598892541137E-06 0.7071067690849304
vn 0.70720928907394408 0 0.70700424909591672
vn -1.7924994821783002E-09 0.99144488573074336 0.13052618503570556
vn -3.900348488627969E-09 0.9588197469711304 0.28401535749435424
vn -5.585666595919747E-09 0.91354542970657344 0.40673664212226864
vn -7.479463270954056E-09 0.83867055177688592 0.5446390509605408
vn -7.479465047310896E-09 0.83867055177688592 0.5446390509605408
vn -8.918795479928576E-09 0.76040595769882208 0.649448037147522
vn -1.0442567699442407E-08 0.649448037147522 0.76040595769882208
vn -1.2545613436998337E-08 0.40673664212226864 0.91354542970657344
vn -1.1517367504154663E-08 0.5446390509605408 0.83867055177688592
vn -1.1517364839619404E-08 0.5446390509605408 0.83867055177688592
vn -1.3167359647070498E-08 0.28401535749435424 0.9588197469711304
vn -1.3615397698174547E-08 0.13052618503570556 0.99144488573074336
vn -8.918793703571737E-09 0.76040595769882208 0.649448037147522
vn -1.7924991491113929E-09 0.99144488573074336 0.13052618503570556
vn -0.7071067690849304 0.7071067690849304 -9.710611870161756E-09
vn -0.7071067690849304 0.7071067690849304 -9.710614534697015E-09
vn -0.84195095300674432 0 -0.53955405950546264
vn -0.94210445880889888 0 -0.33531957864761352
vn -0.99351114034652704 0 -0.11373484879732132
vn -0.59728389978408816 0.70480144023895264 -0.3827621638774872
vn -0.66833329200744632 0.70480144023895264 -0.2378772795200348
vn -0.70480144023895264 0.70480144023895264 -0.08068402856588364
vn -0.854030966758728 0 0.52022218704223632
vn -0.96281641721725456 0 0.27015647292137144
vn -1 0 -1.3732870840499345E-08
vn -0.96281641721725456 0 -0.27015647292137144
vn -0.854030966758728 0 -0.52022218704223632
vn -1 0 -1.3732881498640381E-08
vn -0.60671764612197872 0.70378154516220096 0.36957439780235288
vn -0.6840006709098816 0.70378154516220096 0.1919236034154892
vn -0.71041649580001832 0.70378154516220096 -9.75606440078991E-09
vn -0.6840006709098816 0.70378154516220096 -0.1919236183166504
vn -0.60671764612197872 0.70378154516220096 -0.36957439780235288
vn -0.71041649580001832 0.70378154516220096 -9.756057295362552E-09
vn -0.99351114034652704 0 0.11373481899499894
vn -0.94210445880889888 0 0.33531957864761352
vn -0.84195095300674432 0 0.53955405950546264
vn -0.70480144023895264 0.70480144023895264 0.08068400621414185
vn -0.66833329200744632 0.70480144023895264 0.2378772646188736
vn -0.59728389978408816 0.70480144023895264 0.3827621638774872
vn -1 0 -1.3732877945926703E-08
vn -1 0 -1.3732875281391443E-08
vn -0.7071067690849304 0.7071067690849304 -9.710610981983336E-09
vn -0.7071067690849304 0.7071067690849304 -9.710640291871186E-09
vn -0.37681704759597776 0 0.92628771066665648
vn -0.51780468225479128 0 0.85549890995025632
vn -0.64590483903884888 0 0.763417899608612
vn -0.75792938470840448 0 0.65233659744262696
vn -0.85109019279479984 0 0.5250195264816284
vn -0.9230685234069824 0 0.38463547825813296
vn -0.9720730781555176 0 0.23467841744422912
vn -0.99688404798507696 0 0.07888054102659225
vn -0.26686534285545348 0.70600253343582152 0.65600556135177616
vn -0.36671406030654904 0.70600253343582152 0.60587227344512936
vn -0.45743581652641296 0.70600253343582152 0.54065966606140136
vn -0.53677266836166384 0.70600253343582152 0.46199083328247072
vn -0.60274994373321536 0.70600253343582152 0.37182369828224184
vn -0.65372574329376224 0.70600253343582152 0.27240240573883056
vn -0.68843114376068112 0.70600253343582152 0.16620142757892608
vn -0.70600253343582152 0.70600253343582152 0.05586393177509308
vn -0.92902755737304688 0 0.3700105547904968
vn -0.8070244193077088 0 0.590518057346344
vn -0.63376849889755248 0 0.7735227346420288
vn -0.42026305198669432 0 0.90740233659744256
vn -0.65954482555389408 0.70427191257476808 0.26268169283866884
vn -0.5729311108589172 0.70427191257476808 0.41922667622566224
vn -0.44993147253990176 0.70427191257476808 0.54914724826812744
vn -0.29835745692253112 0.70427191257476808 0.64419239759445192
vn 0.9213964939117432 0 0.38862389326095584
vn 0.769938051700592 0 0.6381186842918396
vn 0.55289065837860104 0 0.833253800868988
vn 0.28874397277832032 0 0.95740634202957152
vn -8.233399739765446E-09 0 1
vn -0.28874400258064272 0 0.95740634202957152
vn -0.55289065837860104 0 0.833253800868988
vn -0.769938051700592 0 0.6381186246871948
vn -0.9213964939117432 0 0.38862386345863344
vn 0.6550225019454956 0.70329117774963376 0.27627345919609068
vn 0.54735040664672848 0.70329117774963376 0.45363977551460264
vn 0.3930509984493256 0.70329117774963376 0.5923617482185364
vn 0.20526863634586336 0.70329117774963376 0.68062198162078856
vn -5.853069584560444E-09 0.70329117774963376 0.71090191602706912
vn -0.20526865124702452 0.70329117774963376 0.68062198162078856
vn -0.39305102825164792 0.70329117774963376 0.5923617482185364
vn -0.54735040664672848 0.70329117774963376 0.45363974571228024
vn -0.6550225019454956 0.70329117774963376 0.27627342939376832
vn -5.853139306566391E-09 0.70329117774963376 0.71090191602706912
vn 0.42026302218437192 0 0.90740233659744256
vn 0.63376849889755248 0 0.7735227942466736
vn 0.8070244193077088 0 0.590518057346344
vn 0.92902755737304688 0 0.3700105547904968
vn 0.29835745692253112 0.70427191257476808 0.64419239759445192
vn 0.44993147253990176 0.70427191257476808 0.54914724826812744
vn 0.5729311108589172 0.70427191257476808 0.41922667622566224
vn 0.65954482555389408 0.70427191257476808 0.2626817226409912
vn 0.99688404798507696 0 0.07888055592775345
vn 0.9720730781555176 0 0.23467843234539032
vn 0.9230685234069824 0 0.38463550806045536
vn 0.85109019279479984 0 0.5250195264816284
vn 0.75792938470840448 0 0.65233659744262696
vn 0.64590483903884888 0 0.763417899608612
vn 0.51780462265014648 0 0.85549890995025632
vn 0.37681704759597776 0 0.92628771066665648
vn 0.70600253343582152 0.70600253343582152 0.05586394295096397
vn 0.68843114376068112 0.70600253343582152 0.16620144248008728
vn 0.65372568368911744 0.70600253343582152 0.27240243554115296
vn 0.60274994373321536 0.70600253343582152 0.37182369828224184
vn 0.53677260875701904 0.70600253343582152 0.46199083328247072
vn 0.45743581652641296 0.70600253343582152 0.54065966606140136
vn 0.36671406030654904 0.70600253343582152 0.60587227344512936
vn 0.26686531305313112 0.70600253343582152 0.65600556135177616
vn 1 0 1.3732905479457713E-08
vn 0.7071067690849304 0.7071067690849304 9.710622528302792E-09
vn 0.7071067690849304 0.7071067690849304 9.71063229826541E-09
vn 0.84195613861083984 0 0.5395459532737732
vn 0.94210636615753168 0 0.33531412482261656
vn 0.99351137876510624 0 0.11373292654752732
vn 0.59728753566741944 0.70480149984359744 0.3827563524246216
vn 0.66833460330963136 0.70480149984359744 0.237873375415802
vn 0.70480149984359744 0.70480149984359744 0.0806826576590538
vn 0.85403579473495488 0 -0.5202142596244812
vn 0.96281766891479488 0 -0.27015200257301332
vn 1 0 1.3731264125738107E-08
vn 0.96281766891479488 0 0.27015203237533568
vn 0.85403579473495488 0 0.5202142596244812
vn 1 0 1.37328868277109E-08
vn 1 1.5001274888959415E-08 -1.4028096018137148E-08
vn 1 0 1.3732889492246159E-08
vn 1 0 1.3732876169569863E-08
vn 1 0 1.373288416317564E-08
vn 1 0 1.373288593953248E-08
vn 1 1.528746551571203E-08 -1.0229639357817177E-08
vn 1 0 1.3732894821316677E-08
vn 1 0 1.3732880610461962E-08
vn 1 0 1.373288505135406E-08
vn 1 1.5651744789124677E-08 -7.119160816415615E-09
vn 1 1.6128819169125563E-08 -4.2367025443468265E-09
vn 1 1.8263556000874814E-08 -1.5659290530933845E-09
vn 1 1.8634352727531223E-08 1.7911770555656403E-07
vn 1 0 1.3732891268602998E-08
vn 1 0 1.3732877945926703E-08
vn 1 -3.0969633968425114E-08 -2.2150486245209322E-07
vn 1 2.1122110283045004E-08 0
vn 1 0 1.3732870840499345E-08
vn 1 1.7739365532065676E-08 1.0981720421909813E-08
vn 1 1.4911915258153385E-08 -1.6480464992696398E-08
vn 0.70406258106231688 0.70406258106231688 0.09269160777330398
vn 0.70516198873519896 0.64774596691131592 0.28839510679244996
vn 0.68785810470581056 0.67059350013732912 0.27776893973350524
vn 0.70601433515548704 0.53851759433746336 0.45993751287460328
vn 0.67933660745620728 0.58218395709991456 0.44672545790672304
vn 0.67933660745620728 0.44672545790672304 0.58218395709991456
vn 0.70662176609039304 0.38538193702697752 0.5934361815452576
vn 0.68785810470581056 0.27776890993118288 0.67059350013732912
vn 0.70698559284210208 0.20086358487606048 0.67810410261154176
vn 0.70406258106231688 0.09269160032272338 0.70406258106231688
vn 0.70516198873519896 0.28839507699012756 0.64774596691131592
vn 0.70601433515548704 0.45993748307228088 0.53851759433746336
vn 0.70662176609039304 0.5934361219406128 0.38538193702697752
vn 0.70698559284210208 0.67810410261154176 0.20086359977722168
vn 0.99351137876510624 0 -0.11373289674520492
vn 0.94210636615753168 0 -0.3353140950202942
vn 0.84195619821548464 0 -0.5395458936691284
vn 0.60672098398208616 0.70378166437149048 -0.36956870555877688
vn 0.68400144577026368 0.70378166437149048 -0.19192039966583252
vn 0.71041637659072872 0.70378166437149048 9.75491154520114E-09
vn 0.68400144577026368 0.70378166437149048 0.19192041456699372
vn 0.60672098398208616 0.70378166437149048 0.36956873536109928
vn 0.71041637659072872 0.70378166437149048 9.754914209736398E-09
vn 0.70480149984359744 0.70480149984359744 -0.08068263530731201
vn 0.66833460330963136 0.70480149984359744 -0.2378733605146408
vn 0.59728753566741944 0.70480149984359744 -0.3827563524246216
vn 0.7071067690849304 0.7071067690849304 9.710615422875435E-09
vn 0.7071067690849304 0.7071067690849304 9.710618975589114E-09
vn 0 -1 0
vn 0.9954718947410584 0 0.09505604207515716
vn 0.95949298143386848 0 0.28173255920410156
vn 0.88883543014526368 0 0.45822653174400328
vn 0.78605312108993536 0 0.61815899610519408
vn 0.6548607349395752 0 0.75574958324432368
vn 0.5 0 0.86602538824081424
vn 0.32706797122955324 0 0.94500082731246944
vn 0.1423148363828659 0 0.98982143402099616
vn -0.04758191481232643 0 0.99886733293533328
vn -0.2357589304447174 0 0.971811592578888
vn -0.4154150187969208 0 0.90963196754455568
vn -0.58005690574646 0 0.81457597017288208
vn -0.72373402118682864 0 0.6900790333747864
vn -0.84125351905822752 0 0.54064083099365232
vn -0.9283679127693176 0 0.3716624677181244
vn -0.98192870616912848 0 0.18925124406814576
vn -1 0 0
vn -0.98192870616912848 0 -0.18925124406814576
vn -0.9283679127693176 0 -0.3716624677181244
vn -0.84125351905822752 0 -0.54064083099365232
vn -0.72373402118682864 0 -0.6900790333747864
vn -0.58005690574646 0 -0.81457597017288208
vn -0.4154150187969208 0 -0.90963196754455568
vn -0.2357589304447174 0 -0.971811592578888
vn -0.04758191481232643 0 -0.99886733293533328
vn 0.1423148363828659 0 -0.98982143402099616
vn 0.32706797122955324 0 -0.94500082731246944
vn 0.5 0 -0.86602538824081424
vn 0.6548607349395752 0 -0.75574958324432368
vn 0.78605312108993536 0 -0.61815899610519408
vn 0.88883543014526368 0 -0.45822653174400328
vn 0.95949298143386848 0 -0.28173255920410156
vn 0.9954718947410584 0 -0.09505604207515716
vn 0.11129888892173768 -0.70271348953247072 -0.70271348953247072
vn 0.3230019509792328 -0.70271348953247072 -0.63392698764801024
vn 0.50308734178543088 -0.70271348953247072 -0.50308734178543088
vn 0.63392698764801024 -0.70271348953247072 -0.3230019509792328
vn 0.70271348953247072 -0.70271348953247072 -0.11129888892173768
vn 0.70271348953247072 -0.70271348953247072 0.11129888892173768
vn 0.63392698764801024 -0.70271348953247072 0.3230019509792328
vn 0.50308734178543088 -0.70271348953247072 0.50308734178543088
vn 0.3230019509792328 -0.70271348953247072 0.63392698764801024
vn 0.11129888892173768 -0.70271348953247072 0.70271348953247072
vn -0.11129888892173768 -0.70271348953247072 0.70271348953247072
vn -0.3230019509792328 -0.70271348953247072 0.63392698764801024
vn -0.50308734178543088 -0.70271348953247072 0.50308734178543088
vn -0.63392698764801024 -0.70271348953247072 0.3230019509792328
vn -0.70271348953247072 -0.70271348953247072 0.11129888892173768
vn -0.70271348953247072 -0.70271348953247072 -0.11129888892173768
vn -0.63392698764801024 -0.70271348953247072 -0.3230019509792328
vn -0.50308734178543088 -0.70271348953247072 -0.50308734178543088
vn -0.3230019509792328 -0.70271348953247072 -0.63392698764801024
vn -0.11129888892173768 -0.70271348953247072 -0.70271348953247072
vn 0.9876883625984192 0 0.15643446147441864
vn 0.8910065293312072 0 0.45399048924446104
vn 0.7071067690849304 0 0.7071067690849304
vn 0.45399048924446104 0 0.8910065293312072
vn 0.15643446147441864 0 0.9876883625984192
vn -0.15643446147441864 0 0.9876883625984192
vn -0.45399048924446104 0 0.8910065293312072
vn -0.8910065293312072 0 0.45399048924446104
vn -0.9876883625984192 0 0.15643446147441864
vn -0.9876883625984192 0 -0.15643446147441864
vn -0.8910065293312072 0 -0.45399048924446104
vn -0.7071067690849304 0 -0.7071067690849304
vn -0.45399048924446104 0 -0.8910065293312072
vn -0.15643446147441864 0 -0.9876883625984192
vn 0.15643446147441864 0 -0.9876883625984192
vn 0.45399048924446104 0 -0.8910065293312072
vn 0.7071067690849304 0 -0.7071067690849304
vn 0.8910065293312072 0 -0.45399048924446104
vn 0.9876883625984192 0 -0.15643446147441864
vn 0.11129888892173768 0.70271348953247072 0.70271348953247072
vn 0.3230019509792328 0.70271348953247072 0.63392698764801024
vn 0.50308734178543088 0.70271348953247072 0.50308734178543088
vn 0.63392698764801024 0.70271348953247072 0.3230019509792328
vn 0.70271348953247072 0.70271348953247072 0.11129888892173768
vn 0.70271348953247072 0.70271348953247072 -0.11129888892173768
vn 0.63392698764801024 0.70271348953247072 -0.3230019509792328
vn 0.50308734178543088 0.70271348953247072 -0.50308734178543088
vn 0.3230019509792328 0.70271348953247072 -0.63392698764801024
vn 0.11129888892173768 0.70271348953247072 -0.70271348953247072
vn -0.11129888892173768 0.70271348953247072 -0.70271348953247072
vn -0.3230019509792328 0.70271348953247072 -0.63392698764801024
vn -0.50308734178543088 0.70271348953247072 -0.50308734178543088
vn -0.63392698764801024 0.70271348953247072 -0.3230019509792328
vn -0.70271348953247072 0.70271348953247072 -0.11129888892173768
vn -0.70271348953247072 0.70271348953247072 0.11129888892173768
vn -0.63392698764801024 0.70271348953247072 0.3230019509792328
vn -0.50308734178543088 0.70271348953247072 0.50308734178543088
vn -0.3230019509792328 0.70271348953247072 0.63392698764801024
vn -0.11129888892173768 0.70271348953247072 0.70271348953247072
vn 0.80281054973602288 0 -0.59623420238494872
vn 0.90189349651336672 0 -0.4319584369659424
vn 0.9677832126617432 0 -0.25178489089012144
vn 0.9980546832084656 0 -0.06234467402100563
vn 0.99159377813339232 0 0.12939007580280304
vn 0.94863826036453248 0 0.31636276841163636
vn 0.87076914310455328 0 0.49169203639030456
vn 0.76085227727890016 0 0.64892512559890744
vn 0.62293303012847904 0 0.78227519989013664
vn 0.46208736300468448 0 0.88683438301086432
vn 0.28423506021499632 0 0.95875459909439088
vn 0.09592179208993912 0 0.99538886547088624
vn -0.09592179208993912 0 0.99538886547088624
vn -0.28423506021499632 0 0.95875459909439088
vn -0.46208736300468448 0 0.88683438301086432
vn -0.62293303012847904 0 0.78227519989013664
vn -0.76085227727890016 0 0.64892512559890744
vn -0.87076914310455328 0 0.49169203639030456
vn -0.94863826036453248 0 0.31636276841163636
vn -0.99159377813339232 0 0.12939007580280304
vn -0.9980546832084656 0 -0.06234467402100563
vn -0.9677832126617432 0 -0.25178489089012144
vn -0.90189349651336672 0 -0.4319584369659424
vn -0.80281054973602288 0 -0.59623420238494872
vn 0.63439327478408816 0 -0.77301043272018432
vn 0.4713967442512512 0 -0.8819212913513184
vn 0.290284663438797 0 -0.9569403529167176
vn 0.0980171412229538 0 -0.99518471956253056
vn -0.0980171412229538 0 -0.99518471956253056
vn -0.290284663438797 0 -0.9569403529167176
vn -0.4713967442512512 0 -0.8819212913513184
vn -0.63439327478408816 0 -0.77301043272018432
vn -0.60541558265686032 0 -0.79590952396392816
vn -0.37098309397697448 0 -0.92863959074020384
vn -0.10962618887424468 0 -0.99397289752960208
vn 0.15968693792819976 0 -0.98716771602630608
vn 0.4174106419086456 0 -0.90871798992156976
vn 0.64484041929244992 0 -0.7643172144889832
vn -0.64484041929244992 0 -0.7643172144889832
vn -0.4174106419086456 0 -0.90871798992156976
vn -0.15968693792819976 0 -0.98716771602630608
vn 0.10962618887424468 0 -0.99397289752960208
vn 0.37098309397697448 0 -0.92863959074020384
vn 0.60541558265686032 0 -0.79590952396392816
# 3124 vertex normals

g obj_13555408
s 1
f 1//1 2//1 3//1
f 1//2 4//2 2//2
f 1//3 5//3 4//3
f 1//4 6//4 5//4
f 1//5 7//5 6//5
f 1//6 8//6 7//6
f 1//7 9//7 8//7
f 1//8 10//8 9//8
f 1//9 11//9 10//9
f 1//10 12//10 11//10
f 1//11 13//11 12//11
f 1//12 14//12 13//12
f 1//13 15//13 14//13
f 1//14 16//14 15//14
f 1//15 17//15 16//15
f 1//16 18//16 17//16
f 1//17 19//17 18//17
f 1//18 20//18 19//18
f 1//19 21//19 20//19
f 1//20 3//20 21//20
f 11//21 12//21 22//21
f 10//22 11//22 23//22
f 9//23 10//23 24//23
f 8//24 9//24 25//24
f 7//25 8//25 26//25
f 6//26 7//26 27//26
f 5//27 6//27 28//27
f 4//28 5//28 29//28
f 2//29 4//29 30//29
f 3//30 2//30 31//30
f 21//31 3//31 32//31
f 20//32 21//32 33//32
f 19//33 20//33 34//33
f 18//34 19//34 35//34
f 17//35 18//35 36//35
f 16//36 17//36 37//36
f 15//37 16//37 38//37
f 14//38 15//38 39//38
f 13//39 14//39 40//39
f 12//40 13//40 41//40
f 41//40 22//40 12//40
f 40//39 41//39 13//39
f 39//38 40//38 14//38
f 38//37 39//37 15//37
f 37//36 38//36 16//36
f 36//35 37//35 17//35
f 35//34 36//34 18//34
f 34//33 35//33 19//33
f 33//32 34//32 20//32
f 32//31 33//31 21//31
f 31//30 32//30 3//30
f 30//29 31//29 2//29
f 29//28 30//28 4//28
f 28//27 29//27 5//27
f 27//26 28//26 6//26
f 26//25 27//25 7//25
f 25//24 26//24 8//24
f 24//23 25//23 9//23
f 23//22 24//22 10//22
f 22//21 23//21 11//21
f 42//41 43//41 44//41
f 45//41 46//41 47//41
f 47//41 48//41 45//41
f 45//41 49//41 46//41
f 50//41 51//41 52//41
f 53//41 54//41 51//41
f 53//41 55//41 56//41
f 51//41 50//41 53//41
f 53//41 57//41 55//41
f 56//41 54//41 53//41
f 52//41 58//41 50//41
f 59//41 60//41 61//41
f 44//41 62//41 60//41
f 60//41 59//41 44//41
f 44//41 63//41 62//41
f 64//41 65//41 66//41
f 64//41 67//41 68//41
f 64//41 69//41 70//41
f 65//41 71//41 66//41
f 45//41 72//41 64//41
f 66//41 69//41 64//41
f 64//41 73//41 67//41
f 65//41 74//41 71//41
f 70//41 73//41 64//41
f 75//41 76//41 77//41
f 75//41 78//41 79//41
f 80//41 81//41 78//41
f 82//41 83//41 84//41
f 85//41 86//41 87//41
f 85//41 75//41 88//41
f 79//41 76//41 75//41
f 78//41 49//41 80//41
f 89//41 90//41 82//41
f 88//41 86//41 85//41
f 81//41 79//41 78//41
f 80//41 49//41 45//41
f 45//41 68//41 91//41
f 84//41 89//41 82//41
f 90//41 89//41 85//41
f 77//41 88//41 75//41
f 91//41 92//41 45//41
f 65//41 84//41 93//41
f 85//41 94//41 90//41
f 45//41 92//41 80//41
f 84//41 95//41 93//41
f 87//41 94//41 85//41
f 83//41 95//41 84//41
f 96//41 97//41 98//41
f 98//41 99//41 96//41
f 98//41 100//41 101//41
f 97//41 102//41 98//41
f 101//41 103//41 98//41
f 99//41 104//41 96//41
f 105//41 106//41 107//41
f 108//41 107//41 109//41
f 110//41 111//41 112//41
f 102//41 100//41 98//41
f 105//41 104//41 99//41
f 105//41 113//41 106//41
f 109//41 114//41 115//41
f 112//41 116//41 110//41
f 117//41 110//41 116//41
f 99//41 113//41 105//41
f 109//41 115//41 108//41
f 109//41 112//41 118//41
f 116//41 89//41 117//41
f 107//41 108//41 105//41
f 118//41 119//41 109//41
f 111//41 120//41 112//41
f 89//41 121//41 122//41
f 101//41 123//41 103//41
f 120//41 118//41 112//41
f 121//41 124//41 122//41
f 124//41 121//41 103//41
f 119//41 114//41 109//41
f 103//41 125//41 124//41
f 122//41 117//41 89//41
f 126//41 127//41 113//41
f 113//41 99//41 128//41
f 129//41 130//41 131//41
f 132//41 133//41 129//41
f 134//41 135//41 132//41
f 136//41 137//41 138//41
f 139//41 140//41 141//41
f 139//41 142//41 143//41
f 131//41 144//41 129//41
f 132//41 145//41 134//41
f 133//41 146//41 147//41
f 136//41 148//41 137//41
f 138//41 141//41 149//41
f 143//41 140//41 139//41
f 139//41 131//41 150//41
f 131//41 130//41 151//41
f 129//41 145//41 132//41
f 133//41 132//41 146//41
f 147//41 152//41 153//41
f 149//41 154//41 138//41
f 150//41 142//41 139//41
f 144//41 145//41 129//41
f 153//41 155//41 147//41
f 152//41 156//41 157//41
f 158//41 159//41 156//41
f 148//41 160//41 127//41
f 160//41 148//41 136//41
f 141//41 138//41 139//41
f 147//41 155//41 133//41
f 157//41 161//41 152//41
f 156//41 162//41 158//41
f 136//41 158//41 160//41
f 151//41 150//41 131//41
f 161//41 163//41 152//41
f 156//41 159//41 164//41
f 127//41 126//41 148//41
f 163//41 153//41 152//41
f 162//41 160//41 158//41
f 164//41 157//41 156//41
f 135//41 134//41 165//41
f 166//41 167//41 168//41
f 169//41 170//41 171//41
f 172//41 173//41 174//41
f 175//41 176//41 177//41
f 167//41 166//41 178//41
f 167//41 179//41 168//41
f 168//41 180//41 181//41
f 171//41 182//41 183//41
f 171//41 184//41 169//41
f 174//41 185//41 186//41
f 177//41 187//41 188//41
f 177//41 189//41 175//41
f 168//41 190//41 166//41
f 181//41 191//41 168//41
f 180//41 183//41 192//41
f 171//41 193//41 182//41
f 184//41 135//41 169//41
f 169//41 135//41 173//41
f 174//41 188//41 185//41
f 177//41 194//41 187//41
f 189//41 178//41 175//41
f 191//41 190//41 168//41
f 183//41 180//41 171//41
f 173//41 195//41 169//41
f 174//41 186//41 172//41
f 176//41 194//41 177//41
f 192//41 181//41 180//41
f 172//41 195//41 173//41
f 178//41 189//41 167//41
f 188//41 174//41 177//41
f 196//41 167//41 197//41
f 198//41 199//41 196//41
f 59//41 200//41 199//41
f 199//41 198//41 59//41
f 42//41 198//41 201//41
f 202//41 203//41 204//41
f 205//41 206//41 202//41
f 42//41 207//41 208//41
f 208//41 207//41 206//41
f 206//41 209//41 208//41
f 210//41 211//41 205//41
f 43//41 212//41 210//41
f 208//41 213//41 42//41
f 210//41 214//41 43//41
f 42//41 215//41 216//41
f 206//41 217//41 209//41
f 205//41 218//41 219//41
f 205//41 214//41 210//41
f 213//41 215//41 42//41
f 219//41 206//41 205//41
f 205//41 220//41 221//41
f 43//41 222//41 212//41
f 206//41 223//41 217//41
f 219//41 224//41 206//41
f 211//41 220//41 205//41
f 43//41 42//41 225//41
f 224//41 223//41 206//41
f 43//41 226//41 222//41
f 225//41 227//41 43//41
f 216//41 228//41 42//41
f 227//41 226//41 43//41
f 221//41 218//41 205//41
f 43//41 214//41 229//41
f 43//41 230//41 231//41
f 230//41 232//41 231//41
f 43//41 233//41 234//41
f 230//41 235//41 232//41
f 231//41 233//41 43//41
f 236//41 237//41 238//41
f 239//41 240//41 241//41
f 242//41 241//41 243//41
f 236//41 244//41 237//41
f 245//41 246//41 236//41
f 247//41 245//41 63//41
f 240//41 239//41 248//41
f 243//41 249//41 242//41
f 236//41 246//41 244//41
f 63//41 44//41 247//41
f 230//41 250//41 251//41
f 241//41 242//41 239//41
f 243//41 238//41 252//41
f 236//41 63//41 245//41
f 44//41 234//41 253//41
f 251//41 254//41 230//41
f 250//41 248//41 255//41
f 252//41 249//41 243//41
f 253//41 247//41 44//41
f 255//41 251//41 250//41
f 238//41 243//41 236//41
f 248//41 250//41 240//41
f 256//41 257//41 258//41
f 256//41 259//41 257//41
f 260//41 259//41 256//41
f 258//41 261//41 256//41
f 256//41 240//41 260//41
f 256//41 262//41 240//41
f 263//41 264//41 265//41
f 266//41 267//41 268//41
f 268//41 261//41 269//41
f 258//41 270//41 261//41
f 240//41 271//41 272//41
f 273//41 271//41 274//41
f 265//41 275//41 276//41
f 265//41 277//41 263//41
f 266//41 278//41 267//41
f 269//41 279//41 268//41
f 272//41 260//41 240//41
f 274//41 280//41 273//41
f 274//41 276//41 281//41
f 265//41 282//41 275//41
f 277//41 283//41 263//41
f 266//41 283//41 277//41
f 268//41 284//41 285//41
f 270//41 269//41 261//41
f 281//41 280//41 274//41
f 264//41 282//41 265//41
f 268//41 285//41 266//41
f 273//41 272//41 271//41
f 277//41 278//41 266//41
f 276//41 274//41 265//41
f 278//41 286//41 50//41
f 278//41 287//41 286//41
f 278//41 277//41 287//41
f 288//41 289//41 290//41
f 291//41 292//41 288//41
f 22//41 293//41 292//41
f 33//41 32//41 294//41
f 50//41 38//41 37//41
f 22//41 295//41 293//41
f 294//41 296//41 53//41
f 37//41 53//41 50//41
f 50//41 297//41 22//41
f 22//41 297//41 295//41
f 53//41 34//41 33//41
f 37//41 36//41 53//41
f 22//41 41//41 50//41
f 292//41 24//41 23//41
f 292//41 291//41 27//41
f 53//41 35//41 34//41
f 50//41 39//41 38//41
f 41//41 40//41 50//41
f 292//41 25//41 24//41
f 291//41 28//41 27//41
f 32//41 31//41 291//41
f 36//41 35//41 53//41
f 292//41 23//41 22//41
f 291//41 29//41 28//41
f 291//41 298//41 32//41
f 40//41 39//41 50//41
f 27//41 26//41 292//41
f 298//41 294//41 32//41
f 26//41 25//41 292//41
f 31//41 30//41 291//41
f 30//41 29//41 291//41
f 299//41 300//41 57//41
f 57//41 53//41 299//41
f 301//41 302//41 303//41
f 303//41 304//41 305//41
f 306//41 307//41 308//41
f 309//41 310//41 302//41
f 303//41 311//41 304//41
f 307//41 312//41 313//41
f 308//41 314//41 306//41
f 315//41 316//41 317//41
f 318//41 319//41 320//41
f 310//41 309//41 321//41
f 303//41 305//41 301//41
f 313//41 312//41 322//41
f 314//41 300//41 306//41
f 306//41 300//41 316//41
f 317//41 323//41 324//41
f 325//41 321//41 318//41
f 302//41 301//41 309//41
f 313//41 326//41 311//41
f 313//41 308//41 307//41
f 316//41 315//41 327//41
f 317//41 328//41 323//41
f 320//41 329//41 328//41
f 320//41 319//41 330//41
f 321//41 325//41 310//41
f 322//41 326//41 313//41
f 317//41 324//41 315//41
f 330//41 329//41 320//41
f 311//41 303//41 313//41
f 328//41 317//41 320//41
f 316//41 327//41 306//41
f 331//41 332//41 333//41
f 48//41 334//41 335//41
f 333//41 336//41 331//41
f 335//41 331//41 48//41
f 335//41 332//41 331//41
f 48//41 331//41 337//41
f 338//41 339//41 340//41
f 45//41 341//41 338//41
f 48//41 342//41 343//41
f 343//41 342//41 344//41
f 338//41 72//41 45//41
f 344//41 345//41 343//41
f 346//41 340//41 347//41
f 340//41 72//41 338//41
f 343//41 348//41 48//41
f 340//41 349//41 347//41
f 45//41 350//41 341//41
f 48//41 351//41 352//41
f 48//41 353//41 354//41
f 344//41 355//41 345//41
f 339//41 349//41 340//41
f 352//41 45//41 48//41
f 348//41 353//41 48//41
f 346//41 356//41 357//41
f 45//41 358//41 350//41
f 352//41 359//41 45//41
f 344//41 357//41 355//41
f 346//41 360//41 356//41
f 359//41 358//41 45//41
f 357//41 344//41 346//41
f 354//41 351//41 48//41
f 347//41 361//41 346//41
f 361//41 360//41 346//41
f 337//41 342//41 48//41
f 333//41 310//41 336//41
f 336//41 310//41 325//41
f 320//41 325//41 318//41
f 299//41 316//41 300//41
f 299//41 53//41 296//41
f 294//41 53//41 33//41
f 290//41 291//41 288//41
f 297//41 50//41 286//41
f 50//41 362//41 278//41
f 279//41 284//41 268//41
f 271//41 240//41 250//41
f 254//41 235//41 230//41
f 234//41 44//41 43//41
f 229//41 230//41 43//41
f 228//41 225//41 42//41
f 204//41 205//41 202//41
f 201//41 207//41 42//41
f 198//41 42//41 59//41
f 197//41 198//41 196//41
f 197//41 167//41 189//41
f 170//41 193//41 171//41
f 165//41 173//41 135//41
f 138//41 154//41 136//41
f 113//41 128//41 126//41
f 123//41 125//41 103//41
f 121//41 89//41 84//41
f 93//41 74//41 65//41
f 68//41 45//41 64//41
f 61//41 200//41 59//41
f 241//41 240//41 262//41
f 58//41 362//41 50//41
f 302//41 310//41 333//41
f 47//41 334//41 48//41
f 85//41 89//41 116//41
f 179//41 167//41 196//41
f 44//41 59//41 42//41
f 363//42 364//42 91//42
f 91//42 68//42 363//42
f 80//43 92//43 365//43
f 81//44 80//44 366//44
f 79//45 81//45 367//45
f 76//46 79//46 368//46
f 77//47 76//47 369//47
f 88//48 77//48 370//48
f 86//49 88//49 371//49
f 87//50 86//50 372//50
f 94//51 87//51 373//51
f 90//52 94//52 374//52
f 92//53 91//53 364//53
f 82//54 90//54 375//54
f 375//54 376//54 82//54
f 364//53 365//53 92//53
f 374//52 375//52 90//52
f 373//51 374//51 94//51
f 372//50 373//50 87//50
f 371//49 372//49 86//49
f 370//48 371//48 88//48
f 369//47 370//47 77//47
f 368//46 369//46 76//46
f 367//45 368//45 79//45
f 366//44 367//44 81//44
f 365//43 366//43 80//43
f 376//55 377//55 83//55
f 83//55 82//55 376//55
f 95//56 83//56 377//56
f 93//57 95//57 378//57
f 74//58 93//58 379//58
f 71//59 74//59 380//59
f 66//60 71//60 381//60
f 69//61 66//61 382//61
f 70//62 69//62 383//62
f 73//63 70//63 384//63
f 67//64 73//64 385//64
f 68//65 67//65 386//65
f 386//65 363//65 68//65
f 385//64 386//64 67//64
f 384//63 385//63 73//63
f 383//62 384//62 70//62
f 382//61 383//61 69//61
f 381//60 382//60 66//60
f 380//59 381//59 71//59
f 379//58 380//58 74//58
f 378//57 379//57 93//57
f 377//56 378//56 95//56
f 370//41 367//41 366//41
f 367//41 370//41 369//41
f 365//41 372//41 371//41
f 377//41 380//41 379//41
f 377//41 382//41 381//41
f 369//41 368//41 367//41
f 365//41 373//41 372//41
f 381//41 380//41 377//41
f 377//41 384//41 383//41
f 377//41 386//41 385//41
f 371//41 370//41 365//41
f 365//41 375//41 374//41
f 383//41 382//41 377//41
f 377//41 363//41 386//41
f 374//41 373//41 365//41
f 385//41 384//41 377//41
f 377//41 376//41 364//41
f 366//41 365//41 370//41
f 364//41 363//41 377//41
f 364//41 376//41 375//41
f 365//41 364//41 375//41
f 379//41 378//41 377//41
f 346//66 387//66 388//66
f 340//21 388//21 389//21
f 72//67 389//67 390//67
f 64//68 390//68 391//68
f 65//22 391//22 392//22
f 84//69 392//69 393//69
f 121//70 393//70 394//70
f 103//23 394//23 395//23
f 98//71 395//71 396//71
f 99//72 396//72 397//72
f 128//24 397//24 398//24
f 126//73 398//73 399//73
f 148//74 399//74 400//74
f 137//25 400//25 401//25
f 138//75 401//75 402//75
f 139//76 402//76 403//76
f 131//26 403//26 404//26
f 144//77 404//77 405//77
f 145//78 405//78 406//78
f 134//27 406//27 407//27
f 165//79 407//79 408//79
f 173//80 408//80 409//80
f 174//28 409//28 410//28
f 177//81 410//81 411//81
f 189//82 411//82 412//82
f 197//29 412//29 413//29
f 198//83 413//83 414//83
f 201//84 414//84 415//84
f 416//85 202//85 206//85
f 206//86 415//86 416//86
f 202//87 416//87 417//87
f 203//88 417//88 418//88
f 418//89 419//89 205//89
f 419//90 214//90 205//90
f 214//91 419//91 420//91
f 229//92 420//92 421//92
f 230//32 421//32 422//32
f 250//93 422//93 423//93
f 271//94 423//94 424//94
f 274//33 424//33 425//33
f 265//95 425//95 426//95
f 277//96 426//96 427//96
f 287//34 427//34 428//34
f 428//97 429//97 297//97
f 429//98 295//98 297//98
f 295//99 429//99 430//99
f 431//100 288//100 292//100
f 292//101 430//101 431//101
f 288//102 431//102 432//102
f 289//103 432//103 433//103
f 433//104 434//104 291//104
f 434//105 298//105 291//105
f 298//106 434//106 435//106
f 294//107 435//107 436//107
f 296//37 436//37 437//37
f 299//108 437//108 438//108
f 316//109 438//109 439//109
f 317//38 439//38 440//38
f 320//110 440//110 441//110
f 325//111 441//111 442//111
f 336//39 442//39 443//39
f 331//112 443//112 444//112
f 337//113 444//113 445//113
f 342//40 445//40 446//40
f 344//114 446//114 387//114
f 387//114 346//114 344//114
f 446//40 344//40 342//40
f 445//113 342//113 337//113
f 444//112 337//112 331//112
f 443//39 331//39 336//39
f 442//111 336//111 325//111
f 441//110 325//110 320//110
f 440//38 320//38 317//38
f 439//109 317//109 316//109
f 438//108 316//108 299//108
f 437//37 299//37 296//37
f 436//107 296//107 294//107
f 435//106 294//106 298//106
f 291//115 290//115 433//115
f 433//103 290//103 289//103
f 432//102 289//102 288//102
f 292//116 293//116 430//116
f 430//99 293//99 295//99
f 297//117 286//117 428//117
f 428//34 286//34 287//34
f 427//96 287//96 277//96
f 426//95 277//95 265//95
f 425//33 265//33 274//33
f 424//94 274//94 271//94
f 423//93 271//93 250//93
f 422//32 250//32 230//32
f 421//92 230//92 229//92
f 420//91 229//91 214//91
f 205//118 204//118 418//118
f 418//88 204//88 203//88
f 417//87 203//87 202//87
f 206//119 207//119 415//119
f 415//84 207//84 201//84
f 414//83 201//83 198//83
f 413//29 198//29 197//29
f 412//82 197//82 189//82
f 411//81 189//81 177//81
f 410//28 177//28 174//28
f 409//80 174//80 173//80
f 408//79 173//79 165//79
f 407//27 165//27 134//27
f 406//78 134//78 145//78
f 405//77 145//77 144//77
f 404//26 144//26 131//26
f 403//76 131//76 139//76
f 402//75 139//75 138//75
f 401//25 138//25 137//25
f 400//74 137//74 148//74
f 399//73 148//73 126//73
f 398//24 126//24 128//24
f 397//72 128//72 99//72
f 396//71 99//71 98//71
f 395//23 98//23 103//23
f 394//70 103//70 121//70
f 393//69 121//69 84//69
f 392//22 84//22 65//22
f 391//68 65//68 64//68
f 390//67 64//67 72//67
f 389//21 72//21 340//21
f 388//66 340//66 346//66
f 447//41 388//41 387//41
f 448//41 389//41 388//41
f 388//41 447//41 448//41
f 449//41 390//41 389//41
f 450//41 392//41 391//41
f 451//41 393//41 392//41
f 389//41 448//41 449//41
f 452//41 391//41 390//41
f 392//41 450//41 451//41
f 453//41 394//41 393//41
f 454//41 417//41 416//41
f 390//41 449//41 452//41
f 393//41 451//41 453//41
f 455//41 395//41 394//41
f 456//41 396//41 395//41
f 457//41 398//41 397//41
f 458//41 399//41 398//41
f 459//41 404//41 403//41
f 460//41 405//41 404//41
f 461//41 415//41 414//41
f 462//41 416//41 415//41
f 416//41 462//41 454//41
f 463//41 464//41 418//41
f 391//41 452//41 450//41
f 395//41 455//41 456//41
f 465//41 397//41 396//41
f 398//41 457//41 458//41
f 466//41 400//41 399//41
f 467//41 401//41 400//41
f 468//41 402//41 401//41
f 469//41 403//41 402//41
f 404//41 459//41 460//41
f 470//41 406//41 405//41
f 471//41 407//41 406//41
f 472//41 408//41 407//41
f 415//41 461//41 462//41
f 418//41 417//41 463//41
f 464//41 473//41 419//41
f 473//41 474//41 420//41
f 474//41 475//41 421//41
f 475//41 476//41 422//41
f 477//41 478//41 435//41
f 478//41 479//41 436//41
f 394//41 453//41 455//41
f 397//41 465//41 457//41
f 400//41 466//41 467//41
f 402//41 468//41 469//41
f 405//41 460//41 470//41
f 407//41 471//41 472//41
f 480//41 409//41 408//41
f 481//41 410//41 409//41
f 482//41 411//41 410//41
f 483//41 412//41 411//41
f 484//41 413//41 412//41
f 485//41 414//41 413//41
f 454//41 463//41 417//41
f 420//41 419//41 473//41
f 422//41 421//41 475//41
f 476//41 486//41 423//41
f 487//41 488//41 432//41
f 488//41 489//41 433//41
f 489//41 477//41 434//41
f 436//41 435//41 478//41
f 490//41 491//41 443//41
f 491//41 492//41 444//41
f 492//41 493//41 445//41
f 493//41 494//41 446//41
f 396//41 456//41 465//41
f 401//41 467//41 468//41
f 406//41 470//41 471//41
f 409//41 480//41 481//41
f 411//41 482//41 483//41
f 413//41 484//41 485//41
f 419//41 418//41 464//41
f 423//41 422//41 476//41
f 486//41 495//41 424//41
f 495//41 496//41 425//41
f 497//41 498//41 428//41
f 498//41 499//41 429//41
f 499//41 500//41 430//41
f 500//41 487//41 431//41
f 433//41 432//41 488//41
f 435//41 434//41 477//41
f 501//41 502//41 439//41
f 502//41 503//41 440//41
f 504//41 490//41 442//41
f 444//41 443//41 491//41
f 446//41 445//41 493//41
f 494//41 505//41 387//41
f 399//41 458//41 466//41
f 408//41 472//41 480//41
f 412//41 483//41 484//41
f 421//41 420//41 474//41
f 425//41 424//41 495//41
f 496//41 506//41 426//41
f 506//41 497//41 427//41
f 429//41 428//41 498//41
f 431//41 430//41 500//41
f 434//41 433//41 489//41
f 479//41 507//41 437//41
f 507//41 501//41 438//41
f 440//41 439//41 502//41
f 503//41 504//41 441//41
f 443//41 442//41 490//41
f 387//41 446//41 494//41
f 403//41 469//41 459//41
f 414//41 485//41 461//41
f 426//41 425//41 496//41
f 428//41 427//41 497//41
f 432//41 431//41 487//41
f 438//41 437//41 507//41
f 441//41 440//41 503//41
f 445//41 444//41 492//41
f 410//41 481//41 482//41
f 427//41 426//41 506//41
f 437//41 436//41 479//41
f 442//41 441//41 504//41
f 424//41 423//41 486//41
f 439//41 438//41 501//41
f 430//41 429//41 499//41
f 387//41 505//41 447//41
f 508//21 509//21 280//21
f 510//22 508//22 281//22
f 511//23 510//23 276//23
f 512//24 511//24 275//24
f 513//25 512//25 282//25
f 514//26 513//26 264//26
f 515//27 514//27 263//27
f 516//28 515//28 283//28
f 517//29 516//29 266//29
f 518//30 517//30 285//30
f 519//31 518//31 284//31
f 520//32 519//32 279//32
f 521//33 520//33 269//33
f 522//34 521//34 270//34
f 523//35 522//35 258//35
f 524//36 523//36 257//36
f 525//37 524//37 259//37
f 526//38 525//38 260//38
f 527//39 526//39 272//39
f 509//40 527//40 273//40
f 273//40 280//40 509//40
f 272//39 273//39 527//39
f 260//38 272//38 526//38
f 259//37 260//37 525//37
f 257//36 259//36 524//36
f 258//35 257//35 523//35
f 270//34 258//34 522//34
f 269//33 270//33 521//33
f 279//32 269//32 520//32
f 284//31 279//31 519//31
f 285//30 284//30 518//30
f 266//29 285//29 517//29
f 283//28 266//28 516//28
f 263//27 283//27 515//27
f 264//26 263//26 514//26
f 282//25 264//25 513//25
f 275//24 282//24 512//24
f 276//23 275//23 511//23
f 281//22 276//22 510//22
f 280//21 281//21 508//21
f 528//1 517//1 518//1
f 528//2 516//2 517//2
f 528//3 515//3 516//3
f 528//4 514//4 515//4
f 528//5 513//5 514//5
f 528//6 512//6 513//6
f 528//7 511//7 512//7
f 528//8 510//8 511//8
f 528//9 508//9 510//9
f 528//10 509//10 508//10
f 528//11 527//11 509//11
f 528//12 526//12 527//12
f 528//13 525//13 526//13
f 528//14 524//14 525//14
f 528//15 523//15 524//15
f 528//16 522//16 523//16
f 528//17 521//17 522//17
f 528//18 520//18 521//18
f 528//19 519//19 520//19
f 528//20 518//20 519//20
f 529//21 530//21 219//21
f 531//22 529//22 218//22
f 532//23 531//23 221//23
f 533//24 532//24 220//24
f 534//25 533//25 211//25
f 535//26 534//26 210//26
f 536//27 535//27 212//27
f 537//28 536//28 222//28
f 538//29 537//29 226//29
f 539//30 538//30 227//30
f 540//31 539//31 225//31
f 541//32 540//32 228//32
f 542//33 541//33 216//33
f 543//34 542//34 215//34
f 544//35 543//35 213//35
f 545//36 544//36 208//36
f 546//37 545//37 209//37
f 547//38 546//38 217//38
f 548//39 547//39 223//39
f 530//40 548//40 224//40
f 224//40 219//40 530//40
f 223//39 224//39 548//39
f 217//38 223//38 547//38
f 209//37 217//37 546//37
f 208//36 209//36 545//36
f 213//35 208//35 544//35
f 215//34 213//34 543//34
f 216//33 215//33 542//33
f 228//32 216//32 541//32
f 225//31 228//31 540//31
f 227//30 225//30 539//30
f 226//29 227//29 538//29
f 222//28 226//28 537//28
f 212//27 222//27 536//27
f 210//26 212//26 535//26
f 211//25 210//25 534//25
f 220//24 211//24 533//24
f 221//23 220//23 532//23
f 218//22 221//22 531//22
f 219//21 218//21 529//21
f 549//1 538//1 539//1
f 549//2 537//2 538//2
f 549//3 536//3 537//3
f 549//4 535//4 536//4
f 549//5 534//5 535//5
f 549//6 533//6 534//6
f 549//7 532//7 533//7
f 549//8 531//8 532//8
f 549//9 529//9 531//9
f 549//10 530//10 529//10
f 549//11 548//11 530//11
f 549//12 547//12 548//12
f 549//13 546//13 547//13
f 549//14 545//14 546//14
f 549//15 544//15 545//15
f 549//16 543//16 544//16
f 549//17 542//17 543//17
f 549//18 541//18 542//18
f 549//19 540//19 541//19
f 549//20 539//20 540//20
f 550//21 551//21 176//21
f 552//22 550//22 175//22
f 553//23 552//23 178//23
f 554//24 553//24 166//24
f 555//25 554//25 190//25
f 556//26 555//26 191//26
f 557//27 556//27 181//27
f 558//28 557//28 192//28
f 559//29 558//29 183//29
f 560//30 559//30 182//30
f 561//31 560//31 193//31
f 562//32 561//32 170//32
f 563//33 562//33 169//33
f 564//34 563//34 195//34
f 565//35 564//35 172//35
f 566//36 565//36 186//36
f 567//37 566//37 185//37
f 568//38 567//38 188//38
f 569//39 568//39 187//39
f 551//40 569//40 194//40
f 194//40 176//40 551//40
f 187//39 194//39 569//39
f 188//38 187//38 568//38
f 185//37 188//37 567//37
f 186//36 185//36 566//36
f 172//35 186//35 565//35
f 195//34 172//34 564//34
f 169//33 195//33 563//33
f 170//32 169//32 562//32
f 193//31 170//31 561//31
f 182//30 193//30 560//30
f 183//29 182//29 559//29
f 192//28 183//28 558//28
f 181//27 192//27 557//27
f 191//26 181//26 556//26
f 190//25 191//25 555//25
f 166//24 190//24 554//24
f 178//23 166//23 553//23
f 175//22 178//22 552//22
f 176//21 175//21 550//21
f 570//1 559//1 560//1
f 570//2 558//2 559//2
f 570//3 557//3 558//3
f 570//4 556//4 557//4
f 570//5 555//5 556//5
f 570//6 554//6 555//6
f 570//7 553//7 554//7
f 570//8 552//8 553//8
f 570//9 550//9 552//9
f 570//10 551//10 550//10
f 570//11 569//11 551//11
f 570//12 568//12 569//12
f 570//13 567//13 568//13
f 570//14 566//14 567//14
f 570//15 565//15 566//15
f 570//16 564//16 565//16
f 570//17 563//17 564//17
f 570//18 562//18 563//18
f 570//19 561//19 562//19
f 570//20 560//20 561//20
f 571//21 572//21 129//21
f 573//22 571//22 133//22
f 574//23 573//23 155//23
f 575//24 574//24 153//24
f 576//25 575//25 163//25
f 577//26 576//26 161//26
f 578//27 577//27 157//27
f 579//28 578//28 164//28
f 580//29 579//29 159//29
f 581//30 580//30 158//30
f 582//31 581//31 136//31
f 583//32 582//32 154//32
f 584//33 583//33 149//33
f 585//34 584//34 141//34
f 586//35 585//35 140//35
f 587//36 586//36 143//36
f 588//37 587//37 142//37
f 589//38 588//38 150//38
f 590//39 589//39 151//39
f 572//40 590//40 130//40
f 130//40 129//40 572//40
f 151//39 130//39 590//39
f 150//38 151//38 589//38
f 142//37 150//37 588//37
f 143//36 142//36 587//36
f 140//35 143//35 586//35
f 141//34 140//34 585//34
f 149//33 141//33 584//33
f 154//32 149//32 583//32
f 136//31 154//31 582//31
f 158//30 136//30 581//30
f 159//29 158//29 580//29
f 164//28 159//28 579//28
f 157//27 164//27 578//27
f 161//26 157//26 577//26
f 163//25 161//25 576//25
f 153//24 163//24 575//24
f 155//23 153//23 574//23
f 133//22 155//22 573//22
f 129//21 133//21 571//21
f 591//1 580//1 581//1
f 591//2 579//2 580//2
f 591//3 578//3 579//3
f 591//4 577//4 578//4
f 591//5 576//5 577//5
f 591//6 575//6 576//6
f 591//7 574//7 575//7
f 591//8 573//8 574//8
f 591//9 571//9 573//9
f 591//10 572//10 571//10
f 591//11 590//11 572//11
f 591//12 589//12 590//12
f 591//13 588//13 589//13
f 591//14 587//14 588//14
f 591//15 586//15 587//15
f 591//16 585//16 586//16
f 591//17 584//17 585//17
f 591//18 583//18 584//18
f 591//19 582//19 583//19
f 591//20 581//20 582//20
f 592//21 593//21 115//21
f 594//22 592//22 114//22
f 595//23 594//23 119//23
f 596//24 595//24 118//24
f 597//25 596//25 120//25
f 598//26 597//26 111//26
f 599//27 598//27 110//27
f 600//28 599//28 117//28
f 601//29 600//29 122//29
f 602//30 601//30 124//30
f 603//31 602//31 125//31
f 604//32 603//32 123//32
f 605//33 604//33 101//33
f 606//34 605//34 100//34
f 607//35 606//35 102//35
f 608//36 607//36 97//36
f 609//37 608//37 96//37
f 610//38 609//38 104//38
f 611//39 610//39 105//39
f 593//40 611//40 108//40
f 108//40 115//40 593//40
f 105//39 108//39 611//39
f 104//38 105//38 610//38
f 96//37 104//37 609//37
f 97//36 96//36 608//36
f 102//35 97//35 607//35
f 100//34 102//34 606//34
f 101//33 100//33 605//33
f 123//32 101//32 604//32
f 125//31 123//31 603//31
f 124//30 125//30 602//30
f 122//29 124//29 601//29
f 117//28 122//28 600//28
f 110//27 117//27 599//27
f 111//26 110//26 598//26
f 120//25 111//25 597//25
f 118//24 120//24 596//24
f 119//23 118//23 595//23
f 114//22 119//22 594//22
f 115//21 114//21 592//21
f 612//1 601//1 602//1
f 612//2 600//2 601//2
f 612//3 599//3 600//3
f 612//4 598//4 599//4
f 612//5 597//5 598//5
f 612//6 596//6 597//6
f 612//7 595//7 596//7
f 612//8 594//8 595//8
f 612//9 592//9 594//9
f 612//10 593//10 592//10
f 612//11 611//11 593//11
f 612//12 610//12 611//12
f 612//13 609//13 610//13
f 612//14 608//14 609//14
f 612//15 607//15 608//15
f 612//16 606//16 607//16
f 612//17 605//17 606//17
f 612//18 604//18 605//18
f 612//19 603//19 604//19
f 612//20 602//20 603//20
f 613//21 614//21 352//21
f 615//22 613//22 351//22
f 616//23 615//23 354//23
f 617//24 616//24 353//24
f 618//25 617//25 348//25
f 619//26 618//26 343//26
f 620//27 619//27 345//27
f 621//28 620//28 355//28
f 622//29 621//29 357//29
f 623//30 622//30 356//30
f 624//31 623//31 360//31
f 625//32 624//32 361//32
f 626//33 625//33 347//33
f 627//34 626//34 349//34
f 628//35 627//35 339//35
f 629//36 628//36 338//36
f 630//37 629//37 341//37
f 631//38 630//38 350//38
f 632//39 631//39 358//39
f 614//40 632//40 359//40
f 359//40 352//40 614//40
f 358//39 359//39 632//39
f 350//38 358//38 631//38
f 341//37 350//37 630//37
f 338//36 341//36 629//36
f 339//35 338//35 628//35
f 349//34 339//34 627//34
f 347//33 349//33 626//33
f 361//32 347//32 625//32
f 360//31 361//31 624//31
f 356//30 360//30 623//30
f 357//29 356//29 622//29
f 355//28 357//28 621//28
f 345//27 355//27 620//27
f 343//26 345//26 619//26
f 348//25 343//25 618//25
f 353//24 348//24 617//24
f 354//23 353//23 616//23
f 351//22 354//22 615//22
f 352//21 351//21 613//21
f 633//1 622//1 623//1
f 633//2 621//2 622//2
f 633//3 620//3 621//3
f 633//4 619//4 620//4
f 633//5 618//5 619//5
f 633//6 617//6 618//6
f 633//7 616//7 617//7
f 633//8 615//8 616//8
f 633//9 613//9 615//9
f 633//10 614//10 613//10
f 633//11 632//11 614//11
f 633//12 631//12 632//12
f 633//13 630//13 631//13
f 633//14 629//14 630//14
f 633//15 628//15 629//15
f 633//16 627//16 628//16
f 633//17 626//17 627//17
f 633//18 625//18 626//18
f 633//19 624//19 625//19
f 633//20 623//20 624//20
f 634//21 635//21 312//21
f 636//22 634//22 307//22
f 637//23 636//23 306//23
f 638//24 637//24 327//24
f 639//25 638//25 315//25
f 640//26 639//26 324//26
f 641//27 640//27 323//27
f 642//28 641//28 328//28
f 643//29 642//29 329//29
f 644//30 643//30 330//30
f 645//31 644//31 319//31
f 646//32 645//32 318//32
f 647//33 646//33 321//33
f 648//34 647//34 309//34
f 649//35 648//35 301//35
f 650//36 649//36 305//36
f 651//37 650//37 304//37
f 652//38 651//38 311//38
f 653//39 652//39 326//39
f 635//40 653//40 322//40
f 322//40 312//40 635//40
f 326//39 322//39 653//39
f 311//38 326//38 652//38
f 304//37 311//37 651//37
f 305//36 304//36 650//36
f 301//35 305//35 649//35
f 309//34 301//34 648//34
f 321//33 309//33 647//33
f 318//32 321//32 646//32
f 319//31 318//31 645//31
f 330//30 319//30 644//30
f 329//29 330//29 643//29
f 328//28 329//28 642//28
f 323//27 328//27 641//27
f 324//26 323//26 640//26
f 315//25 324//25 639//25
f 327//24 315//24 638//24
f 306//23 327//23 637//23
f 307//22 306//22 636//22
f 312//21 307//21 634//21
f 654//1 643//1 644//1
f 654//2 642//2 643//2
f 654//3 641//3 642//3
f 654//4 640//4 641//4
f 654//5 639//5 640//5
f 654//6 638//6 639//6
f 654//7 637//7 638//7
f 654//8 636//8 637//8
f 654//9 634//9 636//9
f 654//10 635//10 634//10
f 654//11 653//11 635//11
f 654//12 652//12 653//12
f 654//13 651//13 652//13
f 654//14 650//14 651//14
f 654//15 649//15 650//15
f 654//16 648//16 649//16
f 654//17 647//17 648//17
f 654//18 646//18 647//18
f 654//19 645//19 646//19
f 654//20 644//20 645//20
f 60//120 655//120 656//120
f 61//121 656//121 657//121
f 200//122 657//122 658//122
f 199//123 658//123 659//123
f 196//124 659//124 660//124
f 179//125 660//125 661//125
f 168//126 661//126 662//126
f 180//127 662//127 663//127
f 171//128 663//128 664//128
f 184//129 664//129 665//129
f 135//130 665//130 666//130
f 132//131 666//131 667//131
f 146//132 667//132 668//132
f 147//133 668//133 669//133
f 152//134 669//134 670//134
f 156//135 670//135 671//135
f 162//136 671//136 672//136
f 160//137 672//137 673//137
f 673//138 674//138 113//138
f 674//139 106//139 113//139
f 106//140 674//140 675//140
f 107//141 675//141 676//141
f 109//142 676//142 677//142
f 112//143 677//143 678//143
f 116//144 678//144 679//144
f 85//145 679//145 680//145
f 75//146 680//146 681//146
f 78//147 681//147 682//147
f 49//148 682//148 683//148
f 46//149 683//149 684//149
f 47//150 684//150 685//150
f 334//151 685//151 686//151
f 335//152 686//152 687//152
f 332//153 687//153 688//153
f 333//154 688//154 689//154
f 302//155 689//155 690//155
f 303//156 690//156 691//156
f 313//157 691//157 692//157
f 308//158 692//158 693//158
f 694//159 57//159 300//159
f 300//160 693//160 694//160
f 57//161 694//161 695//161
f 55//162 695//162 696//162
f 56//163 696//163 697//163
f 54//164 697//164 698//164
f 51//165 698//165 699//165
f 52//166 699//166 700//166
f 58//167 700//167 701//167
f 362//168 701//168 702//168
f 278//169 702//169 703//169
f 267//170 703//170 704//170
f 268//171 704//171 705//171
f 261//172 705//172 706//172
f 707//173 241//173 262//173
f 262//174 706//174 707//174
f 241//175 707//175 708//175
f 243//176 708//176 709//176
f 236//177 709//177 710//177
f 63//178 710//178 711//178
f 62//179 711//179 655//179
f 655//179 60//179 62//179
f 711//178 62//178 63//178
f 710//177 63//177 236//177
f 709//176 236//176 243//176
f 708//175 243//175 241//175
f 262//180 256//180 706//180
f 706//172 256//172 261//172
f 705//171 261//171 268//171
f 704//170 268//170 267//170
f 703//169 267//169 278//169
f 702//168 278//168 362//168
f 701//167 362//167 58//167
f 700//166 58//166 52//166
f 699//165 52//165 51//165
f 698//164 51//164 54//164
f 697//163 54//163 56//163
f 696//162 56//162 55//162
f 695//161 55//161 57//161
f 300//181 314//181 693//181
f 693//158 314//158 308//158
f 692//157 308//157 313//157
f 691//156 313//156 303//156
f 690//155 303//155 302//155
f 689//154 302//154 333//154
f 688//153 333//153 332//153
f 687//152 332//152 335//152
f 686//151 335//151 334//151
f 685//150 334//150 47//150
f 684//149 47//149 46//149
f 683//148 46//148 49//148
f 682//147 49//147 78//147
f 681//146 78//146 75//146
f 680//145 75//145 85//145
f 679//144 85//144 116//144
f 678//143 116//143 112//143
f 677//142 112//142 109//142
f 676//141 109//141 107//141
f 675//140 107//140 106//140
f 113//182 127//182 673//182
f 673//137 127//137 160//137
f 672//136 160//136 162//136
f 671//135 162//135 156//135
f 670//134 156//134 152//134
f 669//133 152//133 147//133
f 668//132 147//132 146//132
f 667//131 146//131 132//131
f 666//130 132//130 135//130
f 665//129 135//129 184//129
f 664//128 184//128 171//128
f 663//127 171//127 180//127
f 662//126 180//126 168//126
f 661//125 168//125 179//125
f 660//124 179//124 196//124
f 659//123 196//123 199//123
f 658//122 199//122 200//122
f 657//121 200//121 61//121
f 656//120 61//120 60//120
f 707//41 712//41 713//41
f 706//41 714//41 712//41
f 712//41 707//41 706//41
f 705//41 715//41 714//41
f 656//41 655//41 716//41
f 711//41 717//41 716//41
f 714//41 706//41 705//41
f 704//41 718//41 715//41
f 701//41 719//41 720//41
f 700//41 721//41 719//41
f 716//41 655//41 711//41
f 710//41 722//41 717//41
f 709//41 723//41 722//41
f 708//41 713//41 723//41
f 715//41 705//41 704//41
f 703//41 724//41 718//41
f 702//41 720//41 724//41
f 719//41 701//41 700//41
f 697//41 725//41 726//41
f 696//41 727//41 725//41
f 680//41 679//41 728//41
f 679//41 678//41 729//41
f 678//41 677//41 730//41
f 677//41 676//41 731//41
f 717//41 711//41 710//41
f 723//41 709//41 708//41
f 718//41 704//41 703//41
f 720//41 702//41 701//41
f 698//41 726//41 732//41
f 725//41 697//41 696//41
f 694//41 733//41 734//41
f 693//41 735//41 733//41
f 682//41 681//41 736//41
f 681//41 680//41 737//41
f 729//41 728//41 679//41
f 731//41 730//41 677//41
f 675//41 674//41 738//41
f 674//41 673//41 739//41
f 673//41 672//41 740//41
f 672//41 671//41 741//41
f 665//41 664//41 742//41
f 664//41 663//41 743//41
f 662//41 661//41 744//41
f 661//41 660//41 745//41
f 658//41 657//41 746//41
f 657//41 656//41 747//41
f 722//41 710//41 709//41
f 724//41 703//41 702//41
f 699//41 732//41 721//41
f 726//41 698//41 697//41
f 695//41 734//41 727//41
f 733//41 694//41 693//41
f 683//41 682//41 748//41
f 737//41 736//41 681//41
f 730//41 729//41 678//41
f 676//41 675//41 749//41
f 739//41 738//41 674//41
f 741//41 740//41 672//41
f 671//41 670//41 750//41
f 666//41 665//41 751//41
f 743//41 742//41 664//41
f 663//41 662//41 752//41
f 745//41 744//41 661//41
f 747//41 746//41 657//41
f 713//41 708//41 707//41
f 732//41 699//41 698//41
f 734//41 695//41 694//41
f 689//41 753//41 754//41
f 688//41 755//41 753//41
f 756//41 684//41 683//41
f 728//41 737//41 680//41
f 738//41 749//41 675//41
f 750//41 741//41 671//41
f 742//41 751//41 665//41
f 744//41 752//41 662//41
f 660//41 659//41 757//41
f 659//41 658//41 758//41
f 716//41 747//41 656//41
f 727//41 696//41 695//41
f 692//41 759//41 735//41
f 691//41 760//41 759//41
f 690//41 754//41 760//41
f 753//41 689//41 688//41
f 687//41 761//41 755//41
f 686//41 762//41 761//41
f 736//41 748//41 682//41
f 740//41 739//41 673//41
f 670//41 669//41 763//41
f 669//41 668//41 764//41
f 752//41 743//41 663//41
f 758//41 757//41 659//41
f 721//41 700//41 699//41
f 759//41 692//41 691//41
f 754//41 690//41 689//41
f 761//41 687//41 686//41
f 685//41 765//41 762//41
f 684//41 756//41 765//41
f 749//41 731//41 676//41
f 764//41 763//41 669//41
f 668//41 667//41 766//41
f 667//41 666//41 767//41
f 757//41 745//41 660//41
f 735//41 693//41 692//41
f 755//41 688//41 687//41
f 765//41 685//41 684//41
f 763//41 750//41 670//41
f 767//41 766//41 667//41
f 746//41 758//41 658//41
f 762//41 686//41 685//41
f 766//41 764//41 668//41
f 760//41 691//41 690//41
f 751//41 767//41 666//41
f 748//41 756//41 683//41
f 765//183 756//183 768//183
f 768//184 769//184 765//184
f 756//185 770//185 768//185
f 762//186 765//186 771//186
f 771//187 772//187 762//187
f 765//188 773//188 771//188
f 761//189 762//189 774//189
f 774//190 775//190 761//190
f 762//191 776//191 774//191
f 755//192 761//192 777//192
f 777//193 778//193 755//193
f 761//194 779//194 777//194
f 753//195 755//195 780//195
f 780//196 781//196 753//196
f 755//197 782//197 780//197
f 754//198 753//198 783//198
f 783//199 784//199 754//199
f 753//200 785//200 783//200
f 760//201 754//201 786//201
f 786//202 787//202 760//202
f 754//203 788//203 786//203
f 759//204 760//204 789//204
f 789//205 790//205 759//205
f 760//206 791//206 789//206
f 735//207 759//207 792//207
f 792//208 793//208 735//208
f 759//209 794//209 792//209
f 733//210 735//210 795//210
f 795//211 796//211 733//211
f 735//212 797//212 795//212
f 734//213 733//213 798//213
f 798//214 799//214 734//214
f 733//215 800//215 798//215
f 727//216 734//216 801//216
f 801//217 802//217 727//217
f 734//218 803//218 801//218
f 725//219 727//219 804//219
f 804//220 805//220 725//220
f 727//221 806//221 804//221
f 726//222 725//222 807//222
f 807//223 808//223 726//223
f 725//224 809//224 807//224
f 726//225 810//225 811//225
f 811//226 732//226 726//226
f 726//227 812//227 810//227
f 732//228 813//228 814//228
f 814//229 721//229 732//229
f 732//230 815//230 813//230
f 721//231 816//231 817//231
f 817//232 719//232 721//232
f 721//233 818//233 816//233
f 719//234 819//234 820//234
f 820//235 720//235 719//235
f 719//236 821//236 819//236
f 720//237 822//237 823//237
f 823//238 724//238 720//238
f 720//239 824//239 822//239
f 724//240 825//240 826//240
f 826//241 718//241 724//241
f 724//242 827//242 825//242
f 718//243 828//243 829//243
f 829//244 715//244 718//244
f 718//245 830//245 828//245
f 715//246 831//246 832//246
f 832//247 714//247 715//247
f 715//248 833//248 831//248
f 714//249 834//249 835//249
f 835//250 712//250 714//250
f 714//251 836//251 834//251
f 712//252 837//252 838//252
f 838//253 713//253 712//253
f 712//254 839//254 837//254
f 713//255 840//255 841//255
f 841//256 723//256 713//256
f 713//257 842//257 840//257
f 723//258 843//258 844//258
f 844//259 722//259 723//259
f 723//260 845//260 843//260
f 722//261 846//261 847//261
f 847//262 717//262 722//262
f 722//263 848//263 846//263
f 717//264 849//264 850//264
f 850//265 716//265 717//265
f 717//266 851//266 849//266
f 747//267 716//267 852//267
f 852//268 853//268 747//268
f 716//269 854//269 852//269
f 746//270 747//270 855//270
f 855//271 856//271 746//271
f 747//272 857//272 855//272
f 758//273 746//273 858//273
f 858//274 859//274 758//274
f 746//275 860//275 858//275
f 757//276 758//276 861//276
f 861//277 862//277 757//277
f 758//278 863//278 861//278
f 745//279 757//279 864//279
f 864//280 865//280 745//280
f 757//281 866//281 864//281
f 744//282 745//282 867//282
f 867//283 868//283 744//283
f 745//284 869//284 867//284
f 752//285 744//285 870//285
f 870//286 871//286 752//286
f 744//287 872//287 870//287
f 743//288 752//288 873//288
f 873//289 874//289 743//289
f 752//290 875//290 873//290
f 742//291 743//291 876//291
f 876//292 877//292 742//292
f 743//293 878//293 876//293
f 751//294 742//294 879//294
f 879//295 880//295 751//295
f 742//296 881//296 879//296
f 767//297 751//297 882//297
f 882//298 883//298 767//298
f 751//299 884//299 882//299
f 766//300 767//300 885//300
f 885//301 886//301 766//301
f 767//302 887//302 885//302
f 764//303 766//303 888//303
f 888//304 889//304 764//304
f 766//305 890//305 888//305
f 763//306 764//306 891//306
f 891//307 892//307 763//307
f 764//308 893//308 891//308
f 763//309 894//309 895//309
f 895//310 750//310 763//310
f 763//311 896//311 894//311
f 750//312 897//312 898//312
f 898//313 741//313 750//313
f 750//314 899//314 897//314
f 741//315 900//315 901//315
f 901//316 740//316 741//316
f 741//317 902//317 900//317
f 740//318 903//318 904//318
f 904//319 739//319 740//319
f 740//320 905//320 903//320
f 739//321 906//321 907//321
f 907//322 738//322 739//322
f 739//323 908//323 906//323
f 738//324 909//324 910//324
f 910//325 749//325 738//325
f 738//326 911//326 909//326
f 749//327 912//327 913//327
f 913//328 731//328 749//328
f 749//329 914//329 912//329
f 731//330 915//330 916//330
f 916//331 730//331 731//331
f 731//332 917//332 915//332
f 730//333 918//333 919//333
f 919//334 729//334 730//334
f 730//335 920//335 918//335
f 729//336 921//336 922//336
f 922//337 728//337 729//337
f 729//338 923//338 921//338
f 728//339 924//339 925//339
f 925//340 737//340 728//340
f 728//341 926//341 924//341
f 737//342 927//342 928//342
f 928//343 736//343 737//343
f 737//344 929//344 927//344
f 736//345 930//345 931//345
f 931//346 748//346 736//346
f 736//347 932//347 930//347
f 748//348 933//348 934//348
f 934//349 756//349 748//349
f 748//350 935//350 933//350
f 934//351 770//351 756//351
f 931//352 935//352 748//352
f 928//353 932//353 736//353
f 925//354 929//354 737//354
f 922//355 926//355 728//355
f 919//356 923//356 729//356
f 916//357 920//357 730//357
f 913//358 917//358 731//358
f 910//359 914//359 749//359
f 907//360 911//360 738//360
f 904//361 908//361 739//361
f 901//362 905//362 740//362
f 898//363 902//363 741//363
f 895//364 899//364 750//364
f 892//365 896//365 763//365
f 889//366 893//366 764//366
f 886//367 890//367 766//367
f 883//368 887//368 767//368
f 880//369 884//369 751//369
f 877//370 881//370 742//370
f 874//371 878//371 743//371
f 871//372 875//372 752//372
f 868//373 872//373 744//373
f 865//374 869//374 745//374
f 862//375 866//375 757//375
f 859//376 863//376 758//376
f 856//377 860//377 746//377
f 853//378 857//378 747//378
f 850//379 854//379 716//379
f 847//380 851//380 717//380
f 844//381 848//381 722//381
f 841//382 845//382 723//382
f 838//383 842//383 713//383
f 835//384 839//384 712//384
f 832//385 836//385 714//385
f 829//386 833//386 715//386
f 826//387 830//387 718//387
f 823//388 827//388 724//388
f 820//389 824//389 720//389
f 817//390 821//390 719//390
f 814//391 818//391 721//391
f 811//392 815//392 732//392
f 808//393 812//393 726//393
f 805//394 809//394 725//394
f 802//395 806//395 727//395
f 799//396 803//396 734//396
f 796//397 800//397 733//397
f 793//398 797//398 735//398
f 790//399 794//399 759//399
f 787//400 791//400 760//400
f 784//401 788//401 754//401
f 781//402 785//402 753//402
f 778//403 782//403 755//403
f 775//404 779//404 761//404
f 772//405 776//405 762//405
f 769//406 773//406 765//406
f 936//407 770//407 934//407
f 937//408 936//408 938//408
f 939//409 937//409 940//409
f 938//410 934//410 933//410
f 940//411 938//411 941//411
f 942//412 940//412 943//412
f 944//413 941//413 935//413
f 941//414 933//414 935//414
f 943//415 941//415 944//415
f 945//416 943//416 946//416
f 944//417 931//417 930//417
f 946//418 944//418 947//418
f 948//419 946//419 949//419
f 950//420 947//420 932//420
f 947//421 930//421 932//421
f 949//422 947//422 950//422
f 951//423 949//423 952//423
f 950//424 928//424 927//424
f 952//425 950//425 953//425
f 954//426 952//426 955//426
f 956//427 953//427 929//427
f 953//428 927//428 929//428
f 955//429 953//429 956//429
f 957//430 955//430 958//430
f 956//431 925//431 924//431
f 958//432 956//432 959//432
f 960//433 958//433 961//433
f 962//434 959//434 926//434
f 959//435 924//435 926//435
f 961//436 959//436 962//436
f 963//437 961//437 964//437
f 962//438 922//438 921//438
f 964//439 962//439 965//439
f 966//440 964//440 967//440
f 968//441 965//441 923//441
f 965//442 921//442 923//442
f 967//443 965//443 968//443
f 969//444 967//444 970//444
f 968//445 919//445 918//445
f 970//446 968//446 971//446
f 972//447 970//447 973//447
f 974//448 971//448 920//448
f 971//449 918//449 920//449
f 973//450 971//450 974//450
f 975//451 973//451 976//451
f 974//452 916//452 915//452
f 976//453 974//453 977//453
f 978//454 976//454 979//454
f 980//455 977//455 917//455
f 977//456 915//456 917//456
f 979//457 977//457 980//457
f 981//458 979//458 982//458
f 980//459 913//459 912//459
f 982//460 980//460 983//460
f 984//461 982//461 985//461
f 986//462 983//462 914//462
f 983//463 912//463 914//463
f 985//464 983//464 986//464
f 987//465 985//465 988//465
f 986//466 910//466 909//466
f 988//467 986//467 989//467
f 990//468 988//468 991//468
f 992//469 989//469 911//469
f 989//470 909//470 911//470
f 991//471 989//471 992//471
f 993//472 991//472 994//472
f 992//473 907//473 906//473
f 994//474 992//474 995//474
f 996//475 994//475 997//475
f 998//476 995//476 908//476
f 995//477 906//477 908//477
f 997//478 995//478 998//478
f 999//479 997//479 1000//479
f 998//480 904//480 903//480
f 1000//481 998//481 1001//481
f 1002//482 1000//482 1003//482
f 1004//483 1001//483 905//483
f 1001//484 903//484 905//484
f 1003//485 1001//485 1004//485
f 1005//486 1003//486 1006//486
f 1004//487 901//487 900//487
f 1006//488 1004//488 1007//488
f 1008//489 1006//489 1009//489
f 1010//490 1007//490 902//490
f 1007//491 900//491 902//491
f 1009//492 1007//492 1010//492
f 1011//493 1009//493 1012//493
f 1010//494 898//494 897//494
f 1012//495 1010//495 1013//495
f 1014//496 1012//496 1015//496
f 1016//497 1013//497 899//497
f 1013//498 897//498 899//498
f 1015//499 1013//499 1016//499
f 1017//500 1015//500 1018//500
f 1016//501 895//501 894//501
f 1018//502 1016//502 1019//502
f 1020//503 1018//503 1021//503
f 1022//504 1019//504 896//504
f 1019//505 894//505 896//505
f 1021//506 1019//506 1022//506
f 1023//507 1021//507 1024//507
f 1022//508 892//508 891//508
f 1024//509 1022//509 1025//509
f 1026//510 1024//510 1027//510
f 1025//511 891//511 893//511
f 893//512 1028//512 1025//512
f 1027//513 1025//513 1028//513
f 1029//514 1027//514 1030//514
f 1028//515 889//515 888//515
f 1030//516 1028//516 1031//516
f 1032//517 1030//517 1033//517
f 1031//518 888//518 890//518
f 890//519 1034//519 1031//519
f 1033//520 1031//520 1034//520
f 1035//521 1033//521 1036//521
f 1034//522 886//522 885//522
f 1036//523 1034//523 1037//523
f 1038//524 1036//524 1039//524
f 1037//525 885//525 887//525
f 887//526 1040//526 1037//526
f 1039//527 1037//527 1040//527
f 1041//528 1039//528 1042//528
f 1040//529 883//529 882//529
f 1042//530 1040//530 1043//530
f 1044//531 1042//531 1045//531
f 1043//532 882//532 884//532
f 884//533 1046//533 1043//533
f 1045//534 1043//534 1046//534
f 1047//535 1045//535 1048//535
f 1046//536 880//536 879//536
f 1048//537 1046//537 1049//537
f 1050//538 1048//538 1051//538
f 1049//539 879//539 881//539
f 881//540 1052//540 1049//540
f 1051//541 1049//541 1052//541
f 1053//542 1051//542 1054//542
f 1052//543 877//543 876//543
f 1054//544 1052//544 1055//544
f 1056//545 1054//545 1057//545
f 1055//546 876//546 878//546
f 878//547 1058//547 1055//547
f 1057//548 1055//548 1058//548
f 1059//549 1057//549 1060//549
f 1058//550 874//550 873//550
f 1060//551 1058//551 1061//551
f 1062//552 1060//552 1063//552
f 1061//553 873//553 875//553
f 875//554 1064//554 1061//554
f 1063//555 1061//555 1064//555
f 1065//556 1063//556 1066//556
f 1064//557 871//557 870//557
f 1066//558 1064//558 1067//558
f 1068//559 1066//559 1069//559
f 1067//560 870//560 872//560
f 872//561 1070//561 1067//561
f 1069//562 1067//562 1070//562
f 1071//563 1069//563 1072//563
f 1070//564 868//564 867//564
f 1072//565 1070//565 1073//565
f 1074//566 1072//566 1075//566
f 1073//567 867//567 869//567
f 869//568 1076//568 1073//568
f 1075//569 1073//569 1076//569
f 1077//570 1075//570 1078//570
f 1076//571 865//571 864//571
f 1078//572 1076//572 1079//572
f 1080//573 1078//573 1081//573
f 1079//574 864//574 866//574
f 866//575 1082//575 1079//575
f 1081//576 1079//576 1082//576
f 1083//577 1081//577 1084//577
f 1082//578 862//578 861//578
f 1084//579 1082//579 1085//579
f 1086//580 1084//580 1087//580
f 1085//581 861//581 863//581
f 863//582 1088//582 1085//582
f 1087//583 1085//583 1088//583
f 1089//584 1087//584 1090//584
f 1088//585 859//585 858//585
f 1090//586 1088//586 1091//586
f 1092//587 1090//587 1093//587
f 1091//588 858//588 860//588
f 860//589 1094//589 1091//589
f 1093//590 1091//590 1094//590
f 1095//591 1093//591 1096//591
f 1094//592 856//592 855//592
f 1096//593 1094//593 1097//593
f 1098//594 1096//594 1099//594
f 1097//595 855//595 857//595
f 857//596 1100//596 1097//596
f 1099//597 1097//597 1100//597
f 1101//598 1099//598 1102//598
f 1100//599 853//599 852//599
f 1102//600 1100//600 1103//600
f 1104//601 1102//601 1105//601
f 1103//602 852//602 854//602
f 1105//603 1103//603 1106//603
f 1107//604 1105//604 1108//604
f 1106//605 854//605 850//605
f 1108//606 1106//606 1109//606
f 1110//607 1108//607 1111//607
f 1109//608 850//608 849//608
f 1111//609 1109//609 1112//609
f 1113//610 1111//610 1114//610
f 1115//611 1112//611 851//611
f 1112//612 849//612 851//612
f 1114//613 1112//613 1115//613
f 1116//614 1114//614 1117//614
f 1115//615 847//615 846//615
f 1117//616 1115//616 1118//616
f 1119//617 1117//617 1120//617
f 1121//618 1118//618 848//618
f 1118//619 846//619 848//619
f 1120//620 1118//620 1121//620
f 1122//621 1120//621 1123//621
f 1121//622 844//622 843//622
f 1123//623 1121//623 1124//623
f 1125//624 1123//624 1126//624
f 1127//625 1124//625 845//625
f 1124//626 843//626 845//626
f 1126//627 1124//627 1127//627
f 1128//628 1126//628 1129//628
f 1127//629 841//629 840//629
f 1129//630 1127//630 1130//630
f 1131//631 1129//631 1132//631
f 1133//632 1130//632 842//632
f 1130//633 840//633 842//633
f 1132//634 1130//634 1133//634
f 1134//635 1132//635 1135//635
f 1133//636 838//636 837//636
f 1135//637 1133//637 1136//637
f 1137//638 1135//638 1138//638
f 1139//639 1136//639 839//639
f 1136//640 837//640 839//640
f 1138//641 1136//641 1139//641
f 1140//642 1138//642 1141//642
f 1139//643 835//643 834//643
f 1141//644 1139//644 1142//644
f 1143//645 1141//645 1144//645
f 1145//646 1142//646 836//646
f 1142//647 834//647 836//647
f 1144//648 1142//648 1145//648
f 1146//649 1144//649 1147//649
f 1145//650 832//650 831//650
f 1147//651 1145//651 1148//651
f 1149//652 1147//652 1150//652
f 1151//653 1148//653 833//653
f 1148//654 831//654 833//654
f 1150//655 1148//655 1151//655
f 1152//656 1150//656 1153//656
f 1151//657 829//657 828//657
f 1153//658 1151//658 1154//658
f 1155//659 1153//659 1156//659
f 1157//660 1154//660 830//660
f 1154//661 828//661 830//661
f 1156//662 1154//662 1157//662
f 1158//663 1156//663 1159//663
f 1157//664 826//664 825//664
f 1159//665 1157//665 1160//665
f 1161//666 1159//666 1162//666
f 1163//667 1160//667 827//667
f 1160//668 825//668 827//668
f 1162//669 1160//669 1163//669
f 1164//670 1162//670 1165//670
f 1163//671 823//671 822//671
f 1165//672 1163//672 1166//672
f 1167//673 1165//673 1168//673
f 1169//674 1166//674 824//674
f 1166//675 822//675 824//675
f 1168//676 1166//676 1169//676
f 1170//677 1168//677 1171//677
f 1169//678 820//678 819//678
f 1171//679 1169//679 1172//679
f 1173//680 1171//680 1174//680
f 1175//681 1172//681 821//681
f 1172//682 819//682 821//682
f 1174//683 1172//683 1175//683
f 1176//684 1174//684 1177//684
f 1175//685 817//685 816//685
f 1177//686 1175//686 1178//686
f 1179//687 1177//687 1180//687
f 1181//688 1178//688 818//688
f 1178//689 816//689 818//689
f 1180//690 1178//690 1181//690
f 1182//691 1180//691 1183//691
f 1181//692 814//692 813//692
f 1183//693 1181//693 1184//693
f 1185//694 1183//694 1186//694
f 1187//695 1184//695 815//695
f 1184//696 813//696 815//696
f 1186//697 1184//697 1187//697
f 1188//698 1186//698 1189//698
f 1187//699 811//699 810//699
f 1189//700 1187//700 1190//700
f 1191//701 1189//701 1192//701
f 1193//702 1190//702 812//702
f 1190//703 810//703 812//703
f 1192//704 1190//704 1193//704
f 1194//705 1192//705 1195//705
f 1193//706 808//706 807//706
f 1195//707 1193//707 1196//707
f 1197//708 1195//708 1198//708
f 1196//709 807//709 809//709
f 809//710 1199//710 1196//710
f 1198//711 1196//711 1199//711
f 1200//712 1198//712 1201//712
f 1199//713 805//713 804//713
f 1201//714 1199//714 1202//714
f 1203//715 1201//715 1204//715
f 1202//716 804//716 806//716
f 806//717 1205//717 1202//717
f 1204//718 1202//718 1205//718
f 1206//719 1204//719 1207//719
f 1205//720 802//720 801//720
f 1207//721 1205//721 1208//721
f 1209//722 1207//722 1210//722
f 1208//723 801//723 803//723
f 803//724 1211//724 1208//724
f 1210//725 1208//725 1211//725
f 1212//726 1210//726 1213//726
f 1211//727 799//727 798//727
f 1213//728 1211//728 1214//728
f 1215//729 1213//729 1216//729
f 1214//730 798//730 800//730
f 800//731 1217//731 1214//731
f 1216//732 1214//732 1217//732
f 1218//733 1216//733 1219//733
f 1217//734 796//734 795//734
f 1219//735 1217//735 1220//735
f 1221//736 1219//736 1222//736
f 1220//737 795//737 797//737
f 797//738 1223//738 1220//738
f 1222//739 1220//739 1223//739
f 1224//740 1222//740 1225//740
f 1223//741 793//741 792//741
f 1225//742 1223//742 1226//742
f 1227//743 1225//743 1228//743
f 1226//744 792//744 794//744
f 794//745 1229//745 1226//745
f 1228//746 1226//746 1229//746
f 1230//747 1228//747 1231//747
f 1229//748 790//748 789//748
f 1231//749 1229//749 1232//749
f 1233//750 1231//750 1234//750
f 1232//751 789//751 791//751
f 791//752 1235//752 1232//752
f 1234//753 1232//753 1235//753
f 1236//754 1234//754 1237//754
f 1235//755 787//755 786//755
f 1237//756 1235//756 1238//756
f 1239//757 1237//757 1240//757
f 1238//758 786//758 788//758
f 788//759 1241//759 1238//759
f 1240//760 1238//760 1241//760
f 1242//761 1240//761 1243//761
f 1241//762 784//762 783//762
f 1243//763 1241//763 1244//763
f 1245//764 1243//764 1246//764
f 1244//765 783//765 785//765
f 785//766 1247//766 1244//766
f 1246//767 1244//767 1247//767
f 1248//768 1246//768 1249//768
f 1247//769 781//769 780//769
f 1249//770 1247//770 1250//770
f 1251//771 1249//771 1252//771
f 1250//772 780//772 782//772
f 782//773 1253//773 1250//773
f 1252//774 1250//774 1253//774
f 1254//775 1252//775 1255//775
f 1253//776 778//776 777//776
f 1255//777 1253//777 1256//777
f 1257//778 1255//778 1258//778
f 1256//779 777//779 779//779
f 779//780 1259//780 1256//780
f 1258//781 1256//781 1259//781
f 1260//782 1258//782 1261//782
f 1259//783 775//783 774//783
f 1261//784 1259//784 1262//784
f 1263//785 1261//785 1264//785
f 1262//786 774//786 776//786
f 776//787 1265//787 1262//787
f 1264//788 1262//788 1265//788
f 1266//789 1264//789 1267//789
f 1265//790 772//790 771//790
f 1267//791 1265//791 1268//791
f 1269//792 1267//792 1270//792
f 1268//793 771//793 773//793
f 773//794 1271//794 1268//794
f 1270//795 1268//795 1271//795
f 1272//796 1270//796 1273//796
f 1271//797 769//797 768//797
f 1273//798 1271//798 1274//798
f 1275//799 1273//799 1276//799
f 1274//800 768//800 770//800
f 1276//801 1274//801 936//801
f 1277//802 1276//802 937//802
f 937//802 939//802 1277//802
f 936//801 937//801 1276//801
f 770//800 936//800 1274//800
f 1276//799 1277//799 1275//799
f 1274//798 1276//798 1273//798
f 768//797 1274//797 1271//797
f 1273//796 1275//796 1272//796
f 1271//795 1273//795 1270//795
f 773//803 769//803 1271//803
f 1270//792 1272//792 1269//792
f 1268//791 1270//791 1267//791
f 771//790 1268//790 1265//790
f 1267//789 1269//789 1266//789
f 1265//788 1267//788 1264//788
f 776//804 772//804 1265//804
f 1264//785 1266//785 1263//785
f 1262//784 1264//784 1261//784
f 774//783 1262//783 1259//783
f 1261//782 1263//782 1260//782
f 1259//781 1261//781 1258//781
f 779//805 775//805 1259//805
f 1258//778 1260//778 1257//778
f 1256//777 1258//777 1255//777
f 777//776 1256//776 1253//776
f 1255//775 1257//775 1254//775
f 1253//774 1255//774 1252//774
f 782//806 778//806 1253//806
f 1252//771 1254//771 1251//771
f 1250//770 1252//770 1249//770
f 780//769 1250//769 1247//769
f 1249//768 1251//768 1248//768
f 1247//767 1249//767 1246//767
f 785//807 781//807 1247//807
f 1246//764 1248//764 1245//764
f 1244//763 1246//763 1243//763
f 783//762 1244//762 1241//762
f 1243//761 1245//761 1242//761
f 1241//760 1243//760 1240//760
f 788//808 784//808 1241//808
f 1240//757 1242//757 1239//757
f 1238//756 1240//756 1237//756
f 786//755 1238//755 1235//755
f 1237//754 1239//754 1236//754
f 1235//753 1237//753 1234//753
f 791//809 787//809 1235//809
f 1234//750 1236//750 1233//750
f 1232//749 1234//749 1231//749
f 789//748 1232//748 1229//748
f 1231//747 1233//747 1230//747
f 1229//746 1231//746 1228//746
f 794//810 790//810 1229//810
f 1228//743 1230//743 1227//743
f 1226//742 1228//742 1225//742
f 792//741 1226//741 1223//741
f 1225//740 1227//740 1224//740
f 1223//739 1225//739 1222//739
f 797//811 793//811 1223//811
f 1222//736 1224//736 1221//736
f 1220//735 1222//735 1219//735
f 795//734 1220//734 1217//734
f 1219//733 1221//733 1218//733
f 1217//732 1219//732 1216//732
f 800//812 796//812 1217//812
f 1216//729 1218//729 1215//729
f 1214//728 1216//728 1213//728
f 798//727 1214//727 1211//727
f 1213//726 1215//726 1212//726
f 1211//725 1213//725 1210//725
f 803//813 799//813 1211//813
f 1210//722 1212//722 1209//722
f 1208//721 1210//721 1207//721
f 801//720 1208//720 1205//720
f 1207//719 1209//719 1206//719
f 1205//718 1207//718 1204//718
f 806//814 802//814 1205//814
f 1204//715 1206//715 1203//715
f 1202//714 1204//714 1201//714
f 804//713 1202//713 1199//713
f 1201//712 1203//712 1200//712
f 1199//711 1201//711 1198//711
f 809//815 805//815 1199//815
f 1198//708 1200//708 1197//708
f 1196//707 1198//707 1195//707
f 807//706 1196//706 1193//706
f 1195//705 1197//705 1194//705
f 1193//704 1195//704 1192//704
f 812//816 808//816 1193//816
f 1192//701 1194//701 1191//701
f 1190//700 1192//700 1189//700
f 810//699 1190//699 1187//699
f 1189//698 1191//698 1188//698
f 1187//697 1189//697 1186//697
f 815//817 811//817 1187//817
f 1186//694 1188//694 1185//694
f 1184//693 1186//693 1183//693
f 813//692 1184//692 1181//692
f 1183//691 1185//691 1182//691
f 1181//690 1183//690 1180//690
f 818//818 814//818 1181//818
f 1180//687 1182//687 1179//687
f 1178//686 1180//686 1177//686
f 816//685 1178//685 1175//685
f 1177//684 1179//684 1176//684
f 1175//683 1177//683 1174//683
f 821//819 817//819 1175//819
f 1174//680 1176//680 1173//680
f 1172//679 1174//679 1171//679
f 819//678 1172//678 1169//678
f 1171//677 1173//677 1170//677
f 1169//676 1171//676 1168//676
f 824//820 820//820 1169//820
f 1168//673 1170//673 1167//673
f 1166//672 1168//672 1165//672
f 822//671 1166//671 1163//671
f 1165//670 1167//670 1164//670
f 1163//669 1165//669 1162//669
f 827//821 823//821 1163//821
f 1162//666 1164//666 1161//666
f 1160//665 1162//665 1159//665
f 825//664 1160//664 1157//664
f 1159//663 1161//663 1158//663
f 1157//662 1159//662 1156//662
f 830//822 826//822 1157//822
f 1156//659 1158//659 1155//659
f 1154//658 1156//658 1153//658
f 828//657 1154//657 1151//657
f 1153//656 1155//656 1152//656
f 1151//655 1153//655 1150//655
f 833//823 829//823 1151//823
f 1150//652 1152//652 1149//652
f 1148//651 1150//651 1147//651
f 831//650 1148//650 1145//650
f 1147//649 1149//649 1146//649
f 1145//648 1147//648 1144//648
f 836//824 832//824 1145//824
f 1144//645 1146//645 1143//645
f 1142//644 1144//644 1141//644
f 834//643 1142//643 1139//643
f 1141//642 1143//642 1140//642
f 1139//641 1141//641 1138//641
f 839//825 835//825 1139//825
f 1138//638 1140//638 1137//638
f 1136//637 1138//637 1135//637
f 837//636 1136//636 1133//636
f 1135//635 1137//635 1134//635
f 1133//634 1135//634 1132//634
f 842//826 838//826 1133//826
f 1132//631 1134//631 1131//631
f 1130//630 1132//630 1129//630
f 840//629 1130//629 1127//629
f 1129//628 1131//628 1128//628
f 1127//627 1129//627 1126//627
f 845//827 841//827 1127//827
f 1126//624 1128//624 1125//624
f 1124//623 1126//623 1123//623
f 843//622 1124//622 1121//622
f 1123//621 1125//621 1122//621
f 1121//620 1123//620 1120//620
f 848//828 844//828 1121//828
f 1120//617 1122//617 1119//617
f 1118//616 1120//616 1117//616
f 846//615 1118//615 1115//615
f 1117//614 1119//614 1116//614
f 1115//613 1117//613 1114//613
f 851//829 847//829 1115//829
f 1114//610 1116//610 1113//610
f 1112//609 1114//609 1111//609
f 849//608 1112//608 1109//608
f 1111//607 1113//607 1110//607
f 1109//606 1111//606 1108//606
f 850//605 1109//605 1106//605
f 1108//604 1110//604 1107//604
f 1106//603 1108//603 1105//603
f 854//602 1106//602 1103//602
f 1105//601 1107//601 1104//601
f 1103//600 1105//600 1102//600
f 852//599 1103//599 1100//599
f 1102//598 1104//598 1101//598
f 1100//597 1102//597 1099//597
f 857//830 853//830 1100//830
f 1099//594 1101//594 1098//594
f 1097//593 1099//593 1096//593
f 855//592 1097//592 1094//592
f 1096//591 1098//591 1095//591
f 1094//590 1096//590 1093//590
f 860//831 856//831 1094//831
f 1093//587 1095//587 1092//587
f 1091//586 1093//586 1090//586
f 858//585 1091//585 1088//585
f 1090//584 1092//584 1089//584
f 1088//583 1090//583 1087//583
f 863//832 859//832 1088//832
f 1087//580 1089//580 1086//580
f 1085//579 1087//579 1084//579
f 861//578 1085//578 1082//578
f 1084//577 1086//577 1083//577
f 1082//576 1084//576 1081//576
f 866//833 862//833 1082//833
f 1081//573 1083//573 1080//573
f 1079//572 1081//572 1078//572
f 864//571 1079//571 1076//571
f 1078//570 1080//570 1077//570
f 1076//569 1078//569 1075//569
f 869//834 865//834 1076//834
f 1075//566 1077//566 1074//566
f 1073//565 1075//565 1072//565
f 867//564 1073//564 1070//564
f 1072//563 1074//563 1071//563
f 1070//562 1072//562 1069//562
f 872//835 868//835 1070//835
f 1069//559 1071//559 1068//559
f 1067//558 1069//558 1066//558
f 870//557 1067//557 1064//557
f 1066//556 1068//556 1065//556
f 1064//555 1066//555 1063//555
f 875//836 871//836 1064//836
f 1063//552 1065//552 1062//552
f 1061//551 1063//551 1060//551
f 873//550 1061//550 1058//550
f 1060//549 1062//549 1059//549
f 1058//548 1060//548 1057//548
f 878//837 874//837 1058//837
f 1057//545 1059//545 1056//545
f 1055//544 1057//544 1054//544
f 876//543 1055//543 1052//543
f 1054//542 1056//542 1053//542
f 1052//541 1054//541 1051//541
f 881//838 877//838 1052//838
f 1051//538 1053//538 1050//538
f 1049//537 1051//537 1048//537
f 879//536 1049//536 1046//536
f 1048//535 1050//535 1047//535
f 1046//534 1048//534 1045//534
f 884//839 880//839 1046//839
f 1045//531 1047//531 1044//531
f 1043//530 1045//530 1042//530
f 882//529 1043//529 1040//529
f 1042//528 1044//528 1041//528
f 1040//527 1042//527 1039//527
f 887//840 883//840 1040//840
f 1039//524 1041//524 1038//524
f 1037//523 1039//523 1036//523
f 885//522 1037//522 1034//522
f 1036//521 1038//521 1035//521
f 1034//520 1036//520 1033//520
f 890//841 886//841 1034//841
f 1033//517 1035//517 1032//517
f 1031//516 1033//516 1030//516
f 888//515 1031//515 1028//515
f 1030//514 1032//514 1029//514
f 1028//513 1030//513 1027//513
f 893//842 889//842 1028//842
f 1027//510 1029//510 1026//510
f 1025//509 1027//509 1024//509
f 891//508 1025//508 1022//508
f 1024//507 1026//507 1023//507
f 1022//506 1024//506 1021//506
f 896//843 892//843 1022//843
f 1021//503 1023//503 1020//503
f 1019//502 1021//502 1018//502
f 894//501 1019//501 1016//501
f 1018//500 1020//500 1017//500
f 1016//499 1018//499 1015//499
f 899//844 895//844 1016//844
f 1015//496 1017//496 1014//496
f 1013//495 1015//495 1012//495
f 897//494 1013//494 1010//494
f 1012//493 1014//493 1011//493
f 1010//492 1012//492 1009//492
f 902//845 898//845 1010//845
f 1009//489 1011//489 1008//489
f 1007//488 1009//488 1006//488
f 900//487 1007//487 1004//487
f 1006//486 1008//486 1005//486
f 1004//485 1006//485 1003//485
f 905//846 901//846 1004//846
f 1003//482 1005//482 1002//482
f 1001//481 1003//481 1000//481
f 903//480 1001//480 998//480
f 1000//479 1002//479 999//479
f 998//478 1000//478 997//478
f 908//847 904//847 998//847
f 997//475 999//475 996//475
f 995//474 997//474 994//474
f 906//473 995//473 992//473
f 994//472 996//472 993//472
f 992//471 994//471 991//471
f 911//848 907//848 992//848
f 991//468 993//468 990//468
f 989//467 991//467 988//467
f 909//466 989//466 986//466
f 988//465 990//465 987//465
f 986//464 988//464 985//464
f 914//849 910//849 986//849
f 985//461 987//461 984//461
f 983//460 985//460 982//460
f 912//459 983//459 980//459
f 982//458 984//458 981//458
f 980//457 982//457 979//457
f 917//850 913//850 980//850
f 979//454 981//454 978//454
f 977//453 979//453 976//453
f 915//452 977//452 974//452
f 976//451 978//451 975//451
f 974//450 976//450 973//450
f 920//851 916//851 974//851
f 973//447 975//447 972//447
f 971//446 973//446 970//446
f 918//445 971//445 968//445
f 970//444 972//444 969//444
f 968//443 970//443 967//443
f 923//852 919//852 968//852
f 967//440 969//440 966//440
f 965//439 967//439 964//439
f 921//438 965//438 962//438
f 964//437 966//437 963//437
f 962//436 964//436 961//436
f 926//853 922//853 962//853
f 961//433 963//433 960//433
f 959//432 961//432 958//432
f 924//431 959//431 956//431
f 958//430 960//430 957//430
f 956//429 958//429 955//429
f 929//854 925//854 956//854
f 955//426 957//426 954//426
f 953//425 955//425 952//425
f 927//424 953//424 950//424
f 952//423 954//423 951//423
f 950//422 952//422 949//422
f 932//855 928//855 950//855
f 949//419 951//419 948//419
f 947//418 949//418 946//418
f 930//417 947//417 944//417
f 946//416 948//416 945//416
f 944//415 946//415 943//415
f 935//856 931//856 944//856
f 943//412 945//412 942//412
f 941//411 943//411 940//411
f 933//410 941//410 938//410
f 940//409 942//409 939//409
f 938//408 940//408 937//408
f 934//407 938//407 936//407
f 1278//857 1107//857 1110//857
f 1278//858 1279//858 1104//858
f 1104//858 1107//858 1278//858
f 1280//859 1101//859 1104//859
f 1280//860 1281//860 1098//860
f 1098//860 1101//860 1280//860
f 1282//861 1095//861 1098//861
f 1283//862 1092//862 1095//862
f 1095//862 1282//862 1283//862
f 1284//863 1089//863 1092//863
f 1284//864 1285//864 1086//864
f 1086//864 1089//864 1284//864
f 1285//865 1286//865 1083//865
f 1286//866 1287//866 1080//866
f 1080//866 1083//866 1286//866
f 1287//867 1288//867 1077//867
f 1288//868 1289//868 1074//868
f 1074//868 1077//868 1288//868
f 1289//869 1290//869 1071//869
f 1290//870 1291//870 1068//870
f 1068//870 1071//870 1290//870
f 1292//871 1065//871 1068//871
f 1292//872 1293//872 1062//872
f 1062//872 1065//872 1292//872
f 1294//873 1059//873 1062//873
f 1294//874 1295//874 1056//874
f 1056//874 1059//874 1294//874
f 1296//875 1053//875 1056//875
f 1296//876 1297//876 1050//876
f 1050//876 1053//876 1296//876
f 1298//877 1047//877 1050//877
f 1298//878 1299//878 1044//878
f 1044//878 1047//878 1298//878
f 1300//879 1041//879 1044//879
f 1300//880 1301//880 1038//880
f 1038//880 1041//880 1300//880
f 1302//881 1035//881 1038//881
f 1302//882 1303//882 1032//882
f 1032//882 1035//882 1302//882
f 1304//883 1029//883 1032//883
f 1304//884 1305//884 1026//884
f 1026//884 1029//884 1304//884
f 1306//885 1023//885 1026//885
f 1306//886 1307//886 1020//886
f 1020//886 1023//886 1306//886
f 1308//887 1017//887 1020//887
f 1308//888 1309//888 1014//888
f 1014//888 1017//888 1308//888
f 1310//889 1011//889 1014//889
f 1310//890 1311//890 1008//890
f 1008//890 1011//890 1310//890
f 1312//891 1005//891 1008//891
f 1312//892 1313//892 1002//892
f 1002//892 1005//892 1312//892
f 1314//893 999//893 1002//893
f 1314//894 1315//894 996//894
f 996//894 999//894 1314//894
f 1316//895 993//895 996//895
f 1316//896 1317//896 990//896
f 990//896 993//896 1316//896
f 1318//897 987//897 990//897
f 1318//898 1319//898 984//898
f 984//898 987//898 1318//898
f 1320//899 981//899 984//899
f 1320//900 1321//900 978//900
f 978//900 981//900 1320//900
f 1322//901 975//901 978//901
f 1322//902 1323//902 972//902
f 972//902 975//902 1322//902
f 1324//903 969//903 972//903
f 1324//904 1325//904 966//904
f 966//904 969//904 1324//904
f 1326//905 963//905 966//905
f 1326//906 1327//906 960//906
f 960//906 963//906 1326//906
f 1328//907 957//907 960//907
f 1328//908 1329//908 954//908
f 954//908 957//908 1328//908
f 1330//909 951//909 954//909
f 1330//910 1331//910 948//910
f 948//910 951//910 1330//910
f 1332//911 945//911 948//911
f 1332//912 1333//912 942//912
f 942//912 945//912 1332//912
f 1334//913 939//913 942//913
f 1334//914 1335//914 1277//914
f 1277//914 939//914 1334//914
f 1336//915 1275//915 1277//915
f 1336//916 1337//916 1272//916
f 1272//916 1275//916 1336//916
f 1338//917 1269//917 1272//917
f 1339//918 1266//918 1269//918
f 1269//918 1338//918 1339//918
f 1340//919 1263//919 1266//919
f 1340//920 1341//920 1260//920
f 1260//920 1263//920 1340//920
f 1342//921 1257//921 1260//921
f 1342//922 1343//922 1254//922
f 1254//922 1257//922 1342//922
f 1344//923 1251//923 1254//923
f 1344//924 1345//924 1248//924
f 1248//924 1251//924 1344//924
f 1346//925 1245//925 1248//925
f 1347//926 1242//926 1245//926
f 1245//926 1346//926 1347//926
f 1348//927 1239//927 1242//927
f 1348//928 1349//928 1236//928
f 1236//928 1239//928 1348//928
f 1350//929 1233//929 1236//929
f 1350//930 1351//930 1230//930
f 1230//930 1233//930 1350//930
f 1352//931 1227//931 1230//931
f 1352//932 1353//932 1224//932
f 1224//932 1227//932 1352//932
f 1354//933 1221//933 1224//933
f 1355//934 1218//934 1221//934
f 1221//934 1354//934 1355//934
f 1356//935 1215//935 1218//935
f 1356//936 1357//936 1212//936
f 1212//936 1215//936 1356//936
f 1358//937 1209//937 1212//937
f 1358//938 1359//938 1206//938
f 1206//938 1209//938 1358//938
f 1360//939 1203//939 1206//939
f 1360//940 1361//940 1200//940
f 1200//940 1203//940 1360//940
f 1362//941 1197//941 1200//941
f 1362//942 1363//942 1194//942
f 1194//942 1197//942 1362//942
f 1364//943 1191//943 1194//943
f 1364//944 1365//944 1188//944
f 1188//944 1191//944 1364//944
f 1366//945 1185//945 1188//945
f 1366//946 1367//946 1182//946
f 1182//946 1185//946 1366//946
f 1368//947 1179//947 1182//947
f 1368//948 1369//948 1176//948
f 1176//948 1179//948 1368//948
f 1370//949 1173//949 1176//949
f 1370//950 1371//950 1170//950
f 1170//950 1173//950 1370//950
f 1372//951 1167//951 1170//951
f 1372//952 1373//952 1164//952
f 1164//952 1167//952 1372//952
f 1374//953 1161//953 1164//953
f 1374//954 1375//954 1158//954
f 1158//954 1161//954 1374//954
f 1376//955 1155//955 1158//955
f 1377//956 1152//956 1155//956
f 1155//956 1376//956 1377//956
f 1378//957 1149//957 1152//957
f 1378//958 1379//958 1146//958
f 1146//958 1149//958 1378//958
f 1380//959 1143//959 1146//959
f 1380//960 1381//960 1140//960
f 1140//960 1143//960 1380//960
f 1382//961 1137//961 1140//961
f 1382//962 1383//962 1134//962
f 1134//962 1137//962 1382//962
f 1384//963 1131//963 1134//963
f 1384//964 1385//964 1128//964
f 1128//964 1131//964 1384//964
f 1386//965 1125//965 1128//965
f 1386//966 1387//966 1122//966
f 1122//966 1125//966 1386//966
f 1388//967 1119//967 1122//967
f 1389//968 1116//968 1119//968
f 1119//968 1388//968 1389//968
f 1389//969 1390//969 1113//969
f 1390//970 1391//970 1110//970
f 1110//970 1113//970 1390//970
f 1113//969 1116//969 1389//969
f 1122//967 1387//967 1388//967
f 1128//965 1385//965 1386//965
f 1134//963 1383//963 1384//963
f 1140//961 1381//961 1382//961
f 1146//959 1379//959 1380//959
f 1152//957 1377//957 1378//957
f 1158//955 1375//955 1376//955
f 1164//953 1373//953 1374//953
f 1170//951 1371//951 1372//951
f 1176//949 1369//949 1370//949
f 1182//947 1367//947 1368//947
f 1188//945 1365//945 1366//945
f 1194//943 1363//943 1364//943
f 1200//941 1361//941 1362//941
f 1206//939 1359//939 1360//939
f 1212//937 1357//937 1358//937
f 1218//935 1355//935 1356//935
f 1224//933 1353//933 1354//933
f 1230//931 1351//931 1352//931
f 1236//929 1349//929 1350//929
f 1242//927 1347//927 1348//927
f 1248//925 1345//925 1346//925
f 1254//923 1343//923 1344//923
f 1260//921 1341//921 1342//921
f 1266//919 1339//919 1340//919
f 1272//917 1337//917 1338//917
f 1277//915 1335//915 1336//915
f 942//913 1333//913 1334//913
f 948//911 1331//911 1332//911
f 954//909 1329//909 1330//909
f 960//907 1327//907 1328//907
f 966//905 1325//905 1326//905
f 972//903 1323//903 1324//903
f 978//901 1321//901 1322//901
f 984//899 1319//899 1320//899
f 990//897 1317//897 1318//897
f 996//895 1315//895 1316//895
f 1002//893 1313//893 1314//893
f 1008//891 1311//891 1312//891
f 1014//889 1309//889 1310//889
f 1020//887 1307//887 1308//887
f 1026//885 1305//885 1306//885
f 1032//883 1303//883 1304//883
f 1038//881 1301//881 1302//881
f 1044//879 1299//879 1300//879
f 1050//877 1297//877 1298//877
f 1056//875 1295//875 1296//875
f 1062//873 1293//873 1294//873
f 1068//871 1291//871 1292//871
f 1071//869 1074//869 1289//869
f 1077//867 1080//867 1287//867
f 1083//865 1086//865 1285//865
f 1092//863 1283//863 1284//863
f 1098//861 1281//861 1282//861
f 1104//859 1279//859 1280//859
f 1110//857 1391//857 1278//857
f 1392//971 1393//971 1394//971
f 1395//972 1392//972 1396//972
f 1391//973 1395//973 1397//973
f 1396//974 1394//974 1398//974
f 1397//975 1396//975 1399//975
f 1278//976 1397//976 1400//976
f 1399//977 1398//977 1401//977
f 1400//978 1399//978 1402//978
f 1279//979 1400//979 1403//979
f 1402//980 1401//980 1404//980
f 1403//981 1402//981 1405//981
f 1280//982 1403//982 1406//982
f 1405//983 1404//983 1407//983
f 1406//984 1405//984 1408//984
f 1281//985 1406//985 1409//985
f 1408//986 1407//986 1410//986
f 1409//987 1408//987 1411//987
f 1282//988 1409//988 1412//988
f 1411//989 1410//989 1413//989
f 1412//990 1411//990 1414//990
f 1283//991 1412//991 1415//991
f 1414//992 1413//992 1416//992
f 1415//993 1414//993 1417//993
f 1284//994 1415//994 1418//994
f 1417//995 1416//995 1419//995
f 1418//996 1417//996 1420//996
f 1285//997 1418//997 1421//997
f 1420//998 1419//998 1422//998
f 1421//999 1420//999 1423//999
f 1286//1000 1421//1000 1424//1000
f 1423//1001 1422//1001 1425//1001
f 1424//1002 1423//1002 1426//1002
f 1287//1003 1424//1003 1427//1003
f 1426//1004 1425//1004 1428//1004
f 1427//1005 1426//1005 1429//1005
f 1288//1006 1427//1006 1430//1006
f 1429//1007 1428//1007 1431//1007
f 1430//1008 1429//1008 1432//1008
f 1289//1009 1430//1009 1433//1009
f 1432//1010 1431//1010 1434//1010
f 1433//1011 1432//1011 1435//1011
f 1290//1012 1433//1012 1436//1012
f 1435//1013 1434//1013 1437//1013
f 1436//1014 1435//1014 1438//1014
f 1291//1015 1436//1015 1439//1015
f 1438//1016 1437//1016 1440//1016
f 1439//1017 1438//1017 1441//1017
f 1292//1018 1439//1018 1442//1018
f 1441//1019 1440//1019 1443//1019
f 1442//1020 1441//1020 1444//1020
f 1293//1021 1442//1021 1445//1021
f 1444//1022 1443//1022 1446//1022
f 1445//1023 1444//1023 1447//1023
f 1294//1024 1445//1024 1448//1024
f 1447//1025 1446//1025 1449//1025
f 1448//1026 1447//1026 1450//1026
f 1295//1027 1448//1027 1451//1027
f 1450//1028 1449//1028 1452//1028
f 1451//1029 1450//1029 1453//1029
f 1296//1030 1451//1030 1454//1030
f 1453//1031 1452//1031 1455//1031
f 1454//1032 1453//1032 1456//1032
f 1297//1033 1454//1033 1457//1033
f 1456//1034 1455//1034 1458//1034
f 1457//1035 1456//1035 1459//1035
f 1298//1036 1457//1036 1460//1036
f 1459//1037 1458//1037 1461//1037
f 1460//1038 1459//1038 1462//1038
f 1299//1039 1460//1039 1463//1039
f 1462//1040 1461//1040 1464//1040
f 1463//1041 1462//1041 1465//1041
f 1300//1042 1463//1042 1466//1042
f 1465//1043 1464//1043 1467//1043
f 1466//1044 1465//1044 1468//1044
f 1301//1045 1466//1045 1469//1045
f 1468//1046 1467//1046 1470//1046
f 1469//1047 1468//1047 1471//1047
f 1302//1048 1469//1048 1472//1048
f 1471//1049 1470//1049 1473//1049
f 1472//1050 1471//1050 1474//1050
f 1303//1051 1472//1051 1475//1051
f 1474//1052 1473//1052 1476//1052
f 1475//1053 1474//1053 1477//1053
f 1304//1054 1475//1054 1478//1054
f 1477//1055 1476//1055 1479//1055
f 1478//1056 1477//1056 1480//1056
f 1305//1057 1478//1057 1481//1057
f 1480//1058 1479//1058 1482//1058
f 1481//1059 1480//1059 1483//1059
f 1306//1060 1481//1060 1484//1060
f 1483//1061 1482//1061 1485//1061
f 1484//1062 1483//1062 1486//1062
f 1307//1063 1484//1063 1487//1063
f 1486//1064 1485//1064 1488//1064
f 1487//1065 1486//1065 1489//1065
f 1308//1066 1487//1066 1490//1066
f 1489//1067 1488//1067 1491//1067
f 1490//1068 1489//1068 1492//1068
f 1309//1069 1490//1069 1493//1069
f 1492//1070 1491//1070 1494//1070
f 1493//1071 1492//1071 1495//1071
f 1310//1072 1493//1072 1496//1072
f 1495//1073 1494//1073 1497//1073
f 1496//1074 1495//1074 1498//1074
f 1311//1075 1496//1075 1499//1075
f 1498//1076 1497//1076 1500//1076
f 1499//1077 1498//1077 1501//1077
f 1312//1078 1499//1078 1502//1078
f 1501//1079 1500//1079 1503//1079
f 1502//1080 1501//1080 1504//1080
f 1313//1081 1502//1081 1505//1081
f 1504//1082 1503//1082 1506//1082
f 1505//1083 1504//1083 1507//1083
f 1314//1084 1505//1084 1508//1084
f 1507//1085 1506//1085 1509//1085
f 1508//1086 1507//1086 1510//1086
f 1315//1087 1508//1087 1511//1087
f 1510//1088 1509//1088 1512//1088
f 1511//1089 1510//1089 1513//1089
f 1316//1090 1511//1090 1514//1090
f 1513//1091 1512//1091 1515//1091
f 1514//1092 1513//1092 1516//1092
f 1317//1093 1514//1093 1517//1093
f 1516//1094 1515//1094 1518//1094
f 1517//1095 1516//1095 1519//1095
f 1318//1096 1517//1096 1520//1096
f 1519//1097 1518//1097 1521//1097
f 1520//1098 1519//1098 1522//1098
f 1319//1099 1520//1099 1523//1099
f 1522//1100 1521//1100 1524//1100
f 1523//1101 1522//1101 1525//1101
f 1320//1102 1523//1102 1526//1102
f 1525//1103 1524//1103 1527//1103
f 1526//1104 1525//1104 1528//1104
f 1321//1105 1526//1105 1529//1105
f 1528//1106 1527//1106 1530//1106
f 1529//1107 1528//1107 1531//1107
f 1322//1108 1529//1108 1532//1108
f 1531//1109 1530//1109 1533//1109
f 1532//1110 1531//1110 1534//1110
f 1323//1111 1532//1111 1535//1111
f 1534//1112 1533//1112 1536//1112
f 1535//1113 1534//1113 1537//1113
f 1324//1114 1535//1114 1538//1114
f 1537//1115 1536//1115 1539//1115
f 1538//1116 1537//1116 1540//1116
f 1325//1117 1538//1117 1541//1117
f 1540//1118 1539//1118 1542//1118
f 1541//1119 1540//1119 1543//1119
f 1326//1120 1541//1120 1544//1120
f 1543//1121 1542//1121 1545//1121
f 1544//1122 1543//1122 1546//1122
f 1327//1123 1544//1123 1547//1123
f 1546//1124 1545//1124 1548//1124
f 1547//1125 1546//1125 1549//1125
f 1328//1126 1547//1126 1550//1126
f 1549//1127 1548//1127 1551//1127
f 1550//1128 1549//1128 1552//1128
f 1329//1129 1550//1129 1553//1129
f 1552//1130 1551//1130 1554//1130
f 1553//1131 1552//1131 1555//1131
f 1330//1132 1553//1132 1556//1132
f 1555//1133 1554//1133 1557//1133
f 1556//1134 1555//1134 1558//1134
f 1331//1135 1556//1135 1559//1135
f 1558//1136 1557//1136 1560//1136
f 1559//1137 1558//1137 1561//1137
f 1332//1138 1559//1138 1562//1138
f 1561//1139 1560//1139 1563//1139
f 1562//1140 1561//1140 1564//1140
f 1333//1141 1562//1141 1565//1141
f 1564//1142 1563//1142 1566//1142
f 1565//1143 1564//1143 1567//1143
f 1334//1144 1565//1144 1568//1144
f 1567//1145 1566//1145 1569//1145
f 1568//1146 1567//1146 1570//1146
f 1335//1147 1568//1147 1571//1147
f 1570//1148 1569//1148 1572//1148
f 1571//1149 1570//1149 1573//1149
f 1336//1150 1571//1150 1574//1150
f 1573//1151 1572//1151 1575//1151
f 1574//1152 1573//1152 1576//1152
f 1337//1153 1574//1153 1577//1153
f 1576//1154 1575//1154 1578//1154
f 1577//1155 1576//1155 1579//1155
f 1338//1156 1577//1156 1580//1156
f 1579//1157 1578//1157 1581//1157
f 1580//1158 1579//1158 1582//1158
f 1339//1159 1580//1159 1583//1159
f 1582//1160 1581//1160 1584//1160
f 1583//1161 1582//1161 1585//1161
f 1340//1162 1583//1162 1586//1162
f 1585//1163 1584//1163 1587//1163
f 1586//1164 1585//1164 1588//1164
f 1341//1165 1586//1165 1589//1165
f 1588//1166 1587//1166 1590//1166
f 1589//1167 1588//1167 1591//1167
f 1342//1168 1589//1168 1592//1168
f 1591//1169 1590//1169 1593//1169
f 1592//1170 1591//1170 1594//1170
f 1343//1171 1592//1171 1595//1171
f 1594//1172 1593//1172 1596//1172
f 1595//1173 1594//1173 1597//1173
f 1344//1174 1595//1174 1598//1174
f 1597//1175 1596//1175 1599//1175
f 1598//1176 1597//1176 1600//1176
f 1345//1177 1598//1177 1601//1177
f 1600//1178 1599//1178 1602//1178
f 1601//1179 1600//1179 1603//1179
f 1346//1180 1601//1180 1604//1180
f 1603//1181 1602//1181 1605//1181
f 1604//1182 1603//1182 1606//1182
f 1347//1183 1604//1183 1607//1183
f 1606//1184 1605//1184 1608//1184
f 1607//1185 1606//1185 1609//1185
f 1348//1186 1607//1186 1610//1186
f 1609//1187 1608//1187 1611//1187
f 1610//1188 1609//1188 1612//1188
f 1349//1189 1610//1189 1613//1189
f 1612//1190 1611//1190 1614//1190
f 1613//1191 1612//1191 1615//1191
f 1350//1192 1613//1192 1616//1192
f 1615//1193 1614//1193 1617//1193
f 1616//1194 1615//1194 1618//1194
f 1351//1195 1616//1195 1619//1195
f 1618//1196 1617//1196 1620//1196
f 1619//1197 1618//1197 1621//1197
f 1352//1198 1619//1198 1622//1198
f 1621//1199 1620//1199 1623//1199
f 1622//1200 1621//1200 1624//1200
f 1353//1201 1622//1201 1625//1201
f 1624//1202 1623//1202 1626//1202
f 1625//1203 1624//1203 1627//1203
f 1354//1204 1625//1204 1628//1204
f 1627//1205 1626//1205 1629//1205
f 1628//1206 1627//1206 1630//1206
f 1355//1207 1628//1207 1631//1207
f 1630//1208 1629//1208 1632//1208
f 1631//1209 1630//1209 1633//1209
f 1356//1210 1631//1210 1634//1210
f 1633//1211 1632//1211 1635//1211
f 1634//1212 1633//1212 1636//1212
f 1357//1213 1634//1213 1637//1213
f 1636//1214 1635//1214 1638//1214
f 1637//1215 1636//1215 1639//1215
f 1358//1216 1637//1216 1640//1216
f 1639//1217 1638//1217 1641//1217
f 1640//1218 1639//1218 1642//1218
f 1359//1219 1640//1219 1643//1219
f 1642//1220 1641//1220 1644//1220
f 1643//1221 1642//1221 1645//1221
f 1360//1222 1643//1222 1646//1222
f 1645//1223 1644//1223 1647//1223
f 1646//1224 1645//1224 1648//1224
f 1361//1225 1646//1225 1649//1225
f 1648//1226 1647//1226 1650//1226
f 1649//1227 1648//1227 1651//1227
f 1362//1228 1649//1228 1652//1228
f 1651//1229 1650//1229 1653//1229
f 1652//1230 1651//1230 1654//1230
f 1363//1231 1652//1231 1655//1231
f 1654//1232 1653//1232 1656//1232
f 1655//1233 1654//1233 1657//1233
f 1364//1234 1655//1234 1658//1234
f 1657//1235 1656//1235 1659//1235
f 1658//1236 1657//1236 1660//1236
f 1365//1237 1658//1237 1661//1237
f 1660//1238 1659//1238 1662//1238
f 1661//1239 1660//1239 1663//1239
f 1366//1240 1661//1240 1664//1240
f 1663//1241 1662//1241 1665//1241
f 1664//1242 1663//1242 1666//1242
f 1367//1243 1664//1243 1667//1243
f 1666//1244 1665//1244 1668//1244
f 1667//1245 1666//1245 1669//1245
f 1368//1246 1667//1246 1670//1246
f 1669//1247 1668//1247 1671//1247
f 1670//1248 1669//1248 1672//1248
f 1369//1249 1670//1249 1673//1249
f 1672//1250 1671//1250 1674//1250
f 1673//1251 1672//1251 1675//1251
f 1370//1252 1673//1252 1676//1252
f 1675//1253 1674//1253 1677//1253
f 1676//1254 1675//1254 1678//1254
f 1371//1255 1676//1255 1679//1255
f 1678//1256 1677//1256 1680//1256
f 1679//1257 1678//1257 1681//1257
f 1372//1258 1679//1258 1682//1258
f 1681//1259 1680//1259 1683//1259
f 1682//1260 1681//1260 1684//1260
f 1373//1261 1682//1261 1685//1261
f 1684//1262 1683//1262 1686//1262
f 1685//1263 1684//1263 1687//1263
f 1374//1264 1685//1264 1688//1264
f 1687//1265 1686//1265 1689//1265
f 1688//1266 1687//1266 1690//1266
f 1375//1267 1688//1267 1691//1267
f 1690//1268 1689//1268 1692//1268
f 1691//1269 1690//1269 1693//1269
f 1376//1270 1691//1270 1694//1270
f 1693//1271 1692//1271 1695//1271
f 1694//1272 1693//1272 1696//1272
f 1377//1273 1694//1273 1697//1273
f 1696//1274 1695//1274 1698//1274
f 1697//1275 1696//1275 1699//1275
f 1378//1276 1697//1276 1700//1276
f 1699//1277 1698//1277 1701//1277
f 1700//1278 1699//1278 1702//1278
f 1379//1279 1700//1279 1703//1279
f 1702//1280 1701//1280 1704//1280
f 1703//1281 1702//1281 1705//1281
f 1380//1282 1703//1282 1706//1282
f 1705//1283 1704//1283 1707//1283
f 1706//1284 1705//1284 1708//1284
f 1381//1285 1706//1285 1709//1285
f 1708//1286 1707//1286 1710//1286
f 1709//1287 1708//1287 1711//1287
f 1382//1288 1709//1288 1712//1288
f 1711//1289 1710//1289 1713//1289
f 1712//1290 1711//1290 1714//1290
f 1383//1291 1712//1291 1715//1291
f 1714//1292 1713//1292 1716//1292
f 1715//1293 1714//1293 1717//1293
f 1384//1294 1715//1294 1718//1294
f 1717//1295 1716//1295 1719//1295
f 1718//1296 1717//1296 1720//1296
f 1385//1297 1718//1297 1721//1297
f 1720//1298 1719//1298 1722//1298
f 1721//1299 1720//1299 1723//1299
f 1386//1300 1721//1300 1724//1300
f 1723//1301 1722//1301 1725//1301
f 1724//1302 1723//1302 1726//1302
f 1387//1303 1724//1303 1727//1303
f 1726//1304 1725//1304 1728//1304
f 1727//1305 1726//1305 1729//1305
f 1388//1306 1727//1306 1730//1306
f 1729//1307 1728//1307 1731//1307
f 1730//1308 1729//1308 1732//1308
f 1389//1309 1730//1309 1733//1309
f 1732//1310 1731//1310 1393//1310
f 1733//1311 1732//1311 1392//1311
f 1390//1312 1733//1312 1395//1312
f 1395//1312 1391//1312 1390//1312
f 1392//1311 1395//1311 1733//1311
f 1393//1310 1392//1310 1732//1310
f 1733//1309 1390//1309 1389//1309
f 1732//1308 1733//1308 1730//1308
f 1731//1307 1732//1307 1729//1307
f 1730//1306 1389//1306 1388//1306
f 1729//1305 1730//1305 1727//1305
f 1728//1304 1729//1304 1726//1304
f 1727//1303 1388//1303 1387//1303
f 1726//1302 1727//1302 1724//1302
f 1725//1301 1726//1301 1723//1301
f 1724//1300 1387//1300 1386//1300
f 1723//1299 1724//1299 1721//1299
f 1722//1298 1723//1298 1720//1298
f 1721//1297 1386//1297 1385//1297
f 1720//1296 1721//1296 1718//1296
f 1719//1295 1720//1295 1717//1295
f 1718//1294 1385//1294 1384//1294
f 1717//1293 1718//1293 1715//1293
f 1716//1292 1717//1292 1714//1292
f 1715//1291 1384//1291 1383//1291
f 1714//1290 1715//1290 1712//1290
f 1713//1289 1714//1289 1711//1289
f 1712//1288 1383//1288 1382//1288
f 1711//1287 1712//1287 1709//1287
f 1710//1286 1711//1286 1708//1286
f 1709//1285 1382//1285 1381//1285
f 1708//1284 1709//1284 1706//1284
f 1707//1283 1708//1283 1705//1283
f 1706//1282 1381//1282 1380//1282
f 1705//1281 1706//1281 1703//1281
f 1704//1280 1705//1280 1702//1280
f 1703//1279 1380//1279 1379//1279
f 1702//1278 1703//1278 1700//1278
f 1701//1277 1702//1277 1699//1277
f 1700//1276 1379//1276 1378//1276
f 1699//1275 1700//1275 1697//1275
f 1698//1274 1699//1274 1696//1274
f 1697//1273 1378//1273 1377//1273
f 1696//1272 1697//1272 1694//1272
f 1695//1271 1696//1271 1693//1271
f 1694//1270 1377//1270 1376//1270
f 1693//1269 1694//1269 1691//1269
f 1692//1268 1693//1268 1690//1268
f 1691//1267 1376//1267 1375//1267
f 1690//1266 1691//1266 1688//1266
f 1689//1265 1690//1265 1687//1265
f 1688//1264 1375//1264 1374//1264
f 1687//1263 1688//1263 1685//1263
f 1686//1262 1687//1262 1684//1262
f 1685//1261 1374//1261 1373//1261
f 1684//1260 1685//1260 1682//1260
f 1683//1259 1684//1259 1681//1259
f 1682//1258 1373//1258 1372//1258
f 1681//1257 1682//1257 1679//1257
f 1680//1256 1681//1256 1678//1256
f 1679//1255 1372//1255 1371//1255
f 1678//1254 1679//1254 1676//1254
f 1677//1253 1678//1253 1675//1253
f 1676//1252 1371//1252 1370//1252
f 1675//1251 1676//1251 1673//1251
f 1674//1250 1675//1250 1672//1250
f 1673//1249 1370//1249 1369//1249
f 1672//1248 1673//1248 1670//1248
f 1671//1247 1672//1247 1669//1247
f 1670//1246 1369//1246 1368//1246
f 1669//1245 1670//1245 1667//1245
f 1668//1244 1669//1244 1666//1244
f 1667//1243 1368//1243 1367//1243
f 1666//1242 1667//1242 1664//1242
f 1665//1241 1666//1241 1663//1241
f 1664//1240 1367//1240 1366//1240
f 1663//1239 1664//1239 1661//1239
f 1662//1238 1663//1238 1660//1238
f 1661//1237 1366//1237 1365//1237
f 1660//1236 1661//1236 1658//1236
f 1659//1235 1660//1235 1657//1235
f 1658//1234 1365//1234 1364//1234
f 1657//1233 1658//1233 1655//1233
f 1656//1232 1657//1232 1654//1232
f 1655//1231 1364//1231 1363//1231
f 1654//1230 1655//1230 1652//1230
f 1653//1229 1654//1229 1651//1229
f 1652//1228 1363//1228 1362//1228
f 1651//1227 1652//1227 1649//1227
f 1650//1226 1651//1226 1648//1226
f 1649//1225 1362//1225 1361//1225
f 1648//1224 1649//1224 1646//1224
f 1647//1223 1648//1223 1645//1223
f 1646//1222 1361//1222 1360//1222
f 1645//1221 1646//1221 1643//1221
f 1644//1220 1645//1220 1642//1220
f 1643//1219 1360//1219 1359//1219
f 1642//1218 1643//1218 1640//1218
f 1641//1217 1642//1217 1639//1217
f 1640//1216 1359//1216 1358//1216
f 1639//1215 1640//1215 1637//1215
f 1638//1214 1639//1214 1636//1214
f 1637//1213 1358//1213 1357//1213
f 1636//1212 1637//1212 1634//1212
f 1635//1211 1636//1211 1633//1211
f 1634//1210 1357//1210 1356//1210
f 1633//1209 1634//1209 1631//1209
f 1632//1208 1633//1208 1630//1208
f 1631//1207 1356//1207 1355//1207
f 1630//1206 1631//1206 1628//1206
f 1629//1205 1630//1205 1627//1205
f 1628//1204 1355//1204 1354//1204
f 1627//1203 1628//1203 1625//1203
f 1626//1202 1627//1202 1624//1202
f 1625//1201 1354//1201 1353//1201
f 1624//1200 1625//1200 1622//1200
f 1623//1199 1624//1199 1621//1199
f 1622//1198 1353//1198 1352//1198
f 1621//1197 1622//1197 1619//1197
f 1620//1196 1621//1196 1618//1196
f 1619//1195 1352//1195 1351//1195
f 1618//1194 1619//1194 1616//1194
f 1617//1193 1618//1193 1615//1193
f 1616//1192 1351//1192 1350//1192
f 1615//1191 1616//1191 1613//1191
f 1614//1190 1615//1190 1612//1190
f 1613//1189 1350//1189 1349//1189
f 1612//1188 1613//1188 1610//1188
f 1611//1187 1612//1187 1609//1187
f 1610//1186 1349//1186 1348//1186
f 1609//1185 1610//1185 1607//1185
f 1608//1184 1609//1184 1606//1184
f 1607//1183 1348//1183 1347//1183
f 1606//1182 1607//1182 1604//1182
f 1605//1181 1606//1181 1603//1181
f 1604//1180 1347//1180 1346//1180
f 1603//1179 1604//1179 1601//1179
f 1602//1178 1603//1178 1600//1178
f 1601//1177 1346//1177 1345//1177
f 1600//1176 1601//1176 1598//1176
f 1599//1175 1600//1175 1597//1175
f 1598//1174 1345//1174 1344//1174
f 1597//1173 1598//1173 1595//1173
f 1596//1172 1597//1172 1594//1172
f 1595//1171 1344//1171 1343//1171
f 1594//1170 1595//1170 1592//1170
f 1593//1169 1594//1169 1591//1169
f 1592//1168 1343//1168 1342//1168
f 1591//1167 1592//1167 1589//1167
f 1590//1166 1591//1166 1588//1166
f 1589//1165 1342//1165 1341//1165
f 1588//1164 1589//1164 1586//1164
f 1587//1163 1588//1163 1585//1163
f 1586//1162 1341//1162 1340//1162
f 1585//1161 1586//1161 1583//1161
f 1584//1160 1585//1160 1582//1160
f 1583//1159 1340//1159 1339//1159
f 1582//1158 1583//1158 1580//1158
f 1581//1157 1582//1157 1579//1157
f 1580//1156 1339//1156 1338//1156
f 1579//1155 1580//1155 1577//1155
f 1578//1154 1579//1154 1576//1154
f 1577//1153 1338//1153 1337//1153
f 1576//1152 1577//1152 1574//1152
f 1575//1151 1576//1151 1573//1151
f 1574//1150 1337//1150 1336//1150
f 1573//1149 1574//1149 1571//1149
f 1572//1148 1573//1148 1570//1148
f 1571//1147 1336//1147 1335//1147
f 1570//1146 1571//1146 1568//1146
f 1569//1145 1570//1145 1567//1145
f 1568//1144 1335//1144 1334//1144
f 1567//1143 1568//1143 1565//1143
f 1566//1142 1567//1142 1564//1142
f 1565//1141 1334//1141 1333//1141
f 1564//1140 1565//1140 1562//1140
f 1563//1139 1564//1139 1561//1139
f 1562//1138 1333//1138 1332//1138
f 1561//1137 1562//1137 1559//1137
f 1560//1136 1561//1136 1558//1136
f 1559//1135 1332//1135 1331//1135
f 1558//1134 1559//1134 1556//1134
f 1557//1133 1558//1133 1555//1133
f 1556//1132 1331//1132 1330//1132
f 1555//1131 1556//1131 1553//1131
f 1554//1130 1555//1130 1552//1130
f 1553//1129 1330//1129 1329//1129
f 1552//1128 1553//1128 1550//1128
f 1551//1127 1552//1127 1549//1127
f 1550//1126 1329//1126 1328//1126
f 1549//1125 1550//1125 1547//1125
f 1548//1124 1549//1124 1546//1124
f 1547//1123 1328//1123 1327//1123
f 1546//1122 1547//1122 1544//1122
f 1545//1121 1546//1121 1543//1121
f 1544//1120 1327//1120 1326//1120
f 1543//1119 1544//1119 1541//1119
f 1542//1118 1543//1118 1540//1118
f 1541//1117 1326//1117 1325//1117
f 1540//1116 1541//1116 1538//1116
f 1539//1115 1540//1115 1537//1115
f 1538//1114 1325//1114 1324//1114
f 1537//1113 1538//1113 1535//1113
f 1536//1112 1537//1112 1534//1112
f 1535//1111 1324//1111 1323//1111
f 1534//1110 1535//1110 1532//1110
f 1533//1109 1534//1109 1531//1109
f 1532//1108 1323//1108 1322//1108
f 1531//1107 1532//1107 1529//1107
f 1530//1106 1531//1106 1528//1106
f 1529//1105 1322//1105 1321//1105
f 1528//1104 1529//1104 1526//1104
f 1527//1103 1528//1103 1525//1103
f 1526//1102 1321//1102 1320//1102
f 1525//1101 1526//1101 1523//1101
f 1524//1100 1525//1100 1522//1100
f 1523//1099 1320//1099 1319//1099
f 1522//1098 1523//1098 1520//1098
f 1521//1097 1522//1097 1519//1097
f 1520//1096 1319//1096 1318//1096
f 1519//1095 1520//1095 1517//1095
f 1518//1094 1519//1094 1516//1094
f 1517//1093 1318//1093 1317//1093
f 1516//1092 1517//1092 1514//1092
f 1515//1091 1516//1091 1513//1091
f 1514//1090 1317//1090 1316//1090
f 1513//1089 1514//1089 1511//1089
f 1512//1088 1513//1088 1510//1088
f 1511//1087 1316//1087 1315//1087
f 1510//1086 1511//1086 1508//1086
f 1509//1085 1510//1085 1507//1085
f 1508//1084 1315//1084 1314//1084
f 1507//1083 1508//1083 1505//1083
f 1506//1082 1507//1082 1504//1082
f 1505//1081 1314//1081 1313//1081
f 1504//1080 1505//1080 1502//1080
f 1503//1079 1504//1079 1501//1079
f 1502//1078 1313//1078 1312//1078
f 1501//1077 1502//1077 1499//1077
f 1500//1076 1501//1076 1498//1076
f 1499//1075 1312//1075 1311//1075
f 1498//1074 1499//1074 1496//1074
f 1497//1073 1498//1073 1495//1073
f 1496//1072 1311//1072 1310//1072
f 1495//1071 1496//1071 1493//1071
f 1494//1070 1495//1070 1492//1070
f 1493//1069 1310//1069 1309//1069
f 1492//1068 1493//1068 1490//1068
f 1491//1067 1492//1067 1489//1067
f 1490//1066 1309//1066 1308//1066
f 1489//1065 1490//1065 1487//1065
f 1488//1064 1489//1064 1486//1064
f 1487//1063 1308//1063 1307//1063
f 1486//1062 1487//1062 1484//1062
f 1485//1061 1486//1061 1483//1061
f 1484//1060 1307//1060 1306//1060
f 1483//1059 1484//1059 1481//1059
f 1482//1058 1483//1058 1480//1058
f 1481//1057 1306//1057 1305//1057
f 1480//1056 1481//1056 1478//1056
f 1479//1055 1480//1055 1477//1055
f 1478//1054 1305//1054 1304//1054
f 1477//1053 1478//1053 1475//1053
f 1476//1052 1477//1052 1474//1052
f 1475//1051 1304//1051 1303//1051
f 1474//1050 1475//1050 1472//1050
f 1473//1049 1474//1049 1471//1049
f 1472//1048 1303//1048 1302//1048
f 1471//1047 1472//1047 1469//1047
f 1470//1046 1471//1046 1468//1046
f 1469//1045 1302//1045 1301//1045
f 1468//1044 1469//1044 1466//1044
f 1467//1043 1468//1043 1465//1043
f 1466//1042 1301//1042 1300//1042
f 1465//1041 1466//1041 1463//1041
f 1464//1040 1465//1040 1462//1040
f 1463//1039 1300//1039 1299//1039
f 1462//1038 1463//1038 1460//1038
f 1461//1037 1462//1037 1459//1037
f 1460//1036 1299//1036 1298//1036
f 1459//1035 1460//1035 1457//1035
f 1458//1034 1459//1034 1456//1034
f 1457//1033 1298//1033 1297//1033
f 1456//1032 1457//1032 1454//1032
f 1455//1031 1456//1031 1453//1031
f 1454//1030 1297//1030 1296//1030
f 1453//1029 1454//1029 1451//1029
f 1452//1028 1453//1028 1450//1028
f 1451//1027 1296//1027 1295//1027
f 1450//1026 1451//1026 1448//1026
f 1449//1025 1450//1025 1447//1025
f 1448//1024 1295//1024 1294//1024
f 1447//1023 1448//1023 1445//1023
f 1446//1022 1447//1022 1444//1022
f 1445//1021 1294//1021 1293//1021
f 1444//1020 1445//1020 1442//1020
f 1443//1019 1444//1019 1441//1019
f 1442//1018 1293//1018 1292//1018
f 1441//1017 1442//1017 1439//1017
f 1440//1016 1441//1016 1438//1016
f 1439//1015 1292//1015 1291//1015
f 1438//1014 1439//1014 1436//1014
f 1437//1013 1438//1013 1435//1013
f 1436//1012 1291//1012 1290//1012
f 1435//1011 1436//1011 1433//1011
f 1434//1010 1435//1010 1432//1010
f 1433//1009 1290//1009 1289//1009
f 1432//1008 1433//1008 1430//1008
f 1431//1007 1432//1007 1429//1007
f 1430//1006 1289//1006 1288//1006
f 1429//1005 1430//1005 1427//1005
f 1428//1004 1429//1004 1426//1004
f 1427//1003 1288//1003 1287//1003
f 1426//1002 1427//1002 1424//1002
f 1425//1001 1426//1001 1423//1001
f 1424//1000 1287//1000 1286//1000
f 1423//999 1424//999 1421//999
f 1422//998 1423//998 1420//998
f 1421//997 1286//997 1285//997
f 1420//996 1421//996 1418//996
f 1419//995 1420//995 1417//995
f 1418//994 1285//994 1284//994
f 1417//993 1418//993 1415//993
f 1416//992 1417//992 1414//992
f 1415//991 1284//991 1283//991
f 1414//990 1415//990 1412//990
f 1413//989 1414//989 1411//989
f 1412//988 1283//988 1282//988
f 1411//987 1412//987 1409//987
f 1410//986 1411//986 1408//986
f 1409//985 1282//985 1281//985
f 1408//984 1409//984 1406//984
f 1407//983 1408//983 1405//983
f 1406//982 1281//982 1280//982
f 1405//981 1406//981 1403//981
f 1404//980 1405//980 1402//980
f 1403//979 1280//979 1279//979
f 1402//978 1403//978 1400//978
f 1401//977 1402//977 1399//977
f 1400//976 1279//976 1278//976
f 1399//975 1400//975 1397//975
f 1398//974 1399//974 1396//974
f 1397//973 1278//973 1391//973
f 1396//972 1397//972 1395//972
f 1394//971 1396//971 1392//971
f 1734//21 1735//21 231//21
f 1736//22 1734//22 232//22
f 1737//23 1736//23 235//23
f 1738//24 1737//24 254//24
f 1739//25 1738//25 251//25
f 1740//26 1739//26 255//26
f 1741//27 1740//27 248//27
f 1742//28 1741//28 239//28
f 1743//29 1742//29 242//29
f 1744//30 1743//30 249//30
f 1745//31 1744//31 252//31
f 1746//32 1745//32 238//32
f 1747//33 1746//33 237//33
f 1748//34 1747//34 244//34
f 1749//35 1748//35 246//35
f 1750//36 1749//36 245//36
f 1751//37 1750//37 247//37
f 1752//38 1751//38 253//38
f 1753//39 1752//39 234//39
f 1735//40 1753//40 233//40
f 233//40 231//40 1735//40
f 234//39 233//39 1753//39
f 253//38 234//38 1752//38
f 247//37 253//37 1751//37
f 245//36 247//36 1750//36
f 246//35 245//35 1749//35
f 244//34 246//34 1748//34
f 237//33 244//33 1747//33
f 238//32 237//32 1746//32
f 252//31 238//31 1745//31
f 249//30 252//30 1744//30
f 242//29 249//29 1743//29
f 239//28 242//28 1742//28
f 248//27 239//27 1741//27
f 255//26 248//26 1740//26
f 251//25 255//25 1739//25
f 254//24 251//24 1738//24
f 235//23 254//23 1737//23
f 232//22 235//22 1736//22
f 231//21 232//21 1734//21
f 1754//1 1743//1 1744//1
f 1754//2 1742//2 1743//2
f 1754//3 1741//3 1742//3
f 1754//4 1740//4 1741//4
f 1754//5 1739//5 1740//5
f 1754//6 1738//6 1739//6
f 1754//7 1737//7 1738//7
f 1754//8 1736//8 1737//8
f 1754//9 1734//9 1736//9
f 1754//10 1735//10 1734//10
f 1754//11 1753//11 1735//11
f 1754//12 1752//12 1753//12
f 1754//13 1751//13 1752//13
f 1754//14 1750//14 1751//14
f 1754//15 1749//15 1750//15
f 1754//16 1748//16 1749//16
f 1754//17 1747//17 1748//17
f 1754//18 1746//18 1747//18
f 1754//19 1745//19 1746//19
f 1754//20 1744//20 1745//20
f 447//1313 505//1313 1755//1313
f 505//1314 1756//1314 1755//1314
f 448//1315 447//1315 1757//1315
f 447//1316 1758//1316 1757//1316
f 448//1317 1759//1317 1760//1317
f 1760//1318 449//1318 448//1318
f 452//1319 449//1319 1761//1319
f 449//1320 1762//1320 1761//1320
f 450//1321 452//1321 1763//1321
f 452//1322 1764//1322 1763//1322
f 450//1323 1765//1323 1766//1323
f 1766//1324 451//1324 450//1324
f 453//1325 451//1325 1767//1325
f 451//1326 1768//1326 1767//1326
f 453//1327 1769//1327 1770//1327
f 1770//1328 455//1328 453//1328
f 455//1329 1771//1329 1772//1329
f 1772//1330 456//1330 455//1330
f 456//1331 1773//1331 1774//1331
f 1774//1332 465//1332 456//1332
f 457//1333 465//1333 1775//1333
f 465//1334 1776//1334 1775//1334
f 471//1335 1777//1335 1778//1335
f 1778//1336 472//1336 471//1336
f 480//1337 472//1337 1779//1337
f 472//1338 1780//1338 1779//1338
f 480//1339 1781//1339 1782//1339
f 1782//1340 481//1340 480//1340
f 482//1341 481//1341 1783//1341
f 481//1342 1784//1342 1783//1342
f 482//1343 1785//1343 1786//1343
f 1786//1344 483//1344 482//1344
f 483//1345 1787//1345 1788//1345
f 1788//1346 484//1346 483//1346
f 485//1347 484//1347 1789//1347
f 484//1348 1790//1348 1789//1348
f 485//1349 1791//1349 1792//1349
f 1792//1350 461//1350 485//1350
f 462//1351 461//1351 1793//1351
f 461//1352 1794//1352 1793//1352
f 462//1353 1795//1353 1796//1353
f 1796//1354 454//1354 462//1354
f 454//1355 1797//1355 1798//1355
f 1798//1356 463//1356 454//1356
f 464//1357 463//1357 1799//1357
f 463//1358 1800//1358 1799//1358
f 464//1359 1801//1359 1802//1359
f 1802//1360 473//1360 464//1360
f 474//1361 473//1361 1803//1361
f 473//1362 1804//1362 1803//1362
f 475//1363 474//1363 1805//1363
f 474//1364 1806//1364 1805//1364
f 476//1365 475//1365 1807//1365
f 475//1366 1808//1366 1807//1366
f 486//1367 476//1367 1809//1367
f 476//1368 1810//1368 1809//1368
f 486//1369 1811//1369 1812//1369
f 1812//1370 495//1370 486//1370
f 496//1371 495//1371 1813//1371
f 495//1372 1814//1372 1813//1372
f 496//1373 1815//1373 1816//1373
f 1816//1374 506//1374 496//1374
f 506//1375 1817//1375 1818//1375
f 1818//1376 497//1376 506//1376
f 498//1377 497//1377 1819//1377
f 497//1378 1820//1378 1819//1378
f 498//1379 1821//1379 1822//1379
f 1822//1380 499//1380 498//1380
f 500//1381 499//1381 1823//1381
f 499//1382 1824//1382 1823//1382
f 500//1383 1825//1383 1826//1383
f 1826//1384 487//1384 500//1384
f 488//1385 487//1385 1827//1385
f 487//1386 1828//1386 1827//1386
f 489//1387 488//1387 1829//1387
f 488//1388 1830//1388 1829//1388
f 489//1389 1831//1389 1832//1389
f 1832//1390 477//1390 489//1390
f 478//1391 477//1391 1833//1391
f 477//1392 1834//1392 1833//1392
f 478//1393 1835//1393 1836//1393
f 1836//1394 479//1394 478//1394
f 507//1395 479//1395 1837//1395
f 479//1396 1838//1396 1837//1396
f 507//1397 1839//1397 1840//1397
f 1840//1398 501//1398 507//1398
f 501//1399 1841//1399 1842//1399
f 1842//1400 502//1400 501//1400
f 502//1401 1843//1401 1844//1401
f 1844//1402 503//1402 502//1402
f 503//1403 1845//1403 1846//1403
f 1846//1404 504//1404 503//1404
f 504//1405 1847//1405 1848//1405
f 1848//1406 490//1406 504//1406
f 491//1407 490//1407 1849//1407
f 490//1408 1850//1408 1849//1408
f 491//1409 1851//1409 1852//1409
f 1852//1410 492//1410 491//1410
f 492//1411 1853//1411 1854//1411
f 1854//1412 493//1412 492//1412
f 493//1413 1855//1413 1856//1413
f 1856//1414 494//1414 493//1414
f 494//1415 1857//1415 1858//1415
f 1858//1416 505//1416 494//1416
f 458//1417 457//1417 1859//1417
f 1860//1418 1861//1418 1859//1418
f 1859//1418 457//1418 1860//1418
f 458//1419 1862//1419 1863//1419
f 466//1420 1863//1420 1864//1420
f 467//1421 1864//1421 1865//1421
f 468//1422 1865//1422 1866//1422
f 469//1423 1866//1423 1867//1423
f 459//1424 1867//1424 1868//1424
f 460//1425 1868//1425 1869//1425
f 1870//1426 471//1426 1871//1426
f 1871//1427 1872//1427 1870//1427
f 470//1428 1869//1428 1871//1428
f 1871//1429 471//1429 470//1429
f 1870//1430 1777//1430 471//1430
f 1869//1425 470//1425 460//1425
f 1868//1424 460//1424 459//1424
f 1867//1423 459//1423 469//1423
f 1866//1422 469//1422 468//1422
f 1865//1421 468//1421 467//1421
f 1864//1420 467//1420 466//1420
f 1863//1419 466//1419 458//1419
f 1859//1431 1862//1431 458//1431
f 1858//1432 1756//1432 505//1432
f 1856//1433 1857//1433 494//1433
f 1854//1434 1855//1434 493//1434
f 1852//1435 1853//1435 492//1435
f 1849//1436 1851//1436 491//1436
f 1848//1437 1850//1437 490//1437
f 1846//1438 1847//1438 504//1438
f 1844//1439 1845//1439 503//1439
f 1842//1440 1843//1440 502//1440
f 1840//1441 1841//1441 501//1441
f 1837//1442 1839//1442 507//1442
f 1836//1443 1838//1443 479//1443
f 1833//1444 1835//1444 478//1444
f 1832//1445 1834//1445 477//1445
f 1829//1446 1831//1446 489//1446
f 1827//1447 1830//1447 488//1447
f 1826//1448 1828//1448 487//1448
f 1823//1449 1825//1449 500//1449
f 1822//1450 1824//1450 499//1450
f 1819//1451 1821//1451 498//1451
f 1818//1452 1820//1452 497//1452
f 1816//1453 1817//1453 506//1453
f 1813//1454 1815//1454 496//1454
f 1812//1455 1814//1455 495//1455
f 1809//1456 1811//1456 486//1456
f 1807//1457 1810//1457 476//1457
f 1805//1458 1808//1458 475//1458
f 1803//1459 1806//1459 474//1459
f 1802//1460 1804//1460 473//1460
f 1799//1461 1801//1461 464//1461
f 1798//1462 1800//1462 463//1462
f 1796//1463 1797//1463 454//1463
f 1793//1464 1795//1464 462//1464
f 1792//1465 1794//1465 461//1465
f 1789//1466 1791//1466 485//1466
f 1788//1467 1790//1467 484//1467
f 1786//1468 1787//1468 483//1468
f 1783//1469 1785//1469 482//1469
f 1782//1470 1784//1470 481//1470
f 1779//1471 1781//1471 480//1471
f 1778//1472 1780//1472 472//1472
f 1775//1473 1860//1473 457//1473
f 1774//1474 1776//1474 465//1474
f 1772//1475 1773//1475 456//1475
f 1770//1476 1771//1476 455//1476
f 1767//1477 1769//1477 453//1477
f 1766//1478 1768//1478 451//1478
f 1763//1479 1765//1479 450//1479
f 1761//1480 1764//1480 452//1480
f 1760//1481 1762//1481 449//1481
f 1757//1482 1759//1482 448//1482
f 1755//1483 1758//1483 447//1483
f 1873//1484 1874//1484 1875//1484
f 1875//1485 1876//1485 1873//1485
f 1876//1486 1877//1486 1878//1486
f 1878//1487 1879//1487 1876//1487
f 1880//1488 1879//1488 1881//1488
f 1879//1489 1882//1489 1881//1489
f 1871//1490 1880//1490 1883//1490
f 1880//1491 1884//1491 1883//1491
f 1883//1492 1872//1492 1871//1492
f 1881//1493 1884//1493 1880//1493
f 1878//1494 1882//1494 1879//1494
f 1875//1495 1877//1495 1876//1495
f 1885//1496 1886//1496 1887//1496
f 1888//1497 1885//1497 1889//1497
f 1890//1498 1888//1498 1891//1498
f 1892//1499 1890//1499 1893//1499
f 1894//1500 1892//1500 1895//1500
f 1896//1501 1889//1501 1897//1501
f 1889//1502 1887//1502 1897//1502
f 1889//1503 1896//1503 1898//1503
f 1891//1504 1898//1504 1899//1504
f 1893//1505 1899//1505 1900//1505
f 1901//1506 1895//1506 1900//1506
f 1896//1507 1902//1507 1903//1507
f 1896//1508 1904//1508 1905//1508
f 1898//1509 1905//1509 1906//1509
f 1899//1510 1906//1510 1907//1510
f 1908//1511 1900//1511 1907//1511
f 1904//1512 1903//1512 1909//1512
f 1904//1513 1910//1513 1911//1513
f 1905//1514 1911//1514 1912//1514
f 1906//1515 1912//1515 1913//1515
f 1914//1516 1907//1516 1913//1516
f 1910//1517 1909//1517 1872//1517
f 1911//1518 1910//1518 1884//1518
f 1910//1519 1883//1519 1884//1519
f 1911//1520 1881//1520 1882//1520
f 1882//1521 1912//1521 1911//1521
f 1912//1522 1878//1522 1877//1522
f 1877//1523 1913//1523 1912//1523
f 1915//1524 1913//1524 1875//1524
f 1875//1525 1874//1525 1915//1525
f 1877//1526 1875//1526 1913//1526
f 1882//1527 1878//1527 1912//1527
f 1884//1528 1881//1528 1911//1528
f 1872//1529 1883//1529 1910//1529
f 1913//1530 1915//1530 1914//1530
f 1913//1531 1907//1531 1906//1531
f 1912//1532 1906//1532 1905//1532
f 1911//1533 1905//1533 1904//1533
f 1909//1534 1910//1534 1904//1534
f 1907//1535 1914//1535 1908//1535
f 1907//1536 1900//1536 1899//1536
f 1906//1537 1899//1537 1898//1537
f 1905//1538 1898//1538 1896//1538
f 1903//1539 1904//1539 1896//1539
f 1900//1540 1908//1540 1901//1540
f 1900//1541 1895//1541 1893//1541
f 1899//1542 1893//1542 1891//1542
f 1898//1543 1891//1543 1889//1543
f 1897//1544 1902//1544 1896//1544
f 1895//1545 1901//1545 1894//1545
f 1893//1546 1895//1546 1892//1546
f 1891//1547 1893//1547 1890//1547
f 1889//1548 1891//1548 1888//1548
f 1887//1549 1889//1549 1885//1549
f 1916//41 1866//41 1865//41
f 1916//41 1867//41 1866//41
f 1916//41 1873//41 1868//41
f 1917//1550 1865//1550 1864//1550
f 1868//41 1867//41 1916//41
f 1865//1551 1917//1551 1916//1551
f 1918//41 1863//41 1862//41
f 1864//1552 1918//1552 1917//1552
f 1918//41 1864//41 1863//41
f 1876//41 1879//41 1869//41
f 1862//41 1919//41 1918//41
f 1873//41 1876//41 1868//41
f 1862//41 1920//41 1921//41
f 1921//41 1919//41 1862//41
f 1869//41 1879//41 1880//41
f 1862//41 1859//41 1920//41
f 1869//41 1868//41 1876//41
f 1880//41 1871//41 1869//41
f 1859//1553 1861//1553 1922//1553
f 1922//1554 1920//1554 1859//1554
f 1920//1555 1923//1555 1924//1555
f 1924//1556 1921//1556 1920//1556
f 1919//1557 1921//1557 1925//1557
f 1921//1558 1926//1558 1925//1558
f 1918//1559 1919//1559 1927//1559
f 1919//1560 1928//1560 1927//1560
f 1927//1561 1929//1561 1918//1561
f 1925//1562 1928//1562 1919//1562
f 1924//1563 1926//1563 1921//1563
f 1922//1564 1923//1564 1920//1564
f 1930//1565 1860//1565 1775//1565
f 1931//1566 1930//1566 1932//1566
f 1933//1567 1931//1567 1934//1567
f 1932//1568 1775//1568 1776//1568
f 1934//1569 1932//1569 1935//1569
f 1936//1570 1934//1570 1937//1570
f 1935//1571 1776//1571 1774//1571
f 1937//1572 1935//1572 1938//1572
f 1939//1573 1937//1573 1940//1573
f 1938//1574 1774//1574 1773//1574
f 1940//1575 1938//1575 1941//1575
f 1942//1576 1943//1576 1944//1576
f 1944//1577 1940//1577 1942//1577
f 1941//1578 1773//1578 1772//1578
f 1942//1579 1941//1579 1945//1579
f 1943//1580 1942//1580 1946//1580
f 1945//1581 1772//1581 1771//1581
f 1946//1582 1945//1582 1947//1582
f 1948//1583 1949//1583 1950//1583
f 1950//1584 1946//1584 1948//1584
f 1947//1585 1771//1585 1770//1585
f 1948//1586 1947//1586 1951//1586
f 1949//1587 1948//1587 1952//1587
f 1951//1588 1770//1588 1769//1588
f 1952//1589 1951//1589 1953//1589
f 1954//1590 1955//1590 1956//1590
f 1956//1591 1952//1591 1954//1591
f 1953//1592 1769//1592 1767//1592
f 1954//1593 1953//1593 1957//1593
f 1955//1594 1954//1594 1958//1594
f 1957//1595 1767//1595 1768//1595
f 1958//1596 1957//1596 1959//1596
f 1960//1597 1961//1597 1962//1597
f 1962//1598 1958//1598 1960//1598
f 1959//1599 1768//1599 1766//1599
f 1960//1600 1959//1600 1963//1600
f 1961//1601 1960//1601 1964//1601
f 1963//1602 1766//1602 1765//1602
f 1964//1603 1963//1603 1965//1603
f 1966//1604 1967//1604 1968//1604
f 1968//1605 1964//1605 1966//1605
f 1965//1606 1765//1606 1763//1606
f 1966//1607 1965//1607 1969//1607
f 1967//1608 1966//1608 1970//1608
f 1969//1609 1763//1609 1764//1609
f 1970//1610 1969//1610 1971//1610
f 1972//1611 1973//1611 1974//1611
f 1974//1612 1970//1612 1972//1612
f 1971//1613 1764//1613 1761//1613
f 1972//1614 1971//1614 1975//1614
f 1973//1615 1972//1615 1976//1615
f 1975//1616 1761//1616 1762//1616
f 1976//1617 1975//1617 1977//1617
f 1978//1618 1979//1618 1980//1618
f 1980//1619 1976//1619 1978//1619
f 1977//1620 1762//1620 1760//1620
f 1978//1621 1977//1621 1981//1621
f 1979//1622 1978//1622 1982//1622
f 1981//1623 1760//1623 1759//1623
f 1982//1624 1981//1624 1983//1624
f 1984//1625 1985//1625 1986//1625
f 1986//1626 1982//1626 1984//1626
f 1983//1627 1759//1627 1757//1627
f 1984//1628 1983//1628 1987//1628
f 1985//1629 1984//1629 1988//1629
f 1987//1630 1757//1630 1758//1630
f 1988//1631 1987//1631 1989//1631
f 1990//1632 1991//1632 1992//1632
f 1992//1633 1988//1633 1990//1633
f 1989//1634 1758//1634 1755//1634
f 1990//1635 1989//1635 1993//1635
f 1991//1636 1990//1636 1994//1636
f 1993//1637 1755//1637 1756//1637
f 1994//1638 1993//1638 1995//1638
f 1996//1639 1997//1639 1998//1639
f 1998//1640 1994//1640 1996//1640
f 1995//1641 1756//1641 1858//1641
f 1996//1642 1995//1642 1999//1642
f 1997//1643 1996//1643 2000//1643
f 1999//1644 1858//1644 1857//1644
f 2000//1645 1999//1645 2001//1645
f 2002//1646 2003//1646 2004//1646
f 2004//1647 2000//1647 2002//1647
f 2001//1648 1857//1648 1856//1648
f 2002//1649 2001//1649 2005//1649
f 2003//1650 2002//1650 2006//1650
f 2005//1651 1856//1651 1855//1651
f 2006//1652 2005//1652 2007//1652
f 2008//1653 2009//1653 2010//1653
f 2010//1654 2006//1654 2008//1654
f 2007//1655 1855//1655 1854//1655
f 2008//1656 2007//1656 2011//1656
f 2009//1657 2008//1657 2012//1657
f 2011//1658 1854//1658 1853//1658
f 2012//1659 2011//1659 2013//1659
f 2014//1660 2015//1660 2016//1660
f 2016//1661 2012//1661 2014//1661
f 2013//1662 1853//1662 1852//1662
f 2014//1663 2013//1663 2017//1663
f 2015//1664 2014//1664 2018//1664
f 2017//1665 1852//1665 1851//1665
f 2018//1666 2017//1666 2019//1666
f 2020//1667 2021//1667 2022//1667
f 2022//1668 2018//1668 2020//1668
f 2019//1669 1851//1669 1849//1669
f 2020//1670 2019//1670 2023//1670
f 2021//1671 2020//1671 2024//1671
f 2023//1672 1849//1672 1850//1672
f 2024//1673 2023//1673 2025//1673
f 2026//1674 2027//1674 2028//1674
f 2028//1675 2024//1675 2026//1675
f 2025//1676 1850//1676 1848//1676
f 2026//1677 2025//1677 2029//1677
f 2027//1678 2026//1678 2030//1678
f 2029//1679 1848//1679 1847//1679
f 2030//1680 2029//1680 2031//1680
f 2032//1681 2033//1681 2034//1681
f 2034//1682 2030//1682 2032//1682
f 2031//1683 1847//1683 1846//1683
f 2032//1684 2031//1684 2035//1684
f 2033//1685 2032//1685 2036//1685
f 2035//1686 1846//1686 1845//1686
f 2036//1687 2035//1687 2037//1687
f 2038//1688 2039//1688 2040//1688
f 2040//1689 2036//1689 2038//1689
f 2037//1690 1845//1690 1844//1690
f 2038//1691 2037//1691 2041//1691
f 2039//1692 2038//1692 2042//1692
f 2041//1693 1844//1693 1843//1693
f 2042//1694 2041//1694 2043//1694
f 2044//1695 2045//1695 2046//1695
f 2046//1696 2042//1696 2044//1696
f 2043//1697 1843//1697 1842//1697
f 2044//1698 2043//1698 2047//1698
f 2045//1699 2044//1699 2048//1699
f 2047//1700 1842//1700 1841//1700
f 2048//1701 2047//1701 2049//1701
f 2050//1702 2051//1702 2052//1702
f 2052//1703 2048//1703 2050//1703
f 2049//1704 1841//1704 1840//1704
f 2050//1705 2049//1705 2053//1705
f 2051//1706 2050//1706 2054//1706
f 2053//1707 1840//1707 1839//1707
f 2054//1708 2053//1708 2055//1708
f 2056//1709 2057//1709 2058//1709
f 2058//1710 2054//1710 2056//1710
f 2055//1711 1839//1711 1837//1711
f 2056//1712 2055//1712 2059//1712
f 2057//1713 2056//1713 2060//1713
f 2059//1714 1837//1714 1838//1714
f 2060//1715 2059//1715 2061//1715
f 2062//1716 2063//1716 2064//1716
f 2064//1717 2060//1717 2062//1717
f 2061//1718 1838//1718 1836//1718
f 2062//1719 2061//1719 2065//1719
f 2063//1720 2062//1720 2066//1720
f 2065//1721 1836//1721 1835//1721
f 2066//1722 2065//1722 2067//1722
f 2068//1723 2069//1723 2070//1723
f 2070//1724 2066//1724 2068//1724
f 2067//1725 1835//1725 1833//1725
f 2068//1726 2067//1726 2071//1726
f 2069//1727 2068//1727 2072//1727
f 2071//1728 1833//1728 1834//1728
f 2072//1729 2071//1729 2073//1729
f 2074//1730 2075//1730 2076//1730
f 2076//1731 2072//1731 2074//1731
f 2073//1732 1834//1732 1832//1732
f 2074//1733 2073//1733 2077//1733
f 2075//1734 2074//1734 2078//1734
f 2077//1735 1832//1735 1831//1735
f 2078//1736 2077//1736 2079//1736
f 2080//1737 2081//1737 2082//1737
f 2082//1738 2078//1738 2080//1738
f 2079//1739 1831//1739 1829//1739
f 2080//1740 2079//1740 2083//1740
f 2081//1741 2080//1741 2084//1741
f 2083//1742 1829//1742 1830//1742
f 2084//1743 2083//1743 2085//1743
f 2086//1744 2087//1744 2088//1744
f 2088//1745 2084//1745 2086//1745
f 2085//1746 1830//1746 1827//1746
f 2086//1747 2085//1747 2089//1747
f 2087//1748 2086//1748 2090//1748
f 2089//1749 1827//1749 1828//1749
f 2090//1750 2089//1750 2091//1750
f 2090//1751 2092//1751 2093//1751
f 2092//1752 2094//1752 2093//1752
f 2091//1753 1828//1753 1826//1753
f 2092//1754 2091//1754 2095//1754
f 2094//1755 2092//1755 2096//1755
f 2095//1756 1826//1756 1825//1756
f 2096//1757 2095//1757 2097//1757
f 2096//1758 2098//1758 2099//1758
f 2098//1759 2100//1759 2099//1759
f 2097//1760 1825//1760 1823//1760
f 2098//1761 2097//1761 2101//1761
f 2100//1762 2098//1762 2102//1762
f 2101//1763 1823//1763 1824//1763
f 2102//1764 2101//1764 2103//1764
f 2102//1765 2104//1765 2105//1765
f 2104//1766 2106//1766 2105//1766
f 2103//1767 1824//1767 1822//1767
f 2104//1768 2103//1768 2107//1768
f 2106//1769 2104//1769 2108//1769
f 2107//1770 1822//1770 1821//1770
f 2108//1771 2107//1771 2109//1771
f 2108//1772 2110//1772 2111//1772
f 2110//1773 2112//1773 2111//1773
f 2109//1774 1821//1774 1819//1774
f 2110//1775 2109//1775 2113//1775
f 2112//1776 2110//1776 2114//1776
f 2113//1777 1819//1777 1820//1777
f 2114//1778 2113//1778 2115//1778
f 2114//1779 2116//1779 2117//1779
f 2116//1780 2118//1780 2117//1780
f 2115//1781 1820//1781 1818//1781
f 2116//1782 2115//1782 2119//1782
f 2118//1783 2116//1783 2120//1783
f 2119//1784 1818//1784 1817//1784
f 2120//1785 2119//1785 2121//1785
f 2120//1786 2122//1786 2123//1786
f 2122//1787 2124//1787 2123//1787
f 2121//1788 1817//1788 1816//1788
f 2122//1789 2121//1789 2125//1789
f 2124//1790 2122//1790 2126//1790
f 2125//1791 1816//1791 1815//1791
f 2126//1792 2125//1792 2127//1792
f 2126//1793 2128//1793 2129//1793
f 2128//1794 2130//1794 2129//1794
f 2127//1795 1815//1795 1813//1795
f 2128//1796 2127//1796 2131//1796
f 2130//1797 2128//1797 2132//1797
f 2131//1798 1813//1798 1814//1798
f 2132//1799 2131//1799 2133//1799
f 2132//1800 2134//1800 2135//1800
f 2134//1801 2136//1801 2135//1801
f 2133//1802 1814//1802 1812//1802
f 2134//1803 2133//1803 2137//1803
f 2136//1804 2134//1804 2138//1804
f 2137//1805 1812//1805 1811//1805
f 2138//1806 2137//1806 2139//1806
f 2138//1807 2140//1807 2141//1807
f 2140//1808 2142//1808 2141//1808
f 2139//1809 1811//1809 1809//1809
f 2140//1810 2139//1810 2143//1810
f 2142//1811 2140//1811 2144//1811
f 2143//1812 1809//1812 1810//1812
f 2144//1813 2143//1813 2145//1813
f 2144//1814 2146//1814 2147//1814
f 2146//1815 2148//1815 2147//1815
f 2145//1816 1810//1816 1807//1816
f 2146//1817 2145//1817 2149//1817
f 2148//1818 2146//1818 2150//1818
f 2149//1819 1807//1819 1808//1819
f 2150//1820 2149//1820 2151//1820
f 2150//1821 2152//1821 2153//1821
f 2152//1822 2154//1822 2153//1822
f 2151//1823 1808//1823 1805//1823
f 2152//1824 2151//1824 2155//1824
f 2154//1825 2152//1825 2156//1825
f 2155//1826 1805//1826 1806//1826
f 2156//1827 2155//1827 2157//1827
f 2156//1828 2158//1828 2159//1828
f 2158//1829 2160//1829 2159//1829
f 2157//1830 1806//1830 1803//1830
f 2158//1831 2157//1831 2161//1831
f 2160//1832 2158//1832 2162//1832
f 2161//1833 1803//1833 1804//1833
f 2162//1834 2161//1834 2163//1834
f 2162//1835 2164//1835 2165//1835
f 2164//1836 2166//1836 2165//1836
f 2163//1837 1804//1837 1802//1837
f 2164//1838 2163//1838 2167//1838
f 2166//1839 2164//1839 2168//1839
f 2167//1840 1802//1840 1801//1840
f 2168//1841 2167//1841 2169//1841
f 2168//1842 2170//1842 2171//1842
f 2170//1843 2172//1843 2171//1843
f 2169//1844 1801//1844 1799//1844
f 2170//1845 2169//1845 2173//1845
f 2172//1846 2170//1846 2174//1846
f 2173//1847 1799//1847 1800//1847
f 2174//1848 2173//1848 2175//1848
f 2174//1849 2176//1849 2177//1849
f 2176//1850 2178//1850 2177//1850
f 2175//1851 1800//1851 1798//1851
f 2176//1852 2175//1852 2179//1852
f 2178//1853 2176//1853 2180//1853
f 2179//1854 1798//1854 1797//1854
f 2180//1855 2179//1855 2181//1855
f 2180//1856 2182//1856 2183//1856
f 2182//1857 2184//1857 2183//1857
f 2181//1858 1797//1858 1796//1858
f 2182//1859 2181//1859 2185//1859
f 2184//1860 2182//1860 2186//1860
f 2185//1861 1796//1861 1795//1861
f 2186//1862 2185//1862 2187//1862
f 2186//1863 2188//1863 2189//1863
f 2188//1864 2190//1864 2189//1864
f 2187//1865 1795//1865 1793//1865
f 2188//1866 2187//1866 2191//1866
f 2190//1867 2188//1867 2192//1867
f 2191//1868 1793//1868 1794//1868
f 2192//1869 2191//1869 2193//1869
f 2192//1870 2194//1870 2195//1870
f 2194//1871 2196//1871 2195//1871
f 2193//1872 1794//1872 1792//1872
f 2194//1873 2193//1873 2197//1873
f 2196//1874 2194//1874 2198//1874
f 2197//1875 1792//1875 1791//1875
f 2198//1876 2197//1876 2199//1876
f 2198//1877 2200//1877 2201//1877
f 2200//1878 2202//1878 2201//1878
f 2199//1879 1791//1879 1789//1879
f 2200//1880 2199//1880 2203//1880
f 2202//1881 2200//1881 2204//1881
f 2203//1882 1789//1882 1790//1882
f 2204//1883 2203//1883 2205//1883
f 2204//1884 2206//1884 2207//1884
f 2206//1885 2208//1885 2207//1885
f 2205//1886 1790//1886 1788//1886
f 2206//1887 2205//1887 2209//1887
f 2208//1888 2206//1888 2210//1888
f 2209//1889 1788//1889 1787//1889
f 2210//1890 2209//1890 2211//1890
f 2210//1891 2212//1891 2213//1891
f 2212//1892 2214//1892 2213//1892
f 2211//1893 1787//1893 1786//1893
f 2212//1894 2211//1894 2215//1894
f 2214//1895 2212//1895 2216//1895
f 2215//1896 1786//1896 1785//1896
f 2216//1897 2215//1897 2217//1897
f 2216//1898 2218//1898 2219//1898
f 2218//1899 2220//1899 2219//1899
f 2217//1900 1785//1900 1783//1900
f 2218//1901 2217//1901 2221//1901
f 2220//1902 2218//1902 2222//1902
f 2221//1903 1783//1903 1784//1903
f 2222//1904 2221//1904 2223//1904
f 2222//1905 2224//1905 2225//1905
f 2224//1906 2226//1906 2225//1906
f 2223//1907 1784//1907 1782//1907
f 2224//1908 2223//1908 2227//1908
f 2226//1909 2224//1909 2228//1909
f 2227//1910 1782//1910 1781//1910
f 2228//1911 2227//1911 2229//1911
f 2228//1912 2230//1912 2231//1912
f 2230//1913 2232//1913 2231//1913
f 2229//1914 1781//1914 1779//1914
f 2230//1915 2229//1915 2233//1915
f 2232//1916 2230//1916 2234//1916
f 2233//1917 1779//1917 1780//1917
f 2234//1918 2233//1918 2235//1918
f 2234//1919 2236//1919 2237//1919
f 2236//1920 2238//1920 2237//1920
f 2235//1921 1780//1921 1778//1921
f 2236//1922 2235//1922 2239//1922
f 2238//1923 2236//1923 2240//1923
f 2239//1924 1778//1924 1777//1924
f 2240//1925 2239//1925 2241//1925
f 2242//1926 2240//1926 2243//1926
f 2241//1927 1777//1927 1870//1927
f 2243//1928 2241//1928 2244//1928
f 2245//1929 2243//1929 2246//1929
f 2244//1930 1870//1930 1909//1930
f 1870//1931 1872//1931 1909//1931
f 2244//1932 1902//1932 1897//1932
f 2244//1933 1903//1933 1902//1933
f 2246//1934 1887//1934 1886//1934
f 2246//1935 1897//1935 1887//1935
f 1931//1936 1933//1936 2247//1936
f 2247//1937 2248//1937 1931//1937
f 1930//1938 1931//1938 2249//1938
f 1930//1939 2250//1939 2251//1939
f 2251//1940 1860//1940 1930//1940
f 2251//1941 1861//1941 1860//1941
f 2249//1942 2250//1942 1930//1942
f 2248//1943 2249//1943 1931//1943
f 1886//1944 2252//1944 2246//1944
f 1897//1945 2246//1945 2244//1945
f 1909//1946 1903//1946 2244//1946
f 2246//1929 2252//1929 2245//1929
f 2244//1928 2246//1928 2243//1928
f 1870//1927 2244//1927 2241//1927
f 2243//1926 2245//1926 2242//1926
f 2241//1925 2243//1925 2240//1925
f 1777//1924 2241//1924 2239//1924
f 2240//1923 2242//1923 2238//1923
f 2239//1922 2240//1922 2236//1922
f 1778//1921 2239//1921 2235//1921
f 2237//1947 2253//1947 2234//1947
f 2235//1918 2236//1918 2234//1918
f 1780//1917 2235//1917 2233//1917
f 2234//1916 2253//1916 2232//1916
f 2233//1915 2234//1915 2230//1915
f 1779//1914 2233//1914 2229//1914
f 2231//1948 2254//1948 2228//1948
f 2229//1911 2230//1911 2228//1911
f 1781//1910 2229//1910 2227//1910
f 2228//1909 2254//1909 2226//1909
f 2227//1908 2228//1908 2224//1908
f 1782//1907 2227//1907 2223//1907
f 2225//1949 2255//1949 2222//1949
f 2223//1904 2224//1904 2222//1904
f 1784//1903 2223//1903 2221//1903
f 2222//1902 2255//1902 2220//1902
f 2221//1901 2222//1901 2218//1901
f 1783//1900 2221//1900 2217//1900
f 2219//1950 2256//1950 2216//1950
f 2217//1897 2218//1897 2216//1897
f 1785//1896 2217//1896 2215//1896
f 2216//1895 2256//1895 2214//1895
f 2215//1894 2216//1894 2212//1894
f 1786//1893 2215//1893 2211//1893
f 2213//1951 2257//1951 2210//1951
f 2211//1890 2212//1890 2210//1890
f 1787//1889 2211//1889 2209//1889
f 2210//1888 2257//1888 2208//1888
f 2209//1887 2210//1887 2206//1887
f 1788//1886 2209//1886 2205//1886
f 2207//1952 2258//1952 2204//1952
f 2205//1883 2206//1883 2204//1883
f 1790//1882 2205//1882 2203//1882
f 2204//1881 2258//1881 2202//1881
f 2203//1880 2204//1880 2200//1880
f 1789//1879 2203//1879 2199//1879
f 2201//1953 2259//1953 2198//1953
f 2199//1876 2200//1876 2198//1876
f 1791//1875 2199//1875 2197//1875
f 2198//1874 2259//1874 2196//1874
f 2197//1873 2198//1873 2194//1873
f 1792//1872 2197//1872 2193//1872
f 2195//1954 2260//1954 2192//1954
f 2193//1869 2194//1869 2192//1869
f 1794//1868 2193//1868 2191//1868
f 2192//1867 2260//1867 2190//1867
f 2191//1866 2192//1866 2188//1866
f 1793//1865 2191//1865 2187//1865
f 2189//1955 2261//1955 2186//1955
f 2187//1862 2188//1862 2186//1862
f 1795//1861 2187//1861 2185//1861
f 2186//1860 2261//1860 2184//1860
f 2185//1859 2186//1859 2182//1859
f 1796//1858 2185//1858 2181//1858
f 2183//1956 2262//1956 2180//1956
f 2181//1855 2182//1855 2180//1855
f 1797//1854 2181//1854 2179//1854
f 2180//1853 2262//1853 2178//1853
f 2179//1852 2180//1852 2176//1852
f 1798//1851 2179//1851 2175//1851
f 2177//1957 2263//1957 2174//1957
f 2175//1848 2176//1848 2174//1848
f 1800//1847 2175//1847 2173//1847
f 2174//1846 2263//1846 2172//1846
f 2173//1845 2174//1845 2170//1845
f 1799//1844 2173//1844 2169//1844
f 2171//1958 2264//1958 2168//1958
f 2169//1841 2170//1841 2168//1841
f 1801//1840 2169//1840 2167//1840
f 2168//1839 2264//1839 2166//1839
f 2167//1838 2168//1838 2164//1838
f 1802//1837 2167//1837 2163//1837
f 2165//1959 2265//1959 2162//1959
f 2163//1834 2164//1834 2162//1834
f 1804//1833 2163//1833 2161//1833
f 2162//1832 2265//1832 2160//1832
f 2161//1831 2162//1831 2158//1831
f 1803//1830 2161//1830 2157//1830
f 2159//1960 2266//1960 2156//1960
f 2157//1827 2158//1827 2156//1827
f 1806//1826 2157//1826 2155//1826
f 2156//1825 2266//1825 2154//1825
f 2155//1824 2156//1824 2152//1824
f 1805//1823 2155//1823 2151//1823
f 2153//1961 2267//1961 2150//1961
f 2151//1820 2152//1820 2150//1820
f 1808//1819 2151//1819 2149//1819
f 2150//1818 2267//1818 2148//1818
f 2149//1817 2150//1817 2146//1817
f 1807//1816 2149//1816 2145//1816
f 2147//1962 2268//1962 2144//1962
f 2145//1813 2146//1813 2144//1813
f 1810//1812 2145//1812 2143//1812
f 2144//1811 2268//1811 2142//1811
f 2143//1810 2144//1810 2140//1810
f 1809//1809 2143//1809 2139//1809
f 2141//1963 2269//1963 2138//1963
f 2139//1806 2140//1806 2138//1806
f 1811//1805 2139//1805 2137//1805
f 2138//1804 2269//1804 2136//1804
f 2137//1803 2138//1803 2134//1803
f 1812//1802 2137//1802 2133//1802
f 2135//1964 2270//1964 2132//1964
f 2133//1799 2134//1799 2132//1799
f 1814//1798 2133//1798 2131//1798
f 2132//1797 2270//1797 2130//1797
f 2131//1796 2132//1796 2128//1796
f 1813//1795 2131//1795 2127//1795
f 2129//1965 2271//1965 2126//1965
f 2127//1792 2128//1792 2126//1792
f 1815//1791 2127//1791 2125//1791
f 2126//1790 2271//1790 2124//1790
f 2125//1789 2126//1789 2122//1789
f 1816//1788 2125//1788 2121//1788
f 2123//1966 2272//1966 2120//1966
f 2121//1785 2122//1785 2120//1785
f 1817//1784 2121//1784 2119//1784
f 2120//1783 2272//1783 2118//1783
f 2119//1782 2120//1782 2116//1782
f 1818//1781 2119//1781 2115//1781
f 2117//1967 2273//1967 2114//1967
f 2115//1778 2116//1778 2114//1778
f 1820//1777 2115//1777 2113//1777
f 2114//1776 2273//1776 2112//1776
f 2113//1775 2114//1775 2110//1775
f 1819//1774 2113//1774 2109//1774
f 2111//1968 2274//1968 2108//1968
f 2109//1771 2110//1771 2108//1771
f 1821//1770 2109//1770 2107//1770
f 2108//1769 2274//1769 2106//1769
f 2107//1768 2108//1768 2104//1768
f 1822//1767 2107//1767 2103//1767
f 2105//1969 2275//1969 2102//1969
f 2103//1764 2104//1764 2102//1764
f 1824//1763 2103//1763 2101//1763
f 2102//1762 2275//1762 2100//1762
f 2101//1761 2102//1761 2098//1761
f 1823//1760 2101//1760 2097//1760
f 2099//1970 2276//1970 2096//1970
f 2097//1757 2098//1757 2096//1757
f 1825//1756 2097//1756 2095//1756
f 2096//1755 2276//1755 2094//1755
f 2095//1754 2096//1754 2092//1754
f 1826//1753 2095//1753 2091//1753
f 2093//1971 2277//1971 2090//1971
f 2091//1750 2092//1750 2090//1750
f 1828//1749 2091//1749 2089//1749
f 2090//1748 2277//1748 2087//1748
f 2089//1747 2090//1747 2086//1747
f 1827//1746 2089//1746 2085//1746
f 2088//1972 2278//1972 2084//1972
f 2085//1743 2086//1743 2084//1743
f 1830//1742 2085//1742 2083//1742
f 2084//1741 2278//1741 2081//1741
f 2083//1740 2084//1740 2080//1740
f 1829//1739 2083//1739 2079//1739
f 2082//1973 2279//1973 2078//1973
f 2079//1736 2080//1736 2078//1736
f 1831//1735 2079//1735 2077//1735
f 2078//1734 2279//1734 2075//1734
f 2077//1733 2078//1733 2074//1733
f 1832//1732 2077//1732 2073//1732
f 2076//1974 2280//1974 2072//1974
f 2073//1729 2074//1729 2072//1729
f 1834//1728 2073//1728 2071//1728
f 2072//1727 2280//1727 2069//1727
f 2071//1726 2072//1726 2068//1726
f 1833//1725 2071//1725 2067//1725
f 2070//1975 2281//1975 2066//1975
f 2067//1722 2068//1722 2066//1722
f 1835//1721 2067//1721 2065//1721
f 2066//1720 2281//1720 2063//1720
f 2065//1719 2066//1719 2062//1719
f 1836//1718 2065//1718 2061//1718
f 2064//1976 2282//1976 2060//1976
f 2061//1715 2062//1715 2060//1715
f 1838//1714 2061//1714 2059//1714
f 2060//1713 2282//1713 2057//1713
f 2059//1712 2060//1712 2056//1712
f 1837//1711 2059//1711 2055//1711
f 2058//1977 2283//1977 2054//1977
f 2055//1708 2056//1708 2054//1708
f 1839//1707 2055//1707 2053//1707
f 2054//1706 2283//1706 2051//1706
f 2053//1705 2054//1705 2050//1705
f 1840//1704 2053//1704 2049//1704
f 2052//1978 2284//1978 2048//1978
f 2049//1701 2050//1701 2048//1701
f 1841//1700 2049//1700 2047//1700
f 2048//1699 2284//1699 2045//1699
f 2047//1698 2048//1698 2044//1698
f 1842//1697 2047//1697 2043//1697
f 2046//1979 2285//1979 2042//1979
f 2043//1694 2044//1694 2042//1694
f 1843//1693 2043//1693 2041//1693
f 2042//1692 2285//1692 2039//1692
f 2041//1691 2042//1691 2038//1691
f 1844//1690 2041//1690 2037//1690
f 2040//1980 2286//1980 2036//1980
f 2037//1687 2038//1687 2036//1687
f 1845//1686 2037//1686 2035//1686
f 2036//1685 2286//1685 2033//1685
f 2035//1684 2036//1684 2032//1684
f 1846//1683 2035//1683 2031//1683
f 2034//1981 2287//1981 2030//1981
f 2031//1680 2032//1680 2030//1680
f 1847//1679 2031//1679 2029//1679
f 2030//1678 2287//1678 2027//1678
f 2029//1677 2030//1677 2026//1677
f 1848//1676 2029//1676 2025//1676
f 2028//1982 2288//1982 2024//1982
f 2025//1673 2026//1673 2024//1673
f 1850//1672 2025//1672 2023//1672
f 2024//1671 2288//1671 2021//1671
f 2023//1670 2024//1670 2020//1670
f 1849//1669 2023//1669 2019//1669
f 2022//1983 2289//1983 2018//1983
f 2019//1666 2020//1666 2018//1666
f 1851//1665 2019//1665 2017//1665
f 2018//1664 2289//1664 2015//1664
f 2017//1663 2018//1663 2014//1663
f 1852//1662 2017//1662 2013//1662
f 2016//1984 2290//1984 2012//1984
f 2013//1659 2014//1659 2012//1659
f 1853//1658 2013//1658 2011//1658
f 2012//1657 2290//1657 2009//1657
f 2011//1656 2012//1656 2008//1656
f 1854//1655 2011//1655 2007//1655
f 2010//1985 2291//1985 2006//1985
f 2007//1652 2008//1652 2006//1652
f 1855//1651 2007//1651 2005//1651
f 2006//1650 2291//1650 2003//1650
f 2005//1649 2006//1649 2002//1649
f 1856//1648 2005//1648 2001//1648
f 2004//1986 2292//1986 2000//1986
f 2001//1645 2002//1645 2000//1645
f 1857//1644 2001//1644 1999//1644
f 2000//1643 2292//1643 1997//1643
f 1999//1642 2000//1642 1996//1642
f 1858//1641 1999//1641 1995//1641
f 1998//1987 2293//1987 1994//1987
f 1995//1638 1996//1638 1994//1638
f 1756//1637 1995//1637 1993//1637
f 1994//1636 2293//1636 1991//1636
f 1993//1635 1994//1635 1990//1635
f 1755//1634 1993//1634 1989//1634
f 1992//1988 2294//1988 1988//1988
f 1989//1631 1990//1631 1988//1631
f 1758//1630 1989//1630 1987//1630
f 1988//1629 2294//1629 1985//1629
f 1987//1628 1988//1628 1984//1628
f 1757//1627 1987//1627 1983//1627
f 1986//1989 2295//1989 1982//1989
f 1983//1624 1984//1624 1982//1624
f 1759//1623 1983//1623 1981//1623
f 1982//1622 2295//1622 1979//1622
f 1981//1621 1982//1621 1978//1621
f 1760//1620 1981//1620 1977//1620
f 1980//1990 2296//1990 1976//1990
f 1977//1617 1978//1617 1976//1617
f 1762//1616 1977//1616 1975//1616
f 1976//1615 2296//1615 1973//1615
f 1975//1614 1976//1614 1972//1614
f 1761//1613 1975//1613 1971//1613
f 1974//1991 2297//1991 1970//1991
f 1971//1610 1972//1610 1970//1610
f 1764//1609 1971//1609 1969//1609
f 1970//1608 2297//1608 1967//1608
f 1969//1607 1970//1607 1966//1607
f 1763//1606 1969//1606 1965//1606
f 1968//1992 2298//1992 1964//1992
f 1965//1603 1966//1603 1964//1603
f 1765//1602 1965//1602 1963//1602
f 1964//1601 2298//1601 1961//1601
f 1963//1600 1964//1600 1960//1600
f 1766//1599 1963//1599 1959//1599
f 1962//1993 2299//1993 1958//1993
f 1959//1596 1960//1596 1958//1596
f 1768//1595 1959//1595 1957//1595
f 1958//1594 2299//1594 1955//1594
f 1957//1593 1958//1593 1954//1593
f 1767//1592 1957//1592 1953//1592
f 1956//1994 2300//1994 1952//1994
f 1953//1589 1954//1589 1952//1589
f 1769//1588 1953//1588 1951//1588
f 1952//1587 2300//1587 1949//1587
f 1951//1586 1952//1586 1948//1586
f 1770//1585 1951//1585 1947//1585
f 1950//1995 2301//1995 1946//1995
f 1947//1582 1948//1582 1946//1582
f 1771//1581 1947//1581 1945//1581
f 1946//1580 2301//1580 1943//1580
f 1945//1579 1946//1579 1942//1579
f 1772//1578 1945//1578 1941//1578
f 1944//1996 2302//1996 1940//1996
f 1941//1575 1942//1575 1940//1575
f 1773//1574 1941//1574 1938//1574
f 1940//1573 2302//1573 1939//1573
f 1938//1572 1940//1572 1937//1572
f 1774//1571 1938//1571 1935//1571
f 1937//1570 1939//1570 1936//1570
f 1935//1569 1937//1569 1934//1569
f 1776//1568 1935//1568 1932//1568
f 1934//1567 1936//1567 1933//1567
f 1932//1566 1934//1566 1931//1566
f 1775//1565 1932//1565 1930//1565
f 2303//1997 1922//1997 1861//1997
f 2304//1998 1924//1998 1923//1998
f 1923//1999 2303//1999 2304//1999
f 2304//2000 2305//2000 1926//2000
f 2305//2001 1925//2001 1926//2001
f 2305//2002 2306//2002 1928//2002
f 2306//2003 1927//2003 1928//2003
f 2307//2004 1929//2004 1927//2004
f 2308//2005 2303//2005 2251//2005
f 2303//2006 2308//2006 2309//2006
f 2304//2007 2309//2007 2310//2007
f 2305//2008 2310//2008 2311//2008
f 2312//2009 2307//2009 2306//2009
f 2313//2010 2308//2010 2250//2010
f 2308//2011 2313//2011 2314//2011
f 2309//2012 2314//2012 2315//2012
f 2310//2013 2315//2013 2316//2013
f 2317//2014 2312//2014 2311//2014
f 2318//2015 2313//2015 2249//2015
f 2313//2016 2318//2016 2319//2016
f 2314//2017 2319//2017 2320//2017
f 2315//2018 2320//2018 2321//2018
f 2322//2019 2317//2019 2316//2019
f 2323//2020 2318//2020 2248//2020
f 2324//2021 2319//2021 2318//2021
f 2325//2022 2320//2022 2319//2022
f 2326//2023 2321//2023 2320//2023
f 2327//2024 2322//2024 2321//2024
f 2321//2025 2326//2025 2327//2025
f 2320//2026 2325//2026 2326//2026
f 2319//2027 2324//2027 2325//2027
f 2318//2028 2323//2028 2324//2028
f 2248//2029 2247//2029 2323//2029
f 2316//2030 2321//2030 2322//2030
f 2321//2031 2316//2031 2315//2031
f 2320//2032 2315//2032 2314//2032
f 2319//2033 2314//2033 2313//2033
f 2249//2034 2248//2034 2318//2034
f 2311//2035 2316//2035 2317//2035
f 2316//2036 2311//2036 2310//2036
f 2315//2037 2310//2037 2309//2037
f 2314//2038 2309//2038 2308//2038
f 2250//2039 2249//2039 2313//2039
f 2306//2040 2311//2040 2312//2040
f 2311//2041 2306//2041 2305//2041
f 2310//2042 2305//2042 2304//2042
f 2309//2043 2304//2043 2303//2043
f 2251//2044 2250//2044 2308//2044
f 1927//2045 2306//2045 2307//2045
f 1928//2046 1925//2046 2305//2046
f 1926//2047 1924//2047 2304//2047
f 1923//2048 1922//2048 2303//2048
f 1861//2049 2251//2049 2303//2049
f 2238//2050 2242//2050 2328//2050
f 2329//2051 2237//2051 2238//2051
f 2242//2052 2330//2052 2328//2052
f 2232//2053 2253//2053 2331//2053
f 2332//2054 2231//2054 2232//2054
f 2329//2055 2331//2055 2253//2055
f 2253//2056 2237//2056 2329//2056
f 2226//2057 2254//2057 2333//2057
f 2334//2058 2225//2058 2226//2058
f 2332//2059 2333//2059 2254//2059
f 2254//2060 2231//2060 2332//2060
f 2220//2061 2255//2061 2335//2061
f 2336//2062 2219//2062 2220//2062
f 2334//2063 2335//2063 2255//2063
f 2255//2064 2225//2064 2334//2064
f 2214//2065 2256//2065 2337//2065
f 2338//2066 2213//2066 2214//2066
f 2336//2067 2337//2067 2256//2067
f 2256//2068 2219//2068 2336//2068
f 2208//2069 2257//2069 2339//2069
f 2340//2070 2207//2070 2208//2070
f 2338//2071 2339//2071 2257//2071
f 2257//2072 2213//2072 2338//2072
f 2202//2073 2258//2073 2341//2073
f 2342//2074 2201//2074 2202//2074
f 2340//2075 2341//2075 2258//2075
f 2258//2076 2207//2076 2340//2076
f 2196//2077 2259//2077 2343//2077
f 2344//2078 2195//2078 2196//2078
f 2342//2079 2343//2079 2259//2079
f 2259//2080 2201//2080 2342//2080
f 2190//2081 2260//2081 2345//2081
f 2346//2082 2189//2082 2190//2082
f 2344//2083 2345//2083 2260//2083
f 2260//2084 2195//2084 2344//2084
f 2184//2085 2261//2085 2347//2085
f 2348//2086 2183//2086 2184//2086
f 2346//2087 2347//2087 2261//2087
f 2261//2088 2189//2088 2346//2088
f 2178//2089 2262//2089 2349//2089
f 2350//2090 2177//2090 2178//2090
f 2348//2091 2349//2091 2262//2091
f 2262//2092 2183//2092 2348//2092
f 2172//2093 2263//2093 2351//2093
f 2352//2094 2171//2094 2172//2094
f 2350//2095 2351//2095 2263//2095
f 2263//2096 2177//2096 2350//2096
f 2166//2097 2264//2097 2353//2097
f 2354//2098 2165//2098 2166//2098
f 2352//2099 2353//2099 2264//2099
f 2264//2100 2171//2100 2352//2100
f 2160//2101 2265//2101 2355//2101
f 2356//2102 2159//2102 2160//2102
f 2354//2103 2355//2103 2265//2103
f 2265//2104 2165//2104 2354//2104
f 2154//2105 2266//2105 2357//2105
f 2358//2106 2153//2106 2154//2106
f 2356//2107 2357//2107 2266//2107
f 2266//2108 2159//2108 2356//2108
f 2148//2109 2267//2109 2359//2109
f 2360//2110 2147//2110 2148//2110
f 2358//2111 2359//2111 2267//2111
f 2267//2112 2153//2112 2358//2112
f 2142//2113 2268//2113 2361//2113
f 2362//2114 2141//2114 2142//2114
f 2360//2115 2361//2115 2268//2115
f 2268//2116 2147//2116 2360//2116
f 2136//2117 2269//2117 2363//2117
f 2364//2118 2135//2118 2136//2118
f 2362//2119 2363//2119 2269//2119
f 2269//2120 2141//2120 2362//2120
f 2130//2121 2270//2121 2365//2121
f 2366//2122 2129//2122 2130//2122
f 2364//2123 2365//2123 2270//2123
f 2270//2124 2135//2124 2364//2124
f 2124//2125 2271//2125 2367//2125
f 2368//2126 2123//2126 2124//2126
f 2366//2127 2367//2127 2271//2127
f 2271//2128 2129//2128 2366//2128
f 2118//2129 2272//2129 2369//2129
f 2370//2130 2117//2130 2118//2130
f 2368//2131 2369//2131 2272//2131
f 2272//2132 2123//2132 2368//2132
f 2112//2133 2273//2133 2371//2133
f 2372//2134 2111//2134 2112//2134
f 2370//2135 2371//2135 2273//2135
f 2273//2136 2117//2136 2370//2136
f 2106//2137 2274//2137 2373//2137
f 2374//2138 2105//2138 2106//2138
f 2372//2139 2373//2139 2274//2139
f 2274//2140 2111//2140 2372//2140
f 2100//2141 2275//2141 2375//2141
f 2376//2142 2099//2142 2100//2142
f 2374//2143 2375//2143 2275//2143
f 2275//2144 2105//2144 2374//2144
f 2094//2145 2276//2145 2377//2145
f 2378//2146 2093//2146 2094//2146
f 2376//2147 2377//2147 2276//2147
f 2276//2148 2099//2148 2376//2148
f 2379//2149 2088//2149 2087//2149
f 2277//2150 2378//2150 2380//2150
f 2380//2151 2087//2151 2277//2151
f 2277//2152 2093//2152 2378//2152
f 2381//2153 2082//2153 2081//2153
f 2278//2154 2379//2154 2382//2154
f 2382//2155 2081//2155 2278//2155
f 2278//2156 2088//2156 2379//2156
f 2383//2157 2076//2157 2075//2157
f 2279//2158 2381//2158 2384//2158
f 2384//2159 2075//2159 2279//2159
f 2279//2160 2082//2160 2381//2160
f 2385//2161 2070//2161 2069//2161
f 2280//2162 2383//2162 2386//2162
f 2386//2163 2069//2163 2280//2163
f 2280//2164 2076//2164 2383//2164
f 2387//2165 2064//2165 2063//2165
f 2281//2166 2385//2166 2388//2166
f 2388//2167 2063//2167 2281//2167
f 2281//2168 2070//2168 2385//2168
f 2389//2169 2058//2169 2057//2169
f 2282//2170 2387//2170 2390//2170
f 2390//2171 2057//2171 2282//2171
f 2282//2172 2064//2172 2387//2172
f 2391//2173 2052//2173 2051//2173
f 2283//2174 2389//2174 2392//2174
f 2392//2175 2051//2175 2283//2175
f 2283//2176 2058//2176 2389//2176
f 2393//2177 2046//2177 2045//2177
f 2284//2178 2391//2178 2394//2178
f 2394//2179 2045//2179 2284//2179
f 2284//2180 2052//2180 2391//2180
f 2395//2181 2040//2181 2039//2181
f 2285//2182 2393//2182 2396//2182
f 2396//2183 2039//2183 2285//2183
f 2285//2184 2046//2184 2393//2184
f 2397//2185 2034//2185 2033//2185
f 2286//2186 2395//2186 2398//2186
f 2398//2187 2033//2187 2286//2187
f 2286//2188 2040//2188 2395//2188
f 2399//2189 2028//2189 2027//2189
f 2287//2190 2397//2190 2400//2190
f 2400//2191 2027//2191 2287//2191
f 2287//2192 2034//2192 2397//2192
f 2401//2193 2022//2193 2021//2193
f 2288//2194 2399//2194 2402//2194
f 2402//2195 2021//2195 2288//2195
f 2288//2196 2028//2196 2399//2196
f 2403//2197 2016//2197 2015//2197
f 2289//2198 2401//2198 2404//2198
f 2404//2199 2015//2199 2289//2199
f 2289//2200 2022//2200 2401//2200
f 2405//2201 2010//2201 2009//2201
f 2290//2202 2403//2202 2406//2202
f 2406//2203 2009//2203 2290//2203
f 2290//2204 2016//2204 2403//2204
f 2407//2205 2004//2205 2003//2205
f 2291//2206 2405//2206 2408//2206
f 2408//2207 2003//2207 2291//2207
f 2291//2208 2010//2208 2405//2208
f 2409//2209 1998//2209 1997//2209
f 2292//2210 2407//2210 2410//2210
f 2410//2211 1997//2211 2292//2211
f 2292//2212 2004//2212 2407//2212
f 2411//2213 1992//2213 1991//2213
f 2293//2214 2409//2214 2412//2214
f 2412//2215 1991//2215 2293//2215
f 2293//2216 1998//2216 2409//2216
f 2413//2217 1986//2217 1985//2217
f 2294//2218 2411//2218 2414//2218
f 2414//2219 1985//2219 2294//2219
f 2294//2220 1992//2220 2411//2220
f 2415//2221 1980//2221 1979//2221
f 2295//2222 2413//2222 2416//2222
f 2416//2223 1979//2223 2295//2223
f 2295//2224 1986//2224 2413//2224
f 2417//2225 1974//2225 1973//2225
f 2296//2226 2415//2226 2418//2226
f 2418//2227 1973//2227 2296//2227
f 2296//2228 1980//2228 2415//2228
f 2419//2229 1968//2229 1967//2229
f 2297//2230 2417//2230 2420//2230
f 2420//2231 1967//2231 2297//2231
f 2297//2232 1974//2232 2417//2232
f 2421//2233 1962//2233 1961//2233
f 2298//2234 2419//2234 2422//2234
f 2422//2235 1961//2235 2298//2235
f 2298//2236 1968//2236 2419//2236
f 2423//2237 1956//2237 1955//2237
f 2299//2238 2421//2238 2424//2238
f 2424//2239 1955//2239 2299//2239
f 2299//2240 1962//2240 2421//2240
f 2425//2241 1950//2241 1949//2241
f 2300//2242 2423//2242 2426//2242
f 2426//2243 1949//2243 2300//2243
f 2300//2244 1956//2244 2423//2244
f 2427//2245 1944//2245 1943//2245
f 2301//2246 2425//2246 2428//2246
f 2428//2247 1943//2247 2301//2247
f 2301//2248 1950//2248 2425//2248
f 2302//2249 2427//2249 2429//2249
f 2429//2250 1939//2250 2302//2250
f 2302//2251 1944//2251 2427//2251
f 2430//2252 1933//2252 1936//2252
f 2430//2253 2247//2253 1933//2253
f 2430//2254 1939//2254 2431//2254
f 2431//2255 2432//2255 2430//2255
f 2433//2256 2434//2256 2330//2256
f 2433//2257 2242//2257 2245//2257
f 2245//2258 2252//2258 2433//2258
f 2252//2259 1886//2259 2433//2259
f 2330//2260 2242//2260 2433//2260
f 1936//2261 1939//2261 2430//2261
f 2429//2262 2431//2262 1939//2262
f 1943//2263 2428//2263 2427//2263
f 1949//2264 2426//2264 2425//2264
f 1955//2265 2424//2265 2423//2265
f 1961//2266 2422//2266 2421//2266
f 1967//2267 2420//2267 2419//2267
f 1973//2268 2418//2268 2417//2268
f 1979//2269 2416//2269 2415//2269
f 1985//2270 2414//2270 2413//2270
f 1991//2271 2412//2271 2411//2271
f 1997//2272 2410//2272 2409//2272
f 2003//2273 2408//2273 2407//2273
f 2009//2274 2406//2274 2405//2274
f 2015//2275 2404//2275 2403//2275
f 2021//2276 2402//2276 2401//2276
f 2027//2277 2400//2277 2399//2277
f 2033//2278 2398//2278 2397//2278
f 2039//2279 2396//2279 2395//2279
f 2045//2280 2394//2280 2393//2280
f 2051//2281 2392//2281 2391//2281
f 2057//2282 2390//2282 2389//2282
f 2063//2283 2388//2283 2387//2283
f 2069//2284 2386//2284 2385//2284
f 2075//2285 2384//2285 2383//2285
f 2081//2286 2382//2286 2381//2286
f 2087//2287 2380//2287 2379//2287
f 2377//2288 2378//2288 2094//2288
f 2375//2289 2376//2289 2100//2289
f 2373//2290 2374//2290 2106//2290
f 2371//2291 2372//2291 2112//2291
f 2369//2292 2370//2292 2118//2292
f 2367//2293 2368//2293 2124//2293
f 2365//2294 2366//2294 2130//2294
f 2363//2295 2364//2295 2136//2295
f 2361//2296 2362//2296 2142//2296
f 2359//2297 2360//2297 2148//2297
f 2357//2298 2358//2298 2154//2298
f 2355//2299 2356//2299 2160//2299
f 2353//2300 2354//2300 2166//2300
f 2351//2301 2352//2301 2172//2301
f 2349//2302 2350//2302 2178//2302
f 2347//2303 2348//2303 2184//2303
f 2345//2304 2346//2304 2190//2304
f 2343//2305 2344//2305 2196//2305
f 2341//2306 2342//2306 2202//2306
f 2339//2307 2340//2307 2208//2307
f 2337//2308 2338//2308 2214//2308
f 2335//2309 2336//2309 2220//2309
f 2333//2310 2334//2310 2226//2310
f 2331//2311 2332//2311 2232//2311
f 2328//2312 2329//2312 2238//2312
f 1916//2313 1917//2313 2435//2313
f 2436//2314 2435//2314 2437//2314
f 2438//2315 2437//2315 2439//2315
f 2440//2316 2439//2316 2441//2316
f 2442//2317 2441//2317 2443//2317
f 2444//2318 2443//2318 2445//2318
f 2446//2319 2445//2319 2447//2319
f 2447//2320 2448//2320 2446//2320
f 2445//2321 2446//2321 2444//2321
f 2443//2317 2444//2317 2442//2317
f 2441//2322 2442//2322 2440//2322
f 2439//2315 2440//2315 2438//2315
f 2437//2323 2438//2323 2436//2323
f 2435//2313 2436//2313 1916//2313
f 1885//2324 2449//2324 2433//2324
f 1888//2325 2450//2325 2449//2325
f 1890//2326 2451//2326 2450//2326
f 1892//2327 1894//2327 2452//2327
f 1890//2328 1892//2328 2453//2328
f 2450//2329 2451//2329 2454//2329
f 2449//2330 2450//2330 2455//2330
f 2433//2331 2449//2331 2456//2331
f 2456//2332 2434//2332 2433//2332
f 2455//2333 2456//2333 2449//2333
f 2454//2334 2455//2334 2450//2334
f 2454//2335 2451//2335 2453//2335
f 2453//2336 2451//2336 1890//2336
f 2452//2337 2453//2337 1892//2337
f 2450//2338 1888//2338 1890//2338
f 2449//2339 1885//2339 1888//2339
f 2433//2340 1886//2340 1885//2340
f 2457//2341 2431//2341 2429//2341
f 2458//2342 2457//2342 2459//2342
f 2460//2343 2458//2343 2461//2343
f 2459//2344 2429//2344 2427//2344
f 2461//2345 2459//2345 2462//2345
f 2463//2346 2461//2346 2464//2346
f 2462//2347 2427//2347 2428//2347
f 2464//2348 2462//2348 2465//2348
f 2466//2349 2464//2349 2467//2349
f 2465//2350 2428//2350 2425//2350
f 2467//2351 2465//2351 2468//2351
f 2469//2352 2467//2352 2470//2352
f 2468//2353 2425//2353 2426//2353
f 2470//2354 2468//2354 2471//2354
f 2472//2355 2470//2355 2473//2355
f 2471//2356 2426//2356 2423//2356
f 2473//2357 2471//2357 2474//2357
f 2475//2358 2473//2358 2476//2358
f 2474//2359 2423//2359 2424//2359
f 2476//2360 2474//2360 2477//2360
f 2478//2361 2476//2361 2479//2361
f 2477//2362 2424//2362 2421//2362
f 2479//2363 2477//2363 2480//2363
f 2481//2364 2479//2364 2482//2364
f 2480//2365 2421//2365 2422//2365
f 2482//2366 2480//2366 2483//2366
f 2484//2367 2482//2367 2485//2367
f 2483//2368 2422//2368 2419//2368
f 2485//2369 2483//2369 2486//2369
f 2487//2370 2485//2370 2488//2370
f 2486//2371 2419//2371 2420//2371
f 2488//2372 2486//2372 2489//2372
f 2490//2373 2488//2373 2491//2373
f 2489//2374 2420//2374 2417//2374
f 2491//2375 2489//2375 2492//2375
f 2493//2376 2491//2376 2494//2376
f 2492//2377 2417//2377 2418//2377
f 2494//2378 2492//2378 2495//2378
f 2496//2379 2494//2379 2497//2379
f 2495//2380 2418//2380 2415//2380
f 2497//2381 2495//2381 2498//2381
f 2499//2382 2497//2382 2500//2382
f 2498//2383 2415//2383 2416//2383
f 2500//2384 2498//2384 2501//2384
f 2502//2385 2500//2385 2503//2385
f 2501//2386 2416//2386 2413//2386
f 2503//2387 2501//2387 2504//2387
f 2505//2388 2503//2388 2506//2388
f 2504//2389 2413//2389 2414//2389
f 2506//2390 2504//2390 2507//2390
f 2508//2391 2506//2391 2509//2391
f 2507//2392 2414//2392 2411//2392
f 2509//2393 2507//2393 2510//2393
f 2511//2394 2509//2394 2512//2394
f 2510//2395 2411//2395 2412//2395
f 2512//2396 2510//2396 2513//2396
f 2514//2397 2512//2397 2515//2397
f 2513//2398 2412//2398 2409//2398
f 2515//2399 2513//2399 2516//2399
f 2517//2400 2515//2400 2518//2400
f 2516//2401 2409//2401 2410//2401
f 2518//2402 2516//2402 2519//2402
f 2520//2403 2518//2403 2521//2403
f 2519//2404 2410//2404 2407//2404
f 2521//2405 2519//2405 2522//2405
f 2523//2406 2521//2406 2524//2406
f 2522//2407 2407//2407 2408//2407
f 2524//2408 2522//2408 2525//2408
f 2526//2409 2524//2409 2527//2409
f 2525//2410 2408//2410 2405//2410
f 2527//2411 2525//2411 2528//2411
f 2529//2412 2527//2412 2530//2412
f 2528//2413 2405//2413 2406//2413
f 2530//2414 2528//2414 2531//2414
f 2532//2415 2530//2415 2533//2415
f 2531//2416 2406//2416 2403//2416
f 2533//2417 2531//2417 2534//2417
f 2535//2418 2533//2418 2536//2418
f 2534//2419 2403//2419 2404//2419
f 2536//2420 2534//2420 2537//2420
f 2538//2421 2536//2421 2539//2421
f 2537//2422 2404//2422 2401//2422
f 2539//2423 2537//2423 2540//2423
f 2541//2424 2539//2424 2542//2424
f 2540//2425 2401//2425 2402//2425
f 2542//2426 2540//2426 2543//2426
f 2544//2427 2542//2427 2545//2427
f 2543//2428 2402//2428 2399//2428
f 2545//2429 2543//2429 2546//2429
f 2547//2430 2545//2430 2548//2430
f 2546//2431 2399//2431 2400//2431
f 2548//2432 2546//2432 2549//2432
f 2550//2433 2548//2433 2551//2433
f 2549//2434 2400//2434 2397//2434
f 2551//2435 2549//2435 2552//2435
f 2553//2436 2551//2436 2554//2436
f 2552//2437 2397//2437 2398//2437
f 2554//2438 2552//2438 2555//2438
f 2556//2439 2554//2439 2557//2439
f 2555//2440 2398//2440 2395//2440
f 2557//2441 2555//2441 2558//2441
f 2559//2442 2557//2442 2560//2442
f 2558//2443 2395//2443 2396//2443
f 2560//2444 2558//2444 2561//2444
f 2562//2445 2560//2445 2563//2445
f 2561//2446 2396//2446 2393//2446
f 2563//2447 2561//2447 2564//2447
f 2565//2448 2563//2448 2566//2448
f 2564//2449 2393//2449 2394//2449
f 2566//2450 2564//2450 2567//2450
f 2568//2451 2566//2451 2569//2451
f 2567//2452 2394//2452 2391//2452
f 2569//2453 2567//2453 2570//2453
f 2571//2454 2569//2454 2572//2454
f 2570//2455 2391//2455 2392//2455
f 2572//2456 2570//2456 2573//2456
f 2574//2457 2572//2457 2575//2457
f 2573//2458 2392//2458 2389//2458
f 2575//2459 2573//2459 2576//2459
f 2577//2460 2575//2460 2578//2460
f 2576//2461 2389//2461 2390//2461
f 2578//2462 2576//2462 2579//2462
f 2580//2463 2578//2463 2581//2463
f 2579//2464 2390//2464 2387//2464
f 2581//2465 2579//2465 2582//2465
f 2583//2466 2581//2466 2584//2466
f 2582//2467 2387//2467 2388//2467
f 2584//2468 2582//2468 2585//2468
f 2586//2469 2584//2469 2587//2469
f 2585//2470 2388//2470 2385//2470
f 2587//2471 2585//2471 2588//2471
f 2589//2472 2587//2472 2590//2472
f 2588//2473 2385//2473 2386//2473
f 2590//2474 2588//2474 2591//2474
f 2592//2475 2590//2475 2593//2475
f 2591//2476 2386//2476 2383//2476
f 2593//2477 2591//2477 2594//2477
f 2595//2478 2593//2478 2596//2478
f 2594//2479 2383//2479 2384//2479
f 2596//2480 2594//2480 2597//2480
f 2598//2481 2596//2481 2599//2481
f 2597//2482 2384//2482 2381//2482
f 2599//2483 2597//2483 2600//2483
f 2601//2484 2599//2484 2602//2484
f 2600//2485 2381//2485 2382//2485
f 2602//2486 2600//2486 2603//2486
f 2604//2487 2602//2487 2605//2487
f 2603//2488 2382//2488 2379//2488
f 2605//2489 2603//2489 2606//2489
f 2607//2490 2605//2490 2608//2490
f 2606//2491 2379//2491 2380//2491
f 2608//2492 2606//2492 2609//2492
f 2610//2493 2608//2493 2611//2493
f 2609//2494 2380//2494 2378//2494
f 2611//2495 2609//2495 2612//2495
f 2613//2496 2611//2496 2614//2496
f 2612//2497 2378//2497 2377//2497
f 2614//2498 2612//2498 2615//2498
f 2616//2499 2614//2499 2617//2499
f 2615//2500 2377//2500 2376//2500
f 2617//2501 2615//2501 2618//2501
f 2619//2502 2617//2502 2620//2502
f 2618//2503 2376//2503 2375//2503
f 2620//2504 2618//2504 2621//2504
f 2622//2505 2620//2505 2623//2505
f 2621//2506 2375//2506 2374//2506
f 2623//2507 2621//2507 2624//2507
f 2625//2508 2623//2508 2626//2508
f 2624//2509 2374//2509 2373//2509
f 2626//2510 2624//2510 2627//2510
f 2628//2511 2626//2511 2629//2511
f 2627//2512 2373//2512 2372//2512
f 2629//2513 2627//2513 2630//2513
f 2631//2514 2629//2514 2632//2514
f 2630//2515 2372//2515 2371//2515
f 2632//2516 2630//2516 2633//2516
f 2634//2517 2632//2517 2635//2517
f 2633//2518 2371//2518 2370//2518
f 2635//2519 2633//2519 2636//2519
f 2637//2520 2635//2520 2638//2520
f 2636//2521 2370//2521 2369//2521
f 2638//2522 2636//2522 2639//2522
f 2640//2523 2638//2523 2641//2523
f 2639//2524 2369//2524 2368//2524
f 2641//2525 2639//2525 2642//2525
f 2643//2526 2641//2526 2644//2526
f 2642//2527 2368//2527 2367//2527
f 2644//2528 2642//2528 2645//2528
f 2646//2529 2644//2529 2647//2529
f 2645//2530 2367//2530 2366//2530
f 2647//2531 2645//2531 2648//2531
f 2649//2532 2647//2532 2650//2532
f 2648//2533 2366//2533 2365//2533
f 2650//2534 2648//2534 2651//2534
f 2652//2535 2650//2535 2653//2535
f 2651//2536 2365//2536 2364//2536
f 2653//2537 2651//2537 2654//2537
f 2655//2538 2653//2538 2656//2538
f 2654//2539 2364//2539 2363//2539
f 2656//2540 2654//2540 2657//2540
f 2658//2541 2656//2541 2659//2541
f 2657//2542 2363//2542 2362//2542
f 2659//2543 2657//2543 2660//2543
f 2661//2544 2659//2544 2662//2544
f 2660//2545 2362//2545 2361//2545
f 2662//2546 2660//2546 2663//2546
f 2664//2547 2662//2547 2665//2547
f 2663//2548 2361//2548 2360//2548
f 2665//2549 2663//2549 2666//2549
f 2667//2550 2665//2550 2668//2550
f 2666//2551 2360//2551 2359//2551
f 2668//2552 2666//2552 2669//2552
f 2670//2553 2668//2553 2671//2553
f 2669//2554 2359//2554 2358//2554
f 2671//2555 2669//2555 2672//2555
f 2673//2556 2671//2556 2674//2556
f 2672//2557 2358//2557 2357//2557
f 2674//2558 2672//2558 2675//2558
f 2676//2559 2674//2559 2677//2559
f 2675//2560 2357//2560 2356//2560
f 2677//2561 2675//2561 2678//2561
f 2679//2562 2677//2562 2680//2562
f 2678//2563 2356//2563 2355//2563
f 2680//2564 2678//2564 2681//2564
f 2682//2565 2680//2565 2683//2565
f 2681//2566 2355//2566 2354//2566
f 2683//2567 2681//2567 2684//2567
f 2685//2568 2683//2568 2686//2568
f 2684//2569 2354//2569 2353//2569
f 2686//2570 2684//2570 2687//2570
f 2688//2571 2686//2571 2689//2571
f 2687//2572 2353//2572 2352//2572
f 2689//2573 2687//2573 2690//2573
f 2691//2574 2689//2574 2692//2574
f 2690//2575 2352//2575 2351//2575
f 2692//2576 2690//2576 2693//2576
f 2694//2577 2692//2577 2695//2577
f 2693//2578 2351//2578 2350//2578
f 2695//2579 2693//2579 2696//2579
f 2697//2580 2695//2580 2698//2580
f 2696//2581 2350//2581 2349//2581
f 2698//2582 2696//2582 2699//2582
f 2700//2583 2698//2583 2701//2583
f 2699//2584 2349//2584 2348//2584
f 2701//2585 2699//2585 2702//2585
f 2703//2586 2701//2586 2704//2586
f 2702//2587 2348//2587 2347//2587
f 2704//2588 2702//2588 2705//2588
f 2706//2589 2704//2589 2707//2589
f 2705//2590 2347//2590 2346//2590
f 2707//2591 2705//2591 2708//2591
f 2709//2592 2707//2592 2710//2592
f 2708//2593 2346//2593 2345//2593
f 2710//2594 2708//2594 2711//2594
f 2712//2595 2710//2595 2713//2595
f 2711//2596 2345//2596 2344//2596
f 2713//2597 2711//2597 2714//2597
f 2715//2598 2713//2598 2716//2598
f 2714//2599 2344//2599 2343//2599
f 2716//2600 2714//2600 2717//2600
f 2718//2601 2716//2601 2719//2601
f 2717//2602 2343//2602 2342//2602
f 2719//2603 2717//2603 2720//2603
f 2721//2604 2719//2604 2722//2604
f 2720//2605 2342//2605 2341//2605
f 2722//2606 2720//2606 2723//2606
f 2724//2607 2722//2607 2725//2607
f 2723//2608 2341//2608 2340//2608
f 2725//2609 2723//2609 2726//2609
f 2727//2610 2725//2610 2728//2610
f 2726//2611 2340//2611 2339//2611
f 2728//2612 2726//2612 2729//2612
f 2730//2613 2728//2613 2731//2613
f 2729//2614 2339//2614 2338//2614
f 2731//2615 2729//2615 2732//2615
f 2733//2616 2731//2616 2734//2616
f 2732//2617 2338//2617 2337//2617
f 2734//2618 2732//2618 2735//2618
f 2736//2619 2734//2619 2737//2619
f 2735//2620 2337//2620 2336//2620
f 2737//2621 2735//2621 2738//2621
f 2739//2622 2737//2622 2740//2622
f 2738//2623 2336//2623 2335//2623
f 2740//2624 2738//2624 2741//2624
f 2742//2625 2740//2625 2743//2625
f 2741//2626 2335//2626 2334//2626
f 2743//2627 2741//2627 2744//2627
f 2745//2628 2743//2628 2746//2628
f 2744//2629 2334//2629 2333//2629
f 2746//2630 2744//2630 2747//2630
f 2748//2631 2746//2631 2749//2631
f 2747//2632 2333//2632 2332//2632
f 2749//2633 2747//2633 2750//2633
f 2751//2634 2749//2634 2752//2634
f 2750//2635 2332//2635 2331//2635
f 2752//2636 2750//2636 2753//2636
f 2754//2637 2752//2637 2755//2637
f 2753//2638 2331//2638 2329//2638
f 2755//2639 2753//2639 2756//2639
f 2757//2640 2755//2640 2758//2640
f 2756//2641 2329//2641 2328//2641
f 2758//2642 2756//2642 2759//2642
f 2760//2643 2758//2643 2761//2643
f 2759//2644 2328//2644 2330//2644
f 2761//2645 2759//2645 2762//2645
f 2763//2646 2761//2646 2764//2646
f 2458//2647 2460//2647 2765//2647
f 2765//2648 2766//2648 2458//2648
f 2457//2649 2458//2649 2767//2649
f 2767//2650 2768//2650 2457//2650
f 2431//2651 2457//2651 2769//2651
f 2769//2652 2770//2652 2431//2652
f 2330//2653 2771//2653 2772//2653
f 2330//2654 2434//2654 2771//2654
f 2762//2655 2773//2655 2774//2655
f 2762//2656 2772//2656 2773//2656
f 2764//2657 2775//2657 2776//2657
f 2764//2658 2774//2658 2775//2658
f 2776//2659 2777//2659 2764//2659
f 2774//2660 2764//2660 2762//2660
f 2772//2661 2762//2661 2330//2661
f 2770//2662 2432//2662 2431//2662
f 2768//2663 2769//2663 2457//2663
f 2766//2664 2767//2664 2458//2664
f 2764//2646 2777//2646 2763//2646
f 2762//2645 2764//2645 2761//2645
f 2330//2644 2762//2644 2759//2644
f 2761//2643 2763//2643 2760//2643
f 2759//2642 2761//2642 2758//2642
f 2328//2641 2759//2641 2756//2641
f 2758//2640 2760//2640 2757//2640
f 2756//2639 2758//2639 2755//2639
f 2329//2638 2756//2638 2753//2638
f 2755//2637 2757//2637 2754//2637
f 2753//2636 2755//2636 2752//2636
f 2331//2635 2753//2635 2750//2635
f 2752//2634 2754//2634 2751//2634
f 2750//2633 2752//2633 2749//2633
f 2332//2632 2750//2632 2747//2632
f 2749//2631 2751//2631 2748//2631
f 2747//2630 2749//2630 2746//2630
f 2333//2629 2747//2629 2744//2629
f 2746//2628 2748//2628 2745//2628
f 2744//2627 2746//2627 2743//2627
f 2334//2626 2744//2626 2741//2626
f 2743//2625 2745//2625 2742//2625
f 2741//2624 2743//2624 2740//2624
f 2335//2623 2741//2623 2738//2623
f 2740//2622 2742//2622 2739//2622
f 2738//2621 2740//2621 2737//2621
f 2336//2620 2738//2620 2735//2620
f 2737//2619 2739//2619 2736//2619
f 2735//2618 2737//2618 2734//2618
f 2337//2617 2735//2617 2732//2617
f 2734//2616 2736//2616 2733//2616
f 2732//2615 2734//2615 2731//2615
f 2338//2614 2732//2614 2729//2614
f 2731//2613 2733//2613 2730//2613
f 2729//2612 2731//2612 2728//2612
f 2339//2611 2729//2611 2726//2611
f 2728//2610 2730//2610 2727//2610
f 2726//2609 2728//2609 2725//2609
f 2340//2608 2726//2608 2723//2608
f 2725//2607 2727//2607 2724//2607
f 2723//2606 2725//2606 2722//2606
f 2341//2605 2723//2605 2720//2605
f 2722//2604 2724//2604 2721//2604
f 2720//2603 2722//2603 2719//2603
f 2342//2602 2720//2602 2717//2602
f 2719//2601 2721//2601 2718//2601
f 2717//2600 2719//2600 2716//2600
f 2343//2599 2717//2599 2714//2599
f 2716//2598 2718//2598 2715//2598
f 2714//2597 2716//2597 2713//2597
f 2344//2596 2714//2596 2711//2596
f 2713//2595 2715//2595 2712//2595
f 2711//2594 2713//2594 2710//2594
f 2345//2593 2711//2593 2708//2593
f 2710//2592 2712//2592 2709//2592
f 2708//2591 2710//2591 2707//2591
f 2346//2590 2708//2590 2705//2590
f 2707//2589 2709//2589 2706//2589
f 2705//2588 2707//2588 2704//2588
f 2347//2587 2705//2587 2702//2587
f 2704//2586 2706//2586 2703//2586
f 2702//2585 2704//2585 2701//2585
f 2348//2584 2702//2584 2699//2584
f 2701//2583 2703//2583 2700//2583
f 2699//2582 2701//2582 2698//2582
f 2349//2581 2699//2581 2696//2581
f 2698//2580 2700//2580 2697//2580
f 2696//2579 2698//2579 2695//2579
f 2350//2578 2696//2578 2693//2578
f 2695//2577 2697//2577 2694//2577
f 2693//2576 2695//2576 2692//2576
f 2351//2575 2693//2575 2690//2575
f 2692//2574 2694//2574 2691//2574
f 2690//2573 2692//2573 2689//2573
f 2352//2572 2690//2572 2687//2572
f 2689//2571 2691//2571 2688//2571
f 2687//2570 2689//2570 2686//2570
f 2353//2569 2687//2569 2684//2569
f 2686//2568 2688//2568 2685//2568
f 2684//2567 2686//2567 2683//2567
f 2354//2566 2684//2566 2681//2566
f 2683//2565 2685//2565 2682//2565
f 2681//2564 2683//2564 2680//2564
f 2355//2563 2681//2563 2678//2563
f 2680//2562 2682//2562 2679//2562
f 2678//2561 2680//2561 2677//2561
f 2356//2560 2678//2560 2675//2560
f 2677//2559 2679//2559 2676//2559
f 2675//2558 2677//2558 2674//2558
f 2357//2557 2675//2557 2672//2557
f 2674//2556 2676//2556 2673//2556
f 2672//2555 2674//2555 2671//2555
f 2358//2554 2672//2554 2669//2554
f 2671//2553 2673//2553 2670//2553
f 2669//2552 2671//2552 2668//2552
f 2359//2551 2669//2551 2666//2551
f 2668//2550 2670//2550 2667//2550
f 2666//2549 2668//2549 2665//2549
f 2360//2548 2666//2548 2663//2548
f 2665//2547 2667//2547 2664//2547
f 2663//2546 2665//2546 2662//2546
f 2361//2545 2663//2545 2660//2545
f 2662//2544 2664//2544 2661//2544
f 2660//2543 2662//2543 2659//2543
f 2362//2542 2660//2542 2657//2542
f 2659//2541 2661//2541 2658//2541
f 2657//2540 2659//2540 2656//2540
f 2363//2539 2657//2539 2654//2539
f 2656//2538 2658//2538 2655//2538
f 2654//2537 2656//2537 2653//2537
f 2364//2536 2654//2536 2651//2536
f 2653//2535 2655//2535 2652//2535
f 2651//2534 2653//2534 2650//2534
f 2365//2533 2651//2533 2648//2533
f 2650//2532 2652//2532 2649//2532
f 2648//2531 2650//2531 2647//2531
f 2366//2530 2648//2530 2645//2530
f 2647//2529 2649//2529 2646//2529
f 2645//2528 2647//2528 2644//2528
f 2367//2527 2645//2527 2642//2527
f 2644//2526 2646//2526 2643//2526
f 2642//2525 2644//2525 2641//2525
f 2368//2524 2642//2524 2639//2524
f 2641//2523 2643//2523 2640//2523
f 2639//2522 2641//2522 2638//2522
f 2369//2521 2639//2521 2636//2521
f 2638//2520 2640//2520 2637//2520
f 2636//2519 2638//2519 2635//2519
f 2370//2518 2636//2518 2633//2518
f 2635//2517 2637//2517 2634//2517
f 2633//2516 2635//2516 2632//2516
f 2371//2515 2633//2515 2630//2515
f 2632//2514 2634//2514 2631//2514
f 2630//2513 2632//2513 2629//2513
f 2372//2512 2630//2512 2627//2512
f 2629//2511 2631//2511 2628//2511
f 2627//2510 2629//2510 2626//2510
f 2373//2509 2627//2509 2624//2509
f 2626//2508 2628//2508 2625//2508
f 2624//2507 2626//2507 2623//2507
f 2374//2506 2624//2506 2621//2506
f 2623//2505 2625//2505 2622//2505
f 2621//2504 2623//2504 2620//2504
f 2375//2503 2621//2503 2618//2503
f 2620//2502 2622//2502 2619//2502
f 2618//2501 2620//2501 2617//2501
f 2376//2500 2618//2500 2615//2500
f 2617//2499 2619//2499 2616//2499
f 2615//2498 2617//2498 2614//2498
f 2377//2497 2615//2497 2612//2497
f 2614//2496 2616//2496 2613//2496
f 2612//2495 2614//2495 2611//2495
f 2378//2494 2612//2494 2609//2494
f 2611//2493 2613//2493 2610//2493
f 2609//2492 2611//2492 2608//2492
f 2380//2491 2609//2491 2606//2491
f 2608//2490 2610//2490 2607//2490
f 2606//2489 2608//2489 2605//2489
f 2379//2488 2606//2488 2603//2488
f 2605//2487 2607//2487 2604//2487
f 2603//2486 2605//2486 2602//2486
f 2382//2485 2603//2485 2600//2485
f 2602//2484 2604//2484 2601//2484
f 2600//2483 2602//2483 2599//2483
f 2381//2482 2600//2482 2597//2482
f 2599//2481 2601//2481 2598//2481
f 2597//2480 2599//2480 2596//2480
f 2384//2479 2597//2479 2594//2479
f 2596//2478 2598//2478 2595//2478
f 2594//2477 2596//2477 2593//2477
f 2383//2476 2594//2476 2591//2476
f 2593//2475 2595//2475 2592//2475
f 2591//2474 2593//2474 2590//2474
f 2386//2473 2591//2473 2588//2473
f 2590//2472 2592//2472 2589//2472
f 2588//2471 2590//2471 2587//2471
f 2385//2470 2588//2470 2585//2470
f 2587//2469 2589//2469 2586//2469
f 2585//2468 2587//2468 2584//2468
f 2388//2467 2585//2467 2582//2467
f 2584//2466 2586//2466 2583//2466
f 2582//2465 2584//2465 2581//2465
f 2387//2464 2582//2464 2579//2464
f 2581//2463 2583//2463 2580//2463
f 2579//2462 2581//2462 2578//2462
f 2390//2461 2579//2461 2576//2461
f 2578//2460 2580//2460 2577//2460
f 2576//2459 2578//2459 2575//2459
f 2389//2458 2576//2458 2573//2458
f 2575//2457 2577//2457 2574//2457
f 2573//2456 2575//2456 2572//2456
f 2392//2455 2573//2455 2570//2455
f 2572//2454 2574//2454 2571//2454
f 2570//2453 2572//2453 2569//2453
f 2391//2452 2570//2452 2567//2452
f 2569//2451 2571//2451 2568//2451
f 2567//2450 2569//2450 2566//2450
f 2394//2449 2567//2449 2564//2449
f 2566//2448 2568//2448 2565//2448
f 2564//2447 2566//2447 2563//2447
f 2393//2446 2564//2446 2561//2446
f 2563//2445 2565//2445 2562//2445
f 2561//2444 2563//2444 2560//2444
f 2396//2443 2561//2443 2558//2443
f 2560//2442 2562//2442 2559//2442
f 2558//2441 2560//2441 2557//2441
f 2395//2440 2558//2440 2555//2440
f 2557//2439 2559//2439 2556//2439
f 2555//2438 2557//2438 2554//2438
f 2398//2437 2555//2437 2552//2437
f 2554//2436 2556//2436 2553//2436
f 2552//2435 2554//2435 2551//2435
f 2397//2434 2552//2434 2549//2434
f 2551//2433 2553//2433 2550//2433
f 2549//2432 2551//2432 2548//2432
f 2400//2431 2549//2431 2546//2431
f 2548//2430 2550//2430 2547//2430
f 2546//2429 2548//2429 2545//2429
f 2399//2428 2546//2428 2543//2428
f 2545//2427 2547//2427 2544//2427
f 2543//2426 2545//2426 2542//2426
f 2402//2425 2543//2425 2540//2425
f 2542//2424 2544//2424 2541//2424
f 2540//2423 2542//2423 2539//2423
f 2401//2422 2540//2422 2537//2422
f 2539//2421 2541//2421 2538//2421
f 2537//2420 2539//2420 2536//2420
f 2404//2419 2537//2419 2534//2419
f 2536//2418 2538//2418 2535//2418
f 2534//2417 2536//2417 2533//2417
f 2403//2416 2534//2416 2531//2416
f 2533//2415 2535//2415 2532//2415
f 2531//2414 2533//2414 2530//2414
f 2406//2413 2531//2413 2528//2413
f 2530//2412 2532//2412 2529//2412
f 2528//2411 2530//2411 2527//2411
f 2405//2410 2528//2410 2525//2410
f 2527//2409 2529//2409 2526//2409
f 2525//2408 2527//2408 2524//2408
f 2408//2407 2525//2407 2522//2407
f 2524//2406 2526//2406 2523//2406
f 2522//2405 2524//2405 2521//2405
f 2407//2404 2522//2404 2519//2404
f 2521//2403 2523//2403 2520//2403
f 2519//2402 2521//2402 2518//2402
f 2410//2401 2519//2401 2516//2401
f 2518//2400 2520//2400 2517//2400
f 2516//2399 2518//2399 2515//2399
f 2409//2398 2516//2398 2513//2398
f 2515//2397 2517//2397 2514//2397
f 2513//2396 2515//2396 2512//2396
f 2412//2395 2513//2395 2510//2395
f 2512//2394 2514//2394 2511//2394
f 2510//2393 2512//2393 2509//2393
f 2411//2392 2510//2392 2507//2392
f 2509//2391 2511//2391 2508//2391
f 2507//2390 2509//2390 2506//2390
f 2414//2389 2507//2389 2504//2389
f 2506//2388 2508//2388 2505//2388
f 2504//2387 2506//2387 2503//2387
f 2413//2386 2504//2386 2501//2386
f 2503//2385 2505//2385 2502//2385
f 2501//2384 2503//2384 2500//2384
f 2416//2383 2501//2383 2498//2383
f 2500//2382 2502//2382 2499//2382
f 2498//2381 2500//2381 2497//2381
f 2415//2380 2498//2380 2495//2380
f 2497//2379 2499//2379 2496//2379
f 2495//2378 2497//2378 2494//2378
f 2418//2377 2495//2377 2492//2377
f 2494//2376 2496//2376 2493//2376
f 2492//2375 2494//2375 2491//2375
f 2417//2374 2492//2374 2489//2374
f 2491//2373 2493//2373 2490//2373
f 2489//2372 2491//2372 2488//2372
f 2420//2371 2489//2371 2486//2371
f 2488//2370 2490//2370 2487//2370
f 2486//2369 2488//2369 2485//2369
f 2419//2368 2486//2368 2483//2368
f 2485//2367 2487//2367 2484//2367
f 2483//2366 2485//2366 2482//2366
f 2422//2365 2483//2365 2480//2365
f 2482//2364 2484//2364 2481//2364
f 2480//2363 2482//2363 2479//2363
f 2421//2362 2480//2362 2477//2362
f 2479//2361 2481//2361 2478//2361
f 2477//2360 2479//2360 2476//2360
f 2424//2359 2477//2359 2474//2359
f 2476//2358 2478//2358 2475//2358
f 2474//2357 2476//2357 2473//2357
f 2423//2356 2474//2356 2471//2356
f 2473//2355 2475//2355 2472//2355
f 2471//2354 2473//2354 2470//2354
f 2426//2353 2471//2353 2468//2353
f 2470//2352 2472//2352 2469//2352
f 2468//2351 2470//2351 2467//2351
f 2425//2350 2468//2350 2465//2350
f 2467//2349 2469//2349 2466//2349
f 2465//2348 2467//2348 2464//2348
f 2428//2347 2465//2347 2462//2347
f 2464//2346 2466//2346 2463//2346
f 2462//2345 2464//2345 2461//2345
f 2427//2344 2462//2344 2459//2344
f 2461//2343 2463//2343 2460//2343
f 2459//2342 2461//2342 2458//2342
f 2429//2341 2459//2341 2457//2341
f 2325//2665 2324//2665 2778//2665
f 2324//2666 2323//2666 2779//2666
f 2323//2667 2247//2667 2430//2667
f 2430//2668 2432//2668 2780//2668
f 2779//2669 2780//2669 2781//2669
f 2778//2670 2781//2670 2782//2670
f 2325//2671 2783//2671 2784//2671
f 2783//2672 2785//2672 2784//2672
f 2326//2673 2784//2673 2786//2673
f 2786//2674 2327//2674 2326//2674
f 2784//2675 2326//2675 2325//2675
f 2785//2676 2783//2676 2782//2676
f 2782//2677 2783//2677 2778//2677
f 2781//2678 2778//2678 2779//2678
f 2780//2679 2779//2679 2430//2679
f 2430//2680 2779//2680 2323//2680
f 2779//2681 2778//2681 2324//2681
f 2778//2682 2783//2682 2325//2682
f 2434//2683 2456//2683 2787//2683
f 2787//2684 2788//2684 2772//2684
f 2788//2685 2773//2685 2772//2685
f 2773//2686 2788//2686 2789//2686
f 2774//2687 2789//2687 2790//2687
f 2776//2688 2775//2688 2790//2688
f 2790//2689 2775//2689 2774//2689
f 2789//2690 2774//2690 2773//2690
f 2772//2691 2771//2691 2787//2691
f 2787//2692 2771//2692 2434//2692
f 2791//2693 2790//2693 2789//2693
f 2791//2694 2776//2694 2790//2694
f 2791//2695 2788//2695 2787//2695
f 2787//2696 2792//2696 2791//2696
f 2787//2697 2456//2697 2792//2697
f 2789//2698 2788//2698 2791//2698
f 2793//2699 2794//2699 2455//2699
f 2795//2700 2793//2700 2454//2700
f 2796//2701 2795//2701 2453//2701
f 2794//2702 2792//2702 2456//2702
f 2456//2703 2455//2703 2794//2703
f 2453//2704 2452//2704 2796//2704
f 2454//2705 2453//2705 2795//2705
f 2455//2706 2454//2706 2793//2706
f 2796//2707 2452//2707 2797//2707
f 2797//2708 2798//2708 2796//2708
f 2767//2709 2766//2709 2799//2709
f 2768//2710 2767//2710 2800//2710
f 2801//2711 2770//2711 2769//2711
f 2769//2712 2802//2712 2801//2712
f 2432//2713 2770//2713 2801//2713
f 2801//2714 2780//2714 2432//2714
f 2769//2715 2768//2715 2802//2715
f 2800//2716 2802//2716 2768//2716
f 2799//2717 2800//2717 2767//2717
f 2799//2718 2766//2718 2765//2718
f 2803//2719 2804//2719 2801//2719
f 2804//2720 2780//2720 2801//2720
f 2803//2721 2802//2721 2800//2721
f 2800//2722 2799//2722 2803//2722
f 2799//2723 2765//2723 2803//2723
f 2801//2724 2802//2724 2803//2724
f 2805//2725 2786//2725 2784//2725
f 2806//2726 2807//2726 2785//2726
f 2807//2727 2784//2727 2785//2727
f 2806//2728 2782//2728 2781//2728
f 2808//2729 2781//2729 2780//2729
f 2780//2730 2804//2730 2808//2730
f 2781//2731 2808//2731 2806//2731
f 2785//2732 2782//2732 2806//2732
f 2784//2733 2807//2733 2805//2733
f 1530//2734 1527//2734 2484//2734
f 1533//2734 1530//2734 2487//2734
f 1527//2734 1524//2734 2481//2734
f 2487//2734 2490//2734 1533//2734
f 1536//2734 1533//2734 2490//2734
f 1536//2734 2493//2734 2496//2734
f 2517//2734 1560//2734 1557//2734
f 2484//2734 2487//2734 1530//2734
f 2496//2734 1539//2734 1536//2734
f 1542//2734 2499//2734 2502//2734
f 1545//2734 2502//2734 2505//2734
f 1557//2734 2514//2734 2517//2734
f 2520//2734 2523//2734 1563//2734
f 1578//2734 1575//2734 2535//2734
f 1581//2734 1578//2734 2538//2734
f 2661//2734 2664//2734 1695//2734
f 1719//2734 2688//2734 2691//2734
f 1722//2734 2691//2734 2694//2734
f 2490//2734 2493//2734 1536//2734
f 1539//2734 2496//2734 2499//2734
f 2505//2734 1548//2734 1545//2734
f 1548//2734 2505//2734 2508//2734
f 1563//2734 1560//2734 2520//2734
f 1566//2734 1563//2734 2523//2734
f 1569//2734 1566//2734 2526//2734
f 1572//2734 1569//2734 2529//2734
f 1575//2734 1572//2734 2532//2734
f 2538//2734 2541//2734 1581//2734
f 2565//2734 1605//2734 1602//2734
f 2658//2734 1692//2734 1689//2734
f 1692//2734 2658//2734 2661//2734
f 1704//2734 1701//2734 2670//2734
f 1707//2734 1704//2734 2673//2734
f 1716//2734 1713//2734 2682//2734
f 1716//2734 2685//2734 2688//2734
f 2694//2734 1725//2734 1722//2734
f 1725//2734 2694//2734 2697//2734
f 2499//2734 1542//2734 1539//2734
f 2508//2734 1551//2734 1548//2734
f 1551//2734 2508//2734 2511//2734
f 2514//2734 1557//2734 1554//2734
f 2523//2734 2526//2734 1566//2734
f 2529//2734 2532//2734 1572//2734
f 2535//2734 2538//2734 1578//2734
f 1581//2734 2541//2734 2544//2734
f 2562//2734 1602//2734 1599//2734
f 1602//2734 2562//2734 2565//2734
f 1695//2734 1692//2734 2661//2734
f 2664//2734 2667//2734 1698//2734
f 1701//2734 1698//2734 2667//2734
f 2673//2734 2676//2734 1707//2734
f 1710//2734 1707//2734 2676//2734
f 1713//2734 1710//2734 2679//2734
f 2688//2734 1719//2734 1716//2734
f 2697//2734 1728//2734 1725//2734
f 2502//2734 1545//2734 1542//2734
f 1554//2734 2511//2734 2514//2734
f 2526//2734 2529//2734 1569//2734
f 2544//2734 1584//2734 1581//2734
f 1584//2734 2544//2734 2547//2734
f 1587//2734 2547//2734 2550//2734
f 2565//2734 2568//2734 1605//2734
f 2568//2734 2571//2734 1608//2734
f 1611//2734 1608//2734 2571//2734
f 1614//2734 1611//2734 2574//2734
f 1698//2734 1695//2734 2664//2734
f 2670//2734 2673//2734 1704//2734
f 2679//2734 2682//2734 1713//2734
f 2691//2734 1722//2734 1719//2734
f 2511//2734 1554//2734 1551//2734
f 2532//2734 2535//2734 1575//2734
f 2550//2734 1590//2734 1587//2734
f 1590//2734 2550//2734 2553//2734
f 1608//2734 1605//2734 2568//2734
f 2574//2734 2577//2734 1614//2734
f 1617//2734 1614//2734 2577//2734
f 1620//2734 1617//2734 2580//2734
f 1683//2734 2649//2734 2652//2734
f 1686//2734 2652//2734 2655//2734
f 2667//2734 2670//2734 1701//2734
f 2682//2734 2685//2734 1716//2734
f 1425//2734 2739//2734 2742//2734
f 1428//2734 2742//2734 2745//2734
f 2481//2734 1521//2734 1518//2734
f 2517//2734 2520//2734 1560//2734
f 2553//2734 1593//2734 1590//2734
f 1593//2734 2553//2734 2556//2734
f 1596//2734 2556//2734 2559//2734
f 2571//2734 2574//2734 1611//2734
f 2580//2734 2583//2734 1620//2734
f 1626//2734 1623//2734 2586//2734
f 1626//2734 2589//2734 2592//2734
f 2613//2734 1650//2734 1647//2734
f 1659//2734 1656//2734 2622//2734
f 1662//2734 1659//2734 2625//2734
f 1677//2734 2643//2734 2646//2734
f 1680//2734 2646//2734 2649//2734
f 2655//2734 1689//2734 1686//2734
f 2676//2734 2679//2734 1710//2734
f 1419//2734 2733//2734 2736//2734
f 1422//2734 2736//2734 2739//2734
f 2745//2734 1431//2734 1428//2734
f 1431//2734 2745//2734 2748//2734
f 2757//2734 2760//2734 1443//2734
f 2478//2735 2803//2735 2765//2735
f 2481//2736 2804//2736 2803//2736
f 2481//2734 1524//2734 1521//2734
f 2547//2734 1587//2734 1584//2734
f 2559//2734 1599//2734 1596//2734
f 2577//2734 2580//2734 1617//2734
f 1623//2734 1620//2734 2583//2734
f 2592//2734 1629//2734 1626//2734
f 2610//2734 1647//2734 1644//2734
f 1647//2734 2610//2734 2613//2734
f 1656//2734 1653//2734 2619//2734
f 2625//2734 2628//2734 1662//2734
f 1665//2734 1662//2734 2628//2734
f 1668//2734 1665//2734 2631//2734
f 1671//2734 1668//2734 2634//2734
f 1671//2734 2637//2734 2640//2734
f 2649//2734 1683//2734 1680//2734
f 1689//2734 2655//2734 2658//2734
f 1728//2734 2697//2734 2700//2734
f 1731//2734 2700//2734 2703//2734
f 2805//2737 2807//2737 1488//2737
f 2739//2734 1425//2734 1422//2734
f 2748//2734 1434//2734 1431//2734
f 1434//2734 2748//2734 2751//2734
f 2754//2734 1440//2734 1437//2734
f 1440//2734 2754//2734 2757//2734
f 2760//2734 2763//2734 1446//2734
f 1449//2734 1446//2734 2763//2734
f 1449//2734 2777//2734 2776//2734
f 2803//2738 2478//2738 2481//2738
f 2765//2739 2475//2739 2478//2739
f 2481//2734 2484//2734 1527//2734
f 1599//2734 2559//2734 2562//2734
f 2586//2734 2589//2734 1626//2734
f 1629//2734 2592//2734 2595//2734
f 1632//2734 2595//2734 2598//2734
f 1635//2734 2598//2734 2601//2734
f 1638//2734 2601//2734 2604//2734
f 1641//2734 2604//2734 2607//2734
f 2613//2734 2616//2734 1650//2734
f 2616//2734 2619//2734 1653//2734
f 2622//2734 2625//2734 1659//2734
f 2631//2734 2634//2734 1668//2734
f 2640//2734 1674//2734 1671//2734
f 1674//2734 2640//2734 2643//2734
f 2652//2734 1686//2734 1683//2734
f 2703//2734 1393//2734 1731//2734
f 2805//2740 1482//2740 1479//2740
f 1488//2741 1485//2741 2805//2741
f 2809//2742 2805//2742 2796//2742
f 2709//2734 2712//2734 1398//2734
f 1410//2734 1407//2734 2721//2734
f 1413//2734 1410//2734 2724//2734
f 1416//2734 1413//2734 2727//2734
f 1419//2734 1416//2734 2730//2734
f 2742//2734 1428//2734 1425//2734
f 1437//2734 2751//2734 2754//2734
f 1446//2734 1443//2734 2760//2734
f 2776//2734 1452//2734 1449//2734
f 2765//2743 2472//2743 2475//2743
f 2556//2734 1596//2734 1593//2734
f 2595//2734 1632//2734 1629//2734
f 2601//2734 1638//2734 1635//2734
f 2607//2734 1644//2734 1641//2734
f 1653//2734 1650//2734 2616//2734
f 2628//2734 2631//2734 1665//2734
f 2643//2734 1677//2734 1674//2734
f 2700//2734 1731//2734 1728//2734
f 1485//2744 1482//2744 2805//2744
f 2805//2742 2795//2742 2796//2742
f 1394//2734 2706//2734 2709//2734
f 2712//2734 2715//2734 1401//2734
f 1404//2734 1401//2734 2715//2734
f 1407//2734 1404//2734 2718//2734
f 2724//2734 2727//2734 1413//2734
f 2730//2734 2733//2734 1419//2734
f 2751//2734 1437//2734 1434//2734
f 2763//2734 2777//2734 1449//2734
f 2765//2745 2469//2745 2472//2745
f 2583//2734 2586//2734 1623//2734
f 2604//2734 1641//2734 1638//2734
f 2619//2734 2622//2734 1656//2734
f 2646//2734 1680//2734 1677//2734
f 2804//2746 1512//2746 1509//2746
f 2804//2747 1518//2747 1515//2747
f 2807//2748 2806//2748 1494//2748
f 2796//2742 2798//2742 2809//2742
f 2795//2749 1479//2749 1476//2749
f 1401//2734 1398//2734 2712//2734
f 2718//2734 2721//2734 1407//2734
f 2727//2734 2730//2734 1416//2734
f 1443//2734 1440//2734 2757//2734
f 2765//2750 2466//2750 2469//2750
f 2598//2734 1635//2734 1632//2734
f 2634//2734 2637//2734 1671//2734
f 1515//2751 1512//2751 2804//2751
f 2808//2752 1503//2752 1500//2752
f 1494//2753 1491//2753 2807//2753
f 1476//2754 2793//2754 2795//2754
f 2794//2755 1473//2755 1470//2755
f 2715//2734 2718//2734 1404//2734
f 2736//2734 1422//2734 1419//2734
f 2765//2756 2463//2756 2466//2756
f 1644//2734 2607//2734 2610//2734
f 1506//2757 2808//2757 2804//2757
f 2808//2758 1506//2758 1503//2758
f 2806//2759 2808//2759 1497//2759
f 1479//2760 2795//2760 2805//2760
f 2793//2761 1476//2761 1473//2761
f 2794//2762 1464//2762 1461//2762
f 1470//2763 1467//2763 2794//2763
f 1467//2764 1464//2764 2794//2764
f 1452//2765 2791//2765 2792//2765
f 2706//2734 1394//2734 1393//2734
f 2721//2734 2724//2734 1410//2734
f 2765//2766 2460//2766 2463//2766
f 1509//2767 1506//2767 2804//2767
f 1497//2768 1494//2768 2806//2768
f 1473//2769 2794//2769 2793//2769
f 2794//2770 1458//2770 1455//2770
f 1452//2771 2776//2771 2791//2771
f 1398//2734 1394//2734 2709//2734
f 1518//2772 2804//2772 2481//2772
f 1491//2773 1488//2773 2807//2773
f 1461//2774 1458//2774 2794//2774
f 1393//2734 2703//2734 2706//2734
f 1500//2775 1497//2775 2808//2775
f 2792//2776 1455//2776 1452//2776
f 1455//2777 2792//2777 2794//2777
f 2797//2778 2810//2778 2811//2778
f 2812//2779 2813//2779 2814//2779
f 2814//2780 2810//2780 2812//2780
f 2815//2781 2816//2781 2817//2781
f 2817//2782 2812//2782 2815//2782
f 2815//2783 2818//2783 2819//2783
f 2818//2784 2820//2784 2819//2784
f 2818//2785 2821//2785 2822//2785
f 2821//2786 2823//2786 2822//2786
f 2821//2787 2824//2787 2825//2787
f 2825//2787 2823//2787 2821//2787
f 2822//2788 2820//2788 2818//2788
f 2819//2789 2816//2789 2815//2789
f 2817//2790 2813//2790 2812//2790
f 2814//2791 2811//2791 2810//2791
f 2811//2778 2798//2778 2797//2778
f 1874//2792 1873//2792 1916//2792
f 2436//2793 2810//2793 1915//2793
f 2797//2794 2452//2794 1894//2794
f 1915//2795 1874//2795 2436//2795
f 1915//2796 2810//2796 2797//2796
f 1894//2797 1901//2797 2797//2797
f 2440//2798 2815//2798 2812//2798
f 2797//2799 1914//2799 1915//2799
f 1901//2800 1908//2800 2797//2800
f 2438//2801 2812//2801 2810//2801
f 2812//2798 2438//2798 2440//2798
f 1908//2802 1914//2802 2797//2802
f 2440//2803 2442//2803 2815//2803
f 2442//2804 2444//2804 2818//2804
f 2444//2805 2446//2805 2821//2805
f 2810//2806 2436//2806 2438//2806
f 2821//2807 2818//2807 2444//2807
f 2446//2808 2448//2808 2824//2808
f 2826//2809 2824//2809 2448//2809
f 2818//2810 2815//2810 2442//2810
f 2448//2809 2827//2809 2826//2809
f 2824//2803 2821//2803 2446//2803
f 1916//2811 2436//2811 1874//2811
f 2809//2812 2828//2812 2786//2812
f 2786//2813 2805//2813 2809//2813
f 2829//2814 2830//2814 2823//2814
f 2831//2815 2822//2815 2823//2815
f 2823//2815 2830//2815 2831//2815
f 2831//2816 2832//2816 2820//2816
f 2833//2817 2819//2817 2820//2817
f 2820//2818 2832//2818 2833//2818
f 2833//2819 2834//2819 2816//2819
f 2835//2820 2817//2820 2816//2820
f 2816//2820 2834//2820 2835//2820
f 2836//2821 2814//2821 2813//2821
f 2817//2822 2835//2822 2837//2822
f 2837//2823 2813//2823 2817//2823
f 2836//2824 2838//2824 2811//2824
f 2809//2825 2798//2825 2811//2825
f 2811//2825 2838//2825 2809//2825
f 2811//2824 2814//2824 2836//2824
f 2813//2821 2837//2821 2836//2821
f 2816//2826 2819//2826 2833//2826
f 2820//2816 2822//2816 2831//2816
f 2823//2827 2825//2827 2829//2827
f 2825//2828 2824//2828 2826//2828
f 2826//2829 2839//2829 2825//2829
f 2840//2830 2841//2830 2842//2830
f 2843//2831 2840//2831 2844//2831
f 2827//2832 2843//2832 2845//2832
f 2845//2832 2826//2832 2827//2832
f 2844//2831 2845//2831 2843//2831
f 2842//2830 2844//2830 2840//2830
f 2846//2833 2847//2833 2844//2833
f 2847//2834 2848//2834 2845//2834
f 2848//2835 2839//2835 2826//2835
f 2826//2835 2845//2835 2848//2835
f 2845//2834 2844//2834 2847//2834
f 2844//2833 2842//2833 2846//2833
f 2849//2836 2850//2836 2851//2836
f 2852//2837 2851//2837 2853//2837
f 2854//2838 2853//2838 2855//2838
f 2856//2839 2855//2839 2857//2839
f 2858//2840 2857//2840 2842//2840
f 2842//2840 2841//2840 2858//2840
f 2857//2839 2858//2839 2856//2839
f 2855//2841 2856//2841 2854//2841
f 2853//2837 2854//2837 2852//2837
f 2851//2836 2852//2836 2849//2836
f 2850//2842 2859//2842 2860//2842
f 2851//2843 2860//2843 2861//2843
f 2853//2844 2861//2844 2862//2844
f 2855//2845 2862//2845 2863//2845
f 2857//2846 2863//2846 2846//2846
f 2846//2846 2842//2846 2857//2846
f 2863//2845 2857//2845 2855//2845
f 2862//2847 2855//2847 2853//2847
f 2861//2843 2853//2843 2851//2843
f 2860//2842 2851//2842 2850//2842
f 2864//2848 2865//2848 2866//2848
f 2867//2849 2864//2849 2868//2849
f 2849//2850 2867//2850 2869//2850
f 2869//2850 2850//2850 2849//2850
f 2868//2849 2869//2849 2867//2849
f 2866//2848 2868//2848 2864//2848
f 2870//2851 2871//2851 2868//2851
f 2871//2852 2872//2852 2869//2852
f 2872//2853 2859//2853 2850//2853
f 2850//2853 2869//2853 2872//2853
f 2869//2852 2868//2852 2871//2852
f 2868//2851 2866//2851 2870//2851
f 2873//2854 2866//2854 2865//2854
f 2865//2855 2874//2855 2873//2855
f 2866//2856 2873//2856 2875//2856
f 2875//2857 2870//2857 2866//2857
f 2876//2858 2877//2858 2878//2858
f 2879//2859 2878//2859 2880//2859
f 2881//2860 2880//2860 2882//2860
f 2883//2861 2882//2861 2884//2861
f 2885//2862 2884//2862 2886//2862
f 2887//2863 2886//2863 2888//2863
f 2889//2864 2888//2864 2890//2864
f 2891//2865 2890//2865 2873//2865
f 2873//2865 2874//2865 2891//2865
f 2890//2864 2891//2864 2889//2864
f 2888//2863 2889//2863 2887//2863
f 2886//2862 2887//2862 2885//2862
f 2884//2861 2885//2861 2883//2861
f 2882//2860 2883//2860 2881//2860
f 2880//2859 2881//2859 2879//2859
f 2878//2858 2879//2858 2876//2858
f 2877//2866 2892//2866 2893//2866
f 2878//2867 2893//2867 2894//2867
f 2880//2868 2894//2868 2895//2868
f 2882//2869 2895//2869 2896//2869
f 2884//2870 2896//2870 2897//2870
f 2886//2871 2897//2871 2898//2871
f 2888//2872 2898//2872 2899//2872
f 2890//2873 2899//2873 2875//2873
f 2875//2873 2873//2873 2890//2873
f 2899//2872 2890//2872 2888//2872
f 2898//2871 2888//2871 2886//2871
f 2897//2870 2886//2870 2884//2870
f 2896//2869 2884//2869 2882//2869
f 2895//2868 2882//2868 2880//2868
f 2894//2867 2880//2867 2878//2867
f 2893//2866 2878//2866 2877//2866
f 2900//2874 2901//2874 2902//2874
f 2903//2875 2900//2875 2904//2875
f 2905//2876 2903//2876 2906//2876
f 2876//2877 2905//2877 2907//2877
f 2907//2877 2877//2877 2876//2877
f 2906//2876 2907//2876 2905//2876
f 2904//2875 2906//2875 2903//2875
f 2902//2874 2904//2874 2900//2874
f 2908//2878 2909//2878 2904//2878
f 2909//2879 2910//2879 2906//2879
f 2910//2880 2911//2880 2907//2880
f 2911//2881 2892//2881 2877//2881
f 2877//2881 2907//2881 2911//2881
f 2907//2880 2906//2880 2910//2880
f 2906//2879 2904//2879 2909//2879
f 2904//2878 2902//2878 2908//2878
f 2912//2882 2913//2882 2914//2882
f 2915//2883 2914//2883 2916//2883
f 2917//2884 2916//2884 2918//2884
f 2919//2885 2918//2885 2920//2885
f 2921//2886 2920//2886 2922//2886
f 2923//2887 2922//2887 2924//2887
f 2925//2888 2924//2888 2926//2888
f 2927//2889 2926//2889 2928//2889
f 2929//2890 2928//2890 2902//2890
f 2902//2890 2901//2890 2929//2890
f 2928//2889 2929//2889 2927//2889
f 2926//2888 2927//2888 2925//2888
f 2924//2887 2925//2887 2923//2887
f 2922//2886 2923//2886 2921//2886
f 2920//2885 2921//2885 2919//2885
f 2918//2884 2919//2884 2917//2884
f 2916//2883 2917//2883 2915//2883
f 2914//2882 2915//2882 2912//2882
f 2913//2891 2930//2891 2931//2891
f 2914//2892 2931//2892 2932//2892
f 2916//2893 2932//2893 2933//2893
f 2918//2894 2933//2894 2934//2894
f 2920//2895 2934//2895 2935//2895
f 2922//2896 2935//2896 2936//2896
f 2924//2897 2936//2897 2937//2897
f 2926//2898 2937//2898 2938//2898
f 2928//2899 2938//2899 2908//2899
f 2908//2899 2902//2899 2928//2899
f 2938//2898 2928//2898 2926//2898
f 2937//2897 2926//2897 2924//2897
f 2936//2896 2924//2896 2922//2896
f 2935//2900 2922//2900 2920//2900
f 2934//2894 2920//2894 2918//2894
f 2933//2893 2918//2893 2916//2893
f 2932//2892 2916//2892 2914//2892
f 2931//2891 2914//2891 2913//2891
f 2939//2901 2940//2901 2941//2901
f 2942//2902 2939//2902 2943//2902
f 2944//2903 2942//2903 2945//2903
f 2912//2904 2944//2904 2946//2904
f 2946//2904 2913//2904 2912//2904
f 2945//2903 2946//2903 2944//2903
f 2943//2902 2945//2902 2942//2902
f 2941//2901 2943//2901 2939//2901
f 2947//2905 2948//2905 2943//2905
f 2948//2906 2949//2906 2945//2906
f 2949//2907 2950//2907 2946//2907
f 2950//2908 2930//2908 2913//2908
f 2913//2908 2946//2908 2950//2908
f 2946//2907 2945//2907 2949//2907
f 2945//2906 2943//2906 2948//2906
f 2943//2905 2941//2905 2947//2905
f 2951//2909 2952//2909 2953//2909
f 2954//2910 2953//2910 2955//2910
f 2956//2911 2955//2911 2957//2911
f 2958//2912 2957//2912 2959//2912
f 2960//2913 2959//2913 2961//2913
f 2962//2914 2961//2914 2963//2914
f 2964//2915 2963//2915 2965//2915
f 2966//2916 2965//2916 2941//2916
f 2941//2916 2940//2916 2966//2916
f 2965//2915 2966//2915 2964//2915
f 2963//2914 2964//2914 2962//2914
f 2961//2913 2962//2913 2960//2913
f 2959//2912 2960//2912 2958//2912
f 2957//2911 2958//2911 2956//2911
f 2955//2910 2956//2910 2954//2910
f 2953//2909 2954//2909 2951//2909
f 2952//2917 2967//2917 2968//2917
f 2953//2918 2968//2918 2969//2918
f 2955//2919 2969//2919 2970//2919
f 2957//2920 2970//2920 2971//2920
f 2959//2921 2971//2921 2972//2921
f 2961//2922 2972//2922 2973//2922
f 2963//2923 2973//2923 2974//2923
f 2965//2924 2974//2924 2947//2924
f 2947//2924 2941//2924 2965//2924
f 2974//2923 2965//2923 2963//2923
f 2973//2922 2963//2922 2961//2922
f 2972//2921 2961//2921 2959//2921
f 2971//2920 2959//2920 2957//2920
f 2970//2919 2957//2919 2955//2919
f 2969//2918 2955//2918 2953//2918
f 2968//2917 2953//2917 2952//2917
f 2952//2925 2951//2925 2975//2925
f 2975//2925 2976//2925 2952//2925
f 2977//2926 2967//2926 2952//2926
f 2952//2927 2976//2927 2977//2927
f 2978//2928 2979//2928 2980//2928
f 2981//2929 2978//2929 2982//2929
f 2975//2930 2981//2930 2983//2930
f 2983//2930 2976//2930 2975//2930
f 2982//2929 2983//2929 2981//2929
f 2980//2928 2982//2928 2978//2928
f 2984//2931 2985//2931 2982//2931
f 2985//2932 2986//2932 2983//2932
f 2986//2933 2977//2933 2976//2933
f 2976//2933 2983//2933 2986//2933
f 2983//2932 2982//2932 2985//2932
f 2982//2931 2980//2931 2984//2931
f 2987//2934 2988//2934 2989//2934
f 2990//2935 2989//2935 2991//2935
f 2992//2936 2991//2936 2993//2936
f 2994//2937 2993//2937 2995//2937
f 2996//2938 2995//2938 2980//2938
f 2980//2938 2979//2938 2996//2938
f 2995//2937 2996//2937 2994//2937
f 2993//2936 2994//2936 2992//2936
f 2991//2935 2992//2935 2990//2935
f 2989//2934 2990//2934 2987//2934
f 2439//2939 2437//2939 2997//2939
f 2828//2940 2322//2940 2327//2940
f 2443//2941 2998//2941 2999//2941
f 2441//2942 3000//2942 2998//2942
f 3000//2943 2441//2943 2439//2943
f 2437//2944 2435//2944 3001//2944
f 2828//2945 2317//2945 2322//2945
f 3002//2939 2447//2939 3003//2939
f 2445//2946 2999//2946 3003//2946
f 2998//2947 2443//2947 2441//2947
f 3001//2948 2997//2948 2437//2948
f 2828//2949 2312//2949 2317//2949
f 2307//2950 2312//2950 2828//2950
f 2435//2951 1929//2951 2307//2951
f 1929//2952 2435//2952 1917//2952
f 3003//2953 2447//2953 2445//2953
f 2997//2954 3000//2954 2439//2954
f 2828//2955 3001//2955 2307//2955
f 1917//2956 1918//2956 1929//2956
f 2999//2957 2445//2957 2443//2957
f 2307//2958 3001//2958 2435//2958
f 2327//2959 2786//2959 2828//2959
f 3003//2939 3004//2939 3002//2939
f 3003//2960 2999//2960 2830//2960
f 2998//2961 2832//2961 2831//2961
f 2831//2962 2999//2962 2998//2962
f 3000//2963 2834//2963 2833//2963
f 2833//2964 2998//2964 3000//2964
f 3000//2965 2997//2965 2835//2965
f 2997//2966 2837//2966 2835//2966
f 2997//2967 3001//2967 2836//2967
f 3001//2968 2838//2968 2836//2968
f 3001//2969 2828//2969 2809//2969
f 2809//2969 2838//2969 3001//2969
f 2836//2970 2837//2970 2997//2970
f 2835//2971 2834//2971 3000//2971
f 2833//2972 2832//2972 2998//2972
f 2831//2973 2830//2973 2999//2973
f 2830//2960 2829//2960 3003//2960
f 3005//2974 3002//2974 3004//2974
f 3006//2975 3005//2975 3007//2975
f 2987//2976 3006//2976 3008//2976
f 3008//2976 2988//2976 2987//2976
f 3007//2975 3008//2975 3006//2975
f 3004//2974 3007//2974 3005//2974
f 2988//2977 3009//2977 3010//2977
f 2989//2978 3010//2978 3011//2978
f 2991//2979 3011//2979 3012//2979
f 2993//2980 3012//2980 3013//2980
f 2995//2981 3013//2981 2984//2981
f 2984//2981 2980//2981 2995//2981
f 3013//2980 2995//2980 2993//2980
f 3012//2982 2993//2982 2991//2982
f 3011//2978 2991//2978 2989//2978
f 3010//2977 2989//2977 2988//2977
f 3014//2983 3015//2983 3007//2983
f 3015//2984 3016//2984 3008//2984
f 3016//2985 3009//2985 2988//2985
f 2988//2985 3008//2985 3016//2985
f 3008//2984 3007//2984 3015//2984
f 3007//2983 3004//2983 3014//2983
f 2829//2986 3014//2986 3004//2986
f 3004//2987 3003//2987 2829//2987
f 2448//2988 3017//2988 3018//2988
f 2448//2988 3019//2988 3017//2988
f 2448//2988 3020//2988 3019//2988
f 3021//2988 3022//2988 3023//2988
f 2881//2988 3024//2988 3025//2988
f 2883//2988 3026//2988 3024//2988
f 2885//2988 3027//2988 3026//2988
f 2887//2988 3028//2988 3027//2988
f 2448//2988 3029//2988 3020//2988
f 3023//2988 2448//2988 3021//2988
f 3030//2988 3031//2988 3021//2988
f 3024//2988 2881//2988 2883//2988
f 3027//2988 2885//2988 2887//2988
f 3032//2988 3033//2988 3034//2988
f 3023//2988 3029//2988 2448//2988
f 3021//2988 3035//2988 3030//2988
f 3026//2988 2883//2988 2885//2988
f 3034//2988 3036//2988 3032//2988
f 3031//2988 3022//2988 3021//2988
f 2887//2988 3037//2988 3028//2988
f 3036//2988 2887//2988 3032//2988
f 3032//2988 2891//2988 2874//2988
f 3032//2988 2887//2988 2889//2988
f 3038//2988 2865//2988 2864//2988
f 3039//2988 2867//2988 2849//2988
f 3018//2988 3040//2988 2448//2988
f 3018//2988 3017//2988 3041//2988
f 3036//2988 3037//2988 2887//2988
f 2889//2988 2891//2988 3032//2988
f 3038//2988 2874//2988 2865//2988
f 3039//2988 2864//2988 2867//2988
f 2852//2988 3042//2988 3043//2988
f 2856//2988 2858//2988 3044//2988
f 3045//2988 3046//2988 2841//2988
f 3047//2988 3045//2988 2843//2988
f 2448//2988 3048//2988 3021//2988
f 3041//2988 3049//2988 3050//2988
f 3051//2988 3052//2988 3053//2988
f 3054//2988 3055//2988 3056//2988
f 3033//2988 3055//2988 3054//2988
f 3024//2988 3057//2988 3025//2988
f 2864//2988 3039//2988 3038//2988
f 3043//2988 2849//2988 2852//2988
f 2854//2988 3058//2988 3042//2988
f 3058//2988 2854//2988 2856//2988
f 2858//2988 2841//2988 3046//2988
f 2841//2988 2840//2988 3045//2988
f 2843//2988 2827//2988 3047//2988
f 3059//2988 3060//2988 3061//2988
f 3041//2988 3050//2988 3018//2988
f 2448//2988 3062//2988 3063//2988
f 2923//2988 2925//2988 3064//2988
f 3065//2988 2876//2988 2879//2988
f 3053//2988 3066//2988 3067//2988
f 3056//2988 3051//2988 3054//2988
f 3025//2988 3065//2988 2881//2988
f 2849//2988 3043//2988 3039//2988
f 3044//2988 3058//2988 2856//2988
f 2840//2988 2843//2988 3045//2988
f 2448//2988 3068//2988 3047//2988
f 3059//2988 3069//2988 3060//2988
f 3030//2988 3035//2988 3070//2988
f 3063//2988 3048//2988 2448//2988
f 2954//2988 2956//2988 3071//2988
f 3072//2988 3073//2988 3074//2988
f 2921//2988 3075//2988 3076//2988
f 3075//2988 2921//2988 2923//2988
f 3077//2988 3078//2988 2901//2988
f 3065//2988 2905//2988 2876//2988
f 3065//2988 3077//2988 2903//2988
f 3053//2988 3041//2988 3066//2988
f 3054//2988 3034//2988 3033//2988
f 3042//2988 2852//2988 2854//2988
f 2827//2988 2448//2988 3047//2988
f 3070//2988 3061//2988 3030//2988
f 3041//2988 3053//2988 3049//2988
f 2448//2988 2447//2988 3079//2988
f 3080//2988 3081//2988 3082//2988
f 2956//2988 3083//2988 3071//2988
f 3072//2988 3084//2988 3073//2988
f 3072//2988 2958//2988 2960//2988
f 3085//2988 2944//2988 2912//2988
f 2915//2988 3086//2988 3087//2988
f 2917//2988 3088//2988 3086//2988
f 2919//2988 3076//2988 3088//2988
f 3064//2988 3075//2988 2923//2988
f 2927//2988 2929//2988 3089//2988
f 2929//2988 2901//2988 3078//2988
f 2901//2988 2900//2988 3077//2988
f 2903//2988 2905//2988 3065//2988
f 3056//2988 3052//2988 3051//2988
f 3046//2988 3044//2988 2858//2988
f 3040//2988 3068//2988 2448//2988
f 3079//2988 3090//2988 2448//2988
f 3057//2988 3091//2988 3080//2988
f 3092//2988 3093//2988 3094//2988
f 2956//2988 3095//2988 3083//2988
f 3074//2988 2956//2988 3072//2988
f 3072//2988 2962//2988 2964//2988
f 3072//2988 2956//2988 2958//2988
f 3096//2988 2964//2988 2966//2988
f 2994//2988 2996//2988 3097//2988
f 3098//2988 3099//2988 2979//2988
f 3100//2988 3098//2988 2981//2988
f 3085//2988 2942//2988 2944//2988
f 3086//2988 2915//2988 2917//2988
f 3076//2988 2919//2988 2921//2988
f 2925//2988 2927//2988 3101//2988
f 3078//2988 3089//2988 2929//2988
f 2879//2988 2881//2988 3065//2988
f 2874//2988 3038//2988 3032//2988
f 3090//2988 3062//2988 2448//2988
f 3057//2988 3024//2988 3091//2988
f 3094//2988 3081//2988 3092//2988
f 3084//2988 3093//2988 3092//2988
f 3074//2988 3095//2988 2956//2988
f 2960//2988 2962//2988 3072//2988
f 3096//2988 2939//2988 2942//2988
f 2966//2988 2940//2988 3096//2988
f 3102//2988 2992//2988 2994//2988
f 2996//2988 2979//2988 3099//2988
f 2979//2988 2978//2988 3098//2988
f 2981//2988 2975//2988 3100//2988
f 2951//2988 3069//2988 3103//2988
f 3087//2988 2912//2988 2915//2988
f 3101//2988 3064//2988 2925//2988
f 2900//2988 2903//2988 3077//2988
f 3061//2988 3070//2988 3059//2988
f 3094//2988 3082//2988 3081//2988
f 3092//2988 3104//2988 3084//2988
f 2964//2988 3096//2988 3072//2988
f 2940//2988 2939//2988 3096//2988
f 3099//2988 3097//2988 2996//2988
f 2975//2988 2951//2988 3100//2988
f 3103//2988 3100//2988 2951//2988
f 3088//2988 2917//2988 2919//2988
f 3053//2988 3067//2988 3051//2988
f 3104//2988 3073//2988 3084//2988
f 2942//2988 3085//2988 3096//2988
f 2978//2988 2981//2988 3098//2988
f 3069//2988 3059//2988 3103//2988
f 3089//2988 3101//2988 2927//2988
f 3071//2988 3069//2988 2954//2988
f 3105//2988 3002//2988 3005//2988
f 3106//2988 3006//2988 2987//2988
f 2951//2988 2954//2988 3069//2988
f 3082//2988 3057//2988 3080//2988
f 3105//2988 2447//2988 3002//2988
f 3106//2988 3005//2988 3006//2988
f 2990//2988 3107//2988 3108//2988
f 2992//2988 3102//2988 3107//2988
f 2912//2988 3087//2988 3085//2988
f 2447//2988 3105//2988 3109//2988
f 2987//2988 3108//2988 3106//2988
f 3107//2988 2990//2988 2992//2988
f 3109//2988 3079//2988 2447//2988
f 3108//2988 2987//2988 2990//2988
f 3005//2988 3106//2988 3105//2988
f 3097//2988 3102//2988 2994//2988
f 3110//2989 3111//2989 3036//2989
f 3112//2990 3110//2990 3034//2990
f 3113//2991 3112//2991 3054//2991
f 3114//2992 3113//2992 3051//2992
f 3115//2993 3114//2993 3067//2993
f 3116//2994 3115//2994 3066//2994
f 3117//2995 3116//2995 3041//2995
f 3118//2996 3117//2996 3017//2996
f 3119//2997 3118//2997 3019//2997
f 3120//2998 3119//2998 3020//2998
f 3121//2999 3120//2999 3029//2999
f 3122//3000 3121//3000 3023//3000
f 3123//3001 3122//3001 3022//3001
f 3124//3002 3123//3002 3031//3002
f 3125//3003 3124//3003 3030//3003
f 3126//3004 3125//3004 3061//3004
f 3127//3005 3126//3005 3060//3005
f 3128//3006 3127//3006 3069//3006
f 3129//3007 3128//3007 3071//3007
f 3130//3008 3129//3008 3083//3008
f 3131//3009 3130//3009 3095//3009
f 3132//3010 3131//3010 3074//3010
f 3133//3011 3132//3011 3073//3011
f 3134//3012 3133//3012 3104//3012
f 3135//3013 3134//3013 3092//3013
f 3136//3014 3135//3014 3081//3014
f 3137//3015 3136//3015 3080//3015
f 3138//3016 3137//3016 3091//3016
f 3139//3017 3138//3017 3024//3017
f 3140//3018 3139//3018 3026//3018
f 3141//3019 3140//3019 3027//3019
f 3142//3020 3141//3020 3028//3020
f 3111//3021 3142//3021 3037//3021
f 3037//3021 3036//3021 3111//3021
f 3028//3020 3037//3020 3142//3020
f 3027//3019 3028//3019 3141//3019
f 3026//3018 3027//3018 3140//3018
f 3024//3017 3026//3017 3139//3017
f 3091//3016 3024//3016 3138//3016
f 3080//3015 3091//3015 3137//3015
f 3081//3014 3080//3014 3136//3014
f 3092//3013 3081//3013 3135//3013
f 3104//3012 3092//3012 3134//3012
f 3073//3011 3104//3011 3133//3011
f 3074//3010 3073//3010 3132//3010
f 3095//3009 3074//3009 3131//3009
f 3083//3008 3095//3008 3130//3008
f 3071//3007 3083//3007 3129//3007
f 3069//3006 3071//3006 3128//3006
f 3060//3005 3069//3005 3127//3005
f 3061//3004 3060//3004 3126//3004
f 3030//3003 3061//3003 3125//3003
f 3031//3002 3030//3002 3124//3002
f 3022//3001 3031//3001 3123//3001
f 3023//3000 3022//3000 3122//3000
f 3029//2999 3023//2999 3121//2999
f 3020//2998 3029//2998 3120//2998
f 3019//2997 3020//2997 3119//2997
f 3017//2996 3019//2996 3118//2996
f 3041//2995 3017//2995 3117//2995
f 3066//2994 3041//2994 3116//2994
f 3067//2993 3066//2993 3115//2993
f 3051//2992 3067//2992 3114//2992
f 3054//2991 3051//2991 3113//2991
f 3034//2990 3054//2990 3112//2990
f 3036//2989 3034//2989 3110//2989
f 3103//3022 3059//3022 3143//3022
f 3059//3023 3070//3023 3144//3023
f 3070//3024 3035//3024 3145//3024
f 3035//3025 3021//3025 3146//3025
f 3021//3026 3048//3026 3147//3026
f 3048//3027 3063//3027 3148//3027
f 3063//3028 3062//3028 3149//3028
f 3062//3029 3090//3029 3150//3029
f 3090//3030 3079//3030 3151//3030
f 3079//3031 3109//3031 3152//3031
f 3109//3032 3105//3032 3153//3032
f 3105//3033 3106//3033 3154//3033
f 3106//3034 3108//3034 3155//3034
f 3108//3035 3107//3035 3156//3035
f 3107//3036 3102//3036 3157//3036
f 3102//3037 3097//3037 3158//3037
f 3097//3038 3099//3038 3159//3038
f 3099//3039 3098//3039 3160//3039
f 3098//3040 3100//3040 3161//3040
f 3100//3041 3103//3041 3162//3041
f 3162//3041 3161//3041 3100//3041
f 3161//3040 3160//3040 3098//3040
f 3160//3039 3159//3039 3099//3039
f 3159//3038 3158//3038 3097//3038
f 3158//3037 3157//3037 3102//3037
f 3157//3036 3156//3036 3107//3036
f 3156//3035 3155//3035 3108//3035
f 3155//3034 3154//3034 3106//3034
f 3154//3033 3153//3033 3105//3033
f 3153//3032 3152//3032 3109//3032
f 3152//3031 3151//3031 3079//3031
f 3151//3030 3150//3030 3090//3030
f 3150//3029 3149//3029 3062//3029
f 3149//3028 3148//3028 3063//3028
f 3148//3027 3147//3027 3048//3027
f 3147//3026 3146//3026 3021//3026
f 3146//3025 3145//3025 3035//3025
f 3145//3024 3144//3024 3070//3024
f 3144//3023 3143//3023 3059//3023
f 3143//3022 3162//3022 3103//3022
f 3163//3042 3164//3042 3147//3042
f 3165//3043 3163//3043 3148//3043
f 3166//3044 3165//3044 3149//3044
f 3167//3045 3166//3045 3150//3045
f 3168//3046 3167//3046 3151//3046
f 3169//3047 3168//3047 3152//3047
f 3170//3048 3169//3048 3153//3048
f 3171//2708 3170//2708 3154//2708
f 3172//3049 3171//3049 3155//3049
f 3173//3050 3172//3050 3156//3050
f 3174//3051 3173//3051 3157//3051
f 3175//3052 3174//3052 3158//3052
f 3176//3053 3175//3053 3159//3053
f 3177//3054 3176//3054 3160//3054
f 3178//3055 3177//3055 3161//3055
f 3179//3056 3178//3056 3162//3056
f 3180//3057 3179//3057 3143//3057
f 3181//3058 3180//3058 3144//3058
f 3182//3059 3181//3059 3145//3059
f 3164//3060 3182//3060 3146//3060
f 3146//3060 3147//3060 3164//3060
f 3145//3059 3146//3059 3182//3059
f 3144//3058 3145//3058 3181//3058
f 3143//3057 3144//3057 3180//3057
f 3162//3056 3143//3056 3179//3056
f 3161//3055 3162//3055 3178//3055
f 3160//3054 3161//3054 3177//3054
f 3159//3053 3160//3053 3176//3053
f 3158//3052 3159//3052 3175//3052
f 3157//3051 3158//3051 3174//3051
f 3156//3050 3157//3050 3173//3050
f 3155//3049 3156//3049 3172//3049
f 3154//2708 3155//2708 3171//2708
f 3153//3048 3154//3048 3170//3048
f 3152//3047 3153//3047 3169//3047
f 3151//3046 3152//3046 3168//3046
f 3150//3045 3151//3045 3167//3045
f 3149//3044 3150//3044 3166//3044
f 3148//3043 3149//3043 3165//3043
f 3147//3042 3148//3042 3163//3042
f 3183//3061 3184//3061 3167//3061
f 3184//3062 3185//3062 3166//3062
f 3185//3063 3186//3063 3165//3063
f 3186//3064 3187//3064 3163//3064
f 3187//3065 3188//3065 3164//3065
f 3188//3066 3189//3066 3182//3066
f 3189//3067 3190//3067 3181//3067
f 3190//3068 3191//3068 3180//3068
f 3191//3069 3192//3069 3179//3069
f 3192//3070 3193//3070 3178//3070
f 3193//3071 3194//3071 3177//3071
f 3194//3072 3195//3072 3176//3072
f 3195//3073 3196//3073 3175//3073
f 3196//3074 3197//3074 3174//3074
f 3197//3075 3198//3075 3173//3075
f 3198//3076 3199//3076 3172//3076
f 3199//3077 3200//3077 3171//3077
f 3200//3078 3201//3078 3170//3078
f 3201//3079 3202//3079 3169//3079
f 3202//3080 3183//3080 3168//3080
f 3168//3080 3169//3080 3202//3080
f 3169//3079 3170//3079 3201//3079
f 3170//3078 3171//3078 3200//3078
f 3171//3077 3172//3077 3199//3077
f 3172//3076 3173//3076 3198//3076
f 3173//3075 3174//3075 3197//3075
f 3174//3074 3175//3074 3196//3074
f 3175//3073 3176//3073 3195//3073
f 3176//3072 3177//3072 3194//3072
f 3177//3071 3178//3071 3193//3071
f 3178//3070 3179//3070 3192//3070
f 3179//3069 3180//3069 3191//3069
f 3180//3068 3181//3068 3190//3068
f 3181//3067 3182//3067 3189//3067
f 3182//3066 3164//3066 3188//3066
f 3164//3065 3163//3065 3187//3065
f 3163//3064 3165//3064 3186//3064
f 3165//3063 3166//3063 3185//3063
f 3166//3062 3167//3062 3184//3062
f 3167//3061 3168//3061 3183//3061
f 3085//3037 3087//3037 3203//3037
f 3087//3038 3086//3038 3204//3038
f 3086//3039 3088//3039 3205//3039
f 3088//3040 3076//3040 3206//3040
f 3076//3041 3075//3041 3207//3041
f 3075//3022 3064//3022 3208//3022
f 3064//3023 3101//3023 3209//3023
f 3101//3024 3089//3024 3210//3024
f 3089//3025 3078//3025 3211//3025
f 3078//3026 3077//3026 3212//3026
f 3077//3027 3065//3027 3213//3027
f 3065//3028 3025//3028 3214//3028
f 3025//3029 3057//3029 3215//3029
f 3057//3030 3082//3030 3216//3030
f 3082//3031 3094//3031 3217//3031
f 3094//3032 3093//3032 3218//3032
f 3093//3033 3084//3033 3219//3033
f 3084//3034 3072//3034 3220//3034
f 3072//3035 3096//3035 3221//3035
f 3096//3036 3085//3036 3222//3036
f 3222//3036 3221//3036 3096//3036
f 3221//3035 3220//3035 3072//3035
f 3220//3034 3219//3034 3084//3034
f 3219//3033 3218//3033 3093//3033
f 3218//3032 3217//3032 3094//3032
f 3217//3031 3216//3031 3082//3031
f 3216//3030 3215//3030 3057//3030
f 3215//3029 3214//3029 3025//3029
f 3214//3028 3213//3028 3065//3028
f 3213//3027 3212//3027 3077//3027
f 3212//3026 3211//3026 3078//3026
f 3211//3025 3210//3025 3089//3025
f 3210//3024 3209//3024 3101//3024
f 3209//3023 3208//3023 3064//3023
f 3208//3022 3207//3022 3075//3022
f 3207//3041 3206//3041 3076//3041
f 3206//3040 3205//3040 3088//3040
f 3205//3039 3204//3039 3086//3039
f 3204//3038 3203//3038 3087//3038
f 3203//3037 3222//3037 3085//3037
f 3223//3042 3224//3042 3212//3042
f 3225//3043 3223//3043 3213//3043
f 3226//3044 3225//3044 3214//3044
f 3227//3045 3226//3045 3215//3045
f 3228//3046 3227//3046 3216//3046
f 3229//3047 3228//3047 3217//3047
f 3230//3048 3229//3048 3218//3048
f 3231//2708 3230//2708 3219//2708
f 3232//3049 3231//3049 3220//3049
f 3233//3050 3232//3050 3221//3050
f 3234//3051 3233//3051 3222//3051
f 3235//3052 3234//3052 3203//3052
f 3236//3053 3235//3053 3204//3053
f 3237//3054 3236//3054 3205//3054
f 3238//3055 3237//3055 3206//3055
f 3239//3056 3238//3056 3207//3056
f 3240//3057 3239//3057 3208//3057
f 3241//3058 3240//3058 3209//3058
f 3242//3059 3241//3059 3210//3059
f 3224//3060 3242//3060 3211//3060
f 3211//3060 3212//3060 3224//3060
f 3210//3059 3211//3059 3242//3059
f 3209//3058 3210//3058 3241//3058
f 3208//3057 3209//3057 3240//3057
f 3207//3056 3208//3056 3239//3056
f 3206//3055 3207//3055 3238//3055
f 3205//3054 3206//3054 3237//3054
f 3204//3053 3205//3053 3236//3053
f 3203//3052 3204//3052 3235//3052
f 3222//3051 3203//3051 3234//3051
f 3221//3050 3222//3050 3233//3050
f 3220//3049 3221//3049 3232//3049
f 3219//2708 3220//2708 3231//2708
f 3218//3048 3219//3048 3230//3048
f 3217//3047 3218//3047 3229//3047
f 3216//3046 3217//3046 3228//3046
f 3215//3045 3216//3045 3227//3045
f 3214//3044 3215//3044 3226//3044
f 3213//3043 3214//3043 3225//3043
f 3212//3042 3213//3042 3223//3042
f 3243//3066 3244//3066 3242//3066
f 3244//3067 3245//3067 3241//3067
f 3245//3068 3246//3068 3240//3068
f 3246//3069 3247//3069 3239//3069
f 3247//3070 3248//3070 3238//3070
f 3248//3071 3249//3071 3237//3071
f 3249//3072 3250//3072 3236//3072
f 3250//3073 3251//3073 3235//3073
f 3251//3074 3252//3074 3234//3074
f 3252//3075 3253//3075 3233//3075
f 3253//3076 3254//3076 3232//3076
f 3254//3077 3255//3077 3231//3077
f 3255//3078 3256//3078 3230//3078
f 3256//3079 3257//3079 3229//3079
f 3257//3080 3258//3080 3228//3080
f 3258//3061 3259//3061 3227//3061
f 3259//3062 3260//3062 3226//3062
f 3260//3063 3261//3063 3225//3063
f 3261//3064 3262//3064 3223//3064
f 3262//3065 3243//3065 3224//3065
f 3224//3065 3223//3065 3262//3065
f 3223//3064 3225//3064 3261//3064
f 3225//3063 3226//3063 3260//3063
f 3226//3062 3227//3062 3259//3062
f 3227//3061 3228//3061 3258//3061
f 3228//3080 3229//3080 3257//3080
f 3229//3079 3230//3079 3256//3079
f 3230//3078 3231//3078 3255//3078
f 3231//3077 3232//3077 3254//3077
f 3232//3076 3233//3076 3253//3076
f 3233//3075 3234//3075 3252//3075
f 3234//3074 3235//3074 3251//3074
f 3235//3073 3236//3073 3250//3073
f 3236//3072 3237//3072 3249//3072
f 3237//3071 3238//3071 3248//3071
f 3238//3070 3239//3070 3247//3070
f 3239//3069 3240//3069 3246//3069
f 3240//3068 3241//3068 3245//3068
f 3241//3067 3242//3067 3244//3067
f 3242//3066 3224//3066 3243//3066
f 3032//3022 3038//3022 3263//3022
f 3038//3023 3039//3023 3264//3023
f 3039//3024 3043//3024 3265//3024
f 3043//3025 3042//3025 3266//3025
f 3042//3026 3058//3026 3267//3026
f 3058//3027 3044//3027 3268//3027
f 3044//3028 3046//3028 3269//3028
f 3046//3029 3045//3029 3270//3029
f 3045//3030 3047//3030 3271//3030
f 3047//3031 3068//3031 3272//3031
f 3068//3032 3040//3032 3273//3032
f 3040//3033 3018//3033 3274//3033
f 3018//3034 3050//3034 3275//3034
f 3050//3035 3049//3035 3276//3035
f 3049//3036 3053//3036 3277//3036
f 3053//3037 3052//3037 3278//3037
f 3052//3038 3056//3038 3279//3038
f 3056//3039 3055//3039 3280//3039
f 3055//3040 3033//3040 3281//3040
f 3033//3041 3032//3041 3282//3041
f 3282//3041 3281//3041 3033//3041
f 3281//3040 3280//3040 3055//3040
f 3280//3039 3279//3039 3056//3039
f 3279//3038 3278//3038 3052//3038
f 3278//3037 3277//3037 3053//3037
f 3277//3036 3276//3036 3049//3036
f 3276//3035 3275//3035 3050//3035
f 3275//3034 3274//3034 3018//3034
f 3274//3033 3273//3033 3040//3033
f 3273//3032 3272//3032 3068//3032
f 3272//3031 3271//3031 3047//3031
f 3271//3030 3270//3030 3045//3030
f 3270//3029 3269//3029 3046//3029
f 3269//3028 3268//3028 3044//3028
f 3268//3027 3267//3027 3058//3027
f 3267//3026 3266//3026 3042//3026
f 3266//3025 3265//3025 3043//3025
f 3265//3024 3264//3024 3039//3024
f 3264//3023 3263//3023 3038//3023
f 3263//3022 3282//3022 3032//3022
f 3283//3042 3284//3042 3267//3042
f 3285//3043 3283//3043 3268//3043
f 3286//3044 3285//3044 3269//3044
f 3287//3045 3286//3045 3270//3045
f 3288//3046 3287//3046 3271//3046
f 3289//3047 3288//3047 3272//3047
f 3290//3048 3289//3048 3273//3048
f 3291//2708 3290//2708 3274//2708
f 3292//3049 3291//3049 3275//3049
f 3293//3050 3292//3050 3276//3050
f 3294//3051 3293//3051 3277//3051
f 3295//3052 3294//3052 3278//3052
f 3296//3053 3295//3053 3279//3053
f 3297//3054 3296//3054 3280//3054
f 3298//3055 3297//3055 3281//3055
f 3299//3056 3298//3056 3282//3056
f 3300//3057 3299//3057 3263//3057
f 3301//3058 3300//3058 3264//3058
f 3302//3059 3301//3059 3265//3059
f 3284//3060 3302//3060 3266//3060
f 3266//3060 3267//3060 3284//3060
f 3265//3059 3266//3059 3302//3059
f 3264//3058 3265//3058 3301//3058
f 3263//3057 3264//3057 3300//3057
f 3282//3056 3263//3056 3299//3056
f 3281//3055 3282//3055 3298//3055
f 3280//3054 3281//3054 3297//3054
f 3279//3053 3280//3053 3296//3053
f 3278//3052 3279//3052 3295//3052
f 3277//3051 3278//3051 3294//3051
f 3276//3050 3277//3050 3293//3050
f 3275//3049 3276//3049 3292//3049
f 3274//2708 3275//2708 3291//2708
f 3273//3048 3274//3048 3290//3048
f 3272//3047 3273//3047 3289//3047
f 3271//3046 3272//3046 3288//3046
f 3270//3045 3271//3045 3287//3045
f 3269//3044 3270//3044 3286//3044
f 3268//3043 3269//3043 3285//3043
f 3267//3042 3268//3042 3283//3042
f 3303//3061 3304//3061 3287//3061
f 3304//3062 3305//3062 3286//3062
f 3305//3063 3306//3063 3285//3063
f 3306//3064 3307//3064 3283//3064
f 3307//3065 3308//3065 3284//3065
f 3308//3066 3309//3066 3302//3066
f 3309//3067 3310//3067 3301//3067
f 3310//3068 3311//3068 3300//3068
f 3311//3069 3312//3069 3299//3069
f 3312//3070 3313//3070 3298//3070
f 3313//3071 3314//3071 3297//3071
f 3314//3072 3315//3072 3296//3072
f 3315//3073 3316//3073 3295//3073
f 3316//3074 3317//3074 3294//3074
f 3317//3075 3318//3075 3293//3075
f 3318//3076 3319//3076 3292//3076
f 3319//3077 3320//3077 3291//3077
f 3320//3078 3321//3078 3290//3078
f 3321//3079 3322//3079 3289//3079
f 3322//3080 3303//3080 3288//3080
f 3288//3080 3289//3080 3322//3080
f 3289//3079 3290//3079 3321//3079
f 3290//3078 3291//3078 3320//3078
f 3291//3077 3292//3077 3319//3077
f 3292//3076 3293//3076 3318//3076
f 3293//3075 3294//3075 3317//3075
f 3294//3074 3295//3074 3316//3074
f 3295//3073 3296//3073 3315//3073
f 3296//3072 3297//3072 3314//3072
f 3297//3071 3298//3071 3313//3071
f 3298//3070 3299//3070 3312//3070
f 3299//3069 3300//3069 3311//3069
f 3300//3068 3301//3068 3310//3068
f 3301//3067 3302//3067 3309//3067
f 3302//3066 3284//3066 3308//3066
f 3284//3065 3283//3065 3307//3065
f 3283//3064 3285//3064 3306//3064
f 3285//3063 3286//3063 3305//3063
f 3286//3062 3287//3062 3304//3062
f 3287//3061 3288//3061 3303//3061
f 3193//1447 3192//1447 3323//1447
f 2829//1447 3318//1447 3324//1447
f 2969//1447 3325//1447 3326//1447
f 3323//1447 3325//1447 3193//1447
f 3324//1447 3327//1447 2829//1447
f 3318//1447 3317//1447 3328//1447
f 2969//1447 3329//1447 3330//1447
f 3325//1447 2969//1447 3193//1447
f 2875//1447 3331//1447 3332//1447
f 2829//1447 3333//1447 3185//1447
f 3327//1447 3334//1447 2829//1447
f 3328//1447 3335//1447 3318//1447
f 3255//1447 2969//1447 3336//1447
f 3326//1447 3329//1447 2969//1447
f 3257//1447 3337//1447 3338//1447
f 3332//1447 3339//1447 2875//1447
f 2898//1447 3340//1447 3341//1447
f 2829//1447 3342//1447 3333//1447
f 3335//1447 3324//1447 3318//1447
f 3330//1447 3336//1447 2969//1447
f 3256//1447 3336//1447 3337//1447
f 3343//1447 3338//1447 3344//1447
f 3345//1447 3258//1447 3257//1447
f 3338//1447 3346//1447 3257//1447
f 3346//1447 3347//1447 3257//1447
f 2875//1447 3341//1447 3331//1447
f 3341//1447 2899//1447 2898//1447
f 3341//1447 2875//1447 2899//1447
f 3334//1447 3342//1447 2829//1447
f 3348//1447 3349//1447 3190//1447
f 3191//1447 3190//1447 3349//1447
f 3337//1447 3257//1447 3256//1447
f 3343//1447 3350//1447 3351//1447
f 3344//1447 3352//1447 3343//1447
f 3339//1447 3353//1447 2875//1447
f 3261//1447 3354//1447 3340//1447
f 3193//1447 2968//1447 2967//1447
f 3194//1447 2986//1447 2985//1447
f 3194//1447 2967//1447 2977//1447
f 3328//1447 3317//1447 3316//1447
f 3185//1447 3184//1447 2829//1447
f 3186//1447 3333//1447 3355//1447
f 3188//1447 3356//1447 3348//1447
f 3188//1447 3355//1447 3357//1447
f 3349//1447 3323//1447 3191//1447
f 3336//1447 3256//1447 3255//1447
f 3352//1447 3350//1447 3343//1447
f 3257//1447 3347//1447 3345//1447
f 3338//1447 3343//1447 3346//1447
f 3358//1447 3260//1447 3359//1447
f 3340//1447 2898//1447 3261//1447
f 3261//1447 3360//1447 3361//1447
f 3261//1447 3260//1447 3358//1447
f 3193//1447 2969//1447 2968//1447
f 2977//1447 2986//1447 3194//1447
f 3195//1447 2985//1447 2984//1447
f 3013//1447 3197//1447 3196//1447
f 3012//1447 3198//1447 3197//1447
f 3202//1447 3201//1447 3016//1447
f 3184//1447 3183//1447 2829//1447
f 3355//1447 3187//1447 3186//1447
f 3357//1447 3356//1447 3188//1447
f 3192//1447 3191//1447 3323//1447
f 3351//1447 3362//1447 3343//1447
f 3345//1447 3363//1447 3259//1447
f 3260//1447 3364//1447 3359//1447
f 3260//1447 3259//1447 3363//1447
f 3361//1447 3354//1447 3261//1447
f 3358//1447 3365//1447 3261//1447
f 2985//1447 3195//1447 3194//1447
f 3196//1447 2984//1447 3013//1447
f 3197//1447 3013//1447 3012//1447
f 3011//1447 3010//1447 3199//1447
f 3010//1447 3009//1447 3200//1447
f 3201//1447 3200//1447 3009//1447
f 3016//1447 3015//1447 3202//1447
f 3183//1447 3202//1447 3014//1447
f 3314//1447 3366//1447 3367//1447
f 3186//1447 3185//1447 3333//1447
f 2829//1447 3320//1447 3319//1447
f 3254//1447 3253//1447 2950//1447
f 3255//1447 2972//1447 2971//1447
f 3255//1447 3254//1447 2974//1447
f 3190//1447 3189//1447 3348//1447
f 3259//1447 3258//1447 3345//1447
f 3363//1447 3364//1447 3260//1447
f 3365//1447 3360//1447 3261//1447
f 2984//1447 3196//1447 3195//1447
f 3199//1447 3198//1447 3011//1447
f 3009//1447 3016//1447 3201//1447
f 3014//1447 2829//1447 3183//1447
f 3314//1447 3353//1447 3366//1447
f 3319//1447 3318//1447 2829//1447
f 3312//1447 2871//1447 2870//1447
f 3312//1447 3311//1447 2872//1447
f 3254//1447 2948//1447 2947//1447
f 2950//1447 2949//1447 3254//1447
f 2971//1447 2970//1447 3255//1447
f 2974//1447 2973//1447 3255//1447
f 3012//1447 3011//1447 3198//1447
f 3015//1447 3014//1447 3202//1447
f 3367//1447 3316//1447 3315//1447
f 3355//1447 3188//1447 3187//1447
f 2829//1447 2825//1447 3322//1447
f 2861//1447 2860//1447 3309//1447
f 2860//1447 2859//1447 3310//1447
f 3311//1447 3310//1447 2859//1447
f 2872//1447 2871//1447 3312//1447
f 2931//1447 2930//1447 3252//1447
f 3253//1447 3252//1447 2930//1447
f 2949//1447 2948//1447 3254//1447
f 2973//1447 2972//1447 3255//1447
f 3359//1447 3368//1447 3358//1447
f 3200//1447 3199//1447 3010//1447
f 3316//1447 3367//1447 3328//1447
f 3322//1447 3321//1447 2829//1447
f 3310//1447 3309//1447 2860//1447
f 2870//1447 2875//1447 3312//1447
f 3353//1447 3314//1447 3313//1447
f 2930//1447 2950//1447 3253//1447
f 2970//1447 2969//1447 3255//1447
f 2967//1447 3194//1447 3193//1447
f 3321//1447 3320//1447 2829//1447
f 2935//1447 3248//1447 3247//1447
f 2859//1447 2872//1447 3311//1447
f 3313//1447 2875//1447 3353//1447
f 2947//1447 2974//1447 3254//1447
f 3367//1447 3315//1447 3314//1447
f 3304//1447 2848//1447 2847//1447
f 2862//1447 3308//1447 3307//1447
f 2937//1447 3246//1447 3245//1447
f 2936//1447 3247//1447 3246//1447
f 3247//1447 2936//1447 2935//1447
f 2934//1447 2933//1447 3249//1447
f 3313//1447 3312//1447 2875//1447
f 3348//1447 3189//1447 3188//1447
f 3303//1447 2825//1447 2839//1447
f 3304//1447 2839//1447 2848//1447
f 3305//1447 2847//1447 2846//1447
f 2863//1447 3307//1447 3306//1447
f 3307//1447 2863//1447 2862//1447
f 3246//1447 2937//1447 2936//1447
f 3249//1447 3248//1447 2934//1447
f 2933//1447 2932//1447 3250//1447
f 2932//1447 2931//1447 3251//1447
f 3252//1447 3251//1447 2931//1447
f 2839//1447 3304//1447 3303//1447
f 2846//1447 3306//1447 3305//1447
f 2862//1447 2861//1447 3308//1447
f 3261//1447 2898//1447 2893//1447
f 2894//1447 2897//1447 2896//1447
f 3262//1447 2910//1447 2909//1447
f 2935//1447 2934//1447 3248//1447
f 3251//1447 3250//1447 2932//1447
f 3303//1447 3322//1447 2825//1447
f 3306//1447 2846//1447 2863//1447
f 2898//1447 2894//1447 2893//1447
f 2894//1447 2898//1447 2897//1447
f 3262//1447 2911//1447 2910//1447
f 3262//1447 2893//1447 2892//1447
f 3250//1447 3249//1447 2933//1447
f 2847//1447 3305//1447 3304//1447
f 2896//1447 2895//1447 2894//1447
f 2892//1447 2911//1447 3262//1447
f 3243//1447 2909//1447 2908//1447
f 2938//1447 3245//1447 3244//1447
f 3309//1447 3308//1447 2861//1447
f 2909//1447 3243//1447 3262//1447
f 3244//1447 2908//1447 2938//1447
f 2893//1447 3262//1447 3261//1447
f 3245//1447 2938//1447 2937//1447
f 2908//1447 3244//1447 3243//1447
f 3112//2988 3369//2988 3370//2988
f 3113//2988 3371//2988 3369//2988
f 3114//2988 3372//2988 3371//2988
f 3115//2988 3373//2988 3372//2988
f 3116//2988 3374//2988 3373//2988
f 3117//2988 3375//2988 3374//2988
f 3119//2988 3376//2988 3377//2988
f 3120//2988 3378//2988 3376//2988
f 3369//2988 3112//2988 3113//2988
f 3372//2988 3114//2988 3115//2988
f 3374//2988 3116//2988 3117//2988
f 3118//2988 3377//2988 3375//2988
f 3376//2988 3119//2988 3120//2988
f 3121//2988 3379//2988 3378//2988
f 3134//2988 3135//2988 3380//2988
f 3135//2988 3136//2988 3381//2988
f 3382//2988 3138//2988 3383//2988
f 3141//2988 3384//2988 3385//2988
f 3142//2988 3386//2988 3384//2988
f 3111//2988 3387//2988 3386//2988
f 3110//2988 3370//2988 3387//2988
f 3371//2988 3113//2988 3114//2988
f 3375//2988 3117//2988 3118//2988
f 3378//2988 3120//2988 3121//2988
f 3122//2988 3388//2988 3379//2988
f 3133//2988 3134//2988 3389//2988
f 3381//2988 3380//2988 3135//2988
f 3137//2988 3138//2988 3382//2988
f 3138//2988 3390//2988 3383//2988
f 3384//2988 3141//2988 3142//2988
f 3387//2988 3111//2988 3110//2988
f 3373//2988 3115//2988 3116//2988
f 3379//2988 3121//2988 3122//2988
f 3123//2988 3391//2988 3388//2988
f 3124//2988 3392//2988 3391//2988
f 3125//2988 3393//2988 3392//2988
f 3126//2988 3394//2988 3393//2988
f 3132//2988 3133//2988 3395//2988
f 3380//2988 3389//2988 3134//2988
f 3136//2988 3137//2988 3396//2988
f 3383//2988 3397//2988 3382//2988
f 3386//2988 3142//2988 3111//2988
f 3377//2988 3118//2988 3119//2988
f 3391//2988 3123//2988 3124//2988
f 3393//2988 3125//2988 3126//2988
f 3127//2988 3398//2988 3394//2988
f 3128//2988 3399//2988 3398//2988
f 3129//2988 3400//2988 3399//2988
f 3130//2988 3401//2988 3400//2988
f 3402//2988 3132//2988 3403//2988
f 3389//2988 3395//2988 3133//2988
f 3382//2988 3396//2988 3137//2988
f 3370//2988 3110//2988 3112//2988
f 3392//2988 3124//2988 3125//2988
f 3398//2988 3127//2988 3128//2988
f 3400//2988 3129//2988 3130//2988
f 3403//2988 3404//2988 3402//2988
f 3396//2988 3381//2988 3136//2988
f 3140//2988 3385//2988 3405//2988
f 3388//2988 3122//2988 3123//2988
f 3399//2988 3128//2988 3129//2988
f 3131//2988 3406//2988 3401//2988
f 3131//2988 3407//2988 3408//2988
f 3409//2988 3407//2988 3131//2988
f 3395//2988 3403//2988 3132//2988
f 3385//2988 3140//2988 3141//2988
f 3401//2988 3130//2988 3131//2988
f 3131//2988 3132//2988 3409//2988
f 3138//2988 3410//2988 3390//2988
f 3139//2988 3411//2988 3412//2988
f 3405//2988 3139//2988 3140//2988
f 3131//2988 3413//2988 3406//2988
f 3402//2988 3409//2988 3132//2988
f 3412//2988 3138//2988 3139//2988
f 3405//2988 3414//2988 3139//2988
f 3408//2988 3413//2988 3131//2988
f 3414//2988 3411//2988 3139//2988
f 3412//2988 3410//2988 3138//2988
f 3394//2988 3126//2988 3127//2988
f 3331//3081 3341//3081 3405//3081
f 3332//3082 3331//3082 3385//3082
f 3339//3083 3332//3083 3384//3083
f 3353//3084 3339//3084 3386//3084
f 3366//3085 3353//3085 3387//3085
f 3367//3086 3366//3086 3370//3086
f 3328//3087 3367//3087 3369//3087
f 3335//3088 3328//3088 3371//3088
f 3324//3089 3335//3089 3372//3089
f 3327//3090 3324//3090 3373//3090
f 3334//3091 3327//3091 3374//3091
f 3342//3092 3334//3092 3375//3092
f 3333//3093 3342//3093 3377//3093
f 3355//3094 3333//3094 3376//3094
f 3357//3095 3355//3095 3378//3095
f 3356//3096 3357//3096 3379//3096
f 3348//3097 3356//3097 3388//3097
f 3349//3098 3348//3098 3391//3098
f 3323//3099 3349//3099 3392//3099
f 3325//3100 3323//3100 3393//3100
f 3326//3101 3325//3101 3394//3101
f 3329//3102 3326//3102 3398//3102
f 3330//3103 3329//3103 3399//3103
f 3336//3104 3330//3104 3400//3104
f 3400//3104 3401//3104 3336//3104
f 3399//3103 3400//3103 3330//3103
f 3398//3102 3399//3102 3329//3102
f 3394//3101 3398//3101 3326//3101
f 3393//3100 3394//3100 3325//3100
f 3392//3099 3393//3099 3323//3099
f 3391//3098 3392//3098 3349//3098
f 3388//3097 3391//3097 3348//3097
f 3379//3096 3388//3096 3356//3096
f 3378//3095 3379//3095 3357//3095
f 3376//3094 3378//3094 3355//3094
f 3377//3093 3376//3093 3333//3093
f 3375//3092 3377//3092 3342//3092
f 3374//3091 3375//3091 3334//3091
f 3373//3090 3374//3090 3327//3090
f 3372//3089 3373//3089 3324//3089
f 3371//3088 3372//3088 3335//3088
f 3369//3087 3371//3087 3328//3087
f 3370//3086 3369//3086 3367//3086
f 3387//3085 3370//3085 3366//3085
f 3386//3084 3387//3084 3353//3084
f 3384//3083 3386//3083 3339//3083
f 3385//3082 3384//3082 3332//3082
f 3405//3081 3385//3081 3331//3081
f 3362//3058 3351//3058 3402//3058
f 3402//3058 3404//3058 3362//3058
f 3397//3053 3383//3053 3358//3053
f 3358//3053 3368//3053 3397//3053
f 3382//3105 3397//3105 3368//3105
f 3396//3106 3382//3106 3359//3106
f 3381//3107 3396//3107 3364//3107
f 3380//3108 3381//3108 3363//3108
f 3389//3109 3380//3109 3345//3109
f 3395//3110 3389//3110 3347//3110
f 3403//3111 3395//3111 3346//3111
f 3404//3112 3403//3112 3343//3112
f 3343//3112 3362//3112 3404//3112
f 3346//3111 3343//3111 3403//3111
f 3347//3110 3346//3110 3395//3110
f 3345//3109 3347//3109 3389//3109
f 3363//3108 3345//3108 3380//3108
f 3364//3107 3363//3107 3381//3107
f 3359//3106 3364//3106 3396//3106
f 3368//3105 3359//3105 3382//3105
f 3365//3113 3358//3113 3383//3113
f 3360//3114 3365//3114 3390//3114
f 3361//3115 3360//3115 3410//3115
f 3354//3116 3361//3116 3412//3116
f 3340//3117 3354//3117 3411//3117
f 3341//3118 3340//3118 3414//3118
f 3414//3118 3405//3118 3341//3118
f 3411//3117 3414//3117 3340//3117
f 3412//3116 3411//3116 3354//3116
f 3410//3115 3412//3115 3361//3115
f 3390//3114 3410//3114 3360//3114
f 3383//3113 3390//3113 3365//3113
f 3337//3119 3336//3119 3401//3119
f 3338//3120 3337//3120 3406//3120
f 3344//3121 3338//3121 3413//3121
f 3352//3122 3344//3122 3408//3122
f 3350//3123 3352//3123 3407//3123
f 3351//3124 3350//3124 3409//3124
f 3409//3124 3402//3124 3351//3124
f 3407//3123 3409//3123 3350//3123
f 3408//3122 3407//3122 3352//3122
f 3413//3121 3408//3121 3344//3121
f 3406//3120 3413//3120 3338//3120
f 3401//3119 3406//3119 3337//3119
#6844 polygons

