# Aspose.3D Wavefront OBJ Exporter
# Copyright 2004-2023 Aspose Pty Ltd.
# File created: 07/03/2023 18:03:43


#
# object obj_29003859
#

v 0 0.10394950211048126 0.06667499989271164
v 0.00672574155032634 0.10394950211048126 0.06633491069078445
v -0.06660468876361847 0.10394950211048126 -0.0030612873379141
v -0.06595615297555923 0.10394950211048126 -0.00976432114839553
v -0.02622103318572044 0.10394950211048126 0.06130263581871986
v -0.01990347541868686 0.10394950211048126 0.06363495439291
v -0.03227109834551811 0.10394950211048126 0.05834493786096573
v -0.06657375395298004 0.10394950211048126 0.0036729765124619
v -0.01338287070393562 0.10394950211048126 0.06531810015439987
v -0.00672574155032634 0.10394950211048126 0.06633491069078445
v -0.06898342072963715 0.1033114492893219 -0.00317061902023851
v -0.06895139068365097 0.1033114492893219 0.00380415422841906
v -0.06586367636919022 0.10394950211048126 0.01036977022886276
v -0.06821594387292862 0.1033114492893219 0.01074011903256177
v -0.06463476270437241 0.10394950211048126 -0.01636774465441703
v -0.06831172853708267 0.1033114492893219 -0.0101130474358797
v -0.06448168307542801 0.10394950211048126 0.01696077734231948
v -0.06678460538387299 0.1033114492893219 0.01756651885807514
v -0.06265400350093842 0.10394950211048126 -0.02280419319868088
v -0.06694314628839493 0.1033114492893219 -0.01695230789482593
v -0.06244188547134399 0.10394950211048126 0.02337875962257385
v -0.06467195600271225 0.1033114492893219 0.02421371452510357
v -0.0520777516067028 0.10394950211048126 -0.0518622063100338
v -0.06489165127277374 0.1033114492893219 -0.02361862920224666
v -0.05976508930325508 0.10394950211048126 0.02955824322998523
v -0.06189955770969391 0.1033114492893219 0.03061389364302158
v -0.056478600949049 0.10394950211048126 0.03543618693947792
v -0.05849569290876389 0.1033114492893219 0.03670176491141319
v -0.0526159442961216 0.10394950211048126 0.0409526340663433
v -0.05449508503079414 0.1033114492893219 0.04241522774100303
v -0.04821652546525002 0.10394950211048126 0.04605129733681679
v -0.04332523047924041 0.10394950211048126 0.05068017542362213
v -0.0379919521510601 0.10394950211048126 0.05479203537106514
v -0.04993854463100433 0.1033114492893219 0.04769598692655563
v -0.04470038041472435 0.10394950211048126 -0.05509544163942337
v -0.05208984017372131 0.10394947230815888 -0.05187329649925232
v -0.04487255960702896 0.1033114492893219 0.05249017849564552
v -0.04311518371105194 0.10394950211048126 -0.05573709681630135
v -0.04546328634023666 0.10350575298070908 -0.05695224553346634
v -0.03934880718588829 0.1033114492893219 0.0567488931119442
v -0.03536568582057953 0.10394950211048126 -0.05858633667230606
v -0.04385454207658767 0.1035107746720314 -0.0575917474925518
v -0.03342363983392715 0.1033114492893219 0.060428686439991
v -0.02763718552887439 0.10394950211048126 -0.06092426553368568
v -0.03598527237772941 0.10353372246026992 -0.06043119728565216
v -0.0271575003862381 0.1033114492893219 0.06349201500415802
v -0.01992145739495754 0.10394950211048126 -0.0627218633890152
v -0.02813013643026352 0.103553406894207 -0.06276080757379532
v -0.02061431296169757 0.1033114492893219 0.06590762734413147
v -0.01220222562551498 0.10394950211048126 -0.0639549195766449
v -0.02028180472552776 0.10356909781694412 -0.06455183029174805
v -0.01386083103716373 0.1033114492893219 0.06765089184045792
v -0.00696594687178731 0.1033114492893219 0.06870400905609131
v -0.00466431817039847 0.10394950211048126 -0.06459306180477142
v -0.01242510601878166 0.10358015447854996 -0.06578028202056885
v 0 0.1033114492893219 0.06905625015497208
v 0.00315693905577063 0.10394950211048126 -0.0646524503827095
v -0.00474994862452149 0.10358597338199616 -0.06641601026058197
v 0.00696594687178731 0.1033114492893219 0.06870400905609131
v 0.01097537018358707 0.10394950211048126 -0.06409729272127151
v 0.00321492343209683 0.10358651727437974 -0.06647516787052155
v 0.06586367636919022 0.10394950211048126 0.01036977022886276
v 0.06657375395298004 0.10394950211048126 0.0036729765124619
v 0.06660468876361847 0.10394950211048126 -0.0030612873379141
v 0.06595615297555923 0.10394950211048126 -0.00976432114839553
v 0.06463476270437241 0.10394950211048126 -0.01636774465441703
v 0.06265400350093842 0.10394950211048126 -0.02280419319868088
v 0.05176173895597458 0.10394950211048126 -0.05200876295566559
v 0.04242415353655815 0.10394950211048126 -0.05601071566343307
v 0.03339458256959915 0.10394950211048126 -0.05923185497522354
v 0.06448168307542801 0.10394950211048126 0.01696077734231948
v 0.01338287070393562 0.10394950211048126 0.06531810015439987
v 0.02458691783249378 0.10394950211048126 -0.06170074269175529
v 0.01885810121893882 0.10394950211048126 -0.06292587518692017
v 0.01386083103716373 0.1033114492893219 0.06765089184045792
v 0.01117606833577156 0.10358144342899322 -0.06592211872339249
v 0.01990347541868686 0.10394950211048126 0.06363495439291
v 0.02061431296169757 0.1033114492893219 0.06590762734413147
v 0.01919976249337196 0.10357090830802918 -0.06475508213043213
v 0.02622103318572044 0.10394950211048126 0.06130263581871986
v 0.0271575003862381 0.1033114492893219 0.06349201500415802
v 0.02502811513841152 0.10356012731790542 -0.0635344609618187
v 0.03227109834551811 0.10394950211048126 0.05834493786096573
v 0.03342363983392715 0.1033114492893219 0.060428686439991
v 0.0379919521510601 0.10394950211048126 0.05479203537106514
v 0.03934880718588829 0.1033114492893219 0.0567488931119442
v 0.0339825227856636 0.10353907942771912 -0.06107444316148758
v 0.04332523047924041 0.10394950211048126 0.05068017542362213
v 0.04487255960702896 0.1033114492893219 0.05249017849564552
v 0.04315314441919327 0.10351292788982392 -0.05786443874239922
v 0.04821652546525002 0.10394950211048126 0.04605129733681679
v 0.04993854463100433 0.1033114492893219 0.04769598692655563
v 0.0526159442961216 0.10394950211048126 0.0409526340663433
v 0.05449508503079414 0.1033114492893219 0.04241522774100303
v 0.0520777516067028 0.10394950211048126 -0.0518622063100338
v 0.05208984017372131 0.10394947230815888 -0.05187329649925232
v 0.05262547358870506 0.10348234325647354 -0.05387568846344948
v 0.056478600949049 0.10394950211048126 0.03543618693947792
v 0.05849569290876389 0.1033114492893219 0.03670176491141319
v 0.06244188547134399 0.10394950211048126 0.02337875962257385
v 0.05976508930325508 0.10394950211048126 0.02955824322998523
v 0.06189955770969391 0.1033114492893219 0.03061389364302158
v 0.06467195600271225 0.1033114492893219 0.02421371452510357
v 0.06678460538387299 0.1033114492893219 0.01756651885807514
v 0.06489165127277374 0.1033114492893219 -0.02361862920224666
v 0.06821594387292862 0.1033114492893219 0.01074011903256177
v 0.06694314628839493 0.1033114492893219 -0.01695230789482593
v 0.06895139068365097 0.1033114492893219 0.00380415422841906
v 0.06831172853708267 0.1033114492893219 -0.0101130474358797
v 0.06898342072963715 0.1033114492893219 -0.00317061902023851
v -0.05288692191243172 0.10384030640125274 -0.05260374397039413
v 0.0529041700065136 0.10383554548025132 -0.05261953175067902
v -0.05370858684182167 0.10342518985271454 -0.05335472896695137
v 0.05370838940143585 0.10342513024806976 -0.05335454642772675
v 0.00413383264094591 0.10255087912082672 -0.06796029955148697
v 0.00326406909152865 0.1025528907775879 -0.0680200457572937
v -0.00482250610366463 0.10255087912082672 -0.06796065717935562
v -0.01245009992271661 0.1025298461318016 -0.06733588874340057
v 0.01134574599564075 0.10253416746854782 -0.06746488809585571
v -0.01261341571807861 0.10252939909696578 -0.0673225149512291
v -0.020584587007761 0.10248865932226182 -0.0660894587635994
v 0.02539716847240925 0.10245566815137864 -0.06506834179162979
v 0.02092904597520828 0.10248565673828124 -0.06599456071853638
v 0.01948710530996322 0.10249533504247666 -0.06629347056150436
v -0.02854108996689319 0.102431021630764 -0.06429186463356018
v -0.02967786230146885 0.10242072492837906 -0.06395779550075531
v 0.04374848678708076 0.10228326171636582 -0.05937831103801727
v 0.03885120898485183 0.10233356058597564 -0.06107829883694649
v 0.03446912765502929 0.10237856209278106 -0.06259945034980774
v -0.03649667650461197 0.10235899686813354 -0.06195393577218056
v -0.04445767775177955 0.10227543115615844 -0.05910469219088554
v -0.04608402773737907 0.10225721448659896 -0.05846303701400757
v -0.04854674637317657 0.10222818702459336 -0.05739758536219597
v 0.05331975594162941 0.10217250883579254 -0.05537635833024979
v -0.05397233739495277 0.10329194366931916 -0.05359578877687454
v 0.05397185683250427 0.10329066962003708 -0.05359534174203873
v -0.07072478532791138 0.10156825184822082 -0.00325065525248646
v -0.07069193571805954 0.10156825184822082 0.00390018289908766
v -0.06993792951107025 0.10156825184822082 0.01101123355329036
v -0.07003612816333771 0.10156825184822082 -0.01036833226680755
v -0.06847045570611954 0.10156825184822082 0.0180099532008171
v -0.06863300502300262 0.10156825184822082 -0.01738023571670055
v -0.06630447506904602 0.10156825184822082 0.024824945256114
v -0.06652971357107162 0.10156825184822082 -0.0242148358374834
v -0.05407266691327095 0.10324125736951828 -0.05368748679757118
v -0.06346209347248077 0.10156825184822082 0.03138668462634086
v -0.05997230485081673 0.10156825184822082 0.03762823343276977
v -0.05587071180343628 0.10156825184822082 0.04348592087626457
v -0.05119914934039116 0.10156825184822082 0.04889998584985733
v -0.04600528255105019 0.10156825184822082 0.05381519719958305
v -0.04034209623932838 0.10156825184822082 0.05818141251802444
v -0.0342673547565937 0.10156825184822082 0.06195409595966339
v -0.02784303948283195 0.10156825184822082 0.06509475409984589
v -0.02113468386232853 0.10156825184822082 0.06757134199142456
v -0.01421072147786617 0.10156825184822082 0.06935860961675644
v -0.00714178895577788 0.10156825184822082 0.07043831795454025
v 0 0.10156825184822082 0.07079944759607315
v 0.00714178895577788 0.10156825184822082 0.07043831795454025
v 0.01421072147786617 0.10156825184822082 0.06935860961675644
v 0.02113468386232853 0.10156825184822082 0.06757134199142456
v 0.02784303948283195 0.10156825184822082 0.06509475409984589
v 0.0342673547565937 0.10156825184822082 0.06195409595966339
v 0.04034209623932838 0.10156825184822082 0.05818141251802444
v 0.04600528255105019 0.10156825184822082 0.05381519719958305
v 0.05119914934039116 0.10156825184822082 0.04889998584985733
v 0.05587071180343628 0.10156825184822082 0.04348592087626457
v 0.05997230485081673 0.10156825184822082 0.03762823343276977
v 0.06346209347248077 0.10156825184822082 0.03138668462634086
v 0.06630447506904602 0.10156825184822082 0.024824945256114
v 0.06847045570611954 0.10156825184822082 0.0180099532008171
v 0.06652971357107162 0.10156825184822082 -0.0242148358374834
v 0.05408035591244698 0.10323530435562134 -0.05369450524449348
v 0.06993792951107025 0.10156825184822082 0.01101123355329036
v 0.06863300502300262 0.10156825184822082 -0.01738023571670055
v 0.07069193571805954 0.10156825184822082 0.00390018289908766
v 0.07003612816333771 0.10156825184822082 -0.01036833226680755
v 0.07072478532791138 0.10156825184822082 -0.00325065525248646
v -0.05505435541272163 0.10215146839618682 -0.05458218231797218
v 0.05505435541272163 0.10215146839618682 -0.05458218231797218
v 0.00354641722515225 0.08800343424081802 -0.08254999667406082
v -0.01061625219881534 0.08743270486593246 -0.08254999667406082
v 0.01761723682284355 0.08629493415355682 -0.08254999667406082
v -0.02450396679341793 0.08459750562906265 -0.08254999667406082
v 0.03123177774250507 0.0823514312505722 -0.08254999667406082
v -0.03775703907012939 0.07957127690315247 -0.08254999667406082
v 0.04403743147850036 0.07627507299184799 -0.08254999667406082
v 0.05524255335330963 0.09918700158596038 -0.0570916086435318
v 0.05123566091060638 0.08880140632390976 -0.0681004524230957
v -0.05054014548659325 0.08699867874383926 -0.07001136243343353
v -0.05524255335330963 0.09918700158596038 -0.0570916086435318
v -0.05550368502736092 0.1003192588686943 -0.05597490817308426
v -0.05533976852893829 0.10156825184822082 -0.05495897307991982
v 0.05533976852893829 0.10156825184822082 -0.05495897307991982
v 0.05550410225987434 0.10032526403665542 -0.05596945807337761
v -0.07136216014623642 0.09918700158596038 -0.00327995070256292
v -0.0713290199637413 0.09918700158596038 0.00393533194437623
v -0.07056821882724762 0.09918700158596038 0.01111046783626079
v -0.07066730409860611 0.09918700158596038 -0.0104617727920413
v -0.06908752024173737 0.09918700158596038 0.01817226037383079
v -0.06925152987241745 0.09918700158596038 -0.01753686927258968
v -0.06690201908349991 0.09918700158596038 0.02504866942763328
v -0.06712929159402847 0.09918700158596038 -0.0244330633431673
v -0.06403402239084244 0.09918700158596038 0.03166954591870308
v -0.06051278486847878 0.09918700158596038 0.03796734660863876
v -0.05637422576546669 0.09918700158596038 0.04387782141566276
v -0.05166056379675865 0.09918700158596038 0.04934067651629448
v -0.0464198887348175 0.09918700158596038 0.05430018529295921
v -0.04070566222071647 0.09918700158596038 0.05870575085282326
v -0.0345761775970459 0.09918700158596038 0.06251243501901627
v -0.0280939657241106 0.09918700158596038 0.06568139046430588
v -0.02132515236735344 0.09918700158596038 0.06818030774593353
v -0.01433879043906927 0.09918700158596038 0.06998368352651596
v -0.00720615172758698 0.09918700158596038 0.07107311487197876
v 0 0.09918700158596038 0.07143750041723251
v 0.00720615172758698 0.09918700158596038 0.07107311487197876
v 0.01433879043906927 0.09918700158596038 0.06998368352651596
v 0.02132515236735344 0.09918700158596038 0.06818030774593353
v 0.0280939657241106 0.09918700158596038 0.06568139046430588
v 0.0345761775970459 0.09918700158596038 0.06251243501901627
v 0.04070566222071647 0.09918700158596038 0.05870575085282326
v 0.0464198887348175 0.09918700158596038 0.05430018529295921
v 0.05166056379675865 0.09918700158596038 0.04934067651629448
v 0.05637422576546669 0.09918700158596038 0.04387782141566276
v 0.06051278486847878 0.09918700158596038 0.03796734660863876
v 0.06403402239084244 0.09918700158596038 0.03166954591870308
v 0.06690201908349991 0.09918700158596038 0.02504866942763328
v 0.06908752024173737 0.09918700158596038 0.01817226037383079
v 0.06712929159402847 0.09918700158596038 -0.0244330633431673
v 0.07056821882724762 0.09918700158596038 0.01111046783626079
v 0.06925152987241745 0.09918700158596038 -0.01753686927258968
v 0.0713290199637413 0.09918700158596038 0.00393533194437623
v 0.07066730409860611 0.09918700158596038 -0.0104617727920413
v 0.07136216014623642 0.09918700158596038 -0.00327995070256292
v -0.07066730409860611 0.07699374854564667 -0.0104617727920413
v -0.0713290199637413 0.07699374854564667 0.00393533194437623
v -0.06908752024173737 0.07699374854564667 0.01817226037383079
v -0.06712929159402847 0.07699374854564667 -0.0244330633431673
v -0.05413809791207314 0.07699374854564667 -0.06012607738375664
v -0.06403402239084244 0.07699374854564667 0.03166954591870308
v -0.05637422576546669 0.07699374854564667 0.04387782141566276
v -0.05082275345921516 0.08667252212762833 -0.06923490762710571
v -0.0511685386300087 0.0861223116517067 -0.06828486919403076
v -0.05167419090867043 0.08496776223182678 -0.06689561158418655
v -0.05202510207891464 0.08384541422128677 -0.06593148410320282
v -0.05241881683468819 0.08207862824201584 -0.06484975665807724
v -0.05311048403382301 0.07820668071508408 -0.06294941902160645
v -0.05390609428286552 0.07694774121046066 -0.06076349690556526
v -0.0464198887348175 0.07699374854564667 0.05430018529295921
v -0.0345761775970459 0.07699374854564667 0.06251243501901627
v -0.02132515236735344 0.07699374854564667 0.06818030774593353
v -0.00720615172758698 0.07699374854564667 0.07107311487197876
v 0.00720615172758698 0.07699374854564667 0.07107311487197876
v 0.02132515236735344 0.07699374854564667 0.06818030774593353
v 0.0345761775970459 0.07699374854564667 0.06251243501901627
v 0.0464198887348175 0.07699374854564667 0.05430018529295921
v 0.05637422576546669 0.07699374854564667 0.04387782141566276
v 0.05413809791207314 0.07699374854564667 -0.06012607738375664
v 0.06712929159402847 0.07699374854564667 -0.0244330633431673
v 0.06403402239084244 0.07699374854564667 0.03166954591870308
v 0.06908752024173737 0.07699374854564667 0.01817226037383079
v 0.07066730409860611 0.07699374854564667 -0.0104617727920413
v 0.0713290199637413 0.07699374854564667 0.00393533194437623
v 0.05054014548659325 0.08699867874383926 -0.07001136243343353
v 0.05362521857023239 0.07675477117300034 -0.06153520196676254
v 0.05158240720629692 0.08521294593811035 -0.06714777648448944
v 0.05137496814131737 0.08570623397827148 -0.06771770864725113
v 0.05085718259215355 0.08662541955709457 -0.06914031505584717
v 0.05066365376114845 0.08686921000480652 -0.06967202574014664
v 0.05226212739944458 0.08286868780851364 -0.0652802586555481
v 0.05205174908041954 0.08374597877264023 -0.06585827469825745
v 0.03810000047087669 0.03810000047087669 -0.08254999667406082
v -0.03810000047087669 0.03810000047087669 -0.08254999667406082
v -0.05039317533373833 0.0860232412815094 -0.07092757523059845
v 0.05031191930174828 0.08548395335674286 -0.07143411785364151
v 0.05077711492776871 0.08475588262081146 -0.07058217376470566
v -0.0509038120508194 0.08456458151340485 -0.0702957808971405
v -0.05118276923894882 0.08405140787363052 -0.06968351453542709
v 0.05093136802315712 0.08451956510543823 -0.07023415714502335
v -0.05160000175237656 0.08302691578865051 -0.06882432848215103
v -0.05030534416437149 0.08544031530618668 -0.07147511094808578
v -0.05049143731594086 0.08509346842765808 -0.07124516367912292
v 0.05135168880224228 0.08367609977722168 -0.06932650506496429
v 0.05030534416437149 0.08544031530618668 -0.07147511094808578
v 0.05037785694003105 0.08519118279218674 -0.07151512801647186
v -0.05032370612025261 0.08523053675889969 -0.07164647430181503
v 0.05035660415887833 0.08522547781467438 -0.07163341343402863
v -0.05032589286565781 0.08520551770925522 -0.07166691869497299
v 0.05044824630022049 0.08484139293432236 -0.07191643118858337
v 0.0515233688056469 0.08324043452739716 -0.06897611916065216
v -0.05037829652428627 0.08502956479787827 -0.07179099321365356
v 0.05111841484904289 0.08345183730125427 -0.07234592735767365
v 0.05166104435920715 0.08292071521282196 -0.07165838778018951
v 0.05125703662633896 0.08334304392337799 -0.07215266674757004
v -0.0513673759996891 0.08324183523654938 -0.07200813293457031
v -0.0507657490670681 0.08372852206230164 -0.07270844280719757
v -0.05116024613380432 0.08342135697603226 -0.07228614389896393
v -0.05189759656786919 0.08207011222839355 -0.06826823949813843
v 0.05065622180700302 0.08396971970796585 -0.07255873829126358
v 0.05182930827140808 0.08270809054374695 -0.07147867977619171
v -0.0517987385392189 0.08274810016155243 -0.07151027023792267
v 0.0523252822458744 0.08198380470275879 -0.07102899253368378
v -0.05211895704269409 0.08230124413967133 -0.07120190560817719
v 0.0507657490670681 0.08372852206230164 -0.07270844280719757
v -0.05224453285336494 0.080621637403965 -0.06771709769964218
v 0.05192054808139801 0.08198679983615875 -0.06822797656059265
v -0.05081577971577644 0.08364658802747726 -0.07275218516588211
v 0.0508488193154335 0.083592489361763 -0.07278107851743698
v 0.05254589393734932 0.08162195980548859 -0.07086611539125443
v -0.05084880441427231 0.08359251171350479 -0.07278106361627579
v -0.05085546895861626 0.08359064161777496 -0.0727713480591774
v -0.05124643072485924 0.08294136077165604 -0.07312873750925064
v -0.05217931419610977 0.082211934030056 -0.07314418256282806
v 0.05087386444211006 0.08355147391557693 -0.07280297577381134
v -0.05224297568202019 0.08219023793935776 -0.07310307025909424
v -0.05257725715637207 0.08201203495264053 -0.07295586913824081
v 0.05126671865582466 0.08290813863277435 -0.07314647734165192
v 0.0522160530090332 0.08220189064741135 -0.07311778515577316
v 0.05217974632978439 0.08221162110567093 -0.0731441006064415
v 0.05252962186932564 0.08204003423452377 -0.07297412306070328
v -0.05282387137413025 0.08185850828886032 -0.07287007570266724
v 0.0530509352684021 0.08170369267463684 -0.07280441373586655
v 0.05269039422273636 0.08194320648908615 -0.07291488349437714
v 0.05310925841331482 0.08060836791992188 -0.07055484503507614
v -0.05264834314584732 0.08144669979810715 -0.07079822570085526
v -0.05126671865582466 0.08290813863277435 -0.07314647734165192
v -0.05207545310258865 0.08224733173847198 -0.07321123778820038
v 0.05319910123944283 0.08160527050495148 -0.07275900989770889
v -0.05146192014217377 0.08268365263938904 -0.07323369383811951
v 0.05137332156300545 0.08278553932905197 -0.07319410890340805
v 0.05241881683468819 0.08207862824201584 -0.06484975665807724
v 0.05210414156317711 0.08126112818717957 -0.06792347133159637
v 0.0515902154147625 0.08253610879182816 -0.07329101115465164
v 0.05203454568982124 0.08225052803754807 -0.07324931770563126
v 0.05199111253023148 0.08223384618759155 -0.07331168651580811
v -0.05305346846580505 0.08170094341039658 -0.07280461490154266
v -0.05338378623127937 0.08147426694631577 -0.07271043956279755
v -0.05383211001753807 0.08114287257194519 -0.07260487973690033
v 0.05342547595500946 0.08144420385360718 -0.07269993424415588
v -0.05158202350139618 0.08254552632570267 -0.07328735291957855
v -0.05201221629977226 0.08224692195653915 -0.07327594608068466
v -0.05176476016640663 0.08233537524938583 -0.07336899638175964
v -0.0519920289516449 0.08223485946655273 -0.07330964505672455
v 0.05174105986952782 0.08236263692378998 -0.07335840910673141
v 0.0519808754324913 0.08220727741718292 -0.073351189494133
v 0.05176476016640663 0.08233537524938583 -0.07336899638175964
v -0.05176779255270958 0.08233249932527542 -0.07336981594562531
v -0.0519806295633316 0.08220115303993225 -0.07335814833641052
v 0.05185848101973534 0.08224634826183319 -0.0733942985534668
v -0.05191008374094963 0.08219732344150543 -0.07340823113918304
v 0.05208898335695267 0.08220032602548599 -0.07327306270599365
v -0.05209294334053993 0.08219154179096222 -0.07328201830387115
v 0.05197431519627571 0.08213631063699722 -0.07342557609081268
v 0.05198559537529945 0.08216884732246399 -0.07338852435350418
v -0.05199228599667549 0.08214838057756424 -0.07340418547391891
v -0.0551350936293602 0.07988020777702332 -0.07343467324972153
v -0.06061352044343948 0.07620928436517715 -0.07314488291740417
v 0.06061330437660217 0.07620945572853088 -0.07314488291740417
v 0.06049838662147522 0.07606496661901474 -0.07343467324972153
v -0.05197431519627571 0.08213631063699722 -0.07342557609081268
v -0.05201438814401627 0.08210016787052155 -0.07343467324972153
v 0.05201438814401627 0.08210016787052155 -0.07343467324972153
v 0.05200294032692909 0.08211043477058411 -0.07343211770057678
v -0.05200294032692909 0.08211043477058411 -0.07343211770057678
v -0.05003222823143005 0.07248419523239136 -0.08254999667406082
v -0.05292579159140587 0.07678984105587006 -0.06580764800310135
v 0.05311048403382301 0.07820668071508408 -0.06294941902160645
v 0.05224453285336494 0.080621637403965 -0.06771709769964218
v -0.0536503903567791 0.07953952252864838 -0.07040548324584961
v -0.05307422950863838 0.08067468553781509 -0.07056970149278641
v 0.05340376496315002 0.08003612607717514 -0.07045450806617737
v 0.05413373187184334 0.08091097325086594 -0.07254186272621155
v 0.06064122170209885 0.07624455541372299 -0.07280422747135162
v -0.06064143776893616 0.07624438405036926 -0.07280422747135162
v 0.05447810515761375 0.08063837140798569 -0.07247667014598846
v 0.05446646735072136 0.08064799010753632 -0.07247854024171829
v -0.05448459088802338 0.08063053339719772 -0.07247776538133621
v -0.05462441965937614 0.08052073419094086 -0.07245051860809326
v -0.05530322715640068 0.0799577534198761 -0.07234339416027069
v -0.05627466365695 0.07911071181297302 -0.07222320139408112
v 0.0605769082903862 0.07616368681192398 -0.07247652858495712
v 0.0553605891764164 0.07990904897451401 -0.07233525812625885
v -0.06057712435722351 0.07616351544857025 -0.07247652858495712
v -0.05429892987012863 0.0757317915558815 -0.06849205493927002
v 0.05292579159140587 0.07678984105587006 -0.06580764800310135
v 0.0536503903567791 0.07953952252864838 -0.07040548324584961
v 0.05585171654820442 0.0794852077960968 -0.07227103412151337
v -0.05738639831542969 0.07827413082122803 -0.07222320139408112
v -0.06049860268831253 0.07606479525566101 -0.07343467324972153
v -0.05657945200800896 0.07719910144805908 -0.07126979529857635
v 0.05657945200800896 0.07719910144805908 -0.07126979529857635
v 0.05627466365695 0.07911071181297302 -0.07222320139408112
v 0.05688217282295227 0.07530046254396439 -0.07032286375761032
v 0.05429892987012863 0.0757317915558815 -0.06849205493927002
v 0.05738639831542969 0.07827413827180862 -0.07222320139408112
v 0.06043241173028946 0.07598201185464859 -0.07222320139408112
v -0.05688217282295227 0.07530046254396439 -0.07032286375761032
v -0.06043262779712677 0.07598184049129486 -0.07222320139408112
v -0.05341192334890366 0.07648608088493347 -0.06212122365832329
v -0.05330315604805946 0.07608009874820709 -0.0627889484167099
v 0.05341192334890366 0.07648608088493347 -0.06212122365832329
v 0.05330315604805946 0.07608009874820709 -0.0627889484167099
v 0.01269999984651804 0.06508749723434448 -0.01269999984651804
v 0.01269999984651804 0.07778750360012054 -0.01269999984651804
v -0.01269999984651804 0.07778750360012054 -0.01269999984651804
v -0.01269999984651804 0.06508749723434448 -0.01269999984651804
v -0.01269999984651804 0.07778750360012054 0.01269999984651804
v -0.01269999984651804 0.06508749723434448 0.01269999984651804
v 0.01269999984651804 0.07778750360012054 0.01269999984651804
v 0.01269999984651804 0.06508749723434448 0.01269999984651804
v -0.05143181979656219 0.05873750150203705 0.0135282389819622
v -0.05310049653053284 0.05873750150203705 0.00292963604442775
v -0.05260788276791573 0.05873750150203705 -0.00778820877894759
v -0.04766977205872536 0.05873750150203705 0.02357621677219867
v -0.04092832654714584 0.05873750150203705 -0.04304192587733268
v -0.04997402802109718 0.05873750150203705 -0.01818905957043171
v -0.0419674776494503 0.05873750150203705 0.03266460075974464
v -0.0345570296049118 0.05873750150203705 0.04042347148060798
v -0.04902053996920586 0.07013736665248871 -0.05413973703980446
v -0.02574004419147968 0.05873750150203705 0.04653703421354294
v -0.01587539166212082 0.05873750150203705 0.05075645074248314
v -0.00536457961425185 0.05873750150203705 0.05290998518466949
v 0.00536457961425185 0.05873750150203705 0.05290998518466949
v 0.01587539166212082 0.05873750150203705 0.05075645074248314
v 0.02574004419147968 0.05873750150203705 0.04653703421354294
v 0.0345570296049118 0.05873750150203705 0.04042347148060798
v 0.0419674776494503 0.05873750150203705 0.03266460075974464
v 0.04997402802109718 0.05873750150203705 -0.01818905957043171
v 0.04092832654714584 0.05873750150203705 -0.04304192587733268
v 0.04902053996920586 0.07013736665248871 -0.05413973703980446
v 0.04766977205872536 0.05873750150203705 0.02357621677219867
v 0.05143181979656219 0.05873750150203705 0.0135282389819622
v 0.05310049653053284 0.05873750150203705 0.00292963604442775
v 0.05260788276791573 0.05873750150203705 -0.00778820877894759
v -0.04786626994609833 0.06892453879117966 -0.05651577189564705
v -0.05313030630350113 0.07543490827083588 -0.06385007500648499
v -0.05335569381713867 0.07477100938558578 -0.0648072138428688
v -0.05351793393492699 0.0742931067943573 -0.06549619883298874
v -0.05345459282398224 0.07447968423366547 -0.06522721797227859
v 0.05313030630350113 0.07543490827083588 -0.06385007500648499
v 0.05335569381713867 0.07477100938558578 -0.0648072138428688
v 0.05345459282398224 0.07447968423366547 -0.06522721797227859
v 0.04786626994609833 0.06892453879117966 -0.05651577189564705
v 0.05570254102349281 0.06822323054075241 -0.08254999667406082
v 0.06938577443361282 0.06823550164699554 -0.07247652858495712
v 0.06945943832397461 0.06830795109272003 -0.07280422747135162
v -0.06945962458848953 0.06830776482820511 -0.07280422747135162
v -0.06942764669656754 0.06827631592750549 -0.07314488291740417
v 0.06142211332917213 0.07523359358310699 -0.07343467324972153
v 0.06942746043205261 0.06827650219202042 -0.07314488291740417
v -0.06723955273628235 0.06999774277210236 -0.07343467324972153
v 0.06922025978565216 0.06807274371385574 -0.07222320139408112
v -0.06938595324754715 0.06823532283306122 -0.07247652858495712
v -0.04783793911337852 0.06702501326799393 -0.05871573090553284
v -0.06101160496473312 0.06351980566978455 -0.08254999667406082
v -0.05746439471840858 0.07152415812015533 -0.06848738342523575
v -0.06922044605016708 0.06807255744934082 -0.07222320139408112
v -0.05453947931528091 0.07314863055944443 -0.06693565845489502
v -0.05497922003269196 0.0728624165058136 -0.06723431497812271
v -0.05478941276669502 0.07298595458269119 -0.06710539758205414
v 0.05453947931528091 0.07314863055944443 -0.06693565845489502
v 0.05478941276669502 0.07298595458269119 -0.06710539758205414
v 0.05497922003269196 0.0728624165058136 -0.06723431497812271
v 0.05351793393492699 0.0742931067943573 -0.06549619883298874
v 0.04783793911337852 0.06702501326799393 -0.05871573090553284
v -0.05744636058807373 0.07153080403804779 -0.06848306953907013
v -0.05616815760731697 0.07208859175443649 -0.06804180145263672
v 0.05746439471840858 0.07152415812015533 -0.06848738342523575
v 0.05744636058807373 0.07153080403804779 -0.06848306953907013
v 0.05616815760731697 0.07208859175443649 -0.06804180145263672
v 0.06929583102464676 0.06814705580472946 -0.07343467324972153
v -0.04894148930907249 0.06483679264783859 -0.06027865782380104
v 0.04894148930907249 0.06483679264783859 -0.06027865782380104
v -0.05094568431377411 0.06281839311122894 -0.06087706610560417
v 0.05094568431377411 0.06281839311122894 -0.06087706610560417
v -0.07024189829826355 0.06689874827861786 -0.07222320139408112
v 0.07024189084768295 0.06689874082803726 -0.07222320139408112
v -0.04043072834610939 0.05862995982170105 -0.04409463703632354
v -0.03982410952448845 0.05815834552049637 -0.0452878437936306
v 0.04043072834610939 0.05862995982170105 -0.04409463703632354
v 0.03982410952448845 0.05815834552049637 -0.0452878475189209
v -0.06929601728916168 0.06814686954021454 -0.07343467324972153
v -0.03959069028496742 0.05797687545418739 -0.04574697837233543
v -0.03910880535840988 0.05679157748818398 -0.04723907262086868
v -0.0393567755818367 0.05740151554346085 -0.04647126048803329
v 0.03959069028496742 0.05797687545418739 -0.04574697837233543
v 0.0393567755818367 0.05740151554346085 -0.04647126048803329
v 0.07716560363769531 0.05929535254836082 -0.07247652858495712
v 0.07724753022193909 0.05935830622911453 -0.07280422747135162
v -0.07724767923355103 0.05935811251401901 -0.07280422747135162
v -0.07721211761236191 0.0593307837843895 -0.07314488291740417
v 0.07261475175619125 0.06433314830064774 -0.07343467324972153
v 0.07721196860074997 0.05933098122477531 -0.07314488291740417
v -0.07706572860479355 0.05921829864382744 -0.07343467324972153
v -0.07716575264930725 0.0592951588332653 -0.07247652858495712
v 0.0659249871969223 0.05840443819761276 -0.08254999667406082
v -0.03902668878436088 0.05521146580576897 -0.04841603338718414
v -0.03910572826862335 0.05673237890005112 -0.04728316515684128
v -0.03914416208863258 0.05453453212976456 -0.04869884625077248
v 0.03910572826862335 0.05673237890005112 -0.04728316515684128
v 0.03902668878436088 0.05521146580576897 -0.04841603338718414
v 0.03914416208863258 0.05453453958034515 -0.04869884252548218
v 0.03910880535840988 0.05679157748818398 -0.04723907262086868
v -0.04102017730474472 0.04958121106028557 -0.04930262267589569
v -0.07698168605566025 0.0591537207365036 -0.07222320139408112
v -0.04057721421122551 0.03735395893454551 -0.04286250099539757
v -0.03989230468869209 0.03798446059226989 -0.04286250099539757
v 0.04057721421122551 0.03735395893454551 -0.04286250099539757
v 0.07698153704404831 0.05915391445159912 -0.07222320139408112
v 0.03989230468869209 0.03798446059226989 -0.04286250099539757
v -0.02505357749760151 0.06508749723434448 0.00418070238083601
v -0.02505357749760151 0.05873750150203705 0.00418070238083601
v -0.02505357749760151 0.06508749723434448 -0.00418070238083601
v -0.02505357749760151 0.05873750150203705 -0.00418070238083601
v -0.02233863249421119 0.06508749723434448 -0.01208906341344118
v -0.02233863249421119 0.06508749723434448 0.01208906341344118
v -0.02233863249421119 0.05873750150203705 0.01208906341344118
v -0.02233863249421119 0.05873750150203705 -0.01208906341344118
v -0.0172029510140419 0.06508749723434448 -0.01868738792836666
v -0.0172029510140419 0.06508749723434448 0.01868738792836666
v -0.0172029510140419 0.05873750150203705 0.01868738792836666
v -0.0172029510140419 0.05873750150203705 -0.01868738792836666
v -0.01020306348800659 0.06508749723434448 -0.02326064184308052
v -0.01020306348800659 0.06508749723434448 0.02326064184308052
v -0.01020306348800659 0.05873750150203705 0.02326064184308052
v -0.00209751538932323 0.06508749723434448 0.02531324699521065
v -0.00209751538932323 0.06508749723434448 -0.02531324699521065
v 0.00623533129692077 0.06508749723434448 0.02462276630103588
v -0.01020306348800659 0.05873750150203705 -0.02326064184308052
v -0.00209751538932323 0.05873750150203705 0.02531324699521065
v -0.00209751538932323 0.05873750150203705 -0.02531324699521065
v 0.00623533129692077 0.06508749723434448 -0.02462276630103588
v 0.00623533129692077 0.05873750150203705 0.02462276630103588
v 0.00623533129692077 0.05873750150203705 -0.02462276630103588
v 0.01389248296618461 0.06508749723434448 -0.02126402780413627
v 0.01389248296618461 0.06508749723434448 0.02126402780413627
v 0.01389248296618461 0.05873750150203705 0.02126402780413627
v 0.02004416845738887 0.06508749723434448 -0.01560100261121988
v 0.0240237582474947 0.06508749723434448 -0.0082473661750555
v 0.02539999969303608 0.06508749723434448 -2.220446049250313E-16
v 0.0240237582474947 0.06508749723434448 0.0082473661750555
v 0.02004416845738887 0.06508749723434448 0.01560100261121988
v 0.01389248296618461 0.05873750150203705 -0.02126402780413627
v 0.02004416845738887 0.05873750150203705 0.01560100261121988
v 0.02004416845738887 0.05873750150203705 -0.01560100261121988
v 0.0240237582474947 0.05873750150203705 0.0082473661750555
v 0.0240237582474947 0.05873750150203705 -0.0082473661750555
v 0.02539999969303608 0.05873750150203705 0
v -0.03935503959655761 0.05331935361027718 -0.04920652881264687
v -0.03982407972216606 0.05203551054000854 -0.04938711225986481
v -0.03968680649995804 0.05241124704480171 -0.04933426156640053
v 0.03968680649995804 0.05241124704480171 -0.04933426156640053
v 0.03982407227158546 0.05203552544116974 -0.04938711225986481
v 0.03935503959655761 0.05331935361027718 -0.04920652881264687
v 0.07706557959318161 0.05921849235892296 -0.07343467324972153
v -0.07041081786155701 0.05291029438376427 -0.08254999667406082
v -0.04101033508777618 0.04959660023450851 -0.04930650442838669
v -0.04011948406696319 0.05122692883014679 -0.04950084909796715
v 0.04102017730474472 0.04958121106028557 -0.04930262267589569
v 0.04101033508777618 0.04959660023450851 -0.04930650442838669
v 0.04011948406696319 0.05122692883014679 -0.04950084909796715
v 0.08389000594615936 0.0495283454656601 -0.07280422747135162
v 0.0838010311126709 0.04947581514716148 -0.07247652858495712
v -0.08385150134563446 0.04950534552335739 -0.07314488291740417
v -0.08389012515544891 0.04952814802527428 -0.07280422747135162
v 0.08203192800283432 0.0518689751625061 -0.07343467324972153
v 0.08385138213634491 0.04950554296374321 -0.07314488291740417
v -0.07764992117881775 0.05835377052426338 -0.07343467324972153
v 0.08085918426513672 0.05341551825404167 -0.07222320139408112
v -0.08085918426513672 0.05341551825404167 -0.07222320139408112
v -0.08380115032196045 0.04947561770677567 -0.07247652858495712
v 0.07444000244140625 0.04707300662994385 -0.08254999667406082
v 0.04600002244114876 0.03038673661649227 -0.04286250099539757
v -0.04600002244114876 0.03038673661649227 -0.04286250099539757
v -0.03549257665872574 0.05873750150203705 -0.0408002994954586
v -0.02669082581996917 0.05873750150203705 -0.03766088560223579
v -0.03456064686179161 0.05820329114794731 -0.04317318275570869
v -0.02590391039848327 0.05818186700344086 -0.04013647884130478
v -0.02501421794295311 0.05873750150203705 -0.03721354529261589
v -0.02448118478059768 0.05823839828372002 -0.03962298110127449
v -0.021735779941082 0.05873750150203705 -0.03670834749937057
v -0.02151877246797084 0.05833024904131889 -0.03893525525927543
v -0.01749367080628872 0.05873750150203705 -0.03651298210024833
v -0.01748594455420971 0.05842209979891777 -0.03848936036229133
v -0.01037927716970443 0.05873750150203705 -0.03675753623247146
v -0.01046975702047348 0.05852488055825233 -0.03838446363806724
v -0.0085117807611823 0.05873750150203705 -0.03686223551630974
v -0.00859835743904113 0.058542650192976 -0.03842080384492874
v 0.00044119940139353275 0.05873750150203705 -0.03714533150196075
v 0.0004469439445529133 0.05857869610190392 -0.03855656087398529
v 0.00234509329311549 0.05873750150203705 -0.03712114691734314
v 0.00237514940090477 0.0585760623216629 -0.03854356706142425
v 0.01184406597167253 0.05873750150203705 -0.03667864575982094
v 0.01193094067275524 0.05850836634635925 -0.03836682811379432
v 0.0186783317476511 0.05873750150203705 -0.0365295447409153
v 0.01862791739404201 0.05839904770255089 -0.03857435658574104
v 0.023445975035429 0.05873750150203705 -0.03692147508263588
v 0.01943042688071727 0.05873750150203705 -0.03655368089675903
v 0.0193472821265459 0.05838341638445854 -0.03864283487200737
v 0.02308730408549309 0.05828502774238586 -0.03924806788563728
v 0.02669082581996917 0.05873750150203705 -0.03766088560223579
v 0.03475321829319 0.05873750150203705 -0.04051201045513153
v 0.02590391039848327 0.05818186700344086 -0.04013647884130478
v 0.03383147716522217 0.05820148810744286 -0.04289327934384346
v 0.00045240114559419453 0.05811022222042084 -0.03989720344543457
v -0.00867961999028921 0.05797005444765091 -0.03988372534513473
v 0.0024036772083491 0.05809995904564857 -0.03989366814494133
v -0.01055417768657207 0.05790125206112862 -0.03990244120359421
v -0.01747898571193218 0.05750722438097 -0.04026940464973449
v 0.01201154664158821 0.05783750116825104 -0.03993317484855652
v -0.02132959850132465 0.05716073885560036 -0.04087652638554573
v 0.01858287490904331 0.05741976574063301 -0.04040119424462318
v 0.01927341148257255 0.05736065655946732 -0.0404990017414093
v -0.0836925283074379 0.04941148683428764 -0.07343467324972153
v -0.02403194457292557 0.05681954696774483 -0.04165365919470787
v 0.02525470778346061 0.05661220848560333 -0.04217883571982383
v 0.02277974784374237 0.05699208751320839 -0.04124309495091438
v -0.03378551825881004 0.05669055506587029 -0.04514681547880173
v -0.02525470778346061 0.05661220848560333 -0.04217883571982383
v 0.03306534886360168 0.05668394267559052 -0.04487253352999687
v 0.0004572980687953532 0.05735551565885544 -0.04110020771622658
v -0.00875058211386203 0.05705485492944717 -0.04116121679544449
v 0.00242922618053853 0.05733339861035347 -0.04110279306769371
v -0.01062688510864973 0.05690838769078255 -0.04120981320738792
v -0.01747348718345165 0.05608376488089561 -0.04167629033327102
v 0.01208006497472524 0.05677331984043121 -0.04126464575529098
v -0.02119252458214759 0.05537897348403931 -0.04228315129876137
v 0.01854800805449485 0.05590404942631721 -0.04181531816720962
v 0.01921704970300197 0.05578327551484108 -0.04191517829895019
v 0.0004613898054230958 0.05635232105851173 -0.04210539907217026
v -0.00880688987672329 0.055853221565485 -0.04217487946152687
v 0.0024504973553121 0.05631535872817039 -0.04210946336388588
v -0.02373711392283439 0.05470398813486099 -0.04298635944724083
v -0.01068301126360893 0.05561276897788048 -0.04221902787685394
v 0.0225671362131834 0.05504294484853745 -0.04262224212288856
v 0.02485682815313339 0.05430321767926216 -0.04343054443597793
v -0.01746999286115169 0.05429311841726303 -0.04257025569677353
v 0.01213155221194028 0.05539261922240257 -0.04226515814661979
v -0.03329760953783989 0.05445380881428719 -0.0463891290128231
v -0.02485682815313339 0.05430321767926216 -0.04343054443597793
v 0.03258416801691055 0.05444106087088585 -0.04611563310027122
v -0.00884351879358291 0.05441997945308685 -0.04286250099539757
v -2.220446049250313E-16 0.0551527738571167 -0.04286250099539757
v 0.0004614652134478092 0.05511453747749329 -0.04286250099539757
v 0.00245413067750632 0.05494942143559456 -0.04286250099539757
v -0.02112513408064842 0.05321349948644638 -0.04297471418976784
v 0.01852703467011451 0.05401346832513809 -0.04266597703099251
v -0.01069115754216909 0.05399201810359955 -0.04286250099539757
v -0.00907784886658191 0.05440056324005127 -0.04286250099539757
v 0.01918448507785797 0.0538271926343441 -0.04273343086242676
v 0.00907784886658191 0.05440056324005127 -0.04286250099539757
v 0.01212051045149564 0.05363005772233009 -0.04286250099539757
v -0.02364304102957248 0.05222428217530251 -0.04341159015893936
v 0 0.04912996292114258 -0.04965147748589516
v 0.02247976884245872 0.05271536856889725 -0.04318896681070328
v 0.0247799027711153 0.05165896937251091 -0.04367255046963691
v -0.03317901119589805 0.05186939984560013 -0.04669109731912613
v -0.0247799027711153 0.05165896937251091 -0.04367255046963691
v 0.03246917575597763 0.05185149237513542 -0.04641271755099297
v -0.00808652583509683 0.04845989495515823 -0.04965147748589516
v 0.00808652583509683 0.04845989495515823 -0.04965147748589516
v -0.02108359523117542 0.05081829428672791 -0.04286250099539757
v -0.01790807768702507 0.05216444656252861 -0.04286250099539757
v -0.01745992712676525 0.05227793380618095 -0.04286250099539757
v 0.01790807768702507 0.05216444656252861 -0.04286250099539757
v 0.01850585825741291 0.05191103741526604 -0.04286250099539757
v 0.01914879865944385 0.05163848400115967 -0.04286250099539757
v 0.02248123846948146 0.05022581294178963 -0.04286250099539757
v 0.01595247350633144 0.04646796733140945 -0.04965147748589516
v -0.08360125869512558 0.04935760423541069 -0.07222320139408112
v -0.04617205262184143 0.03016570955514908 -0.04286250099539757
v 0.04617205262184143 0.03016570955514908 -0.04286250099539757
v 0.08360113948583603 0.04935780167579651 -0.07222320139408112
v -0.07798641920089722 0.04093043133616447 -0.08254999667406082
v 0.02503739111125469 0.04914221912622452 -0.04286250099539757
v -0.01595247350633144 0.04646796733140945 -0.04965147748589516
v -0.023732740432024 0.04969527944922447 -0.04286250099539757
v 0.03637795522809028 0.04945294186472893 -0.04729053005576134
v -0.03635331243276596 0.04945234209299088 -0.04726788774132729
v -0.0334496833384037 0.04937215894460678 -0.04600191861391068
v -0.02503739111125469 0.04914221912622452 -0.04286250099539757
v 0.08369240909814835 0.04941168427467346 -0.07343467324972153
v 0.0327397771179676 0.04935241118073463 -0.0457136258482933
v -0.02338327839970588 0.0432085134088993 -0.04965147748589516
v 0.02338327839970588 0.0432085134088993 -0.04965147748589516
v -0.03387553617358207 0.04352328926324844 -0.04286250099539757
v 0.03255089744925499 0.04438871890306473 -0.04286250099539757
v 0.03387553617358207 0.04352328926324844 -0.04286250099539757
v 0.08919364213943481 0.03892252594232559 -0.07247652858495712
v 0.08928833901882172 0.03896385058760643 -0.07280422747135162
v -0.08924732357263565 0.03894571959972381 -0.07314488291740417
v -0.08928842842578888 0.03896365687251091 -0.07280422747135162
v 0.08924723416566849 0.03894591331481933 -0.07314488291740417
v -0.08590222150087357 0.04508711397647858 -0.07343467324972153
v 0.08898089081048965 0.03882968425750732 -0.07222320139408112
v -0.08919373154640198 0.03892233222723007 -0.07247652858495712
v -0.03255089744925499 0.04438871890306473 -0.04286250099539757
v 0.08907803148031235 0.03887207433581352 -0.07343467324972153
v -0.02624982036650181 0.04850541800260544 -0.04286250099539757
v 0.05050744116306305 0.02215461805462837 -0.04286250099539757
v -0.08898097276687622 0.0388294905424118 -0.07222320139408112
v -0.05050744116306305 0.02215461805462837 -0.04286250099539757
v 0.02624982036650181 0.04850541800260544 -0.04286250099539757
v -2.220446049250313E-16 0.04227777197957039 -0.05560227110981941
v -0.00695869280025363 0.04170116037130356 -0.05560227110981941
v -0.01372757088392973 0.03998704627156257 -0.05560227110981941
v 0.00695869280025363 0.04170116037130356 -0.05560227110981941
v 0.0810270681977272 0.0345224067568779 -0.08254999667406082
v -0.02012199535965919 0.03718219324946403 -0.05560227110981941
v 0.01372757088392973 0.03998704627156257 -0.05560227110981941
v -0.08907811343669891 0.038871880620718 -0.07343467324972153
v -0.03017624840140342 0.03877044469118118 -0.04965147748589516
v 0.03017624840140342 0.03877044469118118 -0.04965147748589516
v -0.0259675458073616 0.03336310386657715 -0.05560227110981941
v 0.02012199535965919 0.03718219324946403 -0.05560227110981941
v -0.00571338692680001 0.03423845022916794 -0.06061442196369171
v -2.220446049250313E-16 0.03471187502145767 -0.06061442196369171
v -0.01127092819660902 0.0328310914337635 -0.06061442196369171
v 0.00571338692680001 0.03423845022916794 -0.06061442196369171
v -0.08354222029447556 0.02789049036800861 -0.08254999667406082
v -0.0165210273116827 0.03052818402647972 -0.06061442196369171
v 0.01127092819660902 0.0328310914337635 -0.06061442196369171
v 0.09326346963644028 0.02779199741780758 -0.07247652858495712
v 0.0933624878525734 0.02782150357961654 -0.07280422747135162
v -0.09336254000663758 0.02782131358981132 -0.07280422747135162
v -0.09331956505775452 0.02780850604176521 -0.07314488291740417
v 0.09331950545310974 0.02780869603157043 -0.07314488291740417
v 0.0931425765156746 0.0277559719979763 -0.07343467324972153
v 0.0893680602312088 0.03807888552546501 -0.07343467324972153
v -0.09205568581819534 0.03072848357260227 -0.07343467324972153
v 0.08914200961589813 0.03838904201984405 -0.07222320139408112
v -0.08914201706647873 0.03838904574513435 -0.07222320139408112
v -0.0930410623550415 0.02772551402449608 -0.07222320139408112
v -0.09326352179050446 0.02779180556535721 -0.07247652858495712
v -0.05063746124505997 0.02180711179971695 -0.04286250099539757
v -0.03614608943462372 0.0332748182117939 -0.04965147748589516
v -0.03110476769506931 0.0286339558660984 -0.05560227110981941
v 0.03614608943462372 0.0332748182117939 -0.04965147748589516
v 0.0259675458073616 0.03336310386657715 -0.05560227110981941
v -0.07462812215089798 0.01794572733342647 -0.05798888579010963
v -0.06934641301631927 0.02021592110395431 -0.05482221394777298
v -0.05846871808171272 0.02381508611142635 -0.04845016822218895
v 0.05063746124505997 0.02180711179971695 -0.04286250099539757
v 0.06703707575798035 0.02108539640903473 -0.05345113575458527
v 0.09304100275039672 0.0277257040143013 -0.07222320139408112
v 0.05846871808171272 0.02381508611142635 -0.04845016822218895
v -0.03810000047087669 -0.03810000047087669 -0.08254999667406082
v -0.08693432062864304 -0.01412820257246494 -0.08254999667406082
v -0.08807486295700073 8.673617379884035E-18 -0.08254999667406082
v -0.08693432062864304 0.01412820257246494 -0.08254999667406082
v -0.03810000047087669 0.03810000047087669 -0.07620000094175339
v -0.03810000047087669 -0.03810000047087669 -0.07620000094175339
v 0.03810000047087669 0.03810000047087669 -0.07620000094175339
v -0.00209751538932323 0.02531324699521065 -0.07620000094175339
v -0.01020306348800659 0.02326064184308052 -0.07620000094175339
v -0.0172029510140419 0.01868738792836666 -0.07620000094175339
v -0.02233863249421119 0.01208906341344118 -0.07620000094175339
v -0.02505357749760151 0.00418070238083601 -0.07620000094175339
v 0.0855155736207962 0.02107769437134266 -0.08254999667406082
v 0.08778926730155945 0.00708708213642239 -0.08254999667406082
v 0.03810000047087669 -0.03810000047087669 -0.08254999667406082
v 0.03810000047087669 -0.03810000047087669 -0.07620000094175339
v 0.02539999969303608 -5.204170427930421E-18 -0.07620000094175339
v 0.0240237582474947 0.0082473661750555 -0.07620000094175339
v 0.02004416845738887 0.01560100261121988 -0.07620000094175339
v 0.01389248296618461 0.02126402780413627 -0.07620000094175339
v 0.00623533129692077 0.02462276630103588 -0.07620000094175339
v -0.02132047526538372 0.02739254757761955 -0.06061442196369171
v 0.0165210273116827 0.03052818402647972 -0.06061442196369171
v 2.220446049250313E-16 0.02655999734997749 -0.06460332125425339
v -0.00437163189053535 0.02619775384664535 -0.06460332125425339
v -0.00862401723861694 0.02512090280652046 -0.06460332125425339
v 0.00437163189053535 0.02619775384664535 -0.06460332125425339
v -0.02553835697472095 0.02350971475243568 -0.06061442196369171
v 0.03110476769506931 0.0286339558660984 -0.05560227110981941
v 0.02132047526538372 0.02739254757761955 -0.06061442196369171
v -0.04112995788455009 0.02687154337763786 -0.04965147748589516
v -0.03539353609085083 0.02312375046312809 -0.05560227110981941
v 0.04112995788455009 0.02687154337763786 -0.04965147748589516
v -0.01264116074889898 0.02335882000625133 -0.06460332125425339
v 0.00862401723861694 0.02512090280652046 -0.06460332125425339
v -0.09314263612031936 0.02775578200817108 -0.07343467324972153
v -0.01631348766386509 0.02095956914126873 -0.06460332125425339
v 0.01264116074889898 0.02335882000625133 -0.06460332125425339
v -0.04499191045761108 0.01973528228700161 -0.04965147748589516
v -0.02905961871147156 0.01898559741675853 -0.06061442196369171
v 0.02553835697472095 0.02350971475243568 -0.06061442196369171
v 0.03539353609085083 0.02312375046312809 -0.05560227110981941
v -0.09582579880952836 0.01622805371880531 -0.07343467324972153
v 0.09595014154911042 0.01624929532408714 -0.07247652858495712
v 0.09605201333761216 0.01626654714345932 -0.07280422747135162
v -0.09605204313993454 0.01626636646687984 -0.07280422747135162
v -0.0960078239440918 0.01625887863337993 -0.07314488291740417
v 0.09419834613800048 0.02322010695934295 -0.07343467324972153
v 0.0960077941417694 0.01625905930995941 -0.07314488291740417
v 0.09436430037021636 0.02204045467078685 -0.07222320139408112
v -0.0959501713514328 0.01624911464750766 -0.07247652858495712
v -0.09436430037021636 0.02204045467078685 -0.07222320139408112
v -0.07533150911331177 0.01757383160293102 -0.05841550976037979
v -0.01954082399606704 0.01798859611153602 -0.06460332125425339
v 0.01631348766386509 0.02095956914126873 -0.06460332125425339
v -0.03871685639023781 0.01698278822004795 -0.05560227110981941
v 0.04499191045761108 0.01973528228700161 -0.04965147748589516
v -0.0029560774564743 0.01771480031311512 -0.06750162690877914
v -2.220446049250313E-16 0.01795974932610988 -0.06750162690877914
v -0.0058315210044384 0.01698664017021656 -0.06750162690877914
v 0.0029560774564743 0.01771480031311512 -0.06750162690877914
v -0.00209751538932323 0.02531324699521065 -0.07366000115871429
v 0.00623533129692077 0.02462276630103588 -0.07366000115871429
v -0.01020306348800659 0.02326064184308052 -0.07366000115871429
v -2.220446049250313E-16 0 -0.07366000115871429
v -0.00854789558798074 0.01579512655735015 -0.06750162690877914
v 0.0058315210044384 0.01698664017021656 -0.06750162690877914
v 0.01389248296618461 0.02126402780413627 -0.07366000115871429
v -0.05264552310109138 0.0164401177316904 -0.04286250099539757
v -0.05678720772266388 0.01525468379259109 -0.05362532660365105
v -0.05208713933825493 0.01320559717714786 -0.04458103328943252
v 0.05264552310109138 0.0164401177316904 -0.04286250099539757
v 0.05678720772266388 0.01525468379259109 -0.05362532660365105
v 0.05208713933825493 0.01320559717714786 -0.04458103328943252
v -0.02223513834178447 0.01452694088220596 -0.06460332125425339
v 0.01954082399606704 0.01798859611153602 -0.06460332125425339
v 0.02905961871147156 0.01898559741675853 -0.06061442196369171
v -0.01103110611438751 0.01417276542633772 -0.06750162690877914
v 0.00854789558798074 0.01579512655735015 -0.06750162690877914
v -0.0172029510140419 0.01868738792836666 -0.07366000115871429
v 0.09582576900720596 0.01622823439538478 -0.07343467324972153
v -0.03178821131587028 0.01394360233098268 -0.06061442196369171
v 0.03871685639023781 0.01698278822004795 -0.05560227110981941
v -0.0957212969660759 0.01621035486459732 -0.07222320139408112
v -0.08822151273488998 0.0084132682532072 -0.066297747194767
v -0.08418109267950058 0.01223437674343586 -0.06380760669708252
v -0.07971782237291336 0.01525468379259109 -0.06107593700289726
v 0.08418109267950058 0.01223437674343586 -0.06380760669708252
v 0.0957212671637535 0.01621053554117679 -0.07222320139408112
v 0.07534973323345184 0.01759915240108966 -0.05842457711696625
v 0.07971782237291336 0.01525468379259109 -0.06107593700289726
v 0.02004416845738887 0.01560100261121988 -0.07366000115871429
v -0.01321341656148433 0.01216380670666694 -0.06750162690877914
v 0.01103110611438751 0.01417276542633772 -0.06750162690877914
v -0.04762659966945648 0.01206069346517324 -0.04965147748589516
v -0.04098408296704292 0.01037857960909605 -0.05560227110981941
v 0.04762659966945648 0.01206069346517324 -0.04965147748589516
v -0.02432293631136417 0.01066902931779623 -0.06460332125425339
v 0.02223513834178447 0.01452694088220596 -0.06460332125425339
v 0.03178821131587028 0.01394360233098268 -0.06061442196369171
v -0.02233863249421119 0.01208906341344118 -0.07366000115871429
v -0.01503529958426952 0.00982305128127336 -0.06750162690877914
v 0.01321341656148433 0.01216380670666694 -0.06750162690877914
v -0.00149062054697424 0.00893279910087585 -0.06926041841506958
v -2.220446049250313E-16 0.00905631575733423 -0.06926041841506958
v -0.00294058094732463 0.00856561958789825 -0.06926041841506958
v 0.00149062054697424 0.00893279910087585 -0.06926041841506958
v -0.00431032991036772 0.00796479173004627 -0.06926041841506958
v 0.00294058094732463 0.00856561958789825 -0.06926041841506958
v -0.03364970162510872 0.00852126162499189 -0.06061442196369171
v 0.04098408296704292 0.01037857960909605 -0.05560227110981941
v 0.09731703996658326 0.00447035022079944 -0.07280422747135162
v 0.09721382707357406 0.00446560932323336 -0.07247652858495712
v -0.09727224707603454 0.00446812435984611 -0.07314488291740417
v -0.09731704741716384 0.00447018258273601 -0.07280422747135162
v 0.0967290848493576 0.00780491018667817 -0.07343467324972153
v 0.09727223962545394 0.00446829246357083 -0.07314488291740417
v -0.09589460492134094 0.01558643579483032 -0.07343467324972153
v -0.0969160869717598 0.00506891915574669 -0.07222320139408112
v -0.09721383452415466 0.00446544121950864 -0.07247652858495712
v 0.08822151273488998 0.0084132682532072 -0.066297747194767
v 0.09037412703037262 0.00522564630955457 -0.06763045489788055
v 0.0969160944223404 0.00506892008706927 -0.07222320139408112
v -0.0905555933713913 0.00473574642091989 -0.06774304807186127
v -0.09037412703037262 0.00522564630955457 -0.06763045489788055
v -0.00556250428780913 0.00714670540764927 -0.06926041841506958
v 0.00431032991036772 0.00796479173004627 -0.06926041841506958
v 0.0240237582474947 0.0082473661750555 -0.07366000115871429
v -0.0970878228545189 0.00445965304970741 -0.07343467324972153
v -0.05587846785783768 0.00522564630955457 -0.05642213672399521
v -0.05119585990905762 0.00424294779077172 -0.04732410237193108
v -0.05192051827907562 0.01224043685942888 -0.045093834400177
v 0.05587846785783768 0.00522564630955457 -0.05642213672399521
v 0.05192051827907562 0.01224043685942888 -0.045093834400177
v 0.05119585990905762 0.00424294779077172 -0.04732410237193108
v -0.01644705794751644 0.00721434876322746 -0.06750162690877914
v 0.01503529958426952 0.00982305128127336 -0.06750162690877914
v 0.02432293631136417 0.01066902931779623 -0.06460332125425339
v -0.00666294805705547 0.00613367557525634 -0.06926041841506958
v 0.00556250428780913 0.00714670540764927 -0.06926041841506958
v -0.0257472675293684 0.00652009388431906 -0.06460332125425339
v 0.03364970162510872 0.00852126162499189 -0.06061442196369171
v -0.04896216094493866 0.00405712006613612 -0.04965147748589516
v -0.00758164376020431 0.0049533350393176 -0.06926041841506958
v 0.00666294805705547 0.00613367557525634 -0.06926041841506958
v -0.02505357749760151 0.00418070238083601 -0.07366000115871429
v -0.04213337227702141 0.00349127082154154 -0.05560227110981941
v 0.04896216094493866 0.00405712006613612 -0.04965147748589516
v -0.01741018518805503 0.00440885778516531 -0.06750162690877914
v 0.0257472675293684 0.00652009388431906 -0.06460332125425339
v 0.01644705794751644 0.00721434876322746 -0.06750162690877914
v -0.03459331765770912 0.00286648399196565 -0.06061442196369171
v 0.04213337227702141 0.00349127082154154 -0.05560227110981941
v -0.00829353276640176 0.00363788055256009 -0.06926041841506958
v 0.00758164376020431 0.0049533350393176 -0.06926041841506958
v -2.220446049250313E-16 -5.204170427930421E-18 -0.06984999775886536
v -0.0264692809432745 0.00219330703839659 -0.06460332125425339
v 0.03459331765770912 0.00286648399196565 -0.06061442196369171
v 0.02539999969303608 3.469446951953614E-18 -0.07366000115871429
v 0.0970878154039383 0.00445982068777084 -0.07343467324972153
v -0.00877919513732194 0.00222319411113858 -0.06926041841506958
v 0.01741018518805503 0.00440885778516531 -0.06750162690877914
v 0.00829353276640176 0.00363788055256009 -0.06926041841506958
v 0.09690999239683152 -0.00737473368644714 -0.07343467324972153
v 0.08778926730155945 -0.00708708213642239 -0.08254999667406082
v -0.01789840683341026 0.0014831043081358 -0.06750162690877914
v 0.0264692809432745 0.00219330703839659 -0.06460332125425339
v -0.05587846785783768 -0.00522564630955457 -0.05642213672399521
v -0.05119134113192558 -0.00419308571144938 -0.04733800888061523
v -0.05119134113192558 0.00419308571144938 -0.04733800888061523
v 0.05587846785783768 -0.00522564630955457 -0.05642213672399521
v 0.09054640680551528 0.00473506934940815 -0.06773735582828522
v 0.05119134113192558 0.00419308571144938 -0.04733800888061523
v 0.0969819352030754 0.0044549573212862 -0.07222320139408112
v -0.096981942653656 0.00445478968322277 -0.07222320139408112
v -0.09142690151929856 0.00238349777646362 -0.06828366965055466
v 0.0915098637342453 0.00199162773787975 -0.06833518296480179
v 0.09165893495082856 -0.00093941070372238 -0.06842775642871857
v 0.09703577309846878 -0.00738430488854646 -0.07247652858495712
v 0.09713879972696304 -0.00739214522764086 -0.07280422747135162
v -0.09709406644105912 -0.00738889398053288 -0.07314488291740417
v -0.09713878482580184 -0.00739229749888181 -0.07280422747135162
v 0.0970940813422203 -0.00738874217495322 -0.07314488291740417
v -0.09702084958553314 2.5448305223108036E-06 -0.07343467324972153
v 0.09680431336164474 -0.00736669125035405 -0.07222320139408112
v -0.09703576564788818 -0.00738445715978741 -0.07247652858495712
v -0.09680429846048356 -0.00736684259027242 -0.07222320139408112
v -0.09134404361248016 -0.00271878647617995 -0.0682322233915329
v -0.09167836606502532 -0.00069285678910091 -0.06843982636928558
v -0.00902538374066352 0.00074786460027098 -0.06926041841506958
v 0.01789840683341026 0.0014831043081358 -0.06750162690877914
v 0.00877919513732194 0.00222319411113858 -0.06926041841506958
v -0.04896216094493866 -0.00405712006613612 -0.04965147748589516
v 0.05119134113192558 -0.00419308571144938 -0.04733800888061523
v -0.02505357749760151 -0.00418070238083601 -0.07620000094175339
v -0.02505357749760151 -0.00418070238083601 -0.07366000115871429
v -0.04213337227702141 -0.00349127082154154 -0.05560227110981941
v 0.04896216094493866 -0.00405712006613612 -0.04965147748589516
v -0.03459331765770912 -0.00286648399196565 -0.06061442196369171
v 0.04213337227702141 -0.00349127082154154 -0.05560227110981941
v -0.0264692809432745 -0.00219330703839659 -0.06460332125425339
v 0.03459331765770912 -0.00286648399196565 -0.06061442196369171
v 0.00902538374066352 0.00074786460027098 -0.06926041841506958
v -0.01789840683341026 -0.0014831043081358 -0.06750162690877914
v 0.0264692809432745 -0.00219330703839659 -0.06460332125425339
v -0.00902538374066352 -0.00074786460027098 -0.06926041841506958
v 0.01789840683341026 -0.0014831043081358 -0.06750162690877914
v 0.00902538374066352 -0.00074786460027098 -0.06926041841506958
v -0.09690998494625092 -0.0073748854920268 -0.07343467324972153
v 0.0240237582474947 -0.0082473661750555 -0.07366000115871429
v 0.0240237582474947 -0.0082473661750555 -0.07620000094175339
v -0.0172029510140419 -0.01868738792836666 -0.07366000115871429
v -0.02233863249421119 -0.01208906341344118 -0.07366000115871429
v 0.00623533129692077 -0.02462276630103588 -0.07366000115871429
v -0.00209751538932323 -0.02531324699521065 -0.07366000115871429
v -0.01020306348800659 -0.02326064184308052 -0.07366000115871429
v 0.02004416845738887 -0.01560100261121988 -0.07366000115871429
v 0.01389248296618461 -0.02126402780413627 -0.07366000115871429
v -0.00829353276640176 -0.00363788055256009 -0.06926041841506958
v -0.00758164376020431 -0.0049533350393176 -0.06926041841506958
v -0.00877919513732194 -0.00222319411113858 -0.06926041841506958
v -0.00431032991036772 -0.00796479173004627 -0.06926041841506958
v -0.00294058094732463 -0.00856561958789825 -0.06926041841506958
v -0.00556250428780913 -0.00714670540764927 -0.06926041841506958
v -0.00666294805705547 -0.00613367557525634 -0.06926041841506958
v 0.00758164376020431 -0.0049533350393176 -0.06926041841506958
v 0.00829353276640176 -0.00363788055256009 -0.06926041841506958
v 0.00556250428780913 -0.00714670540764927 -0.06926041841506958
v 0.00666294805705547 -0.00613367557525634 -0.06926041841506958
v 0.00431032991036772 -0.00796479173004627 -0.06926041841506958
v 0.00294058094732463 -0.00856561958789825 -0.06926041841506958
v 0.00149062054697424 -0.00893279910087585 -0.06926041841506958
v -2.220446049250313E-16 -0.00905631575733423 -0.06926041841506958
v -0.00149062054697424 -0.00893279910087585 -0.06926041841506958
v 0.00877919513732194 -0.00222319411113858 -0.06926041841506958
v 0.01741018518805503 -0.00440885778516531 -0.06750162690877914
v 0.0913083553314209 -0.00285097700543701 -0.06821007281541824
v -0.01741018518805503 -0.00440885778516531 -0.06750162690877914
v 0.0257472675293684 -0.00652009388431906 -0.06460332125425339
v -0.0257472675293684 -0.00652009388431906 -0.06460332125425339
v 0.03364970162510872 -0.00852126162499189 -0.06061442196369171
v 0.01644705794751644 -0.00721434876322746 -0.06750162690877914
v -0.09037412703037262 -0.00522564630955457 -0.06763045489788055
v 0.09037412703037262 -0.00522564630955457 -0.06763045489788055
v 0.09615632891654968 -0.01207103114575147 -0.07222320139408112
v -0.03364970162510872 -0.00852126162499189 -0.06061442196369171
v 0.04098408296704292 -0.01037857960909605 -0.05560227110981941
v -0.04098408296704292 -0.01037857960909605 -0.05560227110981941
v 0.04762659966945648 -0.01206069346517324 -0.04965147748589516
v -0.01644705794751644 -0.00721434876322746 -0.06750162690877914
v 0.01503529958426952 -0.00982305128127336 -0.06750162690877914
v -0.04762659966945648 -0.01206069346517324 -0.04965147748589516
v 0.05192051827907562 -0.01224043685942888 -0.045093834400177
v -0.02233863249421119 -0.01208906341344118 -0.07620000094175339
v -0.05192051827907562 -0.01224043685942888 -0.045093834400177
v 0.05678720772266388 -0.01525468379259109 -0.05362532660365105
v 0.02432293631136417 -0.01066902931779623 -0.06460332125425339
v -0.01503529958426952 -0.00982305128127336 -0.06750162690877914
v 0.01321341656148433 -0.01216380670666694 -0.06750162690877914
v -0.09615632891654968 -0.01207103114575147 -0.07222320139408112
v -0.08881855756044388 -0.00766974315047264 -0.06666698306798935
v -0.08695691078901291 -0.00979066826403141 -0.06551671773195267
v -0.08580905199050903 -0.01074652653187513 -0.06481078267097473
v -0.08273617923259735 -0.01330541539937257 -0.0629209578037262
v -0.05678720772266388 -0.01525468379259109 -0.05362532660365105
v 0.08591008186340332 -0.01078663114458322 -0.06487130373716354
v 0.08835422992706299 -0.00825418531894683 -0.06637979298830032
v 0.07971782237291336 -0.01525468379259109 -0.06107593700289726
v 0.08289751410484314 -0.01319099590182304 -0.06301984935998917
v -0.01321341656148433 -0.01216380670666694 -0.06750162690877914
v 0.01103110611438751 -0.01417276542633772 -0.06750162690877914
v -0.02432293631136417 -0.01066902931779623 -0.06460332125425339
v 0.03178821131587028 -0.01394360233098268 -0.06061442196369171
v 0.09529494494199752 -0.01909991726279258 -0.07343467324972153
v 0.0855155736207962 -0.02107769437134266 -0.08254999667406082
v 0.09684907644987106 -0.00781698618084192 -0.07343467324972153
v -0.01103110611438751 -0.01417276542633772 -0.06750162690877914
v 0.00854789558798074 -0.01579512655735015 -0.06750162690877914
v 0.02223513834178447 -0.01452694088220596 -0.06460332125425339
v -0.09578120708465576 -0.01556968688964843 -0.07343467324972153
v 0.09541863203048706 -0.01912470534443855 -0.07247652858495712
v -0.09541860222816468 -0.01912484131753444 -0.07247652858495712
v -0.09551990777254104 -0.01914514601230621 -0.07280422747135162
v 0.09551993757486344 -0.01914501003921032 -0.07280422747135162
v 0.09547596424818038 -0.0191361978650093 -0.07314488291740417
v -0.095475934445858 -0.01913633197546005 -0.07314488291740417
v -0.00854789558798074 -0.01579512655735015 -0.06750162690877914
v 0.0058315210044384 -0.01698664017021656 -0.06750162690877914
v 0.02004416845738887 -0.01560100261121988 -0.07620000094175339
v -0.03178821131587028 -0.01394360233098268 -0.06061442196369171
v 0.03871685639023781 -0.01698278822004795 -0.05560227110981941
v -0.0058315210044384 -0.01698664017021656 -0.06750162690877914
v 0.0029560774564743 -0.01771480031311512 -0.06750162690877914
v -0.0029560774564743 -0.01771480031311512 -0.06750162690877914
v 0 -0.01795974932610988 -0.06750162690877914
v -0.02223513834178447 -0.01452694088220596 -0.06460332125425339
v 0.01954082399606704 -0.01798859611153602 -0.06460332125425339
v -0.03871685639023781 -0.01698278822004795 -0.05560227110981941
v 0.04499191045761108 -0.01973528228700161 -0.04965147748589516
v 0.02905961871147156 -0.01898559741675853 -0.06061442196369171
v 0.09519102424383164 -0.01907908730208873 -0.07222320139408112
v -0.05208713933825493 -0.01320559717714786 -0.04458103328943252
v -0.04499191045761108 -0.01973528228700161 -0.04965147748589516
v 0.05264552310109138 -0.0164401177316904 -0.04286250099539757
v 0.05208713933825493 -0.01320559717714786 -0.04458103328943252
v -0.09519100189208984 -0.01907922141253948 -0.07222320139408112
v -0.0172029510140419 -0.01868738792836666 -0.07620000094175339
v -0.01954082399606704 -0.01798859611153602 -0.06460332125425339
v 0.01631348766386509 -0.02095956914126873 -0.06460332125425339
v 0.09260216355323792 -0.02886060439050197 -0.07222320139408112
v -0.05264552310109138 -0.0164401177316904 -0.04286250099539757
v -0.05846871808171272 -0.02381508611142635 -0.04845016822218895
v 0.05846871808171272 -0.02381508611142635 -0.04845016822218895
v -0.09260215610265732 -0.02886060252785682 -0.07222320139408112
v -0.07971782237291336 -0.01525468379259109 -0.06107593700289726
v -0.02905961871147156 -0.01898559741675853 -0.06061442196369171
v 0.03539353609085083 -0.02312375046312809 -0.05560227110981941
v -0.09529492259025574 -0.01910005137324333 -0.07343467324972153
v -0.09226658940315246 -0.03054195269942283 -0.07343467324972153
v -0.08354222029447556 -0.02789049036800861 -0.08254999667406082
v -0.01631348766386509 -0.02095956914126873 -0.06460332125425339
v 0.01264116074889898 -0.02335882000625133 -0.06460332125425339
v 0.02553835697472095 -0.02350971475243568 -0.06061442196369171
v -0.07460736483335495 -0.01795554906129837 -0.0579763650894165
v -0.06934499740600586 -0.02021647803485393 -0.05482136830687523
v -0.0673745721578598 -0.02086842805147171 -0.05366711691021919
v 0.06732618063688278 -0.0209800973534584 -0.0536222904920578
v 0.07362474501132965 -0.01841158047318458 -0.05738423019647598
v 0.01389248296618461 -0.02126402780413627 -0.07620000094175339
v -0.01264116074889898 -0.02335882000625133 -0.06460332125425339
v 0.00862401723861694 -0.02512090280652046 -0.06460332125425339
v -0.05050744116306305 -0.02215461805462837 -0.04286250099539757
v 0.05050744116306305 -0.02215461805462837 -0.04286250099539757
v -0.03539353609085083 -0.02312375046312809 -0.05560227110981941
v 0.04112995788455009 -0.02687154337763786 -0.04965147748589516
v -0.00862401723861694 -0.02512090280652046 -0.06460332125425339
v 0.00437163189053535 -0.02619775384664535 -0.06460332125425339
v -0.00437163189053535 -0.02619775384664535 -0.06460332125425339
v 0 -0.02655999734997749 -0.06460332125425339
v -0.02553835697472095 -0.02350971475243568 -0.06061442196369171
v 0.02132047526538372 -0.02739254757761955 -0.06061442196369171
v -0.01020306348800659 -0.02326064184308052 -0.07620000094175339
v 0.03110476769506931 -0.0286339558660984 -0.05560227110981941
v 0.09420538693666458 -0.02321662008762359 -0.07343467324972153
v 0.0923863798379898 -0.03058147802948951 -0.07247652858495712
v -0.09238633513450622 -0.03058159351348877 -0.07247652858495712
v -0.09248442947864532 -0.03061406128108501 -0.07280422747135162
v 0.0924844667315483 -0.03061394579708576 -0.07280422747135162
v 0.09244188666343688 -0.03059985302388668 -0.07314488291740417
v -0.0924418494105339 -0.03059996850788593 -0.07314488291740417
v -0.04878022521734238 -0.02534623444080353 -0.04286250099539757
v -0.04112995788455009 -0.02687154337763786 -0.04965147748589516
v 0.04878022521734238 -0.02534623444080353 -0.04286250099539757
v -0.092165969312191 -0.03050864487886429 -0.07222320139408112
v -0.02132047526538372 -0.02739254757761955 -0.06061442196369171
v 0.0165210273116827 -0.03052818402647972 -0.06061442196369171
v 0.08777411282062531 -0.04148551449179649 -0.07222320139408112
v 0.092166006565094 -0.03050853125751018 -0.07222320139408112
v 0.09226662665605546 -0.03054183721542358 -0.07343467324972153
v 0.0810270681977272 -0.0345224067568779 -0.08254999667406082
v 0.00623533129692077 -0.02462276630103588 -0.07620000094175339
v -0.03110476769506931 -0.0286339558660984 -0.05560227110981941
v 0.03614608943462372 -0.0332748182117939 -0.04965147748589516
v -0.00209751538932323 -0.02531324699521065 -0.07620000094175339
v -0.0165210273116827 -0.03052818402647972 -0.06061442196369171
v 0.01127092819660902 -0.0328310914337635 -0.06061442196369171
v 0.0259675458073616 -0.03336310386657715 -0.05560227110981941
v -0.08777406811714172 -0.04148561134934425 -0.07222320139408112
v -0.08601135015487671 -0.04469354450702667 -0.07222320139408112
v 0.08601134270429611 -0.04469354450702667 -0.07222320139408112
v -0.01127092819660902 -0.0328310914337635 -0.06061442196369171
v 0.00571338692680001 -0.03423845022916794 -0.06061442196369171
v -0.04617205262184143 -0.03016570955514908 -0.04286250099539757
v 0.04617205262184143 -0.03016570955514908 -0.04286250099539757
v 0.08208048343658447 -0.05184724926948547 -0.07222320139408112
v -0.00571338692680001 -0.03423845022916794 -0.06061442196369171
v 0 -0.03471187502145767 -0.06061442196369171
v -0.04354231059551239 -0.03354440629482269 -0.04286250099539757
v -0.03614608943462372 -0.0332748182117939 -0.04965147748589516
v 0.04354231059551239 -0.03354440629482269 -0.04286250099539757
v -0.0259675458073616 -0.03336310386657715 -0.05560227110981941
v 0.02012199535965919 -0.03718219324946403 -0.05560227110981941
v -0.092174731194973 -0.03077153861522674 -0.07343467324972153
v -0.08786989003419876 -0.04153090342879295 -0.07343467324972153
v -0.07798641920089722 -0.04093043133616447 -0.08254999667406082
v 0.03017624840140342 -0.03877044469118118 -0.04965147748589516
v -0.08208043873310089 -0.05184732377529144 -0.07222320139408112
v 0.07680179178714752 -0.05917440727353096 -0.07222320139408112
v -0.08798393607139587 -0.0415848046541214 -0.07247652858495712
v -0.02012199535965919 -0.03718219324946403 -0.05560227110981941
v 0.01372757088392973 -0.03998704627156257 -0.05560227110981941
v 0.08926773071289062 -0.03803719580173492 -0.07343467324972153
v 0.08798398077487946 -0.04158470779657364 -0.07247652858495712
v -0.0880773514509201 -0.04162895679473877 -0.07280422747135162
v 0.08803685009479523 -0.04160969704389572 -0.07314488291740417
v 0.08807739615440369 -0.04162885993719101 -0.07280422747135162
v -0.08803680539131165 -0.04160979017615318 -0.07314488291740417
v -0.01372757088392973 -0.03998704627156257 -0.05560227110981941
v 0.00695869280025363 -0.04170116037130356 -0.05560227110981941
v -0.04057721421122551 -0.03735395893454551 -0.04286250099539757
v -0.03694714605808258 -0.040695670992136 -0.04286250099539757
v -0.03017624840140342 -0.03877044469118118 -0.04965147748589516
v 0.03694714605808258 -0.040695670992136 -0.04286250099539757
v 0.04057721421122551 -0.03735395893454551 -0.04286250099539757
v 0.02338327839970588 -0.0432085134088993 -0.04965147748589516
v -0.07680179178714752 -0.05917440354824066 -0.07222320139408112
v 0.07516955584287643 -0.06144005805253983 -0.07222320139408112
v -0.00695869280025363 -0.04170116037130356 -0.05560227110981941
v 0 -0.04227777197957039 -0.05560227110981941
v 0.08217009156942368 -0.0519038513302803 -0.07343467324972153
v 0.07444000244140625 -0.04707300662994385 -0.08254999667406082
v 0.08786994218826294 -0.04153080657124519 -0.07343467324972153
v -0.02338327839970588 -0.0432085134088993 -0.04965147748589516
v 0.01595247350633144 -0.04646796733140945 -0.04965147748589516
v -0.07516951113939285 -0.0614401176571846 -0.07222320139408112
v -0.06714378297328949 -0.07012172043323517 -0.07222320139408112
v 0.06714382022619247 -0.07012167572975159 -0.07222320139408112
v -0.03775703907012939 -0.07957127690315247 -0.08254999667406082
v -0.05003222823143005 -0.07248419523239136 -0.08254999667406082
v -0.02450396679341793 -0.08459750562906265 -0.08254999667406082
v -0.06101160496473312 -0.06351980566978455 -0.08254999667406082
v -0.07041081786155701 -0.05291029438376427 -0.08254999667406082
v 0.00354641722515225 -0.08800343424081802 -0.08254999667406082
v -0.01061625219881534 -0.08743270486593246 -0.08254999667406082
v 0.0659249871969223 -0.05840443819761276 -0.08254999667406082
v 0.05570254102349281 -0.06822323054075241 -0.08254999667406082
v 0.04403743147850036 -0.07627507299184799 -0.08254999667406082
v 0.03123177774250507 -0.0823514312505722 -0.08254999667406082
v 0.01761723682284355 -0.08629493415355682 -0.08254999667406082
v -0.03387553617358207 -0.04352328926324844 -0.04286250099539757
v -0.02919872477650642 -0.04657880216836929 -0.04286250099539757
v 0.02919872477650642 -0.04657880216836929 -0.04286250099539757
v 0.03387553617358207 -0.04352328926324844 -0.04286250099539757
v -0.01595247350633144 -0.04646796733140945 -0.04965147748589516
v 0.00808652583509683 -0.04845989495515823 -0.04965147748589516
v -0.06518095731735229 -0.07178433239459991 -0.07222320139408112
v 0.05812231078743935 -0.07776335626840591 -0.07222320139408112
v 0.06518095731735229 -0.07178432494401932 -0.07222320139408112
v -0.08591517806053162 -0.04508825019001961 -0.07343467324972153
v -0.08217004686594009 -0.05190392956137657 -0.07343467324972153
v 0.08232617378234863 -0.0520024448633194 -0.07314488291740417
v 0.08227673918008804 -0.05197121575474739 -0.07247652858495712
v -0.0823640450835228 -0.05202647298574448 -0.07280422747135162
v -0.08227669447660446 -0.05197129398584366 -0.07247652858495712
v 0.08236409723758698 -0.05202639475464821 -0.07280422747135162
v -0.08232612907886505 -0.05200251936912537 -0.07314488291740417
v -0.00808652583509683 -0.04845989495515823 -0.04965147748589516
v 0 -0.04912996292114258 -0.04965147748589516
v -0.02624982036650181 -0.04850541800260544 -0.04286250099539757
v -0.02053649351000785 -0.05101151391863823 -0.04286250099539757
v 0.02053649351000785 -0.05101151391863823 -0.04286250099539757
v 0.02624982036650181 -0.04850541800260544 -0.04286250099539757
v -0.05812227725982666 -0.0777633860707283 -0.07222320139408112
v 0.05148272961378098 -0.08212216943502426 -0.07222320139408112
v -0.01790807768702507 -0.05216444656252861 -0.04286250099539757
v -0.01122804917395114 -0.05385605990886688 -0.04286250099539757
v 0.01790807768702507 -0.05216444656252861 -0.04286250099539757
v 0.01122804917395114 -0.05385605990886688 -0.04286250099539757
v -0.03357419744133949 -0.05561935156583786 -0.04973464459180832
v -0.05148272961378098 -0.08212216943502426 -0.07222320139408112
v 0.03357419744133949 -0.05561935156583786 -0.04973464459180832
v 0.07525162398815155 -0.06150713562965393 -0.07343467324972153
v 0.08214180171489716 -0.05194311961531639 -0.07343467324972153
v -0.00907784886658191 -0.05440056324005127 -0.04286250099539757
v -0.00243828701786696 -0.05509885028004646 -0.04286250099539757
v 0.00907784886658191 -0.05440056324005127 -0.04286250099539757
v 1.239859193447046E-05 -0.05515250191092491 -0.04286250099539757
v -0.02953321300446987 -0.05552190169692039 -0.04827871546149254
v 0.02233703061938285 -0.05536254122853279 -0.04609864205121994
v 0.02676311321556568 -0.05545728281140327 -0.04736106097698212
v 0 -0.0551527738571167 -0.04286250099539757
v -0.02231404930353164 -0.05536051467061043 -0.04606299847364426
v 0.01989160291850566 -0.0553101934492588 -0.04540114849805832
v -0.07756764441728592 -0.05829234421253204 -0.07343467324972153
v 0.07539456337690353 -0.06162396818399429 -0.07314488291740417
v 0.07534928619861603 -0.06158696487545967 -0.07247652858495712
v -0.07534924149513245 -0.06158702075481415 -0.07247652858495712
v -0.07542923837900162 -0.06165241077542305 -0.07280422747135162
v 0.0754292905330658 -0.06165235117077827 -0.07280422747135162
v -0.07539451867341995 -0.06162402778863907 -0.07314488291740417
v -0.01612019538879394 -0.05524111911654472 -0.04453764483332634
v -0.0215943269431591 -0.05534442514181137 -0.04584209993481636
v 0.01312349643558263 -0.05519407615065575 -0.04396885633468628
v 0.01152589358389377 -0.05517636239528656 -0.04376188293099403
v -0.07525157183408737 -0.06150719150900841 -0.07343467324972153
v -0.0115318764001131 -0.05517736077308655 -0.04377728328108787
v -0.00919622182846069 -0.05514490231871605 -0.04339022561907768
v 0.00243828701786696 -0.05509885028004646 -0.04286250099539757
v 0.00525791011750698 -0.05511175468564034 -0.04300900176167488
v 0.00641731033101677 -0.05511972680687904 -0.04310005158185959
v -0.00240579806268215 -0.0576382577419281 -0.04391202330589294
v 0.00240579806268215 -0.0576382577419281 -0.04391202330589294
v 0.00518868956714868 -0.05765065550804138 -0.04404989629983902
v 0.00633345358073711 -0.05765830725431442 -0.04413564503192901
v -0.0090788546949625 -0.05768242478370667 -0.04440921917557716
v 1.2247478480276186E-05 -0.05768995359539986 -0.04388410225510597
v 0.01296359952539205 -0.05772934854030609 -0.04495604336261749
v -0.01593238301575183 -0.05777401849627495 -0.04549514129757881
v 0.01967474818229675 -0.05783922225236893 -0.04631629213690758
v -0.02136661484837532 -0.05787137523293495 -0.04673677682876587
v -0.02927220799028873 -0.05803637579083443 -0.04907245934009552
v 0.03200137987732887 -0.05809637159109116 -0.04996416717767715
v 0.03213785216212272 -0.05779335647821426 -0.05001555383205414
v 0.02651066333055496 -0.0579766184091568 -0.04819058999419212
v 0.03230477496981621 -0.05749549716711044 -0.0500192828476429
v 0.03356379643082618 -0.05563250929117203 -0.04973874613642693
v -0.03356379643082618 -0.05563250929117203 -0.04973874613642693
v -0.03230477496981621 -0.05749549716711044 -0.0500192828476429
v -0.03213785216212272 -0.05779335647821426 -0.05001555383205414
v -0.03708298504352569 -0.06305866688489914 -0.05546726658940315
v 0.03708298504352569 -0.06305866688489914 -0.05546726658940315
v -0.00240954756736755 -0.06038352102041245 -0.04379090294241905
v 1.2269068975001574E-05 -0.06042147800326347 -0.04374374449253082
v 0.00240954756736755 -0.06038352102041245 -0.04379090294241905
v 0.00519703654572367 -0.06039263308048248 -0.04392437264323234
v 0.00634383643046021 -0.06039825454354286 -0.04400742053985595
v -0.01596531271934509 -0.06048296019434929 -0.04532725736498833
v -0.00909459684044122 -0.06041596084833145 -0.04427254199981689
v 0.01298835501074791 -0.06045033037662506 -0.04480320587754249
v -0.02141741290688514 -0.06055378913879395 -0.04653718695044518
v -0.03591309115290642 -0.06376521289348602 -0.05525593459606171
v -0.03563494607806205 -0.06385494768619537 -0.05516317114233971
v -0.03200139105319977 -0.05809635296463966 -0.04996417090296745
v 0.03563494607806205 -0.06385494768619537 -0.05516317114233971
v 0.03591309115290642 -0.06376521289348602 -0.05525593459606171
v 0.01971960067749023 -0.06053044274449348 -0.04612701013684273
v -0.02935446053743362 -0.06067292764782906 -0.048822320997715
v 0.03184796497225761 -0.05843700841069221 -0.0499064028263092
v 0.02658135071396827 -0.06062990799546242 -0.04795831814408302
v 0.0309995636343956 -0.06067635118961334 -0.04929611459374428
v 0.03122082166373729 -0.05982948467135429 -0.0496702678501606
v -0.03122082166373729 -0.05982948467135429 -0.0496702678501606
v -0.03184796497225761 -0.05843700841069221 -0.0499064028263092
v -0.03501133993268013 -0.06419617682695389 -0.05473754927515984
v 0.03464633598923683 -0.06439590454101562 -0.05448843166232109
v 0.03501133993268013 -0.06419617682695389 -0.05473754927515984
v 0.06721712648868561 -0.07019823044538498 -0.07343467324972153
v 0.07263148576021194 -0.06434139609336853 -0.07343467324972153
v -0.03464633598923683 -0.06439590454101562 -0.05448843166232109
v -0.03338582068681717 -0.06536237150430679 -0.05319847166538239
v -0.03293424472212791 -0.06581434607505798 -0.05257219076156616
v -0.03099956922233104 -0.06067633628845215 -0.04929612204432487
v -0.03399577736854553 -0.06475188583135605 -0.05404441431164742
v 0.03293424472212791 -0.06581434607505798 -0.05257219076156616
v 0.03338582068681717 -0.06536237150430679 -0.05319847166538239
v 0.03399577736854553 -0.06475188583135605 -0.05404441431164742
v -0.00244883308187127 -0.06282053142786026 -0.04252181947231292
v 1.2465391591831576E-05 -0.06284058094024658 -0.04246746376156807
v 0.00244883308187127 -0.06282053142786026 -0.04252181947231292
v 0.00528139201924204 -0.06282535195350647 -0.04265589267015457
v 0.00644652172923088 -0.06282831728458405 -0.04273930937051773
v -0.01621297001838684 -0.06287297606468201 -0.04406466707587242
v -0.00924052391201257 -0.06283766776323318 -0.04300558939576149
v 0.01319320313632488 -0.0628557950258255 -0.04353849589824676
v -0.02173760533332824 -0.06291018426418304 -0.04527916014194489
v 0.02001806162297725 -0.0628979355096817 -0.04486748203635216
v -0.0297656487673521 -0.06297249346971512 -0.04757185280323029
v 0.02696272917091846 -0.06295003741979599 -0.04670513793826103
v 0.03069723583757877 -0.06296690553426743 -0.04785533994436264
v 0.03075362555682659 -0.06161768734455109 -0.04888022318482399
v 0.03083446621894836 -0.06130826473236084 -0.04901692643761635
v -0.03083446621894836 -0.06130826473236084 -0.04901692643761635
v -0.03075362555682659 -0.06161768734455109 -0.04888022318482399
v 0.03292464837431907 -0.0658404603600502 -0.05253325402736664
v -0.03292464837431907 -0.0658404603600502 -0.05253325402736664
v -0.06730432063341141 -0.07028938084840775 -0.07247652858495712
v -0.067319355905056 -0.07008764892816544 -0.07343467324972153
v 0.06730436533689499 -0.07028934359550476 -0.07247652858495712
v -0.0673757791519165 -0.07036401331424713 -0.07280422747135162
v -0.03069723583757877 -0.06296690553426743 -0.04785533994436264
v 0.06737582385540009 -0.07036396861076355 -0.07280422747135162
v 0.06734480708837509 -0.07033157348632812 -0.07314488291740417
v -0.06734476238489151 -0.07033161818981171 -0.07314488291740417
v -0.00251629808917641 -0.06449291855096817 -0.04034243896603584
v 1.2800022886949591E-05 -0.06449844688177109 -0.04029205068945884
v 0.00251629808917641 -0.06449291855096817 -0.04034243896603584
v 0.00542599381878972 -0.06449425220489502 -0.04048146307468414
v 0.00662234844639897 -0.06449507176876068 -0.04056792706251144
v -0.01663010194897651 -0.0645073726773262 -0.04193806648254394
v -0.00948952510952949 -0.06449764966964722 -0.04084373638033867
v 0.01354040950536728 -0.06450264155864716 -0.04139488562941551
v -0.02226971834897995 -0.06451759487390518 -0.04318850114941597
v 0.02051624096930027 -0.06451423466205597 -0.04276512563228607
v -0.03043418191373348 -0.06453468650579453 -0.04553878679871559
v 0.02758765593171119 -0.06452853232622147 -0.04465167224407196
v 0.03083673864603042 -0.06359795480966568 -0.04713622108101845
v 0.0306913498789072 -0.06310778111219406 -0.04774833470582962
v -0.0306913498789072 -0.06310778111219406 -0.04774833470582962
v 0.03260617330670357 -0.06670698523521423 -0.05124112963676453
v -0.03083673864603042 -0.06359795480966568 -0.04713622108101845
v -0.03721819072961807 -0.06334582716226578 -0.05568858236074448
v -0.03719709068536758 -0.06335096061229706 -0.05568415299057961
v 0.03721819072961807 -0.06334582716226578 -0.05568858236074448
v 0.03719709068536758 -0.06335096061229706 -0.05568415299057961
v -0.03251900151371956 -0.0669441744685173 -0.05088744685053825
v -0.03260617330670357 -0.06670698523521423 -0.05124112963676453
v 0.03264351561665535 -0.06743942946195602 -0.05009740963578224
v 0.03251900151371956 -0.0669441744685173 -0.05088744685053825
v -0.03478147089481354 -0.07687835395336151 -0.06332781910896301
v 0.03478147089481354 -0.07687835395336151 -0.06332781910896301
v -0.06721708178520203 -0.07019827514886856 -0.07343467324972153
v -0.03264351561665535 -0.06743942946195602 -0.05009740963578224
v -0.03103330545127392 -0.06426068395376205 -0.04630864039063454
v 0.03103330545127392 -0.06426068395376205 -0.04630864039063454
v 0.03279322013258934 -0.06803485751152039 -0.04914755746722221
v 0.03250247985124588 -0.0770733430981636 -0.06216057389974594
v -0.03250247985124588 -0.0770733430981636 -0.06216057389974594
v -0.03279322013258934 -0.06803485751152039 -0.04914755746722221
v -0.03126938641071319 -0.06447992473840714 -0.04578903317451477
v 0.03126938641071319 -0.06447992473840714 -0.04578903317451477
v 0.03318894281983375 -0.06843706965446472 -0.04806031659245491
v -0.03299728408455848 -0.06830006837844849 -0.0485868938267231
v -0.03175728395581245 -0.06493301689624786 -0.04471518099308014
v -0.03124365583062172 -0.06508749723434448 -0.04307710006833076
v 0.03175728395581245 -0.06493301689624786 -0.04471518099308014
v 0.03341209888458252 -0.06848827749490738 -0.04744719713926315
v -0.00259930803440511 -0.06508749723434448 -0.03766088560223579
v 1.3210879842517897E-05 -0.06508749723434448 -0.03762110322713852
v 0.00259930803440511 -0.06508749723434448 -0.03766088560223579
v 0.00560382241383194 -0.06508749723434448 -0.0378073863685131
v 0.00683850981295108 -0.06508749723434448 -0.03789843618869781
v 0.01396601647138595 -0.06508749723434448 -0.0387672409415245
v -0.00979533977806568 -0.06508749723434448 -0.03818861022591591
v 0.02112418971955776 -0.06508749723434448 -0.04019953310489654
v -0.01714049279689788 -0.06508749723434448 -0.03933602944016456
v 0.02834611013531685 -0.06508749723434448 -0.04215944558382034
v -0.02291823923587799 -0.06508749723434448 -0.04064048454165458
v 0.03084171563386917 -0.0777791365981102 -0.06033355370163918
v -0.03341209888458252 -0.06848827749490738 -0.04744719713926315
v -0.03233609721064567 -0.06508749723434448 -0.04344118386507034
v 0.03233609721064567 -0.06508749723434448 -0.04344118386507034
v -0.04485668241977691 -0.06508749723434448 0.00590549455955624
v -0.04251521825790405 -0.06508749723434448 -0.01547427382320165
v -0.04497483745217323 -0.06508749723434448 -0.00492554577067494
v -0.04734193161129951 -0.06848827749490738 -0.00518478499725461
v -0.04721756279468536 -0.06848827749490738 0.00621630996465683
v -0.042167529463768 -0.06508749723434448 0.01639805547893047
v -0.04438687488436699 -0.06848827749490738 0.01726111210882663
v -0.04475286230444908 -0.06848827749490738 -0.01628870889544487
v -0.03706150874495506 -0.06508749723434448 0.02595074847340584
v -0.0390121154487133 -0.06848827749490738 0.02731657773256302
v -0.02983127720654011 -0.06508749723434448 0.03401605412364006
v -0.03140134364366531 -0.06848827749490738 0.03580636903643608
v -0.02089123800396919 -0.06508749723434448 0.04013169556856155
v -0.02199077792465686 -0.06848827749490738 0.04224389046430588
v -0.01075380109250545 -0.06508749723434448 0.04394715651869774
v -0.01131979096680879 -0.06848827749490738 0.04626016691327095
v -2.220446049250313E-16 -0.06508749723434448 0.045243751257658
v 0 -0.06848827749490738 0.04762500151991844
v 0.01075380109250545 -0.06508749723434448 0.04394715651869774
v 0.01131979096680879 -0.06848827749490738 0.04626016691327095
v 0.02089123800396919 -0.06508749723434448 0.04013169556856155
v 0.02199077792465686 -0.06848827749490738 0.04224389046430588
v 0.02983127720654011 -0.06508749723434448 0.03401605412364006
v 0.03140134364366531 -0.06848827749490738 0.03580636903643608
v 0.042167529463768 -0.06508749723434448 0.01639805547893047
v 0.03706150874495506 -0.06508749723434448 0.02595074847340584
v 0.04485668241977691 -0.06508749723434448 0.00590549455955624
v 0.04497483745217323 -0.06508749723434448 -0.00492554577067494
v 0.04251521825790405 -0.06508749723434448 -0.01547427382320165
v 0.0390121154487133 -0.06848827749490738 0.02731657773256302
v 0.04475286230444908 -0.06848827749490738 -0.01628870889544487
v 0.04438687488436699 -0.06848827749490738 0.01726111210882663
v 0.04721756279468536 -0.06848827749490738 0.00621630996465683
v 0.04734193161129951 -0.06848827749490738 -0.00518478499725461
v -0.03084171563386917 -0.0777791365981102 -0.06033355370163918
v 0.03007077611982822 -0.07888029515743256 -0.05814554542303085
v -0.03007077611982822 -0.07888029515743256 -0.05814554542303085
v -0.03031573817133903 -0.08019674569368362 -0.05595437809824944
v 0.03031573817133903 -0.08019674569368362 -0.05595437809824944
v 0.05818576738238335 -0.07784825563430786 -0.07343467324972153
v 0.06136118620634079 -0.07515851408243179 -0.07343467324972153
v -0.02747834846377372 -0.09334500133991242 -0.06375004351139069
v 0.02747834846377372 -0.09334500133991242 -0.06375004351139069
v -0.04762216657400131 -0.09334500133991242 0.0005194978439249
v -0.04734193161129951 -0.09334500133991242 -0.00518478499725461
v -0.04638089239597321 -0.09334500133991242 -0.01081450749188661
v -0.04613393545150757 -0.09334500133991242 0.0118237268179655
v -0.04721756279468536 -0.09334500133991242 0.00621630996465683
v -0.04475286230444908 -0.09334500133991242 -0.01628870889544487
v -0.04200150072574615 -0.09334500133991242 0.02245027013123035
v -0.04438687488436699 -0.09334500133991242 0.01726111210882663
v -0.03546171262860298 -0.09334500133991242 0.03179005533456802
v -0.0390121154487133 -0.09334500133991242 0.02731657773256302
v -0.02688940428197384 -0.09334500133991242 0.03930776566267013
v -0.03140134364366531 -0.09334500133991242 0.03580636903643608
v -0.01677590794861316 -0.09334500133991242 0.04457252100110054
v -0.02199077792465686 -0.09334500133991242 0.04224389046430588
v -0.00570088671520352 -0.09334500133991242 0.04728256165981293
v -0.01131979096680879 -0.09334500133991242 0.04626016691327095
v 0.00570088671520352 -0.09334500133991242 0.04728256165981293
v 0 -0.09334500133991242 0.04762500151991844
v 0.01677590794861316 -0.09334500133991242 0.04457252100110054
v 0.01131979096680879 -0.09334500133991242 0.04626016691327095
v 0.02688940428197384 -0.09334500133991242 0.03930776566267013
v 0.02199077792465686 -0.09334500133991242 0.04224389046430588
v 0.03546171262860298 -0.09334500133991242 0.03179005533456802
v 0.03140134364366531 -0.09334500133991242 0.03580636903643608
v 0.04475286230444908 -0.09334500133991242 -0.01628870889544487
v 0.04200150072574615 -0.09334500133991242 0.02245027013123035
v 0.0390121154487133 -0.09334500133991242 0.02731657773256302
v 0.04613393545150757 -0.09334500133991242 0.0118237268179655
v 0.04438687488436699 -0.09334500133991242 0.01726111210882663
v 0.04638089239597321 -0.09334500133991242 -0.01081450749188661
v 0.04762216657400131 -0.09334500133991242 0.0005194978439249
v 0.04721756279468536 -0.09334500133991242 0.00621630996465683
v 0.04734193161129951 -0.09334500133991242 -0.00518478499725461
v -0.05818573012948036 -0.07784827798604965 -0.07343467324972153
v 0.05826128274202347 -0.07794929295778275 -0.07247652858495712
v -0.05826124921441078 -0.07794931530952454 -0.07247652858495712
v -0.05832310393452644 -0.07803207635879517 -0.07280422747135162
v 0.05829629302024841 -0.07799612730741501 -0.07314488291740417
v 0.05832314118742943 -0.07803205400705338 -0.07280422747135162
v -0.05829625576734543 -0.0779961571097374 -0.07314488291740417
v -0.04829145222902298 -0.08434376120567322 -0.07343467324972153
v -0.05512574315071106 -0.07985712587833405 -0.07343467324972153
v 0.04829147830605507 -0.08434374630451202 -0.07343467324972153
v 0.0485837385058403 -0.08415187895298004 -0.07343467324972153
v -0.03763989731669426 -0.08949067443609238 -0.07222320139408112
v -0.03343263640999794 -0.08370373398065567 -0.06742111593484879
v -0.04823879152536392 -0.0842517763376236 -0.07222320139408112
v 0.03625201433897018 -0.09002292156219482 -0.07222320139408112
v 0.03763991221785545 -0.08949066698551178 -0.07222320139408112
v 0.03343263640999794 -0.08370373398065567 -0.06742111593484879
v 0.04823881387710571 -0.0842517614364624 -0.07222320139408112
v -0.02948641777038574 -0.09189213067293168 -0.07106608152389526
v -0.02925684861838817 -0.0919097289443016 -0.07095370441675186
v 0.02929215505719185 -0.09193289279937744 -0.07092861086130142
v 0.02946448884904384 -0.09186272323131562 -0.07110627740621567
v -0.02777152694761753 -0.0926269218325615 -0.06923817098140717
v -0.02745045535266399 -0.09278195351362228 -0.06886733323335648
v 0.02753182500600815 -0.09280998259782792 -0.06885103136301041
v 0.0276969950646162 -0.0925823450088501 -0.06928406655788422
v 0.04835415631532669 -0.08445321023464203 -0.07247652858495712
v -0.04840546846389771 -0.0845428928732872 -0.07280422747135162
v -0.0483541302382946 -0.08445322513580322 -0.07247652858495712
v 0.0483832098543644 -0.08450395613908768 -0.07314488291740417
v 0.04840549454092979 -0.08454287797212601 -0.07280422747135162
v -0.04838318377733231 -0.08450397104024887 -0.07314488291740417
v -0.02680646441876888 -0.09411926567554474 -0.06644212454557419
v -0.02720210701227188 -0.09359399229288102 -0.06459517031908035
v -0.02697017788887024 -0.0937792956829071 -0.06705865263938904
v 0.02695659734308719 -0.09387695044279098 -0.06557898968458176
v 0.02685294859111309 -0.09374559670686722 -0.06707119196653366
v -0.03768099099397659 -0.08958837389945984 -0.07343467324972153
v -0.04159032925963402 -0.08765603601932526 -0.07343467324972153
v 0.03768100216984749 -0.08958836644887924 -0.07343467324972153
v 0.03442177549004554 -0.09075624495744706 -0.07343467324972153
v -0.03625201433897018 -0.09002292156219482 -0.07222320139408112
v -0.03185023739933967 -0.09171098470687866 -0.07222320139408112
v 0.03185023739933967 -0.09171098470687866 -0.07222320139408112
v -0.0377298966050148 -0.08970464766025543 -0.07247652858495712
v 0.03775257989764213 -0.08975854516029358 -0.07314488291740417
v 0.03772990778088569 -0.08970464766025543 -0.07247652858495712
v -0.03776995465159416 -0.08979988843202591 -0.07280422747135162
v 0.03776996582746505 -0.08979988843202591 -0.07280422747135162
v -0.03775256872177124 -0.08975855261087418 -0.07314488291740417
v -0.02722969464957714 -0.09358108043670654 -0.07316190749406815
v -0.02736160345375538 -0.09346786886453628 -0.0732337087392807
v -0.02757976204156875 -0.09328064322471618 -0.07335245609283447
v -0.02767886780202389 -0.09320943057537078 -0.07339257746934891
v -0.02778024785220623 -0.09313993155956268 -0.07343027740716934
v -0.02779268287122249 -0.0931316316127777 -0.07343467324972153
v -0.02692692540585994 -0.09384092688560486 -0.07299710810184479
v -0.0271303690969944 -0.09366632997989654 -0.07310784608125687
v 0.02778024785220623 -0.09313993155956268 -0.07343027740716934
v 0.02768422476947307 -0.0932057574391365 -0.07339456677436829
v 0.02779268287122249 -0.0931316316127777 -0.07343467324972153
v 0.02767886780202389 -0.09320943057537078 -0.07339257746934891
v 0.02757976204156875 -0.09328064322471618 -0.07335245609283447
v 0.02718281932175159 -0.09362131357192994 -0.07313639670610428
v 0.02692692540585994 -0.09384092688560486 -0.07299710810184479
v 0.02676010131835937 -0.0940382108092308 -0.07285258919000626
v 0.02660946361720562 -0.09421635419130326 -0.07272209227085114
v 0.02628659829497337 -0.09459816664457322 -0.07244239747524261
v 0.02610653266310692 -0.09494023025035858 -0.0721597746014595
v 0.02573034539818763 -0.09565488249063492 -0.07156933099031448
v 0.02522266656160354 -0.09654642641544342 -0.07083781808614731
v 0.02481842413544655 -0.09696149080991744 -0.0705363005399704
v 0.02565271593630314 -0.09580235183238984 -0.07144748419523239
v 0.02431770414113998 -0.0974033772945404 -0.07023179531097412
v 0.02348573319613933 -0.0977911725640297 -0.07005202770233154
v 0.02327773533761501 -0.09788811951875686 -0.0700070858001709
v 0.0221993587911129 -0.09809228032827378 -0.07005197554826736
v 0.02207809872925281 -0.09809677302837372 -0.07007411867380142
v 0.0217886995524168 -0.09810750186443328 -0.07012695819139481
v 0.02003998681902885 -0.09810750186443328 -0.07044068723917007
v 0.01402089837938547 -0.09810750186443328 -0.07152054458856583
v -0.0217886995524168 -0.09810750186443328 -0.07012695819139481
v -0.02217246405780315 -0.0980645939707756 -0.07008343189954758
v -0.01971351355314254 -0.09810750186443328 -0.07055637240409851
v -0.02347802184522152 -0.09777845442295074 -0.07006552070379257
v -0.02404815889894962 -0.097563236951828 -0.07014153897762299
v -0.02484924905002117 -0.09698152542114258 -0.07051023095846176
v -0.02519808150827884 -0.09655103832483292 -0.07083913683891296
v -0.02547634020447731 -0.09619159996509552 -0.07111673802137375
v -0.02565271593630314 -0.09580235183238984 -0.07144748419523239
v -0.02569095231592655 -0.09572971612215042 -0.07150749862194061
v -0.02573039010167122 -0.09565479308366776 -0.07156939804553986
v -0.02628659829497337 -0.09459816664457322 -0.07244239747524261
v -0.0263370368629694 -0.09453851729631424 -0.07248608767986298
v -0.02660945802927017 -0.09421635419130326 -0.07272208482027054
v -0.02665302343666553 -0.09416484087705612 -0.07275982946157455
v -0.00372882373631 -0.09810750186443328 -0.07244653254747391
v -0.01170133147388696 -0.09810750186443328 -0.07182201743125916
v -0.01191346626728773 -0.09810750186443328 -0.07178851217031479
v -0.0015898710116744 -0.09810750186443328 -0.07250448316335678
v 0.00395618984475731 -0.09810750186443328 -0.07237339019775391
v 0.00623276876285672 -0.09810750186443328 -0.07231958210468292
v -0.02794526144862175 -0.0931854397058487 -0.07331948727369308
v -0.02800359018146991 -0.0931907743215561 -0.07328544557094574
v -0.03076024912297725 -0.09228802472352982 -0.0724184438586235
v -0.03115315362811088 -0.09209046512842178 -0.07234044373035431
v -0.03049595281481743 -0.0924096405506134 -0.07247877866029739
v 0.03049561008810997 -0.09241044521331788 -0.07247839868068695
v 0.0306890569627285 -0.09232253581285476 -0.0724334791302681
v 0.03115023113787174 -0.09209197759628296 -0.07234099507331848
v 0.02829783968627453 -0.09317030757665634 -0.07314432412385941
v 0.02863853238523006 -0.09310650080442428 -0.07300660014152527
v 0.02925184927880764 -0.09291911870241166 -0.07280465960502625
v 0.02901052683591842 -0.0930030420422554 -0.07287763059139252
v -0.02830353565514087 -0.09317246079444886 -0.0731399729847908
v -0.02848117053508758 -0.09314154088497162 -0.07306667417287827
v -0.02893467806279659 -0.09302610903978348 -0.07290267199277878
v -0.02917928993701935 -0.09294862300157546 -0.07282386720180511
v -0.02829384244978428 -0.0931730568408966 -0.07314467430114746
v -0.0300835445523262 -0.09259941428899766 -0.07257291674613953
v -0.0297644380480051 -0.09273238480091094 -0.07265512645244598
v 0.03001763857901096 -0.09262765198946 -0.07258938252925873
v 0.02957073785364628 -0.09280821681022644 -0.07270823419094086
v 0.02824671752750873 -0.09317988157272338 -0.07316499203443527
v 0.02802572771906852 -0.0931917056441307 -0.07327323406934738
v 0.02782665006816387 -0.09315279871225358 -0.07340297102928162
v 0.02878149412572384 -0.09249243140220642 -0.07104722410440445
v -0.0287835244089365 -0.09249002486467362 -0.07104658335447311
v 0.02712875045835972 -0.0936426818370819 -0.06920590251684189
v 0.02845603041350841 -0.09286565333604812 -0.07117392122745514
v -0.02850695513188839 -0.09280901402235032 -0.07115096598863602
v -0.02801203168928623 -0.09332668781280518 -0.07142019271850586
v -0.02692613750696182 -0.09409161657094956 -0.06947430968284607
v -0.02713020518422127 -0.09363921731710434 -0.06920410692691803
v 0.02761927247047424 -0.0936763808131218 -0.07170343399047852
v 0.02796246483922004 -0.0933740958571434 -0.07145263999700546
v -0.02776958979666233 -0.09354981034994126 -0.07158800959587097
v -0.02664914727210998 -0.09454736858606338 -0.06745230406522751
v -0.0265333354473114 -0.09479545801877976 -0.07007667422294617
v 0.02664914727210998 -0.09454736858606338 -0.06745230406522751
v 0.0268873143941164 -0.09417055547237396 -0.0695294514298439
v -0.02730736322700977 -0.09390614181756974 -0.0719703808426857
v 0.02685464173555374 -0.09414242208003998 -0.07242582738399506
v 0.02716912142932415 -0.09399189800024032 -0.07210066169500351
v -0.02710615657269954 -0.09402726590633392 -0.07216249406337738
v -0.02671664580702781 -0.09418495744466782 -0.07258222997188568
v -0.02632875554263592 -0.09508413076400756 -0.0704234391450882
v -0.04698415100574493 -0.09572625160217286 0.00051253789570182
v -0.04658496752381325 -0.09572625160217286 0.00613302737474441
v -0.04670767113566399 -0.09572625160217286 -0.00511532183736562
v -0.04551585763692856 -0.09572625160217286 0.01166531909257173
v -0.04575950652360916 -0.09572625160217286 -0.01066961977630853
v -0.04379220306873321 -0.09572625160217286 0.01702985726296901
v -0.02713768742978573 -0.09516753256320954 -0.06362605094909668
v -0.04415328800678253 -0.09572625160217286 -0.01607048138976097
v -0.04143878817558288 -0.09572625160217286 0.02214949391782283
v -0.0384894534945488 -0.09572625160217286 0.02695060521364212
v -0.03498661518096924 -0.09572625160217286 0.03136415034532547
v -0.03098064661026001 -0.09572625160217286 0.03532665595412254
v -0.02652915567159652 -0.09572625160217286 0.03878114372491836
v -0.02169615775346756 -0.09572625160217286 0.04167792946100235
v -0.01655115373432636 -0.09572625160217286 0.04397536069154739
v -0.01116813439875841 -0.09572625160217286 0.04564039781689644
v -0.00562450941652059 -0.09572625160217286 0.04664909467101097
v -2.220446049250313E-16 -0.09572625160217286 0.04698694497346878
v 0.00562450941652059 -0.09572625160217286 0.04664909467101097
v 0.01116813439875841 -0.09572625160217286 0.04564039781689644
v 0.01655115373432636 -0.09572625160217286 0.04397536069154739
v 0.02169615775346756 -0.09572625160217286 0.04167792946100235
v 0.02652915567159652 -0.09572625160217286 0.03878114372491836
v 0.03098064661026001 -0.09572625160217286 0.03532665595412254
v 0.04415328800678253 -0.09572625160217286 -0.01607048138976097
v 0.02687877416610718 -0.09572625160217286 -0.06353181600570679
v 0.02617149986326694 -0.09602710604667664 -0.06544028967618942
v 0.03498661518096924 -0.09572625160217286 0.03136415034532547
v 0.0384894534945488 -0.09572625160217286 0.02695060521364212
v 0.04143878817558288 -0.09572625160217286 0.02214949391782283
v 0.04379220306873321 -0.09572625160217286 0.01702985726296901
v 0.04551585763692856 -0.09572625160217286 0.01166531909257173
v 0.04658496752381325 -0.09572625160217286 0.00613302737474441
v 0.04575950652360916 -0.09572625160217286 -0.01066961977630853
v 0.04698415100574493 -0.09572625160217286 0.00051253789570182
v 0.04670767113566399 -0.09572625160217286 -0.00511532183736562
v 0.02649214677512645 -0.09485768526792526 -0.070144884288311
v -0.02591690607368946 -0.09551356732845306 -0.07117527723312378
v -0.02678662352263927 -0.09533869475126266 -0.06448104232549667
v -0.02657072991132736 -0.0946924164891243 -0.06782367080450058
v 0.02656954154372215 -0.0946946144104004 -0.06782929599285126
v 0.02640276402235031 -0.09500309824943542 -0.06861911714076996
v 0.02619798667728901 -0.09524228423833848 -0.07065488398075104
v 0.02680646441876888 -0.09411926567554474 -0.06644212454557419
v 0.02595230378210544 -0.09616027772426606 -0.06636278331279755
v -0.02572828158736229 -0.09564229846000672 -0.07154056429862976
v 0.0257879551500082 -0.09560631215572358 -0.07142367213964462
v -0.02642818167805671 -0.09495608508586884 -0.06849873811006546
v -0.02616436593234539 -0.09565355628728866 -0.06638248264789581
v 0.0257035568356514 -0.0963902622461319 -0.0674094557762146
v 0.02616978995501995 -0.0954340249300003 -0.06972242891788483
v -0.0257035568356514 -0.0963902622461319 -0.0674094557762146
v -0.02619211003184318 -0.09539274126291276 -0.06961672753095627
v -0.02611853368580341 -0.09552883356809616 -0.0699651688337326
v 0.02611853368580341 -0.09552883356809616 -0.0699651688337326
v -0.02506913989782333 -0.09689508378505706 -0.06983320415019989
v -0.02606983482837677 -0.09556447714567184 -0.07012614607810974
v -0.02681524120271206 -0.0956810712814331 -0.06350868940353394
v 0.02581407874822616 -0.09575166553258896 -0.07097157090902328
v 0.02597543597221374 -0.09563356637954712 -0.0704381912946701
v -0.02577728033065796 -0.09679950773715972 -0.06420379132032394
v 0.02506913989782333 -0.09689508378505706 -0.06983320415019989
v -0.02581407874822616 -0.09575166553258896 -0.07097157090902328
v 0.02515387535095215 -0.09666544944047928 -0.07074029743671417
v 0.02568085864186287 -0.09579351544380188 -0.07136447727680206
v -0.02595230378210544 -0.09616027772426606 -0.06636278331279755
v -0.02616756781935692 -0.09671259671449662 -0.06327295303344727
v -0.04524105787277222 -0.09746944904327392 0.00049352296628057
v -0.04485668241977691 -0.09746944904327392 0.00590549455955624
v -0.04497483745217323 -0.09746944904327392 -0.00492554577067494
v -0.04382723942399025 -0.09746944904327392 0.01123254094272852
v -0.04406184703111648 -0.09746944904327392 -0.01027378160506486
v -0.042167529463768 -0.09746944904327392 0.01639805547893047
v -0.04251521825790405 -0.09746944904327392 -0.01547427382320165
v -0.03990142419934273 -0.09746944904327392 0.02132775634527206
v -0.03706150874495506 -0.09746944904327392 0.02595074847340584
v -0.03368862718343734 -0.09746944904327392 0.03020055219531059
v -0.02983127720654011 -0.09746944904327392 0.03401605412364006
v -0.02554493397474289 -0.09746944904327392 0.0373423770070076
v -0.02089123800396919 -0.09746944904327392 0.04013169556856155
v -0.01593711227178573 -0.09746944904327392 0.04234389215707779
v -0.01075380109250545 -0.09746944904327392 0.04394715651869774
v -0.00541584240272641 -0.09746944904327392 0.04491843283176422
v -2.220446049250313E-16 -0.09746944904327392 0.045243751257658
v 0.00541584240272641 -0.09746944904327392 0.04491843283176422
v 0.01075380109250545 -0.09746944904327392 0.04394715651869774
v 0.01593711227178573 -0.09746944904327392 0.04234389215707779
v 0.02089123800396919 -0.09746944904327392 0.04013169556856155
v 0.02554493397474289 -0.09746944904327392 0.0373423770070076
v 0.02983127720654011 -0.09746944904327392 0.03401605412364006
v 0.04251521825790405 -0.09746944904327392 -0.01547427382320165
v 0.02524070627987385 -0.09746944904327392 -0.06293560564517975
v 0.02448787167668342 -0.09755539894104004 -0.06514286249876022
v 0.03368862718343734 -0.09746944904327392 0.03020055219531059
v 0.03706150874495506 -0.09746944904327392 0.02595074847340584
v 0.03990142419934273 -0.09746944904327392 0.02132775634527206
v 0.042167529463768 -0.09746944904327392 0.01639805547893047
v 0.04382723942399025 -0.09746944904327392 0.01123254094272852
v 0.04485668241977691 -0.09746944904327392 0.00590549455955624
v 0.04406184703111648 -0.09746944904327392 -0.01027378160506486
v 0.04524105787277222 -0.09746944904327392 0.00049352296628057
v 0.04497483745217323 -0.09746944904327392 -0.00492554577067494
v 0.02427156269550323 -0.09759289026260376 -0.0662066712975502
v -0.02511193230748176 -0.0968765839934349 -0.06628473103046417
v 0.02406574413180351 -0.09765686839818954 -0.06733525544404984
v -0.02406574413180351 -0.09765686839818954 -0.06733525544404984
v -0.02427156269550323 -0.09759289026260376 -0.0662066712975502
v 0.02360517345368862 -0.0977940857410431 -0.0696491077542305
v -0.02488481439650058 -0.09695570170879364 -0.0705265998840332
v -0.02519825473427772 -0.09740183502435684 -0.06292015314102173
v -0.02431779727339744 -0.09776843339204788 -0.06380288302898407
v -0.02360517345368862 -0.0977940857410431 -0.0696491077542305
v -0.02471568062901497 -0.09774497896432876 -0.06274451315402985
v -0.04285994917154312 -0.09810750186443328 0.00046754805953241885
v -0.04249580577015877 -0.09810750186443328 0.00559467868879437
v -0.04260773956775665 -0.09810750186443328 -0.00466630654409527
v -0.04152054339647293 -0.09810750186443328 0.01064135413616895
v -0.04174280166625976 -0.09810750186443328 -0.00973305664956569
v -0.03994818776845932 -0.09810750186443328 0.01553500071167945
v -0.04027757421135902 -0.09810750186443328 -0.01465983875095844
v -0.0378013513982296 -0.09810750186443328 0.02020524255931377
v -0.03511090576648712 -0.09810750186443328 0.02458491921424865
v -0.03191554173827171 -0.09810750186443328 0.02861104905605316
v -0.0282612107694149 -0.09810750186443328 0.03222573548555374
v -0.02420046366751194 -0.09810750186443328 0.03537698835134506
v -0.01979169994592666 -0.09810750186443328 0.03801950067281723
v -0.01509831752628088 -0.09810750186443328 0.04011526703834533
v -0.01018781121820211 -0.09810750186443328 0.04163414984941482
v -0.0051307980902493 -0.09810750186443328 0.04255430400371551
v -2.220446049250313E-16 -0.09810750186443328 0.04286250099539757
v 0.0051307980902493 -0.09810750186443328 0.04255430400371551
v 0.01018781121820211 -0.09810750186443328 0.04163414984941482
v 0.01509831752628088 -0.09810750186443328 0.04011526703834533
v 0.01979169994592666 -0.09810750186443328 0.03801950067281723
v 0.02420046366751194 -0.09810750186443328 0.03537698835134506
v 0.04027757421135902 -0.09810750186443328 -0.01465983875095844
v 0.02300306223332882 -0.09810750186443328 -0.06212117150425911
v 0.02229606360197067 -0.09810750186443328 -0.06475565582513809
v 0.0282612107694149 -0.09810750186443328 0.03222573548555374
v 0.03191554173827171 -0.09810750186443328 0.02861104905605316
v 0.03511090576648712 -0.09810750186443328 0.02458491921424865
v 0.0378013513982296 -0.09810750186443328 0.02020524255931377
v 0.03994818776845932 -0.09810750186443328 0.01553500071167945
v 0.04152054339647293 -0.09810750186443328 0.01064135413616895
v 0.04249580577015877 -0.09810750186443328 0.00559467868879437
v 0.04174280166625976 -0.09810750186443328 -0.00973305664956569
v 0.04285994917154312 -0.09810750186443328 0.00046754805953241885
v 0.04260773956775665 -0.09810750186443328 -0.00466630654409527
v 0.02212746441364288 -0.09810750186443328 -0.06600752472877502
v -0.02373924665153026 -0.0977206528186798 -0.06615722924470901
v 0.02204564772546291 -0.09810750186443328 -0.06724373251199722
v -0.02204564772546291 -0.09810750186443328 -0.06724373251199722
v 0.02191931568086147 -0.09810750186443328 -0.06943710148334503
v -0.02212746441364288 -0.09810750186443328 -0.06600752472877502
v -0.02261599525809288 -0.09810750186443328 -0.06333541870117188
v -0.02300306223332882 -0.09810750186443328 -0.06212117150425911
v -0.02295046858489513 -0.09797760099172592 -0.06999517977237701
v -0.02191931568086147 -0.09810750186443328 -0.06943710148334503
v -0.02181744202971458 -0.09810750186443328 -0.07001436501741409
v 0.02181744202971458 -0.09810750186443328 -0.07001436501741409
# 1759 vertices

vn 2.384110814109973E-16 1 -5.397192692997425E-17
vn -0.25792336463928224 0.96584308147430416 -0.02495474927127361
vn -0.25912502408027648 0.96584308147430416 0.00118997227400541
vn -0.25912407040596008 0.96584331989288336 0.001190323731862
vn -0.25768229365348816 0.96584331989288336 0.0273230355232954
vn -0.25768324732780456 0.96584308147430416 0.02732279151678085
vn -0.25408989191055296 0.96584320068359376 -0.05084512755274773
vn -0.25792282819747924 0.96584320068359376 -0.02495448850095272
vn -0.2536127269268036 0.96584308147430416 0.05317673459649086
vn -0.25361150503158568 0.965843379497528 0.05317691341042519
vn -0.24766488373279572 0.96584320068359376 -0.07621663808822632
vn -0.2540898323059082 0.96584320068359376 -0.05084509402513504
vn -0.24695383012294768 0.965843379497528 0.07848826795816422
vn -0.2469540238380432 0.96584331989288336 0.07848825305700302
vn -0.24766443669795988 0.965843379497528 -0.07621630281209946
vn -0.24320948123931884 0.96592605113983152 -0.08852101117372513
vn -0.2377769947052002 0.96584331989288336 0.10299907624721528
vn -0.23777723312377928 0.96584326028823856 0.10299908369779586
vn -0.2261744886636734 0.96584326028823856 0.12645921111106872
vn -0.22617460787296296 0.96584320068359376 0.12645922601222992
vn -0.21226456761360168 0.96584320068359376 0.14862918853759766
vn -0.21226452291011812 0.96584320068359376 0.14862917363643646
vn -0.19618897140026092 0.96584320068359376 0.16928304731845856
vn -0.19618888199329376 0.96584326028823856 0.16928300261497498
vn -0.00079699285561218 0.9999980330467224 -0.00181852281093597
vn -0.01637092046439647 0.99975109100341792 0.01515808887779712
vn -0.17811211943626404 0.96584326028823856 0.1882096976041794
vn -0.1781124323606491 0.96584314107894896 0.18820984661579132
vn -0.08098698407411575 0.97642737627029424 -0.20007677376270296
vn -0.08629469573497772 0.97641760110855104 -0.19789366424083708
vn -0.15821844339370728 0.96584314107894896 0.20521675050258636
vn -0.15821826457977294 0.96584320068359376 0.2052166312932968
vn -0.07408668845891953 0.97668170928955072 -0.20150448381900788
vn -0.08191131055355072 0.97669476270675664 -0.19838827848434448
vn -0.13671043515205384 0.96584320068359376 0.22012981772422792
vn -0.13671021163463592 0.96584326028823856 0.22012963891029356
vn -0.06052195280790329 0.9779110550880432 -0.20006765425205232
vn -0.0734717845916748 0.97790426015853888 -0.195716992020607
vn -0.11380764096975326 0.96584326028823856 0.2327972799539566
vn -0.11380776017904282 0.96584326028823856 0.23279739916324616
vn -0.04629543051123619 0.97896403074264528 -0.19871126115322112
vn -0.06027231737971306 0.97895783185958864 -0.194958359003067
vn -0.08974399417638779 0.96584326028823856 0.24309022724628448
vn -0.08974426984786987 0.96584314107894896 0.24309055507183076
vn -0.03154272586107254 0.9798023104667664 -0.19746513664722444
vn -0.04635538905858994 0.97979718446731568 -0.19454725086688996
vn -0.06476525217294693 0.96584314107894896 0.2509033977985382
vn -0.06476485729217529 0.96584331989288336 0.25090283155441284
vn -0.03912501037120819 0.96584331989288336 0.25615611672401428
vn -0.03912542015314102 0.96584308147430416 0.25615686178207396
vn -0.01662215404212474 0.98039388656616208 -0.19634534418582916
vn -0.03178996965289116 0.98038876056671136 -0.19449228048324584
vn -0.01308636646717786 0.96584308147430416 0.25879698991775512
vn -0.01308612059801817 0.96584326028823856 0.25879639387130736
vn -0.00148447591345757 0.98070257902145392 -0.19550001621246336
vn -0.01687676273286342 0.98070234060287472 -0.19477693736553192
vn 0.01308633759617805 0.96584326028823856 0.25879639387130736
vn 0.01308615040034055 0.96584308147430416 0.25879698991775512
vn 0.01383681967854499 0.98073196411132816 -0.19486756622791292
vn -0.00151794019620865 0.98073124885559088 -0.19535587728023528
vn 0.03912512585520744 0.96584308147430416 0.25615689158439636
vn 0.03912530094385147 0.96584331989288336 0.25615605711936952
vn 0.02891481854021549 0.98046153783798224 -0.1945742815732956
vn 0.01425370201468467 0.980462908744812 -0.19618701934814452
vn 0.06476509571075439 0.96584331989288336 0.25090277194976808
vn 0.06476502120494843 0.96584314107894896 0.250903457403183
vn 0.04170668497681617 0.97991138696670528 -0.1950237601995468
vn 0.02997112832963466 0.97990226745605472 -0.19721385836601256
vn 0.08974412828683853 0.96584314107894896 0.24309059977531432
vn 0.08974412828683853 0.96584326028823856 0.24309016764163972
vn 0.05460786446928978 0.97931939363479616 -0.19481152296066284
vn 0.04318688064813614 0.97933834791183472 -0.19756345450878144
vn 0.11380770802497864 0.96584326028823856 0.23279741406440736
vn 0.11380769312381744 0.96584326028823856 0.2327972501516342
vn 0.13671030104160308 0.96584326028823856 0.22012959420681
vn 0.13671036064624786 0.96584320068359376 0.22012987732887268
vn 0.06978346407413483 0.9781940579414368 -0.195618599653244
vn 0.05714889988303185 0.97819906473159792 -0.19965119659900664
vn 0.15821832418441772 0.96584320068359376 0.20521658658981324
vn 0.1582183837890625 0.96584314107894896 0.20521679520606996
vn 0.08437386155128479 0.9767931699752808 -0.19686593115329744
vn 0.07322928309440613 0.9767988324165344 -0.20124995708465576
vn 0.17811234295368194 0.96584314107894896 0.18820992112159728
vn 0.1781122088432312 0.96584326028823856 0.1882096081972122
vn 0.19618889689445496 0.96584326028823856 0.16928298771381378
vn 0.19618895649909972 0.96584320068359376 0.16928306221961976
vn 0.00082779978401958 0.9999980926513672 -0.00178494257852435
vn 0.08466149866580963 0.97512787580490112 -0.20483654737472536
vn 0.08863356709480286 0.9751576781272888 -0.203006312251091
vn 0.00184819486457854 0.9999980926513672 -0.00067268795100972
vn 0.21226453781127928 0.96584320068359376 0.14862915873527526
vn 0.21226456761360168 0.96584320068359376 0.14862920343875886
vn 0.22617457807064056 0.96584320068359376 0.1264592558145523
vn 0.2261745035648346 0.96584326028823856 0.12645916640758514
vn 0.23777718842029572 0.96584326028823856 0.10299915820360184
vn 0.2377770245075226 0.96584331989288336 0.1029990017414093
vn 0.246954008936882 0.96584331989288336 0.07848832011222839
vn 0.24695384502410888 0.965843379497528 0.07848820090293884
vn 0.24325253069400788 0.96592605113983152 -0.08840273320674896
vn 0.24766437709331512 0.965843379497528 -0.07621648907661438
vn 0.25361162424087524 0.965843379497528 0.05317650362849236
vn 0.25361263751983644 0.96584308147430416 0.05317715182900429
vn 0.2540898323059082 0.96584320068359376 -0.05084511637687683
vn 0.24766492843627928 0.96584320068359376 -0.0762164518237114
vn 0.2576831877231598 0.96584308147430416 0.02732313238084316
vn 0.25768229365348816 0.96584331989288336 0.02732269093394279
vn 0.25792279839515688 0.96584320068359376 -0.02495469525456428
vn 0.25408989191055296 0.96584320068359376 -0.05084510520100594
vn 0.25912410020828248 0.96584331989288336 0.0011899679666385
vn 0.25912505388259888 0.96584302186965936 0.00119032815564423
vn 0.25792336463928224 0.96584308147430416 -0.0249545406550169
vn -0.02571653015911579 0.99241000413894656 -0.12025391310453414
vn -0.11066988855600358 0.99347084760665888 -0.02770932205021381
vn 0.11270911246538162 0.99321520328521728 -0.02863904275000095
vn -0.09430617839097976 0.9636347889900208 -0.25002864003181456
vn -0.1574752926826477 0.9270871877670288 -0.340162992477417
vn -0.35112273693084716 0.92746973037719728 -0.12850163877010346
vn 0.3541502356529236 0.92615789175033568 -0.12965022027492524
vn 0.1962571293115616 0.93173873424530032 -0.30552586913108824
vn 0.03909634798765182 0.83081758022308352 -0.5551698803901672
vn 0.04002959653735161 0.83105039596557616 -0.55475479364395144
vn -0.00429130066186189 0.83105772733688352 -0.55616962909698488
vn -0.00419034762308001 0.830808699131012 -0.55654227733612064
vn -0.04770961403846741 0.83081394433975216 -0.5545015335083008
vn -0.04688315093517303 0.82821887731552128 -0.55844020843505856
vn 0.08161061257123947 0.82876509428024288 -0.55361372232437136
vn 0.04026214405894279 0.82875818014144896 -0.55815660953521728
vn -0.04799371585249901 0.82818341255187984 -0.55839848518371584
vn -0.08981718122959137 0.82814747095108032 -0.553267240524292
vn -0.08885574340820312 0.8231161236763 -0.5608782768249512
vn 0.12029881030321122 0.82401621341705328 -0.55364745855331424
vn 0.1190362572669983 0.81910824775695808 -0.5611523985862732
vn 0.12029997259378434 0.82401680946350096 -0.55364632606506344
vn 0.0845474973320961 0.82396942377090448 -0.5602911114692688
vn -0.1308128833770752 0.82310914993286128 -0.5526113510131836
vn -0.1301647275686264 0.8159778714179992 -0.5632382035255432
vn 0.15377891063690186 0.81903976202011104 -0.5527439713478088
vn -0.16978579759597778 0.81597059965133664 -0.55259817838668824
vn -0.16674382984638214 0.81472611427307136 -0.55535382032394408
vn 0.20132215321063996 0.79755783081054688 -0.56865710020065304
vn 0.1999782919883728 0.80941122770309456 -0.55214327573776248
vn 0.19997808337211608 0.80941033363342288 -0.55214458703994752
vn 0.16057872772216796 0.80947691202163696 -0.56476688385009768
vn -0.1731870025396347 0.80708402395248416 -0.5644657611846924
vn -0.20647639036178588 0.80702644586563104 -0.55324125289916992
vn -0.20721836388111116 0.79662352800369264 -0.56784820556640624
vn 0.2362675368785858 0.79761749505996704 -0.55496305227279664
vn -0.22949355840682984 0.79673451185226448 -0.5590588450431824
vn -0.22648078203201292 0.79446387290954592 -0.56350117921829224
vn -0.24908119440078736 0.79431658983230592 -0.554093599319458
vn -0.24928706884384156 0.79462629556655888 -0.55355662107467648
vn 0.24727338552474976 0.7837709784507752 -0.56970071792602536
vn 0.30283620953559876 0.78300106525421136 -0.54332268238067624
vn -0.09881285578012466 0.91274231672286992 -0.39640569686889648
vn -0.35111403465270996 0.92747348546981808 -0.12849834561347962
vn 0.35416367650032044 0.92615205049514768 -0.12965530157089234
vn -0.04054248332977295 0.85284388065338128 -0.52058964967727664
vn -0.70426833629608152 0.7066563367843628 -0.0681392028927803
vn -0.707549512386322 0.7066563367843628 0.00325034977868199
vn -0.70755171775817872 0.70665413141250608 0.00324926897883415
vn -0.70361483097076416 0.70665413141250608 0.07460641115903854
vn -0.70361363887786864 0.7066552639007568 0.07460684329271317
vn -0.69380426406860352 0.70665442943573 -0.13883492350578308
vn -0.70427006483078 0.70665448904037472 -0.06814029812812805
vn -0.692499041557312 0.7066552639007568 0.1452014446258545
vn -0.69249981641769408 0.70665448904037472 0.14520123600959778
vn -0.67625963687896728 0.70665562152862552 -0.20811226963996888
vn -0.69380319118499752 0.70665568113327024 -0.13883410394191742
vn -0.6743202805519104 0.70665454864501952 0.21431642770767212
vn -0.67432057857513424 0.70665425062179568 0.21431638300418852
vn -0.67626124620437624 0.70665365457534792 -0.20811377465724944
vn -0.66482317447662352 0.7071048021316528 -0.24085865914821624
vn -0.3511143922805786 0.92747336626052864 -0.12849846482276916
vn -0.64926218986511232 0.7066543102264404 0.281244158744812
vn -0.64926207065582272 0.70665442943573 0.281244158744812
vn -0.61758029460906984 0.70665442943573 0.34530285000801088
vn -0.61758017539978024 0.70665460824966432 0.34530285000801088
vn -0.57959830760955808 0.70665460824966432 0.40583869814872744
vn -0.57959794998168944 0.70665496587753296 0.40583866834640504
vn -0.53570294380187992 0.70665496587753296 0.46223491430282592
vn -0.535702645778656 0.70665520429611208 0.46223485469818112
vn -0.48634311556816104 0.7066552639007568 0.5139151215553284
vn -0.48634326457977296 0.70665508508682248 0.51391518115997312
vn -0.43202209472656248 0.70665514469146728 0.56035292148590088
vn -0.43202215433120728 0.70665508508682248 0.56035298109054568
vn -0.37329378724098208 0.70665508508682248 0.60107433795928952
vn -0.37329411506652832 0.70665472745895384 0.60107457637786864
vn -0.31075742840766908 0.70665478706359864 0.63566410541534424
vn -0.3107571005821228 0.70665514469146728 0.63566386699676512
vn -0.2450498789548874 0.70665514469146728 0.66376882791519168
vn -0.24505007266998292 0.70665496587753296 0.6637689471244812
vn -0.17684397101402282 0.70665490627288816 0.6851022243499756
vn -0.17684435844421386 0.7066543698310852 0.68510264158248904
vn -0.10683349519968032 0.70665442943573 0.69944703578948976
vn -0.1068325936794281 0.70665580034255984 0.69944572448730472
vn -0.03573249280452728 0.70665585994720456 0.70665460824966432
vn -0.03573283180594444 0.70665520429611208 0.70665520429611208
vn 0.03573252260684967 0.70665520429611208 0.70665520429611208
vn 0.03573279827833175 0.70665585994720456 0.70665454864501952
vn 0.10683328658342362 0.70665580034255984 0.69944566488265992
vn 0.10683280974626542 0.7066543698310852 0.69944715499877928
vn 0.17684410512447358 0.7066543698310852 0.68510270118713376
vn 0.17684422433376312 0.70665490627288816 0.6851021647453308
vn 0.24504996836185456 0.70665496587753296 0.663769006729126
vn 0.24504998326301576 0.70665514469146728 0.66376876831054688
vn 0.31075724959373476 0.70665514469146728 0.6356637477874756
vn 0.31075724959373476 0.70665472745895384 0.63566422462463376
vn 0.3732939660549164 0.70665472745895384 0.60107463598251344
vn 0.373293936252594 0.70665508508682248 0.6010742783546448
vn 0.43202212452888488 0.70665508508682248 0.56035298109054568
vn 0.43202209472656248 0.70665514469146728 0.56035292148590088
vn 0.48634320497512816 0.70665508508682248 0.51391518115997312
vn 0.48634317517280576 0.7066552639007568 0.5139150619506836
vn 0.53570276498794552 0.70665520429611208 0.4622347354888916
vn 0.53570288419723512 0.70665496587753296 0.46223503351211544
vn 0.57959800958633424 0.70665496587753296 0.40583851933479312
vn 0.57959818840026856 0.70665460824966432 0.40583884716033936
vn 0.61758017539978024 0.70665454864501952 0.34530279040336608
vn 0.61758023500442504 0.70665442943573 0.34530290961265564
vn 0.64926207065582272 0.70665442943573 0.28124412894248964
vn 0.64926218986511232 0.7066543102264404 0.2812442183494568
vn 0.67432051897048952 0.7066543102264404 0.21431648731231688
vn 0.6743203401565552 0.70665454864501952 0.21431630849838256
vn 0.66485089063644408 0.70710474252700808 -0.24078239500522612
vn 0.3541230261325836 0.92616963386535648 -0.12964050471782684
vn 0.67626154422760008 0.70665365457534792 -0.20811286568641664
vn 0.69249975681304928 0.70665448904037472 0.14520159363746644
vn 0.6924991011619568 0.7066552639007568 0.14520107209682464
vn 0.693803071975708 0.70665568113327024 -0.13883468508720398
vn 0.67625939846038816 0.70665562152862552 -0.20811320841312408
vn 0.70361375808715824 0.70665520429611208 0.07460629194974899
vn 0.70361477136611936 0.70665413141250608 0.07460696250200272
vn 0.7042701840400696 0.70665442943573 -0.06813938170671463
vn 0.69380438327789304 0.70665448904037472 -0.13883432745933532
vn 0.70755165815353392 0.70665413141250608 0.00325035979039967
vn 0.70754945278167728 0.7066563367843628 0.00324925850145518
vn 0.7042682766914368 0.7066563367843628 -0.06814011931419373
vn -0.09881312400102616 0.91274213790893552 -0.39640602469444272
vn -0.0405893363058567 0.85284984111785888 -0.52057623863220216
vn -0.27220800518989564 0.74509060382843024 -0.60888653993606568
vn -0.62653630971908568 0.74698394536972048 -0.22241242229938508
vn 0.62735337018966672 0.74620121717453008 -0.2227362245321274
vn 0.28409409523010252 0.74729049205780032 -0.60070580244064328
vn -0.00537261925637722 0.70656991004943848 -0.70762282609939576
vn 0.05014432594180107 0.70623040199279784 -0.70620405673980712
vn -0.05983185768127441 0.70494329929351808 -0.70673555135726928
vn -0.02819691598415375 0.69970744848251344 -0.71387284994125368
vn 0.08545868843793869 0.70381838083267208 -0.70522087812423704
vn 0.05118029937148094 0.69023871421813968 -0.72176945209503168
vn 0.10520283877849578 0.69832134246826168 -0.70801109075546264
vn -0.05980354174971581 0.70494621992111208 -0.70673501491546632
vn -0.11293011903762818 0.69816207885742184 -0.7069770097732544
vn 0.15108491480350494 0.69145411252975464 -0.706445038318634
vn -0.14022020995616912 0.68684357404708864 -0.71315091848373416
vn -0.1648423969745636 0.68712389469146728 -0.70759290456771848
vn 0.19722068309783936 0.68088424205780032 -0.70533722639083864
vn 0.1543821394443512 0.67343944311141968 -0.72294223308563232
vn 0.1990133821964264 0.6752998232841492 -0.7101857662200928
vn -0.21369728446006776 0.674813449382782 -0.70637118816375736
vn -0.21369169652462004 0.67481511831283568 -0.70637124776840208
vn 0.2517652213573456 0.6622876524925232 -0.7056835889816284
vn -0.26063829660415648 0.65524876117706296 -0.70902520418167112
vn -0.24914237856864928 0.65693426132202152 -0.71159356832504272
vn 0.256631076335907 0.64452749490737912 -0.7202255725860596
vn 0.3042093813419342 0.64110767841339112 -0.70458328723907472
vn 0.3099927604198456 0.61580753326416016 -0.7243518233299256
vn 0.31143084168434144 0.63203632831573488 -0.70960617065429688
vn 0.31670793890953064 0.63293385505676272 -0.7064635753631592
vn -0.2863740026950836 0.64608454704284664 -0.7075059413909912
vn -0.31303703784942628 0.63497930765151976 -0.70626419782638552
vn -0.32783937454223632 0.627699077129364 -0.70605605840682984
vn -0.31813472509384156 0.62908107042312624 -0.70925825834274288
vn -0.31757932901382448 0.62771123647689816 -0.71071934700012208
vn -0.31718116998672484 0.6231368780136108 -0.71491014957427976
vn -0.31787997484207152 0.61935454607009888 -0.71788036823272704
vn 0.33244910836219788 0.62117457389831544 -0.7096616625785828
vn 0.33243027329444884 0.62099993228912352 -0.7098233699798584
vn 0.33352011442184448 0.6218774914741516 -0.70854270458221432
vn -0.77675729990005488 0.56277835369110104 -0.28271639347076416
vn 0.77675729990005488 0.56277835369110104 -0.28271639347076416
vn -0.96151900291442864 0.25850847363471984 -0.0930299237370491
vn -0.96599882841110224 0.25850844383239748 0.0044368845410645
vn -0.96599823236465456 0.2585105299949646 0.00443761469796299
vn -0.96062338352203376 0.2585105299949646 0.10185777395963668
vn -0.96062338352203376 0.25851058959960936 0.10185780376195908
vn -0.94722974300384528 0.25851121544837952 -0.18954624235630036
vn -0.96151834726333616 0.25851121544837952 -0.09302888065576554
vn -0.94544881582260128 0.25851058959960936 0.1982392817735672
vn -0.94544881582260128 0.25851064920425416 0.1982393115758896
vn -0.92327815294265744 0.25850912928581236 -0.28413116931915284
vn -0.94723016023635872 0.2585090696811676 -0.1895471066236496
vn -0.9206289649009704 0.25851061940193176 0.29259976744651796
vn -0.9206290245056152 0.25851041078567504 0.29259970784187316
vn -0.9232776761054992 0.25851207971572876 -0.28412994742393492
vn -0.90767312049865728 0.25882023572921752 -0.3303658366203308
vn -0.88641780614852912 0.25851035118103028 0.38397383689880368
vn -0.88641756772994992 0.25851091742515564 0.38397395610809328
vn -0.84316354990005488 0.25851094722747804 0.47143110632896424
vn -0.84316319227218624 0.25851184129714964 0.47143128514289856
vn -0.79130750894546512 0.25851190090179444 0.55407947301864624
vn -0.79130798578262336 0.25851067900657652 0.55407929420471192
vn -0.7313793301582336 0.25851067900657652 0.63107568025588992
vn -0.7313793897628784 0.2585105001926422 0.63107568025588992
vn -0.87692433595657344 0.36726653575897216 -0.31003060936927796
vn -0.66399019956588744 0.25851041078567504 0.70163339376449584
vn -0.66399013996124264 0.2585105299949646 0.70163339376449584
vn -0.58982706069946288 0.25851047039031984 0.76503354310989376
vn -0.58982717990875248 0.25851023197174072 0.76503354310989376
vn -0.5096473693847656 0.25851029157638548 0.82062906026840208
vn -0.50964695215225216 0.25851118564605712 0.82062900066375728
vn -0.4242670238018036 0.25851115584373476 0.86785340309143072
vn -0.4242680072784424 0.25850892066955568 0.86785358190536496
vn -0.33456075191497804 0.25850880146026612 0.90622419118881232
vn -0.33455929160118104 0.25851219892501832 0.90622377395629888
vn -0.24143984913825988 0.25851225852966308 0.9353492259979248
vn -0.24143968522548676 0.25851264595985412 0.93534916639328
vn -0.14585544168949128 0.25851267576217652 0.95493316650390624
vn -0.14585652947425842 0.25850990414619444 0.95493376255035408
vn -0.0487847663462162 0.25850987434387208 0.9647759795188904
vn -0.04878457635641098 0.25851041078567504 0.9647758603096008
vn 0.0487847588956356 0.25851038098335268 0.9647758603096008
vn 0.04878458380699158 0.25850987434387208 0.9647759795188904
vn 0.14585554599761962 0.25850990414619444 0.95493394136428832
vn 0.14585641026496888 0.25851267576217652 0.95493304729461664
vn 0.24143981933593752 0.25851264595985412 0.93534916639328
vn 0.24143971502780916 0.25851222872734068 0.9353492856025696
vn 0.33456045389175416 0.25851219892501832 0.90622335672378544
vn 0.33455961942672728 0.25850877165794372 0.90622460842132576
vn 0.42426726222038272 0.25850892066955568 0.8678539395332336
vn 0.42426773905754088 0.25851118564605712 0.86785304546356208
vn 0.50964719057083128 0.25851118564605712 0.82062882184982304
vn 0.50964707136154176 0.25851029157638548 0.82062917947769168
vn 0.58982712030410768 0.25851023197174072 0.76503360271453856
vn 0.58982712030410768 0.25851047039031984 0.76503348350524896
vn 0.66399019956588744 0.2585105299949646 0.70163333415985104
vn 0.66399013996124264 0.25851041078567504 0.70163339376449584
vn 0.7313793897628784 0.2585105001926422 0.63107568025588992
vn 0.7313793897628784 0.25851067900657652 0.63107562065124512
vn 0.87179559469223024 0.373213529586792 -0.31730750203132628
vn 0.79130774736404416 0.25851067900657652 0.55407965183258056
vn 0.79130774736404416 0.25851190090179444 0.5540791153907776
vn 0.84316337108612064 0.25851184129714964 0.47143098711967472
vn 0.84316343069076544 0.25851094722747804 0.47143140435218808
vn 0.88641762733459472 0.25851091742515564 0.38397377729415896
vn 0.88641768693923952 0.25851035118103028 0.383974015712738
vn 0.9206289649009704 0.25851041078567504 0.29259976744651796
vn 0.9206289649009704 0.25851061940193176 0.2925996780395508
vn 0.9093038439750672 0.25881725549697876 -0.32585296034812928
vn 0.92327737808227536 0.25851210951805116 -0.28413096070289612
vn 0.94544881582260128 0.25851064920425416 0.1982392817735672
vn 0.94544881582260128 0.25851058959960936 0.1982393115758896
vn 0.94723027944564816 0.2585090696811676 -0.18954636156558992
vn 0.92327845096588128 0.25850915908813476 -0.28413018584251404
vn 0.96062338352203376 0.25851058959960936 0.10185777395963668
vn 0.96062338352203376 0.2585105299949646 0.10185780376195908
vn 0.96151828765869136 0.25851124525070192 -0.09302985668182374
vn 0.94722956418991088 0.25851121544837952 -0.18954698741436004
vn 0.96599823236465456 0.2585105001926422 0.00443688221275806
vn 0.96599882841110224 0.25850844383239748 0.00443761749193072
vn 0.96151912212371824 0.25850847363471984 -0.0930289477109909
vn 0.93285959959030144 0.12037546932697296 -0.33953312039375304
vn -0.93293261528015136 0.11973270028829574 -0.33955970406532288
vn -0.99535214900970464 1.0544214866767783E-16 -0.09630236029624938
vn -0.99881082773208624 -0.0164163988083601 -0.04590707644820213
vn -0.99998944997787472 1.0593340130730572E-16 0.0045930054038763
vn -0.9944254755973816 1.0534398549002494E-16 0.10544190555810928
vn -0.98056054115295408 1.0387521050715128E-16 -0.19621673226356508
vn -0.98769855499267584 -0.01641641370952129 0.15550588071346282
vn -0.9787169694900512 1.0367990985580506E-16 0.20521485805511476
vn -0.9557660818099976 1.012486208947198E-16 -0.2941279411315918
vn -0.96926963329315184 -0.01641638949513435 -0.24545249342918396
vn -0.95302373170852656 1.0095811506359117E-16 0.3028956651687622
vn -0.93969261646270752 9.954588614739164E-17 -0.34202012419700624
vn -0.93969261646270752 3.572447937472134E-08 -0.3420201539993286
vn -0.93638497591018672 -0.01641638204455375 0.35059046745300292
vn -0.91760867834091184 9.720644070407937E-17 0.39748492836952208
vn -0.87283259630203248 9.246310252156959E-17 0.4880197048187256
vn -0.84695905447006224 -0.01641654036939144 0.53140461444854736
vn -0.81915205717086784 8.677648065572884E-17 0.5735764503479004
vn -0.7571148872375488 8.020460348088894E-17 0.65328174829483032
vn -0.93969219923019408 1.2528670367828454E-06 -0.34202131628990172
vn -0.93969273567199712 -3.568822251054371E-07 -0.34201985597610472
vn -0.93969213962554928 1.262444584426703E-06 -0.34202152490615844
vn -0.93969309329986576 -8.422485962000792E-07 -0.34201881289482116
vn -0.93969291448593136 -4.649575089388236E-07 -0.34201940894126892
vn -0.93969249725341792 5.597339480800656E-08 -0.34202042222023012
vn -0.93969172239303584 4.2273885014765256E-07 -0.3420226275920868
vn -0.93969267606735232 -6.186227352600326E-08 -0.34202003479003908
vn -0.72305995225906368 -0.01641643233597278 0.69059020280838016
vn -0.68735444545745848 7.281456527089529E-17 0.7263221740722656
vn -0.61058169603347776 6.468167916615962E-17 0.7919532656669616
vn -0.56973141431808472 -0.01641640067100525 0.821666955947876
vn -0.52758061885833744 5.588900071762715E-17 0.84950500726699824
vn -0.43919605016708376 4.652602425013122E-17 0.89839124679565424
vn -0.39321330189704896 -0.01641629636287689 0.91930073499679568
vn -0.34633299708366396 3.668861999666673E-17 0.93811166286468512
vn -0.24993567168712616 2.6476815599987262E-17 0.96826243400573728
vn -0.2006908357143402 -0.0164166372269392 0.97951704263687136
vn -0.15098783373832702 1.5994824236745923E-17 0.98853564262390144
vn -0.05050137639045715 5.349839415342847E-18 0.99872398376464848
vn 5.551115123125783E-17 -0.01641654036939144 0.99986523389816288
vn 0.05050137639045715 -5.349839415342847E-18 0.99872398376464848
vn 0.15098783373832702 -1.5994824236745923E-17 0.98853564262390144
vn 0.2006908357143402 -0.0164166372269392 0.97951704263687136
vn 0.24993567168712616 -2.6476815599987262E-17 0.96826243400573728
vn 0.34633299708366396 -3.668861999666673E-17 0.93811166286468512
vn 0.39321330189704896 -0.01641629636287689 0.91930073499679568
vn 0.43919605016708376 -4.652602425013122E-17 0.89839124679565424
vn 0.52758061885833744 -5.588900071762715E-17 0.84950500726699824
vn 0.56973141431808472 -0.01641640067100525 0.821666955947876
vn 0.61058169603347776 -6.468167916615962E-17 0.7919532656669616
vn 0.68735444545745848 -7.281456527089529E-17 0.7263221740722656
vn 0.72305995225906368 -0.01641643233597278 0.69059020280838016
vn 0.7571148872375488 -8.020460348088894E-17 0.65328174829483032
vn 0.93969255685806272 5.4969973461993504E-08 -0.34202027320861816
vn 0.93969261646270752 3.268733550498837E-08 -0.34202012419700624
vn 0.93969261646270752 -9.954588614739164E-17 -0.3420201539993286
vn 0.81915205717086784 -8.677648065572884E-17 0.5735764503479004
vn 0.84695905447006224 -0.01641654036939144 0.53140461444854736
vn 0.87283259630203248 -9.246310252156959E-17 0.4880197048187256
vn 0.91760867834091184 -9.720644070407937E-17 0.39748492836952208
vn 0.93638497591018672 -0.01641638204455375 0.35059046745300292
vn 0.95302373170852656 -1.0095811506359117E-16 0.3028956651687622
vn 0.9557660818099976 -1.012486208947198E-16 -0.2941279411315918
vn 0.9787169694900512 -1.0367990985580506E-16 0.20521485805511476
vn 0.98056054115295408 -1.0387521050715128E-16 -0.19621673226356508
vn 0.96926963329315184 -0.01641638949513435 -0.24545249342918396
vn 0.98769855499267584 -0.01641641370952129 0.15550588071346282
vn 0.9944254755973816 -1.0534398549002494E-16 0.10544190555810928
vn 0.99535214900970464 -1.0544214866767783E-16 -0.09630236029624938
vn 0.99998944997787472 -1.0593340130730572E-16 0.0045930054038763
vn 0.99881082773208624 -0.0164163988083601 -0.04590707644820213
vn 0.35017535090446472 0.6143770217895508 -0.70704889297485352
vn 0.93969261646270752 1.574734653786436E-07 -0.34202012419700624
vn 0.93969219923019408 -2.0264521083390719E-07 -0.34202134609222412
vn 0.93969279527664192 3.7808643327252867E-08 -0.34201964735984804
vn 0.93969172239303584 1.6215717550949194E-06 -0.342022567987442
vn 0.93969267606735232 -7.720979624536994E-07 -0.34201997518539428
vn 0.93969184160232544 -1.1396205081837252E-06 -0.34202224016189576
vn 0.93969690799713136 6.369467882905155E-06 -0.34200829267501832
vn 0.93969213962554928 -2.1611316469716257E-07 -0.34202140569686888
vn 0 1.9721522630525295E-31 -1
vn -0.33890867233276368 0.61648255586624144 -0.71069693565368656
vn -0.94801998138427728 0.12997955083847046 -0.29045388102531432
vn 0.35684379935264588 0.6104310750961304 -0.70713251829147336
vn 0.94657021760940544 0.13323558866977692 -0.29368886351585388
vn 0.94864612817764288 0.16671432554721832 -0.26884359121322632
vn 0.9212606549263 0.19451604783535004 -0.33681198954582216
vn -0.93122953176498416 0.19177187979221344 -0.30989524722099304
vn -0.94317233562469488 0.177615225315094 -0.28085365891456604
vn -0.95348119735717776 0.17319174110889434 -0.24673503637313844
vn 0.956308364868164 0.1605888158082962 -0.2443063110113144
vn 0.93881291151046752 0.1842331737279892 -0.2910127639770508
vn -0.95158886909484864 0.17649759352207184 -0.25164911150932312
vn -0.96298038959503168 0.17060349881649018 -0.2087179869413376
vn -0.33890679478645324 0.61648464202880856 -0.71069604158401488
vn -0.89530515670776368 0.22578239440917968 -0.3839934468269348
vn -0.934510350227356 0.1994590610265732 -0.29479908943176268
vn 0.96395868062973024 0.15836340188980102 -0.21378669142723084
vn 0.9464538097381592 0.19377426803112032 -0.25821825861930848
vn 0.35670143365859984 0.6105210781097412 -0.70712667703628544
vn 0.82540339231491088 0.31544628739356996 -0.4681910872459412
vn 0.9227702617645264 0.28083798289299012 -0.2638656497001648
vn -0.34266209602355956 0.61213964223861696 -0.7126483917236328
vn -0.91115045547485344 0.3055802583694458 -0.27645164728164672
vn 0.36153459548950192 0.60744786262512208 -0.70731872320175168
vn 0.95271253585815424 0.291230171918869 -0.08673974126577377
vn -0.34257274866104124 0.6122455596923828 -0.71260040998458864
vn -0.91115641593933104 0.30555140972137452 -0.27646398544311524
vn 0.36152324080467224 0.60745525360107424 -0.70731824636459352
vn 0.95271235704422 0.29123094677925108 -0.08673947304487228
vn 0.97131979465484624 0.14535155892372132 -0.18817740678787232
vn 0.95397073030471808 0.18801534175872804 -0.23364511132240296
vn -0.34670212864875792 0.60731655359268192 -0.7148176431655884
vn -0.87575536966323856 0.42381983995437624 -0.23114776611328124
vn 0.82881170511245728 0.48562788963317872 -0.27791503071784972
vn 0.85864585638046272 0.49392053484916688 -0.13700298964977264
vn 0.83241897821426384 0.48712244629859928 -0.2641785740852356
vn 0.81422966718673712 0.49305835366249088 -0.30646947026252748
vn -0.87687879800796512 0.46501791477203368 -0.12182734161615372
vn -0.83904039859771728 0.49233299493789672 -0.2315586656332016
vn -0.34670415520668028 0.60731410980224608 -0.71481877565383912
vn -0.82043623924255376 0.48974716663360592 -0.29501205682754516
vn -0.78453886508941648 0.49602669477462768 -0.37209710478782656
vn -0.96120369434356688 0.17507955431938172 -0.21315383911132812
vn -0.97261482477188112 0.15642145276069642 -0.1719089150428772
vn 0.36152201890945432 0.60745608806610104 -0.70731812715530392
vn 0.75420963764190672 0.4965500831604004 -0.42965784668922424
vn 0.87603974342346192 0.47801309823989872 -0.06370090693235397
vn 0.84003877639770512 0.51118546724319456 -0.18172578513622284
vn -0.890225887298584 0.45486807823181152 -0.0243498645722866
vn -0.8256022930145264 0.53216183185577392 -0.18757569789886476
vn 0.8801326751708984 0.47361108660697936 0.03254162520170212
vn 0.85281944274902336 0.50744283199310304 -0.12329139560461044
vn -0.90295463800430304 0.42439237236976624 0.06755767017602921
vn -0.83970117568969728 0.5341428518295288 -0.0979454219341278
vn 0.36496463418006896 0.6049679517745972 -0.70768254995346072
vn 0.767895758152008 0.55123203992843624 -0.32631176710128784
vn -0.97015744447708128 0.16463592648506164 -0.1780155897140503
vn -0.98168528079986576 0.13898788392543792 -0.13029356300830842
vn 0.97907203435897824 0.13368365168571472 -0.15344913303852082
vn 0.96259880065917968 0.18930156528949736 -0.19382575154304504
vn -0.35247153043746948 0.59905660152435304 -0.71895408630371096
vn -0.75312119722366336 0.60178673267364504 -0.26582175493240356
vn 0.36793971061706544 0.60274857282638552 -0.70803564786911008
vn 0.75074082612991328 0.6027716398239136 -0.27028608322143556
vn 0.8924211859703064 0.43819111585617064 0.10757789015769958
vn 0.85767287015914912 0.5137969255447388 -0.02024760656058788
vn -0.35241305828094484 0.59914195537567136 -0.71891164779663088
vn -0.74583959579467776 0.6159688234329224 -0.25358566641807556
vn -0.69832819700241088 0.61869245767593384 -0.359940767288208
vn -0.35244804620742796 0.59909051656723024 -0.71893733739852904
vn -0.6437726616859436 0.70108288526535032 -0.30665862560272216
vn -0.47643104195594784 0.62246805429458616 -0.6209242343902588
vn 0.36798828840255736 0.60271167755126952 -0.70804184675216672
vn 0.75075709819793696 0.60274261236190792 -0.27030554413795472
vn -0.55154246091842648 0.66556745767593384 -0.50281298160552976
vn -0.56752568483352664 0.67423832416534424 -0.47256457805633544
vn -0.65828520059585568 0.73629802465438848 -0.156606987118721
vn 0.36795216798782352 0.60273927450180056 -0.70803713798522952
vn 0.67020529508590696 0.71388036012649536 -0.20297709107398988
vn 0.54747313261032104 0.66344213485717776 -0.51001733541488648
vn 0.47648137807846072 0.62247538566589352 -0.62087827920913696
vn 0.68560332059860232 0.72302502393722528 -0.08475193381309509
vn 0.55741399526596072 0.73172158002853392 -0.39226663112640384
vn -0.57926750183105472 0.74238932132720944 -0.33661141991615296
vn -0.67844754457473752 0.73397237062454224 -0.03151948004961014
vn 0.6851931810379028 0.72587299346923824 0.06015565246343613
vn 0.58934235572814944 0.75704210996627808 -0.28206875920295716
vn 0.57212913036346432 0.75729829072952272 -0.31490886211395264
vn -0.71045422554016112 0.69940239191055296 0.07804591953754425
vn 0.88806372880935664 0.40789926052093504 0.2120399922132492
vn 0.86730122566223152 0.49577468633651736 0.04467655718326568
vn -0.90687048435211184 0.38353872299194336 0.1745966374874115
vn -0.84530431032180784 0.53384971618652344 0.02156630530953407
vn -0.35243457555770876 0.59911227226257328 -0.71892583370208744
vn -0.53999209403991696 0.70049041509628296 -0.46660661697387696
vn -0.45490419864654544 0.61944115161895752 -0.63980841636657712
vn 0.70476180315017704 0.69154912233352664 0.15833695232868194
vn 0.578519344329834 0.80178838968276976 -0.14983586966991424
vn -0.35713747143745424 0.59142857789993288 -0.72295576333999632
vn -0.48268690705299376 0.64843291044235232 -0.58868336677551272
vn 0.37230652570724488 0.59912025928497312 -0.70883196592330936
vn 0.5014929175376892 0.65545338392257688 -0.56469964981079104
vn 0.93968844413757328 -7.632886990904808E-06 -0.34203159809112548
vn 0.9834895730018616 0.12244314700365066 -0.13325151801109314
vn 0.97039848566055296 0.1762026995420456 -0.1651647537946701
vn 0.3723075985908508 0.59911936521530152 -0.70883214473724368
vn 0.53051239252090456 0.70433586835861208 -0.47166469693183896
vn 0.50481253862380984 0.67891681194305416 -0.5331381559371948
vn 0.44438555836677552 0.63277339935302736 -0.63412880897521976
vn -0.58101183176040648 0.80878120660781856 -0.09109453856945038
vn -0.58099830150604248 0.80878877639770512 -0.09111382067203522
vn -0.60147738456726072 0.7972100973129272 -0.05177799984812737
vn -0.68240445852279664 0.67783194780349728 0.2736201286315918
vn 0.71383368968963624 0.65025484561920168 0.2600194215774536
vn 0.58945363759994504 0.8053385615348816 -0.0630415603518486
vn -0.3571505844593048 0.59140622615814208 -0.72296756505966192
vn -0.51238077878952024 0.69448727369308472 -0.50512707233428952
vn -0.46015450358390808 0.63940411806106568 -0.61597096920013424
vn -0.35714191198349 0.59142136573791504 -0.72295945882797248
vn -0.48995971679687504 0.68529146909713744 -0.53880894184112552
vn -0.44536131620407104 0.63319283723831176 -0.6330245733261108
vn 0.3722949922084808 0.59913051128387448 -0.708829402923584
vn 0.47452268004417416 0.66853708028793336 -0.57261365652084352
vn 0.42383509874343872 0.62371897697448728 -0.65676361322402952
vn 0.3723976910114288 0.59903758764266968 -0.70885396003723144
vn 0.42371684312820432 0.62352430820465088 -0.65702474117279056
vn -0.35994571447372436 0.5863357186317444 -0.7257062196731568
vn -0.45153775811195376 0.67946803569793704 -0.5783051252365112
vn -0.42637014389038088 0.6335507035255432 -0.64561754465103152
vn 0.37512627243995664 0.59655290842056272 -0.70951032638549808
vn 0.4290006458759308 0.63438057899475096 -0.64305496215820312
vn -0.36032834649086 0.58563739061355592 -0.7260801196098328
vn -0.42552036046981808 0.63198816776275632 -0.64770627021789552
vn -0.70687484741210936 0.6083694100379944 0.36085259914398192
vn 0.50764936208724976 0.75056433677673344 -0.4230192601680756
vn 0.43395081162452696 0.72411048412322992 -0.53605103492736816
vn 0.56475043296813968 0.60955554246902464 -0.55632632970809936
vn -0.5308449864387512 0.72440916299819952 -0.43981236219406128
vn -0.47529408335685728 0.74427670240402224 -0.46919906139373776
vn -0.4529050290584564 0.71812772750854496 -0.52836501598358152
vn 0.37512221932411192 0.5965566635131836 -0.70950931310653688
vn 0.40870720148086544 0.62048131227493288 -0.66929912567138672
vn 0.4282914996147156 0.656180202960968 -0.62128412723541256
vn -0.56401973962783816 0.61006414890289304 -0.55651009082794192
vn -0.4483535587787628 0.66015273332595824 -0.60264205932617184
vn -0.52943795919418336 0.7258436679840088 -0.43914288282394408
vn -0.48829567432403568 0.68615764379501344 -0.53921705484390256
vn -0.52517867088317872 0.73796778917312624 -0.4237816333770752
vn 0.51887190341949464 0.72911775112152096 -0.4462726414203644
vn 0.52283114194869992 0.73467898368835456 -0.43231278657913208
vn 0.47563716769218448 0.64230215549468992 -0.60101348161697384
vn 0.54780745506286624 0.76913577318191536 -0.32914599776268004
vn -0.41718956828117368 0.64802163839340208 -0.63719761371612552
vn 0.49052172899246216 0.68647098541259768 -0.53679233789443968
vn 0.46594130992889408 0.65432929992675784 -0.59561049938201904
vn -0.36029329895973208 0.58570283651351928 -0.72604471445083616
vn -0.39890480041503904 0.61365801095962528 -0.68139475584030152
vn -0.48781371116638184 0.61524069309234616 -0.61928719282150272
vn -0.45572713017463688 0.64063769578933712 -0.61797744035720824
vn -0.55074542760849 0.77298820018768304 -0.31491059064865112
vn 0.44144168496131896 0.62055766582489016 -0.64810293912887576
vn 0.40726295113563536 0.62083965539932248 -0.66984701156616208
vn 0.40816578269004824 0.6207556128501892 -0.66937518119812008
vn -0.39895528554916384 0.61360889673233032 -0.68140941858291624
vn -0.3981721103191376 0.6136793494224548 -0.68180394172668456
vn -0.36139196157455448 0.58362370729446408 -0.72717207670211792
vn 0.37616586685180664 0.59557151794433592 -0.70978432893753048
vn -0.36128890514373776 0.58381998538970944 -0.72706574201583856
vn 0.37591466307640072 0.59580981731414792 -0.70971739292144776
vn -0.34963029623031616 0.60557764768600464 -0.71486669778823856
vn -0.4128311276435852 0.5803367495536804 -0.7019827365875244
vn 0.40418392419815064 0.56818252801895144 -0.71680122613906864
vn -0.98609793186187744 0.11606297641992568 -0.11891287565231324
vn -0.98574006557464592 0.11648622900247574 -0.12143920361995698
vn 0.93969208002090448 -6.444251994253136E-07 -0.3420216739177704
vn 0.98585623502731328 0.11741654574871064 -0.11958597600460052
vn 0.97524040937423712 0.16750310361385346 -0.14439135789871216
vn -0.88339871168136592 0.33591803908348084 0.32675030827522276
vn -0.87011480331420896 0.4651847779750824 0.1627984642982483
vn -0.85196596384048464 0.50778913497924808 0.12768784165382386
vn 0.56436240673065184 0.78951168060302736 -0.24117723107337952
vn -0.56868916749954224 0.79451656341552736 -0.2129226326942444
vn 0.89184319972991936 0.34726700186729432 0.28986439108848572
vn 0.86566740274429328 0.47384256124496456 0.1615338772535324
vn 0.69146370887756344 0.60160142183303832 0.3999420404434204
vn 0.5795889496803284 0.80581659078598016 0.12139308452606202
vn 0.57759392261505128 0.80382823944091792 -0.1422865241765976
vn -0.58197903633117672 0.8072587251663208 -0.09815148264169692
vn 0.57890957593917848 0.80490106344223024 -0.13037624955177308
vn 0.57780069112777712 0.80335879325866704 -0.14408661425113678
vn -0.58128845691680912 0.80834144353866576 -0.09320840984582902
vn -0.57884818315505984 0.8049452900886536 -0.13037578761577606
vn 0.68511021137237552 0.5332041382789612 0.49630367755889896
vn 0.5940445065498352 0.76631581783294672 0.24468596279621124
vn 0.5797903537750244 0.78559559583663936 0.21606193482875824
vn 0.58415943384170536 0.81119698286056512 -0.02678167447447777
vn -0.5840686559677124 0.80944198369979856 0.06055962294340134
vn -0.56982725858688352 0.7855515480041504 0.24125853180885316
vn -0.56983089447021488 0.78554701805114752 0.2412646859884262
vn -0.58736860752105712 0.76075553894042976 0.27613252401351928
vn -0.62833034992218016 0.51834005117416384 0.58010739088058472
vn 0.58215278387069704 0.80567991733551024 0.1094442531466484
vn 0.89981597661972048 0.29981809854507448 0.3169231414794922
vn -0.5726144909858704 0.78657960891723632 0.2310955673456192
vn 0.57104754447937008 0.78236913681030272 0.24860253930091856
vn -0.56492471694946288 0.70801836252212528 0.42375704646110536
vn -0.56622266769409176 0.39226251840591432 0.7249289751052856
vn 0.54765963554382328 0.73893094062805168 0.3924919664859772
vn 0.56420958042144776 0.76900297403335568 0.30050280690193176
vn 0.5360417366027832 0.73061525821685792 0.42291909456253048
vn 0.54503470659255984 0.73699760437011712 0.39971455931663512
vn -0.577978789806366 0.78835946321487424 0.21078379452228548
vn -0.56392347812652584 0.76921439170837408 0.3004988431930542
vn -0.88644689321517952 0.31933268904685976 0.33502018451690672
vn -0.88842701911926272 0.32130736112594604 0.32780948281288148
vn 0.98598277568817136 0.11511459201574326 -0.12077496200799942
vn 0.88572758436203008 0.32341447472572328 0.333001047372818
vn 0.85293585062026976 0.4497496783733368 0.26500123739242552
vn 0.63725888729095456 0.43902331590652464 0.63337165117263792
vn -0.53289574384689328 0.72542607784271248 0.43563640117645264
vn 0.60584515333175656 0.37038695812225344 0.70410591363906864
vn 0.52667599916458128 0.68629550933837888 0.5016083121299744
vn -0.47608792781829832 0.63267451524734496 0.61078906059265136
vn -0.45406308770179752 0.6082937121391296 0.65100342035293576
vn 0.47997590899467472 0.64609795808792112 0.59344804286956784
vn -0.48908412456512448 0.6875291466712952 -0.53674983978271488
vn -0.41283118724823 0.58033668994903568 -0.7019827365875244
vn -0.55884325504302976 0.43975558876991272 0.70307129621505736
vn -0.56186091899871824 0.44584777951240536 0.69680130481719968
vn 0.55884325504302976 0.43975558876991272 0.70307129621505736
vn 0.558842658996582 0.4397544264793396 0.70307248830795288
vn 0.88916748762130736 0.317180335521698 0.32981488108634948
vn 0.5660778284072876 0.44509094953536984 0.69386595487594608
vn 0.50426429510116576 0.6431128978729248 0.57630145549774168
vn 0.44224795699119568 0.58719837665557864 0.67794895172119144
vn 0.43825119733810424 0.5823983550071716 0.68465179204940792
vn -0.34785789251327516 0.46226924657821656 0.81566047668457024
vn 0.347854882478714 0.46226939558982848 0.81566166877746576
vn 0.3478568196296692 0.46226793527603152 0.81566166877746576
vn 0.44338133931159976 0.58921074867248536 0.67545813322067264
vn -0.3478601574897766 0.46226754784584048 0.81566047668457024
vn -0.34785741567611696 0.46226844191551208 0.81566113233566288
vn -0.44338148832321168 0.58921062946319584 0.67545813322067264
vn -0.93969279527664192 7.418963718919258E-07 -0.34201964735984804
vn -0.97634470462799072 0.07310353964567184 -0.20348671078681944
vn -0.9911315441131592 0.08190187066793442 -0.10464393347501754
vn 0.93969225883483888 -1.0382146342635679E-07 -0.3420211970806122
vn 0.9911315441131592 0.08190187066793442 -0.10464393347501754
vn 0.97634470462799072 0.07310353964567184 -0.20348671078681944
vn 0 -1.9721522630525295E-31 1
vn 1 -1.059345196554939E-16 0
vn -2.384110814109973E-16 -1 5.397192692997425E-17
vn -1 1.059345196554939E-16 0
vn -0.56731522083282472 0.4381946623325348 0.6972365975379944
vn 0.3478567898273468 0.4622676968574524 0.81566184759140016
vn -0.70028609037399288 -0.70529651641845704 0.11025489866733552
vn -0.70028614997863768 -0.70529645681381224 0.11025521159172058
vn -0.70816487073898312 -0.70529645681381224 -0.03254848346114158
vn -0.7081648111343384 -0.70529651641845704 -0.0325486809015274
vn -0.68721985816955568 -0.70529651641845704 -0.17402777075767518
vn -0.66390436887741088 -0.70529651641845704 0.24857141077518464
vn -0.66446298360824584 -0.7071068286895752 -0.24184469878673552
vn -0.66446298360824584 -0.7071068286895752 -0.24184474349021912
vn -0.68721985816955568 -0.70529651641845704 -0.17402780055999756
vn -0.6005007028579712 -0.70529657602310184 0.3767700791358948
vn -0.6005006432533264 -0.70529651641845704 0.37677013874053952
vn -0.51265525817871096 -0.70529651641845704 0.48963394761085512
vn -0.51265531778335568 -0.70529657602310184 0.48963382840156552
vn -0.66446501016616824 -0.707105815410614 -0.2418420910835266
vn -0.69216412305831912 -0.6929205060005188 -0.2019159346818924
vn -0.40394410490989688 -0.70529651641845704 0.58256840705871584
vn -0.40394407510757448 -0.70529651641845704 0.58256846666336056
vn -0.27879136800765992 -0.70529657602310184 0.651791512966156
vn -0.14229139685630798 -0.70529651641845704 0.69448536634445192
vn -0.14229139685630798 -0.70529657602310184 0.69448536634445192
vn -1.6653345369377348E-16 -0.70529651641845704 0.70891237258911136
vn 0.14229139685630798 -0.70529651641845704 0.69448536634445192
vn 0.27879136800765992 -0.70529657602310184 0.651791512966156
vn 0.27879133820533752 -0.70529657602310184 0.651791512966156
vn 0.40394410490989688 -0.70529651641845704 0.58256840705871584
vn 0.40394404530525208 -0.70529651641845704 0.58256846666336056
vn 0.51265525817871096 -0.70529657602310184 0.48963391780853272
vn 0.51265537738800048 -0.70529651641845704 0.48963385820388792
vn 0.66446298360824584 -0.7071068286895752 -0.24184472858905792
vn 0.66446304321289064 -0.7071067690849304 -0.24184471368789672
vn 0.66446501016616824 -0.707105815410614 -0.2418420910835266
vn 0.7251052260398864 -0.67211854457855224 -0.14993022382259368
vn 0.6005007028579712 -0.70529651641845704 0.3767701089382172
vn 0.6005006432533264 -0.70529657602310184 0.3767701089382172
vn 0.66390436887741088 -0.70529651641845704 0.24857141077518464
vn 0.68721985816955568 -0.70529651641845704 -0.17402777075767518
vn 0.70028620958328248 -0.70529645681381224 0.1102549135684967
vn 0.70028603076934816 -0.70529657602310184 0.11025519669055938
vn 0.68721985816955568 -0.70529651641845704 -0.17402781546115876
vn 0.7081648111343384 -0.70529651641845704 -0.03254848346114158
vn 0.70816487073898312 -0.70529645681381224 -0.0325486846268177
vn -0.78120267391204832 -0.62114632129669192 -0.06244657933712006
vn -0.778409481048584 -0.62370103597640992 -0.07124358415603638
vn -0.98995399475097664 -0.04448036476969719 -0.13421112298965454
vn -0.96925479173660272 0.2377741187810898 0.06331364810466766
vn -0.89764249324798576 0.25750762224197388 0.357669860124588
vn -0.96925491094589232 0.2377731502056122 0.06331521272659302
vn -0.969255805015564 0.23777152597904204 0.06330797076225281
vn 0.96925479173660272 0.2377741187810898 0.06331364810466766
vn 0.969255805015564 0.23777152597904204 0.06330797076225281
vn 0.89345693588256832 0.29056787490844728 0.34249824285507204
vn 0.98995399475097664 -0.04448036476969719 -0.13421112298965454
vn 0.78347593545913696 -0.61799663305282592 -0.0651586726307869
vn 0.80037736892700192 -0.59926801919937136 -0.01655086316168308
vn -0.84980392456054688 -0.50034731626510624 0.1657886803150177
vn 0.84980392456054688 -0.50034731626510624 0.1657886803150177
vn 0.40030437707901 0.57994109392166136 -0.70952427387237552
vn 0.63811850547790528 0.70900213718414304 0.30020117759704588
vn 0.63812011480331424 0.70900362730026248 0.30019426345825196
vn 0.66327220201492312 0.73694968223571776 -0.1302885115146637
vn -0.6381205320358276 0.70900034904479984 0.30020111799240112
vn -0.66327345371246336 0.73694717884063728 -0.13029664754867554
vn -0.66327434778213504 0.73694783449172976 -0.1302884817123413
vn 0.56450891494750976 0.62721776962280272 -0.53658878803253176
vn 0.66327166557312008 0.73694872856140144 -0.13029663264751434
vn 0.56451237201690672 0.62721914052963256 -0.53658360242843624
vn -0.56451016664505008 0.62721335887908936 -0.53659260272979736
vn -0.56451201438903808 0.62721514701843264 -0.53658866882324216
vn 0.49363747239112856 0.54847186803817752 0.67490786314010624
vn 0.49363765120506288 0.54847204685211184 0.67490756511688232
vn -0.49363893270492552 0.5484706163406372 0.67490780353546144
vn -0.63812208175659176 0.70900243520736696 0.30019283294677736
vn -0.86821162700653072 -0.38104414939880368 0.31782680749893188
vn -0.8743258118629456 -0.46467503905296328 0.14011232554912568
vn 0.8498050570487976 -0.50034362077713016 0.16579392552375794
vn 0.4750734269618988 0.52784729003906248 -0.70404720306396488
vn -0.47652837634086608 0.52945876121521 -0.70185053348541256
vn -0.44044858217239376 0.53945124149322512 -0.71763318777084352
vn 0.3682938814163208 0.4092048406600952 0.83481198549270624
vn -0.35175266861915588 0.45252549648284912 0.81944537162780768
vn -0.38546687364578248 0.42828315496444704 0.81730586290359504
vn -0.49363851547241208 0.54847013950347904 0.67490851879119872
vn -0.87415820360183712 0.30775555968284608 0.37567800283432008
vn -0.5670427083969116 0.4397322237491608 0.69648987054824832
vn -0.68120497465133664 0.42331829667091368 0.59729510545730592
vn -0.68118774890899656 0.4233233332633972 0.59731113910675048
vn 0.68118774890899656 0.4233233332633972 0.59731113910675048
vn 0.68120497465133664 0.42331829667091368 0.59729510545730592
vn 0.96984529495239264 -0.02082546986639499 0.24283006787300108
vn 0.87415820360183712 0.30775555968284608 0.37567800283432008
vn 0.5670427083969116 0.4397322237491608 0.69648987054824832
vn -0.86412644386291504 -0.29474955797195436 0.40793162584304808
vn 0.87883573770523072 -0.36667457222938536 0.30528274178504944
vn 0.86412644386291504 -0.29474955797195436 0.40793162584304808
vn -0.36164218187332152 0.45207408070564272 0.81537967920303344
vn -0.45937928557395936 0.44416889548301696 0.76921039819717408
vn -0.66728878021240232 0.32692980766296388 0.66921043395996096
vn 0.3878193795681 0.45061662793159488 0.80407762527465824
vn 0.36164218187332152 0.45207408070564272 0.81537967920303344
vn 0.45937928557395936 0.44416889548301696 0.76921039819717408
vn 0.66728878021240232 0.32692980766296388 0.66921043395996096
vn 0.56451147794723512 0.62721794843673704 -0.53658592700958248
vn 0.47507455945014952 0.52784633636474608 -0.70404714345932008
vn -0.86412727832794192 -0.29475441575050356 0.40792626142501832
vn 0.86412727832794192 -0.29475441575050356 0.40792626142501832
vn -0.78294277191162112 -0.04814603552222252 0.62022781372070312
vn -0.8994081616401672 -0.230281263589859 0.37153127789497376
vn 0.86412578821182256 -0.29474389553070068 0.40793702006340024
vn -0.79484355449676512 -0.05104528367519379 0.604663610458374
vn 0.79484355449676512 -0.05104528367519379 0.604663610458374
vn 0.78756964206695552 -0.0419338159263134 0.61479717493057248
vn -0.63024252653121952 0.18034759163856508 0.7551616430282592
vn 0.63024252653121952 0.18034759163856508 0.7551616430282592
vn -0.63026380538940432 0.18032249808311464 0.75514990091323856
vn 0.63026380538940432 0.18032249808311464 0.75514990091323856
vn -0.53061038255691528 0.29083383083343504 0.79615849256515504
vn -0.63947683572769168 0.21110144257545472 0.73926013708114624
vn 0.6302509903907776 0.18033817410469056 0.75515681505203248
vn -0.44497913122177128 0.37710359692573544 0.81227242946624752
vn 0.44497913122177128 0.37710359692573544 0.81227242946624752
vn 0.53968167304992672 0.30301755666732788 0.7854450941085816
vn -0.36038786172866824 0.44622376561164856 0.81914889812469488
vn 0.36038786172866824 0.44622376561164856 0.81914889812469488
vn -0.391721785068512 0.42159172892570496 0.81781077384948736
vn -0.37148815393447872 0.32327011227607728 0.87034070491790768
vn 0.39172217249870304 0.42159143090248104 0.81781071424484256
vn 0.37148952484130856 0.32327452301979064 0.87033849954605104
vn -0.66446322202682496 -0.70710670948028568 -0.24184437096118928
vn -0.74365162849426272 -0.65807831287384032 -0.11796273291110992
vn -0.77290928363800048 -0.63232314586639408 -0.05271255970001221
vn 0.66446322202682496 -0.70710670948028568 -0.24184437096118928
vn 0.77290928363800048 -0.63232314586639408 -0.0527125671505928
vn 0.74365174770355232 -0.6580781936645508 -0.11796247959136962
vn -0.564512312412262 0.62721717357635496 -0.53658592700958248
vn -0.4765276610851288 0.52945941686630248 -0.70185047388076784
vn -0.73706877231597904 -0.66659820079803464 -0.11124934256076812
vn -0.86731398105621344 -0.38222506642341616 0.31885799765586852
vn -0.84895718097686768 -0.51164239645004272 0.13226419687271118
vn -0.84895682334899904 -0.51164335012435912 0.13226279616355896
vn 0.84895682334899904 -0.51164335012435912 0.13226279616355896
vn 0.87369143962860112 -0.3737250864505768 0.3114366829395294
vn 0.7370684146881104 -0.66659849882125856 -0.11124993115663528
vn 0.71957135200500488 0.6261799931526184 0.3001927137374878
vn 0.71957170963287352 0.62618023157119752 0.30019143223762512
vn 0.74793285131454464 0.6508604288101196 -0.13029634952545166
vn -0.71957272291183472 0.62617754936218264 0.3001945912837982
vn -0.74793499708175664 0.65085870027542112 -0.13029271364212036
vn -0.7479345798492432 0.65085846185684208 -0.13029633462429046
vn 0.63656556606292728 0.55394911766052248 -0.53658610582351688
vn 0.74793368577957152 0.65086162090301512 -0.13028569519519806
vn 0.63657313585281376 0.5539541840553284 -0.53657191991806032
vn -0.63656818866729736 0.55394655466079712 -0.53658568859100344
vn -0.63656800985336304 0.5539464354515076 -0.53658598661422728
vn 0.55664569139480592 0.48439958691596984 0.6749093532562256
vn 0.55664473772048952 0.4843991994857788 0.67491042613983152
vn -0.55664896965026856 0.48439759016036984 0.67490810155868528
vn -0.55664306879043576 0.48439508676528928 0.67491471767425536
vn -0.71957337856292728 0.62617826461791992 0.30019149184226988
vn 0.4832618236541748 0.50312888622283936 -0.71646308898925784
vn 0.53861474990844728 0.46871080994606016 -0.7001459002494812
vn -0.52841961383819584 0.45983484387397768 -0.71366983652114872
vn -0.86961674690246576 -0.32320287823677064 0.37323796749114992
vn -0.86961674690246576 -0.32320028543472292 0.37324029207229616
vn -0.81012368202209472 -0.10070310533046722 0.57754528522491456
vn -0.78314268589019776 -0.04787962138652802 0.6199960112571716
vn 0.86961674690246576 -0.32320287823677064 0.37323796749114992
vn 0.81012302637100224 -0.10070163011550904 0.57754641771316528
vn 0.78314274549484256 -0.04787955060601234 0.61999595165252688
vn 0.83097493648529056 -0.53403115272521976 0.15585699677467346
vn 0.86961674690246576 -0.32320028543472292 0.37324029207229616
vn -0.39181509613990784 0.42135933041572568 0.81788587570190432
vn -0.43378636240959168 0.37748453021049496 0.8181288838386536
vn -0.38911491632461544 0.42269280552864072 0.81848663091659552
vn -0.39553448557853696 0.41620570421218872 0.81873393058776848
vn -0.55664724111557008 0.48439911007881168 0.6749083995819092
vn 0.43378546833992008 0.37748560309410096 0.8181288242340088
vn 0.38911497592926024 0.42269286513328552 0.81848657131195072
vn 0.39274841547012328 0.41902956366539 0.81863474845886224
vn 0.55664610862731936 0.48440051078796384 0.6749083399772644
vn 0.94581717252731328 -1.0019469353265373E-16 0.32469961047172548
vn 0.94581717252731328 -1.0019469353265373E-16 -0.32469961047172548
vn 0.78914052248001104 -8.359722851499353E-17 0.61421269178390504
vn 0.78914052248001104 -8.359722851499353E-17 -0.61421269178390504
vn 0.54694807529449464 -5.794068656944448E-17 0.83716654777526848
vn 0.54694807529449464 -5.794068656944448E-17 -0.83716654777526848
vn 0.24548566341400148 -2.6005407023254516E-17 0.96940022706985472
vn 0.24548566341400148 -2.6005407023254516E-17 -0.96940022706985472
vn -0.08257950097322464 8.748020621621955E-18 0.99658447504043584
vn -0.08257950097322464 8.748020621621955E-18 -0.99658447504043584
vn -0.40169546008110048 4.25534165664514E-17 0.915773332118988
vn -0.40169546008110048 4.25534165664514E-17 -0.915773332118988
vn -0.67728155851364136 7.174749566325698E-17 0.73572391271591184
vn -0.67728155851364136 7.174749566325698E-17 -0.73572391271591184
vn -0.87947368621826176 9.316662955871329E-17 0.47594746947288512
vn -0.87947368621826176 9.316662955871329E-17 -0.47594746947288512
vn -0.98636132478713984 1.0448971305804957E-16 0.16459453105926514
vn -0.98636132478713984 -5.67665136160928E-17 -0.16459453105926514
vn -0.98636132478713984 1.0448971305804957E-16 -0.16459453105926514
vn -0.98636132478713984 2.959280331311329E-16 0.16459453105926514
vn -0.80343252420425408 -0.10539419949054718 0.58599334955215456
vn -0.53345239162445072 0.29463529586791992 0.79285472631454464
vn -0.67019754648208616 0.14239774644374848 0.72839421033859248
vn -0.67019921541213992 0.142395481467247 0.72839307785034176
vn 0.6702017784118652 0.14239206910133362 0.72839140892028816
vn 0.53345239162445072 0.29463532567024232 0.79285472631454464
vn 0.80343288183212288 -0.10539504140615464 0.5859927535057068
vn 0.67019921541213992 0.142395481467247 0.72839307785034176
vn 0.63656485080718992 0.5539454817771912 -0.53659069538116456
vn 0.53861600160598752 0.4687093794345856 -0.7001459002494812
vn -0.5278582572937012 0.46764191985130312 -0.7089969515800476
vn -0.36676660180091856 0.44116562604904176 0.81905746459960944
vn -0.47077235579490664 0.353595107793808 0.80829691886901856
vn -0.64795655012130736 0.13118398189544678 0.75029528141021728
vn 0.39961525797843936 0.4150371253490448 0.81734436750411984
vn 0.36676660180091856 0.44116562604904176 0.81905746459960944
vn 0.64795476198196408 0.13118672370910644 0.7502963542938232
vn 0.47077235579490664 0.353595107793808 0.80829691886901856
vn 0.82150280475616448 0.5551204681396484 -0.13028600811958312
vn 0.79034811258316048 0.53406804800033568 0.30020198225975036
vn 0.7903510332107544 0.53406965732574464 0.30019146203994752
vn -0.82150352001190192 0.55511796474456784 -0.13029195368289948
vn -0.82150244712829584 0.55511754751205448 -0.13030064105987548
vn -0.79035204648971552 0.53406810760498048 0.30019143223762512
vn 0.69917857646942136 0.4724615812301636 -0.53659045696258544
vn 0.69918495416641232 0.47246524691581728 -0.53657895326614376
vn 0.82150143384933472 0.55511903762817384 -0.1303006261587143
vn -0.69918161630630496 0.47246205806732176 -0.53658610582351688
vn -0.69918352365493776 0.47246214747428896 -0.53658360242843624
vn 0.61139839887619016 0.41314470767974856 0.67490994930267336
vn 0.61139947175979616 0.41314530372619632 0.67490863800048832
vn -0.61140042543411256 0.4131440222263336 0.67490857839584352
vn -0.79034948348999024 0.53406596183776856 0.30020201206207276
vn -0.61140018701553344 0.41314387321472168 0.67490887641906736
vn 0.556677520275116 0.41831588745117184 -0.71771997213363648
vn 0.59039026498794552 0.39894917607307432 -0.70162588357925416
vn -0.5881221294403076 0.39741513133049008 -0.70439589023590088
vn 0.47642421722412112 0.32193753123283388 0.8181541562080384
vn 0.45128446817398072 0.35124889016151428 0.820345401763916
vn -0.4764249324798584 0.32193648815155028 0.8181541562080384
vn -0.45128446817398072 0.35124889016151428 0.820345401763916
vn -0.03510594367980957 -0.99575132131576544 0.08512887358665466
vn -0.09955431520938874 -0.97839999198913568 0.18116937577724456
vn -0.07031060010194778 -0.97785389423370368 0.19712480902671812
vn -0.07006364315748215 -0.97872847318649296 0.1928255409002304
vn -0.03619185462594032 -0.97748309373855584 0.20788688957691192
vn -0.05115086957812309 -0.98011761903762816 0.19171075522899628
vn -0.01592046394944191 -0.97978168725967408 0.19943509995937348
vn -0.02731390297412872 -0.98378652334213264 0.17725124955177308
vn 0.00248701614327728 -0.98363995552062992 0.18012847006320954
vn -0.00725623173639178 -0.9874827861785888 0.15755976736545562
vn 0.0121082542464137 -0.98742461204528816 0.1576261818408966
vn 0.00444608414545655 -0.99159002304077152 0.12934230268001556
vn 0.01191901974380016 -0.99158263206481936 0.12892572581768036
vn 0.00693351635709405 -0.99229902029037472 0.1236714944243431
vn 0.00581141794100403 -0.99229842424392704 0.1237337589263916
vn 0.00353633798658847 -0.9937202334403992 0.11183755844831466
vn -0.0021108565852046 -0.99372678995132448 0.11181531101465226
vn -0.00143212894909083 -0.9936232566833496 0.11274213343858718
vn -0.00912112463265657 -0.99360114336013792 0.1125771477818489
vn -0.0062505267560482 -0.9909376502037048 0.13417723774909974
vn -0.01202677190303802 -0.99092483520507808 0.13387824594974518
vn -0.00356443296186625 -0.986556589603424 0.16338105499744416
vn -0.00587898073717951 -0.98653662204742432 0.16343481838703156
vn 0.00535596348345279 -0.98596018552780144 0.1668945997953415
vn 0.00109767948742955 -0.98594582080841072 0.16706164181232452
vn 0.01724791340529918 -0.98195791244506832 0.188311368227005
vn 0.02314632013440132 -0.98200863599777216 0.18741193413734436
vn 0.04662824049592018 -0.97772926092147824 0.204624742269516
vn 0.06852222979068756 -0.97865170240402224 0.1937667280435562
vn 0.07090413570404053 -0.9778492450714112 0.19693510234355928
vn 0.03491405397653579 -0.99575030803680416 0.08521947264671326
vn 0.0967944860458374 -0.97838073968887328 0.18276210129261016
vn -0.1176011934876442 -0.94252842664718624 0.3127461075782776
vn 0.1180870309472084 -0.9425474405288696 0.31250566244125368
vn -0.00351235549896955 -0.94402176141738896 0.3298644721508026
vn 0.01497483439743518 -0.94389832019805904 0.32989659905433656
vn 0.00917492341250181 -0.93134444952011104 0.36402383446693424
vn -0.01282716635614633 -0.94308602809906 0.33230134844779968
vn -0.00556279858574271 -0.94310092926025392 0.33246010541915892
vn 0.03056098334491253 -0.93135082721710208 0.36283835768699648
vn 0.01614831574261188 -0.92517739534378048 0.37919121980667112
vn 0.03259579464793205 -0.92512702941894528 0.37825581431388856
vn 0.00619416357949376 -0.88937789201736448 0.45713081955909728
vn -0.00280947354622185 -0.9192842841148376 0.39358422160148624
vn -0.02350149489939213 -0.91941881179809568 0.39257699251174928
vn 0.00795142818242311 -0.88936406373977664 0.45713055133819584
vn -0.03719048202037811 -0.85757261514663696 0.51301664113998416
vn 0.02576156333088875 -0.88132750988006592 0.47180312871932984
vn -0.02232783660292625 -0.88090658187866208 0.47276321053504944
vn 0.05467892438173294 -0.875451385974884 0.4802032113075256
vn -0.00657845474779605 -0.87571382522583008 0.48278573155403136
vn -0.69918441772460936 0.47246283292770384 -0.53658181428909304
vn -0.58812254667282104 0.39741453528404232 -0.70439589023590088
vn -0.03920133039355278 -0.85759294033050544 0.5128329396247864
vn -0.10306808352470398 -0.82592481374740608 0.55427896976470944
vn 0.15082655847072602 -0.80639797449111936 0.571816086769104
vn 0.07283464074134827 -0.84203684329986576 0.53448021411895752
vn 0.02639062330126762 -0.84073811769485472 0.54079842567443848
vn -0.16237892210483552 -0.82535547018051152 0.54076004028320312
vn -0.1175997331738472 -0.94252979755401616 0.31274253129959108
vn -0.24692755937576292 -0.79602509737014768 0.5526036620140076
vn -0.23063477873802184 -0.8139066696166992 0.53325748443603512
vn -0.19744007289409636 -0.80659711360931392 0.5571520924568176
vn -0.1975397616624832 -0.81396311521530144 0.5462985634803772
vn 0.11808662861585618 -0.94254779815673824 0.31250464916229248
vn 0.24340198934078216 -0.79621481895446784 0.55389297008514408
vn 0.22871769964694976 -0.81328237056732176 0.53503274917602536
vn 0.1928992122411728 -0.81331211328506464 0.5489201545715332
vn -0.11368408054113388 -0.80487573146820064 0.5824525952339172
vn 0.19933879375457764 -0.80656421184539792 0.55652326345443728
vn -0.00541830668225884 -0.84709930419921872 0.5314069986343384
vn 0.02412996627390384 -0.84681093692779536 0.53134638071060184
vn 0.01334053091704845 -0.81319671869277952 0.58183604478836056
vn -0.02087166160345077 -0.84458768367767328 0.53501027822494504
vn -0.00877145119011402 -0.84462362527847296 0.53528875112533568
vn 0.04846269264817238 -0.81323570013046272 0.57991302013397216
vn 0.02321604639291763 -0.79678559303283696 0.6038159728050232
vn 0.0549379400908947 -0.79664528369903568 0.6019452214241028
vn 0.00230801757425069 -0.7029476761817932 0.7112377882003784
vn -0.0052110580727458 -0.78127378225326544 0.6241667866706848
vn -0.0349108874797821 -0.78155285120010368 0.62286144495010376
vn 0.01714476011693477 -0.70281726121902464 0.71116381883621216
vn -0.06715996563434601 -0.6214144825935364 0.78059822320938112
vn 0.04500513523817062 -0.68203991651535032 0.72992885112762448
vn -0.02934036962687969 -0.68152320384979248 0.73120808601379392
vn -0.2341347634792328 -0.79665940999984736 0.5572384595870972
vn 0.2326103150844574 -0.79672497510910032 0.5577828884124756
vn 0.08684694021940231 -0.66725307703018192 0.73975062370300288
vn -0.00947325117886066 -0.66784340143203736 0.7442415356636048
vn -0.00701261218637228 -0.7078062891960144 0.70637172460556032
vn 0.03279837593436241 -0.70736187696456912 0.70609027147293088
vn 0.01600432023406028 -0.64514631032943728 0.76389139890670784
vn -0.02889083884656429 -0.7031366229057312 0.7104675769805908
vn -0.01161456946283578 -0.70320028066635128 0.71089696884155272
vn -0.05129649862647057 -0.62124800682067872 0.78193324804306032
vn -0.16831642389297486 -0.54209053516387936 0.8232905864715576
vn 0.06477927416563034 -0.64520829916000368 0.76125544309616096
vn 0.02759980037808418 -0.61502355337142944 0.78802555799484256
vn 0.09704691171646118 -0.5819063186645508 0.80744469165802
vn 0.04343641549348831 -0.5802080035209656 0.81330925226211552
vn 0.24002234637737276 -0.4942888021469116 0.83550453186035152
vn 0.07891294360160828 -0.6147227883338928 0.78478574752807616
vn -0.00715805822983384 -0.44667047262191776 0.89466989040374752
vn -0.2529160976409912 -0.5406678915023804 0.80231642723083504
vn -0.30784416198730468 -0.57857149839401248 0.75530588626861568
vn 0.30625388026237488 -0.5788253545761108 0.75575774908065792
vn -0.00996725913137197 -0.5869916081428528 0.8095316886901856
vn -0.04297804832458496 -0.58728528022766112 0.80823814868927008
vn -0.3234655261039734 -0.5123901963233948 0.79550385475158688
vn -0.33964020013809204 -0.57313770055770872 0.74575984477996832
vn 0.306249737739563 -0.57884150743484496 0.7557470202445984
vn -0.28969970345497132 -0.49424448609352112 0.81963187456130976
vn -0.29220521450042724 -0.51227885484695432 0.80758064985275264
vn 0.342640221118927 -0.510587215423584 0.7886053323745728
vn 0.2844955027103424 -0.51070380210876464 0.81132233142852784
vn -0.16326464712619782 -0.49178022146224976 0.85527592897415168
vn 0.29319915175437928 -0.49419021606445312 0.8184193968772888
vn 0.01655200868844986 -0.43284451961517336 0.9013166427612304
vn 0.04520710185170174 -0.54556888341903688 0.83684581518173216
vn -0.04319465532898903 -0.52130544185638424 0.85227632522583008
vn -0.04319635406136513 -0.52130538225173952 0.85227620601654048
vn -0.00718213198706507 -0.482793003320694 0.87570506334304816
vn -0.03192325308918953 -0.4826098382472992 0.87525349855422976
vn 0.03289471566677093 -0.44637763500213624 0.89423984289169312
vn -0.09667173027992248 -0.30552539229393004 0.9472638368606568
vn 0.06178436055779457 -0.41010951995849608 0.9099411368370056
vn -0.03124515898525715 -0.40983489155769352 0.91162443161010736
vn 0.02542906999588012 -0.36899414658546448 0.92908376455307008
vn 0.11196427792310714 -0.44213706254959104 0.88993191719055168
vn 0.03587989509105682 -0.43302667140960696 0.90066671371459968
vn 0.10830941796302796 -0.38517203927040104 0.91646689176559456
vn -0.01461888011544942 -0.3856598138809204 0.92252522706985472
vn 0.02366575598716736 -0.36900246143341064 0.92912709712982176
vn -0.03581946715712547 -0.43227568268775936 0.90102982521057136
vn -0.08089997619390488 -0.3194672167301178 0.94413763284683232
vn -0.00984660815447568 -0.3209030330181122 0.94706088304519648
vn -0.04514497518539429 -0.3051859438419342 0.9512220621109008
vn -0.2194606214761734 -0.17297881841659546 0.9601642489433288
vn -0.35326004028320312 -0.30778637528419496 0.88344490528106688
vn 0.35237753391265868 -0.3080472946166992 0.88370639085769648
vn -0.0618642196059227 -0.74662363529205328 0.66236388683319088
vn 0.06186695024371147 -0.74662351608276368 0.66236382722854616
vn -0.0618666373193264 -0.74662345647811888 0.66236388683319088
vn 0.09351081401109696 -0.23884686827659608 0.96654433012008672
vn 0.0537109375 -0.23813259601593016 0.96974635124206544
vn 0.30375701189041136 -0.09559398889541626 0.9479417204856872
vn -0.0618671141564846 -0.74662333726882928 0.66236400604248048
vn -0.3093964457511902 -0.17211446166038514 0.93522745370864864
vn 0.35237732529640196 -0.30804905295372008 0.8837058544158936
vn -0.36604949831962584 -0.12455259263515472 0.92222255468368528
vn -0.41838940978050232 -0.28736186027526856 0.8616109490394592
vn -0.33078411221504212 -0.09554879367351532 0.93885689973831184
vn -0.3383396863937378 -0.12451108545064926 0.93275034427642816
vn 0.39537674188613888 -0.12199919670820236 0.9103808999061584
vn 0.3277166783809662 -0.12203265726566314 0.93686169385910032
vn 0.06186404824256897 -0.74662381410598752 0.66236370801925656
vn 0.06186692789196968 -0.74662351608276368 0.66236376762390136
vn 0.18391333520412444 -0.72625756263732912 0.66236382722854616
vn -0.18391314148902892 -0.72625756263732912 0.66236388683319088
vn -0.06186692416667938 -0.74662345647811888 0.66236382722854616
vn -0.17769283056259156 -0.09481555223464966 0.9795076847076416
vn 0.33627048134803772 -0.09553001075983048 0.93690776824951168
vn 0.06292795389890671 -0.14844444394111634 0.98691654205322272
vn -0.12279801815748214 0.04431851953268051 0.9914416074752808
vn 0.03627543523907661 -0.1432483196258545 0.98902171850204464
vn 0.03627538308501243 -0.1432483196258545 0.98902171850204464
vn -0.02468604780733585 -0.09748299419879914 0.9949309825897216
vn -0.03925688564777374 -0.09260518848896026 0.99492871761322016
vn -0.03925692290067672 -0.09260518848896026 0.99492871761322016
vn 0.08503147959709167 -0.06003698706626892 0.99456787109375008
vn 0.18391329050064088 -0.72625756263732912 0.66236382722854616
vn -0.02477697096765041 -0.05844797566533089 0.997982919216156
vn 0.17807528376579284 0.1280461996793747 0.97565025091171264
vn -0.18391339480876924 -0.72625750303268432 0.66236388683319088
vn -0.18391330540180208 -0.72625750303268432 0.66236388683319088
vn -0.47656813263893128 0.32203376293182372 0.81803244352340704
vn -0.45465531945228576 0.35386815667152404 0.81735295057296752
vn -0.61140388250350952 0.4131470024585724 0.6749035716056824
vn 0.4765673577785492 0.32203489542007448 0.81803244352340704
vn 0.45465531945228576 0.35386815667152404 0.81735295057296752
vn 0.61140292882919312 0.41314849257469176 0.6749035120010376
vn -0.37579464912414552 0.00694768223911523 0.92667692899703984
vn 0.37476429343223568 0.00651212316006422 0.92709726095199584
vn -0.1870722472667694 0.04273416101932525 0.9814162254333496
vn -0.58981621265411376 0.37297689914703368 -0.7162437438964844
vn 0.05504794418811798 0.12985579669475556 0.9900036454200744
vn 0.33326897025108336 0.31959354877471924 0.88701283931732176
vn -0.37579455971717832 0.00694904662668705 0.92667692899703984
vn 0.37476468086242672 0.00650650821626186 0.92709714174270624
vn 0.18391354382038116 -0.72625744342803952 0.66236388683319088
vn 0.18391330540180208 -0.72625756263732912 0.66236388683319088
vn -0.0908759981393814 0.21437267959117888 0.97251522541046144
vn -0.31754383444786072 0.2119343727827072 0.9242563247680664
vn 0.29228007793426512 -0.68947660923004152 0.66271746158599856
vn -0.29228052496910096 -0.6894763708114624 0.66271740198135376
vn 0.48809146881103512 0.05580338090658188 0.871006727218628
vn 0.3572489023208618 0.25315839052200316 0.89904618263244624
vn -0.35794824361801148 0.25579243898391724 0.89802187681198128
vn -0.4893953800201416 0.05638451501727104 0.8702372908592224
vn -0.29228076338768004 -0.6894763112068176 0.66271740198135376
vn -0.37658226490020752 0.28415280580520628 0.8817272782325744
vn -0.3133361041545868 0.3198532462120056 0.89415568113327024
vn -0.32839572429656984 0.284186452627182 0.9007743000984192
vn 0.69918370246887208 0.47246393561363224 -0.53658175468444824
vn 0.59039068222045896 0.39894852042198184 -0.70162588357925416
vn 0.37424057722091672 0.28718125820159912 0.88174313306808464
vn 0.3151578903198242 0.28716400265693664 0.90455090999603264
vn -0.13396352529525756 0.31601542234420776 0.93924862146377568
vn 0.32122862339019776 0.31976777315139772 0.89138138294219968
vn -0.29227957129478456 -0.68947690725326536 0.66271734237670896
vn -0.37343993782997128 0.30835065245628356 0.87490713596344
vn 0.37167224287986752 0.3075096607208252 0.8759552240371704
vn 0.3000023066997528 -0.68393617868423464 0.66500365734100344
vn 0.2901335060596466 -0.68441283702850344 0.66888087987899784
vn -0.2901334762573242 -0.68441271781921384 0.66888099908828736
vn -0.29958882927894592 -0.68299365043640136 0.66615784168243408
vn 0.29013261198997496 -0.68441307544708248 0.66888105869293216
vn -0.35009822249412536 0.43337446451187136 0.83043229579925536
vn 0.34845733642578124 0.4326007068157196 0.83152514696121216
vn -0.38569787144660952 0.41897934675216672 0.82200574874877936
vn -0.34336072206497192 0.46346756815910336 0.81688505411148064
vn 0.34282746911048888 0.4580495655536652 0.82015848159790032
vn 0.31877118349075316 0.48791566491127016 0.8126027584075928
vn 0.38569787144660952 0.41897934675216672 0.82200574874877936
vn 0.84940612316131584 0.43403688073158264 0.30020201206207276
vn 0.84940880537033088 0.43403795361518856 0.3001927435398102
vn 0.88288724422454832 0.45114502310752872 -0.13030087947845458
vn -0.8828880190849304 0.45114350318908688 -0.1303008645772934
vn -0.88288968801498416 0.45114395022392272 -0.13028807938098908
vn -0.84940713644027712 0.43403485417366024 0.30020195245742796
vn 0.88288855552673344 0.45114612579345704 -0.13028804957866668
vn 0.75142931938171392 0.38397192955017088 -0.5365813970565796
vn -0.75143021345138544 0.38397017121315 -0.5365813374519348
vn -0.75142878293991088 0.38396966457366944 -0.53658372163772584
vn 0.65708935260772704 0.33576536178588868 0.67490386962890624
vn 0.65709263086318968 0.33576688170433044 0.67489987611770632
vn -0.84940958023071296 0.4340364336967468 0.30019277334213256
vn -0.65709018707275392 0.33576387166976928 0.67490381002426144
vn 0.34282633662223816 0.458050400018692 0.82015848159790032
vn -0.31280598044395448 0.47878521680831912 0.82031524181365968
vn -0.34534147381782532 0.45484885573387144 0.82088476419448848
vn 0.75142949819564816 0.38397204875946048 -0.53658103942871096
vn 0.62320739030838016 0.31845197081565856 -0.71428346633911136
vn -0.63574004173278808 0.32485413551330568 -0.70021736621856688
vn -0.30543532967567444 0.46750360727310184 0.82954782247543328
vn -0.2820332646369934 0.53697359561920168 0.7950575947761536
vn 0.5114454627037048 0.26134297251701356 0.81861066818237312
vn 0.50347083806991576 0.27246496081352232 0.8199267983436584
vn -0.51144623756408688 0.26134163141250612 0.81861060857772832
vn -0.50347071886062624 0.27246490120887756 0.8199268579483032
vn -0.65708482265472416 0.33576086163520812 0.67491048574447632
vn 0.28059235215187072 0.53423017263412472 0.79741209745407104
vn 0.30427548289299012 0.4657283127307892 0.8309714794158936
vn 0.34785187244415284 -0.66228806972503664 0.66360646486282352
vn -0.34785187244415284 -0.66228806972503664 0.66360646486282352
vn -0.0542527474462986 -0.65473395586013792 0.75390988588333136
vn 0.05425260215997696 -0.65473395586013792 0.75390988588333136
vn 0.0542527548968792 -0.65473401546478272 0.75390982627868656
vn 0.4097638726234436 -0.62719029188156128 0.66236382722854616
vn -0.4097638726234436 -0.62719029188156128 0.66236382722854616
vn 0.16127845644950866 -0.63687449693679808 0.75390988588333136
vn 0.16127867996692658 -0.63687455654144288 0.75390976667404176
vn -0.16127848625183106 -0.63687461614608768 0.75390982627868656
vn -0.05425260961055756 -0.65473407506942752 0.75390976667404176
vn 0.62491643428802488 0.3279815912246704 -0.70845431089401248
vn 0.26390507817268372 -0.6016428470611572 0.75390982627868656
vn 0.263904869556427 -0.6016428470611572 0.75390988588333136
vn -0.26390504837036132 -0.60164272785186768 0.75390988588333136
vn -0.161278635263443 -0.63687443733215336 0.75390988588333136
vn -0.75142276287078864 0.38396587967872616 -0.5365948677062988
vn -0.6357402205467224 0.3248538076877594 -0.70021736621856688
vn 0.507407546043396 -0.55119121074676512 0.66236382722854616
vn -0.507407546043396 -0.55119121074676512 0.66236382722854616
vn 0.35933291912078856 -0.54999989271163944 0.75390982627868656
vn 0.3593328595161438 -0.54999989271163944 0.75390982627868656
vn -0.3593328595161438 -0.54999989271163944 0.75390982627868656
vn -0.2639048993587494 -0.6016429662704468 0.75390976667404176
vn 0.04571466892957687 -0.55169606208801272 0.83279144763946528
vn -0.04571467638015747 -0.55169612169265744 0.83279138803482048
vn 0.0457148514688015 -0.55169612169265744 0.83279138803482048
vn 0.13589736819267272 -0.5366472601890564 0.83279150724411008
vn 0.1358976662158966 -0.5366473197937012 0.83279138803482048
vn -0.13589763641357422 -0.5366472005844116 0.83279144763946528
vn -0.0457148402929306 -0.55169600248336792 0.83279144763946528
vn -0.64054274559021 0.27290982007980348 -0.7177919149398804
vn 0.22237320244312288 -0.50696015357971192 0.83279144763946528
vn 0.2223733812570572 -0.50696015357971192 0.83279138803482048
vn -0.22237324714660644 -0.50696021318435672 0.83279138803482048
vn -0.13589741289615632 -0.53664737939834592 0.83279138803482048
vn 0.89586937427520752 0.32757058739662172 0.30019256472587584
vn 0.89586937427520752 0.32757058739662172 0.30019247531890868
vn 0.93118047714233392 0.34048193693161012 -0.13028810918331146
vn -0.895870327949524 0.32756805419921876 0.30019253492355348
vn -0.9311832785606384 0.34047996997833252 -0.13027317821979522
vn -0.9311813116073608 0.34047970175743104 -0.13028809428215026
vn 0.93117988109588624 0.34048154950141908 -0.13029317557811738
vn 0.79252463579177856 0.28978291153907776 -0.53659164905548096
vn 0.79253566265106208 0.28978630900382996 -0.53657346963882448
vn 0.79253023862838752 0.28978794813156128 -0.53658068180084232
vn -0.7925211787223816 0.28977963328361512 -0.53659850358963016
vn -0.79252332448959344 0.28978022933006288 -0.53659504652023312
vn 0.69303417205810544 0.25340473651885988 0.67489975690841672
vn 0.69303411245346072 0.25340479612350464 0.67489981651306152
vn -0.69302588701248168 0.2533980906009674 0.67491078376770016
vn -0.69302362203598024 0.25339919328689576 0.67491263151168824
vn -0.69303458929061888 0.25340270996093752 0.67490005493164064
vn -0.89586985111236576 0.32756781578063964 0.30019423365592956
vn 0.6663024425506592 0.24363286793231964 -0.70475816726684568
vn -0.66940838098526 0.24476417899131776 -0.70141494274139408
vn 0.53931039571762088 0.197196364402771 0.8186928033828736
vn -0.53933531045913696 0.1972026377916336 0.81867486238479616
vn -0.53767204284667968 0.201170951128006 0.81880342960357664
vn 0.5074074864387512 -0.55119138956069944 0.66236376762390136
vn 0.44495901465415952 -0.48335427045822144 0.75390988588333136
vn 0.44495913386344912 -0.48335424065589904 0.75390982627868656
vn -0.5074074864387512 -0.55119138956069944 0.66236376762390136
vn -0.44495904445648192 -0.48335433006286624 0.75390982627868656
vn -0.3593328893184662 -0.54999983310699464 0.75390982627868656
vn -0.5590935945510864 0.16833406686782836 0.81183618307113648
vn -0.53299933671951296 0.19488745927810668 0.82336539030075072
vn -0.54257285594940184 0.1920107901096344 0.81776928901672368
vn -0.52534884214401248 0.23042187094688416 0.819093644618988
vn 0.5377023220062256 0.20118227601051332 0.81878072023391728
vn 0.54013282060623168 0.1974967122077942 0.81807798147201536
vn 0.54028934240341184 0.19724935293197632 0.81803429126739504
vn 0.52534860372543336 0.23042257130146028 0.8190935850143432
vn 0.69302368164062496 0.25340044498443604 0.67491215467453
vn 0.66630351543426512 0.24363020062446596 -0.70475810766220096
vn 0.5074065327644348 -0.55119216442108152 0.66236376762390136
vn -0.5074065327644348 -0.55119216442108152 0.66236376762390136
vn 0.59121006727218624 -0.46015739440917968 0.66236382722854616
vn -0.59121006727218624 -0.46015739440917968 0.66236382722854616
vn 0.30278337001800536 -0.46344435214996336 0.83279144763946528
vn -0.30278337001800536 -0.46344435214996336 0.83279144763946528
vn -0.2223733514547348 -0.50696009397506712 0.83279144763946528
vn -0.03639592602849006 -0.43923342227935792 0.8976354002952576
vn 0.03639589622616768 -0.43923342227935792 0.8976354002952576
vn 0.03639592602849006 -0.43923345208168032 0.8976354002952576
vn 0.66216480731964112 0.22106313705444336 -0.71600902080535888
vn 0.10819482058286666 -0.42725223302841184 0.8976354598999024
vn 0.10819505900144578 -0.42725229263305664 0.8976354002952576
vn -0.10819484293460846 -0.42725232243537904 0.8976354002952576
vn -0.03639589622616768 -0.43923345208168032 0.8976354002952576
vn 0.3749341368675232 -0.40728715062141416 0.83279144763946528
vn 0.37493434548377992 -0.40728709101676944 0.83279138803482048
vn -0.44495907425880432 -0.48335421085357664 0.75390988588333136
vn -0.37493428587913512 -0.40728703141212464 0.83279144763946528
vn 0.59121006727218624 -0.46015724539756776 0.66236388683319088
vn 0.51844793558120728 -0.40352421998977664 0.75390976667404176
vn 0.51844763755798336 -0.40352433919906616 0.75390988588333136
vn -0.59121006727218624 -0.46015724539756776 0.66236388683319088
vn -0.51844781637191776 -0.40352410078048704 0.75390988588333136
vn 0.17704273760318756 -0.403616726398468 0.8976354598999024
vn -0.17704273760318756 -0.403616726398468 0.8976354598999024
vn -0.10819502919912338 -0.42725217342376712 0.8976354598999024
vn -0.7925249934196472 0.28978195786476136 -0.53659164905548096
vn -0.66940808296203616 0.2447649985551834 -0.70141494274139408
vn 0.2410612553358078 -0.36897164583206176 0.8976354598999024
vn 0.2410612106323242 -0.36897164583206176 0.8976354598999024
vn -0.2410612404346466 -0.36897164583206176 0.8976354598999024
vn 0.5912127494812012 -0.4601537585258484 0.66236400604248048
vn -0.5912127494812012 -0.4601537585258484 0.66236400604248048
vn 0.658886194229126 -0.35657146573066712 0.66236376762390136
vn 0.6588860750198364 -0.35657152533531188 0.66236388683319088
vn -0.6588861346244812 -0.35657155513763428 0.66236376762390136
vn 0.4368577003479004 -0.34002023935317992 0.83279144763946528
vn 0.43685793876647952 -0.34002014994621276 0.83279132843017584
vn -0.37493422627449032 -0.40728724002838136 0.83279132843017584
vn -0.51844781637191776 -0.40352442860603336 0.75390976667404176
vn -0.43685778975486752 -0.34002032876014708 0.83279138803482048
vn -0.68579500913619992 0.16903334856033326 -0.70789331197738648
vn -0.68101173639297488 0.15851044654846192 -0.71491080522537232
vn 0.9290441274642944 0.216243714094162 0.3001927137374878
vn 0.92904311418533328 0.21624357998371124 0.30019596219062804
vn 0.96566218137741088 0.22476701438426972 -0.13029350340366364
vn -0.9290441274642944 0.2162421941757202 0.30019378662109376
vn -0.96566301584243776 0.22476552426815032 -0.13028956949710846
vn -0.9656652808189392 0.22476553916931152 -0.13027271628379822
vn 0.8218722939491272 0.19129928946495056 -0.53659158945083616
vn 0.96566265821456912 0.22476723790168764 -0.13028955459594726
vn 0.82187688350677488 0.1912997215986252 -0.53658443689346312
vn -0.8218741416931152 0.19129711389541624 -0.53658956289291384
vn -0.82187288999557488 0.19129689037799836 -0.53659152984619144
vn 0.71868658065795896 0.1672813594341278 0.6749122142791748
vn 0.71869033575057984 0.16728189587593078 0.67490816116333008
vn -0.71869367361068728 0.16728144884109498 0.67490464448928832
vn -0.92904347181320192 0.21624197065830232 0.30019599199295044
vn -0.71869790554046632 0.16728205978870392 0.67489999532699584
vn 0.6952601671218872 0.16182902455329896 -0.70030325651168824
vn 0.55832207202911376 0.12995494902133942 0.81938278675079344
vn -0.56301409006118776 0.12828326225280762 0.81643038988113408
vn -0.56188118457794192 0.13078184425830842 0.81681430339813232
vn 0.29850414395332336 -0.32426202297210692 0.8976354598999024
vn 0.29850423336029052 -0.32426199316978456 0.8976354598999024
vn -0.2410612255334854 -0.36897167563438416 0.8976354598999024
vn -0.29850417375564576 -0.32426205277442932 0.8976354598999024
vn 0.5777947306632996 -0.3126869797706604 0.75390988588333136
vn 0.57779502868652344 -0.31268680095672608 0.75390976667404176
vn -0.57779484987258912 -0.31268703937530516 0.75390976667404176
vn -0.6588861346244812 -0.35657143592834472 0.66236388683319088
vn 0.02645326219499111 -0.31924360990524292 0.94730341434478752
vn -0.02645326778292656 -0.31924366950988768 0.94730341434478752
vn 0.02645344100892544 -0.31924366950988768 0.94730335474014288
vn 0.07863815128803253 -0.31053549051284792 0.94730341434478752
vn 0.07863833755254745 -0.31053552031517028 0.94730335474014288
vn -0.07863832265138626 -0.31053546071052552 0.94730341434478752
vn -0.02645343542098999 -0.31924358010292052 0.94730341434478752
vn 0.24548566341400148 -0.96940022706985472 5.551115123125783E-17
vn -0.08257950097322464 -0.99658447504043584 5.551115123125783E-17
vn 0.12867823243141174 -0.2933567762374878 0.94730341434478752
vn 0.1286783367395401 -0.2933567762374878 0.94730335474014288
vn -0.12867824733257294 -0.2933568060398102 0.94730335474014288
vn -0.07863817363977432 -0.31053557991981508 0.94730335474014288
vn -0.40169546008110048 -0.915773332118988 2.7755575615628914E-17
vn -0.53458201885223392 0.20001396536827088 0.8211068511009216
vn -0.28745985031127928 -0.53623861074447632 0.79360884428024288
vn -0.84173983335494992 -0.35937386751174928 0.40289515256881712
vn -0.85238748788833616 -0.38279449939727784 0.35623574256896972
vn 0.53458201885223392 0.20001396536827088 0.8211068511009216
vn 0.29154077172279356 -0.53616821765899656 0.7921664118766784
vn 0.84173983335494992 -0.35937386751174928 0.40289515256881712
vn 0.85238748788833616 -0.38279449939727784 0.35623574256896972
vn 0.34780475497245788 -0.27070727944374084 0.8976354598999024
vn -0.29850420355796812 -0.32426193356513976 0.8976354598999024
vn -0.43685781955718992 -0.3400200605392456 0.83279144763946528
vn -0.34780475497245788 -0.27070727944374084 0.8976354598999024
vn 0.17520804703235626 -0.26817610859870912 0.94730341434478752
vn 0.17520816624164582 -0.26817607879638672 0.94730335474014288
vn -0.1286783218383789 -0.293356716632843 0.94730341434478752
vn -0.17520815134048462 -0.26817604899406432 0.94730341434478752
vn 0.54694807529449464 -0.83716654777526848 5.551115123125783E-17
vn 0.82187378406524656 0.191298708319664 -0.53658950328826904
vn 0.69526034593582152 0.16182826459407806 -0.70030325651168824
vn 0.48686531186103824 -0.2634781301021576 0.83279138803482048
vn 0.48686504364013672 -0.26347830891609192 0.83279144763946528
vn -0.48686516284942624 -0.2634780704975128 0.83279144763946528
vn -0.57779484987258912 -0.31268671154975892 0.75390988588333136
vn 0.70109474658966064 -0.26231583952903748 0.66306602954864504
vn -0.70109474658966064 -0.26231583952903748 0.66306602954864504
vn -0.53260457515716552 0.12396745383739472 0.83723616600036624
vn -0.58220815658569336 0.08896343410015106 0.8081578612327576
vn -0.56270170211791992 0.12725938856601716 0.81680589914321904
vn -0.57048177719116208 0.10647951811552048 0.81437867879867552
vn -0.71868866682052616 0.16727982461452484 0.67491042613983152
vn 0.5548453330993652 0.1291452944278717 0.82186871767044064
vn 0.55519890785217288 0.15926097333431244 0.81632721424102784
vn 0.56324046850204464 0.12584613263607026 0.81665349006652832
vn 0.57048177719116208 0.10647951811552048 0.81437867879867552
vn 0.71868836879730224 0.16728127002716064 0.6749103665351868
vn 0.70109510421752928 -0.26231485605239868 0.66306602954864504
vn -0.70109510421752928 -0.26231485605239868 0.66306602954864504
vn -0.67728155851364136 -0.73572391271591184 5.551115123125783E-17
vn 0.27518516778945924 -0.50813251733779904 0.81613385677337648
vn 0.68718379735946656 0.11167813837528228 -0.71784842014312744
vn 0.21695891022682188 -0.23568016290664672 0.94730335474014288
vn -0.17520807683467864 -0.26817613840103148 0.94730335474014288
vn -0.21695891022682188 -0.23568016290664672 0.94730335474014288
vn -0.27617460489273072 -0.50129973888397216 0.8200159668922424
vn 0.69999259710311888 -0.24030771851539612 0.672504723072052
vn 0.62138092517852784 -0.2133203148841858 0.753909945487976
vn 0.62138098478317264 -0.2133202701807022 0.75390988588333136
vn -0.62138098478317264 -0.2133203148841858 0.75390988588333136
vn -0.7011467814445496 -0.24070395529270172 0.67115932703018192
vn -0.69980460405349728 -0.23719047009944916 0.6738057732582092
vn 0.38761803507804872 -0.20976848900318144 0.8976354598999024
vn 0.38761806488037112 -0.20976847410202028 0.8976354598999024
vn -0.38761803507804872 -0.20976850390434264 0.8976354598999024
vn -0.48686519265174864 -0.26347839832305908 0.83279132843017584
vn 0.78914052248001104 -0.61421269178390504 -5.551115123125783E-17
vn 0.25279155373573304 -0.1967555433511734 0.94730335474014288
vn -0.25279155373573304 -0.1967555433511734 0.94730335474014288
vn 0.01605640538036823 -0.19377084076404572 0.98091542720794672
vn -0.01605640351772308 -0.19377082586288452 0.98091542720794672
vn 0.01605634950101375 -0.19377082586288452 0.98091542720794672
vn -0.27566692233085632 -0.45188412070274352 0.84841525554656976
vn 0.04773088917136192 -0.1884852945804596 0.98091542720794672
vn 0.04773091524839401 -0.1884852945804596 0.98091542720794672
vn -0.04773089289665222 -0.1884852945804596 0.98091542720794672
vn -0.0160563513636589 -0.19377084076404572 0.98091542720794672
vn 0.27641475200653076 -0.44707459211349488 0.85071688890457152
vn -0.27566692233085632 -0.451884001493454 0.84841537475585936
vn 0.07810365408658981 -0.17805831134319306 0.98091542720794672
vn 0.07810369879007339 -0.17805831134319306 0.98091542720794672
vn -0.04773091524839401 -0.1884852945804596 0.98091542720794672
vn -0.0781036913394928 -0.17805829644203186 0.98091542720794672
vn 0.52359211444854736 -0.17974931001663208 0.83279138803482048
vn 0.52359217405319216 -0.1797492653131485 0.83279132843017584
vn -0.62138098478317264 -0.213320255279541 0.753909945487976
vn -0.52359217405319216 -0.17974932491779328 0.83279132843017584
vn 0.70274949073791504 -0.23538726568222044 0.67136871814727784
vn 0.98582345247268672 0.1057199090719223 -0.13028980791568756
vn 0.9484398365020752 0.10171088576316834 0.30019456148147584
vn 0.94843935966491696 0.10171087831258774 0.3001960515975952
vn -0.98582363128662112 0.10571827739477158 -0.13028979301452636
vn -0.98582404851913456 0.1057182252407074 -0.13028661906719208
vn -0.94843953847885136 0.10170917212963104 0.30019602179527284
vn 0.83903241157531744 0.0899776890873909 -0.53658980131149288
vn 0.83902710676193232 0.08997752517461777 -0.53659820556640624
vn 0.98582386970520016 0.10572005808353424 -0.13028645515441894
vn -0.83903253078460688 0.08997654914855957 -0.53658980131149288
vn -0.83903247117996208 0.08997660875320435 -0.53658992052078248
vn 0.7336928248405456 0.07868140935897827 0.67491042613983152
vn -0.73369300365448 0.07868008315563202 0.6749103665351868
vn -0.9484399557113648 0.1017092540860176 0.30019471049308776
vn -0.73369216918945312 0.07868003100156784 0.6749113202095032
vn 0.70888131856918336 0.07602030783891678 -0.70121908187866208
vn -0.70503103733062744 0.07560643553733826 -0.70513463020324704
vn 0.57149046659469608 0.07155343145132065 0.81748318672180176
vn 0.58318674564361576 0.05497801676392555 0.81047552824020384
vn 0.57448112964630128 0.06160737946629524 0.81619602441787712
vn 0.7336891293525696 0.0786808505654335 0.67491453886032104
vn -0.57262009382247928 0.06140687316656113 0.81751787662506096
vn -0.6025119423866272 0.03998108953237533 0.79710781574249264
vn -0.58318638801574704 0.05497764423489571 0.81047582626342768
vn 0.1063457727432251 -0.1627744436264038 0.98091542720794672
vn 0.10634583234786988 -0.16277442872524262 0.98091542720794672
vn -0.07810365408658981 -0.17805832624435424 0.98091542720794672
vn -0.1063457727432251 -0.162774458527565 0.98091542720794672
vn -0.87947368621826176 -0.47594746947288512 0
vn -0.8390300273895264 0.08997620642185211 -0.53659373521804808
vn -0.70503103733062744 0.07560637593269348 -0.70513463020324704
vn -0.31497901678085328 -0.33700105547904968 0.8872533440589904
vn -0.2965320646762848 -0.28137573599815368 0.91263157129287712
vn -0.87980556488037104 -0.19997525215148924 0.43122160434722904
vn -0.87980550527572624 -0.19997510313987732 0.43122184276580808
vn -0.86245256662368768 -0.3454381227493286 0.36992979049682616
vn 0.28656628727912904 -0.3742006719112396 0.8819600939750672
vn 0.3069254159927368 -0.28135886788368224 0.90919411182403568
vn 0.86245256662368768 -0.3454381227493286 0.36992979049682616
vn 0.87980550527572624 -0.19997510313987732 0.43122184276580808
vn 0.87980556488037104 -0.19997525215148924 0.43122160434722904
vn 0.28172874450683592 -0.1524638831615448 0.94730335474014288
vn 0.2817286252975464 -0.15246395766735076 0.94730341434478752
vn -0.28172868490219116 -0.15246397256851196 0.94730335474014288
vn -0.38761806488037112 -0.20976845920085908 0.8976354598999024
vn 0.13168719410896302 -0.1430504322052002 0.98091542720794672
vn 0.1316872090101242 -0.143050417304039 0.98091542720794672
vn -0.10634582489728928 -0.16277439892292022 0.98091542720794672
vn -0.1316872090101242 -0.143050417304039 0.98091542720794672
vn -0.69608312845230104 0.05619343742728233 -0.71575874090194704
vn 0.41685831546783448 -0.14310751855373382 0.8976354598999024
vn 0.41685822606086728 -0.1431075930595398 0.8976354598999024
vn -0.52359217405319216 -0.1797492504119873 0.83279138803482048
vn -0.41685825586318968 -0.14310750365257264 0.8976354598999024
vn 0.70274972915649416 -0.23538653552532196 0.67136877775192264
vn -0.70274972915649416 -0.23538653552532196 0.67136877775192264
vn 0.71033447980880736 -0.1286184936761856 0.69201314449310304
vn 0.72020596265792848 -0.12018121033906936 0.68327146768569944
vn -0.7196500301361084 -0.12524624168872834 0.6829474568367004
vn -0.30543908476829528 -0.2717590630054474 0.91260832548141472
vn 0.30543908476829528 -0.2717590630054474 0.91260832548141472
vn 0.15343648195266724 -0.11942440271377564 0.98091542720794672
vn 0.15343649685382844 -0.11942439526319504 0.98091542720794672
vn -0.13168719410896302 -0.1430504322052002 0.98091542720794672
vn -0.15343648195266724 -0.11942441016435624 0.98091542720794672
vn 0.94581717252731328 -0.32469961047172548 0
vn 0.64801746606826784 -0.10813507437705994 0.753909945487976
vn 0.64801746606826784 -0.10813505947589874 0.753909945487976
vn -0.71161872148513792 -0.1187482625246048 0.69245767593383792
vn -0.64801746606826784 -0.10813507437705994 0.753909945487976
vn 0.30298101902008056 -0.10401350259780884 0.94730335474014288
vn 0.3029809296131134 -0.104013592004776 0.94730341434478752
vn -0.41685828566551208 -0.14310760796070098 0.8976354598999024
vn -0.30298098921775816 -0.10401349514722824 0.94730341434478752
vn -0.28172868490219116 -0.15246385335922242 0.94730341434478752
vn 0.54603677988052368 -0.0911174789071083 0.83279138803482048
vn 0.54603677988052368 -0.0911174714565277 0.83279138803482048
vn -0.64801746606826784 -0.10813505947589874 0.753909945487976
vn -0.54603677988052368 -0.0911174789071083 0.83279138803482048
vn 0.17100046575069428 -0.09254077076911926 0.98091542720794672
vn 0.17100037634372712 -0.09254086017608642 0.98091542720794672
vn -0.15343649685382844 -0.11942438781261444 0.98091542720794672
vn -0.17100045084953308 -0.09254075586795806 0.98091542720794672
vn 0.00538300117477774 -0.06496299803256989 0.99787312746047968
vn -0.00538300117477774 -0.06496299803256989 0.99787312746047968
vn 0.01600211486220359 -0.06319098174571991 0.99787312746047968
vn -0.01600211486220359 -0.06319098174571991 0.99787312746047968
vn 0.02618478238582611 -0.05969526618719101 0.99787312746047968
vn -0.02618478238582611 -0.05969526618719101 0.99787312746047968
vn 0.43472760915756224 -0.07254324853420258 0.8976354598999024
vn 0.43472760915756224 -0.07254324108362198 0.8976354598999024
vn -0.54603677988052368 -0.0911174714565277 0.83279138803482048
vn -0.43472760915756224 -0.07254324853420258 0.8976354598999024
vn -0.30364438891410828 -0.1856602430343628 0.93452143669128416
vn 0.30364438891410828 -0.1856602430343628 0.93452143669128416
vn -0.98636132478713984 -0.16459453105926514 -5.551115123125783E-17
vn -0.98636132478713984 -0.16459453105926514 3.885780586188048E-16
vn 0.03565316274762153 -0.054571233689785 0.99787312746047968
vn -0.03565316274762153 -0.054571233689785 0.99787312746047968
vn 0.8390297889709472 0.08997834473848343 -0.53659379482269288
vn 0.70888119935989376 0.07602109014987946 -0.70121908187866208
vn 0.1838999390602112 -0.06313291937112808 0.98091542720794672
vn 0.1838999092578888 -0.06313297897577286 0.98091542720794672
vn -0.30298098921775816 -0.1040136069059372 0.94730335474014288
vn -0.1838999092578888 -0.06313298642635345 0.98091542720794672
vn -0.1710004210472107 -0.09254088252782822 0.98091542720794672
vn 0.04414902999997139 -0.04795863479375839 0.99787312746047968
vn -0.04414902999997139 -0.04795863479375839 0.99787312746047968
vn 0.69848382472991944 -0.01049524080008268 -0.71554887294769288
vn 0.70689731836318968 -7.48848262905481E-17 -0.70731621980667112
vn 0.31596878170967104 -0.0527258925139904 0.94730341434478752
vn 0.3159688115119934 -0.05272584035992622 0.94730335474014288
vn -0.43472760915756224 -0.07254324108362198 0.8976354598999024
vn -0.3159688115119934 -0.0527258962392807 0.94730335474014288
vn 0.05144063383340836 -0.0400378406047821 0.99787312746047968
vn -0.05144063383340836 -0.0400378406047821 0.99787312746047968
vn -0.30901697278022768 3.2735563553945213E-17 0.95105654001235968
vn -0.33289855718612672 -0.09236721694469452 0.93842786550521856
vn -0.88867866992950432 9.41417497694602E-17 0.45853048563003544
vn -0.87980228662490848 -0.19999885559082032 0.43121737241744992
vn 0.31027975678443908 -3.286933851132974E-17 0.95064526796340944
vn 0.30752199888229372 -0.09824585169553756 0.94645547866821296
vn 0.87980228662490848 -0.19999885559082032 0.43121737241744992
vn 0.88867866992950432 -9.41417497694602E-17 0.45853048563003544
vn 0.57480305433273312 0.02361959777772426 0.81795084476470944
vn 0.57255190610885624 0.0613999217748642 0.81756609678268432
vn 0.73368829488754272 0.07868003100156784 0.67491549253463744
vn -0.5623663663864136 0.0603049099445343 0.82468622922897344
vn -0.57480633258819584 0.02493526414036751 0.81790947914123536
vn -0.73368865251541136 0.07867651432752609 0.67491555213928224
vn 0.05732904374599457 -0.03102495521306991 0.99787312746047968
vn -0.05732904374599457 -0.03102495521306991 0.99787312746047968
vn -0.33289909362792968 -0.09236966073513032 0.93842744827270512
vn 0.57234573364257816 0.022376025095582 0.81970709562301632
vn 0.52719599008560184 -2.5238210582756437E-05 0.84974372386932368
vn 0.32323214411735536 -0.05159294605255127 0.94491225481033328
vn 0.9537702798843384 -0.01433112472295761 0.300194650888443
vn 0.95376801490783696 -0.01433086581528186 0.30020198225975036
vn 0.99136447906494144 -0.0148957734927535 -0.13028652966022492
vn -0.99136447906494144 -0.01489767059683799 -0.13028649985790252
vn -0.99136441946029664 -0.0148976594209671 -0.1302868276834488
vn -0.9537702798843384 -0.01433271635323763 0.3001945912837982
vn 0.99136441946029664 -0.0148957809433341 -0.1302867978811264
vn 0.84374547004699712 -0.01267772633582353 -0.53659379482269288
vn -0.84374541044235232 -0.01267826277762651 -0.53659379482269288
vn -0.84375292062759392 -0.01267944648861885 -0.53658205270767208
vn 0.73781174421310432 -0.01108571887016296 0.67491555213928224
vn 0.73782247304916384 -0.01108634378761053 0.67490375041961672
vn -0.9537741541862488 -0.01433240063488483 0.30018228292465208
vn -0.73781174421310432 -0.01108712516725063 0.67491549253463744
vn 0.8437421321868896 -0.01267785485833883 -0.53659898042678832
vn -0.71366548538208008 -0.01072365883737802 -0.7004045844078064
vn 0.58179378509521488 -0.0087415287271142 0.81328934431076048
vn -0.58518034219741824 -0.008793530985713 0.81085550785064704
vn -0.5900665521621704 -0.01465543545782566 0.80722159147262576
vn -0.57705014944076536 0.00571332592517137 0.81668871641159056
vn -0.73781162500381472 -0.01108712796121835 0.67491561174392704
vn 0.1917831003665924 -0.03200292214751243 0.98091542720794672
vn 0.1917831152677536 -0.03200289607048034 0.98091542720794672
vn -0.31596878170967104 -0.05272583663463593 0.94730341434478752
vn -0.1917831003665924 -0.03200292214751243 0.98091542720794672
vn -0.18389992415905 -0.06313291192054749 0.98091542720794672
vn 0.71033322811126712 -0.12862767279148102 0.6920127272605896
vn -0.71033322811126712 -0.12862767279148102 0.6920127272605896
vn 0.72010314464569088 -7.628378061227739E-17 0.693867027759552
vn -0.72010314464569088 7.628378061227739E-17 0.693867027759552
vn 0.65697777271270752 -6.95966275472721E-17 0.753909945487976
vn -0.65697777271270752 6.95966275472721E-17 0.753909945487976
vn 0.06165369972586632 -0.0211657378822565 0.99787312746047968
vn -0.06165369972586632 -0.0211657378822565 0.99787312746047968
vn 0.5535869598388672 -5.864396876112686E-17 0.83279138803482048
vn -0.5535869598388672 5.864396876112686E-17 0.83279138803482048
vn 0.440738707780838 -4.66894420519472E-17 0.8976354598999024
vn -0.440738707780838 4.66894420519472E-17 0.8976354598999024
vn -0.32064834237098692 -0.02185713686048984 0.9469460844993592
vn 0.06429659575223923 -0.01072918809950351 0.99787312746047968
vn -0.1917831003665924 -0.03200289607048034 0.98091542720794672
vn -0.06429659575223923 -0.01072918809950351 0.99787312746047968
vn 0.32033777236938476 -3.3934829858359294E-17 0.94730341434478752
vn -0.32033777236938476 3.3934829858359294E-17 0.94730341434478752
vn 0.59770888090133664 0.00507851038128137 0.80169713497161872
vn 0.19443494081497192 -2.0597372970276726E-17 0.98091542720794672
vn -0.19443494081497192 2.0597372970276726E-17 0.98091542720794672
vn 0.06518563628196716 -6.9054092191207755E-18 0.99787312746047968
vn -0.06518563628196716 6.9054092191207755E-18 0.99787312746047968
vn -0.8437519073486328 -0.01267951633781194 -0.53658360242843624
vn -0.71366548538208008 -0.01072463765740394 -0.7004045844078064
vn -0.98636132478713984 0.16459453105926514 -3.885780586188048E-16
vn -0.98636132478713984 0.16459453105926514 -5.551115123125783E-17
vn -0.6938989162445068 -0.05601711198687553 -0.71789020299911496
vn 0.05732904374599457 0.03102495521306991 0.99787312746047968
vn 0.06165369972586632 0.0211657378822565 0.99787312746047968
vn 0.02618478238582611 0.05969526618719101 0.99787312746047968
vn 0.03565316274762153 0.054571233689785 0.99787312746047968
vn 0.04414902999997139 0.04795863479375839 0.99787312746047968
vn 0.05144063383340836 0.0400378406047821 0.99787312746047968
vn -0.05732904374599457 0.03102495521306991 0.99787312746047968
vn -0.04414902999997139 0.04795863479375839 0.99787312746047968
vn -0.03565316274762153 0.054571233689785 0.99787312746047968
vn -0.02618478238582611 0.05969526618719101 0.99787312746047968
vn -0.01600211486220359 0.06319098174571991 0.99787312746047968
vn -0.00538300117477774 0.06496299803256989 0.99787312746047968
vn 0.00538300117477774 0.06496299803256989 0.99787312746047968
vn 0.06429659575223923 0.01072918809950351 0.99787312746047968
vn -0.06429659575223923 0.01072918809950351 0.99787312746047968
vn -0.06165369972586632 0.0211657378822565 0.99787312746047968
vn -0.05144063383340836 0.0400378406047821 0.99787312746047968
vn 0.01600211486220359 0.06319098174571991 0.99787312746047968
vn -0.31271138787269592 0.0456172488629818 0.94875216484069824
vn 0.1917831003665924 0.03200289607048034 0.98091542720794672
vn -0.1917831003665924 0.03200292214751243 0.98091542720794672
vn -0.1917831152677536 0.03200289607048034 0.98091542720794672
vn 0.58204150199890136 -0.01415976136922836 0.81303578615188592
vn 0.31222450733184816 0.05076789855957031 0.9486508965492248
vn 0.1917831003665924 0.03200292214751243 0.98091542720794672
vn 0.31596878170967104 0.05272583663463593 0.94730341434478752
vn -0.31596878170967104 0.0527258925139904 0.94730341434478752
vn -0.3159688115119934 0.05272584035992622 0.94730335474014288
vn 0.3159688115119934 0.0527258962392807 0.94730335474014288
vn 0.43472760915756224 0.07254324108362198 0.8976354598999024
vn -0.43472760915756224 0.07254324853420258 0.8976354598999024
vn -0.43472760915756224 0.07254324108362198 0.8976354598999024
vn 0.18389992415905 0.06313291192054749 0.98091542720794672
vn -0.1838999092578888 0.06313297897577286 0.98091542720794672
vn -0.1838999390602112 0.06313291937112808 0.98091542720794672
vn -0.57520610094070432 -0.02628964371979236 0.81758594512939456
vn -0.30720606446266176 0.108102448284626 0.9454830884933472
vn 0.59392762184143064 -0.03750314190983772 0.80364388227462768
vn 0.54692745208740232 -0.07533479481935501 0.83378356695175168
vn 0.30714529752731324 0.10989602655172348 0.94529604911804192
vn 0.43472760915756224 0.07254324853420258 0.8976354598999024
vn 0.54603677988052368 0.0911174714565277 0.83279138803482048
vn -0.54603677988052368 0.0911174789071083 0.83279138803482048
vn -0.54603677988052368 0.0911174714565277 0.83279138803482048
vn 0.54603677988052368 0.0911174789071083 0.83279138803482048
vn 0.64801746606826784 0.10813505947589874 0.753909945487976
vn -0.64801746606826784 0.10813507437705994 0.753909945487976
vn -0.64801746606826784 0.10813505947589874 0.753909945487976
vn 0.1710004210472107 0.09254088252782822 0.98091542720794672
vn 0.1838999092578888 0.06313298642635345 0.98091542720794672
vn -0.17100037634372712 0.09254086017608642 0.98091542720794672
vn -0.17100046575069428 0.09254077076911926 0.98091542720794672
vn 0.71151375770568848 0.11873073875904084 0.69256854057312008
vn 0.64801746606826784 0.10813507437705994 0.753909945487976
vn -0.71033436059951784 0.12861858308315278 0.69201326370239256
vn -0.72020596265792848 0.12018121033906936 0.68327146768569944
vn 0.94581717252731328 0.32469961047172548 0
vn 0.7196500301361084 0.1252463012933731 0.6829474568367004
vn -0.87980550527572624 0.19997522234916688 0.43122172355651856
vn 0.87980550527572624 0.19997528195381164 0.43122172355651856
vn 0.87980550527572624 0.19997523725032808 0.43122178316116336
vn 0.30298098921775816 0.1040136069059372 0.94730335474014288
vn -0.30298101902008056 0.10401350259780884 0.94730335474014288
vn -0.3029809296131134 0.104013592004776 0.94730341434478752
vn 0.17100045084953308 0.09254075586795806 0.98091542720794672
vn 0.15343649685382844 0.11942438781261444 0.98091542720794672
vn -0.15343648195266724 0.11942440271377564 0.98091542720794672
vn -0.15343649685382844 0.11942439526319504 0.98091542720794672
vn -0.58306288719177248 -0.05147796124219894 0.81079447269439696
vn -0.56226694583892824 -0.07744839787483215 0.82332110404968256
vn -0.30422261357307436 0.17546778917312622 0.93630105257034304
vn -0.30452826619148256 0.2335166782140732 0.92343515157699584
vn -0.30812555551528932 0.2973768413066864 0.90367341041564944
vn -0.30812555551528932 0.29737672209739684 0.90367347002029424
vn -0.30481573939323424 0.28136503696441652 0.90990167856216432
vn -0.8798054456710816 0.19997529685497284 0.43122175335884096
vn 0.30509531497955324 0.25250375270843504 0.91823673248291008
vn 0.3037710189819336 0.1834784150123596 0.93491113185882576
vn 0.2965320646762848 0.28137573599815368 0.91263157129287712
vn 0.31718552112579344 0.34382954239845276 0.88384079933166496
vn 0.30985188484191896 0.30517220497131348 0.90047860145568848
vn 0.5818936824798584 -0.05296458676457405 0.81153833866119392
vn 0.13168719410896302 0.1430504322052002 0.98091542720794672
vn 0.15343648195266724 0.11942441016435624 0.98091542720794672
vn -0.13168719410896302 0.1430504322052002 0.98091542720794672
vn -0.1316872090101242 0.143050417304039 0.98091542720794672
vn 0.30298098921775816 0.10401349514722824 0.94730341434478752
vn 0.41685828566551208 0.14310760796070098 0.8976354598999024
vn -0.41685831546783448 0.14310751855373382 0.8976354598999024
vn -0.41685822606086728 0.1431075930595398 0.8976354598999024
vn 0.68957310914993288 -0.11206643283367156 -0.7154929041862488
vn 0.70205694437026976 -0.09670145809650422 -0.70552456378936768
vn 0.70205682516098024 -0.09670258313417434 -0.70552450418472288
vn 0.10634582489728928 0.16277439892292022 0.98091542720794672
vn 0.1316872090101242 0.143050417304039 0.98091542720794672
vn -0.1063457727432251 0.1627744436264038 0.98091542720794672
vn -0.10634583234786988 0.16277442872524262 0.98091542720794672
vn 0.28172868490219116 0.15246385335922242 0.94730341434478752
vn -0.2817286252975464 0.15246395766735076 0.94730341434478752
vn -0.28172874450683592 0.1524638831615448 0.94730335474014288
vn 0.73100382089614864 -0.10068980604410172 0.67490369081497192
vn -0.73099291324615472 -0.10068923234939576 0.67491561174392704
vn 0.83594477176666256 -0.11514320224523544 -0.53659892082214352
vn -0.83595412969589232 -0.11514696478843688 -0.53658354282379152
vn -0.706453800201416 -0.0973091796040535 -0.70103776454925536
vn 0.73100191354751584 -0.1006893441081047 0.67490577697753904
vn 0.94495356082916256 -0.13015937805175782 0.30020204186439516
vn -0.73099654912948608 -0.10069013386964798 0.67491149902343752
vn -0.94495677947998048 -0.13016179203987122 0.30019098520278932
vn -0.94495946168899536 -0.13016191124916076 0.30018246173858644
vn 0.98220252990722656 -0.1352904587984085 -0.1302868127822876
vn 0.98220252990722656 -0.1352904587984085 -0.1302868276834488
vn 0.83594697713851936 -0.11514493823051452 -0.53659510612487792
vn 0.83594554662704464 -0.11514466255903244 -0.53659737110137936
vn -0.98220235109329216 -0.13529188930988312 -0.13028697669506072
vn -0.83595657348632816 -0.11514749377965928 -0.53657960891723632
vn 0.94495701789855952 -0.13016018271446228 0.30019095540046692
vn -0.98220223188400272 -0.13529185950756072 -0.1302875578403473
vn -0.57723051309585568 -0.06521416455507278 0.81397300958633424
vn 0.07810365408658981 0.17805832624435424 0.98091542720794672
vn 0.1063457727432251 0.162774458527565 0.98091542720794672
vn -0.07810369879007339 0.17805831134319306 0.98091542720794672
vn -0.07810365408658981 0.17805831134319306 0.98091542720794672
vn -0.87947368621826176 0.47594746947288512 0
vn 0.57569360733032224 -0.07037372887134552 0.814631462097168
vn 0.41685825586318968 0.14310750365257264 0.8976354598999024
vn 0.52359217405319216 0.1797492504119873 0.83279138803482048
vn -0.52359211444854736 0.17974931001663208 0.83279138803482048
vn -0.52359217405319216 0.1797492653131485 0.83279132843017584
vn 0.0781036913394928 0.17805829644203186 0.98091542720794672
vn 0.04773091524839401 0.1884852945804596 0.98091542720794672
vn -0.04773088917136192 0.1884852945804596 0.98091542720794672
vn -0.04773091524839401 0.1884852945804596 0.98091542720794672
vn 0.04773089289665222 0.1884852945804596 0.98091542720794672
vn 0.0160563513636589 0.19377084076404572 0.98091542720794672
vn -0.01605640538036823 0.19377084076404572 0.98091542720794672
vn -0.01605634950101375 0.19377082586288452 0.98091542720794672
vn 0.01605640351772308 0.19377082586288452 0.98091542720794672
vn -0.57290083169937136 -0.08599720895290375 0.81510066986083984
vn 0.28172868490219116 0.15246397256851196 0.94730335474014288
vn 0.25279155373573304 0.1967555433511734 0.94730335474014288
vn -0.25279155373573304 0.1967555433511734 0.94730335474014288
vn 0.52359217405319216 0.17974932491779328 0.83279132843017584
vn 0.62138098478317264 0.213320255279541 0.753909945487976
vn -0.62138092517852784 0.2133203148841858 0.753909945487976
vn -0.62138098478317264 0.2133202701807022 0.75390988588333136
vn 0.38761806488037112 0.20976845920085908 0.8976354598999024
vn -0.38761803507804872 0.20976848900318144 0.8976354598999024
vn -0.38761806488037112 0.20976847410202028 0.8976354598999024
vn -0.57290101051330568 -0.08599606156349182 0.81510066986083984
vn 0.57458060979843136 -0.07914396375417709 0.81461238861083984
vn 0.57044923305511472 -0.08574676513671875 0.81684464216232304
vn 0.70274972915649416 0.23538653552532196 0.67136877775192264
vn 0.7011467814445496 0.24070395529270172 0.67115932703018192
vn 0.62138098478317264 0.2133203148841858 0.75390988588333136
vn -0.70274949073791504 0.23538726568222044 0.67136871814727784
vn -0.70274972915649416 0.23538653552532196 0.67136877775192264
vn -0.69999259710311888 0.24030771851539612 0.672504723072052
vn -0.5727964639663696 -0.07889852672815323 0.81589168310165408
vn -0.73100620508193968 -0.10069076716899872 0.67490094900131224
vn 0.73099601268768304 -0.10068895667791366 0.6749122142791748
vn 0.78914052248001104 0.61421269178390504 -5.551115123125783E-17
vn 0.21695891022682188 0.23568016290664672 0.94730335474014288
vn -0.21695891022682188 0.23568016290664672 0.94730335474014288
vn -0.86245256662368768 0.3454381227493286 0.36992979049682616
vn 0.86245256662368768 0.3454381227493286 0.36992979049682616
vn 0.54755651950836184 -0.14492103457450866 0.8241236209869384
vn 0.573602557182312 -0.12061502039432526 0.81020498275756832
vn 0.69980460405349728 0.23719047009944916 0.6738057732582092
vn -0.84173983335494992 0.35937386751174928 0.40289515256881712
vn -0.85238748788833616 0.38279449939727784 0.35623574256896972
vn 0.84173983335494992 0.35937386751174928 0.40289515256881712
vn 0.85238748788833616 0.38279449939727784 0.35623574256896972
vn -0.57339346408843992 -0.12089984118938446 0.8103105425834656
vn -0.54802858829498288 -0.1450471580028534 0.82378756999969488
vn -0.28473567962646484 0.38855910301208496 0.87632608413696288
vn 0.38761803507804872 0.20976850390434264 0.8976354598999024
vn 0.48686519265174864 0.26347839832305908 0.83279132843017584
vn -0.48686531186103824 0.2634781301021576 0.83279138803482048
vn -0.48686504364013672 0.26347830891609192 0.83279144763946528
vn -0.70645374059677128 -0.09730935841798782 -0.70103776454925536
vn -0.67466467618942264 -0.17856380343437194 -0.716200053691864
vn -0.68693369626998904 -0.16931399703025818 -0.7067212462425232
vn 0.17520807683467864 0.26817613840103148 0.94730335474014288
vn -0.17520804703235626 0.26817610859870912 0.94730341434478752
vn -0.17520816624164582 0.26817607879638672 0.94730335474014288
vn 0.34780475497245788 0.27070727944374084 0.8976354598999024
vn -0.34780475497245788 0.27070727944374084 0.8976354598999024
vn -0.56441938877105712 -0.13299739360809326 0.81470388174057008
vn -0.27564561367034912 0.45202022790908816 0.84834969043731696
vn -0.27619493007659912 0.50136744976043704 0.8199676871299744
vn -0.28746235370635988 0.53623807430267336 0.79360830783844
vn -0.28746259212493896 0.53623855113983152 0.79360789060592656
vn 0.29105588793754576 0.53617709875106808 0.79233866930007936
vn 0.27744129300117492 0.51112747192382816 0.81349557638168336
vn 0.27464181184768676 0.4583740830421448 0.84526038169860832
vn 0.56346154212951664 -0.13427545130252838 0.81515711545944208
vn -0.83595645427703856 -0.11514750123023986 -0.53657984733581544
vn -0.67728155851364136 0.73572391271591184 -5.551115123125783E-17
vn 0.17520815134048462 0.26817604899406432 0.94730341434478752
vn 0.1286783218383789 0.293356716632843 0.94730341434478752
vn -0.12867823243141174 0.2933567762374878 0.94730341434478752
vn -0.1286783367395401 0.2933567762374878 0.94730335474014288
vn -0.53458195924758912 -0.20001399517059328 0.8211069107055664
vn 0.70109510421752928 0.26231494545936584 0.66306602954864504
vn 0.53458195924758912 -0.20001399517059328 0.8211069107055664
vn -0.70109510421752928 0.26231494545936584 0.66306602954864504
vn 0.57779484987258912 0.31268671154975892 0.75390988588333136
vn 0.48686516284942624 0.2634780704975128 0.83279144763946528
vn -0.5777947306632996 0.3126869797706604 0.75390988588333136
vn -0.57779502868652344 0.31268680095672608 0.75390976667404176
vn 0.12867824733257294 0.2933568060398102 0.94730335474014288
vn 0.07863817363977432 0.31053557991981508 0.94730335474014288
vn -0.07863833755254745 0.31053552031517028 0.94730335474014288
vn -0.07863815128803253 0.31053549051284792 0.94730341434478752
vn 0.07863832265138626 0.31053546071052552 0.94730341434478752
vn 0.02645343542098999 0.31924358010292052 0.94730341434478752
vn -0.02645326219499111 0.31924360990524292 0.94730341434478752
vn -0.02645344100892544 0.31924366950988768 0.94730335474014288
vn -0.55538946390151976 -0.15172366797924042 0.81763219833374016
vn 0.02645326778292656 0.31924366950988768 0.94730341434478752
vn 0.29850420355796812 0.32426193356513976 0.8976354598999024
vn -0.29850423336029052 0.32426199316978456 0.8976354598999024
vn -0.29850414395332336 0.32426202297210692 0.8976354598999024
vn 0.55295008420944216 -0.15763954818248748 0.81816619634628288
vn 0.54694807529449464 0.83716654777526848 0
vn 0.43685781955718992 0.3400200605392456 0.83279144763946528
vn -0.4368577003479004 0.34002023935317992 0.83279144763946528
vn -0.43685793876647952 0.34002014994621276 0.83279132843017584
vn 0.71333664655685424 -0.18879783153533936 0.67491197586059568
vn -0.71334570646286008 -0.18880178034305572 0.67490130662918088
vn 0.81575226783752448 -0.21590322256088256 -0.5365948677062988
vn 0.68987917900085448 -0.18258869647979736 -0.700519859790802
vn -0.8157609105110168 -0.21590781211853028 -0.53657984733581544
vn 0.7133411169052124 -0.18879924714565276 0.67490690946578976
vn 0.92212831974029536 -0.244058758020401 0.30019098520278932
vn -0.71334517002105712 -0.1888016015291214 0.67490190267562864
vn -0.92212170362472528 -0.24405863881111144 0.30021145939826964
vn -0.92212808132171632 -0.244059681892395 0.30019098520278932
vn 0.95847421884536736 -0.25367832183837892 -0.13028635084629058
vn 0.95847254991531376 -0.25367826223373412 -0.13029839098453522
vn 0.81576037406921392 -0.21590672433376312 -0.53658109903335568
vn -0.95847368240356448 -0.25367960333824156 -0.13028770685195922
vn -0.81575989723205568 -0.215907484292984 -0.53658151626586912
vn 0.92212796211242672 -0.24405860900878908 0.30019235610961916
vn -0.95847237110137936 -0.25367891788482668 -0.13029840588569642
vn 0.658886194229126 0.3565712869167328 0.66236388683319088
vn 0.6588860750198364 0.35657143592834472 0.66236388683319088
vn 0.57779484987258912 0.31268703937530516 0.75390976667404176
vn -0.658886194229126 0.3565712869167328 0.66236388683319088
vn -0.6588860750198364 0.35657143592834472 0.66236388683319088
vn -0.54219037294387816 -0.18929588794708252 0.81865543127059936
vn -0.55544167757034304 -0.14700855314731598 0.81845772266387936
vn -0.54163110256195072 -0.18535274267196656 0.8199268579483032
vn 0.29850417375564576 0.32426205277442932 0.8976354598999024
vn 0.2410612255334854 0.36897167563438416 0.8976354598999024
vn -0.2410612553358078 0.36897164583206176 0.8976354598999024
vn -0.2410612106323242 0.36897164583206176 0.8976354598999024
vn 0.5411513447761536 -0.20106232166290284 0.81653487682342528
vn 0.53203547000885008 -0.21286751329898836 0.8195277452468872
vn 0.55608302354812624 -0.14717856049537658 0.81799149513244624
vn 0.66030395030975344 -0.22044189274311064 -0.71791648864746096
vn 0.68987894058227536 -0.18258978426456452 -0.700519859790802
vn -0.40169546008110048 0.915773332118988 -2.7755575615628914E-17
vn -0.51251488924026488 -0.27735912799835204 0.81265020370483392
vn 0.51251488924026488 -0.27735912799835204 0.81265020370483392
vn 0.51844781637191776 0.40352442860603336 0.75390976667404176
vn 0.43685778975486752 0.34002032876014708 0.83279138803482048
vn -0.51844793558120728 0.40352421998977664 0.75390976667404176
vn -0.51844763755798336 0.40352433919906616 0.75390988588333136
vn 0.81576013565063472 -0.21590667963027956 -0.53658151626586912
vn 0.24548566341400148 0.96940022706985472 -5.551115123125783E-17
vn 0.2410612404346466 0.36897164583206176 0.8976354598999024
vn 0.17704273760318756 0.403616726398468 0.8976354598999024
vn -0.17704273760318756 0.403616726398468 0.8976354598999024
vn 0.37493422627449032 0.40728724002838136 0.83279132843017584
vn -0.37493434548377992 0.40728709101676944 0.83279138803482048
vn -0.3749341368675232 0.40728715062141416 0.83279144763946528
vn -0.5344219207763672 -0.21382302045822144 0.81772422790527344
vn -0.50029373168945312 -0.27490496635437012 0.82105630636215216
vn -0.51298993825912472 -0.25614252686500548 0.81928771734237664
vn 0.51298993825912472 -0.25614264607429504 0.819287657737732
vn 0.50029391050338744 -0.27490487694740296 0.82105624675750736
vn -0.08257950097322464 0.99658447504043584 -5.551115123125783E-17
vn 0.10819502919912338 0.42725217342376712 0.8976354598999024
vn -0.10819482058286666 0.42725223302841184 0.8976354598999024
vn -0.10819505900144578 0.42725229263305664 0.8976354002952576
vn -0.50427842140197752 -0.27290216088294984 0.81928485631942752
vn 0.65888601541519168 0.3565717041492462 0.66236382722854616
vn 0.5047007203102112 -0.27313068509101868 0.81894862651824944
vn 0.50256294012069704 -0.27615121006965636 0.81925028562545776
vn -0.65888601541519168 0.3565717041492462 0.66236382722854616
vn 0.10819484293460846 0.42725232243537904 0.8976354002952576
vn 0.03639589622616768 0.43923345208168032 0.8976354002952576
vn -0.03639592602849006 0.43923345208168032 0.8976354002952576
vn -0.03639589622616768 0.43923342227935792 0.8976354002952576
vn 0.03639592602849006 0.43923342227935792 0.8976354002952576
vn 0.59121042490005496 0.46015697717666624 0.66236382722854616
vn 0.59121006727218624 0.46015721559524536 0.66236394643783568
vn 0.51844781637191776 0.40352410078048704 0.75390988588333136
vn -0.59121042490005496 0.46015697717666624 0.66236382722854616
vn -0.59121006727218624 0.46015721559524536 0.66236394643783568
vn 0.37493428587913512 0.40728703141212464 0.83279144763946528
vn 0.30278337001800536 0.46344435214996336 0.83279144763946528
vn -0.30278337001800536 0.46344435214996336 0.83279144763946528
vn -0.65760040283203128 -0.26310843229293824 -0.70592892169952392
vn -0.65760082006454464 -0.26310727000236512 -0.70592898130416872
vn -0.6429811120033264 -0.27394872903823852 -0.71521145105361936
vn 0.44495907425880432 0.48335421085357664 0.75390988588333136
vn -0.44495901465415952 0.48335427045822144 0.75390988588333136
vn -0.44495913386344912 0.48335424065589904 0.75390982627868656
vn -0.713347852230072 -0.18880152702331544 0.67489910125732424
vn 0.71333831548690792 -0.18879933655261992 0.67490983009338376
vn -0.50284504890441896 -0.27630701661109924 0.81902462244033808
vn -0.45464962720870968 -0.35386759042739868 0.81735634803771968
vn 0.4522182047367096 -0.35197514295578004 0.81951946020126336
vn 0.46629858016967776 -0.33593466877937316 0.81836026906967168
vn 0.68509960174560544 -0.27410852909088136 0.67490965127944944
vn -0.68510776758193968 -0.27411249279975892 0.67489975690841672
vn -0.68510437011718752 -0.2741113007068634 0.67490369081497192
vn 0.2223733514547348 0.50696009397506712 0.83279144763946528
vn -0.22237320244312288 0.50696015357971192 0.83279144763946528
vn -0.2223733812570572 0.50696015357971192 0.83279138803482048
vn 0.78346627950668336 -0.31346517801284792 -0.53658187389373776
vn 0.66224843263626096 -0.26496586203575136 -0.70087093114852904
vn -0.78346538543701168 -0.31346753239631652 -0.53658181428909304
vn 0.88562345504760736 -0.35433849692344664 0.30019214749336244
vn 0.68510460853576664 -0.27411076426506044 0.67490369081497192
vn -0.88561779260635376 -0.3543371558189392 0.30021044611930848
vn -0.88562077283859248 -0.35433802008628844 0.30020055174827576
vn 0.78346151113510128 -0.31346279382705688 -0.53659027814865112
vn 0.92053145170211792 -0.3683044612407684 -0.13028325140476226
vn 0.92052948474884032 -0.36830413341522216 -0.13029773533344268
vn -0.78346538543701168 -0.31346553564071656 -0.53658300638198856
vn -0.92052918672561648 -0.36830493807792664 -0.13029773533344268
vn 0.88562107086181648 -0.35433727502822876 0.30020052194595336
vn -0.920530378818512 -0.36830571293830872 -0.13028723001480102
vn -0.78345930576324464 -0.3134634792804718 -0.53659313917160032
vn 0.22237324714660644 0.50696021318435672 0.83279138803482048
vn 0.13589741289615632 0.53664737939834592 0.83279138803482048
vn -0.13589736819267272 0.5366472601890564 0.83279150724411008
vn -0.1358976662158966 0.5366473197937012 0.83279138803482048
vn 0.59120994806289672 0.4601575434207916 0.66236382722854616
vn 0.50740730762481688 0.55119144916534424 0.66236382722854616
vn 0.50740742683410648 0.55119138956069944 0.66236376762390136
vn 0.44495904445648192 0.48335433006286624 0.75390982627868656
vn -0.50740730762481688 0.55119144916534424 0.66236382722854616
vn -0.59120994806289672 0.4601575434207916 0.66236382722854616
vn -0.50740742683410648 0.55119138956069944 0.66236376762390136
vn 0.3593328893184662 0.54999983310699464 0.75390982627868656
vn -0.3593328595161438 0.54999989271163944 0.75390982627868656
vn -0.35933291912078856 0.54999989271163944 0.75390982627868656
vn -0.46511486172676088 -0.33508262038230896 0.8193825483322144
vn -0.45221787691116336 -0.35197558999061584 0.81951946020126336
vn 0.45146992802619936 -0.351393461227417 0.82018136978149408
vn 0.46511548757553104 -0.33508175611495972 0.8193825483322144
vn 0.13589763641357422 0.5366472005844116 0.83279144763946528
vn 0.0457148402929306 0.55169600248336792 0.83279144763946528
vn -0.04571466892957687 0.55169606208801272 0.83279144763946528
vn -0.0457148514688015 0.55169612169265744 0.83279138803482048
vn 0.6269938945770264 -0.32907193899154664 -0.70610928535461424
vn 0.61104309558868408 -0.33576005697250368 -0.71686226129531864
vn 0.6622489094734192 -0.26496481895446776 -0.70087093114852904
vn 0.04571467638015747 0.55169612169265744 0.83279138803482048
vn 0.3593328595161438 0.54999989271163944 0.75390982627868656
vn 0.2639048993587494 0.6016429662704468 0.75390976667404176
vn -0.263904869556427 0.6016428470611572 0.75390988588333136
vn -0.26390507817268372 0.6016428470611572 0.75390982627868656
vn -0.4637866914272308 -0.33412426710128784 0.82052594423294064
vn -0.42239302396774288 -0.39048221707344056 0.81799006462097168
vn -0.3874202072620392 -0.42085066437721256 0.82023793458938592
vn 0.38742026686668392 -0.42085072398185728 0.82023787498474128
vn 0.42239320278167728 -0.39048209786415104 0.81799006462097168
vn 0.78346699476242064 -0.3134639859199524 -0.53658157587051392
vn 0.5074076056480408 0.5511911511421204 0.66236382722854616
vn 0.4097638428211212 0.62719035148620608 0.66236382722854616
vn 0.409763902425766 0.62719035148620608 0.66236382722854616
vn -0.4097638428211212 0.62719035148620608 0.66236382722854616
vn -0.5074076056480408 0.5511911511421204 0.66236382722854616
vn -0.409763902425766 0.62719035148620608 0.66236382722854616
vn 0.26390504837036132 0.60164272785186768 0.75390988588333136
vn 0.161278635263443 0.63687443733215336 0.75390988588333136
vn -0.16127845644950866 0.63687449693679808 0.75390988588333136
vn -0.16127867996692658 0.63687455654144288 0.75390976667404176
vn -0.370492160320282 -0.43739101290702816 0.81940507888793952
vn -0.38807854056358336 -0.42156535387039184 0.81955945491790768
vn 0.3904592394828796 -0.42415148019790648 0.81709063053131104
vn 0.37049230933189392 -0.43739095330238344 0.81940501928329472
vn 0.37049290537834168 -0.43739041686058048 0.81940501928329472
vn -0.62531983852386472 -0.34360444545745848 -0.70065045356750488
vn -0.62531942129135128 -0.34360525012016296 -0.70065045356750488
vn -0.5883517861366272 -0.3720508813858032 -0.71792781352996824
vn 0.64670473337173464 -0.35535570979118348 0.67490392923355104
vn -0.64670467376708984 -0.3553558886051178 0.67490392923355104
vn 0.73955327272415168 -0.40637466311454776 -0.536582350730896
vn 0.73955237865448 -0.40637421607971192 -0.53658396005630496
vn -0.73954802751541136 -0.40637123584747312 -0.53659218549728392
vn 0.6467024087905884 -0.355353981256485 0.67490708827972416
vn 0.83598273992538448 -0.45936089754104616 0.30020064115524292
vn -0.8359822034835816 -0.45936188101768496 0.30020061135292052
vn -0.8359860181808472 -0.45936352014541624 0.30018749833106996
vn -0.64670449495315552 -0.35535573959350584 0.67490410804748536
vn 0.86893635988235472 -0.4774682819843292 -0.13028301298618316
vn 0.86893379688262944 -0.47746753692626952 -0.1303025335073471
vn -0.73955368995666496 -0.40637561678886416 -0.53658097982406616
vn -0.8689351081848144 -0.47746911644935608 -0.13028813898563386
vn 0.83598166704177856 -0.45936015248298648 0.30020475387573244
vn -0.8689350485801696 -0.47746902704238888 -0.1302889883518219
vn 0.16127848625183106 0.63687461614608768 0.75390982627868656
vn 0.05425260961055756 0.65473407506942752 0.75390976667404176
vn -0.05425260215997696 0.65473395586013792 0.75390988588333136
vn -0.0542527548968792 0.65473401546478272 0.75390982627868656
vn 0.0542527474462986 0.65473395586013792 0.75390988588333136
vn 0.4097639620304108 0.62719029188156128 0.66236382722854616
vn 0.30094295740127564 0.68608123064041136 0.66236382722854616
vn 0.30094319581985472 0.68608123064041136 0.66236370801925656
vn -0.30094295740127564 0.68608123064041136 0.66236382722854616
vn -0.4097639620304108 0.62719029188156128 0.66236382722854616
vn -0.30094319581985472 0.68608123064041136 0.66236370801925656
vn -0.37151542305946352 -0.43859925866127016 0.81829518079757696
vn -0.31374192237854004 -0.4802178144454956 0.81911957263946528
vn 0.3136538565158844 -0.4800830781459808 0.81923228502273552
vn 0.31478509306907652 -0.47949776053428648 0.81914114952087408
vn -0.64670193195343016 -0.35535454750061036 0.67490720748901368
vn 0.64670467376708984 -0.35535505414009096 0.67490434646606448
vn -0.7395541667938232 -0.40637582540512088 -0.53658020496368408
vn 0.30094367265701292 0.68608093261718752 0.66236382722854616
vn 0.1839134246110916 0.72625750303268432 0.66236388683319088
vn 0.18391329050064088 0.72625750303268432 0.66236394643783568
vn -0.30094367265701292 0.68608093261718752 0.66236382722854616
vn -0.1839134246110916 0.72625750303268432 0.66236388683319088
vn -0.18391329050064088 0.72625750303268432 0.66236394643783568
vn -0.31058403849601744 -0.47538417577743528 0.82313269376754768
vn -0.31472253799438476 -0.47940331697463992 0.81922048330307008
vn -0.37627446651458744 -0.43835750222206112 0.81624764204025264
vn 0.31058403849601744 -0.47538417577743528 0.82313269376754768
vn 0.37627446651458744 -0.43835750222206112 0.81624764204025264
vn 0.55897986888885496 -0.4200459718704224 -0.71491461992263792
vn 0.57434147596359256 -0.41377127170562744 -0.7063463926315308
vn 0.57434207201004032 -0.41377040743827816 -0.7063463926315308
vn 0.1839129477739334 0.72625762224197392 0.66236388683319088
vn 0.07830525189638138 0.74455422163009648 0.66295343637466432
vn 0.06120207533240318 0.73859995603561408 0.67136013507843016
vn -0.1839129477739334 0.72625762224197392 0.66236388683319088
vn -0.06192847713828087 0.74661612510681152 0.66236639022827152
vn -0.06186352297663689 0.74658244848251344 0.66241043806076048
vn -0.28293696045875548 -0.49960780143737792 0.81874215602874752
vn -0.23021760582923888 -0.52484363317489624 0.81947487592697136
vn 0.22754867374897004 -0.5187590718269348 0.82408171892166144
vn 0.22440314292907716 -0.51768833398818968 0.82561612129211424
vn 0.2725549340248108 -0.50844287872314456 0.81682288646698
vn 0.01654126867651939 0.74795413017272944 0.663544237613678
vn -0.01640539057552814 0.7479557991027832 0.66354572772979736
vn -0.24215468764305116 -0.50892627239227296 0.8260478973388672
vn -0.22620233893394472 -0.51568824052810672 0.82637649774551392
vn 0.22391927242279052 -0.5202849507331848 0.82411390542984016
vn 0.22820210456848144 -0.520247220993042 0.82296210527420048
vn 0.59871399402618408 -0.43133044242858888 0.67490416765213016
vn -0.59871095418930056 -0.43132925033569336 0.67490756511688232
vn 0.68467253446578976 -0.4932551980018616 -0.53658443689346312
vn -0.68467342853546144 -0.4932589530944824 -0.53657984733581544
vn -0.57886117696762088 -0.41702869534492496 -0.70071876049041752
vn 0.68467438220977784 -0.4932580590248108 -0.536579430103302
vn 0.68467181921005248 -0.49325641989707944 -0.536584198474884
vn 0.7739452719688416 -0.5575716495513916 0.30020424723625184
vn 0.59871089458465576 -0.43132796883583072 0.67490845918655392
vn -0.59870845079422 -0.43132722377777096 0.67491108179092408
vn -0.77394729852676384 -0.55757445096969608 0.30019381642341612
vn -0.773948848247528 -0.55757534503936768 0.30018824338912964
vn 0.8044530749320984 -0.5795501470565796 -0.13029509782791138
vn 0.80445235967636112 -0.57954984903335568 -0.1303010731935501
vn -0.804453194141388 -0.5795511603355408 -0.13029000163078308
vn -0.68466895818710328 -0.4932551383972168 -0.5365890264511108
vn 0.7739452719688416 -0.5575717091560364 0.30020403861999512
vn -0.80445432662963872 -0.57955235242843624 -0.13027781248092652
vn -0.13501876592636108 -0.5331769585609436 0.83516001701354976
vn -0.24446623027324676 -0.49684053659439088 0.832697868347168
vn -0.18371619284152984 -0.5502484440803528 0.81453979015350336
vn 0.16305288672447204 -0.55530786514282224 0.81550413370132448
vn 0.10700160264968872 -0.4857787489891052 0.86750775575637824
vn 0.13589562475681304 -0.5366395711898804 0.8327966928482056
vn -0.57886105775833128 -0.41702887415885928 -0.70071876049041752
vn -0.52324914932250976 -0.46355858445167544 -0.71506905555725096
vn -0.12981002032756806 -0.54405814409255984 0.82894515991210944
vn -0.13732671737670898 -0.54229229688644408 0.82889109849929808
vn 0.1358952820301056 -0.53663963079452512 0.8327966928482056
vn -0.12786667048931122 -0.56001043319702152 0.81855875253677376
vn -0.06004766374826431 -0.57095456123352048 0.81878274679183952
vn 0.04495681822299957 -0.42746543884277344 0.90291315317153936
vn 0.06348910927772522 -0.51686954498291016 0.85370665788650512
vn 0.095028817653656 -0.61112320423126224 0.78581035137176512
vn -0.06936875730752945 -0.38179585337638856 0.92163980007171632
vn -0.00844887737184763 -0.38203674554824832 0.92410850524902336
vn 0.00844923220574855 -0.38203674554824832 0.92410850524902336
vn 0.0462605357170105 -0.38000956177711488 0.92382502555847168
vn 0.0440303236246109 -0.38206872344017032 0.92308437824249264
vn 0.06986839324235916 -0.37877607345581056 0.92284727096557616
vn 0.06656485050916672 -0.38004800677299496 0.9225685000419616
vn 0.11479402333498002 -0.37847295403480528 0.91846638917922976
vn -0.14652597904205322 -0.37445309758186344 0.91559541225433344
vn -0.06643073260784149 -0.37446776032447816 0.92485719919204704
vn 0.00868819560855627 -0.39611288905143736 0.9181607365608216
vn -0.01869274675846099 -0.37341004610061648 0.92747807502746576
vn 0.01888400688767433 -0.37341061234474184 0.92747396230697632
vn 0.11552690714597702 -0.36673358082771304 0.92312514781951904
vn 0.11020924150943756 -0.36951372027397152 0.92266654968261712
vn -0.14060759544372558 -0.36940759420394896 0.91856819391250608
vn -0.14770933985710144 -0.35928761959075928 0.92146319150924688
vn 0.1883404552936554 -0.34841415286064148 0.91822409629821776
vn 0.17903129756450654 -0.36676657199859616 0.91292393207550048
vn -0.20990240573883056 -0.3593043088912964 0.90930819511413568
vn 0.25020265579223632 -0.348339706659317 0.90335935354232784
vn -0.26860907673835756 -0.34290596842765808 0.90014702081680304
vn -0.2033856362104416 -0.34301230311393736 0.91704791784286496
vn -0.27200451493263244 -0.31524017453193664 0.90919589996337888
vn -0.25986096262931824 -0.34053397178649904 0.90360879898071296
vn 0.25020229816436768 -0.34833934903144836 0.90335959196090704
vn 0.42847394943237304 -0.03989728912711143 0.90267282724380496
vn 0.28421056270599364 -0.32542502880096436 0.90184420347213744
vn 0.36556899547576904 -0.19346953928470612 0.91045528650283808
vn 0.30273407697677612 -0.33873760700225832 0.89084726572036736
vn 0.27856665849685668 -0.47958776354789736 0.83210349082946784
vn 0.243959903717041 -0.32526618242263792 0.91361123323440544
vn -0.28625172376632692 -0.4840408563613892 0.8269004821777344
vn -0.31145441532135008 -0.34387946128845216 0.88585722446441648
vn -0.40459030866622928 -0.21560953557491304 0.88871771097183232
vn -0.32068532705307008 -0.31524002552032472 0.89318794012069696
vn -0.31245940923690796 -0.48296195268630984 0.81799566745758064
vn -0.29772859811782836 -0.4906277656555176 0.81892740726470944
vn 0.31245940923690796 -0.48296195268630984 0.81799566745758064
vn 0.29772859811782836 -0.4906277656555176 0.81892740726470944
vn -0.43270060420036312 -0.4130898416042328 0.80132824182510368
vn 0.43270060420036312 -0.4130898416042328 0.80132824182510368
vn -0.54700171947479248 -0.29674443602561952 0.78277194499969488
vn 0.54700171947479248 -0.29674443602561952 0.78277194499969488
vn -0.07451985031366348 0.04405591264367103 0.99624586105346672
vn -0.01875888183712959 0.04409470036625862 0.99885123968124384
vn -0.01043406035751104 0.05131382867693901 0.9986280798912048
vn 0.01070087496191263 0.04408894851803779 0.99897027015686032
vn 0.04963404685258865 0.04582503437995911 0.9977156519889832
vn 0.04792419075965881 0.04409156739711761 0.99787735939025872
vn 0.07492203265428543 0.04582968354225159 0.99613571166992192
vn 0.07237714529037476 0.04689806327223778 0.9962741136550904
vn 0.12316066026687622 0.04685678705573082 0.99127990007400512
vn -0.15201842784881592 0.05023061484098434 0.98710042238235472
vn -0.15700528025627136 0.06298930197954178 0.98558700084686272
vn -0.07201269268989563 0.05022177472710609 0.99613851308822624
vn 0.01882988400757312 0.05130775645375252 0.99850535392761232
vn 0.11916271597146988 0.05676268041133881 0.99125087261199952
vn 0.19921799004077912 0.05676412209868431 0.97830975055694576
vn -0.2233934849500656 0.07653302699327469 0.97171914577484128
vn -0.21699878573417664 0.06300893425941467 0.97413623332977296
vn -0.41047677397727968 -0.44092354178428648 0.79818248748779296
vn -0.4088831841945648 -0.44208496809005736 0.79835796356201168
vn -0.69092136621475216 -0.1930261254310608 0.69668394327163696
vn -0.3109246790409088 0.02110566757619381 0.95020020008087152
vn 0.69091844558715824 -0.1930295079946518 0.69668596982955936
vn 0.4088831841945648 -0.44208496809005736 0.79835796356201168
vn 0.41047677397727968 -0.44092354178428648 0.79818248748779296
vn 0.19329321384429932 0.07204192876815796 0.978492558002472
vn 0.26508408784866332 0.07204537838697433 0.96152997016906736
vn -0.28384420275688172 0.09933678805828094 0.95371097326278688
vn -0.27691832184791564 0.0765141174197197 0.95784229040145872
vn 0.30774515867233276 0.02270053513348102 0.95119798183441168
vn 0.28946948051452636 0.0911245122551918 0.95283985137939456
vn 0.38774397969245912 0.28586170077323912 0.87632054090499872
vn 0.30774521827697752 0.02270110882818699 0.95119798183441168
vn 0.25802141427993776 0.09107431024312974 0.96183699369430544
vn -0.37411585450172424 0.09915076941251754 0.92206639051437376
vn -0.31092476844787596 0.02109991572797298 0.95020025968551632
vn -0.31092458963394164 0.02109847031533718 0.95020037889480592
vn -0.63648319244384768 -0.2554360330104828 0.72776478528976448
vn -0.6963365077972412 -0.19656336307525636 0.69027405977249144
vn 0.69985771179199216 -0.19886241853237152 0.68604147434234616
vn 0.63647997379302976 -0.25543901324272156 0.72776651382446288
vn 0.63648319244384768 -0.25543606281280516 0.72776478528976448
vn -0.68466460704803464 -0.49325296282768248 -0.53659653663635256
vn 0.48222047090530392 -0.50204473733901976 -0.71792376041412352
vn 0.52382224798202512 -0.48424825072288512 -0.70079517364501952
vn 0.5238220691680908 -0.48424845933914184 -0.70079517364501952
vn -0.63715624809265136 -0.25897425413131712 0.7259230017662048
vn -0.69985705614089968 -0.19886310398578644 0.6860420107841492
vn 0.69985705614089968 -0.19886310398578644 0.6860420107841492
vn -0.59871560335159304 -0.4313306212425232 0.6749025583267212
vn 0.59871292114257816 -0.43132895231246952 0.67490607500076296
vn -0.82354599237442016 -0.03863242641091346 0.5659324526786804
vn -0.86093837022781376 -0.00018101136083714664 0.50870925188064576
vn -0.64028763771057128 -0.27603012323379516 0.71682572364807128
vn -0.82354736328124992 -0.0386306457221508 0.5659305453300476
vn -0.26169225573539732 0.33201596140861512 0.90624642372131344
vn 0.82354599237442016 -0.03863242641091346 0.5659324526786804
vn 0.86093777418136592 -0.0001816402218537405 0.50871020555496216
vn 0.82354736328124992 -0.0386306457221508 0.5659305453300476
vn 0.64028763771057128 -0.27603012323379516 0.71682572364807128
vn -0.06597160547971725 0.46170943975448608 0.88457453250885008
vn -0.01581904105842113 0.46202203631401064 0.88672733306884768
vn -0.00990856904536485 0.4666012227535248 0.88441228866577152
vn 0.01013066619634628 0.46198397874832152 0.88683038949966432
vn 0.04389963299036026 0.46309760212898256 0.88521939516067504
vn 0.0427161306142807 0.4619992673397064 0.88585102558135984
vn 0.06627286970615387 0.46313631534576416 0.88380581140518192
vn 0.06444013118743896 0.46381562948226928 0.88358503580093376
vn 0.10895144194364548 0.46349892020225528 0.87937384843826288
vn -0.1351994276046753 0.4656866788864136 0.87456107139587408
vn -0.1381332278251648 0.47377875447273256 0.86974298954010016
vn -0.06404619663953781 0.46563443541526792 0.88265657424926752
vn 0.0158903207629919 0.46656686067581176 0.8843432068824768
vn 0.10573086887598038 0.46979558467864992 0.87642061710357664
vn 0.17572730779647828 0.46980580687522888 0.8651025295257568
vn -0.19574035704135896 0.48241758346557616 0.8537909388542176
vn -0.19210925698280336 0.47389289736747744 0.85937160253524784
vn 0.1705855280160904 0.4794690012931824 0.86081939935684208
vn 0.23276738822460176 0.47948580980300904 0.84611624479293824
vn -0.24701336026191712 0.49663478136062624 0.83206868171691888
vn -0.24401313066482544 0.48232066631317136 0.84132301807403568
vn 0.2583458721637726 0.49163851141929624 0.83159422874450688
vn 0.30353015661239624 0.56827360391616824 0.76481014490127568
vn 0.27702778577804564 0.32682216167449952 0.9035723209381104
vn 0.27702835202217104 0.326831191778183 0.90356886386871344
vn 0.22623044252395628 0.49144607782363888 0.84101158380508416
vn -0.26169180870056152 0.33202090859413148 0.90624475479125984
vn -0.26168861985206604 0.33201220631599428 0.90624886751174928
vn -0.3663358390331268 0.49421578645706176 0.78838366270065312
vn -0.860938549041748 -0.00018076930427923799 0.50870895385742184
vn 0.93421733379364016 0.1435685157775879 0.32653647661209108
vn 0.86002182960510256 0.00074415240669623 0.51025670766830448
vn -0.860020399093628 0.00074158952338621 0.51025915145874024
vn -0.9264186024665832 0.16450336575508118 0.33865508437156676
vn 0.860020399093628 0.00074158952338621 0.51025915145874024
vn 0.54184240102767944 -0.50090706348419192 0.67490661144256592
vn -0.54184478521347048 -0.50090992450714112 0.6749025583267212
vn -0.54184764623641968 -0.50091236829757688 0.67489844560623168
vn 0.61963880062103272 -0.57282644510269168 -0.53657954931259152
vn -0.61963129043579104 -0.57281899452209472 -0.53659617900848392
vn -0.51994472742080688 -0.48066365718841552 -0.7061302661895752
vn 0.54183685779571536 -0.50090152025222776 0.6749151349067688
vn 0.70043116807937624 -0.64751410484313968 0.30020266771316528
vn -0.70043247938156128 -0.64751631021499632 0.30019485950469972
vn -0.70042961835861208 -0.64751410484313968 0.3002062141895294
vn -0.92661917209625248 0.20211470127105712 0.31705915927886964
vn -0.23355270922183992 0.58195060491561888 0.77896511554718016
vn 0.92661917209625248 0.20211470127105712 0.31705915927886964
vn 0.72804051637649536 -0.67303806543350216 -0.13029472529888154
vn 0.728040874004364 -0.67303824424743656 -0.13029186427593232
vn 0.61963719129562376 -0.57282435894012448 -0.53658366203308104
vn -0.61963933706283568 -0.57282733917236328 -0.53657799959182736
vn -0.72804152965545648 -0.67304003238677976 -0.1302790641784668
vn 0.70043325424194336 -0.64751648902893064 0.30019280314445496
vn -0.72804057598114016 -0.6730386018753052 -0.13029186427593232
vn -0.04525742679834366 0.79320085048675536 0.60727602243423464
vn -0.01038993429392576 0.79345005750656128 0.6085466742515564
vn -0.00690696807578206 0.7953402400016784 0.60612386465072632
vn 0.00704932166263461 0.79342323541641232 0.60862946510314944
vn 0.03009715490043163 0.79388886690139776 0.60731756687164304
vn 0.0294110607355833 0.7934339046478272 0.60794544219970704
vn 0.04542981460690498 0.79392039775848384 0.60632210969924928
vn 0.04434411600232124 0.794199287891388 0.60603713989257816
vn 0.07470802962779999 0.79394447803497312 0.6033828854560852
vn -0.0929780751466751 0.79486089944839472 0.5996258854866028
vn -0.09441051632165908 0.79820525646209712 0.59494119882583616
vn -0.0440489575266838 0.794826865196228 0.60523539781570432
vn 0.01044288370758295 0.7953171730041504 0.60610359907150272
vn 0.0726165845990181 0.79655069112777712 0.60019481182098392
vn 0.12028982490301132 0.79655587673187248 0.59247708320617672
vn -0.13345251977443696 0.80180013179779056 0.58250063657760624
vn -0.13175013661384582 0.79829186201095584 0.58768361806869504
vn 0.11678729206323624 0.80054265260696416 0.58778584003448488
vn 0.1589033454656601 0.80055129528045648 0.57781255245208744
vn -0.16773499548435212 0.80758905410766608 0.56538921594619752
vn -0.16689346730709076 0.80171942710876464 0.5739272236824036
vn 0.19691123068332672 0.80534750223159792 0.55914342403411864
vn 0.1967027932405472 0.78758448362350464 0.58396810293197632
vn 0.24208180606365204 0.58044207096099856 0.7774853110313416
vn 0.15428473055362702 0.80546599626541136 0.57220691442489624
vn -0.92661917209625248 0.20211432874202728 0.31705939769744872
vn -0.23355670273303984 0.58193194866180416 0.77897781133651728
vn 0.93081957101821904 0.19560922682285308 0.30872628092765808
vn 0.92601913213729856 0.16552945971488952 0.33924707770347596
vn -0.25242036581039428 0.8055925369262696 0.53600800037384032
vn -0.22467988729476928 0.78595370054244992 0.57601708173751832
vn -0.31119567155838012 -0.48386886715888976 0.81794142723083504
vn -0.29207044839859008 -0.49375525116920472 0.81908524036407472
vn -0.40814197063446048 -0.43587267398834232 0.80214411020278928
vn 0.31119567155838012 -0.48386886715888976 0.81794142723083504
vn 0.40814197063446048 -0.43587267398834232 0.80214411020278928
vn 0.29207044839859008 -0.49375525116920472 0.81908524036407472
vn -0.92380023002624512 0.37434810400009152 0.08035341650247574
vn -0.92647975683212288 0.16434355080127716 0.33856528997421264
vn -0.92648011445999152 0.16434577107429504 0.33856320381164552
vn 0.92424899339675904 0.37342050671577456 0.07950401306152344
vn 0.92497998476028448 0.37010389566421512 0.08622726798057556
vn 0.92648011445999152 0.16434577107429504 0.33856320381164552
vn -0.27428290247917176 -0.5097171068191528 0.8154491782188416
vn -0.29373472929000856 -0.50946784019470216 0.8088030815124512
vn 0.27428290247917176 -0.5097171068191528 0.8154491782188416
vn 0.29373472929000856 -0.50946784019470216 0.8088030815124512
vn -0.41507020592689512 -0.50262337923049928 0.75834453105926512
vn 0.41507020592689512 -0.50262337923049928 0.75834453105926512
vn -0.5199313163757324 -0.48067733645439144 -0.70613080263137816
vn -0.4476366341114044 -0.54825496673583984 -0.70642614364624024
vn -0.92424958944320672 0.37341845035552976 0.07950705289840698
vn -0.9253821969032288 0.36923813819885256 0.08562114834785461
vn -0.33818545937538148 0.7721315026283264 0.53799951076507568
vn 0.2169490158557892 0.78646707534790032 0.57827556133270264
vn 0.92481368780136112 0.3722466826438904 0.07843470573425293
vn 0.92538136243820192 0.3692413866519928 0.08561638742685318
vn -0.41506940126419064 -0.5026235580444336 0.75834488868713376
vn 0.41506940126419064 -0.5026235580444336 0.75834488868713376
vn -0.65756529569625856 -0.43064576387405392 0.61818456649780272
vn 0.42830321192741392 -0.49996575713157656 0.75272214412689216
vn 0.6584075093269348 -0.46805289387702944 0.58942854404449464
vn -0.65840572118759152 -0.4680534601211548 0.5894301533699036
vn -0.42572933435440064 -0.51272499561309816 0.74556529521942144
vn 0.65840572118759152 -0.4680534601211548 0.5894301533699036
vn -0.8408182859420776 0.51574599742889408 -0.16441002488136292
vn -0.92594754695892336 0.36801755428314208 0.08475997298955917
vn -0.04971156269311905 0.92809498310089104 0.36901012063026432
vn 0.09573348611593246 0.93194788694381712 0.34972596168518068
vn 0.84487086534500128 0.50730317831039432 -0.1698136180639267
vn 0.85823631286621088 0.49689534306526184 -0.12855131924152374
vn 0.61963593959808352 -0.57282334566116336 -0.5365862250328064
vn -0.65840917825698856 -0.46805226802825928 0.5894272327423096
vn 0.65840917825698856 -0.46805226802825928 0.5894272327423096
vn -0.84509181976318352 0.5068349242210388 -0.17011213302612304
vn -0.87791162729263312 0.46872627735137936 -0.0978105366230011
vn -0.0015262245433405 0.97580641508102416 0.21863090991973876
vn -0.38406729698181152 0.90018689632415776 0.205318883061409
vn 0.09573263674974442 0.93194901943206784 0.3497232496738434
vn 0.84026283025741584 0.516882598400116 -0.16367870569229126
vn 0.80743956565856928 0.53472393751144408 -0.24922218918800356
vn -0.01618789881467819 0.97626674175262448 0.21596573293209076
vn -0.00329484557732939 0.97630512714385984 0.21637335419654848
vn -0.00215620477683842 0.9765313863754272 0.21536441147327424
vn 0.0021997329313308 0.9763008952140808 0.21640633046627044
vn 0.0107626412063837 0.97635841369628912 0.21588979661464692
vn 0.01053945906460285 0.97630357742309568 0.2161487489938736
vn 0.01589532010257244 0.97636353969573968 0.21554960310459136
vn 0.01623442769050598 0.97639715671539312 0.21537189185619356
vn 0.02615377493202686 0.97636044025421136 0.21456052362918852
vn 0.02654028311371803 0.97667270898818976 0.21308696269989012
vn -0.03397468104958534 0.97645884752273552 0.21301132440567016
vn -0.01577508263289928 0.97646278142929072 0.21510839462280272
vn 0.00331296492367982 0.97652846574783328 0.21536293625831604
vn 0.04213164001703262 0.97667229175567632 0.21056149899959564
vn 0.04253141582012176 0.97714871168136592 0.2082582712173462
vn -0.04797406122088432 0.97687000036239632 0.20838317275047304
vn -0.03301062807440758 0.97686016559600832 0.21131607890129088
vn 0.05567274242639542 0.97714716196060176 0.20514391362667084
vn 0.0559382252395153 0.97773188352584832 0.20226539671421052
vn -0.06053313612937927 0.9772696495056152 0.20317421853542328
vn -0.04666879028081894 0.9772891402244568 0.20670732855796812
vn 0.09766394644975662 0.97702908515930176 0.18940946459770204
vn -0.05863342806696892 0.97797065973281856 0.20033842325210572
vn -0.86140131950378416 -0.34806323051452636 0.369918555021286
vn 0.85883790254592896 -0.37592211365699768 0.34796550869941712
vn 0.74499374628067024 -0.42756357789039608 0.51202899217605592
vn -0.76974916458129888 0.57357782125473024 -0.28016901016235352
vn -0.81591469049453728 0.53951078653335568 -0.20787341892719268
vn -0.03488318622112274 0.99389529228210448 0.10466776043176652
vn 0.76974916458129888 0.57357782125473024 -0.28016901016235352
vn 0.03378329426050186 0.99388068914413456 0.10516570508480072
vn -0.79964083433151248 0.57079851627349856 -0.18645013868808748
vn -0.82104134559631344 0.57079851627349856 0.00895632710307836
vn -0.82104074954986576 0.57079929113388064 0.00895667448639869
vn -0.79538261890411376 0.57079923152923584 0.20384973287582396
vn -0.79538261890411376 0.57079923152923584 0.2038497179746628
vn -0.79964047670364384 0.57079905271530152 -0.1864498257637024
vn -0.76975125074386592 0.57357627153396608 -0.28016656637191772
vn -0.76975160837173456 0.57357579469680784 -0.28016662597656248
vn -0.7241364121437072 0.57079923152923584 0.38705906271934512
vn -0.7241365313529968 0.57079905271530152 0.38705903291702272
vn -0.61138576269149784 0.57079905271530152 0.54808384180068968
vn -0.6113862991333008 0.57079839706420896 0.54808390140533448
vn -0.46359336376190184 0.57079833745956424 0.67769497632980344
vn -0.46359282732009888 0.57079905271530152 0.6776947379112244
vn -0.28922900557518004 0.57079899311065672 0.76846277713775632
vn -0.28922885656356812 0.57079923152923584 0.76846265792846672
vn -0.09828747808933258 0.57079923152923584 0.8151857256889344
vn -0.0982876494526863 0.570798933506012 0.81518596410751344
vn 0.09828750044107438 0.570798933506012 0.81518596410751344
vn 0.09828761965036392 0.57079923152923584 0.8151857256889344
vn 0.28922894597053528 0.57079923152923584 0.76846265792846672
vn 0.28922891616821288 0.57079899311065672 0.76846283674240112
vn 0.4635930955410004 0.57079905271530152 0.67769455909729
vn 0.4635930955410004 0.57079833745956424 0.67769515514373776
vn 0.61138606071472168 0.57079839706420896 0.5480841398239136
vn 0.61138594150543216 0.57079905271530152 0.54808360338211056
vn 0.76975125074386592 0.57357627153396608 -0.28016650676727296
vn 0.76975154876708992 0.57357579469680784 -0.28016668558120728
vn 0.7241365313529968 0.57079905271530152 0.38705909252166752
vn 0.724136471748352 0.57079923152923584 0.38705897331237792
vn 0.79538261890411376 0.57079923152923584 0.20384973287582396
vn 0.79538261890411376 0.57079923152923584 0.2038497179746628
vn 0.79964041709899904 0.57079905271530152 -0.18645006418228148
vn 0.82104080915451056 0.57079929113388064 0.00895632151514291
vn 0.82104134559631344 0.57079845666885376 0.00895668007433414
vn 0.79964083433151248 0.57079851627349856 -0.18644990026950836
vn -0.8588383793830872 -0.37592175602912904 0.34796476364135744
vn -0.74219793081283568 -0.44170102477073672 0.50402623414993288
vn 0.8588383793830872 -0.37592175602912904 0.34796476364135744
vn -0.97013401985168464 -0.226308673620224 0.08731740713119507
vn 0.96693468093872064 -0.24381087720394136 0.07479041814804077
vn 0.93979740142822272 -0.28584575653076172 0.18727783858776092
vn -0.9701295495033264 -0.22632044553756712 0.08733662962913513
vn 0.9669306874275208 -0.24381966888904572 0.07481285184621811
vn -0.96693170070648192 -0.24381721019744872 0.07480814307928085
vn -0.93745702505111696 -0.2976355254650116 0.18051977455615996
vn 0.96693170070648192 -0.24381721019744872 0.07480814307928085
vn -0.97627592086792 -0.07723905891180038 -0.20228560268878936
vn 0.97627592086792 -0.07723905891180038 -0.20228560268878936
vn -0.97500997781753536 -0.08336366713047028 -0.2059272676706314
vn -0.98025786876678464 -0.10075879842042922 -0.17012390494346618
vn 0.97500997781753536 -0.08336366713047028 -0.2059272676706314
vn 0.98025786876678464 -0.10075879842042922 -0.17012390494346618
vn -0.93969297409057616 -7.994993325155519E-07 -0.34201911091804504
vn 0.93969273567199712 -3.710960641001293E-07 -0.34201979637145996
vn 0.3969397246837616 -0.57506656646728512 -0.7153581976890564
vn 0.46121117472648624 -0.54449051618576048 -0.70058143138885496
vn 0.46121138334274288 -0.54449033737182616 -0.70058143138885496
vn -0.9396913051605224 2.433275767543819E-06 -0.34202373027801512
vn -0.93969285488128656 -4.112574742975994E-07 -0.34201955795288084
vn 0.93969315290451056 -1.0973982398354565E-06 -0.34201863408088684
vn 0.93969208002090448 1.0263115655106958E-06 -0.3420216143131256
vn -0.99984562397003168 0.01377523690462112 0.01090681366622448
vn -0.99879544973373408 1.0580691546547901E-16 -0.04906794056296349
vn -0.98574030399322512 1.0442392242084955E-16 -0.16827385127544404
vn -0.97378462553024288 0.01377529092133045 -0.22705450654029848
vn -0.96859961748123168 0.01377515494823455 0.24824376404285432
vn -0.9818346500396728 1.0401018653078523E-16 0.18973849713802336
vn -0.99748736619949344 1.0566834616926413E-16 0.0708443894982338
vn -0.95850932598114016 1.0153922598752193E-16 -0.28506112098693848
vn -0.93969261646270752 9.954588614739164E-17 -0.3420201539993286
vn -0.93969261646270752 3.767055645198525E-08 -0.342020183801651
vn -0.88183754682540896 0.01377526484429836 0.47135207056999208
vn -0.90859937667846672 9.625203971331568E-17 0.41766878962516784
vn -0.95206272602081296 1.0085631229124305E-16 0.30590277910232544
vn -0.7445321679115296 0.01377530116587877 0.66744446754455568
vn -0.78328686952590944 8.297712098826457E-17 0.6216604113578796
vn -0.85206955671310432 9.026358295067678E-17 0.52342855930328368
vn -0.56455349922180176 0.01377522386610508 0.82528156042098992
vn -0.61307948827743528 6.494628431794798E-17 0.79002118110656736
vn -0.7032393217086792 7.449732195206906E-17 0.71095323562622072
vn -0.35221672058105468 0.01377525832504034 0.93581706285476688
vn -0.40773311257362368 4.3193012468412104E-17 0.91310113668441776
vn -0.51410287618637088 5.446124396696877E-17 0.85772854089736944
vn -0.1196923553943634 0.0137752341106534 0.99271547794342048
vn -0.17901693284511566 1.896407176356627E-17 0.9838460087776184
vn -0.29549962282180788 3.1303611343219966E-17 0.95534282922744752
vn 0.1196923553943634 0.0137752341106534 0.99271547794342048
vn 0.05995975062251091 -6.351807427231392E-18 0.99820077419281008
vn -0.05995975062251091 6.351807427231392E-18 0.99820077419281008
vn 0.35221672058105468 0.01377525832504034 0.93581706285476688
vn 0.29549962282180788 -3.1303611343219966E-17 0.95534282922744752
vn 0.17901693284511566 -1.896407176356627E-17 0.9838460087776184
vn 0.56455349922180176 0.01377522386610508 0.82528156042098992
vn 0.51410287618637088 -5.446124396696877E-17 0.85772854089736944
vn 0.40773311257362368 -4.3193012468412104E-17 0.91310113668441776
vn 0.7445321679115296 0.01377530116587877 0.66744446754455568
vn 0.7032393217086792 -7.449732195206906E-17 0.71095323562622072
vn 0.61307948827743528 -6.494628431794798E-17 0.79002118110656736
vn 0.93969261646270752 -9.954588614739164E-17 -0.342020183801651
vn 0.93969261646270752 2.473081828213708E-08 -0.3420201539993286
vn 0.88183754682540896 0.01377526484429836 0.47135207056999208
vn 0.85206955671310432 -9.026358295067678E-17 0.52342855930328368
vn 0.78328686952590944 -8.297712098826457E-17 0.6216604113578796
vn 0.96859961748123168 0.01377515494823455 0.24824376404285432
vn 0.95206272602081296 -1.0085631229124305E-16 0.30590277910232544
vn 0.90859937667846672 -9.625203971331568E-17 0.41766878962516784
vn 0.95850932598114016 -1.0153922598752193E-16 -0.28506112098693848
vn 0.97378462553024288 0.01377529092133045 -0.22705450654029848
vn 0.99984562397003168 0.01377523690462112 0.01090681366622448
vn 0.99748736619949344 -1.0566834616926413E-16 0.0708443894982338
vn 0.9818346500396728 -1.0401018653078523E-16 0.18973849713802336
vn 0.98574030399322512 -1.0442392242084955E-16 -0.16827385127544404
vn 0.99879544973373408 -1.0580691546547901E-16 -0.04906794056296349
vn -0.619620144367218 -0.57283979654312136 -0.53658682107925416
vn 0.4769325852394104 -0.56304919719696048 0.67491549253463744
vn -0.47694149613380432 -0.56306165456771848 0.67489880323410032
vn 0.54541230201721192 -0.64389497041702272 -0.5365861654281616
vn -0.54541152715682984 -0.6438956260681152 -0.53658610582351688
vn -0.45086541771888736 -0.53227746486663816 -0.71652013063430784
vn 0.61653089523315432 -0.72785598039627072 0.3001921772956848
vn 0.47693523764610288 -0.56305396556854248 0.67490965127944944
vn -0.47694167494773864 -0.5630619525909424 0.67489844560623168
vn -0.61653017997741696 -0.72785562276840208 0.30019447207450868
vn -0.61652725934982296 -0.7278528213500976 0.3002072274684906
vn 0.5454140305519104 -0.64389741420745848 -0.5365814566612244
vn 0.6408313512802124 -0.75654393434524544 -0.13029374182224274
vn 0.64083147048950192 -0.75654399394989008 -0.13029251992702484
vn -0.64083105325698856 -0.75654441118240352 -0.13029251992702484
vn -0.54540848731994632 -0.64389163255691528 -0.5365939736366272
vn 0.61652934551239016 -0.72785371541976928 0.30020084977149964
vn -0.64083200693130496 -0.75654619932174688 -0.13027748465538024
vn 0.47693517804145816 -0.56305390596389768 0.67490977048873904
vn -0.47694021463394168 -0.56306040287017824 0.67490071058273312
vn -0.34807053208351136 -0.60287600755691528 -0.71790486574172976
vn -0.39140439033508304 -0.5962088108062744 -0.7009548544883728
vn -0.39140447974205016 -0.59620869159698488 -0.7009548544883728
vn 0.54541367292404176 -0.64389711618423464 -0.53658223152160648
vn 0.30316466093063356 -0.63890600204467776 -0.7070292234420776
vn 0.38881981372833248 -0.59226626157760624 -0.7057194113731384
vn 0.38881716132164 -0.59226787090301512 -0.7057194709777832
vn -0.20434597134590148 -0.53285014629364016 0.82116591930389408
vn -0.25592359900474548 -0.51776295900344848 0.81634837388992304
vn -0.301188588142395 -0.45878756046295168 0.83594220876693728
vn -0.42291113734245304 -0.52606755495071408 0.73783403635025024
vn 0.20434637367725372 -0.53285008668899536 0.82116585969924928
vn 0.20434606075286864 -0.53285014629364016 0.82116585969924928
vn 0.30118855834007264 -0.45878756046295168 0.83594220876693728
vn 0.2559237778186798 -0.51776289939880368 0.81634837388992304
vn 0.42291113734245304 -0.52606755495071408 0.73783403635025024
vn -0.41439306735992432 -0.52927422523498536 0.74036961793899536
vn -0.40524211525917056 -0.53009486198425296 0.7448343634605408
vn -0.73921811580657952 -0.45563891530036928 0.49593320488929752
vn 0.73974084854125984 -0.4532684087753296 0.4973241090774536
vn 0.72101920843124384 -0.4610111117362976 0.51730072498321536
vn 0.40519666671752928 -0.53266805410385128 0.74302113056182864
vn 0.404956728219986 -0.61685210466384888 0.67491000890731808
vn -0.40496116876602176 -0.6168599724769592 0.67490011453628544
vn -0.76133060455322272 -0.44194158911705016 0.47440841794013976
vn -0.76133286952972416 -0.44194048643112184 0.47440579533576968
vn -0.93481165170669552 -0.3099365234375 0.17339695990085602
vn 0.9357447028160096 -0.3057076632976532 0.17585398256778718
vn 0.93051320314407344 -0.31283706426620484 0.19046822190284728
vn 0.72027271986007688 -0.46451786160469056 0.51519930362701416
vn 0.46310052275657656 -0.70542043447494504 -0.53658169507980344
vn -0.46309620141983032 -0.70541346073150632 -0.53659456968307496
vn 0.52348333597183224 -0.79739874601364128 0.30020067095756532
vn 0.40495833754539488 -0.61685490608215336 0.6749064922332764
vn -0.52348428964614872 -0.797400176525116 0.30019524693489076
vn -0.5234830975532532 -0.79739868640899664 0.30020129680633544
vn -0.40495914220809936 -0.61685639619827272 0.67490464448928832
vn 0.46309950947761536 -0.70541870594024656 -0.53658485412597656
vn 0.54411780834198 -0.8288301825523376 -0.13029319047927856
vn 0.54411762952804568 -0.82883000373840336 -0.13029496371746064
vn -0.46309745311737064 -0.70541638135910032 -0.53658968210220336
vn -0.54411852359771728 -0.8288322687149048 -0.1302771419286728
vn 0.52348321676254272 -0.79739856719970704 0.30020129680633544
vn -0.5441177487373352 -0.8288302421569824 -0.13029319047927856
vn -0.9776573777198792 -0.1128813624382019 -0.17732401192188262
vn -0.97767794132232672 -0.11295576393604278 -0.17716340720653534
vn -0.95826721191406256 -0.26442179083824156 0.10865110158920288
vn -0.9582674503326416 -0.26442137360572816 0.10865028947591782
vn 0.9831271171569824 -0.16318555176258088 -0.08265295624732971
vn 0.96447002887725824 -0.0746656134724617 -0.25342190265655516
vn 0.9787713289260864 -0.10790441185235978 -0.17425079643726348
vn 0.93006569147109984 -0.31492996215820312 0.18920063972473144
vn -0.24768377840518952 -0.65308827161788944 -0.7156314849853516
vn -0.31624612212181092 -0.63980174064636232 -0.70045852661132816
vn -0.31624552607536316 -0.63980203866958616 -0.70045852661132816
vn -0.46310055255889896 -0.70542037487030032 -0.53658175468444824
vn -0.95239037275314336 -0.0253878366202116 -0.30382227897644044
vn -0.40495815873146056 -0.616855263710022 0.67490625381469728
vn 0.40495651960372928 -0.61685281991958616 0.67490953207015992
vn 0.2401946634054184 -0.67031699419021608 -0.70212650299072264
vn 0.19840747117996216 -0.68498152494430544 -0.70102411508560184
vn 0.30939829349517824 -0.62594872713088992 -0.71586370468139648
vn -0.20434585213661192 -0.53285020589828488 0.82116585969924928
vn -0.20434577763080596 -0.53285026550292968 0.82116585969924928
vn -0.40573889017105104 -0.52772051095962528 0.7462486028671264
vn 0.20434585213661192 -0.53285020589828488 0.82116585969924928
vn 0.38712033629417416 -0.52927982807159424 0.75498390197753904
vn 0.46310365200042728 -0.70541840791702272 -0.53658169507980344
vn 0.32697278261184692 -0.66150313615798952 0.67490917444229128
vn -0.32697397470474244 -0.66150599718093872 0.67490583658218384
vn -0.32697364687919616 -0.66150540113449096 0.67490655183792112
vn 0.37391960620880128 -0.75648182630538944 -0.53658121824264528
vn 0.37391549348831176 -0.75647449493408208 -0.53659439086914064
vn -0.37391895055770872 -0.75648212432861328 -0.53658121824264528
vn 0.32697108387947084 -0.66149926185607912 0.67491376399993896
vn 0.42267411947250368 -0.85511726140975952 0.30020171403884888
vn -0.42267447710037232 -0.85511922836303712 0.30019551515579224
vn -0.42267346382141112 -0.85511755943298336 0.30020171403884888
vn 0.4393348395824432 -0.88882428407669072 -0.13029326498508454
vn 0.4393348395824432 -0.88882422447204592 -0.1302933692932129
vn -0.4393348395824432 -0.88882428407669072 -0.13029326498508454
vn -0.37391573190689088 -0.75647395849227904 -0.5365949869155884
vn 0.42267480492591856 -0.85511910915374752 0.30019548535346984
vn -0.43933543562889096 -0.8888267278671264 -0.13027426600456238
vn -0.19779400527477264 -0.67890644073486328 -0.70708101987838744
vn -0.19777321815490724 -0.67891281843185424 -0.7070807218551636
vn -0.20083580911159516 -0.6779212951660156 -0.7071688175201416
vn -0.20158241689205168 -0.67767310142517088 -0.70719426870346072
vn -0.20218193531036376 -0.67746913433074952 -0.70721852779388424
vn -0.2381596267223358 -0.66464138031005856 -0.70818912982940672
vn -0.14152564108371734 -0.69323796033859256 -0.70667642354965208
vn -0.19777129590511324 -0.67891281843185424 -0.70708125829696656
vn -0.19783134758472444 -0.67889535427093504 -0.70708119869232176
vn 0.19243937730789184 -0.66979092359542848 -0.71718001365661624
vn 0.22888253629207612 -0.6387522220611572 -0.734580397605896
vn 0.19307513535022736 -0.66926872730255128 -0.71749657392501832
vn 0.19272442162036896 -0.66955995559692384 -0.717319130897522
vn 0.19159677624702452 -0.6704722046852112 -0.71676892042160032
vn 0.1883452832698822 -0.67305481433868408 -0.71520853042602536
vn 0.18833483755588532 -0.67306256294250488 -0.71520400047302248
vn 0.18289631605148316 -0.67693173885345456 -0.71296024322509768
vn 0.18289852142333984 -0.6769302487373352 -0.71296113729476928
vn 0.18289455771446228 -0.67693287134170536 -0.71295964717864992
vn 0.1770365834236145 -0.68059808015823368 -0.71094608306884768
vn 0.17705518007278442 -0.68058699369430544 -0.7109520435333252
vn 0.1720891147851944 -0.68315732479095456 -0.7097051739692688
vn 0.17384511232376098 -0.68230366706848144 -0.71009826660156248
vn 0.17702272534370422 -0.68060469627380368 -0.71094316244125368
vn 0.17156442999839782 -0.68339592218399048 -0.7096024751663208
vn 0.16640734672546386 -0.6855566501617432 -0.70874583721160888
vn 0.16639882326126098 -0.68555980920791624 -0.70874476432800296
vn 0.15971703827381134 -0.68796426057815552 -0.70795172452926632
vn 0.1547541618347168 -0.68948853015899656 -0.7075709700584412
vn 0.15475206077098846 -0.68948918581008912 -0.7075708508491516
vn 0.12657539546489716 -0.6972888708114624 -0.70552599430084232
vn 0.12657521665096282 -0.6972888708114624 -0.70552599430084232
vn 0.08421999961137772 -0.69361686706542968 -0.71540385484695432
vn -0.15722920000553132 -0.67469853162765504 -0.7211524844169616
vn -0.14856557548046112 -0.6800479292869568 -0.7179575562477112
vn -0.1577034443616867 -0.6743947863578796 -0.7213330268859864
vn -0.15822502970695496 -0.67402523756027224 -0.72156411409378048
vn -0.15772874653339386 -0.67439413070678712 -0.72132807970046992
vn -0.15533210337162018 -0.67633968591690064 -0.72002542018890384
vn -0.15549756586551666 -0.67619895935058592 -0.7201218605041504
vn -0.15219628810882568 -0.67911750078201296 -0.71807777881622312
vn -0.1550527960062027 -0.67647743225097656 -0.7199562191963196
vn -0.15507890284061432 -0.67645299434661864 -0.71997350454330448
vn -0.15506276488304138 -0.6764681935310364 -0.71996271610260008
vn -0.16226732730865478 -0.66869056224823 -0.72561854124069216
vn -0.16224078834056854 -0.6687196493148804 -0.7255976796150208
vn -0.16218458116054534 -0.66878420114517208 -0.72555077075958256
vn -0.1622413694858551 -0.6687185168266296 -0.72559857368469232
vn -0.05538766086101532 -0.70496684312820432 -0.70707422494888304
vn -0.11160121858119964 -0.69876670837402344 -0.70659059286117552
vn -0.11161701381206512 -0.69876450300216672 -0.70659029483795168
vn -0.01950220763683319 -0.693881630897522 -0.71982496976852416
vn -0.02810989134013653 -0.69754797220230104 -0.71598649024963376
vn -0.3739159405231476 -0.75647425651550288 -0.53659439086914064
vn 0.01665975898504257 -0.70919740200042728 -0.70481306314468384
vn 0.07289033383131027 -0.69995868206024168 -0.710453987121582
vn 0.01665861345827579 -0.709197461605072 -0.70481306314468384
vn 0.26405560970306396 -0.68854689598083496 0.67540937662124632
vn -0.26405778527259828 -0.68855476379394528 0.67540043592453
vn 0.28461799025535584 -0.79429030418396 -0.53674530982971192
vn -0.2524080276489258 -0.70440495014190672 -0.66340321302413944
vn -0.27401691675186156 -0.76049864292144768 -0.58869051933288576
vn -0.28705379366874696 -0.79337131977081296 -0.53680729866027832
vn -0.302043616771698 -0.80333846807479856 0.5132416486740112
vn -0.26590493321418764 -0.694882333278656 0.66815650463104248
vn -0.26405778527259828 -0.68855446577072144 0.67540079355239872
vn -0.33005028963088988 -0.88292896747589104 0.33392110466957092
vn -0.333977609872818 -0.89340400695800784 0.30048003792762756
vn 0.33406418561935424 -0.89337128400802608 0.30048111081123352
vn 0.33312430977821352 -0.89086413383483888 0.30885159969329832
vn 0.26405569911003112 -0.68854904174804688 0.67540711164474488
vn 0.26599204540252684 -0.69518297910690304 0.66780900955200192
vn 0.30410981178283692 -0.80965340137481696 0.50197470188140872
vn 0.28294086456298828 -0.7841814756393432 -0.55227154493331912
vn 0.31471681594848632 -0.87221050262451168 -0.37443578243255616
vn 0.34092846512794496 -0.93100279569625856 -0.1303899884223938
vn 0.34542760252952576 -0.9361417293548584 -0.06571505218744278
vn 0.33289241790771484 -0.91554743051528928 -0.22573329508304596
vn -0.3124074637889862 -0.86524695158004768 -0.39210873842239376
vn -0.32804200053215028 -0.90527081489562992 -0.2699503004550934
vn -0.34044557809829712 -0.9293308854103088 -0.14297175407409668
vn -0.34146684408187868 -0.93080776929855344 -0.13037344813346862
vn -0.29349064826965332 -0.81304705142974848 -0.50280982255935672
vn -0.29360416531562804 -0.81336146593093872 -0.50223469734191896
vn -0.331956148147583 -0.88428980112075808 0.32838487625122072
vn -0.3441045880317688 -0.93887919187545776 0.00989329908043146
vn -0.34180092811584472 -0.92451953887939456 0.168628990650177
vn 0.33358749747276308 -0.89117169380187984 0.30746114253997804
vn 0.34305474162101744 -0.93102574348449712 0.1245172843337059
vn 0.34329992532730104 -0.93748903274536128 -0.05709198862314224
vn 0.32074710726737976 -0.86110895872116096 -0.39447772502899168
vn 0.2942204475402832 -0.80666339397430416 -0.51257050037384032
vn 0.26389551162719728 -0.73448991775512688 -0.62520694732666016
vn 0.23972344398498536 -0.6690064072608948 -0.70353615283966064
vn -0.32711121439933776 -0.770093321800232 0.5476810336112976
vn 0.3742850422859192 -0.82098454236984256 0.43115550279617312
vn 0.4131043553352356 -0.37002632021903992 0.83212095499038704
vn 0.64805251359939576 -0.66870957612991336 0.36449339985847472
vn -0.41764590144157408 -0.46554470062255856 0.78028202056884768
vn -0.47293314337730408 -0.53310978412628176 0.70151847600936888
vn -0.69981414079666136 -0.62590736150741576 0.34423857927322388
vn 0.70148354768753048 -0.68320751190185544 0.2028503566980362
vn 0.73743551969528192 -0.35273891687393188 0.5759896636009216
vn -0.35311469435691832 -0.85353624820709232 0.38312649726867672
vn 0.37943768501281736 -0.87709921598434448 0.29448941349983216
vn 0.4553949534893036 -0.61548954248428344 0.64326363801956176
vn -0.48792582750320432 -0.62307918071746824 0.6113106608390808
vn -0.35400494933128356 -0.89835369586944576 0.26007914543151856
vn 0.35498124361038208 -0.90362322330474848 0.23969437181949616
vn -0.47964540123939512 -0.71965706348419192 0.50202989578247072
vn -0.39063501358032224 -0.91177964210510256 0.12673650681972504
vn 0.35498121380805968 -0.90362328290939328 0.239694282412529
vn -0.71907776594161984 -0.67607069015502928 0.16079674661159516
vn -0.76281034946441648 -0.54856026172637936 0.34234777092933656
vn -0.78017657995224 -0.48080030083656312 0.40019446611404416
vn 0.70232850313186648 -0.68186140060424808 0.20444968342781068
vn 0.88051187992095952 -0.46514198184013368 0.09133299440145492
vn -0.36709895730018616 -0.92717534303665168 0.07472743093967438
vn -0.75651001930236816 -0.46375694870948792 0.46110963821411136
vn 0.38517394661903384 -0.9215843081474304 -0.04820133373141289
vn 0.4776447415351868 -0.8148269653320312 0.32850033044815064
vn 0.51152658462524416 -0.73790585994720464 0.44026744365692136
vn -0.5041813850402832 -0.79734224081039424 0.33173260092735292
vn -0.35780808329582216 -0.93268269300460816 -0.04556749761104584
vn -0.91771930456161504 -0.39643648266792296 0.02508849836885929
vn -0.92667502164840704 -0.37066146731376648 0.06231732293963432
vn 0.35605266690254212 -0.92793935537338256 -0.11024989932775498
vn -0.71597415208816528 -0.69766807556152344 0.02530238591134548
vn -0.75001376867294304 -0.61870354413986208 0.23384886980056764
vn 0.89701431989669792 -0.44165572524070736 0.01747883483767509
vn 0.92819142341613776 -0.32341086864471436 0.18402753770351408
vn 0.69009226560592648 -0.71831274032592776 0.0883147343993187
vn 0.77858871221542352 -0.54585713148117064 0.30957973003387452
vn 0.35604551434516908 -0.92794072628021248 -0.1102614402770996
vn -0.50924170017242432 -0.84356117248535152 0.170521080493927
vn -0.3597072958946228 -0.90514647960662848 -0.22654032707214356
vn 0.36811256408691408 -0.8478537201881408 -0.38162449002265928
vn 0.50521886348724368 -0.85625779628753664 0.10759386420249938
vn 0.4611283540725708 -0.88662129640579216 -0.03554388135671615
vn -0.49078205227851864 -0.8705840706825256 0.03487575054168701
vn -0.34443286061286928 -0.87691873311996464 -0.33523061871528624
vn 0.33594954013824464 -0.82908564805984496 -0.44693940877914432
vn -0.24412235617637636 -0.71354806423187256 -0.65669888257980344
vn 0.21573498845100404 -0.68943583965301512 -0.69147425889968872
vn -0.24449726939201356 -0.71308177709579464 -0.657065749168396
vn 0.21561969816684724 -0.68959373235702512 -0.69135278463363648
vn -0.48075723648071288 -0.86863136291503904 -0.11979985237121582
vn -0.3411739766597748 -0.80347615480422976 -0.48787951469421384
vn 0.24713546037673952 -0.75611996650695808 -0.60597574710845944
vn 0.21530175209045412 -0.6888689398765564 -0.69217389822006224
vn 0.35095608234405516 -0.79052513837814336 -0.50189632177352904
vn 0.42434558272361752 -0.85350513458251952 -0.30242317914962768
vn -0.30929750204086304 -0.78392821550369264 -0.53832292556762696
vn -0.29059049487113952 -0.73048895597457888 -0.61801540851593016
vn -0.29062062501907348 -0.73055452108383184 -0.6179237365722656
vn -0.45320293307304384 -0.8529613018035888 -0.25896751880645752
vn -0.2771005928516388 -0.7091975808143616 -0.64827001094818112
vn -0.30918067693710328 -0.78360056877136224 -0.5388668179512024
vn 0.31408891081809996 -0.76861929893493648 -0.55729037523269656
vn 0.27134859561920168 -0.70748323202133176 -0.65256220102310184
vn -0.28177115321159364 -0.74864047765731808 -0.60011875629425048
vn -0.2447665184736252 -0.71164882183074952 -0.65851747989654544
vn -0.24385751783847808 -0.70591676235198976 -0.6649925112724304
vn -0.24383631348609924 -0.70588541030883792 -0.66503357887268064
vn 0.25801116228103636 -0.71366065740585328 -0.65124398469924928
vn 0.2580285370349884 -0.72125756740570064 -0.64281320571899416
vn 0.25802740454673768 -0.71368277072906496 -0.65121334791183472
vn -0.700822114944458 -0.71004784107208248 -0.06841359287500381
vn -0.7473182082176208 -0.65607428550720216 0.10527153313159942
vn -0.9648785591125488 -0.25838428735733032 -0.04740170016884804
vn -0.96361494064331056 -0.25838428735733032 0.06843873113393784
vn -0.96361488103866576 -0.25838440656661988 0.06843866407871246
vn -0.952266812324524 -0.25838404893875124 -0.16255965828895568
vn -0.9648786187171936 -0.25838401913642884 -0.04740159213542938
vn -0.94849365949630736 -0.25838440656661988 0.18329545855522156
vn -0.94849365949630736 -0.2583845555782318 0.1832953840494156
vn -0.92596042156219488 -0.25838446617126464 -0.27538105845451356
vn -0.9522666931152344 -0.25838440656661988 -0.16255979239940644
vn -0.91973274946212768 -0.2583845555782318 0.29551500082015992
vn -0.91973274946212768 -0.2583846151828766 0.29551497101783752
vn -0.9084937572479248 -0.25881817936897276 -0.32810401916503908
vn -0.9216366410255432 -0.1950906366109848 -0.33544832468032836
vn -0.92596048116683952 -0.25838434696197508 -0.27538102865219116
vn -0.87774533033370976 -0.2583845853805542 0.40348544716835024
vn -0.87774538993835456 -0.258384108543396 0.40348571538925168
vn -0.82313525676727296 -0.258384108543396 0.5056540369987488
vn -0.82313525676727296 -0.25838401913642884 0.50565409660339352
vn -0.75668811798095696 -0.25838401913642884 0.60055035352706912
vn -0.75668817758560176 -0.25838440656661988 0.6005501747131348
vn -0.6793590188026428 -0.25838434696197508 0.68681061267852784
vn -0.67935895919799808 -0.25838378071784972 0.68681091070175168
vn -0.5922608971595764 -0.25838378071784972 0.76319384574890144
vn -0.59226083755493168 -0.25838351249694824 0.76319402456283568
vn -0.947860598564148 -0.19435325264930724 -0.25256112217903136
vn -0.49664485454559328 -0.25838351249694824 0.82860237360000608
vn -0.49664506316185 -0.25838443636894228 0.82860189676284784
vn -0.39388716220855712 -0.25838446617126464 0.88209432363510128
vn -0.39388734102249144 -0.25838503241539 0.88209408521652224
vn -0.28546524047851564 -0.2583850622177124 0.92290127277374272
vn -0.28546506166458128 -0.2583846151828766 0.92290145158767696
vn -0.17293784022331238 -0.2583846151828766 0.95043671131134032
vn -0.17293788492679596 -0.25838476419448852 0.95043665170669552
vn -0.0579233430325985 -0.25838476419448852 0.96430397033691408
vn -0.05792362987995148 -0.25838541984558104 0.96430379152297968
vn 0.0579233355820179 -0.25838541984558104 0.96430379152297968
vn 0.05792364105582237 -0.25838476419448852 0.96430397033691408
vn 0.17293782532215118 -0.25838476419448852 0.95043665170669552
vn 0.17293789982795716 -0.2583846151828766 0.95043665170669552
vn 0.285465270280838 -0.2583846151828766 0.92290139198303216
vn 0.28546503186225892 -0.2583850622177124 0.92290133237838752
vn 0.39388710260391232 -0.25838503241539 0.88209414482116704
vn 0.39388740062713624 -0.25838446617126464 0.88209420442581184
vn 0.49664470553398136 -0.25838446617126464 0.82860213518142704
vn 0.49664521217346192 -0.25838351249694824 0.82860213518142704
vn 0.5922608971595764 -0.25838351249694824 0.76319390535354608
vn 0.59226077795028688 -0.25838378071784972 0.76319396495819088
vn 0.90767341852188112 -0.25881892442703248 -0.33036610484123228
vn 0.91834115982055664 -0.25868132710456848 -0.29955545067787172
vn 0.92346292734146112 -0.34765979647636412 -0.16232326626777648
vn 0.6793591380119324 -0.25838378071784972 0.68681073188781736
vn 0.67935883998870848 -0.25838434696197508 0.68681079149246216
vn 0.75668805837631232 -0.25838440656661988 0.60055029392242432
vn 0.75668823719024656 -0.25838401913642884 0.60055023431777952
vn 0.82313525676727296 -0.25838401913642884 0.5056540369987488
vn 0.82313519716262816 -0.258384108543396 0.50565409660339352
vn 0.8777454495429992 -0.258384108543396 0.40348550677299496
vn 0.87774527072906496 -0.2583845853805542 0.40348565578460696
vn 0.91973274946212768 -0.2583846151828766 0.29551500082015992
vn 0.91973274946212768 -0.2583845555782318 0.29551497101783752
vn 0.92596048116683952 -0.25838434696197508 -0.27538108825683592
vn 0.94849365949630736 -0.2583845555782318 0.18329545855522156
vn 0.94849371910095216 -0.25838440656661988 0.1832953989505768
vn 0.9522666931152344 -0.25838440656661988 -0.1625596284866333
vn 0.92596048116683952 -0.25838446617126464 -0.27538102865219116
vn 0.96361488103866576 -0.25838440656661988 0.06843872368335724
vn 0.96361494064331056 -0.25838428735733032 0.06843867152929306
vn 0.9648786187171936 -0.25838404893875124 -0.04740170389413834
vn 0.9522667527198792 -0.25838404893875124 -0.16255982220172882
vn 0.9648785591125488 -0.25838428735733032 -0.04740159213542938
vn 0.7736856341362 -0.60713881254196168 0.18108826875686644
vn 0.68324536085128784 -0.7279129028320312 -0.05760696902871132
vn -0.6935850381851196 -0.69453901052474976 -0.1911945790052414
vn -0.72675901651382448 -0.68686813116073608 -0.00578452972695231
vn -0.9141069650650024 -0.23910658061504364 -0.32746991515159608
vn -0.96137791872024544 -0.23798649013042448 -0.13825684785842896
vn -0.88195878267288208 -0.47132161259651184 -0.00214524450711905
vn -0.90222120285034176 -0.42960557341575624 0.03789397701621055
vn 0.88186579942703248 -0.47149604558944704 -0.00205929926596581
vn 0.88186633586883552 -0.47149497270584104 -0.00205825502052903
vn 0.89176136255264288 -0.44779330492019656 0.06513675302267075
vn 0.75717169046401984 -0.65096527338027952 0.05417823046445847
vn 0.6657956838607788 -0.72429686784744256 -0.17919319868087768
vn 0.95818585157394416 -0.27147394418716432 -0.09045281261205674
vn 0.97380870580673216 -0.21970216929912568 -0.05854569748044014
vn -0.91771960258483888 -0.39643579721450808 0.02508691512048244
vn 0.92227464914321904 -0.3476538062095642 -0.16895654797554016
vn 0.92054307460784912 -0.38724422454833984 -0.05140407755970955
vn -0.67571216821670536 -0.68315029144287112 -0.27698159217834472
vn -0.71744149923324584 -0.68452650308609008 -0.12923306226730346
vn 0.61888116598129272 -0.66765153408050536 -0.41379642486572264
vn 0.64482074975967408 -0.70394921302795408 -0.29776117205619812
vn 0.74081045389175408 -0.66702038049697872 -0.07926968485116959
vn 0.74282085895538336 -0.66562467813491824 -0.07183985412120819
vn -0.61152720451354984 -0.7357351779937744 -0.29108119010925292
vn -0.61194580793380736 -0.73371779918670656 -0.2952633798122406
vn -0.61160957813262936 -0.67849552631378176 -0.40691217780113224
vn 0.59994125366210936 -0.73639231920242304 -0.31272497773170472
vn -0.870539665222168 -0.49202737212181088 0.00835216511040926
vn -0.87031060457229616 -0.492440402507782 0.00786925666034221
vn -0.92256963253021248 -0.38533121347427368 0.01962560974061489
vn -0.89468753337860112 -0.383339524269104 -0.22931419312953948
vn 0.91258841753005984 -0.38704189658164976 -0.13183678686618804
vn 0.88891482353210448 -0.45483994483947752 0.05432377383112907
vn 0.5999377369880676 -0.73639684915542608 -0.31272092461586
vn 0.56116783618927 -0.68241345882415768 -0.46840426325798032
vn -0.60795015096664432 -0.734704315662384 -0.30100852251052856
vn 0.87008327245712288 -0.4928326606750488 -0.00843102484941482
vn 0.86887353658676144 -0.49493625760078432 0.00983967818319797
vn -0.60799229145050048 -0.73465132713317872 -0.30105271935462952
vn -0.88958662748336784 -0.45666810870170592 -0.00947926193475723
vn -0.88684767484664912 -0.45667764544487 -0.07033322751522064
vn 0.88958662748336784 -0.45666810870170592 -0.00947955902665853
vn -0.92571079730987552 -0.31764075160026552 0.20533841848373412
vn -0.8895865082740784 -0.45666831731796264 -0.0094803711399436
vn 0.8895865082740784 -0.45666837692260744 -0.00948089733719825
vn -0.8709117770195008 -0.49137395620346072 0.00801787618547678
vn -0.8709117770195008 -0.49137404561042784 0.00801776628941297
vn -0.86081176996231072 -0.5007188320159912 -0.0910153016448021
vn 0.85526001453399664 -0.50601583719253544 -0.11170631647109986
vn 0.87429410219192512 -0.48537123203277584 0.00496140820905566
vn -0.84886181354522704 -0.51601797342300416 -0.11471296101808548
vn -0.79439008235931392 -0.60358911752700808 0.06800418347120285
vn 0.8895865678787232 -0.45666819810867312 -0.00948063191026449
vn -0.83509570360183712 -0.53340184688568112 -0.13452744483947754
vn -0.82980638742446896 -0.53832018375396728 -0.14708079397678376
vn -0.80308037996292112 -0.5542486310005188 -0.21879300475120544
vn -0.78077083826065056 -0.55557483434677128 -0.28589069843292236
vn 0.8390704989433288 -0.50191849470138552 -0.20985364913940428
vn 0.82904815673828128 -0.54375880956649784 -0.13040517270565032
vn 0.82904756069183344 -0.5437593460083008 -0.13040684163570404
vn -0.7802638411521912 -0.5823993682861328 -0.2280336767435074
vn -0.7966560125350952 -0.58164727687835696 -0.1643947809934616
vn -0.79439002275466912 -0.6035891771316528 0.06800433993339539
vn 0.79891645908355712 -0.59538984298706056 -0.08510806411504745
vn 0.79439002275466912 -0.60358887910842896 0.06800682842731476
vn -0.8434128761291504 -0.46315175294876096 -0.27229616045951844
vn -0.85515165328979488 -0.49657750129699704 -0.1487496942281723
vn -0.81926649808883664 -0.5335460305213928 -0.2100738286972046
vn -0.78418320417404176 -0.61214017868041992 -0.10169114917516708
vn 0.79286468029022224 -0.59992605447769168 -0.1070249006152153
vn 0.7029913663864136 -0.69608676433563232 0.14582976698875428
vn 0.76434296369552608 -0.60785943269729616 -0.2151435911655426
vn -0.78016906976699824 -0.61764359474182128 -0.09926048666238784
vn -0.7827282547950744 -0.61270433664321896 -0.10922390967607498
vn 0.81533825397491456 -0.53581345081329344 -0.2193797677755356
vn 0.83564907312393184 -0.52700531482696536 -0.15477748215198516
vn 0.79286456108093264 -0.59992665052413944 -0.10702244937419892
vn -0.92571431398391728 -0.31763255596160888 0.20533514022827148
vn -0.91258835792541504 -0.38704213500022888 -0.13183672726154328
vn -0.92118668556213376 -0.38706731796264648 -0.03992408141493797
vn 0.78634315729141232 -0.58294564485549928 -0.20454548299312592
vn -0.784034252166748 -0.55555093288421632 -0.27686360478401184
vn -0.7807751297950744 -0.55556797981262208 -0.28589227795600892
vn -0.7068908214569092 -0.70646965503692624 -0.03472742438316345
vn -0.70596498250961304 -0.70646965503692624 0.05013988167047501
vn -0.7059646844863892 -0.70647001266479496 0.0501396618783474
vn -0.69765150547027584 -0.70646923780441288 -0.11909488588571548
vn -0.70689123868942264 -0.70646923780441288 -0.03472716361284256
vn -0.69488668441772464 -0.70647001266479496 0.13428571820259094
vn -0.6948872804641724 -0.7064692974090576 0.13428626954555512
vn -0.6783785820007324 -0.70646971464157104 -0.20175006985664368
vn -0.69765096902847288 -0.70646971464157104 -0.1190950945019722
vn -0.67381632328033448 -0.7064692974090576 0.21650111675262452
vn -0.67381590604782104 -0.70646983385086056 0.21650062501430512
vn -0.66555851697921752 -0.70710307359695432 -0.23882439732551576
vn -0.67837852239608768 -0.70646971464157104 -0.20175008475780488
vn -0.64305496215820312 -0.70646983385086056 0.29560217261314392
vn -0.64305490255355832 -0.70647001266479496 0.295602023601532
vn -0.60304629802703856 -0.70647001266479496 0.37045282125473024
vn -0.60304629802703856 -0.70646995306015016 0.37045285105705264
vn -0.5543659329414368 -0.70646995306015016 0.43997573852539064
vn -0.55436605215072632 -0.70646959543228152 0.43997615575790408
vn -0.49771326780319216 -0.70646959543228152 0.50317215919494632
vn -0.49771335721015928 -0.70646923780441288 0.50317257642745968
vn -0.4339028596878052 -0.70646917819976808 0.55913287401199344
vn -0.4339027404785156 -0.70647007226943968 0.55913186073303224
vn -0.36385262012481688 -0.70647007226943968 0.60705131292343136
vn -0.36385262012481688 -0.70646971464157104 0.6070517897605896
vn -0.28857016563415528 -0.70646965503692624 0.64624136686325072
vn -0.28857019543647768 -0.70646977424621584 0.6462412476539612
vn -0.2091379314661026 -0.70646977424621584 0.67613738775253296
vn -0.209137961268425 -0.70646983385086056 0.67613732814788816
vn -0.12669816613197326 -0.70646989345550536 0.69631022214889528
vn -0.12669801712036132 -0.70646953582763672 0.69631057977676392
vn -0.04243619367480278 -0.70646953582763672 0.70647007226943968
vn -0.04243593290448189 -0.70646905899047848 0.70647054910659792
vn 0.04243622347712517 -0.70646905899047848 0.70647054910659792
vn 0.0424359031021595 -0.70646953582763672 0.70647013187408448
vn 0.12669824063777924 -0.70646953582763672 0.69631057977676392
vn 0.12669795751571656 -0.70646983385086056 0.69631022214889528
vn 0.2091379165649414 -0.70646983385086056 0.67613732814788816
vn 0.20913799107074736 -0.70646977424621584 0.67613738775253296
vn 0.28857013583183288 -0.70646977424621584 0.6462412476539612
vn 0.28857022523880004 -0.70646965503692624 0.64624130725860592
vn 0.3638528287410736 -0.70646971464157104 0.60705167055130008
vn 0.36385241150856016 -0.70647007226943968 0.60705143213272096
vn 0.43390229344367984 -0.70647007226943968 0.55913221836090088
vn 0.43390327692031864 -0.70646917819976808 0.55913257598876952
vn 0.66446322202682496 -0.70710653066635128 -0.24184484779834748
vn 0.66446310281753544 -0.70710670948028568 -0.24184480309486388
vn 0.67774969339370728 -0.70652818679809568 -0.20364978909492492
vn 0.65464007854461672 -0.74552041292190544 -0.12508267164230346
vn 0.4977135360240936 -0.70646923780441288 0.50317239761352536
vn 0.49771311879158024 -0.70646959543228152 0.50317227840423584
vn 0.55436623096466064 -0.70646953582763672 0.43997597694396976
vn 0.55436575412750248 -0.70646995306015016 0.43997594714164736
vn 0.60304635763168336 -0.70646995306015016 0.37045285105705264
vn 0.60304629802703856 -0.70647001266479496 0.37045285105705264
vn 0.6430548429489136 -0.70647001266479496 0.29560211300849916
vn 0.64305502176284792 -0.70646983385086056 0.29560208320617676
vn 0.67381578683853152 -0.70646983385086056 0.2165009379386902
vn 0.67381638288497928 -0.7064692974090576 0.21650078892707824
vn 0.67837852239608768 -0.70646971464157104 -0.20175005495548248
vn 0.69488739967346192 -0.7064692974090576 0.13428585231304168
vn 0.69488662481307984 -0.70647001266479496 0.13428615033626556
vn 0.69765102863311768 -0.70646971464157104 -0.11909480392932892
vn 0.6783785820007324 -0.70646971464157104 -0.20175009965896608
vn 0.7059646844863892 -0.70647001266479496 0.05013985931873322
vn 0.70596498250961304 -0.70646971464157104 0.05013968423008919
vn 0.70689123868942264 -0.70646923780441288 -0.03472744673490524
vn 0.69765144586563112 -0.70646923780441288 -0.11909517645835876
vn 0.7068908214569092 -0.70646971464157104 -0.03472714126110077
vn -0.78635054826736448 -0.58293944597244264 -0.20453451573848724
vn -0.80763030052185056 -0.54895299673080448 -0.21536926925182344
vn -0.79246187210083008 -0.60990387201309208 0.004634581040591
vn 0.77045035362243648 -0.60641491413116456 -0.19663989543914796
vn 0.77044832706451424 -0.60641479492187504 -0.19664812088012696
vn 0.7704418897628784 -0.60642057657241824 -0.1966553181409836
vn 0.65775573253631592 -0.74552506208419792 -0.10747020691633224
vn 0.64574658870697024 -0.76231801509857184 -0.04338886588811874
vn -0.64932799339294432 -0.76040136814117424 0.01276635564863681
vn -0.62951964139938352 -0.7574287056922912 -0.1732245683670044
vn 0.6429229378700256 -0.7623445987701416 -0.07403266429901123
vn 0.61231166124343872 -0.79011720418930048 0.02809290774166584
vn -0.611880362033844 -0.79093706607818608 0.00457754172384738
vn -0.6085399389266968 -0.79076111316680912 -0.06615137308835983
vn -0.649328887462616 -0.76040053367614752 0.01276720035821199
vn 0.60796952247619632 -0.79049140214920048 -0.07413775473833084
vn 0.52645999193191528 -0.84930068254470832 0.03909240290522575
vn 0.1672995537519455 -0.68089693784713744 -0.71301490068435672
vn -0.16418975591659546 -0.6794308423995972 -0.71513313055038456
vn -0.73004978895187376 -0.66982370615005496 -0.13551205396652222
vn -0.53691625595092776 -0.83062928915023808 -0.14756682515144348
vn -0.52151286602020264 -0.8314692974090576 -0.19152849912643432
vn -0.5218467116355896 -0.84218335151672368 -0.13565857708454132
vn -0.51418089866638184 -0.84201824665069584 -0.16316643357276916
vn -0.64352250099182128 -0.76239591836929328 -0.06805356591939926
vn -0.5621899366378784 -0.8233720064163208 -0.07746636122465134
vn -0.51699936389923096 -0.85395807027816768 -0.05888376757502556
vn -0.5177797079086304 -0.85390621423721312 -0.05242487043142319
vn 0.5027135610580444 -0.85041218996047968 -0.15517136454582214
vn 0.60512655973434448 -0.78340137004852288 -0.14178910851478576
vn 0.45237493515014648 -0.8584120273590088 0.24183818697929384
vn -0.63904714584350584 -0.7336812615394592 0.23093411326408388
vn -0.52593493461608888 -0.83141189813613888 -0.17929503321647644
vn -0.5215191841125488 -0.83146482706069952 -0.19153079390525816
vn -0.25894144177436828 -0.96580922603607184 -0.01272091269493103
vn -0.25860232114791872 -0.96580922603607184 0.01836667209863662
vn -0.25860249996185304 -0.96580922603607184 0.01836677268147468
vn -0.25555673241615296 -0.96580928564071648 -0.04362576082348823
vn -0.25894135236740112 -0.96580928564071648 -0.01272094808518886
vn -0.25454449653625488 -0.96580922603607184 0.04919033870100975
vn -0.25454443693161012 -0.96580922603607184 0.04919029772281647
vn -0.24849709868431092 -0.96580922603607184 -0.0739031508564949
vn -0.25555679202079772 -0.96580928564071648 -0.04362574592232704
vn -0.24682590365409852 -0.96580922603607184 0.07930652052164078
vn -0.24682602286338808 -0.96580916643142704 0.07930663973093033
vn -0.2440321296453476 -0.9659231901168824 -0.08625973761081696
vn -0.24849706888198852 -0.96580928564071648 -0.0739031508564949
vn -0.23555801808834076 -0.96580916643142704 0.10828229784965516
vn -0.23555798828601836 -0.96580916643142704 0.10828226804733276
vn -0.22090242803096772 -0.96580916643142704 0.13570088148117066
vn -0.22090245783329012 -0.96580916643142704 0.13570092618465424
vn -0.20307019352912904 -0.96580916643142704 0.16116797924041748
vn -0.20307010412216188 -0.96580922603607184 0.16116777062416076
vn -0.18231756985187532 -0.96580922603607184 0.18431715667247772
vn -0.18231758475303648 -0.96580922603607184 0.18431723117828368
vn -0.1589430421590805 -0.96580922603607184 0.20481614768505096
vn -0.15894301235675812 -0.96580922603607184 0.2048160582780838
vn -0.1332830935716629 -0.96580922603607184 0.22236932814121248
vn -0.1332831084728241 -0.96580922603607184 0.22236937284469604
vn -0.10570631176233292 -0.96580922603607184 0.23672492802143096
vn -0.10570631176233292 -0.96580922603607184 0.23672504723072052
vn -0.07660947740077972 -0.96580922603607184 0.2476763129234314
vn -0.07660946249961853 -0.96580922603607184 0.24767637252807616
vn -0.04641079530119896 -0.96580916643142704 0.2550659477710724
vn -0.04641086235642433 -0.96580928564071648 0.25506570935249328
vn -0.01554484199732542 -0.96580928564071648 0.25878724455833436
vn -0.01554481592029333 -0.96580922603607184 0.25878730416297912
vn 0.01554484572261572 -0.96580922603607184 0.25878730416297912
vn 0.0155448131263256 -0.96580928564071648 0.25878724455833436
vn 0.04641075059771538 -0.96580928564071648 0.25506570935249328
vn 0.04641090333461761 -0.96580916643142704 0.25506591796875
vn 0.07660948485136032 -0.96580922603607184 0.24767637252807616
vn 0.07660945504903793 -0.96580922603607184 0.2476763278245926
vn 0.1057063564658165 -0.96580922603607184 0.23672503232955932
vn 0.10570626705884934 -0.96580922603607184 0.23672495782375336
vn 0.1332831233739853 -0.96580922603607184 0.22236937284469604
vn 0.1332830786705017 -0.96580922603607184 0.22236934304237364
vn 0.24320988357067108 -0.96592593193054192 -0.08852115273475647
vn 0.24320985376834868 -0.96592599153518672 -0.08852114528417587
vn 0.25085628032684328 -0.96568059921264656 -0.06732059270143509
vn 0.2368876487016678 -0.9705849289894104 -0.04300158843398094
vn 0.15894298255443572 -0.96580922603607184 0.204816073179245
vn 0.1589430719614029 -0.96580922603607184 0.20481611788272856
vn 0.18231761455535888 -0.96580922603607184 0.18431720137596132
vn 0.18231754004955292 -0.96580922603607184 0.18431718647480012
vn 0.20307002961635588 -0.96580922603607184 0.16116784512996674
vn 0.2030702531337738 -0.96580916643142704 0.16116788983345032
vn 0.22090247273445128 -0.96580916643142704 0.13570089638233184
vn 0.22090241312980652 -0.96580916643142704 0.13570089638233184
vn 0.23555798828601836 -0.96580916643142704 0.10828228294849396
vn 0.23555801808834076 -0.96580916643142704 0.10828228294849396
vn 0.24682605266571044 -0.96580916643142704 0.07930657267570496
vn 0.24682588875293732 -0.96580922603607184 0.07930659502744675
vn 0.24849708378314972 -0.96580928564071648 -0.07390314340591431
vn 0.25454443693161012 -0.96580922603607184 0.04919032379984856
vn 0.25454449653625488 -0.96580922603607184 0.04919030889868736
vn 0.25555679202079772 -0.96580928564071648 -0.04362576827406883
vn 0.24849709868431092 -0.96580922603607184 -0.0739031583070755
vn 0.25860249996185304 -0.96580922603607184 0.01836668513715267
vn 0.25860232114791872 -0.96580922603607184 0.01836675964295864
vn 0.25894138216972352 -0.96580928564071648 -0.01272090896964073
vn 0.25555673241615296 -0.96580928564071648 -0.04362573847174644
vn 0.25894144177436828 -0.96580922603607184 -0.01272095274180173
vn 0.23879119753837584 -0.9705382585525512 -0.03215991705656051
vn 0.23222848773002624 -0.97257512807846064 -0.0129440352320671
vn -0.33380016684532164 -0.93264472484588624 -0.13693544268608094
vn -0.2344510108232498 -0.97204953432083136 0.01234781369566917
vn -0.22610642015933992 -0.97118991613388064 -0.07527270913124084
vn 0.232008695602417 -0.97259253263473504 -0.01535517256706953
vn 0.21836613118648528 -0.97574394941329952 0.0154906278476119
vn -0.21832296252250672 -0.9757701754570008 0.01440862938761711
vn -0.21804511547088624 -0.97590917348861696 0.00759183522313833
vn 0.21716684103012084 -0.97605437040328976 -0.01250821538269519
vn 0.18533261120319368 -0.98244345188140864 0.02137107588350772
vn -0.23200884461402892 -0.9725924730300904 -0.01535518188029527
vn -0.2294931262731552 -0.97240549325942992 -0.04195734485983848
vn -0.1781436949968338 -0.98194020986557008 -0.06370465457439423
vn -0.1895489990711212 -0.98062133789062496 -0.04952755942940712
vn -0.18332450091838836 -0.98078536987304688 -0.06672465801239014
vn -0.17990387976169586 -0.982011079788208 -0.05734816566109657
vn -0.15722909569740296 -0.67208957672119144 -0.723584532737732
vn -0.3643933832645416 -0.7926604747772216 0.48878091573715208
vn -0.17120720446109772 -0.98119693994522096 -0.08911027759313583
vn 0.39700311422348024 -0.90936666727066048 -0.12426115572452546
vn -0.18149639666080476 -0.98333603143692016 -0.01045369543135166
vn 0.1815814971923828 -0.97914594411849968 0.09111197292804718
vn 0.18998666107654572 -0.97980970144271856 0.06227331608533859
vn -0.11350420117378234 -0.99330514669418336 -0.02148626558482647
vn -0.11603419482707978 -0.9930341243743896 -0.02047734893858432
vn -0.11433713138103486 -0.99301314353942864 -0.02918766997754574
vn 0.03834953531622886 -0.99923795461654656 -0.00727045349776744
vn 0.03952845558524132 -0.999194085597992 -0.00697585754096508
vn 0.03885393589735031 -0.9991956949234008 -0.00991852581501007
# 3121 vertex normals

g obj_29003859
s 1
f 1//1 2//1 3//1
f 2//1 4//1 3//1
f 5//1 6//1 3//1
f 7//1 5//1 3//1
f 8//1 7//1 3//1
f 6//1 9//1 3//1
f 9//1 10//1 3//1
f 10//1 1//1 3//1
f 4//2 11//2 3//2
f 11//3 12//3 3//3
f 12//4 8//4 3//4
f 13//1 7//1 8//1
f 12//5 14//5 8//5
f 14//6 13//6 8//6
f 2//1 15//1 4//1
f 15//7 16//7 4//7
f 16//8 11//8 4//8
f 17//1 7//1 13//1
f 14//9 18//9 13//9
f 18//10 17//10 13//10
f 2//1 19//1 15//1
f 19//11 20//11 15//11
f 20//12 16//12 15//12
f 21//1 7//1 17//1
f 18//13 22//13 17//13
f 22//14 21//14 17//14
f 2//1 23//1 19//1
f 24//15 20//15 19//15
f 23//16 24//16 19//16
f 25//1 7//1 21//1
f 22//17 26//17 21//17
f 26//18 25//18 21//18
f 27//1 7//1 25//1
f 26//19 28//19 25//19
f 28//20 27//20 25//20
f 29//1 7//1 27//1
f 28//21 30//21 27//21
f 30//22 29//22 27//22
f 31//1 32//1 29//1
f 33//1 7//1 29//1
f 32//1 33//1 29//1
f 30//23 34//23 29//23
f 34//24 31//24 29//24
f 2//1 35//1 23//1
f 35//25 36//25 23//25
f 36//26 24//26 23//26
f 34//27 37//27 31//27
f 37//28 32//28 31//28
f 2//1 38//1 35//1
f 38//29 39//29 35//29
f 39//30 36//30 35//30
f 37//31 40//31 32//31
f 40//32 33//32 32//32
f 2//1 41//1 38//1
f 41//33 42//33 38//33
f 42//34 39//34 38//34
f 40//35 43//35 33//35
f 43//36 7//36 33//36
f 2//1 44//1 41//1
f 44//37 45//37 41//37
f 45//38 42//38 41//38
f 43//39 46//39 7//39
f 46//40 5//40 7//40
f 2//1 47//1 44//1
f 47//41 48//41 44//41
f 48//42 45//42 44//42
f 46//43 49//43 5//43
f 49//44 6//44 5//44
f 2//1 50//1 47//1
f 50//45 51//45 47//45
f 51//46 48//46 47//46
f 49//47 52//47 6//47
f 52//48 9//48 6//48
f 52//49 53//49 9//49
f 53//50 10//50 9//50
f 2//1 54//1 50//1
f 54//51 55//51 50//51
f 55//52 51//52 50//52
f 53//53 56//53 10//53
f 56//54 1//54 10//54
f 2//1 57//1 54//1
f 57//55 58//55 54//55
f 58//56 55//56 54//56
f 56//57 59//57 1//57
f 59//58 2//58 1//58
f 2//1 60//1 57//1
f 60//59 61//59 57//59
f 61//60 58//60 57//60
f 62//1 63//1 2//1
f 63//1 64//1 2//1
f 64//1 65//1 2//1
f 65//1 66//1 2//1
f 66//1 67//1 2//1
f 67//1 68//1 2//1
f 68//1 69//1 2//1
f 69//1 70//1 2//1
f 71//1 62//1 2//1
f 72//1 71//1 2//1
f 70//1 73//1 2//1
f 73//1 74//1 2//1
f 74//1 60//1 2//1
f 59//61 75//61 2//61
f 75//62 72//62 2//62
f 74//63 76//63 60//63
f 76//64 61//64 60//64
f 77//1 71//1 72//1
f 75//65 78//65 72//65
f 78//66 77//66 72//66
f 73//67 79//67 74//67
f 79//68 76//68 74//68
f 80//1 71//1 77//1
f 78//69 81//69 77//69
f 81//70 80//70 77//70
f 70//71 82//71 73//71
f 82//72 79//72 73//72
f 83//1 71//1 80//1
f 81//73 84//73 80//73
f 84//74 83//74 80//74
f 85//1 71//1 83//1
f 84//75 86//75 83//75
f 86//76 85//76 83//76
f 69//77 87//77 70//77
f 87//78 82//78 70//78
f 88//1 71//1 85//1
f 86//79 89//79 85//79
f 89//80 88//80 85//80
f 68//81 90//81 69//81
f 90//82 87//82 69//82
f 91//1 71//1 88//1
f 89//83 92//83 88//83
f 92//84 91//84 88//84
f 93//1 71//1 91//1
f 92//85 94//85 91//85
f 94//86 93//86 91//86
f 67//1 95//1 68//1
f 95//87 96//87 68//87
f 96//88 97//88 68//88
f 97//89 90//89 68//89
f 67//90 96//90 95//90
f 98//1 71//1 93//1
f 94//91 99//91 93//91
f 99//92 98//92 93//92
f 100//1 71//1 98//1
f 101//1 100//1 98//1
f 99//93 102//93 98//93
f 102//94 101//94 98//94
f 102//95 103//95 101//95
f 103//96 100//96 101//96
f 103//97 104//97 100//97
f 104//98 71//98 100//98
f 105//99 96//99 67//99
f 66//100 105//100 67//100
f 104//101 106//101 71//101
f 106//102 62//102 71//102
f 65//103 107//103 66//103
f 107//104 105//104 66//104
f 106//105 108//105 62//105
f 108//106 63//106 62//106
f 64//107 109//107 65//107
f 109//108 107//108 65//108
f 108//109 110//109 63//109
f 110//110 64//110 63//110
f 110//111 109//111 64//111
f 39//112 111//112 36//112
f 111//113 24//113 36//113
f 105//114 112//114 96//114
f 112//115 97//115 96//115
f 39//116 113//116 111//116
f 113//117 24//117 111//117
f 105//118 114//118 112//118
f 114//119 97//119 112//119
f 76//120 115//120 61//120
f 115//121 116//121 61//121
f 116//122 117//122 61//122
f 117//123 58//123 61//123
f 117//124 118//124 58//124
f 118//125 55//125 58//125
f 79//126 119//126 76//126
f 119//127 115//127 76//127
f 118//128 120//128 55//128
f 120//129 121//129 55//129
f 121//130 51//130 55//130
f 122//131 123//131 79//131
f 82//132 122//132 79//132
f 123//133 124//133 79//133
f 124//134 119//134 79//134
f 121//135 125//135 51//135
f 125//136 48//136 51//136
f 87//137 122//137 82//137
f 125//138 126//138 48//138
f 126//139 45//139 48//139
f 90//140 127//140 87//140
f 127//141 128//141 87//141
f 128//142 129//142 87//142
f 129//143 122//143 87//143
f 126//144 130//144 45//144
f 130//145 131//145 45//145
f 131//146 42//146 45//146
f 97//147 127//147 90//147
f 131//148 132//148 42//148
f 132//149 39//149 42//149
f 132//150 133//150 39//150
f 133//151 113//151 39//151
f 134//152 127//152 97//152
f 114//153 134//153 97//153
f 133//154 135//154 113//154
f 135//155 24//155 113//155
f 105//156 136//156 114//156
f 136//157 134//157 114//157
f 16//158 137//158 11//158
f 137//159 138//159 11//159
f 138//160 12//160 11//160
f 138//161 139//161 12//161
f 139//162 14//162 12//162
f 20//163 140//163 16//163
f 140//164 137//164 16//164
f 139//165 141//165 14//165
f 141//166 18//166 14//166
f 24//167 142//167 20//167
f 142//168 140//168 20//168
f 141//169 143//169 18//169
f 143//170 22//170 18//170
f 144//171 142//171 24//171
f 145//172 144//172 24//172
f 135//173 145//173 24//173
f 143//174 146//174 22//174
f 146//175 26//175 22//175
f 146//176 147//176 26//176
f 147//177 28//177 26//177
f 147//178 148//178 28//178
f 148//179 30//179 28//179
f 148//180 149//180 30//180
f 149//181 34//181 30//181
f 149//182 150//182 34//182
f 150//183 37//183 34//183
f 150//184 151//184 37//184
f 151//185 40//185 37//185
f 151//186 152//186 40//186
f 152//187 43//187 40//187
f 152//188 153//188 43//188
f 153//189 46//189 43//189
f 153//190 154//190 46//190
f 154//191 49//191 46//191
f 154//192 155//192 49//192
f 155//193 52//193 49//193
f 155//194 156//194 52//194
f 156//195 53//195 52//195
f 156//196 157//196 53//196
f 157//197 56//197 53//197
f 157//198 158//198 56//198
f 158//199 59//199 56//199
f 158//200 159//200 59//200
f 159//201 75//201 59//201
f 159//202 160//202 75//202
f 160//203 78//203 75//203
f 160//204 161//204 78//204
f 161//205 81//205 78//205
f 161//206 162//206 81//206
f 162//207 84//207 81//207
f 162//208 163//208 84//208
f 163//209 86//209 84//209
f 163//210 164//210 86//210
f 164//211 89//211 86//211
f 164//212 165//212 89//212
f 165//213 92//213 89//213
f 165//214 166//214 92//214
f 166//215 94//215 92//215
f 166//216 167//216 94//216
f 167//217 99//217 94//217
f 167//218 168//218 99//218
f 168//219 102//219 99//219
f 168//220 169//220 102//220
f 169//221 103//221 102//221
f 169//222 170//222 103//222
f 170//223 104//223 103//223
f 171//224 172//224 105//224
f 172//225 136//225 105//225
f 107//226 171//226 105//226
f 170//227 173//227 104//227
f 173//228 106//228 104//228
f 109//229 174//229 107//229
f 174//230 171//230 107//230
f 173//231 175//231 106//231
f 175//232 108//232 106//232
f 110//233 176//233 109//233
f 176//234 174//234 109//234
f 175//235 177//235 108//235
f 177//236 110//236 108//236
f 177//237 176//237 110//237
f 133//238 145//238 135//238
f 172//239 134//239 136//239
f 133//240 178//240 145//240
f 178//241 144//241 145//241
f 171//242 179//242 172//242
f 179//243 134//243 172//243
f 180//244 117//244 116//244
f 115//245 180//245 116//245
f 181//246 118//246 117//246
f 180//247 181//247 117//247
f 182//248 180//248 115//248
f 119//249 182//249 115//249
f 124//250 182//250 119//250
f 181//251 120//251 118//251
f 181//252 121//252 120//252
f 123//253 182//253 124//253
f 181//254 183//254 121//254
f 183//255 125//255 121//255
f 184//256 182//256 123//256
f 122//257 184//257 123//257
f 129//258 184//258 122//258
f 183//259 126//259 125//259
f 183//260 130//260 126//260
f 128//261 184//261 129//261
f 185//262 131//262 130//262
f 183//263 185//263 130//263
f 127//264 186//264 128//264
f 186//265 184//265 128//265
f 134//266 187//266 127//266
f 187//267 188//267 127//267
f 188//268 186//268 127//268
f 185//269 132//269 131//269
f 185//270 133//270 132//270
f 185//271 189//271 133//271
f 189//272 190//272 133//272
f 190//273 191//273 133//273
f 191//274 192//274 133//274
f 192//275 178//275 133//275
f 179//276 193//276 134//276
f 193//277 194//277 134//277
f 194//278 187//278 134//278
f 192//279 144//279 178//279
f 171//280 193//280 179//280
f 140//281 195//281 137//281
f 195//282 196//282 137//282
f 196//283 138//283 137//283
f 196//284 197//284 138//284
f 197//285 139//285 138//285
f 142//286 198//286 140//286
f 198//287 195//287 140//287
f 197//288 199//288 139//288
f 199//289 141//289 139//289
f 144//290 200//290 142//290
f 200//291 198//291 142//291
f 199//292 201//292 141//292
f 201//293 143//293 141//293
f 202//294 200//294 144//294
f 192//295 202//295 144//295
f 201//296 203//296 143//296
f 203//297 146//297 143//297
f 203//298 204//298 146//298
f 204//299 147//299 146//299
f 204//300 205//300 147//300
f 205//301 148//301 147//301
f 205//302 206//302 148//302
f 206//303 149//303 148//303
f 191//304 202//304 192//304
f 206//305 207//305 149//305
f 207//306 150//306 149//306
f 207//307 208//307 150//307
f 208//308 151//308 150//308
f 208//309 209//309 151//309
f 209//310 152//310 151//310
f 209//311 210//311 152//311
f 210//312 153//312 152//312
f 210//313 211//313 153//313
f 211//314 154//314 153//314
f 211//315 212//315 154//315
f 212//316 155//316 154//316
f 212//317 213//317 155//317
f 213//318 156//318 155//318
f 213//319 214//319 156//319
f 214//320 157//320 156//320
f 214//321 215//321 157//321
f 215//322 158//322 157//322
f 215//323 216//323 158//323
f 216//324 159//324 158//324
f 216//325 217//325 159//325
f 217//326 160//326 159//326
f 217//327 218//327 160//327
f 218//328 161//328 160//328
f 218//329 219//329 161//329
f 219//330 162//330 161//330
f 219//331 220//331 162//331
f 220//332 163//332 162//332
f 220//333 221//333 163//333
f 221//334 164//334 163//334
f 221//335 222//335 164//335
f 222//336 165//336 164//336
f 222//337 223//337 165//337
f 223//338 166//338 165//338
f 171//339 194//339 193//339
f 223//340 224//340 166//340
f 224//341 167//341 166//341
f 224//342 225//342 167//342
f 225//343 168//343 167//343
f 225//344 226//344 168//344
f 226//345 169//345 168//345
f 226//346 227//346 169//346
f 227//347 170//347 169//347
f 228//348 194//348 171//348
f 174//349 228//349 171//349
f 227//350 229//350 170//350
f 229//351 173//351 170//351
f 176//352 230//352 174//352
f 230//353 228//353 174//353
f 229//354 231//354 173//354
f 231//355 175//355 173//355
f 177//356 232//356 176//356
f 232//357 230//357 176//357
f 231//358 233//358 175//358
f 233//359 177//359 175//359
f 233//360 232//360 177//360
f 228//361 187//361 194//361
f 190//362 202//362 191//362
f 198//363 234//363 195//363
f 234//364 235//364 195//364
f 235//365 196//365 195//365
f 235//366 197//366 196//366
f 200//367 234//367 198//367
f 235//368 236//368 197//368
f 236//369 199//369 197//369
f 202//370 237//370 200//370
f 237//371 234//371 200//371
f 236//372 201//372 199//372
f 238//373 237//373 202//373
f 190//374 238//374 202//374
f 236//375 239//375 201//375
f 239//376 203//376 201//376
f 239//377 204//377 203//377
f 239//378 240//378 204//378
f 240//379 205//379 204//379
f 240//380 206//380 205//380
f 189//381 241//381 190//381
f 241//382 242//382 190//382
f 242//383 243//383 190//383
f 243//384 244//384 190//384
f 244//385 245//385 190//385
f 245//386 246//386 190//386
f 247//387 238//387 190//387
f 246//388 247//388 190//388
f 240//389 248//389 206//389
f 248//390 207//390 206//390
f 248//391 208//391 207//391
f 248//392 249//392 208//392
f 249//393 209//393 208//393
f 249//394 210//394 209//394
f 249//395 250//395 210//395
f 250//396 211//396 210//396
f 250//397 212//397 211//397
f 250//398 251//398 212//398
f 251//399 213//399 212//399
f 251//400 214//400 213//400
f 251//401 252//401 214//401
f 252//402 215//402 214//402
f 252//403 216//403 215//403
f 252//404 253//404 216//404
f 253//405 217//405 216//405
f 253//406 218//406 217//406
f 253//407 254//407 218//407
f 254//408 219//408 218//408
f 254//409 220//409 219//409
f 254//410 255//410 220//410
f 255//411 221//411 220//411
f 255//412 222//412 221//412
f 255//413 256//413 222//413
f 256//414 223//414 222//414
f 257//415 188//415 187//415
f 258//416 257//416 187//416
f 228//417 258//417 187//417
f 256//418 224//418 223//418
f 256//419 259//419 224//419
f 259//420 225//420 224//420
f 259//421 226//421 225//421
f 259//422 260//422 226//422
f 260//423 227//423 226//423
f 230//424 258//424 228//424
f 260//425 229//425 227//425
f 232//426 261//426 230//426
f 261//427 258//427 230//427
f 260//428 262//428 229//428
f 262//429 231//429 229//429
f 233//430 261//430 232//430
f 262//431 233//431 231//431
f 262//432 261//432 233//432
f 263//433 186//433 188//433
f 257//434 264//434 188//434
f 265//435 266//435 188//435
f 266//436 267//436 188//436
f 267//437 268//437 188//437
f 268//438 263//438 188//438
f 264//439 269//439 188//439
f 269//440 270//440 188//440
f 270//441 265//441 188//441
f 271//442 181//442 180//442
f 182//442 271//442 180//442
f 272//442 183//442 181//442
f 271//442 272//442 181//442
f 185//443 273//443 189//443
f 273//444 241//444 189//444
f 274//445 186//445 263//445
f 268//446 274//446 263//446
f 267//447 275//447 268//447
f 275//448 274//448 268//448
f 273//449 276//449 241//449
f 276//450 277//450 241//450
f 277//451 242//451 241//451
f 266//452 278//452 267//452
f 278//453 275//453 267//453
f 184//442 271//442 182//442
f 277//454 279//454 242//454
f 279//455 243//455 242//455
f 185//456 280//456 273//456
f 280//457 281//457 273//457
f 281//458 276//458 273//458
f 265//459 282//459 266//459
f 282//460 278//460 266//460
f 283//461 186//461 274//461
f 284//462 283//462 274//462
f 275//463 284//463 274//463
f 185//464 285//464 280//464
f 285//465 281//465 280//465
f 286//466 186//466 283//466
f 284//467 286//467 283//467
f 185//468 287//468 285//468
f 287//469 281//469 285//469
f 288//470 186//470 286//470
f 284//471 288//471 286//471
f 270//472 289//472 265//472
f 289//473 282//473 265//473
f 185//474 290//474 287//474
f 290//475 281//475 287//475
f 291//476 288//476 284//476
f 275//477 292//477 284//477
f 292//478 293//478 284//478
f 293//479 291//479 284//479
f 294//480 276//480 281//480
f 290//481 294//481 281//481
f 185//482 295//482 290//482
f 296//483 294//483 290//483
f 295//484 296//484 290//484
f 279//485 297//485 243//485
f 297//486 244//486 243//486
f 298//487 186//487 288//487
f 291//488 298//488 288//488
f 278//489 299//489 275//489
f 299//490 292//490 275//490
f 272//442 185//442 183//442
f 300//491 277//491 276//491
f 294//492 300//492 276//492
f 282//493 301//493 278//493
f 301//494 299//494 278//494
f 302//495 279//495 277//495
f 300//496 302//496 277//496
f 303//497 186//497 298//497
f 291//498 303//498 298//498
f 297//499 304//499 244//499
f 304//500 245//500 244//500
f 269//501 305//501 270//501
f 305//502 289//502 270//502
f 185//503 306//503 295//503
f 306//504 296//504 295//504
f 307//505 186//505 303//505
f 291//506 307//506 303//506
f 289//507 308//507 282//507
f 308//508 301//508 282//508
f 185//509 309//509 306//509
f 310//510 296//510 306//510
f 309//511 310//511 306//511
f 185//512 311//512 309//512
f 312//513 310//513 309//513
f 311//514 312//514 309//514
f 313//515 186//515 307//515
f 291//516 313//516 307//516
f 312//517 314//517 310//517
f 314//518 315//518 310//518
f 315//519 296//519 310//519
f 316//520 186//520 313//520
f 291//521 317//521 313//521
f 317//522 318//522 313//522
f 318//523 316//523 313//523
f 293//524 319//524 291//524
f 319//525 317//525 291//525
f 315//526 320//526 296//526
f 320//527 294//527 296//527
f 292//528 321//528 293//528
f 321//529 322//529 293//529
f 322//530 319//530 293//530
f 320//531 300//531 294//531
f 305//532 323//532 289//532
f 323//533 308//533 289//533
f 324//534 297//534 279//534
f 302//535 324//535 279//535
f 185//536 325//536 311//536
f 326//537 312//537 311//537
f 325//538 326//538 311//538
f 299//539 327//539 292//539
f 327//540 321//540 292//540
f 185//541 328//541 325//541
f 328//542 326//542 325//542
f 329//543 186//543 316//543
f 318//544 329//544 316//544
f 264//545 330//545 269//545
f 330//546 331//546 269//546
f 331//547 305//547 269//547
f 332//548 186//548 329//548
f 318//549 333//549 329//549
f 333//550 334//550 329//550
f 334//551 332//551 329//551
f 320//552 335//552 300//552
f 335//553 336//553 300//553
f 336//554 337//554 300//554
f 337//555 302//555 300//555
f 301//556 338//556 299//556
f 338//557 327//557 299//557
f 185//558 339//558 328//558
f 340//559 326//559 328//559
f 339//560 340//560 328//560
f 185//561 341//561 339//561
f 342//562 340//562 339//562
f 341//563 342//563 339//563
f 343//564 186//564 332//564
f 334//565 344//565 332//565
f 344//566 343//566 332//566
f 345//567 186//567 343//567
f 344//568 345//568 343//568
f 186//442 271//442 184//442
f 185//569 346//569 341//569
f 347//570 342//570 341//570
f 346//571 347//571 341//571
f 348//572 186//572 345//572
f 344//573 348//573 345//573
f 185//574 349//574 346//574
f 349//575 347//575 346//575
f 337//576 324//576 302//576
f 318//577 350//577 333//577
f 350//578 344//578 333//578
f 344//579 334//579 333//579
f 351//580 312//580 326//580
f 340//581 351//581 326//581
f 342//582 351//582 340//582
f 352//583 186//583 348//583
f 353//584 352//584 348//584
f 344//585 353//585 348//585
f 347//586 354//586 342//586
f 354//587 351//587 342//587
f 351//588 355//588 312//588
f 355//589 356//589 312//589
f 356//590 314//590 312//590
f 317//591 357//591 318//591
f 357//592 350//592 318//592
f 350//593 353//593 344//593
f 319//594 357//594 317//594
f 349//595 354//595 347//595
f 357//596 358//596 350//596
f 358//597 353//597 350//597
f 185//598 359//598 349//598
f 359//599 354//599 349//599
f 354//600 360//600 351//600
f 360//601 355//601 351//601
f 356//602 315//602 314//602
f 358//603 361//603 353//603
f 361//604 362//604 353//604
f 362//605 352//605 353//605
f 359//606 363//606 354//606
f 363//607 360//607 354//607
f 185//608 363//608 359//608
f 362//609 186//609 352//609
f 185//610 360//610 363//610
f 361//611 186//611 362//611
f 185//612 364//612 360//612
f 364//613 355//613 360//613
f 358//614 186//614 361//614
f 304//615 365//615 245//615
f 365//616 246//616 245//616
f 264//617 366//617 330//617
f 366//618 367//618 330//618
f 367//619 331//619 330//619
f 368//620 304//620 297//620
f 369//621 368//621 297//621
f 324//622 369//622 297//622
f 322//623 357//623 319//623
f 356//624 320//624 315//624
f 331//625 370//625 305//625
f 370//626 323//626 305//626
f 308//627 371//627 301//627
f 371//628 338//628 301//628
f 321//629 357//629 322//629
f 356//630 335//630 320//630
f 372//631 357//631 321//631
f 327//632 372//632 321//632
f 373//633 336//633 335//633
f 356//634 373//634 335//634
f 323//635 374//635 308//635
f 374//636 375//636 308//636
f 375//637 371//637 308//637
f 338//638 372//638 327//638
f 373//639 337//639 336//639
f 337//640 376//640 324//640
f 376//641 377//641 324//641
f 377//642 378//642 324//642
f 378//643 369//643 324//643
f 371//644 372//644 338//644
f 367//645 370//645 331//645
f 373//646 376//646 337//646
f 375//647 372//647 371//647
f 378//648 379//648 369//648
f 379//649 368//649 369//649
f 374//650 372//650 375//650
f 380//651 372//651 374//651
f 381//652 380//652 374//652
f 323//653 381//653 374//653
f 382//654 377//654 376//654
f 373//655 382//655 376//655
f 368//656 383//656 304//656
f 383//657 365//657 304//657
f 366//658 384//658 367//658
f 384//659 385//659 367//659
f 385//660 370//660 367//660
f 370//661 381//661 323//661
f 382//662 378//662 377//662
f 385//663 386//663 370//663
f 386//664 381//664 370//664
f 387//665 379//665 378//665
f 382//666 387//666 378//666
f 386//667 380//667 381//667
f 388//668 356//668 355//668
f 364//669 388//669 355//669
f 272//442 364//442 185//442
f 379//670 389//670 368//670
f 389//671 383//671 368//671
f 390//672 391//672 385//672
f 392//673 390//673 385//673
f 384//674 393//674 385//674
f 393//675 392//675 385//675
f 391//676 386//676 385//676
f 394//677 380//677 386//677
f 391//678 394//678 386//678
f 387//679 389//679 379//679
f 390//680 394//680 391//680
f 390//681 395//681 394//681
f 395//682 380//682 394//682
f 396//683 389//683 387//683
f 397//684 396//684 387//684
f 382//685 397//685 387//685
f 398//686 247//686 246//686
f 399//687 398//687 246//687
f 365//688 399//688 246//688
f 264//689 400//689 366//689
f 401//690 384//690 366//690
f 400//691 401//691 366//691
f 402//692 403//692 404//692
f 405//692 402//692 404//692
f 406//693 405//693 404//693
f 403//694 406//694 404//694
f 407//693 405//693 406//693
f 408//442 407//442 406//442
f 403//694 408//694 406//694
f 409//695 408//695 403//695
f 402//695 409//695 403//695
f 409//442 407//442 408//442
f 396//696 383//696 389//696
f 392//697 395//697 390//697
f 410//698 236//698 235//698
f 411//699 410//699 235//699
f 234//700 411//700 235//700
f 412//701 411//701 234//701
f 237//702 412//702 234//702
f 413//703 239//703 236//703
f 410//703 413//703 236//703
f 414//704 415//704 237//704
f 238//705 414//705 237//705
f 415//706 412//706 237//706
f 416//707 240//707 239//707
f 413//708 416//708 239//708
f 417//709 248//709 240//709
f 416//710 417//710 240//710
f 418//711 414//711 238//711
f 247//712 418//712 238//712
f 419//713 249//713 248//713
f 417//714 419//714 248//714
f 420//715 250//715 249//715
f 419//715 420//715 249//715
f 421//716 251//716 250//716
f 420//717 421//717 250//717
f 422//718 252//718 251//718
f 421//718 422//718 251//718
f 423//719 253//719 252//719
f 422//719 423//719 252//719
f 424//720 254//720 253//720
f 423//721 424//721 253//721
f 425//722 255//722 254//722
f 424//723 425//723 254//723
f 426//724 256//724 255//724
f 425//725 426//725 255//725
f 258//726 427//726 257//726
f 427//727 428//727 257//727
f 428//728 429//728 257//728
f 429//729 264//729 257//729
f 430//730 259//730 256//730
f 426//731 430//731 256//731
f 431//732 260//732 259//732
f 430//732 431//732 259//732
f 261//733 427//733 258//733
f 432//734 262//734 260//734
f 431//735 432//735 260//735
f 433//736 427//736 261//736
f 262//737 433//737 261//737
f 432//738 433//738 262//738
f 434//739 418//739 247//739
f 398//740 434//740 247//740
f 435//741 399//741 365//741
f 436//742 435//742 365//742
f 383//743 437//743 365//743
f 437//744 438//744 365//744
f 438//745 436//745 365//745
f 439//746 440//746 384//746
f 440//747 441//747 384//747
f 441//748 393//748 384//748
f 401//749 439//749 384//749
f 429//750 442//750 264//750
f 442//751 400//751 264//751
f 399//752 434//752 398//752
f 442//753 401//753 400//753
f 358//754 443//754 186//754
f 443//442 271//442 186//442
f 380//755 444//755 372//755
f 444//756 445//756 372//756
f 445//757 357//757 372//757
f 446//758 382//758 373//758
f 447//759 446//759 373//759
f 356//760 447//760 373//760
f 448//761 358//761 357//761
f 445//762 449//762 357//762
f 449//763 448//763 357//763
f 450//764 447//764 356//764
f 388//765 450//765 356//765
f 395//766 451//766 380//766
f 451//767 444//767 380//767
f 452//768 397//768 382//768
f 446//769 452//769 382//769
f 453//770 434//770 399//770
f 435//771 453//771 399//771
f 442//772 439//772 401//772
f 448//773 443//773 358//773
f 454//774 450//774 388//774
f 364//775 454//775 388//775
f 392//776 451//776 395//776
f 455//777 396//777 397//777
f 456//778 455//778 397//778
f 452//779 456//779 397//779
f 457//780 437//780 383//780
f 396//781 458//781 383//781
f 458//782 459//782 383//782
f 459//783 457//783 383//783
f 460//784 461//784 393//784
f 461//785 462//785 393//785
f 441//786 463//786 393//786
f 463//787 460//787 393//787
f 462//788 392//788 393//788
f 436//789 453//789 435//789
f 442//790 464//790 439//790
f 464//791 440//791 439//791
f 455//792 465//792 396//792
f 465//793 466//793 396//793
f 466//794 458//794 396//794
f 467//795 451//795 392//795
f 468//796 467//796 392//796
f 469//797 468//797 392//797
f 462//798 469//798 392//798
f 449//799 470//799 448//799
f 470//800 443//800 448//800
f 438//801 453//801 436//801
f 464//802 441//802 440//802
f 471//803 453//803 438//803
f 437//804 471//804 438//804
f 464//805 463//805 441//805
f 457//806 471//806 437//806
f 472//807 460//807 463//807
f 464//808 472//808 463//808
f 459//809 471//809 457//809
f 472//810 461//810 460//810
f 458//811 471//811 459//811
f 472//812 462//812 461//812
f 473//813 471//813 458//813
f 466//814 473//814 458//814
f 472//815 469//815 462//815
f 272//442 454//442 364//442
f 465//816 473//816 466//816
f 474//817 468//817 469//817
f 472//818 474//818 469//818
f 455//819 473//819 465//819
f 474//820 467//820 468//820
f 475//821 473//821 455//821
f 456//822 475//822 455//822
f 474//823 476//823 467//823
f 476//824 451//824 467//824
f 477//825 414//825 418//825
f 478//826 477//826 418//826
f 434//827 478//827 418//827
f 428//828 479//828 429//828
f 480//829 442//829 429//829
f 479//830 480//830 429//830
f 481//831 447//831 450//831
f 454//832 481//832 450//832
f 482//833 478//833 434//833
f 453//834 483//834 434//834
f 483//835 484//835 434//835
f 484//836 482//836 434//836
f 485//837 486//837 442//837
f 486//838 464//838 442//838
f 480//839 485//839 442//839
f 444//840 487//840 445//840
f 487//841 488//841 445//841
f 488//842 449//842 445//842
f 489//843 452//843 446//843
f 490//844 489//844 446//844
f 447//845 490//845 446//845
f 491//846 470//846 449//846
f 488//847 492//847 449//847
f 492//848 491//848 449//848
f 493//849 490//849 447//849
f 481//850 493//850 447//850
f 451//851 476//851 444//851
f 476//852 487//852 444//852
f 475//853 456//853 452//853
f 494//854 475//854 452//854
f 489//855 494//855 452//855
f 470//856 495//856 443//856
f 495//442 271//442 443//442
f 491//857 495//857 470//857
f 454//858 493//858 481//858
f 496//859 497//859 453//859
f 497//860 483//860 453//860
f 498//861 496//861 453//861
f 471//862 498//862 453//862
f 499//863 500//863 464//863
f 500//864 501//864 464//864
f 501//865 472//865 464//865
f 486//866 502//866 464//866
f 502//867 499//867 464//867
f 503//868 473//868 475//868
f 504//869 505//869 475//869
f 505//870 506//870 475//870
f 506//871 503//871 475//871
f 494//872 504//872 475//872
f 507//873 508//873 476//873
f 509//874 507//874 476//874
f 474//875 509//875 476//875
f 508//876 487//876 476//876
f 510//693 511//693 512//693
f 511//693 513//693 512//693
f 513//877 514//877 512//877
f 405//694 510//694 512//694
f 514//694 405//694 512//694
f 515//878 516//878 510//878
f 516//878 511//878 510//878
f 407//694 515//694 510//694
f 405//694 407//694 510//694
f 513//877 517//877 514//877
f 517//879 518//879 514//879
f 518//694 405//694 514//694
f 519//880 520//880 515//880
f 520//880 516//880 515//880
f 407//694 519//694 515//694
f 517//879 521//879 518//879
f 521//881 522//881 518//881
f 522//694 405//694 518//694
f 523//882 524//882 519//882
f 524//882 520//882 519//882
f 525//694 523//694 519//694
f 407//694 525//694 519//694
f 522//694 526//694 405//694
f 526//694 402//694 405//694
f 527//694 525//694 407//694
f 409//694 527//694 407//694
f 521//881 528//881 522//881
f 528//883 526//883 522//883
f 525//884 529//884 523//884
f 529//884 524//884 523//884
f 528//883 530//883 526//883
f 530//885 531//885 526//885
f 531//694 402//694 526//694
f 527//886 532//886 525//886
f 532//886 529//886 525//886
f 530//885 533//885 531//885
f 533//887 534//887 531//887
f 534//694 402//694 531//694
f 535//888 536//888 527//888
f 536//888 532//888 527//888
f 409//694 535//694 527//694
f 534//694 537//694 402//694
f 537//694 538//694 402//694
f 538//694 539//694 402//694
f 539//694 409//694 402//694
f 539//694 540//694 409//694
f 540//694 541//694 409//694
f 541//694 535//694 409//694
f 533//887 542//887 534//887
f 542//889 537//889 534//889
f 541//890 543//890 535//890
f 543//890 536//890 535//890
f 542//889 544//889 537//889
f 544//891 538//891 537//891
f 540//892 545//892 541//892
f 545//892 543//892 541//892
f 544//891 546//891 538//891
f 546//893 539//893 538//893
f 539//894 547//894 540//894
f 547//895 545//895 540//895
f 546//896 547//896 539//896
f 548//897 498//897 471//897
f 473//898 549//898 471//898
f 549//899 550//899 471//899
f 550//900 548//900 471//900
f 551//901 552//901 472//901
f 552//902 474//902 472//902
f 501//903 553//903 472//903
f 553//904 551//904 472//904
f 492//905 554//905 491//905
f 554//906 495//906 491//906
f 555//907 493//907 454//907
f 272//442 555//442 454//442
f 503//908 556//908 473//908
f 556//909 557//909 473//909
f 557//910 549//910 473//910
f 558//911 509//911 474//911
f 559//912 558//912 474//912
f 552//913 560//913 474//913
f 560//914 559//914 474//914
f 561//915 492//915 488//915
f 562//916 561//916 488//916
f 487//917 562//917 488//917
f 490//918 563//918 489//918
f 563//919 564//919 489//919
f 564//920 494//920 489//920
f 565//921 554//921 492//921
f 566//922 565//922 492//922
f 561//923 566//923 492//923
f 493//924 567//924 490//924
f 567//925 563//925 490//925
f 568//926 562//926 487//926
f 508//927 568//927 487//927
f 569//928 504//928 494//928
f 564//929 570//929 494//929
f 570//930 569//930 494//930
f 571//931 495//931 554//931
f 565//932 571//932 554//932
f 555//933 567//933 493//933
f 572//934 568//934 508//934
f 507//935 572//935 508//935
f 569//936 573//936 504//936
f 573//937 505//937 504//937
f 511//694 410//694 411//694
f 513//694 511//694 411//694
f 412//694 513//694 411//694
f 517//694 513//694 412//694
f 415//694 517//694 412//694
f 511//694 413//694 410//694
f 521//694 517//694 415//694
f 414//694 521//694 415//694
f 516//694 416//694 413//694
f 511//694 516//694 413//694
f 516//694 520//694 416//694
f 520//694 417//694 416//694
f 574//694 521//694 414//694
f 477//938 574//938 414//938
f 575//694 521//694 574//694
f 477//939 576//939 574//939
f 577//940 575//940 574//940
f 576//941 577//941 574//941
f 520//694 419//694 417//694
f 578//694 521//694 575//694
f 577//942 579//942 575//942
f 579//943 578//943 575//943
f 524//694 420//694 419//694
f 520//694 524//694 419//694
f 580//694 521//694 578//694
f 579//944 581//944 578//944
f 581//945 580//945 578//945
f 528//694 521//694 580//694
f 582//694 528//694 580//694
f 581//946 583//946 580//946
f 583//947 582//947 580//947
f 584//694 528//694 582//694
f 583//948 585//948 582//948
f 585//949 584//949 582//949
f 529//694 421//694 420//694
f 524//694 529//694 420//694
f 586//694 528//694 584//694
f 585//950 587//950 584//950
f 587//951 586//951 584//951
f 586//694 530//694 528//694
f 588//694 530//694 586//694
f 587//952 589//952 586//952
f 589//953 588//953 586//953
f 529//694 422//694 421//694
f 588//694 590//694 530//694
f 590//694 533//694 530//694
f 532//694 422//694 529//694
f 589//954 591//954 588//954
f 591//955 590//955 588//955
f 592//694 533//694 590//694
f 591//956 593//956 590//956
f 593//957 592//957 590//957
f 532//694 423//694 422//694
f 592//694 542//694 533//694
f 536//694 424//694 532//694
f 424//694 423//694 532//694
f 594//694 542//694 592//694
f 593//958 595//958 592//958
f 595//959 594//959 592//959
f 596//694 544//694 542//694
f 597//694 596//694 542//694
f 594//694 597//694 542//694
f 543//694 425//694 536//694
f 425//694 424//694 536//694
f 595//960 598//960 594//960
f 598//961 597//961 594//961
f 598//962 599//962 597//962
f 599//963 596//963 597//963
f 596//694 600//694 544//694
f 600//694 601//694 544//694
f 601//694 428//694 544//694
f 428//694 546//694 544//694
f 545//694 430//694 543//694
f 430//694 426//694 543//694
f 426//694 425//694 543//694
f 599//964 602//964 596//964
f 602//965 600//965 596//965
f 433//694 547//694 546//694
f 428//694 427//694 546//694
f 427//694 433//694 546//694
f 547//694 432//694 545//694
f 432//694 431//694 545//694
f 431//694 430//694 545//694
f 433//694 432//694 547//694
f 603//966 601//966 600//966
f 602//967 603//967 600//967
f 479//968 428//968 601//968
f 603//969 479//969 601//969
f 478//970 576//970 477//970
f 603//971 480//971 479//971
f 604//972 591//972 589//972
f 605//973 604//973 589//973
f 587//974 605//974 589//974
f 606//975 593//975 591//975
f 604//976 606//976 591//976
f 607//977 605//977 587//977
f 585//978 607//978 587//978
f 608//979 607//979 585//979
f 583//980 608//980 585//980
f 609//981 595//981 593//981
f 606//982 609//982 593//982
f 610//983 608//983 583//983
f 581//984 610//984 583//984
f 571//442 271//442 495//442
f 611//985 598//985 595//985
f 609//986 611//986 595//986
f 612//987 599//987 598//987
f 611//988 612//988 598//988
f 613//989 563//989 567//989
f 555//990 613//990 567//990
f 614//991 610//991 581//991
f 579//992 614//992 581//992
f 615//993 602//993 599//993
f 616//994 615//994 599//994
f 612//995 616//995 599//995
f 577//996 614//996 579//996
f 478//997 482//997 576//997
f 482//998 484//998 576//998
f 484//999 617//999 576//999
f 618//1000 577//1000 576//1000
f 617//1001 618//1001 576//1001
f 485//1002 480//1002 603//1002
f 486//1003 485//1003 603//1003
f 619//1004 486//1004 603//1004
f 602//1005 619//1005 603//1005
f 618//1006 614//1006 577//1006
f 615//1007 619//1007 602//1007
f 620//1008 606//1008 604//1008
f 621//1009 620//1009 604//1009
f 605//1010 621//1010 604//1010
f 622//1011 609//1011 606//1011
f 620//1012 622//1012 606//1012
f 623//1013 621//1013 605//1013
f 607//1014 623//1014 605//1014
f 624//1015 623//1015 607//1015
f 608//1016 624//1016 607//1016
f 625//1017 611//1017 609//1017
f 622//1018 625//1018 609//1018
f 626//1019 624//1019 608//1019
f 610//1020 626//1020 608//1020
f 627//1021 612//1021 611//1021
f 625//1022 627//1022 611//1022
f 483//1023 617//1023 484//1023
f 619//1024 502//1024 486//1024
f 628//1025 616//1025 612//1025
f 627//1026 628//1026 612//1026
f 629//1027 622//1027 620//1027
f 630//1028 629//1028 620//1028
f 621//1029 630//1029 620//1029
f 631//1030 625//1030 622//1030
f 629//1031 631//1031 622//1031
f 632//1032 626//1032 610//1032
f 614//1033 632//1033 610//1033
f 633//1034 630//1034 621//1034
f 623//1035 633//1035 621//1035
f 634//1036 635//1036 616//1036
f 628//1037 634//1037 616//1037
f 635//1038 615//1038 616//1038
f 636//1039 633//1039 623//1039
f 624//1040 636//1040 623//1040
f 618//1041 632//1041 614//1041
f 497//1042 617//1042 483//1042
f 619//1043 499//1043 502//1043
f 637//1044 627//1044 625//1044
f 631//1045 637//1045 625//1045
f 638//1046 617//1046 497//1046
f 496//1047 638//1047 497//1047
f 619//1048 500//1048 499//1048
f 639//1049 618//1049 617//1049
f 638//1050 639//1050 617//1050
f 640//1051 500//1051 619//1051
f 615//1052 640//1052 619//1052
f 639//1053 632//1053 618//1053
f 635//1054 640//1054 615//1054
f 630//1055 641//1055 629//1055
f 641//1056 642//1056 629//1056
f 642//1057 643//1057 629//1057
f 643//1058 644//1058 629//1058
f 644//1059 631//1059 629//1059
f 644//1060 637//1060 631//1060
f 645//1061 636//1061 624//1061
f 626//1062 645//1062 624//1062
f 646//1063 628//1063 627//1063
f 637//1064 646//1064 627//1064
f 633//1065 647//1065 630//1065
f 647//1066 648//1066 630//1066
f 648//1067 641//1067 630//1067
f 649//1068 634//1068 628//1068
f 646//1069 649//1069 628//1069
f 636//1070 647//1070 633//1070
f 644//1071 650//1071 637//1071
f 650//1072 651//1072 637//1072
f 651//1073 646//1073 637//1073
f 652//1074 645//1074 626//1074
f 632//1075 652//1075 626//1075
f 498//1076 638//1076 496//1076
f 640//1077 501//1077 500//1077
f 653//1078 643//1078 642//1078
f 641//1079 653//1079 642//1079
f 653//1080 644//1080 643//1080
f 654//1081 655//1081 634//1081
f 649//1082 654//1082 634//1082
f 655//1083 635//1083 634//1083
f 653//1084 650//1084 644//1084
f 639//1085 652//1085 632//1085
f 640//1086 553//1086 501//1086
f 656//1087 638//1087 498//1087
f 548//1088 656//1088 498//1088
f 657//1089 639//1089 638//1089
f 656//1090 657//1090 638//1090
f 658//1091 553//1091 640//1091
f 635//1092 658//1092 640//1092
f 648//1093 659//1093 641//1093
f 659//1094 653//1094 641//1094
f 647//1095 659//1095 648//1095
f 660//1096 651//1096 650//1096
f 653//1097 660//1097 650//1097
f 657//1098 652//1098 639//1098
f 655//1099 658//1099 635//1099
f 661//1100 662//1100 636//1100
f 645//1101 661//1101 636//1101
f 662//1102 663//1102 636//1102
f 663//1103 647//1103 636//1103
f 651//1104 664//1104 646//1104
f 664//1105 665//1105 646//1105
f 665//1106 666//1106 646//1106
f 666//1107 649//1107 646//1107
f 663//1108 659//1108 647//1108
f 666//1109 667//1109 649//1109
f 667//1110 654//1110 649//1110
f 668//1111 664//1111 651//1111
f 660//1112 668//1112 651//1112
f 669//1113 670//1113 569//1113
f 670//1114 573//1114 569//1114
f 570//1115 669//1115 569//1115
f 671//1116 672//1116 568//1116
f 572//1117 671//1117 568//1117
f 672//1118 562//1118 568//1118
f 550//1119 656//1119 548//1119
f 658//1120 551//1120 553//1120
f 652//1121 661//1121 645//1121
f 673//1122 613//1122 555//1122
f 272//442 673//442 555//442
f 667//1123 674//1123 654//1123
f 674//1124 655//1124 654//1124
f 549//1125 656//1125 550//1125
f 658//1126 552//1126 551//1126
f 662//1127 675//1127 663//1127
f 675//1128 659//1128 663//1128
f 676//1129 661//1129 652//1129
f 657//1130 676//1130 652//1130
f 661//1131 675//1131 662//1131
f 668//1132 665//1132 664//1132
f 677//1133 560//1133 552//1133
f 658//1134 677//1134 552//1134
f 678//1135 656//1135 549//1135
f 557//1136 678//1136 549//1136
f 668//1137 666//1137 665//1137
f 678//1138 679//1138 656//1138
f 680//1139 657//1139 656//1139
f 679//1140 680//1140 656//1140
f 566//1141 681//1141 565//1141
f 681//1142 571//1142 565//1142
f 682//1143 677//1143 658//1143
f 655//1144 682//1144 658//1144
f 680//1145 676//1145 657//1145
f 674//1146 682//1146 655//1146
f 668//1147 667//1147 666//1147
f 556//1148 678//1148 557//1148
f 677//1149 559//1149 560//1149
f 683//1150 675//1150 661//1150
f 676//1151 683//1151 661//1151
f 684//1152 674//1152 667//1152
f 668//1153 684//1153 667//1153
f 680//1154 683//1154 676//1154
f 503//1155 678//1155 556//1155
f 677//1156 558//1156 559//1156
f 506//1157 685//1157 503//1157
f 685//1158 678//1158 503//1158
f 677//1159 686//1159 558//1159
f 686//1160 687//1160 558//1160
f 687//1161 509//1161 558//1161
f 562//1162 688//1162 561//1162
f 688//1163 689//1163 561//1163
f 689//1164 566//1164 561//1164
f 563//1165 690//1165 564//1165
f 690//1166 691//1166 564//1166
f 691//1167 570//1167 564//1167
f 689//1168 692//1168 566//1168
f 692//1169 681//1169 566//1169
f 613//1170 693//1170 563//1170
f 693//1171 690//1171 563//1171
f 672//1172 694//1172 562//1172
f 694//1173 688//1173 562//1173
f 691//1174 695//1174 570//1174
f 695//1175 669//1175 570//1175
f 682//1176 686//1176 677//1176
f 685//1177 696//1177 678//1177
f 696//1178 679//1178 678//1178
f 692//1179 697//1179 681//1179
f 697//1180 571//1180 681//1180
f 673//1181 693//1181 613//1181
f 696//1182 698//1182 679//1182
f 698//1183 680//1183 679//1183
f 699//1184 694//1184 672//1184
f 671//1185 699//1185 672//1185
f 700//1186 701//1186 669//1186
f 701//1187 670//1187 669//1187
f 695//1188 700//1188 669//1188
f 674//1189 702//1189 682//1189
f 702//1190 686//1190 682//1190
f 698//1191 683//1191 680//1191
f 684//1192 702//1192 674//1192
f 703//1193 660//1193 653//1193
f 704//1194 703//1194 653//1194
f 659//1195 704//1195 653//1195
f 696//1196 683//1196 698//1196
f 684//1197 686//1197 702//1197
f 675//1198 705//1198 659//1198
f 705//1199 704//1199 659//1199
f 706//1200 668//1200 660//1200
f 703//1201 706//1201 660//1201
f 697//1202 707//1202 571//1202
f 707//442 271//442 571//442
f 683//1203 708//1203 675//1203
f 708//1204 705//1204 675//1204
f 709//1205 684//1205 668//1205
f 706//1206 709//1206 668//1206
f 710//1207 690//1207 693//1207
f 673//1208 710//1208 693//1208
f 685//1196 711//1196 696//1196
f 711//1196 683//1196 696//1196
f 712//1197 687//1197 686//1197
f 684//1197 712//1197 686//1197
f 506//1209 711//1209 685//1209
f 712//1210 509//1210 687//1210
f 713//1211 708//1211 683//1211
f 711//1212 713//1212 683//1212
f 714//1213 712//1213 684//1213
f 709//1214 714//1214 684//1214
f 704//1215 715//1215 703//1215
f 716//1216 706//1216 703//1216
f 715//1217 716//1217 703//1217
f 717//1218 715//1218 704//1218
f 705//1219 717//1219 704//1219
f 718//1220 709//1220 706//1220
f 716//1221 718//1221 706//1221
f 719//1222 710//1222 673//1222
f 272//442 719//442 673//442
f 708//1223 720//1223 705//1223
f 720//1224 717//1224 705//1224
f 721//1225 714//1225 709//1225
f 718//1226 721//1226 709//1226
f 688//1227 722//1227 689//1227
f 722//1228 723//1228 689//1228
f 723//1229 692//1229 689//1229
f 724//1230 695//1230 691//1230
f 725//1231 724//1231 691//1231
f 690//1232 725//1232 691//1232
f 723//1233 726//1233 692//1233
f 726//1234 727//1234 692//1234
f 727//1235 728//1235 692//1235
f 728//1236 697//1236 692//1236
f 729//1237 725//1237 690//1237
f 710//1238 729//1238 690//1238
f 694//1239 730//1239 688//1239
f 730//1240 722//1240 688//1240
f 731//1241 700//1241 695//1241
f 732//1242 731//1242 695//1242
f 733//1243 732//1243 695//1243
f 724//1244 733//1244 695//1244
f 728//1245 707//1245 697//1245
f 719//1246 729//1246 710//1246
f 699//1247 730//1247 694//1247
f 731//1248 734//1248 700//1248
f 734//1249 701//1249 700//1249
f 506//1250 735//1250 711//1250
f 735//1251 736//1251 711//1251
f 736//1252 713//1252 711//1252
f 737//1253 509//1253 712//1253
f 738//1254 737//1254 712//1254
f 714//1255 738//1255 712//1255
f 739//1256 740//1256 731//1256
f 732//1257 739//1257 731//1257
f 740//1258 741//1258 731//1258
f 741//1259 734//1259 731//1259
f 699//1260 742//1260 730//1260
f 743//1261 744//1261 730//1261
f 745//1262 743//1262 730//1262
f 742//1263 745//1263 730//1263
f 744//1264 722//1264 730//1264
f 746//442 747//442 272//442
f 747//442 748//442 272//442
f 748//442 749//442 272//442
f 749//442 719//442 272//442
f 750//693 751//693 272//693
f 751//693 746//693 272//693
f 271//694 750//694 272//694
f 271//694 752//694 750//694
f 752//442 753//442 750//442
f 753//442 754//442 750//442
f 754//442 755//442 750//442
f 755//442 756//442 750//442
f 756//442 757//442 750//442
f 757//442 751//442 750//442
f 707//442 758//442 271//442
f 758//442 759//442 271//442
f 759//442 760//442 271//442
f 760//695 752//695 271//695
f 760//695 761//695 752//695
f 761//442 762//442 752//442
f 762//442 763//442 752//442
f 763//442 764//442 752//442
f 764//442 765//442 752//442
f 765//442 766//442 752//442
f 766//442 753//442 752//442
f 727//1265 707//1265 728//1265
f 505//1266 735//1266 506//1266
f 737//1267 507//1267 509//1267
f 573//1268 735//1268 505//1268
f 737//1269 572//1269 507//1269
f 713//1270 767//1270 708//1270
f 767//1270 720//1270 708//1270
f 768//1271 738//1271 714//1271
f 721//1272 768//1272 714//1272
f 769//1273 718//1273 716//1273
f 770//1274 769//1274 716//1274
f 715//1275 770//1275 716//1275
f 727//1276 758//1276 707//1276
f 717//1277 771//1277 715//1277
f 771//1278 770//1278 715//1278
f 772//1279 721//1279 718//1279
f 769//1280 772//1280 718//1280
f 773//1281 767//1281 713//1281
f 736//1282 773//1282 713//1282
f 774//1283 737//1283 738//1283
f 775//1284 774//1284 738//1284
f 768//1271 775//1271 738//1271
f 573//1285 776//1285 735//1285
f 776//1286 777//1286 735//1286
f 777//1287 736//1287 735//1287
f 778//1288 572//1288 737//1288
f 774//1289 778//1289 737//1289
f 779//1290 771//1290 717//1290
f 720//1290 779//1290 717//1290
f 780//1291 768//1291 721//1291
f 772//1292 780//1292 721//1292
f 781//1293 725//1293 729//1293
f 719//1294 781//1294 729//1294
f 767//1295 782//1295 720//1295
f 782//1296 779//1296 720//1296
f 783//1297 775//1297 768//1297
f 780//1291 783//1291 768//1291
f 670//1298 776//1298 573//1298
f 778//1299 671//1299 572//1299
f 784//1300 776//1300 670//1300
f 701//1301 784//1301 670//1301
f 778//1302 699//1302 671//1302
f 777//1303 785//1303 736//1303
f 785//1304 773//1304 736//1304
f 775//1305 786//1305 774//1305
f 787//1306 778//1306 774//1306
f 786//1307 787//1307 774//1307
f 749//1308 788//1308 719//1308
f 788//1309 781//1309 719//1309
f 722//1310 789//1310 723//1310
f 789//1311 790//1311 723//1311
f 790//1312 726//1312 723//1312
f 791//1313 733//1313 724//1313
f 792//1314 791//1314 724//1314
f 725//1315 792//1315 724//1315
f 793//1316 727//1316 726//1316
f 790//1317 794//1317 726//1317
f 794//1318 793//1318 726//1318
f 788//1319 792//1319 725//1319
f 781//1320 788//1320 725//1320
f 744//1321 795//1321 722//1321
f 795//1322 789//1322 722//1322
f 796//1323 797//1323 733//1323
f 791//1324 796//1324 733//1324
f 797//1325 732//1325 733//1325
f 793//1326 758//1326 727//1326
f 743//1327 795//1327 744//1327
f 798//1328 739//1328 732//1328
f 797//1329 798//1329 732//1329
f 773//1330 799//1330 767//1330
f 799//1331 782//1331 767//1331
f 783//1332 800//1332 775//1332
f 800//1333 786//1333 775//1333
f 784//1334 801//1334 776//1334
f 801//1335 777//1335 776//1335
f 787//1336 802//1336 778//1336
f 802//1337 699//1337 778//1337
f 770//1338 803//1338 769//1338
f 804//1339 772//1339 769//1339
f 803//1340 804//1340 769//1340
f 805//1341 803//1341 770//1341
f 771//1342 805//1342 770//1342
f 806//1343 780//1343 772//1343
f 804//1344 806//1344 772//1344
f 807//1345 754//1345 753//1345
f 808//1346 807//1346 753//1346
f 766//1346 808//1346 753//1346
f 809//1345 754//1345 807//1345
f 810//442 809//442 807//442
f 808//442 810//442 807//442
f 779//1347 811//1347 771//1347
f 811//1348 805//1348 771//1348
f 812//1349 783//1349 780//1349
f 806//1350 812//1350 780//1350
f 813//1351 808//1351 766//1351
f 765//1351 813//1351 766//1351
f 813//442 810//442 808//442
f 814//1352 734//1352 741//1352
f 740//1353 815//1353 741//1353
f 816//1354 814//1354 741//1354
f 815//1355 816//1355 741//1355
f 742//1356 817//1356 745//1356
f 818//1357 743//1357 745//1357
f 817//1358 819//1358 745//1358
f 819//1359 818//1359 745//1359
f 820//1360 799//1360 773//1360
f 785//1360 820//1360 773//1360
f 800//1361 821//1361 786//1361
f 822//1362 787//1362 786//1362
f 821//1363 822//1363 786//1363
f 823//1364 811//1364 779//1364
f 782//1365 823//1365 779//1365
f 812//1366 824//1366 783//1366
f 824//1367 800//1367 783//1367
f 809//1368 755//1368 754//1368
f 825//1368 755//1368 809//1368
f 810//442 825//442 809//442
f 794//1369 826//1369 793//1369
f 826//1370 758//1370 793//1370
f 801//1371 827//1371 777//1371
f 827//1372 785//1372 777//1372
f 822//1373 828//1373 787//1373
f 828//1374 802//1374 787//1374
f 734//1375 784//1375 701//1375
f 802//1376 742//1376 699//1376
f 829//1377 830//1377 797//1377
f 830//1378 831//1378 797//1378
f 832//1379 798//1379 797//1379
f 831//1380 832//1380 797//1380
f 796//1381 829//1381 797//1381
f 833//1382 834//1382 795//1382
f 743//1383 835//1383 795//1383
f 835//1384 836//1384 795//1384
f 836//1385 833//1385 795//1385
f 834//1386 789//1386 795//1386
f 814//1387 784//1387 734//1387
f 802//1388 817//1388 742//1388
f 837//1389 813//1389 765//1389
f 764//1389 837//1389 765//1389
f 837//442 810//442 813//442
f 818//1390 835//1390 743//1390
f 826//1391 759//1391 758//1391
f 799//1392 838//1392 782//1392
f 838//1392 823//1392 782//1392
f 824//1393 839//1393 800//1393
f 839//1394 821//1394 800//1394
f 739//1395 815//1395 740//1395
f 814//1396 840//1396 784//1396
f 840//1397 841//1397 784//1397
f 841//1398 801//1398 784//1398
f 828//1399 842//1399 802//1399
f 842//1400 819//1400 802//1400
f 819//1401 817//1401 802//1401
f 827//1402 843//1402 785//1402
f 843//1403 820//1403 785//1403
f 821//1363 844//1363 822//1363
f 844//1404 845//1404 822//1404
f 845//1405 828//1405 822//1405
f 825//1406 756//1406 755//1406
f 846//1406 756//1406 825//1406
f 810//442 846//442 825//442
f 820//1407 847//1407 799//1407
f 847//1407 838//1407 799//1407
f 839//1394 848//1394 821//1394
f 848//1408 844//1408 821//1408
f 803//1409 849//1409 804//1409
f 850//1410 806//1410 804//1410
f 849//1411 850//1411 804//1411
f 798//1412 815//1412 739//1412
f 805//1413 851//1413 803//1413
f 851//1414 849//1414 803//1414
f 852//1415 812//1415 806//1415
f 850//1416 852//1416 806//1416
f 818//1417 836//1417 835//1417
f 832//1418 815//1418 798//1418
f 853//1419 851//1419 805//1419
f 811//1420 853//1420 805//1420
f 852//1421 854//1421 812//1421
f 854//1422 824//1422 812//1422
f 841//1423 855//1423 801//1423
f 855//1424 827//1424 801//1424
f 856//1425 842//1425 828//1425
f 845//1426 856//1426 828//1426
f 816//1427 840//1427 814//1427
f 857//1428 794//1428 790//1428
f 858//1429 857//1429 790//1429
f 789//1430 858//1430 790//1430
f 792//1431 859//1431 791//1431
f 859//1432 860//1432 791//1432
f 860//1433 796//1433 791//1433
f 861//1434 826//1434 794//1434
f 862//1435 861//1435 794//1435
f 857//1436 862//1436 794//1436
f 788//1437 863//1437 792//1437
f 863//1438 859//1438 792//1438
f 834//1439 858//1439 789//1439
f 864//1440 829//1440 796//1440
f 860//1441 865//1441 796//1441
f 865//1442 864//1442 796//1442
f 861//1443 759//1443 826//1443
f 749//1444 863//1444 788//1444
f 833//1445 866//1445 834//1445
f 866//1446 867//1446 834//1446
f 867//1447 868//1447 834//1447
f 868//1448 858//1448 834//1448
f 864//1449 869//1449 829//1449
f 869//1450 870//1450 829//1450
f 870//1451 830//1451 829//1451
f 823//1452 871//1452 811//1452
f 871//1453 853//1453 811//1453
f 854//1454 872//1454 824//1454
f 872//1455 839//1455 824//1455
f 873//1456 837//1456 764//1456
f 763//1456 873//1456 764//1456
f 873//442 810//442 837//442
f 874//1457 859//1457 863//1457
f 749//1458 874//1458 863//1458
f 831//1459 875//1459 832//1459
f 875//1460 815//1460 832//1460
f 875//1461 876//1461 815//1461
f 876//1462 877//1462 815//1462
f 877//1463 816//1463 815//1463
f 833//1464 836//1464 818//1464
f 878//1465 833//1465 818//1465
f 819//1466 879//1466 818//1466
f 879//1467 880//1467 818//1467
f 880//1468 878//1468 818//1468
f 881//1469 847//1469 820//1469
f 843//1470 881//1470 820//1470
f 848//1408 882//1408 844//1408
f 882//1471 883//1471 844//1471
f 883//1472 845//1472 844//1472
f 884//1473 871//1473 823//1473
f 838//1474 884//1474 823//1474
f 872//1475 885//1475 839//1475
f 885//1476 848//1476 839//1476
f 748//1477 874//1477 749//1477
f 855//1478 886//1478 827//1478
f 886//1479 843//1479 827//1479
f 887//1480 856//1480 845//1480
f 883//1481 887//1481 845//1481
f 877//1482 840//1482 816//1482
f 842//1483 879//1483 819//1483
f 876//1484 888//1484 877//1484
f 888//1485 840//1485 877//1485
f 842//1486 880//1486 879//1486
f 830//1487 875//1487 831//1487
f 878//1488 866//1488 833//1488
f 847//1489 889//1489 838//1489
f 889//1490 884//1490 838//1490
f 885//1491 890//1491 848//1491
f 890//1492 882//1492 848//1492
f 846//1493 757//1493 756//1493
f 891//1493 757//1493 846//1493
f 810//442 891//442 846//442
f 888//1494 892//1494 840//1494
f 892//1495 841//1495 840//1495
f 893//1496 880//1496 842//1496
f 856//1497 893//1497 842//1497
f 886//1498 894//1498 843//1498
f 894//1499 881//1499 843//1499
f 895//1500 887//1500 883//1500
f 896//1501 895//1501 883//1501
f 882//1502 896//1502 883//1502
f 892//1503 897//1503 841//1503
f 897//1504 855//1504 841//1504
f 898//1505 893//1505 856//1505
f 887//1506 898//1506 856//1506
f 881//1507 899//1507 847//1507
f 899//1508 889//1508 847//1508
f 890//1509 900//1509 882//1509
f 900//1510 896//1510 882//1510
f 849//1511 901//1511 850//1511
f 901//1512 852//1512 850//1512
f 851//1513 901//1513 849//1513
f 901//1514 854//1514 852//1514
f 853//1515 901//1515 851//1515
f 901//1516 872//1516 854//1516
f 897//1517 902//1517 855//1517
f 902//1518 886//1518 855//1518
f 903//1519 898//1519 887//1519
f 895//1520 903//1520 887//1520
f 870//1521 875//1521 830//1521
f 878//1522 867//1522 866//1522
f 904//1523 873//1523 763//1523
f 762//1524 904//1524 763//1524
f 904//442 810//442 873//442
f 871//1525 901//1525 853//1525
f 901//1526 885//1526 872//1526
f 862//1527 905//1527 861//1527
f 905//1528 759//1528 861//1528
f 906//1529 899//1529 881//1529
f 894//1530 906//1530 881//1530
f 907//1531 895//1531 896//1531
f 908//1532 907//1532 896//1532
f 900//1533 908//1533 896//1533
f 884//1534 901//1534 871//1534
f 901//1535 890//1535 885//1535
f 905//1536 909//1536 759//1536
f 909//1537 910//1537 759//1537
f 910//442 760//442 759//442
f 902//1538 911//1538 886//1538
f 911//1539 894//1539 886//1539
f 912//1540 903//1540 895//1540
f 907//1541 912//1541 895//1541
f 889//1542 901//1542 884//1542
f 901//1543 900//1543 890//1543
f 913//1544 875//1544 870//1544
f 869//1545 913//1545 870//1545
f 913//1546 914//1546 875//1546
f 914//1546 915//1546 875//1546
f 915//1547 876//1547 875//1547
f 916//1548 917//1548 878//1548
f 917//1549 867//1549 878//1549
f 880//1550 918//1550 878//1550
f 918//1551 916//1551 878//1551
f 917//1552 868//1552 867//1552
f 917//1553 919//1553 868//1553
f 919//1554 858//1554 868//1554
f 920//1555 921//1555 864//1555
f 921//1556 869//1556 864//1556
f 865//1557 920//1557 864//1557
f 899//1558 901//1558 889//1558
f 901//1559 908//1559 900//1559
f 921//1560 913//1560 869//1560
f 922//1561 919//1561 917//1561
f 923//1562 922//1562 917//1562
f 916//1563 923//1563 917//1563
f 858//1564 924//1564 857//1564
f 924//1565 925//1565 857//1565
f 925//1566 862//1566 857//1566
f 859//1567 926//1567 860//1567
f 926//1568 927//1568 860//1568
f 927//1569 865//1569 860//1569
f 925//1570 928//1570 862//1570
f 928//1571 905//1571 862//1571
f 874//1572 929//1572 859//1572
f 929//1573 926//1573 859//1573
f 919//1574 930//1574 858//1574
f 930//1575 924//1575 858//1575
f 927//1576 931//1576 865//1576
f 931//1577 920//1577 865//1577
f 928//1578 909//1578 905//1578
f 748//1579 929//1579 874//1579
f 922//1580 930//1580 919//1580
f 932//1581 933//1581 920//1581
f 933//1582 934//1582 920//1582
f 934//1583 921//1583 920//1583
f 931//1584 932//1584 920//1584
f 911//1585 935//1585 894//1585
f 935//1586 906//1586 894//1586
f 936//1587 912//1587 907//1587
f 937//1588 936//1588 907//1588
f 908//1589 937//1589 907//1589
f 915//1590 888//1590 876//1590
f 893//1591 918//1591 880//1591
f 914//1592 938//1592 915//1592
f 938//1592 888//1592 915//1592
f 893//1593 939//1593 918//1593
f 939//1551 916//1551 918//1551
f 940//442 751//442 757//442
f 891//693 940//693 757//693
f 941//693 940//693 891//693
f 810//442 941//442 891//442
f 938//1594 942//1594 888//1594
f 942//1594 892//1594 888//1594
f 943//1593 939//1593 893//1593
f 898//1595 943//1595 893//1595
f 906//1596 901//1596 899//1596
f 901//1597 937//1597 908//1597
f 942//1598 944//1598 892//1598
f 944//1598 897//1598 892//1598
f 945//1595 943//1595 898//1595
f 903//1599 945//1599 898//1599
f 944//1600 946//1600 897//1600
f 946//1600 902//1600 897//1600
f 947//1599 945//1599 903//1599
f 912//1601 947//1601 903//1601
f 934//1602 913//1602 921//1602
f 935//1603 901//1603 906//1603
f 948//1604 936//1604 937//1604
f 901//1605 948//1605 937//1605
f 946//1606 949//1606 902//1606
f 949//1606 911//1606 902//1606
f 950//1601 947//1601 912//1601
f 936//1607 950//1607 912//1607
f 923//1608 930//1608 922//1608
f 949//1609 951//1609 911//1609
f 951//1609 935//1609 911//1609
f 952//1607 950//1607 936//1607
f 948//1610 952//1610 936//1610
f 951//1611 901//1611 935//1611
f 953//1610 952//1610 948//1610
f 901//1612 953//1612 948//1612
f 954//1613 926//1613 929//1613
f 748//1614 954//1614 929//1614
f 955//1615 904//1615 762//1615
f 956//1616 955//1616 762//1616
f 955//442 810//442 904//442
f 747//1617 954//1617 748//1617
f 957//442 958//442 810//442
f 958//442 941//442 810//442
f 959//442 960//442 810//442
f 960//442 961//442 810//442
f 961//442 957//442 810//442
f 955//442 962//442 810//442
f 962//442 963//442 810//442
f 963//442 959//442 810//442
f 761//442 956//442 762//442
f 964//1618 965//1618 901//1618
f 966//1619 964//1619 901//1619
f 967//1620 968//1620 901//1620
f 969//1621 967//1621 901//1621
f 970//1622 969//1622 901//1622
f 965//1623 970//1623 901//1623
f 971//1624 972//1624 901//1624
f 973//1625 974//1625 901//1625
f 975//1626 973//1626 901//1626
f 976//1627 975//1627 901//1627
f 977//1628 976//1628 901//1628
f 978//1629 977//1629 901//1629
f 979//1630 978//1630 901//1630
f 951//1631 966//1631 901//1631
f 980//1632 953//1632 901//1632
f 972//1633 980//1633 901//1633
f 974//1634 971//1634 901//1634
f 968//1635 979//1635 901//1635
f 933//1636 913//1636 934//1636
f 949//1637 966//1637 951//1637
f 981//1638 952//1638 953//1638
f 980//1639 981//1639 953//1639
f 982//1640 930//1640 923//1640
f 916//1641 982//1641 923//1641
f 983//1642 966//1642 949//1642
f 946//1643 983//1643 949//1643
f 984//1644 950//1644 952//1644
f 981//1645 984//1645 952//1645
f 985//1646 983//1646 946//1646
f 944//1647 985//1647 946//1647
f 986//1648 947//1648 950//1648
f 984//1649 986//1649 950//1649
f 983//1650 964//1650 966//1650
f 987//1651 981//1651 980//1651
f 972//1652 987//1652 980//1652
f 932//1653 988//1653 933//1653
f 988//1654 913//1654 933//1654
f 989//1655 990//1655 982//1655
f 990//1656 930//1656 982//1656
f 916//1657 989//1657 982//1657
f 991//1658 985//1658 944//1658
f 942//1659 991//1659 944//1659
f 992//1660 945//1660 947//1660
f 986//1661 992//1661 947//1661
f 993//1662 991//1662 942//1662
f 938//1663 993//1663 942//1663
f 994//1664 943//1664 945//1664
f 992//1665 994//1665 945//1665
f 995//1666 965//1666 964//1666
f 983//1667 995//1667 964//1667
f 971//1668 996//1668 972//1668
f 996//1669 987//1669 972//1669
f 914//1670 997//1670 938//1670
f 997//1671 993//1671 938//1671
f 998//1672 939//1672 943//1672
f 994//1673 998//1673 943//1673
f 999//442 751//442 940//442
f 941//1674 999//1674 940//1674
f 958//1674 999//1674 941//1674
f 1000//1675 997//1675 914//1675
f 913//1676 1000//1676 914//1676
f 1001//1677 916//1677 939//1677
f 998//1678 1001//1678 939//1678
f 985//1679 995//1679 983//1679
f 1002//1680 984//1680 981//1680
f 987//1681 1002//1681 981//1681
f 995//1682 1003//1682 965//1682
f 1003//1683 970//1683 965//1683
f 1004//1684 996//1684 971//1684
f 974//1685 1004//1685 971//1685
f 1005//1686 1006//1686 988//1686
f 932//1687 1005//1687 988//1687
f 1006//1688 913//1688 988//1688
f 1006//1689 1007//1689 913//1689
f 1007//1690 1008//1690 913//1690
f 1008//1691 1009//1691 913//1691
f 1009//1692 1010//1692 913//1692
f 1010//1693 1000//1693 913//1693
f 1011//1694 1012//1694 916//1694
f 1012//1695 989//1695 916//1695
f 1001//1696 1013//1696 916//1696
f 1013//1697 1014//1697 916//1697
f 1014//1698 1011//1698 916//1698
f 1012//1699 990//1699 989//1699
f 1015//1700 969//1700 970//1700
f 1003//1701 1015//1701 970//1701
f 973//1702 1016//1702 974//1702
f 1016//1703 1004//1703 974//1703
f 1017//1704 995//1704 985//1704
f 991//1705 1017//1705 985//1705
f 1018//1706 986//1706 984//1706
f 1002//1707 1018//1707 984//1707
f 1019//1708 1020//1708 910//1708
f 909//1709 1021//1709 910//1709
f 1021//1710 1019//1710 910//1710
f 1020//442 760//442 910//442
f 1022//1711 967//1711 969//1711
f 1015//1712 1022//1712 969//1712
f 1023//1713 1016//1713 973//1713
f 975//1714 1023//1714 973//1714
f 1017//1715 1003//1715 995//1715
f 1024//1716 1002//1716 987//1716
f 996//1717 1024//1717 987//1717
f 990//1718 924//1718 930//1718
f 931//1719 1005//1719 932//1719
f 928//1720 1021//1720 909//1720
f 1025//1721 926//1721 954//1721
f 747//1722 1025//1722 954//1722
f 990//1723 1026//1723 924//1723
f 1026//1724 925//1724 924//1724
f 1027//1725 1005//1725 931//1725
f 1028//1726 1027//1726 931//1726
f 927//1727 1028//1727 931//1727
f 925//1728 1029//1728 928//1728
f 1029//1729 1030//1729 928//1729
f 1030//1730 1019//1730 928//1730
f 1019//1731 1021//1731 928//1731
f 1031//1732 927//1732 926//1732
f 1025//1733 1031//1733 926//1733
f 1026//1734 1029//1734 925//1734
f 1031//1735 1028//1735 927//1735
f 1005//1736 1007//1736 1006//1736
f 1032//1737 968//1737 967//1737
f 1022//1738 1032//1738 967//1738
f 1033//1739 1023//1739 975//1739
f 976//1740 1033//1740 975//1740
f 761//442 1034//442 956//442
f 962//1741 955//1741 956//1741
f 1034//1741 962//1741 956//1741
f 1011//1742 990//1742 1012//1742
f 1035//1743 1017//1743 991//1743
f 993//1744 1035//1744 991//1744
f 1036//1745 992//1745 986//1745
f 1018//1746 1036//1746 986//1746
f 1032//1747 1037//1747 968//1747
f 1037//1748 979//1748 968//1748
f 1038//1749 1033//1749 976//1749
f 977//1750 1038//1750 976//1750
f 1037//1751 1039//1751 979//1751
f 1039//1752 978//1752 979//1752
f 1040//1753 1038//1753 977//1753
f 978//1754 1040//1754 977//1754
f 1039//1755 1040//1755 978//1755
f 1005//1756 1008//1756 1007//1756
f 1017//1757 1041//1757 1003//1757
f 1041//1758 1015//1758 1003//1758
f 1004//1759 1042//1759 996//1759
f 1042//1759 1024//1759 996//1759
f 1043//1760 1035//1760 993//1760
f 997//1761 1043//1761 993//1761
f 1044//1762 994//1762 992//1762
f 1036//1763 1044//1763 992//1763
f 1035//1764 1041//1764 1017//1764
f 1045//1765 1018//1765 1002//1765
f 1024//1766 1045//1766 1002//1766
f 1005//1767 1009//1767 1008//1767
f 1046//1768 990//1768 1011//1768
f 1014//1769 1046//1769 1011//1769
f 1000//1770 1047//1770 997//1770
f 1047//1771 1048//1771 997//1771
f 1048//1772 1043//1772 997//1772
f 1049//1773 1050//1773 994//1773
f 1050//1774 998//1774 994//1774
f 1044//1775 1049//1775 994//1775
f 1051//1776 1009//1776 1005//1776
f 1027//1777 1051//1777 1005//1777
f 1046//1778 1026//1778 990//1778
f 1052//442 751//442 999//442
f 958//1779 1052//1779 999//1779
f 957//1779 1052//1779 958//1779
f 1053//1780 1022//1780 1015//1780
f 1041//1758 1053//1758 1015//1758
f 1054//1781 1042//1781 1004//1781
f 1016//1781 1054//1781 1004//1781
f 1010//1782 1047//1782 1000//1782
f 1050//1783 1001//1783 998//1783
f 1055//1784 1046//1784 1014//1784
f 1013//1785 1055//1785 1014//1785
f 1056//1786 1048//1786 1047//1786
f 1057//1787 1056//1787 1047//1787
f 1010//1788 1057//1788 1047//1788
f 1049//1789 1058//1789 1050//1789
f 1058//1790 1001//1790 1050//1790
f 1059//1791 1060//1791 1009//1791
f 1051//1792 1059//1792 1009//1792
f 1060//1793 1010//1793 1009//1793
f 1061//1794 1041//1794 1035//1794
f 1043//1795 1061//1795 1035//1795
f 1062//1796 1036//1796 1018//1796
f 1045//1797 1062//1797 1018//1797
f 1063//1798 1025//1798 747//1798
f 1064//1799 1063//1799 747//1799
f 1065//1800 1064//1800 747//1800
f 746//442 1065//442 747//442
f 1066//1801 1032//1801 1022//1801
f 1053//1780 1066//1780 1022//1780
f 1023//1802 1067//1802 1016//1802
f 1067//1803 1054//1803 1016//1803
f 1061//1804 1053//1804 1041//1804
f 1068//1805 1045//1805 1024//1805
f 1042//1805 1068//1805 1024//1805
f 1059//1806 1069//1806 1060//1806
f 1069//1807 1010//1807 1060//1807
f 1069//1808 1070//1808 1010//1808
f 1070//1809 1071//1809 1010//1809
f 1071//1810 1057//1810 1010//1810
f 1058//1811 1072//1811 1001//1811
f 1072//1812 1073//1812 1001//1812
f 1073//1813 1013//1813 1001//1813
f 1073//1814 1055//1814 1013//1814
f 1063//1815 1031//1815 1025//1815
f 761//442 1074//442 1034//442
f 963//1816 962//1816 1034//1816
f 1074//1816 963//1816 1034//1816
f 1066//1817 1075//1817 1032//1817
f 1075//1818 1037//1818 1032//1818
f 1076//1819 1067//1819 1023//1819
f 1033//1820 1076//1820 1023//1820
f 1057//1821 1077//1821 1056//1821
f 1077//1822 1048//1822 1056//1822
f 1078//1823 1058//1823 1049//1823
f 1044//1824 1078//1824 1049//1824
f 1048//1825 1079//1825 1043//1825
f 1079//1826 1061//1826 1043//1826
f 1080//1827 1044//1827 1036//1827
f 1062//1828 1080//1828 1036//1828
f 1075//1829 1081//1829 1037//1829
f 1081//1830 1039//1830 1037//1830
f 1082//1831 1076//1831 1033//1831
f 1038//1832 1082//1832 1033//1832
f 1081//1833 1083//1833 1039//1833
f 1083//1834 1040//1834 1039//1834
f 1084//1835 1082//1835 1038//1835
f 1040//1836 1084//1836 1038//1836
f 1059//1837 1070//1837 1069//1837
f 1083//1838 1084//1838 1040//1838
f 1085//1839 1066//1839 1053//1839
f 1061//1804 1085//1804 1053//1804
f 1054//1840 1086//1840 1042//1840
f 1086//1841 1068//1841 1042//1841
f 1072//1842 1055//1842 1073//1842
f 1087//442 751//442 1052//442
f 957//1843 1087//1843 1052//1843
f 961//1843 1087//1843 957//1843
f 1079//1844 1085//1844 1061//1844
f 1088//1845 1062//1845 1045//1845
f 1068//1846 1088//1846 1045//1846
f 1055//1847 1026//1847 1046//1847
f 1027//1848 1059//1848 1051//1848
f 1030//1849 1089//1849 1019//1849
f 1089//1850 1020//1850 1019//1850
f 1064//1851 1031//1851 1063//1851
f 1055//1852 1090//1852 1026//1852
f 1090//1853 1029//1853 1026//1853
f 1091//1854 1059//1854 1027//1854
f 1092//1855 1091//1855 1027//1855
f 1028//1856 1092//1856 1027//1856
f 1029//1857 1093//1857 1030//1857
f 1093//1858 1094//1858 1030//1858
f 1094//1859 1089//1859 1030//1859
f 1095//1860 1028//1860 1031//1860
f 1064//1861 1095//1861 1031//1861
f 1090//1862 1093//1862 1029//1862
f 1095//1863 1092//1863 1028//1863
f 1077//1864 1096//1864 1048//1864
f 1096//1865 1097//1865 1048//1865
f 1097//1866 1079//1866 1048//1866
f 1098//1867 1078//1867 1044//1867
f 1080//1868 1098//1868 1044//1868
f 1059//1869 1071//1869 1070//1869
f 1059//1870 1099//1870 1071//1870
f 1099//1871 1057//1871 1071//1871
f 1085//1872 1100//1872 1066//1872
f 1100//1873 1075//1873 1066//1873
f 1101//1874 1086//1874 1054//1874
f 1067//1875 1101//1875 1054//1875
f 1058//1876 1102//1876 1072//1876
f 1102//1877 1103//1877 1072//1877
f 1103//1878 1055//1878 1072//1878
f 1104//1879 1105//1879 1020//1879
f 1089//1880 1104//1880 1020//1880
f 1105//442 760//442 1020//442
f 761//442 1106//442 1074//442
f 959//1881 963//1881 1074//1881
f 1106//1881 959//1881 1074//1881
f 1057//1882 1096//1882 1077//1882
f 1098//1883 1058//1883 1078//1883
f 1097//1884 1107//1884 1079//1884
f 1107//1885 1085//1885 1079//1885
f 1108//1886 1080//1886 1062//1886
f 1088//1887 1108//1887 1062//1887
f 1094//1888 1104//1888 1089//1888
f 1109//442 751//442 1087//442
f 961//1889 1109//1889 1087//1889
f 960//1889 1109//1889 961//1889
f 1100//1890 1110//1890 1075//1890
f 1110//1891 1081//1891 1075//1891
f 1076//1892 1111//1892 1067//1892
f 1111//1892 1101//1892 1067//1892
f 1107//1893 1100//1893 1085//1893
f 1112//1894 1088//1894 1068//1894
f 1086//1895 1112//1895 1068//1895
f 1099//1896 1113//1896 1057//1896
f 1113//1897 1114//1897 1057//1897
f 1114//1898 1096//1898 1057//1898
f 1098//1899 1115//1899 1058//1899
f 1115//1900 1102//1900 1058//1900
f 761//442 1109//442 1106//442
f 960//1901 959//1901 1106//1901
f 1109//1901 960//1901 1106//1901
f 1110//1891 1116//1891 1081//1891
f 1116//1902 1083//1902 1081//1902
f 1117//1903 1111//1903 1076//1903
f 1082//1904 1117//1904 1076//1904
f 761//442 751//442 1109//442
f 1114//1905 1118//1905 1096//1905
f 1118//1906 1097//1906 1096//1906
f 1119//1907 1120//1907 1098//1907
f 1120//1908 1115//1908 1098//1908
f 1080//1909 1119//1909 1098//1909
f 1116//1910 1121//1910 1083//1910
f 1121//1911 1084//1911 1083//1911
f 1122//1912 1117//1912 1082//1912
f 1084//1913 1122//1913 1082//1913
f 1121//1914 1122//1914 1084//1914
f 1118//1915 1123//1915 1097//1915
f 1123//1916 1124//1916 1097//1916
f 1124//1917 1107//1917 1097//1917
f 1125//1918 1119//1918 1080//1918
f 1108//1919 1125//1919 1080//1919
f 1107//1920 1126//1920 1100//1920
f 1126//1921 1110//1921 1100//1921
f 1101//1922 1127//1922 1086//1922
f 1127//1922 1112//1922 1086//1922
f 1128//1923 1064//1923 1065//1923
f 1129//1924 1128//1924 1065//1924
f 1130//1925 1129//1925 1065//1925
f 746//442 1130//442 1065//442
f 1124//1926 1126//1926 1107//1926
f 1131//1927 1108//1927 1088//1927
f 1112//1928 1131//1928 1088//1928
f 1091//1929 1099//1929 1059//1929
f 1103//1930 1090//1930 1055//1930
f 1114//1931 1132//1931 1118//1931
f 1132//1932 1123//1932 1118//1932
f 1125//1933 1133//1933 1119//1933
f 1133//1934 1120//1934 1119//1934
f 1102//1935 1090//1935 1103//1935
f 1091//1936 1134//1936 1099//1936
f 1134//1937 1113//1937 1099//1937
f 1126//1921 1135//1921 1110//1921
f 1135//1938 1116//1938 1110//1938
f 1136//1939 1127//1939 1101//1939
f 1111//1940 1136//1940 1101//1940
f 1094//1941 1137//1941 1104//1941
f 1137//1942 1105//1942 1104//1942
f 1128//1943 1095//1943 1064//1943
f 1138//1944 1093//1944 1090//1944
f 1102//1945 1138//1945 1090//1945
f 1092//1946 1139//1946 1091//1946
f 1139//1947 1134//1947 1091//1947
f 1140//1948 1137//1948 1094//1948
f 1141//1949 1140//1949 1094//1949
f 1093//1950 1141//1950 1094//1950
f 1128//1951 1142//1951 1095//1951
f 1142//1952 1092//1952 1095//1952
f 1138//1953 1141//1953 1093//1953
f 1142//1954 1139//1954 1092//1954
f 1129//1955 1142//1955 1128//1955
f 1135//1956 1143//1956 1116//1956
f 1143//1957 1121//1957 1116//1957
f 1117//1958 1144//1958 1111//1958
f 1144//1959 1136//1959 1111//1959
f 1123//1960 1145//1960 1124//1960
f 1145//1961 1146//1961 1124//1961
f 1146//1962 1147//1962 1124//1962
f 1147//1963 1126//1963 1124//1963
f 1148//1964 1149//1964 1108//1964
f 1149//1965 1125//1965 1108//1965
f 1131//1966 1148//1966 1108//1966
f 1147//1967 1135//1967 1126//1967
f 1150//1968 1131//1968 1112//1968
f 1127//1969 1150//1969 1112//1969
f 1132//1970 1151//1970 1123//1970
f 1151//1971 1145//1971 1123//1971
f 1149//1972 1152//1972 1125//1972
f 1152//1973 1133//1973 1125//1973
f 1143//1974 1153//1974 1121//1974
f 1153//1975 1122//1975 1121//1975
f 1154//1976 1144//1976 1117//1976
f 1122//1977 1154//1977 1117//1977
f 1155//1978 1156//1978 1105//1978
f 1157//1979 1155//1979 1105//1979
f 1137//1980 1157//1980 1105//1980
f 1156//442 760//442 1105//442
f 1153//1981 1154//1981 1122//1981
f 1147//1982 1158//1982 1135//1982
f 1158//1983 1143//1983 1135//1983
f 1136//1984 1159//1984 1127//1984
f 1159//1985 1150//1985 1127//1985
f 1151//1986 1160//1986 1145//1986
f 1160//1987 1161//1987 1145//1987
f 1161//1988 1146//1988 1145//1988
f 1148//1989 1162//1989 1149//1989
f 1162//1990 1152//1990 1149//1990
f 1140//1991 1157//1991 1137//1991
f 1163//442 1164//442 746//442
f 1165//442 1163//442 746//442
f 1164//442 1166//442 746//442
f 1166//442 1167//442 746//442
f 1167//442 1130//442 746//442
f 760//442 1168//442 746//442
f 1168//442 1169//442 746//442
f 1169//442 1165//442 746//442
f 751//1 761//1 746//1
f 761//1 760//1 746//1
f 1156//442 1170//442 760//442
f 1170//442 1171//442 760//442
f 1171//442 1172//442 760//442
f 1172//442 1173//442 760//442
f 1173//442 1174//442 760//442
f 1174//442 1168//442 760//442
f 1146//1992 1175//1992 1147//1992
f 1175//1993 1176//1993 1147//1993
f 1176//1994 1158//1994 1147//1994
f 1177//1995 1178//1995 1131//1995
f 1178//1996 1148//1996 1131//1996
f 1150//1997 1177//1997 1131//1997
f 1158//1998 1179//1998 1143//1998
f 1179//1999 1153//1999 1143//1999
f 1180//2000 1159//2000 1136//2000
f 1144//2001 1180//2001 1136//2001
f 1161//2002 1181//2002 1146//2002
f 1181//2003 1175//2003 1146//2003
f 1178//2004 1182//2004 1148//2004
f 1182//2005 1183//2005 1148//2005
f 1183//2006 1162//2006 1148//2006
f 1184//2007 1129//2007 1130//2007
f 1185//2008 1184//2008 1130//2008
f 1167//2009 1185//2009 1130//2009
f 1115//2010 1138//2010 1102//2010
f 1134//2011 1114//2011 1113//2011
f 1140//2012 1186//2012 1157//2012
f 1186//2013 1155//2013 1157//2013
f 1184//2014 1142//2014 1129//2014
f 1115//2015 1187//2015 1138//2015
f 1187//2016 1141//2016 1138//2016
f 1139//2017 1188//2017 1134//2017
f 1188//2018 1189//2018 1134//2018
f 1189//2019 1114//2019 1134//2019
f 1141//2020 1190//2020 1140//2020
f 1190//2021 1186//2021 1140//2021
f 1184//2022 1191//2022 1142//2022
f 1191//2023 1139//2023 1142//2023
f 1187//2024 1190//2024 1141//2024
f 1191//2025 1188//2025 1139//2025
f 1179//2026 1192//2026 1153//2026
f 1192//2027 1154//2027 1153//2027
f 1154//2028 1193//2028 1144//2028
f 1193//2029 1180//2029 1144//2029
f 1192//2030 1193//2030 1154//2030
f 1176//2031 1194//2031 1158//2031
f 1194//2032 1195//2032 1158//2032
f 1195//2033 1179//2033 1158//2033
f 1196//2034 1197//2034 1150//2034
f 1197//2035 1177//2035 1150//2035
f 1159//2036 1196//2036 1150//2036
f 1181//2037 1198//2037 1175//2037
f 1198//2038 1176//2038 1175//2038
f 1177//2039 1199//2039 1178//2039
f 1199//2040 1182//2040 1178//2040
f 1189//2041 1132//2041 1114//2041
f 1120//2042 1187//2042 1115//2042
f 1185//2043 1191//2043 1184//2043
f 1195//2044 1200//2044 1179//2044
f 1200//2045 1201//2045 1179//2045
f 1201//2046 1192//2046 1179//2046
f 1202//2047 1196//2047 1159//2047
f 1203//2048 1202//2048 1159//2048
f 1180//2049 1203//2049 1159//2049
f 1204//2050 1194//2050 1176//2050
f 1198//2051 1205//2051 1176//2051
f 1205//2052 1204//2052 1176//2052
f 1197//2053 1206//2053 1177//2053
f 1206//2054 1199//2054 1177//2054
f 1207//2055 1170//2055 1156//2055
f 1208//2056 1207//2056 1156//2056
f 1155//2057 1208//2057 1156//2057
f 1201//2058 1209//2058 1192//2058
f 1209//2059 1210//2059 1192//2059
f 1210//2060 1193//2060 1192//2060
f 1211//2061 1203//2061 1180//2061
f 1212//2062 1211//2062 1180//2062
f 1193//2063 1212//2063 1180//2063
f 1204//2064 1213//2064 1194//2064
f 1213//2065 1195//2065 1194//2065
f 1196//2066 1214//2066 1197//2066
f 1214//2067 1215//2067 1197//2067
f 1215//2068 1206//2068 1197//2068
f 1210//2069 1216//2069 1193//2069
f 1216//2070 1212//2070 1193//2070
f 1213//2071 1217//2071 1195//2071
f 1217//2072 1200//2072 1195//2072
f 1218//2073 1214//2073 1196//2073
f 1202//2074 1218//2074 1196//2074
f 1133//2075 1187//2075 1120//2075
f 1189//2076 1151//2076 1132//2076
f 1186//2077 1208//2077 1155//2077
f 1219//2078 1191//2078 1185//2078
f 1167//2079 1219//2079 1185//2079
f 1220//2080 1207//2080 1208//2080
f 1186//2081 1220//2081 1208//2081
f 1221//2082 1190//2082 1187//2082
f 1133//2083 1221//2083 1187//2083
f 1222//2084 1151//2084 1189//2084
f 1223//2085 1222//2085 1189//2085
f 1188//2086 1223//2086 1189//2086
f 1224//2087 1220//2087 1186//2087
f 1190//2088 1224//2088 1186//2088
f 1225//2089 1188//2089 1191//2089
f 1219//2090 1225//2090 1191//2090
f 1221//2091 1224//2091 1190//2091
f 1225//2092 1223//2092 1188//2092
f 1226//2093 1201//2093 1200//2093
f 1217//2094 1227//2094 1200//2094
f 1227//2095 1226//2095 1200//2095
f 1228//2096 1218//2096 1202//2096
f 1229//2097 1228//2097 1202//2097
f 1203//2098 1229//2098 1202//2098
f 1230//2099 1219//2099 1167//2099
f 1166//2100 1230//2100 1167//2100
f 1226//2101 1231//2101 1201//2101
f 1231//2102 1209//2102 1201//2102
f 1211//2103 1229//2103 1203//2103
f 1231//2104 1232//2104 1209//2104
f 1232//2105 1210//2105 1209//2105
f 1233//2106 1234//2106 1211//2106
f 1234//2107 1235//2107 1211//2107
f 1235//2108 1229//2108 1211//2108
f 1212//692 1233//692 1211//692
f 1232//2109 1236//2109 1210//2109
f 1236//2110 1216//2110 1210//2110
f 1212//2111 1237//2111 1233//2111
f 1238//2112 1234//2112 1233//2112
f 1237//2113 1238//2113 1233//2113
f 1239//2114 1235//2114 1234//2114
f 1238//2115 1239//2115 1234//2115
f 1239//2116 1229//2116 1235//2116
f 1231//2117 1240//2117 1232//2117
f 1240//2118 1236//2118 1232//2118
f 1216//2119 1236//2119 1212//2119
f 1236//2120 1241//2120 1212//2120
f 1241//2121 1237//2121 1212//2121
f 1242//2122 1228//2122 1229//2122
f 1239//2123 1242//2123 1229//2123
f 1243//2124 1240//2124 1231//2124
f 1226//2125 1243//2125 1231//2125
f 1244//2126 1218//2126 1228//2126
f 1242//2127 1244//2127 1228//2127
f 1227//2128 1243//2128 1226//2128
f 1244//2129 1214//2129 1218//2129
f 1217//2130 1245//2130 1227//2130
f 1245//2131 1243//2131 1227//2131
f 1213//2132 1246//2132 1217//2132
f 1246//2133 1245//2133 1217//2133
f 1244//2134 1215//2134 1214//2134
f 1247//2135 1248//2135 1215//2135
f 1249//2136 1247//2136 1215//2136
f 1248//2137 1250//2137 1215//2137
f 1250//2138 1251//2138 1215//2138
f 1251//2139 1206//2139 1215//2139
f 1244//2140 1249//2140 1215//2140
f 1204//2141 1252//2141 1213//2141
f 1252//2142 1253//2142 1213//2142
f 1253//2143 1254//2143 1213//2143
f 1254//2144 1246//2144 1213//2144
f 1205//2145 1255//2145 1204//2145
f 1255//2146 1252//2146 1204//2146
f 1256//2147 1199//2147 1206//2147
f 1251//2148 1256//2148 1206//2148
f 1255//2149 1253//2149 1252//2149
f 1250//2150 1256//2150 1251//2150
f 1255//2151 1254//2151 1253//2151
f 1248//2152 1256//2152 1250//2152
f 1240//2153 1257//2153 1236//2153
f 1257//2154 1258//2154 1236//2154
f 1258//2155 1241//2155 1236//2155
f 1241//2156 1259//2156 1237//2156
f 1260//2157 1238//2157 1237//2157
f 1259//2158 1260//2158 1237//2158
f 1260//2159 1239//2159 1238//2159
f 1260//2160 1261//2160 1239//2160
f 1261//2161 1242//2161 1239//2161
f 1262//2162 1263//2162 1240//2162
f 1243//2163 1262//2163 1240//2163
f 1263//2164 1257//2164 1240//2164
f 1258//2165 1259//2165 1241//2165
f 1261//2166 1264//2166 1242//2166
f 1264//2167 1244//2167 1242//2167
f 1245//2168 1265//2168 1243//2168
f 1265//2169 1262//2169 1243//2169
f 1255//2170 1266//2170 1254//2170
f 1266//2171 1267//2171 1254//2171
f 1267//2172 1268//2172 1254//2172
f 1268//2173 1246//2173 1254//2173
f 1247//2174 1269//2174 1248//2174
f 1269//2175 1270//2175 1248//2175
f 1270//2176 1256//2176 1248//2176
f 1264//2177 1271//2177 1244//2177
f 1271//2178 1249//2178 1244//2178
f 1246//2179 1272//2179 1245//2179
f 1272//2180 1265//2180 1245//2180
f 1273//2181 1247//2181 1249//2181
f 1274//2182 1275//2182 1249//2182
f 1275//2183 1276//2183 1249//2183
f 1276//2184 1273//2184 1249//2184
f 1271//2185 1274//2185 1249//2185
f 1277//2186 1272//2186 1246//2186
f 1278//2187 1277//2187 1246//2187
f 1268//2188 1278//2188 1246//2188
f 1267//2189 1279//2189 1268//2189
f 1279//2190 1278//2190 1268//2190
f 1273//2191 1280//2191 1247//2191
f 1280//2192 1281//2192 1247//2192
f 1281//2193 1269//2193 1247//2193
f 1230//2194 1225//2194 1219//2194
f 1282//2195 1171//2195 1170//2195
f 1283//2196 1282//2196 1170//2196
f 1207//2197 1283//2197 1170//2197
f 1279//2198 1284//2198 1278//2198
f 1284//2199 1277//2199 1278//2199
f 1276//2200 1280//2200 1273//2200
f 1222//2201 1160//2201 1151//2201
f 1152//2202 1221//2202 1133//2202
f 1285//2203 1286//2203 1277//2203
f 1286//2204 1287//2204 1277//2204
f 1284//2205 1288//2205 1277//2205
f 1288//2206 1285//2206 1277//2206
f 1287//2207 1272//2207 1277//2207
f 1289//2208 1290//2208 1276//2208
f 1275//2209 1289//2209 1276//2209
f 1290//2210 1291//2210 1276//2210
f 1291//2211 1280//2211 1276//2211
f 1263//2212 1292//2212 1257//2212
f 1292//2213 1293//2213 1257//2213
f 1293//2214 1258//2214 1257//2214
f 1258//2215 1294//2215 1259//2215
f 1295//2216 1260//2216 1259//2216
f 1294//2217 1295//2217 1259//2217
f 1295//2218 1261//2218 1260//2218
f 1295//2219 1296//2219 1261//2219
f 1296//2220 1264//2220 1261//2220
f 1297//2221 1298//2221 1263//2221
f 1262//2222 1297//2222 1263//2222
f 1298//2223 1292//2223 1263//2223
f 1293//2224 1294//2224 1258//2224
f 1296//2225 1299//2225 1264//2225
f 1299//2226 1271//2226 1264//2226
f 1265//2227 1300//2227 1262//2227
f 1300//2228 1297//2228 1262//2228
f 1299//2229 1301//2229 1271//2229
f 1301//2230 1274//2230 1271//2230
f 1272//2231 1302//2231 1265//2231
f 1302//2232 1300//2232 1265//2232
f 1303//2233 1304//2233 1274//2233
f 1304//2234 1305//2234 1274//2234
f 1305//2235 1306//2235 1274//2235
f 1306//2236 1275//2236 1274//2236
f 1301//2237 1303//2237 1274//2237
f 1287//2238 1307//2238 1272//2238
f 1307//2239 1308//2239 1272//2239
f 1308//2240 1302//2240 1272//2240
f 1286//2241 1307//2241 1287//2241
f 1309//2242 1289//2242 1275//2242
f 1306//2243 1309//2243 1275//2243
f 1310//2244 1308//2244 1307//2244
f 1286//2245 1310//2245 1307//2245
f 1305//2246 1309//2246 1306//2246
f 1162//2247 1221//2247 1152//2247
f 1222//2248 1311//2248 1160//2248
f 1311//2249 1161//2249 1160//2249
f 1220//2250 1283//2250 1207//2250
f 1312//2251 1225//2251 1230//2251
f 1166//2252 1312//2252 1230//2252
f 1162//2253 1313//2253 1221//2253
f 1313//2254 1224//2254 1221//2254
f 1223//2255 1314//2255 1222//2255
f 1314//2256 1311//2256 1222//2256
f 1310//2257 1315//2257 1308//2257
f 1315//2258 1302//2258 1308//2258
f 1304//2259 1309//2259 1305//2259
f 1224//2260 1316//2260 1220//2260
f 1316//2261 1317//2261 1220//2261
f 1317//2262 1283//2262 1220//2262
f 1312//2263 1318//2263 1225//2263
f 1318//2264 1223//2264 1225//2264
f 1313//2265 1316//2265 1224//2265
f 1318//2266 1314//2266 1223//2266
f 1298//2267 1319//2267 1292//2267
f 1319//2268 1320//2268 1292//2268
f 1320//2269 1293//2269 1292//2269
f 1293//2270 1321//2270 1294//2270
f 1322//2271 1295//2271 1294//2271
f 1321//2272 1322//2272 1294//2272
f 1322//2273 1296//2273 1295//2273
f 1322//2274 1323//2274 1296//2274
f 1323//2275 1299//2275 1296//2275
f 1324//2276 1325//2276 1298//2276
f 1297//2277 1324//2277 1298//2277
f 1325//2278 1319//2278 1298//2278
f 1320//2279 1321//2279 1293//2279
f 1323//2280 1326//2280 1299//2280
f 1326//2281 1301//2281 1299//2281
f 1300//2282 1327//2282 1297//2282
f 1327//2283 1324//2283 1297//2283
f 1326//2284 1328//2284 1301//2284
f 1328//2285 1303//2285 1301//2285
f 1302//2286 1329//2286 1300//2286
f 1329//2287 1327//2287 1300//2287
f 1330//2288 1331//2288 1303//2288
f 1331//2289 1332//2289 1303//2289
f 1332//2290 1304//2290 1303//2290
f 1328//2291 1330//2291 1303//2291
f 1310//2292 1333//2292 1315//2292
f 1333//2293 1302//2293 1315//2293
f 1332//2294 1334//2294 1304//2294
f 1334//2295 1309//2295 1304//2295
f 1335//2296 1329//2296 1302//2296
f 1333//2297 1335//2297 1302//2297
f 1205//2298 1336//2298 1255//2298
f 1336//2299 1337//2299 1255//2299
f 1337//2300 1266//2300 1255//2300
f 1338//2301 1199//2301 1256//2301
f 1270//2302 1339//2302 1256//2302
f 1339//2303 1338//2303 1256//2303
f 1340//2304 1335//2304 1333//2304
f 1310//2305 1341//2305 1333//2305
f 1341//2306 1340//2306 1333//2306
f 1331//2307 1342//2307 1332//2307
f 1342//2308 1343//2308 1332//2308
f 1343//2309 1334//2309 1332//2309
f 1205//2310 1344//2310 1336//2310
f 1344//2311 1337//2311 1336//2311
f 1345//2312 1199//2312 1338//2312
f 1339//2313 1345//2313 1338//2313
f 1344//2314 1266//2314 1337//2314
f 1270//2315 1345//2315 1339//2315
f 1346//2316 1312//2316 1166//2316
f 1164//2317 1346//2317 1166//2317
f 1347//2318 1348//2318 1335//2318
f 1340//2319 1347//2319 1335//2319
f 1348//2320 1329//2320 1335//2320
f 1330//2321 1349//2321 1331//2321
f 1349//2322 1350//2322 1331//2322
f 1350//2323 1342//2323 1331//2323
f 1344//2324 1267//2324 1266//2324
f 1269//2325 1345//2325 1270//2325
f 1344//2326 1279//2326 1267//2326
f 1351//2327 1345//2327 1269//2327
f 1281//2328 1351//2328 1269//2328
f 1352//2329 1284//2329 1279//2329
f 1344//2330 1352//2330 1279//2330
f 1280//2331 1351//2331 1281//2331
f 1353//2332 1354//2332 1348//2332
f 1347//2333 1353//2333 1348//2333
f 1354//2334 1329//2334 1348//2334
f 1330//2335 1355//2335 1349//2335
f 1355//2336 1356//2336 1349//2336
f 1356//2337 1350//2337 1349//2337
f 1317//2338 1282//2338 1283//2338
f 1352//2339 1288//2339 1284//2339
f 1291//2340 1351//2340 1280//2340
f 1357//2341 1358//2341 1354//2341
f 1353//2342 1357//2342 1354//2342
f 1359//2343 1329//2343 1354//2343
f 1358//2344 1359//2344 1354//2344
f 1330//2345 1360//2345 1355//2345
f 1360//2346 1361//2346 1355//2346
f 1361//2347 1356//2347 1355//2347
f 1325//2348 1362//2348 1319//2348
f 1362//2349 1363//2349 1319//2349
f 1363//2350 1320//2350 1319//2350
f 1320//2351 1364//2351 1321//2351
f 1365//2352 1322//2352 1321//2352
f 1364//2353 1365//2353 1321//2353
f 1365//2354 1366//2354 1322//2354
f 1366//2355 1323//2355 1322//2355
f 1366//2356 1367//2356 1323//2356
f 1367//2357 1326//2357 1323//2357
f 1324//2358 1368//2358 1325//2358
f 1368//2359 1362//2359 1325//2359
f 1363//2360 1364//2360 1320//2360
f 1367//2361 1369//2361 1326//2361
f 1369//2362 1328//2362 1326//2362
f 1327//2363 1370//2363 1324//2363
f 1370//2364 1368//2364 1324//2364
f 1369//2365 1371//2365 1328//2365
f 1371//2366 1330//2366 1328//2366
f 1329//2367 1372//2367 1327//2367
f 1372//2368 1370//2368 1327//2368
f 1371//2369 1360//2369 1330//2369
f 1359//2370 1372//2370 1329//2370
f 1352//2371 1285//2371 1288//2371
f 1290//2372 1373//2372 1291//2372
f 1373//2373 1351//2373 1291//2373
f 1374//2374 1375//2374 1358//2374
f 1357//2375 1374//2375 1358//2375
f 1375//2376 1359//2376 1358//2376
f 1376//2377 1361//2377 1360//2377
f 1371//2378 1376//2378 1360//2378
f 1377//1 1378//1 1379//1
f 1378//2379 1380//2379 1379//2379
f 1380//2380 1381//2380 1379//2380
f 1381//2381 1377//2381 1379//2381
f 1359//1 1378//1 1377//1
f 1372//1 1359//1 1377//1
f 1382//1 1372//1 1377//1
f 1381//2382 1383//2382 1377//2382
f 1383//2383 1382//2383 1377//2383
f 1359//1 1375//1 1378//1
f 1384//2384 1380//2384 1378//2384
f 1374//2385 1384//2385 1378//2385
f 1375//2386 1374//2386 1378//2386
f 1385//1 1372//1 1382//1
f 1383//2387 1386//2387 1382//2387
f 1386//2388 1385//2388 1382//2388
f 1370//1 1372//1 1385//1
f 1387//1 1370//1 1385//1
f 1386//2389 1388//2389 1385//2389
f 1388//2390 1387//2390 1385//2390
f 1368//1 1370//1 1387//1
f 1389//1 1368//1 1387//1
f 1388//2391 1390//2391 1387//2391
f 1390//2392 1389//2392 1387//2392
f 1362//1 1368//1 1389//1
f 1391//1 1362//1 1389//1
f 1390//2393 1392//2393 1389//2393
f 1392//2394 1391//2394 1389//2394
f 1363//1 1362//1 1391//1
f 1393//1 1363//1 1391//1
f 1392//2395 1394//2395 1391//2395
f 1394//2396 1393//2396 1391//2396
f 1395//1 1365//1 1393//1
f 1364//1 1363//1 1393//1
f 1365//1 1364//1 1393//1
f 1394//2397 1396//2397 1393//2397
f 1396//2398 1395//2398 1393//2398
f 1395//1 1366//1 1365//1
f 1397//1 1367//1 1366//1
f 1395//1 1397//1 1366//1
f 1396//2399 1398//2399 1395//2399
f 1398//2400 1397//2400 1395//2400
f 1399//1 1369//1 1367//1
f 1397//1 1399//1 1367//1
f 1398//2401 1400//2401 1397//2401
f 1400//2402 1399//2402 1397//2402
f 1401//1 1371//1 1369//1
f 1402//1 1401//1 1369//1
f 1399//1 1402//1 1369//1
f 1403//1 1404//1 1371//1
f 1404//1 1405//1 1371//1
f 1405//1 1376//1 1371//1
f 1401//1 1403//1 1371//1
f 1400//2403 1406//2403 1399//2403
f 1406//2404 1402//2404 1399//2404
f 1405//2405 1407//2405 1376//2405
f 1407//2406 1361//2406 1376//2406
f 1406//2407 1408//2407 1402//2407
f 1408//2408 1401//2408 1402//2408
f 1408//2409 1409//2409 1401//2409
f 1409//2410 1403//2410 1401//2410
f 1404//2411 1407//2411 1405//2411
f 1409//2412 1410//2412 1403//2412
f 1410//2413 1404//2413 1403//2413
f 1410//2414 1407//2414 1404//2414
f 1411//2415 1286//2415 1285//2415
f 1352//2416 1411//2416 1285//2416
f 1289//2417 1373//2417 1290//2417
f 1411//2418 1310//2418 1286//2418
f 1309//2419 1412//2419 1289//2419
f 1412//2420 1373//2420 1289//2420
f 1411//2421 1341//2421 1310//2421
f 1334//2422 1412//2422 1309//2422
f 1413//2423 1340//2423 1341//2423
f 1411//2424 1413//2424 1341//2424
f 1343//2425 1412//2425 1334//2425
f 1413//2426 1347//2426 1340//2426
f 1342//2427 1412//2427 1343//2427
f 1414//2428 1353//2428 1347//2428
f 1413//2429 1414//2429 1347//2429
f 1350//2430 1415//2430 1342//2430
f 1415//2431 1412//2431 1342//2431
f 1414//2432 1357//2432 1353//2432
f 1356//2433 1415//2433 1350//2433
f 1416//2434 1172//2434 1171//2434
f 1417//2435 1416//2435 1171//2435
f 1282//2436 1417//2436 1171//2436
f 1414//2437 1418//2437 1357//2437
f 1418//2438 1374//2438 1357//2438
f 1361//2439 1419//2439 1356//2439
f 1419//2440 1415//2440 1356//2440
f 1420//2441 1381//2441 1380//2441
f 1421//2442 1420//2442 1380//2442
f 1422//2443 1421//2443 1380//2443
f 1384//2444 1422//2444 1380//2444
f 1423//2445 1383//2445 1381//2445
f 1424//2446 1423//2446 1381//2446
f 1420//2447 1424//2447 1381//2447
f 1425//2448 1422//2448 1384//2448
f 1418//2449 1425//2449 1384//2449
f 1374//2450 1418//2450 1384//2450
f 1426//2451 1386//2451 1383//2451
f 1427//2452 1426//2452 1383//2452
f 1423//2453 1427//2453 1383//2453
f 1428//2454 1388//2454 1386//2454
f 1429//2455 1428//2455 1386//2455
f 1426//2456 1429//2456 1386//2456
f 1430//2457 1390//2457 1388//2457
f 1431//2458 1430//2458 1388//2458
f 1428//2459 1431//2459 1388//2459
f 1432//2460 1392//2460 1390//2460
f 1433//2461 1432//2461 1390//2461
f 1430//2462 1433//2462 1390//2462
f 1434//2463 1394//2463 1392//2463
f 1435//2464 1434//2464 1392//2464
f 1432//2465 1435//2465 1392//2465
f 1436//2466 1396//2466 1394//2466
f 1437//2467 1436//2467 1394//2467
f 1434//2468 1437//2468 1394//2468
f 1438//2469 1398//2469 1396//2469
f 1439//2470 1438//2470 1396//2470
f 1436//2471 1439//2471 1396//2471
f 1440//2472 1400//2472 1398//2472
f 1441//2473 1440//2473 1398//2473
f 1438//2474 1441//2474 1398//2474
f 1442//2475 1406//2475 1400//2475
f 1443//2476 1442//2476 1400//2476
f 1440//2477 1443//2477 1400//2477
f 1407//2478 1444//2478 1361//2478
f 1444//2479 1419//2479 1361//2479
f 1445//2480 1408//2480 1406//2480
f 1446//2481 1445//2481 1406//2481
f 1442//2482 1446//2482 1406//2482
f 1447//2483 1409//2483 1408//2483
f 1448//2484 1447//2484 1408//2484
f 1445//2485 1448//2485 1408//2485
f 1449//2486 1444//2486 1407//2486
f 1410//2487 1449//2487 1407//2487
f 1450//2488 1410//2488 1409//2488
f 1451//2489 1450//2489 1409//2489
f 1447//2490 1451//2490 1409//2490
f 1452//2491 1449//2491 1410//2491
f 1450//2492 1452//2492 1410//2492
f 1346//2493 1318//2493 1312//2493
f 1183//2494 1313//2494 1162//2494
f 1311//2495 1181//2495 1161//2495
f 1317//2496 1417//2496 1282//2496
f 1453//2497 1318//2497 1346//2497
f 1164//2498 1453//2498 1346//2498
f 1454//2499 1316//2499 1313//2499
f 1183//2500 1454//2500 1313//2500
f 1455//2501 1181//2501 1311//2501
f 1456//2502 1455//2502 1311//2502
f 1314//2503 1456//2503 1311//2503
f 1457//2504 1417//2504 1317//2504
f 1458//2505 1457//2505 1317//2505
f 1316//2506 1458//2506 1317//2506
f 1459//2507 1314//2507 1318//2507
f 1453//2508 1459//2508 1318//2508
f 1454//2509 1458//2509 1316//2509
f 1459//2510 1456//2510 1314//2510
f 1182//2511 1454//2511 1183//2511
f 1455//2512 1198//2512 1181//2512
f 1163//2513 1460//2513 1164//2513
f 1460//2514 1461//2514 1164//2514
f 1461//2515 1453//2515 1164//2515
f 1457//2516 1416//2516 1417//2516
f 1462//2517 1173//2517 1172//2517
f 1463//2518 1462//2518 1172//2518
f 1416//2519 1463//2519 1172//2519
f 1464//2520 1465//2520 1344//2520
f 1466//2521 1464//2521 1344//2521
f 1205//2522 1466//2522 1344//2522
f 1465//2523 1352//2523 1344//2523
f 1467//2524 1468//2524 1345//2524
f 1469//2525 1467//2525 1345//2525
f 1470//2526 1199//2526 1345//2526
f 1468//2527 1470//2527 1345//2527
f 1351//2528 1469//2528 1345//2528
f 1465//2529 1471//2529 1352//2529
f 1471//2530 1472//2530 1352//2530
f 1472//2531 1411//2531 1352//2531
f 1373//2532 1473//2532 1351//2532
f 1473//2533 1474//2533 1351//2533
f 1474//2534 1469//2534 1351//2534
f 1199//2535 1454//2535 1182//2535
f 1455//2536 1205//2536 1198//2536
f 1472//2537 1475//2537 1411//2537
f 1475//2538 1476//2538 1411//2538
f 1476//2539 1413//2539 1411//2539
f 1412//2540 1477//2540 1373//2540
f 1477//2541 1478//2541 1373//2541
f 1478//2542 1473//2542 1373//2542
f 1457//2543 1463//2543 1416//2543
f 1461//2544 1459//2544 1453//2544
f 1479//2545 1458//2545 1454//2545
f 1199//2546 1479//2546 1454//2546
f 1456//2547 1480//2547 1455//2547
f 1480//2548 1481//2548 1455//2548
f 1481//2549 1205//2549 1455//2549
f 1482//2550 1463//2550 1457//2550
f 1483//2551 1482//2551 1457//2551
f 1458//2552 1483//2552 1457//2552
f 1461//2553 1484//2553 1459//2553
f 1484//2554 1456//2554 1459//2554
f 1479//2555 1483//2555 1458//2555
f 1484//2556 1480//2556 1456//2556
f 1485//2557 1486//2557 1413//2557
f 1486//2558 1414//2558 1413//2558
f 1476//2559 1487//2559 1413//2559
f 1487//2560 1485//2560 1413//2560
f 1488//2561 1489//2561 1412//2561
f 1419//2562 1488//2562 1412//2562
f 1415//2563 1419//2563 1412//2563
f 1489//2564 1477//2564 1412//2564
f 1165//2565 1490//2565 1163//2565
f 1490//2566 1491//2566 1163//2566
f 1491//2567 1460//2567 1163//2567
f 1460//2568 1484//2568 1461//2568
f 1486//2569 1418//2569 1414//2569
f 1481//2570 1466//2570 1205//2570
f 1470//2571 1479//2571 1199//2571
f 1492//2572 1493//2572 1173//2572
f 1493//2573 1174//2573 1173//2573
f 1462//2574 1492//2574 1173//2574
f 1494//2575 1495//2575 1465//2575
f 1464//2576 1494//2576 1465//2576
f 1495//2577 1471//2577 1465//2577
f 1496//2578 1467//2578 1469//2578
f 1474//2579 1496//2579 1469//2579
f 1482//2580 1462//2580 1463//2580
f 1468//2581 1479//2581 1470//2581
f 1497//2582 1464//2582 1466//2582
f 1481//2583 1497//2583 1466//2583
f 1482//2584 1498//2584 1462//2584
f 1498//2585 1492//2585 1462//2585
f 1491//2586 1484//2586 1460//2586
f 1468//2587 1499//2587 1479//2587
f 1499//2588 1483//2588 1479//2588
f 1500//2589 1497//2589 1481//2589
f 1480//2590 1500//2590 1481//2590
f 1483//2591 1501//2591 1482//2591
f 1501//2592 1498//2592 1482//2592
f 1502//2593 1480//2593 1484//2593
f 1491//2594 1502//2594 1484//2594
f 1499//2595 1501//2595 1483//2595
f 1502//2596 1500//2596 1480//2596
f 1503//2597 1504//2597 1165//2597
f 1504//2598 1505//2598 1165//2598
f 1505//2599 1506//2599 1165//2599
f 1506//2600 1507//2600 1165//2600
f 1507//2601 1508//2601 1165//2601
f 1508//2602 1490//2602 1165//2602
f 1169//2603 1509//2603 1165//2603
f 1509//2604 1510//2604 1165//2604
f 1510//2605 1503//2605 1165//2605
f 1511//2606 1512//2606 1174//2606
f 1493//2607 1513//2607 1174//2607
f 1513//2608 1511//2608 1174//2608
f 1512//2609 1514//2609 1174//2609
f 1514//2610 1515//2610 1174//2610
f 1515//2611 1516//2611 1174//2611
f 1516//2612 1517//2612 1174//2612
f 1517//2613 1518//2613 1174//2613
f 1518//2614 1519//2614 1174//2614
f 1519//2615 1520//2615 1174//2615
f 1520//2616 1521//2616 1174//2616
f 1521//2617 1522//2617 1174//2617
f 1523//2618 1524//2618 1174//2618
f 1525//2619 1523//2619 1174//2619
f 1522//2620 1525//2620 1174//2620
f 1524//2621 1526//2621 1174//2621
f 1526//2622 1527//2622 1174//2622
f 1527//2623 1528//2623 1174//2623
f 1528//2624 1529//2624 1174//2624
f 1529//2625 1530//2625 1174//2625
f 1530//2626 1531//2626 1174//2626
f 1531//2627 1532//2627 1174//2627
f 1532//2628 1533//2628 1174//2628
f 1533//2629 1168//2629 1174//2629
f 1534//2630 1535//2630 1169//2630
f 1536//2631 1534//2631 1169//2631
f 1535//2632 1537//2632 1169//2632
f 1537//2633 1538//2633 1169//2633
f 1538//2634 1539//2634 1169//2634
f 1540//2635 1541//2635 1169//2635
f 1539//2636 1540//2636 1169//2636
f 1541//2637 1542//2637 1169//2637
f 1542//2638 1543//2638 1169//2638
f 1543//2639 1544//2639 1169//2639
f 1544//2640 1545//2640 1169//2640
f 1545//2641 1546//2641 1169//2641
f 1546//2642 1547//2642 1169//2642
f 1547//2643 1548//2643 1169//2643
f 1548//2644 1509//2644 1169//2644
f 1549//2645 1550//2645 1169//2645
f 1550//2646 1551//2646 1169//2646
f 1551//2647 1536//2647 1169//2647
f 1552//2648 1549//2648 1169//2648
f 1168//2649 1552//2649 1169//2649
f 1490//2650 1502//2650 1491//2650
f 1553//2651 1552//2651 1168//2651
f 1533//2652 1554//2652 1168//2652
f 1554//2653 1553//2653 1168//2653
f 1467//2654 1499//2654 1468//2654
f 1497//2655 1494//2655 1464//2655
f 1498//2656 1493//2656 1492//2656
f 1508//2657 1555//2657 1490//2657
f 1555//2658 1556//2658 1490//2658
f 1556//2659 1502//2659 1490//2659
f 1557//2660 1558//2660 1497//2660
f 1558//2661 1495//2661 1497//2661
f 1495//2662 1494//2662 1497//2662
f 1559//2663 1557//2663 1497//2663
f 1500//2664 1559//2664 1497//2664
f 1560//2665 1501//2665 1499//2665
f 1561//2666 1560//2666 1499//2666
f 1467//2667 1496//2667 1499//2667
f 1496//2668 1562//2668 1499//2668
f 1562//2669 1561//2669 1499//2669
f 1563//2670 1493//2670 1498//2670
f 1564//2671 1563//2671 1498//2671
f 1501//2672 1565//2672 1498//2672
f 1565//2673 1566//2673 1498//2673
f 1566//2674 1564//2674 1498//2674
f 1567//2675 1568//2675 1502//2675
f 1568//2676 1569//2676 1502//2676
f 1569//2677 1570//2677 1502//2677
f 1570//2678 1500//2678 1502//2678
f 1556//2679 1571//2679 1502//2679
f 1571//2680 1567//2680 1502//2680
f 1572//2681 1559//2681 1500//2681
f 1570//2682 1573//2682 1500//2682
f 1573//2683 1572//2683 1500//2683
f 1560//2684 1574//2684 1501//2684
f 1574//2685 1575//2685 1501//2685
f 1575//2686 1565//2686 1501//2686
f 1563//2687 1576//2687 1493//2687
f 1576//2688 1577//2688 1493//2688
f 1577//2689 1578//2689 1493//2689
f 1578//2690 1513//2690 1493//2690
f 1558//2691 1471//2691 1495//2691
f 1579//2692 1562//2692 1496//2692
f 1474//2693 1579//2693 1496//2693
f 1473//2694 1579//2694 1474//2694
f 1580//2695 1472//2695 1471//2695
f 1558//2696 1580//2696 1471//2696
f 1580//2697 1475//2697 1472//2697
f 1581//2698 1579//2698 1473//2698
f 1478//2699 1581//2699 1473//2699
f 1557//2700 1580//2700 1558//2700
f 1582//2701 1561//2701 1562//2701
f 1579//2702 1582//2702 1562//2702
f 1583//2703 1580//2703 1557//2703
f 1559//2704 1583//2704 1557//2704
f 1582//2705 1560//2705 1561//2705
f 1584//2706 1583//2706 1559//2706
f 1572//2707 1584//2707 1559//2707
f 1582//2708 1574//2708 1560//2708
f 1583//2709 1585//2709 1580//2709
f 1585//2710 1586//2710 1580//2710
f 1586//2711 1475//2711 1580//2711
f 1581//2712 1582//2712 1579//2712
f 1477//2713 1581//2713 1478//2713
f 1573//2714 1584//2714 1572//2714
f 1586//2715 1476//2715 1475//2715
f 1587//2716 1575//2716 1574//2716
f 1588//2717 1587//2717 1574//2717
f 1582//2718 1588//2718 1574//2718
f 1589//2719 1584//2719 1573//2719
f 1570//2720 1589//2720 1573//2720
f 1590//2721 1487//2721 1476//2721
f 1586//2722 1590//2722 1476//2722
f 1587//2723 1565//2723 1575//2723
f 1584//2724 1591//2724 1583//2724
f 1591//2725 1585//2725 1583//2725
f 1592//2726 1581//2726 1477//2726
f 1489//2727 1592//2727 1477//2727
f 1593//2728 1588//2728 1582//2728
f 1581//2729 1593//2729 1582//2729
f 1587//2730 1566//2730 1565//2730
f 1594//2731 1589//2731 1570//2731
f 1569//2732 1594//2732 1570//2732
f 1595//2733 1564//2733 1566//2733
f 1587//2734 1596//2734 1566//2734
f 1596//2735 1595//2735 1566//2735
f 1597//2736 1594//2736 1569//2736
f 1568//2737 1597//2737 1569//2737
f 1595//2738 1563//2738 1564//2738
f 1507//2739 1555//2739 1508//2739
f 1578//2740 1511//2740 1513//2740
f 1506//2741 1555//2741 1507//2741
f 1578//2742 1512//2742 1511//2742
f 1598//2743 1597//2743 1568//2743
f 1567//2744 1598//2744 1568//2744
f 1577//2745 1514//2745 1578//2745
f 1514//2746 1512//2746 1578//2746
f 1518//2747 1576//2747 1563//2747
f 1595//2748 1518//2748 1563//2748
f 1571//2749 1503//2749 1567//2749
f 1503//2750 1510//2750 1567//2750
f 1510//2751 1509//2751 1567//2751
f 1548//2752 1598//2752 1567//2752
f 1509//2753 1548//2753 1567//2753
f 1556//2754 1503//2754 1571//2754
f 1517//2755 1577//2755 1576//2755
f 1518//2756 1517//2756 1576//2756
f 1503//2757 1556//2757 1555//2757
f 1506//2758 1505//2758 1555//2758
f 1505//2759 1504//2759 1555//2759
f 1504//2760 1503//2760 1555//2760
f 1516//2761 1515//2761 1577//2761
f 1515//2762 1514//2762 1577//2762
f 1517//2763 1516//2763 1577//2763
f 1589//2764 1599//2764 1584//2764
f 1599//2765 1591//2765 1584//2765
f 1421//2766 1600//2766 1420//2766
f 1600//2767 1601//2767 1420//2767
f 1601//2768 1424//2768 1420//2768
f 1422//2769 1602//2769 1421//2769
f 1602//2770 1600//2770 1421//2770
f 1601//2771 1603//2771 1424//2771
f 1603//2772 1423//2772 1424//2772
f 1425//2773 1604//2773 1422//2773
f 1604//2774 1602//2774 1422//2774
f 1603//2775 1605//2775 1423//2775
f 1605//2776 1427//2776 1423//2776
f 1606//2777 1607//2777 1425//2777
f 1418//2778 1606//2778 1425//2778
f 1607//2779 1604//2779 1425//2779
f 1605//2780 1608//2780 1427//2780
f 1608//2781 1426//2781 1427//2781
f 1608//2782 1609//2782 1426//2782
f 1609//2783 1429//2783 1426//2783
f 1609//2784 1610//2784 1429//2784
f 1610//2785 1428//2785 1429//2785
f 1610//2786 1611//2786 1428//2786
f 1611//2787 1431//2787 1428//2787
f 1611//2788 1612//2788 1431//2788
f 1612//2789 1430//2789 1431//2789
f 1486//2790 1606//2790 1418//2790
f 1612//2791 1613//2791 1430//2791
f 1613//2792 1433//2792 1430//2792
f 1613//2793 1614//2793 1433//2793
f 1614//2794 1432//2794 1433//2794
f 1614//2795 1615//2795 1432//2795
f 1615//2796 1435//2796 1432//2796
f 1615//2797 1616//2797 1435//2797
f 1616//2798 1434//2798 1435//2798
f 1616//2799 1617//2799 1434//2799
f 1617//2800 1437//2800 1434//2800
f 1617//2801 1618//2801 1437//2801
f 1618//2802 1436//2802 1437//2802
f 1618//2803 1619//2803 1436//2803
f 1619//2804 1439//2804 1436//2804
f 1619//2805 1620//2805 1439//2805
f 1620//2806 1438//2806 1439//2806
f 1620//2807 1621//2807 1438//2807
f 1621//2808 1441//2808 1438//2808
f 1621//2809 1622//2809 1441//2809
f 1622//2810 1440//2810 1441//2810
f 1622//2811 1623//2811 1440//2811
f 1623//2812 1443//2812 1440//2812
f 1624//2813 1625//2813 1419//2813
f 1444//2813 1624//2813 1419//2813
f 1625//2814 1626//2814 1419//2814
f 1626//2815 1488//2815 1419//2815
f 1623//2816 1627//2816 1443//2816
f 1627//2817 1442//2817 1443//2817
f 1627//2818 1628//2818 1442//2818
f 1628//2819 1446//2819 1442//2819
f 1628//2820 1629//2820 1446//2820
f 1629//2821 1445//2821 1446//2821
f 1629//2822 1630//2822 1445//2822
f 1630//2823 1448//2823 1445//2823
f 1630//2824 1631//2824 1448//2824
f 1631//2825 1447//2825 1448//2825
f 1449//2826 1624//2826 1444//2826
f 1631//2827 1632//2827 1447//2827
f 1632//2828 1451//2828 1447//2828
f 1452//2829 1633//2829 1449//2829
f 1633//2830 1624//2830 1449//2830
f 1632//2831 1634//2831 1451//2831
f 1634//2832 1450//2832 1451//2832
f 1450//2833 1635//2833 1452//2833
f 1635//2834 1633//2834 1452//2834
f 1634//2835 1635//2835 1450//2835
f 1593//2836 1636//2836 1588//2836
f 1636//2837 1587//2837 1588//2837
f 1594//2838 1637//2838 1589//2838
f 1637//2839 1599//2839 1589//2839
f 1638//2840 1606//2840 1486//2840
f 1485//2841 1638//2841 1486//2841
f 1639//2842 1590//2842 1586//2842
f 1585//2843 1639//2843 1586//2843
f 1640//2844 1641//2844 1581//2844
f 1592//2845 1640//2845 1581//2845
f 1641//2846 1593//2846 1581//2846
f 1636//2847 1642//2847 1587//2847
f 1642//2848 1596//2848 1587//2848
f 1488//2849 1643//2849 1489//2849
f 1643//2850 1592//2850 1489//2850
f 1590//2851 1485//2851 1487//2851
f 1626//2852 1644//2852 1488//2852
f 1644//2853 1643//2853 1488//2853
f 1597//2854 1645//2854 1594//2854
f 1645//2855 1637//2855 1594//2855
f 1522//2856 1521//2856 1596//2856
f 1521//2857 1595//2857 1596//2857
f 1642//2858 1646//2858 1596//2858
f 1646//2859 1522//2859 1596//2859
f 1598//2860 1546//2860 1597//2860
f 1546//2861 1545//2861 1597//2861
f 1545//2862 1645//2862 1597//2862
f 1595//2863 1519//2863 1518//2863
f 1647//2864 1639//2864 1585//2864
f 1591//2865 1647//2865 1585//2865
f 1590//2866 1648//2866 1485//2866
f 1648//2867 1638//2867 1485//2867
f 1644//2868 1649//2868 1643//2868
f 1649//2869 1592//2869 1643//2869
f 1520//2870 1519//2870 1595//2870
f 1521//2871 1520//2871 1595//2871
f 1547//2872 1598//2872 1548//2872
f 1650//2873 1636//2873 1593//2873
f 1641//2874 1650//2874 1593//2874
f 1547//2875 1546//2875 1598//2875
f 1639//2876 1651//2876 1590//2876
f 1651//2877 1648//2877 1590//2877
f 1649//2878 1640//2878 1592//2878
f 1544//2879 1645//2879 1545//2879
f 1647//2880 1651//2880 1639//2880
f 1649//2881 1641//2881 1640//2881
f 1652//2882 1647//2882 1591//2882
f 1653//2883 1652//2883 1591//2883
f 1599//2884 1653//2884 1591//2884
f 1654//2885 1642//2885 1636//2885
f 1650//2886 1654//2886 1636//2886
f 1655//2887 1651//2887 1647//2887
f 1652//2888 1655//2888 1647//2888
f 1649//2889 1650//2889 1641//2889
f 1656//2890 1653//2890 1599//2890
f 1637//2891 1656//2891 1599//2891
f 1638//2892 1657//2892 1606//2892
f 1657//2893 1607//2893 1606//2893
f 1658//2894 1646//2894 1642//2894
f 1659//2895 1658//2895 1642//2895
f 1654//2896 1659//2896 1642//2896
f 1660//2897 1657//2897 1638//2897
f 1648//2898 1660//2898 1638//2898
f 1653//2899 1655//2899 1652//2899
f 1649//2900 1661//2900 1650//2900
f 1661//2901 1654//2901 1650//2901
f 1645//2902 1543//2902 1637//2902
f 1662//2903 1656//2903 1637//2903
f 1543//2904 1662//2904 1637//2904
f 1656//2905 1655//2905 1653//2905
f 1663//2906 1659//2906 1654//2906
f 1524//2907 1663//2907 1654//2907
f 1661//2908 1524//2908 1654//2908
f 1662//2909 1540//2909 1656//2909
f 1540//2910 1655//2910 1656//2910
f 1658//2911 1664//2911 1646//2911
f 1664//2912 1522//2912 1646//2912
f 1663//2913 1658//2913 1659//2913
f 1544//2914 1543//2914 1645//2914
f 1651//2915 1665//2915 1648//2915
f 1665//2916 1660//2916 1648//2916
f 1664//2917 1525//2917 1522//2917
f 1660//2918 1666//2918 1657//2918
f 1666//2919 1607//2919 1657//2919
f 1602//2920 1667//2920 1600//2920
f 1667//2921 1668//2921 1600//2921
f 1668//2922 1601//2922 1600//2922
f 1604//2923 1669//2923 1602//2923
f 1669//2924 1667//2924 1602//2924
f 1668//2925 1670//2925 1601//2925
f 1670//2926 1603//2926 1601//2926
f 1607//2927 1671//2927 1604//2927
f 1671//2928 1669//2928 1604//2928
f 1670//2929 1672//2929 1603//2929
f 1672//2930 1605//2930 1603//2930
f 1666//2931 1673//2931 1607//2931
f 1673//2932 1671//2932 1607//2932
f 1672//2933 1674//2933 1605//2933
f 1674//2934 1608//2934 1605//2934
f 1674//2935 1675//2935 1608//2935
f 1675//2936 1609//2936 1608//2936
f 1675//2937 1676//2937 1609//2937
f 1676//2938 1610//2938 1609//2938
f 1676//2939 1677//2939 1610//2939
f 1677//2940 1611//2940 1610//2940
f 1677//2941 1678//2941 1611//2941
f 1678//2942 1612//2942 1611//2942
f 1678//2943 1679//2943 1612//2943
f 1679//2944 1613//2944 1612//2944
f 1679//2945 1680//2945 1613//2945
f 1680//2946 1614//2946 1613//2946
f 1680//2947 1681//2947 1614//2947
f 1681//2948 1615//2948 1614//2948
f 1681//2949 1682//2949 1615//2949
f 1682//2950 1616//2950 1615//2950
f 1682//2951 1683//2951 1616//2951
f 1683//2952 1617//2952 1616//2952
f 1683//2953 1684//2953 1617//2953
f 1684//2954 1618//2954 1617//2954
f 1684//2955 1685//2955 1618//2955
f 1685//2956 1619//2956 1618//2956
f 1685//2957 1686//2957 1619//2957
f 1686//2958 1620//2958 1619//2958
f 1686//2959 1687//2959 1620//2959
f 1687//2960 1621//2960 1620//2960
f 1687//2961 1688//2961 1621//2961
f 1688//2962 1622//2962 1621//2962
f 1688//2963 1689//2963 1622//2963
f 1689//2964 1623//2964 1622//2964
f 1690//2965 1691//2965 1625//2965
f 1624//2966 1690//2966 1625//2966
f 1691//2967 1692//2967 1625//2967
f 1692//2968 1626//2968 1625//2968
f 1689//2969 1693//2969 1623//2969
f 1693//2970 1627//2970 1623//2970
f 1693//2971 1694//2971 1627//2971
f 1694//2972 1628//2972 1627//2972
f 1694//2973 1695//2973 1628//2973
f 1695//2974 1629//2974 1628//2974
f 1695//2975 1696//2975 1629//2975
f 1696//2976 1630//2976 1629//2976
f 1696//2977 1697//2977 1630//2977
f 1697//2978 1631//2978 1630//2978
f 1633//2979 1690//2979 1624//2979
f 1697//2980 1698//2980 1631//2980
f 1698//2981 1632//2981 1631//2981
f 1635//2982 1699//2982 1633//2982
f 1699//2983 1690//2983 1633//2983
f 1698//2984 1700//2984 1632//2984
f 1700//2985 1634//2985 1632//2985
f 1634//2986 1701//2986 1635//2986
f 1701//2987 1699//2987 1635//2987
f 1700//2988 1701//2988 1634//2988
f 1542//2989 1662//2989 1543//2989
f 1542//2990 1541//2990 1662//2990
f 1541//2991 1540//2991 1662//2991
f 1523//2992 1664//2992 1658//2992
f 1663//2993 1523//2993 1658//2993
f 1523//2994 1525//2994 1664//2994
f 1692//2995 1702//2995 1626//2995
f 1702//2996 1644//2996 1626//2996
f 1651//2997 1703//2997 1665//2997
f 1703//2998 1660//2998 1665//2998
f 1702//2999 1704//2999 1644//2999
f 1704//3000 1649//3000 1644//3000
f 1655//3001 1705//3001 1651//3001
f 1705//3002 1706//3002 1651//3002
f 1706//3003 1703//3003 1651//3003
f 1704//3004 1707//3004 1649//3004
f 1707//3005 1661//3005 1649//3005
f 1663//3006 1524//3006 1523//3006
f 1539//3007 1708//3007 1540//3007
f 1708//3008 1655//3008 1540//3008
f 1660//3009 1709//3009 1666//3009
f 1709//3010 1673//3010 1666//3010
f 1703//3011 1710//3011 1660//3011
f 1710//3012 1709//3012 1660//3012
f 1706//3013 1710//3013 1703//3013
f 1708//3014 1539//3014 1655//3014
f 1539//3015 1711//3015 1655//3015
f 1711//3016 1705//3016 1655//3016
f 1707//3017 1527//3017 1661//3017
f 1526//3018 1524//3018 1661//3018
f 1527//3019 1526//3019 1661//3019
f 1538//3020 1711//3020 1539//3020
f 1710//3021 1712//3021 1709//3021
f 1712//3022 1673//3022 1709//3022
f 1669//3023 1713//3023 1667//3023
f 1713//3024 1714//3024 1667//3024
f 1714//3025 1668//3025 1667//3025
f 1671//3026 1715//3026 1669//3026
f 1715//3027 1713//3027 1669//3027
f 1714//3028 1716//3028 1668//3028
f 1716//3029 1670//3029 1668//3029
f 1673//3030 1717//3030 1671//3030
f 1717//3031 1715//3031 1671//3031
f 1716//3032 1718//3032 1670//3032
f 1718//3033 1672//3033 1670//3033
f 1712//3034 1719//3034 1673//3034
f 1719//3035 1717//3035 1673//3035
f 1718//3036 1720//3036 1672//3036
f 1720//3037 1674//3037 1672//3037
f 1720//3038 1721//3038 1674//3038
f 1721//3039 1675//3039 1674//3039
f 1721//3040 1722//3040 1675//3040
f 1722//3041 1676//3041 1675//3041
f 1722//3042 1723//3042 1676//3042
f 1723//3043 1677//3043 1676//3043
f 1723//3044 1724//3044 1677//3044
f 1724//3045 1678//3045 1677//3045
f 1724//3046 1725//3046 1678//3046
f 1725//3047 1679//3047 1678//3047
f 1725//3048 1726//3048 1679//3048
f 1726//3049 1680//3049 1679//3049
f 1726//3050 1727//3050 1680//3050
f 1727//3051 1681//3051 1680//3051
f 1727//3052 1728//3052 1681//3052
f 1728//3053 1682//3053 1681//3053
f 1728//3054 1729//3054 1682//3054
f 1729//3055 1683//3055 1682//3055
f 1729//3056 1730//3056 1683//3056
f 1730//3057 1684//3057 1683//3057
f 1730//3058 1731//3058 1684//3058
f 1731//3059 1685//3059 1684//3059
f 1731//3060 1732//3060 1685//3060
f 1732//3061 1686//3061 1685//3061
f 1732//3062 1733//3062 1686//3062
f 1733//3063 1687//3063 1686//3063
f 1733//3064 1734//3064 1687//3064
f 1734//3065 1688//3065 1687//3065
f 1735//3066 1736//3066 1691//3066
f 1690//3067 1735//3067 1691//3067
f 1736//3068 1737//3068 1691//3068
f 1737//3069 1692//3069 1691//3069
f 1734//3070 1738//3070 1688//3070
f 1738//3071 1689//3071 1688//3071
f 1738//3072 1739//3072 1689//3072
f 1739//3073 1693//3073 1689//3073
f 1739//3074 1740//3074 1693//3074
f 1740//3075 1694//3075 1693//3075
f 1740//3076 1741//3076 1694//3076
f 1741//3077 1695//3077 1694//3077
f 1741//3078 1742//3078 1695//3078
f 1742//3079 1696//3079 1695//3079
f 1742//3080 1743//3080 1696//3080
f 1743//3081 1697//3081 1696//3081
f 1699//3082 1735//3082 1690//3082
f 1743//3083 1744//3083 1697//3083
f 1744//3084 1698//3084 1697//3084
f 1701//3085 1745//3085 1699//3085
f 1745//3086 1735//3086 1699//3086
f 1744//3087 1746//3087 1698//3087
f 1746//3088 1700//3088 1698//3088
f 1700//3089 1747//3089 1701//3089
f 1747//3090 1745//3090 1701//3090
f 1746//3091 1747//3091 1700//3091
f 1737//3092 1748//3092 1692//3092
f 1748//3093 1702//3093 1692//3093
f 1537//3094 1711//3094 1538//3094
f 1705//3095 1749//3095 1706//3095
f 1749//3096 1710//3096 1706//3096
f 1748//3097 1750//3097 1702//3097
f 1750//3098 1704//3098 1702//3098
f 1711//3099 1751//3099 1705//3099
f 1751//3100 1749//3100 1705//3100
f 1750//3101 1752//3101 1704//3101
f 1752//3102 1707//3102 1704//3102
f 1751//3103 1753//3103 1749//3103
f 1753//3104 1754//3104 1749//3104
f 1754//3105 1710//3105 1749//3105
f 1710//3106 1755//3106 1712//3106
f 1755//3107 1719//3107 1712//3107
f 1754//3108 1755//3108 1710//3108
f 1535//3109 1756//3109 1537//3109
f 1756//3110 1757//3110 1537//3110
f 1757//3111 1711//3111 1537//3111
f 1707//3112 1528//3112 1527//3112
f 1757//3113 1751//3113 1711//3113
f 1529//3114 1528//3114 1707//3114
f 1752//3115 1529//3115 1707//3115
f 1535//3116 1757//3116 1756//3116
f 1758//3117 1757//3117 1535//3117
f 1534//3118 1758//3118 1535//3118
f 1752//3119 1530//3119 1529//3119
f 1752//3120 1759//3120 1530//3120
f 1759//3121 1531//3121 1530//3121
f 1735//694 1714//694 1713//694
f 1715//694 1735//694 1713//694
f 1717//694 1735//694 1715//694
f 1735//694 1716//694 1714//694
f 1719//694 1735//694 1717//694
f 1735//694 1745//694 1716//694
f 1745//694 1747//694 1716//694
f 1747//694 1746//694 1716//694
f 1746//694 1744//694 1716//694
f 1744//694 1743//694 1716//694
f 1740//694 1739//694 1716//694
f 1739//694 1738//694 1716//694
f 1738//694 1734//694 1716//694
f 1734//694 1733//694 1716//694
f 1733//694 1732//694 1716//694
f 1732//694 1731//694 1716//694
f 1731//694 1730//694 1716//694
f 1730//694 1729//694 1716//694
f 1729//694 1728//694 1716//694
f 1743//694 1742//694 1716//694
f 1742//694 1741//694 1716//694
f 1741//694 1740//694 1716//694
f 1728//694 1727//694 1716//694
f 1727//694 1726//694 1716//694
f 1726//694 1718//694 1716//694
f 1736//694 1735//694 1719//694
f 1755//694 1736//694 1719//694
f 1726//694 1725//694 1718//694
f 1725//694 1724//694 1718//694
f 1724//694 1723//694 1718//694
f 1723//694 1720//694 1718//694
f 1723//694 1722//694 1720//694
f 1722//694 1721//694 1720//694
f 1737//694 1736//694 1755//694
f 1754//694 1737//694 1755//694
f 1753//694 1737//694 1754//694
f 1748//694 1737//694 1753//694
f 1751//694 1748//694 1753//694
f 1536//694 1551//694 1751//694
f 1757//694 1536//694 1751//694
f 1750//694 1748//694 1751//694
f 1551//694 1750//694 1751//694
f 1758//694 1536//694 1757//694
f 1534//694 1536//694 1758//694
f 1550//694 1750//694 1551//694
f 1549//694 1750//694 1550//694
f 1552//694 1750//694 1549//694
f 1553//694 1750//694 1552//694
f 1554//694 1750//694 1553//694
f 1533//694 1750//694 1554//694
f 1532//694 1750//694 1533//694
f 1531//694 1759//694 1532//694
f 1752//694 1750//694 1532//694
f 1759//694 1752//694 1532//694
#3514 polygons

