# Aspose.3D Wavefront OBJ Exporter
# Copyright 2004-2023 Aspose Pty Ltd.
# File created: 06/29/2023 05:41:11


#
# object obj_62751636
#

v 39.70167541503906248 94.165313720703125 -133.222503662109375
v 41.64316558837890624 94.24275207519531248 -132.68876647949218752
v 41.71637725830078128 94.20048522949218752 -133.222503662109375
v 41.43070602416992184 94.36541748046875 -132.207275390625
v 41.09978485107421876 94.55647277832031248 -131.82516479492187504
v 40.6828041076660156 94.79721832275390624 -131.579833984375
v 40.22057723999023436 95.0640869140625 -131.49530029296875
v 39.75835037231445312 95.33094787597656248 -131.579833984375
v 39.34136962890625 95.57169342041015624 -131.82516479492187504
v 39.0104522705078125 95.76274871826171872 -132.207275390625
v 38.79798889160156256 95.88541412353515632 -132.68876647949218752
v 38.72477722167968752 95.92768096923828128 -133.222503662109375
v 38.79798889160156256 95.88541412353515632 -133.75624084472656256
v 39.0104522705078125 95.76274871826171872 -134.23771667480468752
v 39.34136962890625 95.57169342041015624 -134.61982727050781248
v 39.75835037231445312 95.33094787597656248 -134.86515808105468752
v 40.22057723999023436 95.0640869140625 -134.94970703125
v 40.6828041076660156 94.79721832275390624 -134.86515808105468752
v 41.09978485107421876 94.55647277832031248 -134.61982727050781248
v 41.43070602416992184 94.36541748046875 -134.23771667480468752
v 41.64316558837890624 94.24275207519531248 -133.75624084472656256
v 44.10322952270507812 105.24343109130859376 -133.222503662109375
v 44.1764373779296875 105.20116424560546876 -132.68876647949218752
v 44.38890075683593752 105.07849884033203125 -132.207275390625
v 44.71981811523437504 104.8874435424804688 -131.82516479492187504
v 45.13679885864257812 104.64669799804687504 -131.579833984375
v 45.59902572631835936 104.37982940673828128 -131.49530029296875
v 46.06125640869140625 104.11296844482421876 -131.579833984375
v 46.47823715209960936 103.87222290039062496 -131.82516479492187504
v 46.80915451049804688 103.68116760253906248 -132.207275390625
v 47.02161788940429687 103.55850219726562496 -132.68876647949218752
v 47.09482574462890624 103.5162353515625 -133.222503662109375
v 47.02161788940429687 103.55850219726562496 -133.75624084472656256
v 46.80915451049804688 103.68116760253906248 -134.23771667480468752
v 46.47823715209960936 103.87222290039062496 -134.61982727050781248
v 46.06125640869140625 104.11296844482421876 -134.86515808105468752
v 45.59902572631835936 104.37982940673828128 -134.94970703125
v 45.13679885864257812 104.64669799804687504 -134.86515808105468752
v 44.71981811523437504 104.8874435424804688 -134.61982727050781248
v 44.38890075683593752 105.07849884033203125 -134.23771667480468752
v 44.1764373779296875 105.20116424560546876 -133.75624084472656256
v 45.77682876586914064 104.68778991699218752 -131.1396942138671875
v 46.33422088623046876 104.36598205566406248 -131.24163818359375
v 46.83705139160156256 104.0756683349609375 -131.5374755859375
v 47.23609924316406248 103.84528350830078128 -131.99826049804687504
v 47.49230194091796872 103.69735717773437504 -132.57887268066406248
v 47.58058547973632816 103.64639282226562496 -133.222503662109375
v 47.49230194091796872 103.69735717773437504 -133.86611938476562496
v 47.23609924316406248 103.84528350830078128 -134.44673156738281248
v 46.83705139160156256 104.0756683349609375 -134.90751647949218752
v 46.33422088623046876 104.36598205566406248 -135.20335388183593752
v 45.77682876586914064 104.68778991699218752 -135.3052978515625
v 45.21943664550781248 105.0095977783203125 -135.20335388183593752
v 44.71660614013671872 105.29991149902343752 -134.90751647949218752
v 44.31755828857421876 105.53030395507812496 -134.44673156738281248
v 44.06135177612304688 105.67822265625 -133.86611938476562496
v 43.97306823730468752 105.72918701171875008 -133.222503662109375
v 44.06135177612304688 105.67822265625 -132.57887268066406248
v 44.31755828857421876 105.53030395507812496 -131.99826049804687504
v 44.71660614013671872 105.29991149902343752 -131.5374755859375
v 45.21943664550781248 105.0095977783203125 -131.24163818359375
v 45.77682876586914064 104.68778991699218752 -156.53970336914062496
v 49.6935997009277344 102.42644500732421872 -143.082427978515625
v 49.88887786865234368 102.31369781494140624 -142.639892578125
v 46.83705139160156256 104.0756683349609375 -156.93748474121093744
v 46.33422088623046876 104.36598205566406248 -156.64163208007812496
v 50.57628250122070312 101.91682434082031248 -142.063201904296875
v 50.19303131103515624 102.138092041015625 -142.28868103027343752
v 73.74489593505859376 88.54042053222656248 -168.1475067138671875
v 63.92438888549804688 94.21028900146484376 -168.1475067138671875
v 67.77387237548828128 91.98779296875 -160.70530700683593752
v 39.80580520629882816 108.135162353515625 -168.1475067138671875
v 44.06135177612304688 105.67822265625 -159.26611328125
v 44.31755828857421876 105.53030395507812496 -159.84674072265624992
v 45.21943664550781248 105.0095977783203125 -156.64163208007812496
v 66.71365356445312496 92.59990692138671872 -134.90751647949218752
v 67.21648406982421876 92.309600830078125 -135.20335388183593752
v 63.35766983032226564 94.53748321533203128 -142.28868103027343752
v 69.23314666748046876 91.1452789306640625 -159.84674072265624992
v 69.48934936523437504 90.99736022949218752 -159.26611328125
v 68.33126068115234376 91.66597747802734376 -160.60336303710937504
v 66.71365356445312496 92.59990692138671872 -160.307525634765625
v 67.21648406982421876 92.309600830078125 -160.60336303710937504
v 67.77387237548828128 91.98779296875 -156.53970336914062496
v 67.21648406982421876 92.309600830078125 -156.64163208007812496
v 63.92438888549804688 94.21028900146484376 -143.572998046875
v 45.21943664550781248 105.0095977783203125 -160.60336303710937504
v 45.77682876586914064 104.68778991699218752 -160.70530700683593752
v 43.97306823730468752 105.72918701171875008 -158.62249755859375
v 39.80580520629882816 108.135162353515625 -122.33563995361328124
v 44.06135177612304688 105.67822265625 -157.9788818359375
v 62.97441482543945312 94.75875854492187504 -142.063201904296875
v 68.83409118652343744 91.37567138671875 -160.307525634765625
v 66.0583953857421875 92.97821807861328128 -157.9788818359375
v 65.97011566162109376 93.0291900634765625 -158.62249755859375
v 69.23314666748046876 91.1452789306640625 -134.44673156738281248
v 68.33126068115234376 91.66597747802734376 -156.64163208007812496
v 49.62630844116210936 102.46529388427734376 -168.1475067138671875
v 46.33422088623046876 104.36598205566406248 -160.60336303710937504
v 44.71660614013671872 105.29991149902343752 -160.307525634765625
v 44.71660614013671872 105.29991149902343752 -156.93748474121093744
v 44.31755828857421876 105.53030395507812496 -157.39825439453125
v 66.0583953857421875 92.97821807861328128 -132.57887268066406248
v 67.77387237548828128 91.98779296875 -135.3052978515625
v 63.66182327270507816 94.36188507080078128 -142.639892578125
v 66.0583953857421875 92.97821807861328128 -159.26611328125
v 66.314605712890625 92.83029937744140624 -157.39825439453125
v 63.85710144042968752 94.24913787841796876 -143.082427978515625
v 73.74489593505859376 88.54042053222656248 -122.33563995361328124
v 68.83409118652343744 91.37567138671875 -156.93748474121093744
v 69.48934936523437504 90.99736022949218752 -133.86611938476562496
v 47.49230194091796872 103.69735717773437504 -159.26611328125
v 47.58058547973632816 103.64639282226562496 -158.62249755859375
v 46.83705139160156256 104.0756683349609375 -160.307525634765625
v 47.23609924316406248 103.84528350830078128 -159.84674072265624992
v 51.00112533569335937 101.67153930664062496 -141.98550415039062496
v 66.314605712890625 92.83029937744140624 -131.99826049804687504
v 68.33126068115234376 91.66597747802734376 -135.20335388183593752
v 66.0583953857421875 92.97821807861328128 -133.86611938476562496
v 66.314605712890625 92.83029937744140624 -134.44673156738281248
v 66.314605712890625 92.83029937744140624 -159.84674072265624992
v 66.71365356445312496 92.59990692138671872 -156.93748474121093744
v 49.62630844116210936 102.46529388427734376 -143.572998046875
v 67.77387237548828128 91.98779296875 -131.1396942138671875
v 66.71365356445312496 92.59990692138671872 -131.5374755859375
v 67.21648406982421876 92.309600830078125 -131.24163818359375
v 62.54957580566406248 95.0040435791015625 -141.98550415039062496
v 65.97011566162109376 93.0291900634765625 -133.222503662109375
v 69.57762908935546872 90.94638824462890624 -133.222503662109375
v 47.49230194091796872 103.69735717773437504 -157.9788818359375
v 47.23609924316406248 103.84528350830078128 -157.39825439453125
v 68.33126068115234376 91.66597747802734376 -131.24163818359375
v 68.83409118652343744 91.37567138671875 -134.90751647949218752
v 69.57762908935546872 90.94638824462890624 -158.62249755859375
v 69.48934936523437504 90.99736022949218752 -157.9788818359375
v 68.83409118652343744 91.37567138671875 -131.5374755859375
v 69.48934936523437504 90.99736022949218752 -132.57887268066406248
v 69.23314666748046876 91.1452789306640625 -131.99826049804687504
v 69.23314666748046876 91.1452789306640625 -157.39825439453125
v 45.65755844116210936 95.59121704101562496 -168.1475067138671875
v 45.65755844116210936 95.59121704101562496 -143.572998046875
v 59.95563888549804688 87.336212158203125 -168.1475067138671875
v 59.95563888549804688 87.336212158203125 -143.572998046875
v 47.03237533569335937 94.79746246337890624 -141.98550415039062496
v 58.58082580566406248 88.12996673583984376 -141.98550415039062496
v 59.88835144042968752 87.37506103515625 -143.082427978515625
v 59.69307327270507816 87.48780822753906248 -142.639892578125
v 59.3889198303222656 87.66340637207031248 -142.28868103027343752
v 59.00566482543945312 87.88468170166015632 -142.063201904296875
v 59.6430702209472656 86.95021820068359376 -143.572998046875
v 59.59107971191406248 87.007965087890625 -143.082427978515625
v 59.22652053833007812 86.67971038818359376 -143.572998046875
v 59.194915771484375 86.75069427490234368 -143.082427978515625
v 58.74676513671875008 86.55116271972656248 -143.572998046875
v 58.7386398315429688 86.62843322753906248 -143.082427978515625
v 58.250762939453125 86.57715606689453128 -143.572998046875
v 58.26691818237304688 86.65315246582031248 -143.082427978515625
v 57.78707504272460944 86.75514984130859376 -143.572998046875
v 57.8259239196777344 86.82243347167968752 -143.082427978515625
v 59.44019699096679688 87.17552947998046876 -142.639892578125
v 59.10320281982421876 86.95668792724609376 -142.639892578125
v 58.71507263183593752 86.85268402099609376 -142.639892578125
v 58.31380081176757812 86.87371826171875008 -142.639892578125
v 57.93866729736328128 87.0177154541015625 -142.639892578125
v 59.20519638061523436 87.43653106689453128 -142.28868103027343752
v 58.96035385131835936 87.27752685546875 -142.28868103027343752
v 58.67835998535156248 87.20196533203125 -142.28868103027343752
v 58.38682174682617184 87.21724700927734376 -142.28868103027343752
v 58.11426925659179688 87.321868896484375 -142.28868103027343752
v 58.90907669067382816 87.76540374755859376 -142.063201904296875
v 58.78035354614257808 87.68180847167968752 -142.063201904296875
v 58.63210296630859376 87.64208984375 -142.063201904296875
v 58.47882843017578128 87.65011596679687504 -142.063201904296875
v 58.335540771484375 87.70512390136718752 -142.063201904296875
v 58.250762939453125 86.57715606689453128 -168.1475067138671875
v 57.78707504272460944 86.75514984130859376 -168.1475067138671875
v 58.74676513671875008 86.55116271972656248 -168.1475067138671875
v 59.22652053833007812 86.67971038818359376 -168.1475067138671875
v 59.6430702209472656 86.95021820068359376 -168.1475067138671875
v 46.23862457275390624 93.42264556884765624 -168.1475067138671875
v 46.23862457275390624 93.42264556884765624 -143.572998046875
v 45.47956466674804688 95.12752532958984376 -168.1475067138671875
v 45.45357131958007816 94.63152313232421872 -168.1475067138671875
v 45.47956466674804688 95.12752532958984376 -143.572998046875
v 45.58212280273437504 94.15177154541015624 -168.1475067138671875
v 45.45357131958007816 94.63152313232421872 -143.572998046875
v 45.85263442993164064 93.7352218627929688 -168.1475067138671875
v 45.58212280273437504 94.15177154541015624 -143.572998046875
v 45.85263442993164064 93.7352218627929688 -143.572998046875
v 46.27747344970703124 93.48993682861328128 -143.082427978515625
v 46.39021682739257816 93.68521881103515624 -142.639892578125
v 46.56582260131835936 93.98936462402343744 -142.28868103027343752
v 46.78709411621093744 94.37261962890625 -142.063201904296875
v 45.7248497009277344 95.5523681640625 -143.082427978515625
v 45.92012786865234368 95.43962097167968752 -142.639892578125
v 46.22428131103515624 95.26401519775390624 -142.28868103027343752
v 46.60753250122070312 95.04274749755859375 -142.063201904296875
v 45.91037368774414064 93.78720855712890624 -143.082427978515625
v 45.65310287475585936 94.18337249755859376 -143.082427978515625
v 45.53084564208984376 94.6396484375 -143.082427978515625
v 45.55556488037109376 95.11136627197265624 -143.082427978515625
v 46.07794570922851562 93.93808746337890624 -142.639892578125
v 45.85909652709960944 94.27508544921875 -142.639892578125
v 45.75509643554687504 94.66321563720703128 -142.639892578125
v 45.7761268615722656 95.06449127197265625 -142.639892578125
v 46.33893966674804688 94.173095703125 -142.28868103027343752
v 46.17993927001953124 94.41793823242187504 -142.28868103027343752
v 46.10437774658203124 94.69992828369140624 -142.28868103027343752
v 46.11965560913085938 94.99147033691406256 -142.28868103027343752
v 46.66781616210937504 94.46921539306640624 -142.063201904296875
v 46.58422088623046872 94.59793090820312496 -142.063201904296875
v 46.5444984436035156 94.74618530273437504 -142.063201904296875
v 46.55253219604492184 94.89945983886718752 -142.063201904296875
v 46.06125640869140625 104.11296844482421876 -156.97982788085937504
v 46.47823715209960936 103.87222290039062496 -157.22515869140625
v 46.80915451049804688 103.68116760253906248 -157.60728454589843752
v 47.02161788940429687 103.55850219726562496 -158.0887603759765625
v 47.09482574462890624 103.5162353515625 -158.62249755859375
v 47.02161788940429687 103.55850219726562496 -159.1562347412109375
v 46.80915451049804688 103.68116760253906248 -159.63772583007812496
v 46.47823715209960936 103.87222290039062496 -160.01983642578125
v 46.06125640869140625 104.11296844482421876 -160.265167236328125
v 45.59902572631835936 104.37982940673828128 -160.349700927734375
v 45.13679885864257812 104.64669799804687504 -160.265167236328125
v 44.71981811523437504 104.8874435424804688 -160.01983642578125
v 44.38890075683593752 105.07849884033203125 -159.63772583007812496
v 44.1764373779296875 105.20116424560546876 -159.1562347412109375
v 44.10322952270507812 105.24343109130859376 -158.62249755859375
v 44.1764373779296875 105.20116424560546876 -158.0887603759765625
v 44.38890075683593752 105.07849884033203125 -157.60728454589843752
v 44.71981811523437504 104.8874435424804688 -157.22515869140625
v 45.13679885864257812 104.64669799804687504 -156.97982788085937504
v 45.59902572631835936 104.37982940673828128 -156.89529418945312496
v 38.79798889160156256 95.88541412353515632 -158.0887603759765625
v 38.72477722167968752 95.92768096923828128 -158.62249755859375
v 39.0104522705078125 95.76274871826171872 -157.60728454589843752
v 39.34136962890625 95.57169342041015624 -157.22515869140625
v 39.75835037231445312 95.33094787597656248 -156.97982788085937504
v 40.22057723999023436 95.0640869140625 -156.89529418945312496
v 40.6828041076660156 94.79721832275390624 -156.97982788085937504
v 41.09978485107421876 94.55647277832031248 -157.22515869140625
v 41.43070602416992184 94.36541748046875 -157.60728454589843752
v 41.64316558837890624 94.24275207519531248 -158.0887603759765625
v 41.71637725830078128 94.20048522949218752 -158.62249755859375
v 41.64316558837890624 94.24275207519531248 -159.1562347412109375
v 41.43070602416992184 94.36541748046875 -159.63772583007812496
v 41.09978485107421876 94.55647277832031248 -160.01983642578125
v 40.6828041076660156 94.79721832275390624 -160.265167236328125
v 40.22057723999023436 95.0640869140625 -160.349700927734375
v 39.75835037231445312 95.33094787597656248 -160.265167236328125
v 39.34136962890625 95.57169342041015624 -160.01983642578125
v 39.0104522705078125 95.76274871826171872 -159.63772583007812496
v 38.79798889160156256 95.88541412353515632 -159.1562347412109375
v 39.70167541503906248 94.165313720703125 -158.62249755859375
v 68.05829620361328125 91.4129638671875 -131.579833984375
v 68.47528076171875 91.17221832275390624 -131.82516479492187504
v 68.80619812011718752 90.98116302490234368 -132.207275390625
v 69.0186614990234375 90.85849761962890624 -132.68876647949218752
v 69.0918731689453125 90.81623077392578128 -133.222503662109375
v 69.0186614990234375 90.85849761962890624 -133.75624084472656256
v 68.80619812011718752 90.98116302490234368 -134.23771667480468752
v 68.47528076171875 91.17221832275390624 -134.61982727050781248
v 68.05829620361328125 91.4129638671875 -134.86515808105468752
v 67.5960693359375 91.67983245849609376 -134.94970703125
v 67.13384246826171876 91.94670104980468752 -134.86515808105468752
v 66.71686553955078128 92.18744659423828124 -134.61982727050781248
v 66.38594818115234376 92.37850189208984376 -134.23771667480468752
v 66.17348480224609376 92.50116729736328128 -133.75624084472656256
v 66.10027313232421876 92.54343414306640624 -133.222503662109375
v 66.17348480224609376 92.50116729736328128 -132.68876647949218752
v 66.38594818115234376 92.37850189208984376 -132.207275390625
v 66.71686553955078128 92.18744659423828124 -131.82516479492187504
v 67.13384246826171876 91.94670104980468752 -131.579833984375
v 67.5960693359375 91.67983245849609376 -131.49530029296875
v 60.7950325012207032 83.18541717529296876 -132.68876647949218752
v 60.72182464599609376 83.22768402099609376 -133.222503662109375
v 61.00749588012695312 83.06275177001953125 -132.207275390625
v 61.33841323852539064 82.8716964721679688 -131.82516479492187504
v 61.75539398193359376 82.63095092773437504 -131.579833984375
v 62.217620849609375 82.36408233642578128 -131.49530029296875
v 62.67985153198242184 82.0972137451171875 -131.579833984375
v 63.096832275390625 81.85647583007812496 -131.82516479492187504
v 63.42774963378906248 81.66541290283203128 -132.207275390625
v 63.64021301269531248 81.54274749755859376 -132.68876647949218752
v 63.71342086791992184 81.50048065185546872 -133.222503662109375
v 63.64021301269531248 81.54274749755859376 -133.75624084472656256
v 63.42774963378906248 81.66541290283203128 -134.23771667480468752
v 63.096832275390625 81.85647583007812496 -134.61982727050781248
v 62.67985153198242184 82.0972137451171875 -134.86515808105468752
v 62.217620849609375 82.36408233642578128 -134.94970703125
v 61.75539398193359376 82.63095092773437504 -134.86515808105468752
v 61.33841323852539064 82.8716964721679688 -134.61982727050781248
v 61.00749588012695312 83.06275177001953125 -134.23771667480468752
v 60.7950325012207032 83.18541717529296876 -133.75624084472656256
v 61.69871902465820312 81.46531677246093752 -133.222503662109375
v 68.05829620361328125 91.4129638671875 -156.97982788085937504
v 68.47528076171875 91.17221832275390624 -157.22515869140625
v 68.80619812011718752 90.98116302490234368 -157.60728454589843752
v 69.0186614990234375 90.85849761962890624 -158.0887603759765625
v 69.0918731689453125 90.81623077392578128 -158.62249755859375
v 69.0186614990234375 90.85849761962890624 -159.1562347412109375
v 68.80619812011718752 90.98116302490234368 -159.63772583007812496
v 68.47528076171875 91.17221832275390624 -160.01983642578125
v 68.05829620361328125 91.4129638671875 -160.265167236328125
v 67.5960693359375 91.67983245849609376 -160.349700927734375
v 67.13384246826171876 91.94670104980468752 -160.265167236328125
v 66.71686553955078128 92.18744659423828124 -160.01983642578125
v 66.38594818115234376 92.37850189208984376 -159.63772583007812496
v 66.17348480224609376 92.50116729736328128 -159.1562347412109375
v 66.10027313232421876 92.54343414306640624 -158.62249755859375
v 66.17348480224609376 92.50116729736328128 -158.0887603759765625
v 66.38594818115234376 92.37850189208984376 -157.60728454589843752
v 66.71686553955078128 92.18744659423828124 -157.22515869140625
v 67.13384246826171876 91.94670104980468752 -156.97982788085937504
v 67.5960693359375 91.67983245849609376 -156.89529418945312496
v 60.7950325012207032 83.18541717529296876 -158.0887603759765625
v 60.72182464599609376 83.22768402099609376 -158.62249755859375
v 61.00749588012695312 83.06275177001953125 -157.60728454589843752
v 61.33841323852539064 82.8716964721679688 -157.22515869140625
v 61.75539398193359376 82.63095092773437504 -156.97982788085937504
v 62.217620849609375 82.36408233642578128 -156.89529418945312496
v 62.67985153198242184 82.0972137451171875 -156.97982788085937504
v 63.096832275390625 81.85647583007812496 -157.22515869140625
v 63.42774963378906248 81.66541290283203128 -157.60728454589843752
v 63.64021301269531248 81.54274749755859376 -158.0887603759765625
v 63.71342086791992184 81.50048065185546872 -158.62249755859375
v 63.64021301269531248 81.54274749755859376 -159.1562347412109375
v 63.42774963378906248 81.66541290283203128 -159.63772583007812496
v 63.096832275390625 81.85647583007812496 -160.01983642578125
v 62.67985153198242184 82.0972137451171875 -160.265167236328125
v 62.217620849609375 82.36408233642578128 -160.349700927734375
v 61.75539398193359376 82.63095092773437504 -160.265167236328125
v 61.33841323852539064 82.8716964721679688 -160.01983642578125
v 61.00749588012695312 83.06275177001953125 -159.63772583007812496
v 60.7950325012207032 83.18541717529296876 -159.1562347412109375
v 61.69871902465820312 81.46531677246093752 -158.62249755859375
v 38.27430343627929688 108.76953125 -168.1475067138671875
v 38.67194366455078128 108.64891052246093752 -122.33563995361328124
v 38.27430343627929688 108.76953125 -122.33563995361328124
v 36.6308021545410156 108.98590087890624992 -168.1475067138671875
v 37.45964431762695312 108.93157958984375008 -122.33563995361328124
v 36.6308021545410156 108.98590087890624992 -122.33563995361328124
v 34.9873046875 108.76953125 -168.1475067138671875
v 34.9873046875 108.76953125 -122.33563995361328124
v 36.21549224853515624 108.97230529785156256 -122.33563995361328124
v 33.56007385253906248 108.38710784912109376 -117.99837493896484368
v 34.35393142700195312 108.59981536865234376 -119.40003967285156248
v 32.43714904785156248 108.08621978759765625 -116.671875
v 31.56779098510742184 107.853271484375 -168.1475067138671875
v 31.56779098510742184 107.853271484375 -115.89974212646484368
v 34.82844924926757808 108.72696685791015632 -120.8517990112304688
v 36.04673004150390625 108.92316436767578128 -120.57801055908203128
v 37.28186416625976564 108.86856079101562496 -120.31507110595703124
v 38.48490524291992184 108.56532287597656248 -120.073394775390625
v 35.54226303100585936 108.77620697021484368 -118.85322570800781248
v 36.75025939941406256 108.67995452880859376 -118.33003997802734376
v 37.92572784423828128 108.315216064453125 -117.85308837890624992
v 39.01787948608398437 107.69775390625 -117.44297790527343752
v 39.49419403076171872 107.96217346191406256 -119.23565673828125
v 34.69705581665039064 108.52976226806640624 -117.17729949951171876
v 35.8589973449707032 108.36310577392578128 -116.39669036865234376
v 36.9886398315429688 107.89533996582031248 -115.69501495361328128
v 38.57130432128906248 107.44985198974609376 -116.25490570068359376
v 38.03030776977539062 107.1495208740234375 -115.10686492919921876
v 33.49868011474609376 108.179840087890625 -115.57408905029296872
v 34.593994140625 107.91197204589843744 -114.5400390625
v 35.65950775146484376 107.29815673828125 -113.62973022460937504
v 37.07429122924804688 106.61879730224609376 -113.51065826416015624
v 36.63336944580078128 106.37403106689453128 -112.89602661132812496
v 32.14889907836914062 107.78498077392578128 -114.25853729248046876
v 32.8954963684082032 107.54338836669921872 -113.32709503173828124
v 33.16716766357421876 107.40107727050781248 -113.0080718994140625
v 34.03320693969726562 106.7475509643554688 -112.06424713134765625
v 34.16176986694335938 106.62284851074218752 -111.93427276611328128
v 31.57096862792968752 107.85410308837890624 -115.8823165893554688
v 31.7711238861083984 107.82109832763671872 -114.76136779785156256
v 35.06491851806640625 105.50332641601562496 -111.110321044921875
v 39.60818481445312496 108.02545928955078125 -119.86256408691406256
v 31.28795623779296876 107.74063110351562496 -115.00971221923828125
v 31.5278263092041016 107.78855133056640624 -114.88469696044921872
v 31.55252838134765624 107.84916687011718752 -115.89170837402343744
v 30.59681320190429688 107.50643920898437504 -115.39067840576171872
v 30.82167434692382816 107.59934234619140624 -115.26312255859375
v 31.05231094360351562 107.677490234375 -115.13599395751953124
v 27.7120304107666016 104.8946456909179688 -168.1475067138671875
v 27.7120304107666016 104.8946456909179688 -113.71843719482421872
v 28.80982971191406256 106.296722412109375 -114.40582275390625
v 28.72116470336914064 106.20977783203125 -168.1475067138671875
v 30.03851127624511719 107.220184326171875 -115.09444427490234376
v 30.03629302978515625 107.21891021728515624 -168.1475067138671875
v 30.36020469665527344 107.39360046386718752 -115.26619720458984376
v 31.6157207489013672 106.56748199462890624 -111.22904968261718752
v 32.77412033081054688 106.41217803955078128 -111.14542388916015624
v 32.3143310546875 107.235748291015625 -112.52777099609375
v 32.84291076660156256 106.26946258544921876 -110.96880340576171872
v 30.40471076965332032 106.56834411621093752 -111.67176818847656248
v 31.53047180175781248 107.31959533691406248 -112.82741546630859376
v 29.29864883422851564 106.27197265625 -112.26450347900390624
v 30.76481628417968752 107.26372528076171876 -113.1765594482421875
v 30.04137229919433594 107.06987762451171875 -113.56425476074218752
v 29.38282775878906248 106.744140625 -113.97834014892578128
v 28.37860870361328128 105.70010375976562496 -112.96381378173828128
v 32.22564697265625 107.36515045166015624 -112.83998870849609376
v 31.82904624938964848 107.78717803955078128 -114.47904205322265624
v 31.52195358276367184 107.75601959228515632 -114.63147735595703128
v 31.21996307373046876 107.70072937011718752 -114.7872314453125
v 30.92465400695800784 107.62160491943359376 -114.94548797607421872
v 30.6375675201416016 107.51905059814453128 -115.1054229736328125
v 31.93085670471191408 105.62025451660156248 -109.97419738769531248
v 33.28779220581054688 105.0271453857421875 -109.80937194824218752
v 33.08280563354492188 105.68721771240234376 -110.3553466796875
v 30.5419254302978516 105.86981964111328128 -110.45252227783203128
v 31.78579711914062496 106.1311492919921875 -110.58209228515625
v 29.2569580078125 105.75142669677734368 -111.19754791259765624
v 30.4837055206298828 106.25084686279296876 -111.0521392822265625
v 28.20173454284667968 105.27664947509765624 -112.136322021484375
v 29.28736877441406248 106.0361175537109375 -111.72548675537109376
v 27.4795475006103516 104.49197387695312496 -113.176971435546875
v 28.29862403869628908 105.50525665283203128 -112.5447998046875
v 27.60163497924804688 104.70343780517578128 -113.44035339355468752
v 24.58614921569824216 99.36318969726562496 -106.23500061035156248
v 25.25107192993164064 100.16595458984375 -106.23500061035156248
v 24.00856399536132812 98.48004913330078128 -106.23500061035156248
v 25.98695755004882816 100.86856842041015632 -106.23500061035156248
v 26.77568626403808592 101.4537353515625 -106.23500061035156248
v 27.5978355407714844 101.90704345703124992 -106.23500061035156248
v 28.4331626892089844 102.21733856201171876 -106.23500061035156248
v 29.26110076904296876 102.37696838378906248 -106.23500061035156248
v 30.06126022338867188 102.38201904296875 -106.23500061035156248
v 30.81394004821777344 102.23234558105468752 -106.23500061035156248
v 31.5006046295166016 101.9316482543945312 -106.23500061035156248
v 73.80072784423828128 85.22163391113281248 -113.26551818847656248
v 73.79740905761718752 85.41867828369140624 -113.51322937011718752
v 73.83609771728515632 83.1187744140625 -111.110321044921875
v 73.77372741699218752 86.8265380859375 -115.66426086425781248
v 73.76863098144531248 87.12934112548828124 -116.25632476806640624
v 73.75579071044921872 87.89273834228515632 -118.1730194091796875
v 73.75089263916015632 88.18399810791015624 -119.23536682128906248
v 73.74653625488281248 88.44293975830078128 -120.70858764648437504
v 74.75674438476562496 87.81533813476562496 -122.33563995361328124
v 75.06002044677734375 87.53128814697265624 -168.1475067138671875
v 76.06916046142578125 86.216156005859375 -168.1475067138671875
v 75.60768890380859376 86.90679168701171872 -122.33563995361328124
v 75.06002044677734375 87.53128814697265624 -122.33563995361328124
v 76.70352172851562496 84.68466186523437504 -168.1475067138671875
v 76.26503753662109376 85.84969329833984368 -122.33563995361328124
v 76.06916046142578125 86.216156005859375 -122.33563995361328124
v 76.70352172851562496 84.68466186523437504 -122.33563995361328124
v 76.72188568115234368 84.61614227294921872 -121.359405517578125
v 76.82551574707031248 84.22939300537109376 -119.83806610107421872
v 77.02632904052734375 83.47994995117187504 -118.33280944824218752
v 77.32860565185546876 82.351837158203125 -116.89356994628906256
v 77.61978149414062496 81.26514434814453124 -168.1475067138671875
v 77.61978149414062496 81.26514434814453124 -115.89974212646484368
v 70.42654418945312496 65.0863494873046875 -168.1475067138671875
v 21.15316009521484376 93.53434753417968752 -168.1475067138671875
v 77.83615112304687504 79.62164306640625 -168.1475067138671875
v 77.61978149414062496 77.9781417846679688 -168.1475067138671875
v 76.98541259765624992 76.44664764404296872 -168.1475067138671875
v 70.29953765869140624 64.86637878417968752 -167.89349365234375008
v 40.72920989990234368 81.93881225585937504 -167.89349365234375008
v 21.02615928649902344 93.31437683105468752 -167.89349365234375008
v 74.31227874755859376 81.341644287109375 -109.80937194824218752
v 72.52509307861328128 78.24614715576171876 -106.23500061035156248
v 76.110748291015625 84.17144012451171876 -114.85284423828124992
v 76.68756103515625 82.26003265380859376 -113.32709503173828124
v 77.27008056640625 81.7342529296875 -114.25853729248046876
v 76.42847442626953128 82.42414855957031248 -113.0080718994140625
v 75.0647430419921875 84.8121337890625 -113.97702789306640624
v 75.42948913574218752 82.84739685058593744 -112.06424713134765625
v 75.25720977783203124 82.89638519287109376 -111.93427276611328128
v 76.87980651855468752 83.33564758300781248 -115.8436355590820312
v 76.58235931396484376 84.55329895019531248 -117.57850646972656248
v 75.86772918701171872 85.49740600585937504 -116.86008453369140624
v 74.91643524169921872 86.267364501953125 -116.21172332763671876
v 76.38491821289062496 85.36023712158203124 -119.37450408935546872
v 75.70602416992187504 86.37494659423828128 -118.93035125732421872
v 74.81724548339843744 87.23106384277343752 -118.52418518066406248
v 76.2830810546875 85.77606201171875008 -121.17960357666015624
v 75.62249755859375 86.82680511474609376 -121.00679779052734375
v 74.7658615112304688 87.72745513916015632 -120.84772491455078128
v 77.61891174316406248 81.268310546875 -115.8823165893554688
v 77.49024963378906248 81.42514801025390624 -114.76136779785156256
v 77.83615112304687504 79.62420654296875 -115.09444427490234376
v 77.65074920654296872 78.0984039306640625 -114.40582275390625
v 77.62385559082031248 81.24987030029296876 -115.89170837402343744
v 77.80490112304687504 80.25083923339843752 -115.39067840576171872
v 77.82548522949218752 79.9895095825195312 -115.26619720458984376
v 76.98541259765624992 76.44664764404296872 -113.71843719482421872
v 77.72528839111328128 80.7308349609375 -115.13599395751953124
v 77.77292633056640624 80.49201965332031248 -115.26312255859375
v 77.66214752197265624 80.96648406982421872 -115.00971221923828125
v 77.58370971679687504 81.19817352294921876 -114.88469696044921872
v 75.50439453125 80.46305847167968752 -109.97419738769531248
v 73.12883758544921876 77.80182647705078128 -106.23500061035156248
v 76.41499328613281248 79.38499450683593752 -110.45252227783203128
v 73.63479614257812496 77.224822998046875 -106.23500061035156248
v 74.03050994873046875 76.52934265136718752 -106.23500061035156248
v 76.95494079589843744 78.212982177734375 -111.19754791259765624
v 74.30622863769531248 75.73251342773437504 -106.23500061035156248
v 74.45516967773437504 74.85395050048828128 -106.23500061035156248
v 77.07138824462890625 77.06174468994140625 -112.136322021484375
v 74.47367095947265624 73.9152908325195312 -106.23500061035156248
v 74.36126708984375 72.93965148925781248 -106.23500061035156248
v 76.7529296875 76.043975830078125 -113.176971435546875
v 74.1207275390625 71.9510498046875 -106.23500061035156248
v 73.75797271728515632 70.97382354736328128 -106.23500061035156248
v 73.28194427490234376 70.03205108642578125 -106.23500061035156248
v 77.34967041015625 77.42665100097656248 -112.96381378173828128
v 77.38490295410156248 78.50936126708984376 -112.26450347900390624
v 77.75172424316406256 78.81834411621093744 -113.97834014892578128
v 77.70454406738281248 79.55152893066406248 -113.56425476074218752
v 77.51070404052734376 80.27497100830078124 -113.1765594482421875
v 77.08853912353515625 79.61542510986328128 -111.67176818847656248
v 77.17626190185546876 80.96598815917968752 -112.82741546630859376
v 76.48228454589843752 80.66375732421875 -111.22904968261718752
v 76.71171569824218752 81.6029052734375 -112.52777099609375
v 75.76858520507812496 81.58930969238281248 -111.14542388916015624
v 77.79544830322265632 80.29243469238281248 -115.1054229736328125
v 77.7407150268554688 80.59233856201171872 -114.94548797607421872
v 77.66159057617187504 80.88764953613281248 -114.7872314453125
v 77.5584716796875 81.17682647705078124 -114.63147735595703128
v 77.43191528320312496 81.45835113525390624 -114.47904205322265624
v 76.86812591552734368 81.59080505371093752 -112.83998870849609376
v 75.610595703125 81.57752990722656248 -110.96880340576171872
v 76.01937103271484375 80.59288024902343752 -110.58209228515625
v 76.77407836914062496 79.52508544921875 -111.0521392822265625
v 77.18628692626953124 78.38166809082031248 -111.72548675537109376
v 77.220916748046875 77.25995635986328124 -112.5447998046875
v 76.87501525878906256 76.25543212890625 -113.44035339355468752
v 74.98641204833984368 81.49415588378906248 -110.3553466796875
v 21.02615928649902344 93.31437683105468752 -137.050628662109375
v 21.02615928649902344 93.31437683105468752 -117.347503662109375
v 4.53182697296142576 64.7453536987304688 -106.23500061035156248
v 4.63400268554687504 64.92232513427734368 -117.347503662109375
v 4.53182697296142576 64.7453536987304688 -117.16376495361328124
v 70.29953765869140624 64.86637878417968752 -137.050628662109375
v 70.29953765869140624 64.86637878417968752 -117.347503662109375
v 53.80520629882812496 36.29735565185546876 -106.23500061035156248
v 53.90738296508789056 36.47432708740234376 -117.347503662109375
v 53.80520629882812496 36.29735565185546876 -117.16376495361328124
v 15.98312568664550784 63.09455108642578124 -117.347503662109375
v 15.59329319000244144 61.5556602478027344 -115.7600021362304688
v 11.45171070098876952 62.45885467529296872 -115.7600021362304688
v 10.12978553771972656 64.294403076171875 -117.347503662109375
v 21.70177078247070312 61.36298370361328128 -117.347503662109375
v 21.17246055603027344 59.8663253784179688 -115.7600021362304688
v 17.4951152801513672 61.04236984252929687 -115.7600021362304688
v 27.23752975463867188 59.11429214477539062 -117.347503662109375
v 26.57320022583007816 57.6724815368652344 -115.7600021362304688
v 23.37134933471679688 59.04261016845703125 -115.7600021362304688
v 32.54375076293945312 56.3674278259277344 -117.347503662109375
v 31.75 54.99261474609375008 -115.7600021362304688
v 29.02426528930664062 56.47868728637695312 -115.7600021362304688
v 37.57571411132812496 53.145538330078125 -117.347503662109375
v 34.3998451232910156 53.37509536743164064 -115.7600021362304688
v 36.65923309326171872 51.84930801391601568 -115.7600021362304688
v 42.291015625 49.47577667236328128 -117.347503662109375
v 39.44672775268554688 49.76148986816406256 -115.7600021362304688
v 41.25952911376953124 48.26905059814453124 -115.7600021362304688
v 46.64992141723632816 45.38906860351562496 -117.347503662109375
v 44.1166839599609375 45.67239761352539064 -115.7600021362304688
v 45.51211929321289064 44.28201675415039064 -115.7600021362304688
v 50.61569213867187504 40.91985321044921872 -117.347503662109375
v 48.36509704589843752 41.14690017700195312 -115.7600021362304688
v 49.38116455078125 39.92180633544921872 -115.7600021362304688
v 52.15137100219726562 36.22822952270507812 -115.7600021362304688
v 9.88271808624267584 62.72624588012695312 -115.7600021362304688
v 5.29888248443603516 63.27852630615234376 -115.7600021362304688
v 5.29888248443603516 63.27852630615234376 -106.23500061035156248
v 11.45171070098876952 62.45885467529296872 -106.23500061035156248
v 17.4951152801513672 61.04236984252929687 -106.23500061035156248
v 23.37134933471679688 59.04261016845703125 -106.23500061035156248
v 29.02426528930664062 56.47868728637695312 -106.23500061035156248
v 34.3998451232910156 53.37509536743164064 -106.23500061035156248
v 39.44672775268554688 49.76148986816406256 -106.23500061035156248
v 44.1166839599609375 45.67239761352539064 -106.23500061035156248
v 48.36509704589843752 41.14690017700195312 -106.23500061035156248
v 52.15137100219726562 36.22822952270507812 -106.23500061035156248
v 51.050079345703125 47.146331787109375 -106.23500061035156248
v 49.99647521972656256 47.9995231628417968 -106.23500061035156248
v 21.33418273925781248 69.30640411376953124 -106.23500061035156248
v 20.48098945617675784 68.25279998779296876 -106.23500061035156248
v 19.34397315979003908 67.51441192626953128 -106.23500061035156248
v 62.78692245483398432 64.79705047607421872 -106.23500061035156248
v 56.66719436645507816 65.11777496337890624 -106.23500061035156248
v 57.8042106628417968 65.85616302490234368 -106.23500061035156248
v 24.83241653442382816 86.71009826660156248 -106.23500061035156248
v 26.83098983764648432 79.25132751464843752 -106.23500061035156248
v 55.32815170288085936 62.79848098754882816 -106.23500061035156248
v 55.81400299072265632 64.06417083740234375 -106.23500061035156248
v 18.03443336486816406 67.1635284423828125 -106.23500061035156248
v 55.25719833374023436 61.44460296630859376 -106.23500061035156248
v 25.6939735412597656 78.512939453125 -106.23500061035156248
v 21.82003402709960944 70.57209777832031248 -106.23500061035156248
v 52.31576919555664064 46.66048049926757816 -106.23500061035156248
v 53.66964721679687504 46.58952331542968752 -106.23500061035156248
v 63.52531051635742184 63.6600379943847656 -106.23500061035156248
v 61.73331832885742192 65.65024566650390624 -106.23500061035156248
v 26.09810638427734376 86.2242431640625 -106.23500061035156248
v 20.71126174926757816 79.57204437255859376 -106.23500061035156248
v 18.4824180603027344 75.71157836914062496 -106.23500061035156248
v 19.74810600280761712 75.22572326660156248 -106.23500061035156248
v 27.68418121337890624 80.304931640625 -106.23500061035156248
v 28.24098777770996092 82.92449951171875008 -106.23500061035156248
v 28.17003440856933594 81.57061767578125 -106.23500061035156248
v 16.68055534362792968 67.23448181152343752 -106.23500061035156248
v 21.5400981903076172 73.23551177978515624 -106.23500061035156248
v 21.8909873962402344 71.92597198486328128 -106.23500061035156248
v 17.12853813171386718 75.78253173828124992 -106.23500061035156248
v 19.97287368774414064 80.70906066894531248 -106.23500061035156248
v 14.68198204040527344 74.69325256347656248 -106.23500061035156248
v 15.81899833679199216 75.431640625 -106.23500061035156248
v 13.8287897109985352 73.6396484375 -106.23500061035156248
v 24.38443374633789064 78.16204833984375 -106.23500061035156248
v 54.97918701171875008 46.94041442871093744 -106.23500061035156248
v 56.96939468383789056 48.73240661621093744 -106.23500061035156248
v 56.11620330810546876 47.67880249023437504 -106.23500061035156248
v 60.01964569091796875 57.58804702758789064 -106.23500061035156248
v 58.6657676696777344 57.6590003967285156 -106.23500061035156248
v 57.52620315551757816 51.35197448730468752 -106.23500061035156248
v 49.46400451660156248 53.06564712524414062 -106.23500061035156248
v 20.80171012878417968 74.37252807617187504 -106.23500061035156248
v 63.31939697265625 59.73093032836914064 -106.23500061035156248
v 63.87620162963867184 62.35049819946289064 -106.23500061035156248
v 63.80524826049804688 60.99662017822265632 -106.23500061035156248
v 19.6929378509521484 83.37248229980468752 -106.23500061035156248
v 20.17878913879394532 84.63816833496093752 -106.23500061035156248
v 19.62198448181152344 82.0186004638671875 -106.23500061035156248
v 21.76486587524414064 78.71885681152343752 -106.23500061035156248
v 23.03055381774902344 78.233001708984375 -106.23500061035156248
v 27.89009857177734368 84.234039306640625 -106.23500061035156248
v 56.34647369384765624 58.998046875 -106.23500061035156248
v 54.1176300048828125 55.13757705688476562 -106.23500061035156248
v 55.38331985473632816 54.65172195434570312 -106.23500061035156248
v 13.62287425994873048 69.71054077148437504 -106.23500061035156248
v 13.27198410034179688 71.02008056640625 -106.23500061035156248
v 14.3612613677978516 68.57352447509765624 -106.23500061035156248
v 61.32918548583984376 57.93893814086914064 -106.23500061035156248
v 57.45524597167968752 49.99809646606445312 -106.23500061035156248
v 48.9781494140625 51.79995727539062496 -106.23500061035156248
v 62.46620178222656248 58.67732620239257816 -106.23500061035156248
v 23.47853851318359376 86.78105163574218752 -106.23500061035156248
v 27.15171051025390624 85.37105560302734376 -106.23500061035156248
v 50.31719589233398436 54.11925125122070312 -106.23500061035156248
v 55.6080894470214844 60.13506317138671876 -106.23500061035156248
v 57.40007781982421872 58.14485549926757812 -106.23500061035156248
v 52.76375198364257808 55.20853042602539064 -106.23500061035156248
v 13.34293746948242188 72.37395477294921872 -106.23500061035156248
v 15.41486549377441408 67.72032928466796872 -106.23500061035156248
v 48.90719604492187504 50.44607925415039064 -106.23500061035156248
v 60.46763229370117184 66.13610076904296876 -106.23500061035156248
v 59.11375045776367188 66.20705413818359376 -106.23500061035156248
v 22.16899871826171876 86.43016052246093752 -106.23500061035156248
v 56.43692398071289064 53.79853057861328128 -106.23500061035156248
v 51.45421218872070312 54.85763931274414064 -106.23500061035156248
v 49.258087158203125 49.13653945922851562 -106.23500061035156248
v 21.031982421875 85.6917724609375 -106.23500061035156248
v 57.17531204223632812 52.66151428222656248 -106.23500061035156248
v 14.08828639984130859 72.21553039550781248 -106.99700164794921872
v 14.02980995178222656 71.0997314453125 -106.99700164794921872
v 14.31899547576904296 70.02046966552734375 -106.99700164794921872
v 14.92753696441650384 69.083404541015625 -106.99700164794921872
v 15.79586601257324224 68.38024139404296872 -106.99700164794921872
v 16.8389835357666016 67.97982788085937504 -106.99700164794921872
v 17.95478248596191408 67.92134857177734368 -106.99700164794921872
v 19.03404045104980469 68.21053314208984376 -106.99700164794921872
v 19.97111129760742192 68.81907653808593744 -106.99700164794921872
v 20.67427062988281248 69.68740844726562496 -106.99700164794921872
v 21.07468605041503906 70.73052215576171872 -106.99700164794921872
v 21.13316154479980468 71.8463211059570312 -106.99700164794921872
v 20.84397697448730464 72.92558288574218752 -106.99700164794921872
v 20.23543357849121092 73.86265563964843744 -106.99700164794921872
v 19.36710548400878904 74.56581115722656248 -106.99700164794921872
v 18.32398796081542968 74.96622467041015632 -106.99700164794921872
v 17.2081890106201172 75.0247039794921875 -106.99700164794921872
v 16.12893104553222656 74.73551940917968752 -106.99700164794921872
v 15.19186019897460936 74.12697601318359376 -106.99700164794921872
v 14.48870182037353512 73.25864410400390624 -106.99700164794921872
v 14.48870182037353512 73.25864410400390624 -110.21009826660156248
v 15.19186019897460936 74.12697601318359376 -110.21009826660156248
v 16.12893104553222656 74.73551940917968752 -110.21009826660156248
v 17.2081890106201172 75.0247039794921875 -110.21009826660156248
v 18.32398796081542968 74.96622467041015632 -110.21009826660156248
v 19.36710548400878904 74.56581115722656248 -110.21009826660156248
v 20.23543357849121092 73.86265563964843744 -110.21009826660156248
v 20.84397697448730464 72.92558288574218752 -110.21009826660156248
v 21.13316154479980468 71.8463211059570312 -110.21009826660156248
v 21.07468605041503906 70.73052215576171872 -110.21009826660156248
v 20.67427062988281248 69.68740844726562496 -110.21009826660156248
v 19.97111129760742192 68.81907653808593744 -110.21009826660156248
v 19.03404045104980469 68.21053314208984376 -110.21009826660156248
v 17.95478248596191408 67.92134857177734368 -110.21009826660156248
v 16.8389835357666016 67.97982788085937504 -110.21009826660156248
v 15.79586601257324224 68.38024139404296872 -110.21009826660156248
v 14.92753696441650384 69.083404541015625 -110.21009826660156248
v 14.31899547576904296 70.02046966552734375 -110.21009826660156248
v 14.02980995178222656 71.0997314453125 -110.21009826660156248
v 14.08828639984130859 72.21553039550781248 -110.21009826660156248
v 20.43828582763671872 83.21405029296875 -106.99700164794921872
v 20.37981033325195312 82.0982513427734375 -106.99700164794921872
v 20.66899681091308592 81.0189971923828125 -106.99700164794921872
v 21.27753829956054688 80.0819244384765625 -106.99700164794921872
v 22.14586639404296876 79.37876129150390624 -106.99700164794921872
v 23.18898391723632812 78.97834777832031248 -106.99700164794921872
v 24.30478286743164064 78.91987609863281248 -106.99700164794921872
v 25.38404083251953128 79.20906066894531248 -106.99700164794921872
v 26.32111167907714844 79.81760406494140624 -106.99700164794921872
v 27.02427101135253906 80.68592834472656248 -106.99700164794921872
v 27.4246864318847656 81.72904968261718752 -106.99700164794921872
v 27.48316192626953128 82.8448486328125 -106.99700164794921872
v 27.19397544860839844 83.92410278320312496 -106.99700164794921872
v 26.58543395996093752 84.86117553710937504 -106.99700164794921872
v 25.7171058654785156 85.5643310546875 -106.99700164794921872
v 24.67398834228515624 85.96475219726562496 -106.99700164794921872
v 23.55818939208984376 86.023223876953125 -106.99700164794921872
v 22.47893142700195312 85.73403930664062496 -106.99700164794921872
v 21.54186058044433592 85.12549591064453124 -106.99700164794921872
v 20.83870124816894528 84.257171630859375 -106.99700164794921872
v 20.83870124816894528 84.257171630859375 -110.21009826660156248
v 21.54186058044433592 85.12549591064453124 -110.21009826660156248
v 22.47893142700195312 85.73403930664062496 -110.21009826660156248
v 23.55818939208984376 86.023223876953125 -110.21009826660156248
v 24.67398834228515624 85.96475219726562496 -110.21009826660156248
v 25.7171058654785156 85.5643310546875 -110.21009826660156248
v 26.58543395996093752 84.86117553710937504 -110.21009826660156248
v 27.19397544860839844 83.92410278320312496 -110.21009826660156248
v 27.48316192626953128 82.8448486328125 -110.21009826660156248
v 27.4246864318847656 81.72904968261718752 -110.21009826660156248
v 27.02427101135253906 80.68592834472656248 -110.21009826660156248
v 26.32111167907714844 79.81760406494140624 -110.21009826660156248
v 25.38404083251953128 79.20906066894531248 -110.21009826660156248
v 24.30478286743164064 78.91987609863281248 -110.21009826660156248
v 23.18898391723632812 78.97834777832031248 -110.21009826660156248
v 22.14586639404296876 79.37876129150390624 -110.21009826660156248
v 21.27753829956054688 80.0819244384765625 -110.21009826660156248
v 20.66899681091308592 81.0189971923828125 -110.21009826660156248
v 20.37981033325195312 82.0982513427734375 -110.21009826660156248
v 20.43828582763671872 83.21405029296875 -110.21009826660156248
v 49.7234992980957032 51.64152908325195312 -106.99700164794921872
v 49.66502380371093752 50.52573013305664064 -106.99700164794921872
v 49.95420837402343744 49.44647216796875 -106.99700164794921872
v 50.56275177001953128 48.5093994140625 -106.99700164794921872
v 51.43107986450195312 47.80624389648437504 -106.99700164794921872
v 52.47419738769531248 47.4058265686035156 -106.99700164794921872
v 53.58999633789062496 47.34735107421875 -106.99700164794921872
v 54.6692543029785156 47.63653564453125 -106.99700164794921872
v 55.6063270568847656 48.24507904052734376 -106.99700164794921872
v 56.30948257446289064 49.11340713500976562 -106.99700164794921872
v 56.70989990234375 50.156524658203125 -106.99700164794921872
v 56.76837539672851568 51.27232360839843752 -106.99700164794921872
v 56.4791908264160156 52.35158157348632812 -106.99700164794921872
v 55.87064743041992192 53.28865432739257812 -106.99700164794921872
v 55.0023193359375 53.9918098449707032 -106.99700164794921872
v 53.95920181274414064 54.39222717285156248 -106.99700164794921872
v 52.84340286254882816 54.45070266723632816 -106.99700164794921872
v 51.76414489746093744 54.16151809692382812 -106.99700164794921872
v 50.82707214355468752 53.5529747009277344 -106.99700164794921872
v 50.12391281127929688 52.68464660644531248 -106.99700164794921872
v 50.12391281127929688 52.68464660644531248 -110.21009826660156248
v 50.82707214355468752 53.5529747009277344 -110.21009826660156248
v 51.76414489746093744 54.16151809692382812 -110.21009826660156248
v 52.84340286254882816 54.45070266723632816 -110.21009826660156248
v 53.95920181274414064 54.39222717285156248 -110.21009826660156248
v 55.0023193359375 53.9918098449707032 -110.21009826660156248
v 55.87064743041992192 53.28865432739257812 -110.21009826660156248
v 56.4791908264160156 52.35158157348632812 -110.21009826660156248
v 56.76837539672851568 51.27232360839843752 -110.21009826660156248
v 56.70989990234375 50.156524658203125 -110.21009826660156248
v 56.30948257446289064 49.11340713500976562 -110.21009826660156248
v 55.6063270568847656 48.24507904052734376 -110.21009826660156248
v 54.6692543029785156 47.63653564453125 -110.21009826660156248
v 53.58999633789062496 47.34735107421875 -110.21009826660156248
v 52.47419738769531248 47.4058265686035156 -110.21009826660156248
v 51.43107986450195312 47.80624389648437504 -110.21009826660156248
v 50.56275177001953128 48.5093994140625 -110.21009826660156248
v 49.95420837402343744 49.44647216796875 -110.21009826660156248
v 49.66502380371093752 50.52573013305664064 -110.21009826660156248
v 49.7234992980957032 51.64152908325195312 -110.21009826660156248
v 56.07349777221679688 62.64005279541015624 -106.99700164794921872
v 56.01502227783203125 61.52425384521484376 -106.99700164794921872
v 56.30421066284179688 60.44499588012695312 -106.99700164794921872
v 56.91275024414062496 59.50792312622070312 -106.99700164794921872
v 57.78107833862304688 58.80476379394531248 -106.99700164794921872
v 58.82419586181640624 58.40435028076171872 -106.99700164794921872
v 59.93999481201171872 58.34587478637695312 -106.99700164794921872
v 61.01925277709960937 58.63505935668945312 -106.99700164794921872
v 61.95632553100585936 59.24360275268554688 -106.99700164794921872
v 62.65948486328125 60.11193084716796876 -106.99700164794921872
v 63.05989837646484375 61.15504837036132812 -106.99700164794921872
v 63.11837387084960938 62.27084732055664064 -106.99700164794921872
v 62.82918930053710944 63.35010528564453124 -106.99700164794921872
v 62.22064590454101564 64.28717803955078124 -106.99700164794921872
v 61.35231781005859376 64.99033355712890624 -106.99700164794921872
v 60.30920028686523436 65.3907470703125 -106.99700164794921872
v 59.19340133666992188 65.44922637939453128 -106.99700164794921872
v 58.11414337158203124 65.16004180908203124 -106.99700164794921872
v 57.17707443237304688 64.55149841308593752 -106.99700164794921872
v 56.47391510009765624 63.6831703186035156 -106.99700164794921872
v 56.47391510009765624 63.6831703186035156 -110.21009826660156248
v 57.17707443237304688 64.55149841308593752 -110.21009826660156248
v 58.11414337158203124 65.16004180908203124 -110.21009826660156248
v 59.19340133666992188 65.44922637939453128 -110.21009826660156248
v 60.30920028686523436 65.3907470703125 -110.21009826660156248
v 61.35231781005859376 64.99033355712890624 -110.21009826660156248
v 62.22064590454101564 64.28717803955078124 -110.21009826660156248
v 62.82918930053710944 63.35010528564453124 -110.21009826660156248
v 63.11837387084960938 62.27084732055664064 -110.21009826660156248
v 63.05989837646484375 61.15504837036132812 -110.21009826660156248
v 62.65948486328125 60.11193084716796876 -110.21009826660156248
v 61.95632553100585936 59.24360275268554688 -110.21009826660156248
v 61.01925277709960937 58.63505935668945312 -110.21009826660156248
v 59.93999481201171872 58.34587478637695312 -110.21009826660156248
v 58.82419586181640624 58.40435028076171872 -110.21009826660156248
v 57.78107833862304688 58.80476379394531248 -110.21009826660156248
v 56.91275024414062496 59.50792312622070312 -110.21009826660156248
v 56.30421066284179688 60.44499588012695312 -110.21009826660156248
v 56.01502227783203125 61.52425384521484376 -110.21009826660156248
v 56.07349777221679688 62.64005279541015624 -110.21009826660156248
v 25.92536926269531248 87.65771484375 -110.21009826660156248
v 14.14650440216064454 67.10578155517578124 -110.21009826660156248
v 13.05521011352539062 68.25048828125 -110.21009826660156248
v 12.18202590942382812 72.78365325927734368 -110.21009826660156248
v 12.7700233459472656 74.2518310546875 -110.21009826660156248
v 22.78005027770996096 87.90718078613281248 -110.21009826660156248
v 24.37078857421875 88.010406494140625 -110.21009826660156248
v 27.3158283233642578 86.87815093994140624 -110.21009826660156248
v 28.42772102355957032 85.73587036132812496 -110.21009826660156248
v 15.51610660552978512 66.31491851806640624 -110.21009826660156248
v 12.33063888549804688 69.65629577636718752 -110.21009826660156248
v 19.05109214782714844 85.1274261474609375 -110.21009826660156248
v 20.00603485107421875 86.40382385253906248 -110.21009826660156248
v 21.284088134765625 87.35654449462890624 -110.21009826660156248
v 12.03149890899658203 71.20928955078125 -110.21009826660156248
v 29.16952133178710938 84.32489776611328124 -110.21009826660156248
v 29.48017120361328128 82.76137542724609376 -110.21009826660156248
v 29.3341045379638672 81.17400360107421876 -110.21009826660156248
v 28.74333953857421872 79.69342803955078128 -110.21009826660156248
v 22.39333915710449216 68.69490051269531248 -110.21009826660156248
v 17.05304718017578125 65.94196319580078128 -110.21009826660156248
v 21.41568565368652344 67.45172882080078128 -110.21009826660156248
v 20.12738037109375 66.53437042236328128 -110.21009826660156248
v 18.63280296325683592 66.01714324951171875 -110.21009826660156248
v 19.05109214782714844 85.1274261474609375 -116.58550262451171872
v 19.93869972229003904 86.33543395996093752 -116.58550262451171872
v 21.2084674835205078 87.31480407714843752 -116.58550262451171872
v 22.70504951477050784 87.8907546997070312 -116.58550262451171872
v 24.30378532409667968 88.01531219482421875 -116.58550262451171872
v 25.87151336669921872 87.6781005859375 -116.58550262451171872
v 27.27764511108398436 86.9072189331054688 -116.58550262451171872
v 28.40505790710449216 85.76686096191406256 -116.58550262451171872
v 29.15984535217285156 84.352020263671875 -116.58550262451171872
v 29.47913742065429688 82.78054809570312496 -116.58550262451171872
v 29.3363361358642578 81.18333435058593752 -116.58550262451171872
v 28.74333953857421872 79.69342803955078128 -116.58550262451171872
v 22.39333915710449216 68.69490051269531248 -116.58550262451171872
v 21.41568565368652344 67.45172882080078128 -116.58550262451171872
v 20.12738037109375 66.53437042236328128 -116.58550262451171872
v 18.63280296325683592 66.01714324951171875 -116.58550262451171872
v 17.05304718017578125 65.94196319580078128 -116.58550262451171872
v 15.51610660552978512 66.31491851806640624 -116.58550262451171872
v 14.14650440216064454 67.10578155517578124 -116.58550262451171872
v 13.05521011352539062 68.25048828125 -116.58550262451171872
v 12.33063888549804688 69.65629577636718752 -116.58550262451171872
v 12.03149890899658203 71.20928955078125 -116.58550262451171872
v 12.18202590942382812 72.78365325927734368 -116.58550262451171872
v 12.7700233459472656 74.2518310546875 -116.58550262451171872
v 12.11016559600830078 74.63291931152343752 -117.347503662109375
v 18.38655471801757816 85.50041961669921872 -117.347503662109375
v 23.05325126647949219 68.31390380859375 -117.347503662109375
v 21.941518783569336 66.90023803710937504 -117.347503662109375
v 20.47653198242187504 65.85707092285156256 -117.347503662109375
v 18.7769851684570312 65.26891326904296876 -117.347503662109375
v 16.98057556152343744 65.18341827392578124 -117.347503662109375
v 15.23285484313964844 65.60751342773437504 -117.347503662109375
v 13.67542171478271488 66.50684356689453128 -117.347503662109375
v 12.43446350097656248 67.80854034423828128 -117.347503662109375
v 11.61052322387695312 69.40714263916015624 -117.347503662109375
v 11.2703580856323242 71.17311859130859376 -117.347503662109375
v 11.4415283203125 72.96339416503906256 -117.347503662109375
v 19.3911170959472656 86.86533355712890624 -117.347503662109375
v 20.83502578735351568 87.97901916503906256 -117.347503662109375
v 22.53685188293457032 88.63395690917968752 -117.347503662109375
v 24.35484504699707032 88.77559661865234368 -117.347503662109375
v 26.1375732421875 88.39214324951171872 -117.347503662109375
v 27.73654556274414064 87.51553344726562496 -117.347503662109375
v 29.01857757568359375 86.21878814697265624 -117.347503662109375
v 29.87687873840332032 84.60990905761718752 -117.347503662109375
v 30.2399578094482422 82.82292175292968752 -117.347503662109375
v 30.07757377624511719 81.0066680908203125 -117.347503662109375
v 29.40325164794921872 79.31242370605468752 -117.347503662109375
v 47.03651809692382812 52.21266555786132812 -117.347503662109375
v 46.93305969238281248 50.23859024047851564 -117.347503662109375
v 47.74493408203124992 54.0581512451171875 -117.347503662109375
v 54.09493255615234376 65.056671142578125 -117.347503662109375
v 40.72920989990234368 81.93881225585937504 -117.347503662109375
v 55.33896636962890624 66.59292602539062496 -117.347503662109375
v 53.87713623046875008 44.61539077758789064 -117.347503662109375
v 58.9062614440917968 68.18119049072265624 -117.347503662109375
v 56.9968338012695312 67.6695556640625 -117.347503662109375
v 58.68846511840820312 47.73990249633789056 -117.347503662109375
v 50.05757522583007812 45.42726135253906248 -117.347503662109375
v 51.90306091308593744 44.71884536743164064 -117.347503662109375
v 48.52132415771484376 46.67129135131835936 -117.347503662109375
v 60.88033676147460944 68.077728271484375 -117.347503662109375
v 62.7258224487304688 67.36931610107421872 -117.347503662109375
v 65.0384674072265625 58.73842620849609376 -117.347503662109375
v 55.78656387329101568 45.12701797485351562 -117.347503662109375
v 47.44469070434570312 48.32916259765625 -117.347503662109375
v 64.26207733154296876 66.12528228759765624 -117.347503662109375
v 65.8503341674804688 62.5579872131347656 -117.347503662109375
v 65.33870697021484376 64.46741485595703128 -117.347503662109375
v 65.74687957763671872 60.58391189575195312 -117.347503662109375
v 57.44443511962890624 46.20365142822265624 -117.347503662109375
v 56.93455505371093744 46.76992797851562496 -116.58550262451171872
v 55.47663116455078128 45.82313919067382816 -116.58550262451171872
v 53.7974853515625 45.37321472167968752 -116.58550262451171872
v 52.06148910522460938 45.46419525146484376 -116.58550262451171872
v 50.43857574462890624 46.0871734619140625 -116.58550262451171872
v 49.0876007080078125 47.18117141723632812 -116.58550262451171872
v 48.14081192016601562 48.6390953063964844 -116.58550262451171872
v 47.69088745117187504 50.31824111938476564 -116.58550262451171872
v 47.7818679809570312 52.05423736572265625 -116.58550262451171872
v 48.40484619140625 53.67715072631835936 -116.58550262451171872
v 58.02855300903320312 48.12090301513671876 -116.58550262451171872
v 55.84884262084960944 66.02664947509765625 -116.58550262451171872
v 57.30677032470703124 66.97343444824218752 -116.58550262451171872
v 58.98591232299804688 67.42336273193359376 -116.58550262451171872
v 60.72190856933593744 67.33238220214843752 -116.58550262451171872
v 62.34482574462890624 66.70940399169921872 -116.58550262451171872
v 63.6957969665527344 65.61540985107421872 -116.58550262451171872
v 64.64258575439453128 64.15747833251953124 -116.58550262451171872
v 65.0925140380859375 62.4783363342285156 -116.58550262451171872
v 65.00153350830078125 60.74234008789062496 -116.58550262451171872
v 64.37855529785156248 59.11942291259765624 -116.58550262451171872
v 54.75484466552734368 64.67567443847656248 -116.58550262451171872
v 58.02855300903320312 48.12090301513671876 -110.21009826660156248
v 64.37855529785156248 59.11942291259765624 -110.21009826660156248
v 58.98591232299804688 67.42336273193359376 -110.21009826660156248
v 60.72190856933593744 67.33238220214843752 -110.21009826660156248
v 49.0876007080078125 47.18117141723632812 -110.21009826660156248
v 48.14081192016601562 48.6390953063964844 -110.21009826660156248
v 62.34482574462890624 66.70940399169921872 -110.21009826660156248
v 47.69088745117187504 50.31824111938476564 -110.21009826660156248
v 54.75484466552734368 64.67567443847656248 -110.21009826660156248
v 63.6957969665527344 65.61540985107421872 -110.21009826660156248
v 64.64258575439453128 64.15747833251953124 -110.21009826660156248
v 65.0925140380859375 62.4783363342285156 -110.21009826660156248
v 47.7818679809570312 52.05423736572265625 -110.21009826660156248
v 48.40484619140625 53.67715072631835936 -110.21009826660156248
v 57.30677032470703124 66.97343444824218752 -110.21009826660156248
v 65.00153350830078125 60.74234008789062496 -110.21009826660156248
v 56.93455505371093744 46.76992797851562496 -110.21009826660156248
v 55.47663116455078128 45.82313919067382816 -110.21009826660156248
v 53.7974853515625 45.37321472167968752 -110.21009826660156248
v 52.06148910522460938 45.46419525146484376 -110.21009826660156248
v 50.43857574462890624 46.0871734619140625 -110.21009826660156248
v 55.84884262084960944 66.02664947509765625 -110.21009826660156248
v 33.10789108276367188 86.3389892578125 -143.39643859863281248
v 33.3662109375 86.18984222412109376 -143.98184204101562496
v 33.7685546875 85.95755004882812496 -144.44644165039062496
v 34.8375320434570312 85.34037780761718752 -144.84750366210937504
v 35.39952850341796872 85.01590728759765625 -144.74472045898437504
v 39.71484375 82.52445983886718752 -149.0086517333984375
v 35.90650939941406256 84.72319793701171872 -144.44644165039062496
v 38.81977081298828128 83.041229248046875 -147.64002990722656248
v 38.15773391723632812 83.4234619140625 -146.1047821044921875
v 37.61422729492187504 83.73725128173828128 -142.74749755859375008
v 36.6561851501464844 84.290374755859375 -142.74749755859375008
v 36.56717300415039064 84.341766357421875 -143.39643859863281248
v 37.75127029418945312 83.65812683105468752 -141.0397796630859375
v 36.56717300415039064 84.341766357421875 -142.09857177734375
v 34.27553939819335936 85.66484069824218752 -144.74472045898437504
v 40.72271728515624992 81.94256591796875008 -150.08465576171875
v 36.30885314941406248 84.49090576171875 -143.98184204101562496
v 37.75127029418945312 83.65812683105468752 -144.45521545410156248
v 35.90650939941406256 84.72319793701171872 -141.0485687255859375
v 36.30885314941406248 84.49090576171875 -141.51315307617187504
v 38.15773391723632812 83.4234619140625 -139.39021301269531248
v 39.71484375 82.52445983886718752 -136.48634338378906248
v 34.27553939819335936 85.66484069824218752 -140.75027465820312496
v 33.10789108276367188 86.3389892578125 -142.09857177734375
v 33.3662109375 86.18984222412109376 -141.51315307617187504
v 38.81977081298828128 83.041229248046875 -137.85496520996093744
v 34.8375320434570312 85.34037780761718752 -140.64750671386718752
v 33.7685546875 85.95755004882812496 -141.0485687255859375
v 35.39952850341796872 85.01590728759765625 -140.75027465820312496
v 33.01887893676757812 86.39037322998046872 -142.74749755859375008
v 47.1341705322265625 78.24090576171875 -131.48184204101562496
v 46.73182678222656256 78.47319793701171872 -131.94644165039062496
v 47.86545944213867184 77.81869506835937504 -133.80853271484375008
v 47.39249038696289064 78.091766357421875 -130.89643859863281248
v 51.61085510253906248 75.65629577636718752 -136.48634338378906248
v 49.25043106079101564 77.0190887451171875 -134.42807006835937504
v 44.1915283203125 79.93984222412109376 -131.48184204101562496
v 42.0752716064453125 81.1616668701171875 -134.42807006835937504
v 43.46023941040039064 80.36205291748046872 -133.80853271484375008
v 50.51322937011718752 76.290008544921875 -135.3309326171875
v 47.4815025329589844 78.040374755859375 -130.24749755859375
v 47.39249038696289064 78.091766357421875 -129.59857177734375
v 46.22484588623046876 78.76590728759765632 -128.250274658203125
v 43.84419631958007808 80.14037322998046876 -130.24749755859375
v 43.93320846557617184 80.0889892578125 -129.59857177734375
v 40.81246948242187504 81.8907470703125 -135.3309326171875
v 46.22484588623046876 78.76590728759765632 -132.244720458984375
v 46.40548324584960936 78.66161346435546872 -133.49339294433593752
v 52.00645065307617187 75.42789459228515624 -137.0274658203125
v 47.1341705322265625 78.24090576171875 -129.013153076171875
v 46.73182678222656256 78.47319793701171872 -128.54856872558593752
v 45.10085678100585938 79.41484069824218752 -128.250274658203125
v 45.66284942626953128 79.0903778076171875 -128.1475067138671875
v 44.1915283203125 79.93984222412109376 -129.013153076171875
v 44.5938720703125 79.70755004882812496 -128.54856872558593752
v 43.93320846557617184 80.0889892578125 -130.89643859863281248
v 44.5938720703125 79.70755004882812496 -131.94644165039062496
v 44.92021560668945312 79.51913452148437504 -133.49339294433593752
v 45.66284942626953128 79.0903778076171875 -132.347503662109375
v 45.10085678100585938 79.41484069824218752 -132.244720458984375
v 47.1341705322265625 78.24090576171875 -154.013153076171875
v 49.25043106079101564 77.0190887451171875 -151.066925048828125
v 47.86545944213867184 77.81869506835937504 -151.68646240234375
v 55.92617416381835936 73.1648406982421875 -144.74472045898437504
v 51.61085510253906248 75.65629577636718752 -149.0086517333984375
v 55.419189453125 73.45755004882812496 -144.44644165039062496
v 55.016845703125 73.68984222412109376 -143.98184204101562496
v 53.16796875 74.75729370117187504 -146.1047821044921875
v 50.51322937011718752 76.290008544921875 -150.1640777587890625
v 52.50592803955078128 75.1395263671875 -147.64002990722656248
v 46.73182678222656256 78.47319793701171872 -153.54856872558593752
v 46.40548324584960936 78.66161346435546872 -152.0016021728515625
v 44.1915283203125 79.93984222412109376 -154.013153076171875
v 42.0752716064453125 81.1616668701171875 -151.066925048828125
v 40.81246948242187504 81.8907470703125 -150.1640777587890625
v 44.5938720703125 79.70755004882812496 -153.54856872558593752
v 43.46023941040039064 80.36205291748046872 -151.68646240234375
v 43.93320846557617184 80.0889892578125 -155.89643859863281248
v 43.84419631958007808 80.14037322998046876 -155.24749755859375
v 46.22484588623046876 78.76590728759765632 -153.250274658203125
v 45.10085678100585938 79.41484069824218752 -153.250274658203125
v 44.92021560668945312 79.51913452148437504 -152.0016021728515625
v 44.1915283203125 79.93984222412109376 -156.48184204101562496
v 45.10085678100585938 79.41484069824218752 -157.244720458984375
v 44.5938720703125 79.70755004882812496 -156.94644165039062496
v 47.1341705322265625 78.24090576171875 -156.48184204101562496
v 47.39249038696289064 78.091766357421875 -154.59857177734375
v 45.66284942626953128 79.0903778076171875 -153.1475067138671875
v 46.22484588623046876 78.76590728759765632 -157.244720458984375
v 45.66284942626953128 79.0903778076171875 -157.347503662109375
v 46.73182678222656256 78.47319793701171872 -156.94644165039062496
v 47.4815025329589844 78.040374755859375 -155.24749755859375
v 47.39249038696289064 78.091766357421875 -155.89643859863281248
v 54.75852584838867184 73.8389892578125 -143.39643859863281248
v 43.93320846557617184 80.0889892578125 -154.59857177734375
v 53.71147537231445312 74.44350433349609376 -142.74749755859375008
v 53.57443237304687504 74.52262115478515624 -144.45521545410156248
v 54.66951370239257816 73.8903732299804688 -142.74749755859375008
v 56.48816680908203128 72.84037780761718752 -144.84750366210937504
v 57.05016326904296875 72.51590728759765624 -144.74472045898437504
v 57.95948791503906256 71.99090576171875008 -143.98184204101562496
v 57.55714416503906248 72.22319793701171876 -144.44644165039062496
v 55.419189453125 73.45755004882812496 -141.0485687255859375
v 52.50592803955078128 75.1395263671875 -137.85496520996093744
v 53.16796875 74.75729370117187504 -139.39021301269531248
v 58.21780776977539064 71.84176635742187504 -143.39643859863281248
v 58.30681991577148436 71.79037475585937504 -142.74749755859375008
v 56.48816680908203128 72.84037780761718752 -140.64750671386718752
v 57.05016326904296875 72.51590728759765624 -140.75027465820312496
v 55.016845703125 73.68984222412109376 -141.51315307617187504
v 53.57443237304687504 74.52262115478515624 -141.0397796630859375
v 54.75852584838867184 73.8389892578125 -142.09857177734375
v 58.21780776977539064 71.84176635742187504 -142.09857177734375
v 57.55714416503906248 72.22319793701171876 -141.0485687255859375
v 57.95948791503906256 71.99090576171875008 -141.51315307617187504
v 55.92617416381835936 73.1648406982421875 -140.75027465820312496
v 41.66717529296875 93.17522430419921876 -142.09857177734375
v 41.75618743896484368 93.12383270263671876 -142.74749755859375008
v 41.40885543823242184 93.32436370849609376 -141.51315307617187504
v 41.00651168823242187 93.55666351318359376 -141.0485687255859375
v 40.49952697753906248 93.849365234375 -140.75027465820312496
v 39.93753433227539056 94.17383575439453124 -140.64750671386718752
v 39.37553787231445312 94.49830627441406248 -140.75027465820312496
v 38.86855316162109376 94.7910079956054688 -141.0485687255859375
v 38.46620941162109376 95.0233001708984375 -141.51315307617187504
v 38.20788955688476564 95.17244720458984376 -142.09857177734375
v 38.11887741088867188 95.22383880615234376 -142.74749755859375008
v 38.20788955688476564 95.17244720458984376 -143.39643859863281248
v 38.46620941162109376 95.0233001708984375 -143.98184204101562496
v 38.86855316162109376 94.7910079956054688 -144.44644165039062496
v 39.37553787231445312 94.49830627441406248 -144.74472045898437504
v 39.93753433227539056 94.17383575439453124 -144.84750366210937504
v 40.49952697753906248 93.849365234375 -144.74472045898437504
v 41.00651168823242187 93.55666351318359376 -144.44644165039062496
v 41.40885543823242184 93.32436370849609376 -143.98184204101562496
v 41.66717529296875 93.17522430419921876 -143.39643859863281248
v 40.56843566894531248 95.26659393310546876 -142.74749755859375008
v 52.49249267578125 86.92522430419921872 -129.59857177734375
v 52.58150482177734376 86.87383270263671872 -130.24749755859375
v 52.23417282104492188 87.07436370849609375 -129.013153076171875
v 51.83182907104492192 87.30666351318359376 -128.54856872558593752
v 51.32484436035156248 87.599365234375 -128.250274658203125
v 50.76285171508789056 87.9238357543945312 -128.1475067138671875
v 50.20085525512695312 88.24830627441406248 -128.250274658203125
v 49.69387054443359376 88.54100799560546872 -128.54856872558593752
v 49.29152679443359376 88.77330017089843744 -129.013153076171875
v 49.03320693969726562 88.92244720458984368 -129.59857177734375
v 48.94419479370117184 88.97383880615234368 -130.24749755859375
v 49.03320693969726562 88.92244720458984368 -130.89643859863281248
v 49.29152679443359376 88.77330017089843744 -131.48184204101562496
v 49.69387054443359376 88.54100799560546872 -131.94644165039062496
v 50.20085525512695312 88.24830627441406248 -132.244720458984375
v 50.76285171508789056 87.9238357543945312 -132.347503662109375
v 51.32484436035156248 87.599365234375 -132.244720458984375
v 51.83182907104492192 87.30666351318359376 -131.94644165039062496
v 52.23417282104492188 87.07436370849609375 -131.48184204101562496
v 52.49249267578125 86.92522430419921872 -130.89643859863281248
v 51.39375305175781248 89.01659393310546875 -130.24749755859375
v 52.49249267578125 86.92522430419921872 -154.59857177734375
v 52.58150482177734376 86.87383270263671872 -155.24749755859375
v 52.23417282104492188 87.07436370849609375 -154.013153076171875
v 51.83182907104492192 87.30666351318359376 -153.54856872558593752
v 51.32484436035156248 87.599365234375 -153.250274658203125
v 50.76285171508789056 87.9238357543945312 -153.1475067138671875
v 50.20085525512695312 88.24830627441406248 -153.250274658203125
v 49.69387054443359376 88.54100799560546872 -153.54856872558593752
v 49.29152679443359376 88.77330017089843744 -154.013153076171875
v 49.03320693969726562 88.92244720458984368 -154.59857177734375
v 48.94419479370117184 88.97383880615234368 -155.24749755859375
v 49.03320693969726562 88.92244720458984368 -155.89643859863281248
v 49.29152679443359376 88.77330017089843744 -156.48184204101562496
v 49.69387054443359376 88.54100799560546872 -156.94644165039062496
v 50.20085525512695312 88.24830627441406248 -157.244720458984375
v 50.76285171508789056 87.9238357543945312 -157.347503662109375
v 51.32484436035156248 87.599365234375 -157.244720458984375
v 51.83182907104492192 87.30666351318359376 -156.94644165039062496
v 52.23417282104492188 87.07436370849609375 -156.48184204101562496
v 52.49249267578125 86.92522430419921872 -155.89643859863281248
v 51.39375305175781248 89.01659393310546875 -155.24749755859375
v 63.31781005859375 80.67522430419921872 -142.09857177734375
v 63.40682220458984376 80.62383270263671872 -142.74749755859375008
v 63.05949020385742188 80.82436370849609376 -141.51315307617187504
v 62.65714645385742184 81.05666351318359375 -141.0485687255859375
v 62.1501617431640625 81.349365234375 -140.75027465820312496
v 61.58816909790039064 81.67383575439453128 -140.64750671386718752
v 61.02617263793945312 81.99830627441406256 -140.75027465820312496
v 60.51919174194335936 82.29100799560546876 -141.0485687255859375
v 60.11684417724609376 82.52330017089843752 -141.51315307617187504
v 59.8585243225097656 82.67244720458984376 -142.09857177734375
v 59.76951599121093744 82.72383880615234368 -142.74749755859375008
v 59.8585243225097656 82.67244720458984376 -143.39643859863281248
v 60.11684417724609376 82.52330017089843752 -143.98184204101562496
v 60.51919174194335936 82.29100799560546876 -144.44644165039062496
v 61.02617263793945312 81.99830627441406256 -144.74472045898437504
v 61.58816909790039064 81.67383575439453128 -144.84750366210937504
v 62.1501617431640625 81.349365234375 -144.74472045898437504
v 62.65714645385742184 81.05666351318359375 -144.44644165039062496
v 63.05949020385742188 80.82436370849609376 -143.98184204101562496
v 63.31781005859375 80.67522430419921872 -143.39643859863281248
v 62.21907043457031248 82.7665939331054688 -142.74749755859375008
v 53.33194351196289064 75.29593658447265624 -142.74749755859375008
v 53.42094039916992184 75.52778625488281248 -142.74749755859375008
v 53.29560089111328124 75.60015106201171872 -144.30937194824218752
v 52.83258438110351568 75.58424377441406248 -145.83209228515624992
v 53.20603179931640624 75.36863708496093752 -144.31651306152343752
v 53.26697540283203124 75.61667633056640624 -144.47688293457031248
v 52.92385482788085936 75.81477355957031248 -145.81805419921875008
v 52.5956382751464844 76.0042724609375 -146.65805053710937504
v 52.22431945800781248 75.9354248046875 -147.24263000488281248
v 52.31835556030273436 76.16436004638671876 -147.22216796875
v 51.49972915649414064 76.63699340820312496 -148.47390747070312496
v 50.39348220825195312 76.99246215820312496 -149.5616455078125
v 51.40195083618164064 76.41021728515625 -148.50009155273437504
v 51.43956756591796872 76.67173004150390624 -148.5491943359375
v 50.495849609375 77.216583251953125 -149.5306396484375
v 49.88449478149414064 77.56954956054687504 -150.01007080078125
v 49.23325729370117188 77.66231536865234376 -150.39115905761718752
v 49.34090042114257812 77.88339233398437504 -150.35638427734375
v 48.07421875 78.61471557617187504 -150.92301940917968752
v 46.61939620971679688 79.1714324951171875 -151.24992370605468752
v 47.96078491210937504 78.39698028564453128 -150.96038818359375008
v 48.04575729370117188 78.63114929199218752 -150.93229675292968752
v 46.73893356323242192 79.38564300537109376 -151.21124267578125
v 46.05972671508789062 79.77778625488281248 -151.24749755859375
v 45.25477218627929688 79.95929718017578128 -151.24992370605468752
v 45.38051605224609376 80.169921875 -151.21124267578125
v 44.07369232177734375 80.92442321777343744 -150.93229675292968752
v 43.91338348388671872 80.73374938964843744 -150.96038818359375008
v 44.04523086547851562 80.94084930419921872 -150.92301940917968752
v 42.77854919433593744 81.67217254638671872 -150.35638427734375
v 41.48068618774414064 82.13826751708984376 -149.5616455078125
v 42.64091110229492184 81.46840667724609376 -150.39115905761718752
v 42.234954833984375 81.98601531982421872 -150.01007080078125
v 41.6236000061035156 82.33898162841796876 -149.5306396484375
v 40.67988204956054688 82.88383483886718752 -148.5491943359375
v 40.47221755981445312 82.72050476074218752 -148.50009155273437504
v 40.61972045898437504 82.9185714721679688 -148.47390747070312496
v 39.80109405517578128 83.39120483398437504 -147.22216796875
v 39.04158401489257812 83.54648590087890624 -145.83209228515624992
v 39.64984893798828128 83.19529724121093752 -147.24263000488281248
v 39.52381134033203128 83.55129241943359376 -146.65805053710937504
v 39.19559478759765624 83.74079132080078128 -145.81805419921875008
v 38.85247421264648432 83.93888854980468752 -144.47688293457031248
v 38.66813659667968752 83.7620925903320312 -144.31651306152343752
v 38.8238487243652344 83.95542144775390624 -144.30937194824218752
v 38.69850921630859376 84.0277862548828125 -142.74749755859375008
v 38.66813659667968752 83.7620925903320312 -141.178497314453125
v 38.54222488403320312 83.83478546142578128 -142.74749755859375008
v 38.71567153930664064 84.01787567138671875 -142.1674346923828125
v 38.8238487243652344 83.95542144775390624 -141.18562316894531248
v 39.12353897094726562 83.78239440917968752 -139.90101623535156256
v 39.04158401489257812 83.54648590087890624 -139.66291809082031248
v 39.19559478759765624 83.74079132080078128 -139.67694091796875
v 39.80109405517578128 83.39120483398437504 -138.2728271484375
v 40.47221755981445312 82.72050476074218752 -136.99491882324218752
v 39.64984893798828128 83.19529724121093752 -138.25238037109375
v 40.04583358764648438 83.249908447265625 -137.84571838378906256
v 40.61972045898437504 82.9185714721679688 -137.021087646484375
v 41.41415023803710936 82.45990753173828128 -136.153961181640625
v 41.48068618774414064 82.13826751708984376 -135.933349609375
v 41.6236000061035156 82.33898162841796876 -135.96435546875
v 42.77854919433593744 81.67217254638671872 -135.13861083984375
v 43.91338348388671872 80.73374938964843744 -134.53462219238281248
v 42.64091110229492184 81.46840667724609376 -135.1038360595703125
v 43.12701034545898438 81.47098541259765624 -134.95120239257812496
v 44.04523086547851562 80.94084930419921872 -134.57197570800781248
v 45.057373046875 80.35649108886718752 -134.32667541503906248
v 45.25477218627929688 79.95929718017578128 -134.24507141113281248
v 45.38051605224609376 80.169921875 -134.28375244140625
v 46.73893356323242192 79.38564300537109376 -134.28375244140625
v 47.96078491210937504 78.39698028564453128 -134.53462219238281248
v 46.61939620971679688 79.1714324951171875 -134.24507141113281248
v 47.06207656860351562 79.19907379150390624 -134.32667541503906248
v 48.07421875 78.61471557617187504 -134.57197570800781248
v 48.9924430847167968 78.0845794677734375 -134.95120239257812496
v 49.23325729370117188 77.66231536865234376 -135.1038360595703125
v 49.34090042114257812 77.88339233398437504 -135.13861083984375
v 50.495849609375 77.216583251953125 -135.96435546875
v 51.40195083618164064 76.41021728515625 -136.99491882324218752
v 50.39348220825195312 76.99246215820312496 -135.933349609375
v 50.70529937744140624 77.0956573486328125 -136.153961181640625
v 51.49972915649414064 76.63699340820312496 -137.021087646484375
v 52.07361602783203125 76.3056640625 -137.84571838378906256
v 52.22431945800781248 75.9354248046875 -138.25238037109375
v 52.31835556030273436 76.16436004638671876 -138.2728271484375
v 52.92385482788085936 75.81477355957031248 -139.67694091796875
v 53.20603179931640624 75.36863708496093752 -141.178497314453125
v 52.83258438110351568 75.58424377441406248 -139.66291809082031248
v 52.99591064453124992 75.77317810058593744 -139.90101623535156256
v 53.29560089111328124 75.60015106201171872 -141.18562316894531248
v 53.40378189086914064 75.53768920898437504 -142.1674346923828125
v 53.31894683837890624 75.047943115234375 -142.74749755859375008
v 53.19137191772460936 75.1215972900390625 -144.33721923828125
v 52.8129959106445312 75.34004974365234376 -145.87281799316406256
v 52.19669723510742188 75.69586944580078128 -147.301971435546875
v 51.36347198486328128 76.17693328857421876 -148.57603454589843752
v 50.34168624877929688 76.76686096191406256 -149.65162658691406248
v 49.16614151000976562 77.44556427001953128 -150.49208068847656248
v 47.87686920166015632 78.18992614746093752 -151.068817138671875
v 46.51776885986328128 78.9746017456054688 -151.3621826171875
v 45.13512802124023438 79.77287292480468752 -151.3621826171875
v 43.77602767944335936 80.55754852294921872 -151.068817138671875
v 42.48675537109375 81.301910400390625 -150.49208068847656248
v 41.31120681762695312 81.98061370849609376 -149.65162658691406248
v 40.28942489624023436 82.57054138183593752 -148.57603454589843752
v 39.45619583129882816 83.051605224609375 -147.301971435546875
v 38.83990097045898432 83.40741729736328128 -145.87281799316406256
v 38.46152114868164064 83.62587738037109376 -144.33721923828125
v 38.33395004272460936 83.69953155517578128 -142.74749755859375008
v 38.46152114868164064 83.62587738037109376 -141.15777587890625
v 38.83990097045898432 83.40741729736328128 -139.62217712402343752
v 39.45619583129882816 83.051605224609375 -138.193023681640625
v 40.28942489624023436 82.57054138183593752 -136.91896057128906256
v 41.31120681762695312 81.98061370849609376 -135.8433837890625
v 42.48675537109375 81.301910400390625 -135.0029144287109375
v 43.77602767944335936 80.55754852294921872 -134.42617797851562496
v 45.13512802124023438 79.77287292480468752 -134.1328125
v 46.51776885986328128 78.9746017456054688 -134.1328125
v 47.87686920166015632 78.18992614746093752 -134.42617797851562496
v 49.16614151000976562 77.44556427001953128 -135.0029144287109375
v 50.34168624877929688 76.76686096191406256 -135.8433837890625
v 51.36347198486328128 76.17693328857421876 -136.91896057128906256
v 52.19669723510742188 75.69586944580078128 -138.193023681640625
v 52.8129959106445312 75.34004974365234376 -139.62217712402343752
v 53.19137191772460936 75.1215972900390625 -141.15777587890625
v 53.38322067260742184 74.80805969238281248 -142.74749755859375008
v 53.25305938720703124 74.88320922851562496 -144.36949157714843752
v 52.86700057983398432 75.10610198974609376 -145.93624877929687504
v 52.23819732666015624 75.46914672851562496 -147.39442443847656248
v 51.3880577087402344 75.9599685668945312 -148.6943359375
v 50.34553146362304688 76.56187438964843752 -149.791748046875
v 49.14612579345703124 77.25434875488281248 -150.64927673339843752
v 47.8306846618652344 78.013824462890625 -151.23771667480468752
v 46.44400024414062496 78.81442260742187504 -151.53703308105468752
v 45.033294677734375 79.62889862060546872 -151.53703308105468752
v 43.6466102600097656 80.42949676513671872 -151.23771667480468752
v 42.33116531372070312 81.18897247314453124 -150.64927673339843752
v 41.1317596435546875 81.88144683837890624 -149.791748046875
v 40.08923721313476562 82.48334503173828128 -148.6943359375
v 39.23909759521484376 82.97417449951171872 -147.39442443847656248
v 38.61029052734375 83.33721923828125 -145.93624877929687504
v 38.22423553466796876 83.56010437011718752 -144.36949157714843752
v 38.0940704345703125 83.63525390625 -142.74749755859375008
v 38.22423553466796876 83.56010437011718752 -141.1255035400390625
v 38.61029052734375 83.33721923828125 -139.55874633789062496
v 39.23909759521484376 82.97417449951171872 -138.1005859375
v 40.08923721313476562 82.48334503173828128 -136.8006591796875
v 41.1317596435546875 81.88144683837890624 -135.7032470703125
v 42.33116531372070312 81.18897247314453124 -134.84571838378906256
v 43.6466102600097656 80.42949676513671872 -134.25727844238281248
v 45.033294677734375 79.62889862060546872 -133.95796203613281248
v 46.44400024414062496 78.81442260742187504 -133.95796203613281248
v 47.8306846618652344 78.013824462890625 -134.25727844238281248
v 49.14612579345703124 77.25434875488281248 -134.84571838378906256
v 50.34553146362304688 76.56187438964843752 -135.7032470703125
v 51.3880577087402344 75.9599685668945312 -136.8006591796875
v 52.23819732666015624 75.46914672851562496 -138.1005859375
v 52.86700057983398432 75.10610198974609376 -139.55874633789062496
v 53.25305938720703124 74.88320922851562496 -141.1255035400390625
v 53.51847839355468752 74.59978485107421872 -142.74749755859375008
v 53.38505172729492184 74.67681884765625 -144.41015625
v 52.98931503295898432 74.90529632568359376 -146.0161895751953125
v 52.34474945068359376 75.27744293212890624 -147.51091003417968752
v 51.47329711914062496 75.78057098388671872 -148.84341430664062496
v 50.40464019775390624 76.39756011962890624 -149.96833801269531248
v 49.1751708984375 77.10739898681640624 -150.84735107421875008
v 47.82675170898437504 77.88590240478515632 -151.45054626464843752
v 46.40530776977539064 78.70657348632812496 -151.75736999511718752
v 44.9592399597167968 79.54146575927734376 -151.75736999511718752
v 43.53779602050781248 80.36213684082031248 -151.45054626464843752
v 42.18937683105468752 81.14064788818359376 -150.84735107421875008
v 40.95990753173828128 81.85047912597656256 -149.96833801269531248
v 39.89125061035156256 82.46746826171875 -148.84341430664062496
v 39.01980209350585937 82.97060394287109376 -147.51091003417968752
v 38.37523269653320312 83.342742919921875 -146.0161895751953125
v 37.9794960021972656 83.57122039794921872 -144.41015625
v 37.8460731506347656 83.64825439453125 -142.74749755859375008
v 37.9794960021972656 83.57122039794921872 -141.0848541259765625
v 38.37523269653320312 83.342742919921875 -139.47882080078125
v 39.01980209350585937 82.97060394287109376 -137.98410034179687504
v 39.89125061035156256 82.46746826171875 -136.65158081054687504
v 40.95990753173828128 81.85047912597656256 -135.52667236328125
v 42.18937683105468752 81.14064788818359376 -134.64764404296875
v 43.53779602050781248 80.36213684082031248 -134.0444488525390625
v 44.9592399597167968 79.54146575927734376 -133.73762512207031248
v 46.40530776977539064 78.70657348632812496 -133.73762512207031248
v 47.82675170898437504 77.88590240478515632 -134.0444488525390625
v 49.1751708984375 77.10739898681640624 -134.64764404296875
v 50.40464019775390624 76.39756011962890624 -135.52667236328125
v 51.47329711914062496 75.78057098388671872 -136.65158081054687504
v 52.34474945068359376 75.27744293212890624 -137.98410034179687504
v 52.98931503295898432 74.90529632568359376 -139.47882080078125
v 53.38505172729492184 74.67681884765625 -141.0848541259765625
v 45.37285614013671872 81.80535888671875008 -151.0938873291015625
v 46.76597595214843744 81.00104522705078125 -151.24749755859375
v 42.94120407104492192 83.20927429199218752 -150.01007080078125
v 44.77994155883789056 82.14768218994140624 -150.93229675292968752
v 44.03008651733398437 82.58061218261718752 -150.63862609863281248
v 41.6861534118652344 83.93388366699218752 -148.89924621582031248
v 42.78620147705078128 83.29876708984375 -149.89814758300781248
v 40.23006057739257812 84.77455902099609376 -146.65805053710937504
v 41.38613510131835936 84.10709381103515624 -148.5491943359375
v 40.76970672607421872 84.46298980712890624 -147.677978515625
v 39.61225891113281248 85.1312408447265625 -144.75144958496093744
v 40.069976806640625 84.86698150634765632 -146.278533935546875
v 39.42192077636718752 85.24113464355468752 -142.1674346923828125
v 39.55872726440429688 85.1621551513671875 -144.47688293457031248
v 39.41309738159179688 85.24623107910156248 -143.151947021484375
v 39.80961990356445312 85.01729583740234375 -139.96742248535156256
v 39.47968673706054688 85.20778656005859376 -141.53782653808593752
v 40.7520828247070312 84.47316741943359376 -137.84571838378906256
v 39.82978820800781248 85.00565338134765625 -139.90101623535156256
v 40.39097595214843752 84.68165588378906248 -138.49749755859375
v 42.12039947509765624 83.68316650390625 -136.153961181640625
v 41.20273971557617188 84.212982177734375 -137.181182861328125
v 43.8332595825195312 82.69425201416015624 -134.95120239257812496
v 43.39287185668945312 82.94850921630859376 -135.19239807128906248
v 42.21557235717773436 83.62821960449218752 -136.0660552978515625
v 45.76362228393554688 81.57975006103515624 -134.32667541503906248
v 44.6920814514160156 82.19841003417968752 -134.59181213378906248
v 47.4657020568847656 80.59705352783203128 -134.28599548339843752
v 46.06624603271484375 81.405029296875 -134.28599548339843752
v 48.83987045288085936 79.80368041992187504 -134.59181213378906248
v 47.76832580566406256 80.42233276367187504 -134.32667541503906248
v 50.13908004760742188 79.05358123779296875 -135.19239807128906248
v 51.316375732421875 78.37387084960937504 -136.0660552978515625
v 49.69869232177734376 79.30783843994140624 -134.95120239257812496
v 52.32921218872070312 77.78910827636718752 -137.181182861328125
v 51.41154861450195312 78.31892395019531248 -136.153961181640625
v 53.1409759521484375 77.3204345703125 -138.49749755859375
v 53.70215988159179688 76.99643707275390624 -139.90101623535156256
v 52.77986526489257808 77.52892303466796872 -137.84571838378906256
v 54.05226516723632812 76.7943038940429688 -141.53782653808593752
v 53.72232818603515632 76.98479461669921872 -139.96742248535156256
v 54.11885452270507812 76.755859375 -143.151947021484375
v 53.97322463989257808 76.83993530273437504 -144.47688293457031248
v 54.1100311279296875 76.76095581054687504 -142.1674346923828125
v 53.9196891784667968 76.8708419799804688 -144.75144958496093744
v 53.4619712829589844 77.13510894775390624 -146.278533935546875
v 52.76224517822265632 77.53910064697265624 -147.677978515625
v 52.14581680297851562 77.89498901367187504 -148.5491943359375
v 53.30189132690429688 77.22753143310546876 -146.65805053710937504
v 51.84579467773437504 78.068206787109375 -148.89924621582031248
v 50.74575042724609376 78.70332336425781248 -149.89814758300781248
v 49.50186157226562496 79.42147827148437504 -150.63862609863281248
v 48.75200653076171872 79.85440826416015632 -150.93229675292968752
v 50.59074401855468752 78.79281616210937504 -150.01007080078125
v 48.15909576416015624 80.19672393798828124 -151.0938873291015625
v 48.27536773681640624 80.41282653808593752 -151.0557403564453125
v 49.61199951171875 79.64112091064453128 -150.60255432128906248
v 50.85020065307617184 78.92624664306640624 -149.865478515625
v 51.94522094726562496 78.294036865234375 -148.87112426757812496
v 52.85747909545898432 77.7673416137695312 -147.65545654296875
v 53.55400848388671872 77.36519622802734376 -146.26239013671875
v 54.00963592529296875 77.102142333984375 -144.74229431152343744
v 54.20788955688476564 76.9876785278320312 -143.1501007080078125
v 54.14160537719726562 77.02594757080078125 -141.54335021972656248
v 53.81317901611328128 77.21556854248046876 -139.98013305664062496
v 53.23447799682617188 77.5496826171875 -138.51692199707031248
v 52.42642593383789064 78.01621246337890625 -137.20661926269531248
v 51.41822052001953128 78.59829711914062496 -136.096588134765625
v 50.24630355834960936 79.27490234375 -135.2269287109375
v 48.95303344726562496 80.021575927734375 -134.62908935546875
v 47.5851478576660156 80.81132507324218752 -134.32466125488281248
v 46.19208526611328124 81.61560821533203128 -134.32466125488281248
v 44.82419967651367184 82.40535736083984376 -134.62908935546875
v 43.53092956542968752 83.15203094482421876 -135.2269287109375
v 42.35901260375976564 83.82863616943359376 -136.096588134765625
v 41.35080718994140624 84.41072082519531248 -137.20661926269531248
v 40.54275131225585936 84.87725067138671872 -138.51692199707031248
v 39.96405410766601568 85.21136474609375 -139.98013305664062496
v 39.63562774658203128 85.40097808837890624 -141.54335021972656248
v 39.56934356689453128 85.43924713134765624 -143.1501007080078125
v 39.76759719848632816 85.32479095458984376 -144.74229431152343744
v 40.22322082519531248 85.06172943115234375 -146.26239013671875
v 40.91975402832031248 84.65959167480468752 -147.65545654296875
v 41.83201217651367184 84.13289642333984376 -148.87112426757812496
v 42.92703247070312496 83.50068664550781248 -149.865478515625
v 44.16523361206054688 82.78581237792968752 -150.60255432128906248
v 45.50186538696289064 82.01410675048828125 -151.0557403564453125
v 46.88861465454101568 81.21346282958984376 -151.208648681640625
v 48.36752700805664064 80.61511993408203128 -150.94503784179687504
v 49.68634796142578128 79.85369873046875008 -150.49789428710937504
v 50.90805053710937504 79.148345947265625 -149.7706298828125
v 51.98847579956054688 78.52455902099609376 -148.78952026367187504
v 52.88858032226562496 78.00489044189453125 -147.59005737304687504
v 53.57582855224609376 77.60810089111328128 -146.21556091308593752
v 54.02538299560546875 77.34855651855468752 -144.71571350097656248
v 54.22099685668945312 77.23561859130859376 -143.1447296142578125
v 54.1555938720703125 77.27337646484375 -141.55940246582031248
v 53.83154296875 77.46046447753906248 -140.016998291015625
v 53.26055908203125 77.79012298583984368 -138.57330322265625
v 52.46327209472656248 78.25044250488281248 -137.28045654296875
v 51.4685020446777344 78.82476806640624992 -136.185211181640625
v 50.31219863891601564 79.49236297607421872 -135.32713317871093752
v 49.03615951538085937 80.22908020019531248 -134.73725891113281248
v 47.68650054931640624 81.00830841064453125 -134.4368896484375
v 46.31200408935546876 81.8018798828125 -134.4368896484375
v 44.96234512329101568 82.58110046386718752 -134.73725891113281248
v 43.68630599975585936 83.31782531738281248 -135.32713317871093752
v 42.53000259399414064 83.98541259765624992 -136.185211181640625
v 41.53523254394531248 84.55974578857421872 -137.28045654296875
v 40.73794555664062496 85.02005767822265625 -138.57330322265625
v 40.166961669921875 85.34971618652343752 -140.016998291015625
v 39.84291076660156256 85.53681182861328128 -141.55940246582031248
v 39.77750778198242192 85.57456970214843752 -143.1447296142578125
v 39.97312164306640624 85.46163177490234376 -144.71571350097656248
v 40.4226722717285156 85.20207977294921876 -146.21556091308593752
v 41.10992431640625 84.8052978515625 -147.59005737304687504
v 42.01002883911132812 84.28562164306640624 -148.78952026367187504
v 43.0904541015625 83.66183471679687504 -149.7706298828125
v 44.31215667724609376 82.95648956298828128 -150.49789428710937504
v 45.6309776306152344 82.195068359375 -150.94503784179687504
v 46.99925231933593744 81.40509033203125 -151.0959014892578125
v 48.42654800415039064 80.7838134765625 -150.77261352539062496
v 49.71762847900390624 80.0384063720703125 -150.334869384765625
v 50.91363143920898432 79.34789276123046876 -149.62289428710937504
v 51.97133255004882816 78.73722839355468752 -148.66242980957031248
v 52.85250473022460944 78.228485107421875 -147.48818969726562496
v 53.52529907226562496 77.84004974365234368 -146.142608642578125
v 53.96539688110351568 77.58595275878906248 -144.67431640625
v 54.15689468383789062 77.47539520263671872 -143.136383056640625
v 54.09286880493164062 77.51235961914062496 -141.58438110351562496
v 53.775634765625 77.69551849365234376 -140.074432373046875
v 53.21665573120117188 78.01824188232421875 -138.66110229492187504
v 52.43614196777343752 78.4688720703125 -137.39544677734375
v 51.46229553222656248 79.03112030029296875 -136.3232421875
v 50.33031463623046876 79.68466949462890624 -135.48321533203125
v 49.08111572265625 80.40589904785156248 -134.90574645996093744
v 47.75984573364257808 81.168731689453125 -134.61170959472656248
v 46.41426086425781248 81.94561004638671872 -134.61170959472656248
v 45.09299087524414062 82.70844268798828128 -134.90574645996093744
v 43.84379196166992192 83.42966461181640624 -135.48321533203125
v 42.71181488037109376 84.08321380615234375 -136.3232421875
v 41.73796844482421872 84.64546966552734376 -137.39544677734375
v 40.95745086669921872 85.096099853515625 -138.66110229492187504
v 40.39847183227539064 85.4188232421875 -140.074432373046875
v 40.08123779296875 85.60197448730468752 -141.58438110351562496
v 40.01721572875976562 85.63894653320312496 -143.136383056640625
v 40.208709716796875 85.52838134765625 -144.67431640625
v 40.6488075256347656 85.2742919921875 -146.142608642578125
v 41.32160186767578124 84.8858566284179688 -147.48818969726562496
v 42.20277404785156248 84.37711334228515624 -148.66242980957031248
v 43.26047515869140624 83.76644134521484368 -149.62289428710937504
v 44.45648193359375 83.07593536376953125 -150.334869384765625
v 45.74755859375 82.33052825927734376 -150.77261352539062496
v 47.08705520629882812 81.55716705322265624 -150.92030334472656256
v 48.4466514587402344 80.90238952636718752 -150.55534362792968752
v 49.70277786254882816 80.17716217041015624 -150.1294403076171875
v 50.86640167236328128 79.50534820556640624 -149.43675231933593752
v 51.89546585083007808 78.91121673583984368 -148.50228881835937504
v 52.75278091430664064 78.41624450683593752 -147.35984802246093752
v 53.40736007690429688 78.03832244873046875 -146.050689697265625
v 53.83554077148437504 77.79111480712890624 -144.62214660644531248
v 54.02185440063476562 77.68354797363281248 -143.1258544921875
v 53.95956420898437504 77.71951293945312496 -141.61587524414062496
v 53.65091705322265624 77.897705078125 -140.1468048095703125
v 53.10707473754882812 78.21169281005859376 -138.771728515625
v 52.34769058227539064 78.65012359619140624 -137.54035949707031248
v 51.4002113342285156 79.19715118408203124 -136.49717712402343752
v 50.29887771606445312 79.8330078125 -135.67990112304687504
v 49.08349990844726562 80.53470611572265624 -135.1180572509765625
v 47.79800415039062496 81.276885986328125 -134.83197021484375008
v 46.48884963989257816 82.0327301025390625 -134.83197021484375008
v 45.20335006713867188 82.7749099731445312 -135.1180572509765625
v 43.98797225952148432 83.47660827636718752 -135.67990112304687504
v 42.88664245605468752 84.11246490478515624 -136.49717712402343752
v 41.93915939331054688 84.65949249267578128 -137.54035949707031248
v 41.17977523803710938 85.09792327880859376 -138.771728515625
v 40.63593292236328128 85.41191101074218752 -140.1468048095703125
v 40.32728958129882812 85.59010314941406248 -141.61587524414062496
v 40.26499557495117188 85.62606811523437504 -143.1258544921875
v 40.45130920410156248 85.51850128173828128 -144.62214660644531248
v 40.87948989868164064 85.27129364013671876 -146.050689697265625
v 41.53406906127929688 84.89337158203124992 -147.35984802246093752
v 42.39138412475585936 84.39839935302734376 -148.50228881835937504
v 43.42044830322265624 83.80426788330078128 -149.43675231933593752
v 44.58407211303710936 83.13245391845703124 -150.1294403076171875
v 45.8401985168457032 82.4072265625 -150.55534362792968752
v 47.14342498779296876 81.65480804443359376 -150.69903564453125
v 48.42587661743164064 80.95924377441406256 -150.314483642578125
v 49.6432533264160156 80.25639343261718752 -149.9017333984375
v 50.7709846496582032 79.60529327392578128 -149.23040771484375
v 51.7683067321777344 79.0294952392578125 -148.32476806640625
v 52.59917449951171872 78.54978942871093752 -147.217559814453125
v 53.23355865478515624 78.18352508544921876 -145.94879150390624992
v 53.64853286743164064 77.94393920898437504 -144.56431579589843752
v 53.8290977478027344 77.83969116210937504 -143.1141815185546875
v 53.76873016357421872 77.87454986572265632 -141.65078735351562496
v 53.4696044921875 78.04724884033203125 -140.22703552246093752
v 52.94253921508789056 78.35154724121093752 -138.89437866210937504
v 52.20657730102539064 78.77645111083984368 -137.70097351074218752
v 51.28832626342773436 79.306610107421875 -136.68997192382812496
v 50.22096633911132812 79.9228515625 -135.89791870117187504
v 49.04307937622070312 80.6029052734375 -135.35340881347656248
v 47.7972373962402344 81.32218933105468752 -135.076141357421875
v 46.52846527099609376 82.054718017578125 -135.076141357421875
v 45.28261947631835936 82.77400207519531248 -135.35340881347656248
v 44.10473251342773438 83.45405578613281248 -135.89791870117187504
v 43.03737640380859375 84.0702972412109375 -136.68997192382812496
v 42.11912155151367188 84.60044860839843752 -137.70097351074218752
v 41.38316345214843752 85.025360107421875 -138.89437866210937504
v 40.85609436035156256 85.32965850830078124 -140.22703552246093752
v 40.55697250366210936 85.50235748291015624 -141.65078735351562496
v 40.49660110473632816 85.53721618652343752 -143.1141815185546875
v 40.67716598510742184 85.43296051025390624 -144.56431579589843752
v 41.09214019775390624 85.19337463378906248 -145.94879150390624992
v 41.72652816772460944 84.82711791992187504 -147.217559814453125
v 42.55739593505859376 84.347412109375 -148.32476806640625
v 43.55471801757812496 83.7716064453125 -149.23040771484375
v 44.68244552612304688 83.120513916015625 -149.9017333984375
v 45.89982223510742192 82.41766357421875 -150.314483642578125
v 47.16284942626953124 81.68845367431640624 -150.45375061035156248
v 47.16284942626953124 81.68845367431640624 -142.74749755859375008
# 1572 vertices

vn -0.01739462837576866 0.9965375661849976 -0.08130395412445068
vn 0.0261219423264265 0.97141325473785408 -0.23595327138900756
vn 0.10889537632465362 0.92362397909164432 -0.36750581860542296
vn 0.22282323241233824 0.85784769058227536 -0.4630843698978424
vn 0.35675346851348876 0.78052306175231936 -0.51333296298980712
vn 0.4975760579109192 0.69921910762786864 -0.51333296298980712
vn 0.63150626420974728 0.62189441919326784 -0.4630843698978424
vn 0.74543416500091552 0.55611813068389896 -0.36750581860542296
vn 0.82820755243301392 0.508328914642334 -0.23595327138900756
vn 0.87172412872314448 0.48320457339286808 -0.08130395412445068
vn 0.87172412872314448 0.48320457339286808 0.08130395412445068
vn 0.82820755243301392 0.508328914642334 0.23595327138900756
vn 0.74543416500091552 0.55611813068389896 0.36750581860542296
vn 0.63150626420974728 0.62189441919326784 0.4630843698978424
vn 0.4975760579109192 0.69921910762786864 0.51333296298980712
vn 0.35675346851348876 0.78052306175231936 0.51333296298980712
vn 0.22282323241233824 0.85784769058227536 0.4630843698978424
vn 0.10889537632465362 0.92362397909164432 0.36750581860542296
vn 0.0261219423264265 0.97141325473785408 0.23595327138900756
vn -0.01739462837576866 0.9965375661849976 0.08130395412445068
vn 0.85536319017410272 -0.4938441812992096 -0.15643446147441864
vn 0.77163428068161008 -0.4455032646656036 -0.45399048924446104
vn 0.6123724579811096 -0.3535533845424652 -0.7071067690849304
vn 0.39316731691360472 -0.22699524462223052 -0.8910065293312072
vn 0.13547621667385102 -0.07821723073720932 -0.9876883625984192
vn -0.13547621667385102 0.07821723073720932 -0.9876883625984192
vn -0.39316731691360472 0.22699524462223052 -0.8910065293312072
vn -0.6123724579811096 0.3535533845424652 -0.7071067690849304
vn -0.77163428068161008 0.4455032646656036 -0.45399048924446104
vn -0.85536319017410272 0.4938441812992096 -0.15643446147441864
vn -0.85536319017410272 0.4938441812992096 0.15643446147441864
vn -0.77163428068161008 0.4455032646656036 0.45399048924446104
vn -0.6123724579811096 0.3535533845424652 0.7071067690849304
vn -0.39316731691360472 0.22699524462223052 0.8910065293312072
vn -0.13547621667385102 0.07821723073720932 0.9876883625984192
vn 0.13547621667385102 -0.07821723073720932 0.9876883625984192
vn 0.39316731691360472 -0.22699524462223052 0.8910065293312072
vn 0.6123724579811096 -0.3535533845424652 0.7071067690849304
vn 0.77163428068161008 -0.4455032646656036 0.45399048924446104
vn 0.85536319017410272 -0.4938441812992096 0.15643446147441864
vn 0.25496909022331236 0.66421717405319216 -0.70271348953247072
vn 0.07162886112928391 0.77006870508193968 -0.63392698764801024
vn -0.08432964980602264 0.8601114153862 -0.50308734178543088
vn -0.19764015078544616 0.925531268119812 -0.3230019509792328
vn -0.25721099972724916 0.95992451906204224 -0.11129888892173768
vn -0.25721099972724916 0.95992451906204224 0.11129888892173768
vn -0.19764015078544616 0.925531268119812 0.3230019509792328
vn -0.08432964980602264 0.8601114153862 0.50308734178543088
vn 0.07162886112928391 0.77006870508193968 0.63392698764801024
vn 0.25496909022331236 0.66421717405319216 0.70271348953247072
vn 0.44774442911148072 0.55291831493377688 0.70271348953247072
vn 0.63108462095260624 0.44706678390502928 0.63392698764801024
vn 0.78704315423965456 0.35702407360076904 0.50308734178543088
vn 0.9003536701202392 0.29160425066947936 0.3230019509792328
vn 0.95992451906204224 0.25721099972724916 0.11129888892173768
vn 0.95992451906204224 0.25721099972724916 -0.11129888892173768
vn 0.9003536701202392 0.29160425066947936 -0.3230019509792328
vn 0.78704315423965456 0.35702407360076904 -0.50308734178543088
vn 0.63108462095260624 0.44706678390502928 -0.63392698764801024
vn 0.44774442911148072 0.55291831493377688 -0.70271348953247072
vn 0.5 0.86602538824081424 0
vn 0.86602538824081424 -0.5 0
vn -0.86602538824081424 0.5 0
vn 0 0 -1
vn -0.76780796051025392 0.62175863981246952 -0.15455478429794312
vn -0.53809475898742672 0.82859331369400032 -0.15455478429794312
vn -0.25570914149284364 0.95431947708129888 -0.15455478429794312
vn 0.05170710012316704 0.9866302013397216 -0.15455478429794312
vn 0.35406187176704408 0.92236274480819696 -0.15455478429794312
vn -0.69419503211975096 0.56214803457260128 -0.44953623414039608
vn -0.486505389213562 0.74915260076522832 -0.44953623414039608
vn -0.23119324445724488 0.86282491683959968 -0.44953623414039608
vn 0.04674972593784332 0.89203792810440064 -0.44953623414039608
vn 0.32011649012565612 0.8339319825172424 -0.44953623414039608
vn -0.55291831493377688 0.44774442911148072 -0.70271348953247072
vn -0.38749593496322632 0.59669142961502072 -0.70271348953247072
vn -0.18414273858070372 0.68723005056381224 -0.70271348953247072
vn 0.03723561763763427 0.71049785614013672 -0.70271348953247072
vn -0.35629490017890932 0.2885219156742096 -0.88871198892593376
vn -0.24969840049743652 0.38450181484222416 -0.88871198892593376
vn -0.11865969747304916 0.442844033241272 -0.88871198892593376
vn 0.02399425022304058 0.45783755183219912 -0.88871198892593376
vn 0.16429947316646576 0.42801475524902344 -0.88871198892593376
vn 0.05674249306321144 0.14781925082206726 -0.98738533258438112
vn 0.00828665774315595 0.1581188589334488 -0.98738533258438112
vn -0.04098033159971237 0.15294069051742554 -0.98738533258438112
vn -0.08623588085174561 0.13279160857200622 -0.98738533258438112
vn -0.12305006384849548 0.09964397549629212 -0.98738533258438112
vn 0.3583679497241974 0.93358039855957024 0
vn 0.0523359552025795 0.99862951040267952 0
vn -0.25881904363632204 0.96592581272125248 0
vn -0.5446390509605408 0.83867055177688592 0
vn -0.7771459817886352 0.62932038307189944 0
vn 0.93358039855957024 -0.3583679497241974 0
vn 0.99862951040267952 -0.0523359552025795 0
vn 0.96592581272125248 0.25881904363632204 0
vn 0.83867055177688592 0.5446390509605408 0
vn 0.62932038307189944 0.7771459817886352 0
vn 0.4938441812992096 0.85536319017410272 -0.15643446147441864
vn 0.4455032646656036 0.77163428068161008 -0.45399048924446104
vn 0.3535533845424652 0.6123724579811096 -0.7071067690849304
vn 0.22699524462223052 0.39316731691360472 -0.8910065293312072
vn 0.07821723073720932 0.13547621667385102 -0.9876883625984192
vn 0.62175863981246952 0.76780796051025392 -0.15455478429794312
vn 0.82859331369400032 0.53809475898742672 -0.15455478429794312
vn 0.95431947708129888 0.25570914149284364 -0.15455478429794312
vn 0.9866302013397216 -0.05170710012316704 -0.15455478429794312
vn 0.92236274480819696 -0.35406187176704408 -0.15455478429794312
vn 0.56214803457260128 0.69419503211975096 -0.44953623414039608
vn 0.74915260076522832 0.486505389213562 -0.44953623414039608
vn 0.86282491683959968 0.23119324445724488 -0.44953623414039608
vn 0.89203792810440064 -0.04674972593784332 -0.44953623414039608
vn 0.8339319825172424 -0.32011649012565612 -0.44953623414039608
vn 0.59669142961502072 0.38749593496322632 -0.70271348953247072
vn 0.68723005056381224 0.18414273858070372 -0.70271348953247072
vn 0.71049785614013672 -0.03723561763763427 -0.70271348953247072
vn 0.66421717405319216 -0.25496909022331236 -0.70271348953247072
vn 0.2885219156742096 0.35629490017890932 -0.88871198892593376
vn 0.38450181484222416 0.24969840049743652 -0.88871198892593376
vn 0.442844033241272 0.11865969747304916 -0.88871198892593376
vn 0.45783755183219912 -0.02399425022304058 -0.88871198892593376
vn 0.42801475524902344 -0.16429947316646576 -0.88871198892593376
vn 0.14781925082206726 -0.05674249306321144 -0.98738533258438112
vn 0.1581188589334488 -0.00828665774315595 -0.98738533258438112
vn 0.15294069051742554 0.04098033159971237 -0.98738533258438112
vn 0.13279160857200622 0.08623588085174561 -0.98738533258438112
vn 0.09964397549629212 0.12305006384849548 -0.98738533258438112
vn 0.38268327713012696 0.92387914657592768 -0.0008890553144738
vn 0.290284663438797 0.9569403529167176 0
vn 0.1305260956287384 0.99144417047500608 -0.00118583033327013
vn 0.06540312618017197 0.9978589415550232 0
vn -0.16289547085762024 0.98664331436157232 0
vn -0.13052614033222198 0.99144446849822992 -0.0008890553144738
vn -0.03271908313035965 0.99946457147598272 0
vn 0.19509032368659972 0.98078525066375728 0
vn 0.41270703077316288 0.91086381673812864 0
vn -0.16288384795188904 0.98657298088073728 0.0119433319196105
vn 0.03413268178701401 0.99831271171569824 0.04697595909237862
vn 0.0653587132692337 0.99718123674392704 0.03684874251484871
vn 0.194868266582489 0.97966897487640384 0.04769767075777054
vn 0.28977462649345396 0.95525896549224848 0.05925345793366432
vn 0.41176235675811768 0.90877884626388544 0.06762199103832245
vn -0.16661059856414794 0.98539322614669792 0.03522844612598419
vn 0.02442979253828525 0.99546271562576288 0.09196256846189498
vn 0.21346163749694824 0.96553641557693488 0.1489078551530838
vn 0.40854039788246152 0.88102918863296512 0.23850004374980928
vn 0.37729194760322568 0.9049091935157776 0.1969522386789322
vn -0.17247125506401062 0.98332804441452032 0.05761650204658508
vn 0.01297276560217142 0.98831486701965328 0.15187303721904754
vn 0.19501955807209016 0.94957107305526736 0.24552430212497712
vn 0.36142340302467344 0.87324094772338864 0.3268384635448456
vn 0.37596538662910464 0.83761876821517952 0.39628884196281432
vn -0.18024918437004088 0.98042273521423344 0.07925594598054886
vn -0.00208145007491111 0.9773201942443848 0.21175684034824372
vn 0.17091986536979676 0.92437303066253664 0.34105849266052248
vn 0.35202151536941528 0.81406217813491824 0.46193468570709232
vn 0.32615229487419128 0.77427917718887328 0.54232501983642576
vn -0.01897756569087505 0.96280890703201296 0.26951596140861512
vn -0.01948193460702896 0.96388125419616704 0.26561880111694336
vn 0.14439065754413604 0.89050400257110592 0.4314556121826172
vn 0.15192024409770966 0.87236732244491584 0.46464550495147704
vn 0.29852694272994996 0.76628994941711424 0.5689300298690796
vn -0.17567786574363708 0.98259896039962768 0.060303945094347
vn -0.18105340003967284 0.97920161485672 0.09156333655118942
vn -0.16392458975315094 0.98632395267486576 -0.01714003831148147
vn -0.12567722797393798 0.97830557823181152 0.16469183564186096
vn 0.31510281562805176 0.71419817209243776 0.62500494718551632
vn 0.24232593178749084 0.8086014986038208 0.53613597154617312
vn 0.05868947133421898 0.92932033538818352 0.36458095908164976
vn 0.3245408833026886 0.82213312387466432 0.4677288830280304
vn 0.1917177140712738 0.90300285816192624 0.38448691368103024
vn 0.00895698182284832 0.97026997804641728 0.24185931682586668
vn -0.16907106339931488 0.98237568140029904 0.07970599830150604
vn 0.37168633937835696 0.87093263864517216 0.32144293189048768
vn 0.21627196669578552 0.93647629022598272 0.27611345052719116
vn 0.02505821175873279 0.98461753129959104 0.17291723191738128
vn -0.1642928570508957 0.98479789495468144 0.05640033259987831
vn 0.40213000774383544 0.900766670703888 0.16404540836811066
vn 0.23018418252468108 0.95888715982437136 0.16598406434059144
vn 0.03431800380349159 0.99402278661727904 0.10363861918449402
vn -0.16180399060249328 0.9862544536590576 0.03349048644304275
vn 0.42072555422782896 0.90418696403503424 0.07372865825891495
vn 0.2313818633556366 0.97061651945114128 0.06607570499181747
vn -0.0327090248465538 0.9991573095321656 0.02479416690766811
vn -0.16140301525592804 0.98682695627212528 0.01102853659540414
vn -0.22277304530143736 0.97335553169250496 0.05432488024234772
vn -0.27551570534706116 0.96063846349716192 0.03556514158844948
vn -0.35873714089393616 0.93227577209472656 -0.04657871276140213
vn -0.32190945744514464 0.94676834344863888 0.00200065039098262
vn -0.27627089619636536 0.96043086051940912 0.03531306609511375
vn -0.1610749214887619 0.98524969816207888 0.05777452513575554
vn -0.25941002368927 0.96576648950576784 0.00124422926455736
vn -0.78736281394958496 0.6164899468421936 0
vn -0.60092157125473024 0.79930794239044192 -0.0003017660928890109
vn -0.26200047135353088 0.96505928039550784 -0.0040374738164246
vn -0.33826887607574464 0.94104826450347904 -0.00153489946387708
vn -0.43059885501861576 0.9025433659553528 -0.0003440729924477637
vn -0.47451755404472352 0.88024604320526128 -1.398831273036194E-06
vn -0.38268342614173888 0.92387950420379632 0
vn -0.60876142978668216 0.79335331916809088 6.310607204795815E-06
vn -0.79335331916809088 0.60876137018203736 0.0003240012447349727
vn 0.08097627013921738 0.86787861585617072 0.49013218283653256
vn 0.06140425801277161 0.78790539503097536 0.612727165222168
vn -0.15560322999954224 0.89058750867843632 0.42736583948135376
vn -0.39577189087867736 0.8660461902618408 0.30549728870391844
vn -0.53269624710083008 0.82224595546722416 0.20036548376083376
vn -0.66115969419479368 0.74222946166992192 0.10937690734863282
vn -0.05838225781917572 0.96326005458831792 0.26214808225631712
vn -0.05295134335756302 0.91709417104721072 0.39513850212097168
vn -0.17572297155857086 0.95665019750595088 0.2322538197040558
vn -0.33363744616508484 0.92938643693923952 0.15788272023200988
vn -0.46897113323211672 0.88166505098342896 0.05227672308683395
vn -0.44431313872337344 0.89316272735595696 0.06961478292942047
vn -0.44143363833427432 0.88923984766006464 0.1199534684419632
vn -0.17447720468044282 0.972754955291748 0.1526612639427185
vn -0.23755587637424468 0.96413612365722656 0.11835861951112748
vn -0.29760470986366272 0.95136010646820064 0.0796579122543335
vn -0.34295767545700072 0.93825209140777584 0.04542135074734688
vn -0.388980895280838 0.92112600803375248 0.01485769357532262
vn -0.42169520258903504 0.90651309490203856 0.02017753943800926
vn -0.36148938536643984 0.93092823028564448 0.0519428588449955
vn -0.24404177069664 0.9647564888000488 0.09843022376298904
vn -0.19147492945194244 0.9740475416183472 0.12070081382989884
vn -0.60706806182861328 0.79445081949234016 -0.01778229512274265
vn -0.41017416119575504 0.89775413274765008 0.16060727834701538
vn -0.26684528589248656 0.94651269912719728 0.18140369653701784
vn -0.210931733250618 0.9498677253723144 0.23077930510044096
vn -0.78128314018249504 0.62369912862777712 0.02441429160535335
vn -0.614848792552948 0.76753300428390496 0.18125690519809724
vn -0.23099941015243532 0.90308535099029536 0.36204433441162112
vn -0.06709080934524536 0.9014097452163696 0.42773747444152832
vn 0.20091512799263 0.66066312789916992 0.72329616546630864
vn -0.08989426493644714 0.75177466869354256 0.65326398611068728
vn -0.37382355332374576 0.76596444845199584 0.52302426099777224
vn -0.62214899063110352 0.70350265502929688 0.34353256225585936
vn -0.8090124130249024 0.57345288991928104 0.1290377676486969
vn 0.14102132618427276 0.74502032995224 0.65196442604064944
vn -0.1347385197877884 0.80472069978713984 0.5781609416007996
vn -0.4001668393611908 0.79389709234237664 0.45781430602073672
vn -0.63197040557861328 0.71476888656616208 0.2995310127735138
vn -0.8091710209846496 0.57648444175720216 0.11361325532197952
vn -0.80499345064163216 0.58727294206619264 0.08423814177513123
vn -0.63176631927490232 0.74195927381515504 0.22442765533924104
vn -0.41559541225433352 0.8364333510398864 0.3572949171066284
vn -0.16991284489631652 0.86806690692901616 0.46646481752395632
vn 0.08842515200376511 0.83643585443496704 0.54088449478149416
vn -0.80322021245956416 0.58735597133636472 0.0992482304573059
vn -0.61821705102920536 0.73924112319946288 0.26707717776298524
vn -0.38438266515731808 0.8216263055801392 0.42092773318290712
vn -0.11863973736763 0.83279752731323248 0.540715217590332
vn 0.15781570971012116 0.77417618036270144 0.61298078298568728
vn -0.08728713542222977 0.98679274320602416 0.13645908236503602
vn -0.04684695601463318 0.95714193582534784 0.28580525517463684
vn 0.03323369473218918 0.92297303676605232 0.38342711329460144
vn 0.11144285649061204 0.86195808649063104 0.49457934498786928
vn 0.11787624657154084 0.86984717845916752 0.47903141379356384
vn 0.2012077569961548 0.79860919713974 0.56722027063369752
vn 0.28487628698349 0.70656859874725344 0.64777028560638424
vn 0.29573318362236024 0.74794447422027584 0.59423977136611936
vn 0.20110328495502472 0.7987409830093384 0.56707167625427248
vn 0.3198997676372528 0.66088551282882688 0.6788920760154724
vn 0.03159797191619873 0.92648047208786016 0.37501403689384464
vn -0.19212535023689272 0.93814647197723392 0.28804358839988708
vn -0.7615734338760376 0.63080680370330808 0.1486227810382843
vn -0.83561623096466064 0.5465048551559448 0.05547896027565002
vn -0.55766338109970096 0.75165700912475584 0.3521694540977478
vn -0.66480410099029544 0.69628453254699704 0.27059805393218996
vn -0.29730084538459776 0.80035370588302608 0.52062094211578368
vn -0.428916335105896 0.77790707349777216 0.45922911167144776
vn -0.00485974596813321 0.77088683843612672 0.63695359230041504
vn -0.15104320645332336 0.78338259458541872 0.60290765762329104
vn 0.29085314273834228 0.66418576240539552 0.68866664171218872
vn 0.14161506295204162 0.71217519044876096 0.68756937980651856
vn 0.21372434496879576 0.6830503344535828 0.698401153087616
vn -0.07814893126487732 0.77262306213378912 0.6300367712974548
vn -0.3623724281787872 0.78656607866287232 0.5
vn -0.61112439632415768 0.7235145568847656 0.3210197687149048
vn -0.80005526542663568 0.5896403193473816 0.11061587184667588
vn 0.41303503513336184 0.71539628505706784 0.56356918811798096
vn 0.40885114669799808 0.70835053920745848 0.5753957629203796
vn 0.38345900177955624 0.66417044401168824 0.64174509048461912
vn 0.45789074897766112 0.79308855533599856 0.40167975425720216
vn 0.45362058281898496 0.78630888462066656 0.41946002840995792
vn 0.43600395321846008 0.75519233942031856 0.48947429656982424
vn 0.48672619462013248 0.8430349826812744 0.22888773679733276
vn 0.48328551650047304 0.838388741016388 0.2520703375339508
vn 0.47315651178359984 0.81953591108322144 0.32323947548866272
vn 0.49934130907058712 0.86488449573516848 0.05131345987319946
vn 0.49750894308090208 0.86393779516220096 0.07807880640029907
vn 0.49441465735435488 0.85635060071945184 0.1490563303232193
vn 0.49310708045959472 0.85204774141311648 0.17567022144794464
vn 0.4701499342918396 0.8118817210197448 0.34613162279129028
vn 0.43205186724662784 0.74597901105880736 0.50680029392242432
vn 0.37952101230621336 0.65545922517776488 0.65294486284255984
vn 0.58247768878936768 0.8128466606140136 0
vn 0.60876119136810304 0.79335302114486688 -0.0008890553144738
vn 0.79335278272628784 0.60876101255416872 -0.00118583033327013
vn 0.75183981657028192 0.65934580564498904 0
vn 0.92387914657592768 0.38268327713012696 -0.0008890553144738
vn 0.8819212913513184 0.4713967442512512 0
vn 0.93590593338012688 0.35225003957748412 0
vn 0.83146959543228144 0.55557024478912352 0
vn 0.68359231948852536 0.7298640608787536 0
vn -0.3535533845424652 -0.6123724579811096 -0.7071067690849304
vn 0.3535533845424652 0.6123724579811096 0.7071067690849304
vn 0.84415584802627568 0.46612665057182312 0.26481479406356812
vn 0.77373224496841424 0.52108550071716312 0.36028918623924256
vn 0.67768752574920656 0.57367944717407224 0.46003425121307376
vn 0.57641166448593136 0.62244868278503416 0.52944052219390872
vn 0.45788908004760744 0.64004933834075928 0.61698818206787112
vn 0.93507730960845952 0.3463919162750244 0.07512041926383972
vn 0.83244711160659792 0.51046109199523928 0.21554863452911376
vn 0.68264418840408328 0.64501500129699704 0.34344229102134704
vn 0.55434888601303104 0.71378666162490848 0.42802554368972776
vn 0.51488333940505984 0.7198719382286072 0.46548855304718016
vn 0.93488001823425296 0.35139161348342896 0.05023238435387611
vn 0.8386442065238952 0.52534359693527224 0.14384020864963532
vn 0.70229446887969968 0.67349427938461304 0.23062501847743988
vn 0.57411873340606688 0.761974573135376 0.29963713884353636
vn 0.56615376472473144 0.76921302080154416 0.29627898335456848
vn 0.93504077196121216 0.35357144474983216 0.02619119733572006
vn 0.84364014863967888 0.53166204690933224 0.0748780146241188
vn 0.71672636270523072 0.68684148788452152 0.120632104575634
vn 0.58158135414123536 0.80149757862091072 0.139157235622406
vn 0.599003791809082 0.7856795191764832 0.15460340678691864
vn 0.9356513619422912 0.35285285115242004 0.00716940639540553
vn 0.8489970564842224 0.526614248752594 0.04337579384446144
vn 0.88180464506149296 0.47133442759513856 0.01626011915504932
vn 0.75147151947021488 0.6590228080749512 0.03129642456769943
vn 0.7282752990722656 0.6831607818603516 0.05391153320670128
vn 0.5782479643821716 0.81443536281585696 0.04821144044399261
vn 0.94145053625106816 0.33684903383255004 -0.01426826883107423
vn 0.90936249494552608 0.3828065991401672 0.16284656524658204
vn 0.94023621082305904 0.3350054621696472 0.0610504075884819
vn 0.93868219852447504 0.33305668830871584 0.08915667980909348
vn 0.581903338432312 0.81204515695571904 0.04439727589488029
vn 0.68307512998580936 0.7293118834495544 0.03889063373208046
vn 0.83122670650482176 0.55540794134140016 0.02417097240686416
vn 0.93587720394134528 0.3522392511367798 0.00783084705471992
vn 0.56690937280654904 0.7951252460479736 0.21538263559341432
vn 0.72982668876647952 0.67166537046432496 0.12735244631767272
vn 0.84975314140319824 0.52119249105453488 0.07923397421836853
vn 0.9363647103309632 0.34992745518684388 0.02778200805187225
vn 0.54663157463073728 0.74742329120635984 0.37756112217903136
vn 0.72798198461532592 0.64336901903152464 0.2368934452533722
vn 0.8506690859794616 0.5046008825302124 0.1474452167749405
vn 0.93750411272048944 0.34413385391235352 0.05155516043305397
vn 0.51602882146835328 0.67369025945663456 0.52901387214660648
vn 0.72113621234893792 0.60146206617355344 0.34381097555160524
vn 0.85037547349929808 0.48049125075340272 0.21445204317569732
vn 0.93894499540328976 0.33585217595100404 0.07473707944154739
vn 0.5225297212600708 0.64593076705932616 0.55653941631317136
vn 0.70337897539138792 0.5725891590118408 0.42118841409683224
vn 0.84489071369171136 0.46596997976303104 0.26273879408836364
vn 0.99144488573074336 -0.13052618503570556 6.310607204795815E-06
vn 0.92387950420379632 -0.38268342614173888 0.0003240012447349727
vn 0.99144488573074336 0.13052618503570556 0
vn 0.96676611900329584 0.25563058257102968 -0.0040374738164246
vn 0.98410612344741824 0.17757467925548554 -0.00153489946387708
vn 0.996924877166748 0.07836213707923889 -0.0003440729924477637
vn 0.99957418441772464 0.02917877957224846 -1.3988311593493563E-06
vn 0.9275773167610168 -0.37363120913505552 0
vn 0.9926817417144776 -0.12075937539339066 -0.0003017660928890109
vn 0.98088014125823968 0.19460241496562956 0.00200065039098262
vn 0.96989291906356816 0.24095781147480012 0.03531306609511375
vn 0.96969515085220336 0.24171561002731324 0.03556514158844948
vn 0.93378871679306032 0.35312986373901368 0.05777452513575554
vn 0.95433712005615232 0.29375064373016356 0.05432488024234772
vn 0.98674303293228144 0.15546241402626038 -0.04657871276140213
vn 0.96608334779739376 0.25822755694389344 0.00124422926455736
vn 0.48467677831649784 0.52661585807800296 0.698401153087616
vn 0.42977517843246456 0.58397907018661496 0.68866664171218872
vn 0.70818567276000976 0.318632572889328 0.6300367712974548
vn 0.67003744840621952 0.38123476505279544 0.63695359230041504
vn 0.8623724579811096 0.07945930957794189 0.5
vn 0.84177708625793456 0.1427067518234253 0.52062094211578368
vn 0.93214416503906256 -0.16749198734760284 0.3210197687149048
vn 0.92978572845458992 -0.10712212324142456 0.3521694540977478
vn 0.91067111492156976 -0.3980480134487152 0.11061587184667588
vn 0.9270814061164856 -0.3441385328769684 0.1486227810382843
vn 0.89109522104263312 -0.45041248202323912 0.05547896027565002
vn 0.93540215492248528 -0.22759498655796052 0.27059805393218996
vn 0.88814544677734368 0.017501100897789 0.45922911167144776
vn 0.753950834274292 0.26088404655456544 0.60290765762329104
vn 0.54595428705215456 0.47872984409332272 0.68756937980651856
vn 0.93078088760375984 -0.36476144194602968 0.02441429160535335
vn 0.97212749719619744 -0.14870814979076386 0.18125690519809724
vn 0.94790393114089968 0.09027460217475892 0.30549728870391844
vn 0.8975945711135864 0.25149133801460268 0.36204433441162112
vn 0.81418913602828976 0.39260250329971312 0.42773747444152832
vn 0.7111167907714844 0.50406682491302488 0.49013218283653256
vn 0.99082112312316896 0.06232717260718346 0.1199534684419632
vn 0.99154865741729744 -0.1285109519958496 -0.01778229512274265
vn 0.9972136616706848 0.02433798462152481 0.07051616907119751
vn 0.97169095277786256 0.17575471103191376 0.15788272023200988
vn 0.91730320453643792 0.33596771955490112 0.2137300968170166
vn 0.9280754327774048 0.29226163029670716 0.23077930510044096
vn 0.86339879035949712 0.43106949329376224 0.26214808225631712
vn 0.99591100215911872 0.08805779367685318 0.02017753943800926
vn 0.9869521856307984 0.15240512788295746 0.0519428588449955
vn 0.97270435094833376 0.2179468125104904 0.0796579122543335
vn 0.95752453804016112 0.27103188633918764 0.09843022376298904
vn 0.93928742408752448 0.32120162248611452 0.12070081382989884
vn 0.92966914176940912 0.335275799036026 0.1526612639427185
vn 0.95374429225921632 0.2763386368751526 0.11835861951112748
vn 0.98402893543243408 0.1721159815788269 0.04542135074734688
vn 0.9922089576721192 0.12369567900896072 0.01485769357532262
vn 0.82070249319076544 0.41268986463546752 0.39513850212097168
vn 0.94961708784103392 0.21661899983882904 0.22650305926799776
vn 0.98624551296234128 0.11856041848659516 0.1151660606265068
vn 0.99565815925598144 0.06179488077759743 0.06961478292942047
vn 0.65164399147033688 0.44713035225868224 0.612727165222168
vn 0.84907299280166624 0.31053739786148072 0.42736583948135376
vn 0.97843396663665776 -0.05020549520850182 0.20036548376083376
vn 0.9733694195747376 -0.2014663815498352 0.10937690734863282
vn 0.6801621317863464 0.49479636549949648 0.54088449478149416
vn 0.83672446012496944 0.2868846356868744 0.46646481752395632
vn 0.93217027187347408 0.05830049514770508 0.3572949171066284
vn 0.95843875408172608 -0.17614606022834778 0.22442765533924104
vn 0.9110900163650512 -0.4035082757472992 0.08423814177513123
vn 0.59154838323593136 0.52376049757003784 0.61298078298568728
vn 0.78054368495941168 0.31365373730659484 0.540715217590332
vn 0.9037405848503112 0.07792799919843674 0.42092773318290712
vn 0.94931012392044064 -0.16577111184597016 0.26707717776298524
vn 0.91027528047561648 -0.40193113684654232 0.0992482304573059
vn 0.9011309742927552 -0.4138988256454468 0.1290377676486969
vn 0.92032569646835328 -0.18704549968242644 0.34353256225585936
vn 0.8502564430236816 0.05924153327941895 0.52302426099777224
vn 0.69600307941436768 0.2980366051197052 0.65326398611068728
vn 0.47169348597526552 0.50432914495468136 0.72329616546630864
vn 0.903835654258728 -0.41252040863037112 0.11361325532197952
vn 0.93499320745468144 -0.18991796672344208 0.2995310127735138
vn 0.88761848211288448 0.05039388686418533 0.45781430602073672
vn 0.76427787542343136 0.28567337989807128 0.5781609416007996
vn 0.57469588518142704 0.49463823437690736 0.65196442604064944
vn 0.49987232685089112 0.63008469343185424 0.59423977136611936
vn 0.59117835760116576 0.57353103160858152 0.56707167625427248
vn 0.59101194143295288 0.57355558872222904 0.56722027063369752
vn 0.41239374876022336 0.60748410224914552 0.6788920760154724
vn 0.69437164068222048 0.53700739145278928 0.47903141379356384
vn 0.78655660152435296 0.49060487747192384 0.37501403689384464
vn 0.7827012538909912 0.49026772379875184 0.38342711329460144
vn 0.90852135419845584 0.30268779397010804 0.28804358839988708
vn 0.89823114871978752 0.41780349612236024 0.13645908236503602
vn 0.85233271121978752 0.43800032138824464 0.28580525517463684
vn 0.6907562017440796 0.52749139070510864 0.49457934498786928
vn 0.46946820616722104 0.59999436140060424 0.64777028560638424
vn -0.15070629119873046 -0.69106173515319824 -0.70690971612930296
vn -0.14446565508842468 -0.70475971698760984 -0.69458144903182984
vn -0.21544149518013 -0.67365872859954832 -0.70694333314895632
vn -0.20892997086048128 -0.69000875949859616 -0.69299072027206424
vn -0.27823668718338012 -0.6502095460891724 -0.70697379112243656
vn -0.27171096205711364 -0.66888976097106936 -0.6919245719909668
vn -0.33852884173393248 -0.62092483043670656 -0.70700109004974368
vn -0.33214107155799864 -0.641609251499176 -0.691389799118042
vn -0.38957938551902768 -0.60844725370407104 -0.691389799118042
vn -0.39577740430831912 -0.58606779575347904 -0.70702528953552248
vn -0.44342005252838136 -0.5697534680366516 -0.6919245719909668
vn -0.44946908950805664 -0.54595148563385008 -0.70704632997512816
vn -0.4931001365184784 -0.52594304084777832 -0.69299072027206424
vn -0.49912261962890624 -0.5009359121322632 -0.7070642709732056
vn -0.53810697793960568 -0.47749078273773192 -0.69458144903182984
vn -0.54429280757904056 -0.45142507553100584 -0.70707899332046512
vn -0.57542955875396728 -0.4248240888118744 -0.69885998964309696
vn -0.56260091066360472 -0.41657823324203488 -0.71410274505615232
vn -0.08461152762174606 -0.70226168632507328 -0.70687294006347656
vn -0.08019366860389709 -0.7107486724853516 -0.69885998964309696
vn -0.07946686446666718 -0.69551581144332888 -0.71410274505615232
vn -0.56587070226669312 -0.4244065880775452 -0.70687294006347656
vn -0.52312386035919192 -0.47604632377624512 -0.70690971612930296
vn -0.4756848514080048 -0.52340716123580936 -0.70694333314895632
vn -0.42397961020469664 -0.56606477499008176 -0.70697379112243656
vn -0.36847224831581112 -0.60363698005676272 -0.70700109004974368
vn -0.3096609115600586 -0.63578718900680544 -0.70702528953552248
vn -0.24807327985763548 -0.66222739219665528 -0.70704632997512816
vn -0.18426188826560976 -0.6827208399772644 -0.7070642709732056
vn -0.11879917979240418 -0.69708395004272464 -0.70707899332046512
vn -0.1196192279458046 -0.99281984567642208 0
vn -0.1320498138666153 -0.991224467754364 -0.00607463018968701
vn -0.21307151019573212 -0.97703659534454352 0
vn -0.22819505631923676 -0.97359097003936768 -0.00690262438729405
vn -0.30460989475250244 -0.95247721672058112 0
vn -0.32215917110443116 -0.94665586948394768 -0.00749406078830361
vn -0.39341211318969728 -0.91936224699020384 0
vn -0.41304481029510496 -0.91067689657211296 -0.00784892775118351
vn -0.47868055105209352 -0.87798911333084112 0
vn -0.49998414516448976 -0.8659979104995728 -0.00796721689403057
vn -0.58214688301086424 -0.81304574012756352 -0.00784892775118351
vn -0.55964928865432736 -0.8287295699119568 0
vn -0.65874844789505008 -0.75232595205307008 -0.00749406078830361
vn -0.6355909705162048 -0.77202600240707392 0
vn -0.72905695438385008 -0.6844182014465332 -0.00690262438729405
vn -0.70582354068756104 -0.70838773250579832 0
vn -0.79240065813064576 -0.60997074842453 -0.00607463018968701
vn -0.76971602439880368 -0.63838642835617064 0
vn -0.79999756813049312 -0.60000324249267576 0
vn -0.7396027445793152 -0.67304366827011112 0
vn -0.67256450653076168 -0.740038514137268 0
vn -0.59948498010635376 -0.8003860116004944 0
vn -0.52102059125900272 -0.85354411602020256 0
vn -0.43787622451782224 -0.89903527498245232 0
vn -0.3507986068725586 -0.93645089864730832 0
vn -0.26056998968124388 -0.96545493602752688 0
vn -0.16800081729888916 -0.98578685522079472 0
vn -0.88614988327026368 -0.46339869499206544 0
vn 0.0417599119246006 -0.99912768602371216 0
vn 0 0 1
vn 0.66421717405319216 -0.25496909022331236 0.70271348953247072
vn 0.71049785614013672 -0.03723561763763427 0.70271348953247072
vn 0.68723005056381224 0.18414273858070372 0.70271348953247072
vn 0.59669142961502072 0.38749593496322632 0.70271348953247072
vn 0.03723561763763427 0.71049785614013672 0.70271348953247072
vn -0.18414273858070372 0.68723005056381224 0.70271348953247072
vn -0.38749593496322632 0.59669142961502072 0.70271348953247072
vn -0.55291831493377688 0.44774442911148072 0.70271348953247072
vn -0.66421717405319216 0.25496909022331236 0.70271348953247072
vn -0.71049785614013672 0.03723561763763427 0.70271348953247072
vn -0.68723005056381224 -0.18414273858070372 0.70271348953247072
vn -0.59669142961502072 -0.38749593496322632 0.70271348953247072
vn -0.44774442911148072 -0.55291831493377688 0.70271348953247072
vn -0.25496909022331236 -0.66421717405319216 0.70271348953247072
vn -0.03723561763763427 -0.71049785614013672 0.70271348953247072
vn 0.18414273858070372 -0.68723005056381224 0.70271348953247072
vn 0.38749593496322632 -0.59669142961502072 0.70271348953247072
vn 0.55291831493377688 -0.44774442911148072 0.70271348953247072
vn 0.7771459817886352 -0.62932038307189944 0
vn 0.5446390509605408 -0.83867055177688592 0
vn 0.25881904363632204 -0.96592581272125248 0
vn -0.0523359552025795 -0.99862951040267952 0
vn -0.3583679497241974 -0.93358039855957024 0
vn -0.62932038307189944 -0.7771459817886352 0
vn -0.83867055177688592 -0.5446390509605408 0
vn -0.96592581272125248 -0.25881904363632204 0
vn -0.99862951040267952 0.0523359552025795 0
vn -0.93358039855957024 0.3583679497241974 0
vn 0.8058521747589112 -0.59211677312850952 0
vn 0.59766274690628048 -0.80174553394317632 -0.00183925486635416
vn 0.34542435407638548 -0.93844515085220336 -0.00164520181715488
vn 0.06475350260734558 -0.99790024757385248 -0.00144857005216181
vn -0.22124746441841124 -0.97521692514419552 -0.0012493603862822
vn -0.48903739452362064 -0.872262179851532 -0.00104757340159267
vn -0.71657419204711912 -0.69751042127609256 -0.00084320968016982
vn -0.88512885570526128 -0.465345561504364 -0.00063626980409026
vn -0.98082751035690304 -0.194877490401268 -0.00042675447184592485
vn -0.99579298496246336 0.09163125604391098 -0.0002146643091691658
vn -0.92879348993301392 0.3705977499485016 0
vn -0.92911320924758912 0.36979541182518008 0.00021595113503281027
vn -0.99602699279785152 0.08905081450939178 0.00042932844371534884
vn -0.9799767136573792 -0.1991112381219864 0.0006401312421076
vn -0.8822991847991944 -0.47068822383880616 0.00084835884626954
vn -0.71113061904907224 -0.7030591368675232 0.00105401070322841
vn -0.4807284474372864 -0.87686860561370848 0.0012570860562846
vn -0.21028414368629456 -0.97763919830322272 0.00145758443977683
vn 0.07767564803361893 -0.9969773292541504 0.00165550503879785
vn 0.3591652512550354 -0.933272123336792 0.00185084738768637
vn 0.61073797941207888 -0.79183012247085568 0.00204361090436577
vn 0.80070656538009648 -0.5990533232688904 -0.00203072885051369
vn -0.78604912757873536 0.6181640028953552 0
vn -0.5800412893295288 0.81458705663681024 0
vn -0.32703772187232972 0.94501125812530512 0
vn -0.0475371852517128 0.99886947870254512 0
vn 0.23581488430500032 0.9717980027198792 0
vn 0.50006091594696048 0.8659902215003968 0
vn 0.72379142045974736 0.6900188326835632 0
vn 0.88887941837310784 0.45814123749732968 0
vn 0.981949269771576 0.18914444744586944 0
vn 0.995460331439972 -0.0951770469546318 0
vn 0.92831796407699584 -0.37178716063499448 0
vn 0.8659549951553344 -0.50012189149856568 0
vn 0.61232268810272216 -0.35363957285881044 -0.7071067690849304
vn -0.5586568117141724 0.43933835625648496 -0.70348018407821656
vn -0.4122439622879028 0.57893913984298704 -0.70348018407821656
vn -0.2324305772781372 0.67163360118865968 -0.70348018407821656
vn -0.0337853841483593 0.70991140604019168 -0.70348018407821656
vn 0.16759714484214782 0.69067126512527464 -0.70348018407821656
vn 0.35540074110031128 0.61547213792800904 -0.70348018407821656
vn 0.51440936326980592 0.49040663242340088 -0.70348018407821656
vn 0.63173985481262208 0.32560777664184572 -0.70348018407821656
vn 0.69788593053817752 0.1344277709722519 -0.70348018407821656
vn 0.707488477230072 -0.06764373928308487 -0.70348018407821656
vn 0.65976941585540768 -0.26423466205596924 -0.70348018407821656
vn 0.43412381410598752 -0.56284743547439576 -0.70337706804275512
vn 0.25530117750167848 -0.66338676214218136 -0.70337706804275512
vn 0.05521323904395103 -0.70866930484771728 -0.70337706804275512
vn -0.14947368204593658 -0.69492328166961672 -0.70337706804275512
vn -0.3417102098464966 -0.62329357862472536 -0.70337706804275512
vn -0.50548398494720456 -0.49974662065505984 -0.70337706804275512
vn -0.62715345621109008 -0.33457326889038084 -0.70337706804275512
vn -0.69658416509628296 -0.14153166115283966 -0.70337706804275512
vn -0.70799291133880616 0.06329882889986038 -0.70337706804275512
vn -0.6604294180870056 0.26285684108734132 -0.70337706804275512
vn 0.57207107543945312 -0.4210370182991028 -0.70389097929000856
vn 0.5719314217567444 -0.42023855447769168 -0.7044813632965088
vn 0.55291831493377688 -0.44774442911148072 -0.70271348953247072
vn 0.38749593496322632 -0.59669142961502072 -0.70271348953247072
vn 0.18414273858070372 -0.68723005056381224 -0.70271348953247072
vn -0.03723561763763427 -0.71049785614013672 -0.70271348953247072
vn -0.25496909022331236 -0.66421717405319216 -0.70271348953247072
vn -0.44774442911148072 -0.55291831493377688 -0.70271348953247072
vn -0.59669142961502072 -0.38749593496322632 -0.70271348953247072
vn -0.68723005056381224 -0.18414273858070372 -0.70271348953247072
vn -0.71049785614013672 0.03723561763763427 -0.70271348953247072
vn -0.66421717405319216 0.25496909022331236 -0.70271348953247072
vn -0.5 -0.86602538824081424 0
vn 0.01739462837576866 -0.9965375661849976 -0.08130395412445068
vn -0.0261219423264265 -0.97141325473785408 -0.23595327138900756
vn -0.10889537632465362 -0.92362397909164432 -0.36750581860542296
vn -0.22282323241233824 -0.85784769058227536 -0.4630843698978424
vn -0.35675346851348876 -0.78052306175231936 -0.51333296298980712
vn -0.4975760579109192 -0.69921910762786864 -0.51333296298980712
vn -0.63150626420974728 -0.62189441919326784 -0.4630843698978424
vn -0.74543416500091552 -0.55611813068389896 -0.36750581860542296
vn -0.82820755243301392 -0.508328914642334 -0.23595327138900756
vn -0.87172412872314448 -0.48320457339286808 -0.08130395412445068
vn -0.87172412872314448 -0.48320457339286808 0.08130395412445068
vn -0.82820755243301392 -0.508328914642334 0.23595327138900756
vn -0.74543416500091552 -0.55611813068389896 0.36750581860542296
vn -0.63150626420974728 -0.62189441919326784 0.4630843698978424
vn -0.4975760579109192 -0.69921910762786864 0.51333296298980712
vn -0.35675346851348876 -0.78052306175231936 0.51333296298980712
vn -0.22282323241233824 -0.85784769058227536 0.4630843698978424
vn -0.10889537632465362 -0.92362397909164432 0.36750581860542296
vn -0.0261219423264265 -0.97141325473785408 0.23595327138900756
vn 0.01739462837576866 -0.9965375661849976 0.08130395412445068
vn -0.92969477176666256 0.356876403093338 0.09114187955856324
vn -0.8787668943405152 0.39195075631141664 0.27229276299476624
vn -0.91739249229431152 0.34903073310852052 0.19122907519340516
vn -0.85781282186508176 0.31488263607025148 0.4062093794345856
vn -0.7823312282562256 0.43510469794273376 0.44569242000579832
vn -0.76055735349655152 0.25922486186027528 0.59527719020843504
vn -0.63956004381179808 0.229775533080101 0.7335980534553528
vn -0.70685315132141112 0.22747009992599488 0.66978800296783448
vn -0.55869388580322264 0.14214925467967988 0.81710141897201536
vn -0.46137556433677672 0.25367471575737 0.85016572475433344
vn -0.38691669702529904 0.04350331798195839 0.92108792066574096
vn -0.22930003702640532 -0.03347105905413627 0.9727801084518432
vn -0.31064531207084656 -0.00128345936536788 0.95052504539489744
vn -0.11764047294855118 -0.11252716928720474 0.98666018247604368
vn -0.00494032492861151 -0.00855689402669668 0.99995118379592896
vn 0.07759317755699158 -0.22471390664577484 0.97133052349090576
vn 0.08566322922706604 -0.21531517803668976 0.9727801084518432
vn 0.2311333268880844 -0.31332802772521972 0.92108792066574096
vn 0.4503765106201172 -0.27272561192512512 0.85016572475433344
vn 0.33507779240608216 -0.37393546104431152 0.86480933427810672
vn 0.49455419182777408 -0.46550896763801576 0.7339738011360168
vn 0.51877146959304808 -0.43898749351501464 0.7335980534553528
vn 0.60477399826049808 -0.52904957532882688 0.59527719020843504
vn 0.7679773569107056 -0.45996636152267456 0.44569242000579832
vn 0.66574770212173464 -0.56487625837326048 0.48753958940505984
vn 0.74242717027664192 -0.60867816209793088 0.2798442542552948
vn 0.77882277965545648 -0.56505906581878664 0.27229276299476624
vn 0.77391141653060912 -0.62670111656188968 0.09114187955856324
vn 0.85218757390975952 -0.51504004001617432 -0.09225000441074372
vn 0.77670395374298096 -0.6289624571800232 -0.03372125700116157
vn 0.74799889326095584 -0.61195182800292968 -0.25692915916442872
vn 0.78962785005569456 -0.54962712526321408 -0.2727598249912262
vn 0.6878778338432312 -0.57702958583831784 -0.44029644131660464
vn 0.67695361375808712 -0.4229010343551636 -0.60240226984024048
vn 0.63517433404922488 -0.54727303981781008 -0.54501909017562864
vn 0.5096203684806824 -0.4743779003620148 -0.71781104803085328
vn 0.54994982481002808 -0.39204093813896176 -0.73746806383132928
vn 0.37244591116905216 -0.3949148952960968 -0.83983701467514032
vn 0.293713241815567 -0.2132403403520584 -0.9318053126335144
vn 0.28295782208442688 -0.34394064545631408 -0.89534336328506464
vn 0.09769254177808762 -0.23660242557525636 -0.9666827321052552
vn 0.13389234244823456 -0.13512958586215972 -0.9817396998405456
vn -0.07789168506860733 -0.13491235673427582 -0.98779124021530144
vn -0.18397182226181032 0.04838937148451805 -0.9817396998405456
vn -0.17592048645019532 -0.07902420312166214 -0.98122739791870112
vn -0.36612719297409056 0.03113569319248199 -0.93004381656646736
vn -0.33152815699577332 0.14774295687675476 -0.9318053126335144
vn -0.528229296207428 0.12509018182754516 -0.83983701467514032
vn -0.6144922971725464 0.28025004267692564 -0.73746806383132928
vn -0.60593354701995848 0.16922973096370698 -0.7773067951202392
vn -0.74485665559768672 0.24974979460239412 -0.6187192797660828
vn -0.70471984148025512 0.37480849027633664 -0.60240226984024048
vn -0.84366118907928464 0.30720487236976624 -0.44029644131660464
vn -0.8708049654960632 0.40902420878410336 -0.2727598249912262
vn -0.88007974624633792 0.327496737241745 -0.34381026029586792
vn -0.92664629220962528 0.35466343164443968 -0.12466135621070862
vn -0.87213152647018432 0.48049610853195192 -0.09225000441074372
vn -0.9952431321144104 0.05215848237276077 0.08228393644094467
vn -0.96905511617660528 0.03703884780406952 0.24404971301555632
vn -0.91757100820541376 0.0073144631460309 0.39750468730926512
vn -0.84254390001296992 -0.03600244596600532 0.53742307424545288
vn -0.74652880430221552 -0.09143677353858948 0.6590402126312256
vn -0.63279545307159424 -0.15710076689720154 0.75821453332901008
vn -0.50521683692932128 -0.23075832426548004 0.83156871795654304
vn -0.36813747882843016 -0.3099011182785034 0.87660485506057744
vn -0.22622549533843996 -0.3918340504169464 0.89178925752639776
vn -0.08431350439786911 -0.47376698255538944 0.87660485506057744
vn 0.05276583880186081 -0.552909791469574 0.83156871795654304
vn 0.18034447729587556 -0.62656730413436888 0.75821453332901008
vn 0.29407784342765808 -0.69223129749298096 0.6590402126312256
vn 0.39009290933609008 -0.74766564369201664 0.53742307424545288
vn 0.46512001752853392 -0.7909825444221496 0.39750468730926512
vn 0.51660412549972536 -0.82070696353912352 0.24404971301555632
vn 0.54279214143753048 -0.83582657575607296 0.08228393644094467
vn 0.54279214143753048 -0.83582657575607296 -0.08228393644094467
vn 0.51660412549972536 -0.82070696353912352 -0.24404971301555632
vn 0.46512001752853392 -0.7909825444221496 -0.39750468730926512
vn 0.39009290933609008 -0.74766564369201664 -0.53742307424545288
vn 0.29407784342765808 -0.69223129749298096 -0.6590402126312256
vn 0.18034447729587556 -0.62656730413436888 -0.75821453332901008
vn 0.05276583880186081 -0.552909791469574 -0.83156871795654304
vn -0.08431350439786911 -0.47376698255538944 -0.87660485506057744
vn -0.22622549533843996 -0.3918340504169464 -0.89178925752639776
vn -0.36813747882843016 -0.3099011182785034 -0.87660485506057744
vn -0.50521683692932128 -0.23075832426548004 -0.83156871795654304
vn -0.63279545307159424 -0.15710076689720154 -0.75821453332901008
vn -0.74652880430221552 -0.09143677353858948 -0.6590402126312256
vn -0.84254390001296992 -0.03600244596600532 -0.53742307424545288
vn -0.91757100820541376 0.0073144631460309 -0.39750468730926512
vn -0.96905511617660528 0.03703884780406952 -0.24404971301555632
vn -0.9952431321144104 0.05215848237276077 -0.08228393644094467
vn -0.96385896205902096 -0.25826522707939148 0.06538289040327072
vn -0.94305002689361568 -0.27027931809425356 0.19392213225364684
vn -0.90214067697525024 -0.293898344039917 0.31585758924484252
vn -0.84252405166625984 -0.32831799983978272 0.4270369112491608
vn -0.76623040437698368 -0.37236616015434264 0.523673951625824
vn -0.6758577227592468 -0.42454284429550168 0.6024779677391052
vn -0.57448363304138184 -0.48307120800018312 0.66076529026031496
vn -0.46556025743484496 -0.54595816135406496 0.69655102491378784
vn -0.35279688239097596 -0.61106210947036744 0.70861655473709104
vn -0.24003347754478456 -0.67616611719131472 0.69655102491378784
vn -0.13111010193824768 -0.73905301094055168 0.66076529026031496
vn -0.02973600476980209 -0.79758137464523312 0.6024779677391052
vn 0.06063664332032204 -0.84975808858871456 0.523673951625824
vn 0.13693030178546906 -0.89380621910095216 0.4270369112491608
vn 0.19654689729213716 -0.92822587490081792 0.31585758924484252
vn 0.23745624721050264 -0.95184493064880368 0.19392213225364684
vn 0.25826522707939148 -0.96385896205902096 0.06538289040327072
vn 0.25826522707939148 -0.96385896205902096 -0.06538289040327072
vn 0.23745624721050264 -0.95184493064880368 -0.19392213225364684
vn 0.19654689729213716 -0.92822587490081792 -0.31585758924484252
vn 0.13693030178546906 -0.89380621910095216 -0.4270369112491608
vn 0.06063664332032204 -0.84975808858871456 -0.523673951625824
vn -0.02973600476980209 -0.79758137464523312 -0.6024779677391052
vn -0.13111010193824768 -0.73905301094055168 -0.66076529026031496
vn -0.24003347754478456 -0.67616611719131472 -0.69655102491378784
vn -0.35279688239097596 -0.61106210947036744 -0.70861655473709104
vn -0.46556025743484496 -0.54595816135406496 -0.69655102491378784
vn -0.57448363304138184 -0.48307120800018312 -0.66076529026031496
vn -0.6758577227592468 -0.42454284429550168 -0.6024779677391052
vn -0.76623040437698368 -0.37236616015434264 -0.523673951625824
vn -0.84252405166625984 -0.32831799983978272 -0.4270369112491608
vn -0.90214067697525024 -0.293898344039917 -0.31585758924484252
vn -0.94305002689361568 -0.27027931809425356 -0.19392213225364684
vn -0.96385896205902096 -0.25826522707939148 -0.06538289040327072
vn -0.8379294276237488 -0.54415774345397952 0.04203123971819877
vn -0.82455241680145264 -0.55188095569610592 0.1246623918414116
vn -0.79825395345687872 -0.56706440448760984 0.20304831862449644
vn -0.75992953777313232 -0.58919095993041992 0.274519681930542
vn -0.71088433265686032 -0.61750727891922 0.33664259314537048
vn -0.652788519859314 -0.65104889869689944 0.38730156421661376
vn -0.5876203775405884 -0.68867373466491696 0.42477142810821536
vn -0.51759928464889528 -0.72910046577453616 0.4477762281894684
vn -0.44510957598686216 -0.77095240354537968 0.4555325210094452
vn -0.37261986732482912 -0.8128043413162232 0.4477762281894684
vn -0.3025987446308136 -0.85323107242584224 0.42477142810821536
vn -0.2374306321144104 -0.89085584878921504 0.38730156421661376
vn -0.17933478951454162 -0.92439752817153936 0.33664259314537048
vn -0.13028958439826966 -0.95271378755569456 0.274519681930542
vn -0.0919651985168457 -0.97484040260314944 0.20304831862449644
vn -0.06566671282052994 -0.99002385139465328 0.1246623918414116
vn -0.05228970572352409 -0.99774706363677984 0.04203123971819877
vn -0.05228970572352409 -0.99774706363677984 -0.04203123971819877
vn -0.06566671282052994 -0.99002385139465328 -0.1246623918414116
vn -0.0919651985168457 -0.97484040260314944 -0.20304831862449644
vn -0.13028958439826966 -0.95271378755569456 -0.274519681930542
vn -0.17933478951454162 -0.92439752817153936 -0.33664259314537048
vn -0.2374306321144104 -0.89085584878921504 -0.38730156421661376
vn -0.3025987446308136 -0.85323107242584224 -0.42477142810821536
vn -0.37261986732482912 -0.8128043413162232 -0.4477762281894684
vn -0.44510957598686216 -0.77095240354537968 -0.4555325210094452
vn -0.51759928464889528 -0.72910046577453616 -0.4477762281894684
vn -0.5876203775405884 -0.68867373466491696 -0.42477142810821536
vn -0.652788519859314 -0.65104889869689944 -0.38730156421661376
vn -0.71088433265686032 -0.61750727891922 -0.33664259314537048
vn -0.75992953777313232 -0.58919095993041992 -0.274519681930542
vn -0.79825395345687872 -0.56706440448760984 -0.20304831862449644
vn -0.82455241680145264 -0.55188095569610592 -0.1246623918414116
vn -0.8379294276237488 -0.54415774345397952 -0.04203123971819877
vn -0.62925428152084352 -0.77706432342529296 0.01449426542967558
vn -0.62464129924774168 -0.77972763776779168 0.04298920929431915
vn -0.61557239294052128 -0.78496354818344112 0.07002021372318268
vn -0.60235643386840824 -0.79259383678436272 0.0946667566895485
vn -0.5854434370994568 -0.8023585677146912 0.11608953773975372
vn -0.5654093623161316 -0.81392520666122432 0.13355903327465058
vn -0.54293644428253176 -0.82689994573593136 0.14648033678531646
vn -0.51879000663757328 -0.84084087610244752 0.15441341698169708
vn -0.49379229545593264 -0.85527336597442624 0.15708814561367034
vn -0.468794584274292 -0.86970579624176032 0.15441341698169708
vn -0.44464814662933352 -0.88364672660827632 0.14648033678531646
vn -0.42217522859573368 -0.89662146568298336 0.13355903327465058
vn -0.40150120854377744 -0.9085752367973328 0.1152728646993637
vn -0.40656512975692752 -0.90683603286743168 0.1111452430486679
vn -0.38522818684577944 -0.91795283555984496 0.0946667566895485
vn -0.372012197971344 -0.92558312416076656 0.07002021372318268
vn -0.36294329166412352 -0.930819034576416 0.04298920929431915
vn -0.35833030939102172 -0.93348234891891472 0.01449426542967558
vn -0.35833030939102172 -0.93348234891891472 -0.01449426542967558
vn -0.36294329166412352 -0.930819034576416 -0.04298920929431915
vn -0.372012197971344 -0.92558312416076656 -0.07002021372318268
vn -0.38522818684577944 -0.91795283555984496 -0.0946667566895485
vn -0.4021411836147308 -0.90818816423416144 -0.11608953773975372
vn -0.42217522859573368 -0.89662146568298336 -0.13355903327465058
vn -0.44464814662933352 -0.88364672660827632 -0.14648033678531646
vn -0.468794584274292 -0.86970579624176032 -0.15441341698169708
vn -0.49379229545593264 -0.85527336597442624 -0.15708814561367034
vn -0.51879000663757328 -0.84084087610244752 -0.15441341698169708
vn -0.54293644428253176 -0.82689994573593136 -0.14648033678531646
vn -0.5654093623161316 -0.81392520666122432 -0.13355903327465058
vn -0.5854434370994568 -0.8023585677146912 -0.11608953773975372
vn -0.6051306128501892 -0.79107069969177248 -0.08957705646753311
vn -0.58944302797317504 -0.80363184213638304 -0.08205375075340271
vn -0.61557239294052128 -0.78496354818344112 -0.07002021372318268
vn -0.62464129924774168 -0.77972763776779168 -0.04298920929431915
vn -0.62925428152084352 -0.77706432342529296 -0.01449426542967558
vn -0.5974314212799072 -0.79553675651550288 -0.10097981989383698
vn -0.4114418029785156 -0.90293753147125248 0.12417508661746978
vn -0.93304949998855584 0.35816413164138792 -0.03372125700116157
vn -0.90396529436111456 0.34181013703346252 -0.25692915916442872
vn -0.79153949022293088 0.27644056081771852 -0.54501909017562864
vn -0.66563349962234496 0.20415522158145904 -0.71781104803085328
vn -0.43934026360511776 0.07307833433151245 -0.89534336328506464
vn -0.25374999642372132 -0.03369699046015739 -0.9666827321052552
vn 0.01952327974140644 -0.19186371564865112 -0.98122739791870112
vn 0.21002788841724396 -0.30150759220123292 -0.93004381656646736
vn 0.4495240151882172 -0.4401389956474304 -0.7773067951202392
vn 0.5887179970741272 -0.52018994092941288 -0.6187192797660828
vn 0.72366040945053104 -0.59842306375503544 -0.34381026029586792
vn 0.77047073841094976 -0.6251675486564636 -0.12466135621070862
vn 0.76096570491790768 -0.6199698448181152 0.19122907519340516
vn 0.70160275697708128 -0.58544641733169552 0.4062093794345856
vn 0.55042147636413576 -0.49841773509979248 0.66978800296783448
vn 0.40245181322097776 -0.41276848316192624 0.81710141897201536
vn 0.1542111337184906 -0.26966845989227296 0.95052504539489744
vn -0.03863114863634109 -0.15814322233200074 0.98666018247604368
vn -0.23340453207492828 -0.04515928775072098 0.97133052349090576
vn -0.491376519203186 0.10321815311908722 0.86480933427810672
vn -0.6504197120666504 0.19554202258586884 0.7339738011360168
vn -0.82207101583480832 0.2941162884235382 0.48753958940505984
vn -0.898344337940216 0.33862170577049256 0.2798442542552948
vn 0.1695675551891327 -0.06974159926176071 0.9830477833747864
vn 0.06868299096822739 -0.07107923924922943 0.99510318040847776
vn 0.03999604657292366 -0.02309172973036766 0.99893295764923088
vn 0.4183689653873444 -0.24154543876647948 0.87557023763656624
vn 0.2775365114212036 -0.1616811454296112 0.94701248407363888
vn 0.32538691163063048 -0.15866568684577942 0.93217408657073968
vn 0.23532545566558836 -0.1358652114868164 0.962373435497284
vn 0.58945345878601072 -0.31722918152809144 0.74290663003921504
vn 0.52211731672286984 -0.33156365156173708 0.78578567504882816
vn 0.48936426639556888 -0.27601337432861328 0.82724797725677488
vn 0.45912617444992064 -0.2650766372680664 0.84790182113647456
vn 0.75316888093948368 -0.43484222888946536 0.49360805749893192
vn 0.66846507787704464 -0.39097687602043152 0.63268595933914184
vn 0.70256817340850832 -0.37871721386909488 0.60247093439102176
vn 0.63647305965423584 -0.36746788024902344 0.67813670635223392
vn 0.83702206611633296 -0.4681279361248016 0.28328475356101988
vn 0.80654525756835936 -0.4925130605697632 0.32697951793670656
vn 0.79376059770584112 -0.44813385605812072 0.41124215722084048
vn 0.7785878777503968 -0.44951790571212768 0.43787506222724912
vn 0.86552053689956672 -0.49970850348472592 -0.03414110839366913
vn 0.85496139526367184 -0.50317913293838504 0.12590380012989044
vn 0.8719793558120728 -0.48077210783958432 0.09225058555603028
vn 0.8496385216712952 -0.49053904414176944 0.19361253082752228
vn 0.83805614709854128 -0.47958773374557496 -0.2601105272769928
vn 0.83210003376007088 -0.50204259157180784 -0.23571756482124328
vn 0.8612059950828552 -0.4972175061702728 -0.10535171627998352
vn 0.86376816034317024 -0.4878288507461548 -0.12620444595813752
vn 0.72224098443984992 -0.41698601841926576 -0.55180668830871584
vn 0.7796939015388488 -0.46518620848655704 -0.41914102435112
vn 0.78228306770324704 -0.43519061803817752 -0.44569307565689088
vn 0.81186354160308832 -0.4687296152114868 -0.34809505939483644
vn 0.5949116349220276 -0.3434723913669586 -0.7267096042633056
vn 0.68184840679168704 -0.39366537332534792 -0.61653089523315432
vn 0.67881214618682864 -0.38321903347969056 -0.62638425827026368
vn 0.36564776301383976 -0.21110683679580688 -0.90649634599685664
vn 0.45948472619056704 -0.25698626041412352 -0.85019516944885248
vn 0.4631551504135132 -0.27901870012283324 -0.84121096134185792
vn 0.53479278087615968 -0.30763533711433412 -0.78699249029159552
vn 0.54095834493637088 -0.31232243776321412 -0.7809089422225952
vn 0.17790091037750244 -0.10271114110946656 -0.97867345809936528
vn 0.29507505893707276 -0.17036165297031402 -0.94016361236572272
vn 0.29321953654289244 -0.16566883027553558 -0.94158172607421872
vn -0.0987650603055954 0.05742466449737549 -0.99345248937606816
vn -0.00078908103751018 -0.00136672845110297 -0.99999874830245968
vn 0.10014380514621734 -0.05781805515289307 -0.99329161643981936
vn 0.09911374747753144 -0.05682072043418884 -0.99345248937606816
vn -0.29008319973945616 0.1711011677980423 -0.94158172607421872
vn -0.1832333207130432 0.10168968141078948 -0.97779583930969232
vn -0.17790091037750244 0.10271114110946656 -0.97867345809936528
vn -0.47321483492851256 0.2615947723388672 -0.84121096134185792
vn -0.533816397190094 0.30932646989822388 -0.78699249029159552
vn -0.45229899883270264 0.26943230628967284 -0.85019516944885248
vn -0.3722330331802368 0.21236886084079744 -0.90351647138595584
vn -0.36564776301383976 0.21110683679580688 -0.90649634599685664
vn -0.67128348350524904 0.39625903964042664 -0.62638425827026368
vn -0.60838538408279416 0.33825048804283144 -0.71795117855072024
vn -0.5949116349220276 0.3434723913669586 -0.7267096042633056
vn -0.768027663230896 0.45988169312477112 -0.44569307565689088
vn -0.81186354160308832 0.4687296152114868 -0.34809505939483644
vn -0.73229467868804928 0.41634342074394224 -0.53889024257659912
vn -0.72224098443984992 0.41698601841926576 -0.55180668830871584
vn -0.85435628890991216 0.50413078069686888 -0.12620444595813752
vn -0.85083162784576416 0.46959850192070008 -0.23571756482124328
vn -0.83436322212219232 0.48598405718803408 -0.2601105272769928
vn -0.81721532344818112 0.47181949019432064 -0.33097663521766664
vn -0.85235053300857536 0.51477020978927616 0.09225058555603028
vn -0.8496385216712952 0.49053904414176944 0.19361253082752228
vn -0.87082666158676144 0.4914812743663788 -0.01034712232649326
vn -0.86552053689956672 0.49970850348472592 -0.03414110839366913
vn -0.82980144023895264 0.45223218202590944 0.32697951793670656
vn -0.78497558832168576 0.4633499383926392 0.41124215722084048
vn -0.82392174005508416 0.49081841111183168 0.28328475356101988
vn -0.84487837553024288 0.48779076337814328 0.21963757276535036
vn -0.67926281690597536 0.41908326745033264 0.60247093439102176
vn -0.63647305965423584 0.36746788024902344 0.67813670635223392
vn -0.74632668495178224 0.4138222932815552 0.52129411697387696
vn -0.75316888093948368 0.43484222888946536 0.49360805749893192
vn -0.54820120334625248 0.28638502955436708 0.78578567504882816
vn -0.48371672630310056 0.2857952117919922 0.82724797725677488
vn -0.56945526599884032 0.35186710953712464 0.74290663003921504
vn -0.61553257703781128 0.35537791252136232 0.7034388184547424
vn -0.30010196566581728 0.20246048271656036 0.93217408657073968
vn -0.23532545566558836 0.1358652114868164 0.962373435497284
vn -0.3974628746509552 0.20569337904453276 0.89426702260971072
vn -0.4183689653873444 0.24154543876647948 0.87557023763656624
vn -0.09589792042970658 0.02394159324467182 0.99510318040847776
vn -0.03999604657292366 0.02309172973036766 0.99893295764923088
vn -0.19894401729106904 0.11486037820577622 0.97325658798217776
vn -0.14518177509307862 0.11197900772094726 0.9830477833747864
vn -0.2787882387638092 0.15951310098171234 0.94701248407363888
vn -0.45912617444992064 0.2650766372680664 0.84790182113647456
vn -0.67282843589782712 0.38341930508613584 0.63268595933914184
vn -0.7785878777503968 0.44951790571212768 0.43787506222724912
vn -0.86324661970138544 0.488828718662262 0.12590380012989044
vn -0.8612059950828552 0.4972175061702728 -0.10535171627998352
vn -0.79271000623703008 0.44264164566993712 -0.41914102435112
vn -0.68184840679168704 0.39366537332534792 -0.61653089523315432
vn -0.54095834493637088 0.31232243776321412 -0.7809089422225952
vn -0.29507505893707276 0.17036165297031402 -0.94016361236572272
vn -0.10014380514621734 0.05781805515289307 -0.99329161643981936
vn 0.17968250811100006 -0.10783987492322922 -0.97779583930969232
vn 0.37003335356712344 -0.21617883443832396 -0.90351647138595584
vn 0.59712618589401248 -0.35775193572044372 -0.71795117855072024
vn 0.72671133279800416 -0.42601406574249264 -0.53889024257659912
vn 0.81721532344818112 -0.47181949019432064 -0.33097663521766664
vn 0.86104863882064816 -0.50841736793518064 -0.01034712232649326
vn 0.84487837553024288 -0.48779076337814328 0.21963757276535036
vn 0.7315439581871032 -0.43942672014236448 0.52129411697387696
vn 0.61553257703781128 -0.35537791252136232 0.7034388184547424
vn 0.37686711549758912 -0.24136626720428468 0.89426702260971072
vn 0.19894401729106904 -0.11486037820577622 0.97325658798217776
vn -0.15918810665607452 -0.0879296213388443 0.9833247065544128
vn -0.38180175423622128 -0.12339382618665696 0.91597020626068112
vn -0.27465069293975832 -0.02191438525915145 0.96129429340362544
vn -0.46046739816665648 0.08581953495740891 0.88351839780807488
vn -0.4983685910701752 0.03016242757439613 0.86644041538238528
vn -0.60668057203292848 0.17043028771877288 0.77646130323410032
vn -0.76801002025604256 0.12124526500701904 0.62885624170303344
vn -0.68614578247070312 0.21558547019958496 0.694785475730896
vn -0.80799013376235968 0.28629446029663084 0.51496356725692752
vn -0.85669285058975216 0.18464183807373048 0.48164793848991392
vn -0.88627994060516352 0.33185705542564392 0.32307693362236024
vn -0.9523113369941712 0.27206882834434508 0.13813646137714386
vn -0.91268610954284672 0.34632876515388488 0.21693420410156248
vn -0.93344163894653328 0.35858362913131712 -0.01022064033895731
vn -0.9737259149551392 0.22313454747200012 -0.04548456892371178
vn -0.90921545028686528 0.34509885311126708 -0.232882097363472
vn -0.86515647172927856 0.29081141948699952 -0.40857440233230592
vn -0.88537079095840448 0.33053559064865112 -0.32690182328224184
vn -0.82290208339691168 0.12889228761196136 -0.55337059497833248
vn -0.79868924617767328 0.2806711196899414 -0.53227740526199344
vn -0.67335665225982664 0.2087930291891098 -0.70922231674194336
vn -0.6867385506629944 0.16191281378269196 -0.70864266157150272
vn -0.54036706686019896 0.13214415311813354 -0.83098816871643072
vn -0.45198225975036624 -0.07088761031627655 -0.88920581340789792
vn -0.44474512338638304 0.07623536139726639 -0.89240682125091552
vn -0.25724267959594728 -0.03162693232297897 -0.96582913398742672
vn -0.2862708270549774 -0.12991008162498474 -0.94930100440979008
vn -0.0778716653585434 -0.13487768173217774 -0.98779755830764768
vn 0.03062998130917549 -0.31287285685539244 -0.94930100440979008
vn 0.02071049809455871 -0.19255442917346956 -0.98106771707534784
vn 0.2133857160806656 -0.30349370837211608 -0.92863237857818608
vn 0.1646006554365158 -0.42687192559242248 -0.88920581340789792
vn 0.38462373614311216 -0.40189951658248904 -0.83098816871643072
vn 0.48358988761901856 -0.5137766003608704 -0.70864266157150272
vn 0.45608407258987424 -0.44394916296005248 -0.77129530906677248
vn 0.59535092115402224 -0.52414363622665408 -0.60895872116088864
vn 0.52307504415512088 -0.64820796251297 -0.55337059497833248
vn 0.69876587390899656 -0.58333742618560792 -0.4140576720237732
vn 0.68442827463150024 -0.60384178161621096 -0.40857440233230592
vn 0.753472089767456 -0.61485421657562256 -0.232882097363472
vn 0.6801031231880188 -0.73170411586761472 -0.04548456892371178
vn 0.772453248500824 -0.62648880481719968 -0.10405642539262772
vn 0.77063888311386112 -0.62501883506774904 0.1243673712015152
vn 0.71177417039871216 -0.68869137763977048 0.13813646137714386
vn 0.7305366396903992 -0.60161244869232176 0.32307693362236024
vn 0.5882509350776672 -0.64959686994552616 0.48164793848991392
vn 0.6908142566680908 -0.57942241430282592 0.4324873387813568
vn 0.58438181877136232 -0.51764166355133056 0.6249359846115112
vn 0.48900648951530456 -0.60449355840682984 0.62885624170303344
vn 0.45093724131584168 -0.44018566608428952 0.77646130323410032
vn 0.27530571818351744 -0.41651865839958192 0.86644041538238528
vn 0.37526309490203856 -0.39727962017059328 0.8374643325805664
vn 0.19664087891578676 -0.29391056299209596 0.93538707494735712
vn 0.08403869718313217 -0.39234694838523864 0.91597020626068112
vn 0.00344476290047168 -0.18182575702667236 0.9833247065544128
vn -0.29959499835968016 -0.34936469793319704 0.88779902458190912
vn -0.44377532601356504 -0.26612216234207152 0.85571169853210448
vn -0.58009111881256104 -0.18742020428180696 0.79269665479660032
vn -0.70361554622650144 -0.11610332876443862 0.70103150606155392
vn -0.8098841905593872 -0.05474911630153656 0.58402925729751584
vn -0.89505612850189216 -0.00557506503537297 0.44591867923736576
vn -0.95605307817459104 0.02964154817163944 0.29169142246246336
vn -0.9906704425811768 0.04962790012359619 0.12692168354988098
vn -0.99765712022781376 0.05366163328289986 -0.04243532940745353
vn -0.97676044702529904 0.04159696027636528 -0.21025861799716948
vn -0.92873585224151616 0.01386992819607257 -0.37048262357711792
vn -0.85531896352767952 -0.02851733565330505 -0.51731640100479128
vn -0.75916326045989984 -0.08403284847736359 -0.64545303583145144
vn -0.64374411106109616 -0.150670126080513 -0.75026130676269536
vn -0.5132330060005188 -0.22602073848247528 -0.82795321941375728
vn -0.37234702706336976 -0.30736130475997924 -0.8757206797599792
vn -0.22617810964584352 -0.39175197482109072 -0.89183735847473152
vn -0.08000918477773666 -0.47614264488220216 -0.8757206797599792
vn 0.06087680906057358 -0.55748319625854496 -0.82795321941375728
vn 0.19138789176940916 -0.6328337788581848 -0.75026130676269536
vn 0.30680704116821288 -0.69947105646133424 -0.64545303583145144
vn 0.4029627442359924 -0.75498658418655392 -0.51731640100479128
vn 0.47637963294982912 -0.79737389087677008 -0.37048262357711792
vn 0.52440422773361208 -0.82510089874267584 -0.21025861799716948
vn 0.54530090093612672 -0.83716559410095216 -0.04243532940745353
vn 0.53831422328948976 -0.8331318497657776 0.12692168354988098
vn 0.50369685888290408 -0.81314545869827264 0.29169142246246336
vn 0.44269990921020504 -0.77792888879776 0.44591867923736576
vn 0.3575279414653778 -0.72875481843948368 0.58402925729751584
vn 0.25125932693481444 -0.66740059852600096 0.70103150606155392
vn 0.12773489952087402 -0.59608370065689088 0.79269665479660032
vn -0.00858089141547679 -0.51738178730010984 0.85571169853210448
vn -0.15276120603084564 -0.434139221906662 0.88779902458190912
vn -0.41109183430671688 -0.57729774713516232 0.70550042390823368
vn -0.52566647529602048 -0.5111480355262756 0.68000179529190064
vn -0.633991539478302 -0.4486065208911896 0.62992614507675168
vn -0.73215174674987792 -0.39193370938301088 0.5570833086967468
vn -0.81659936904907232 -0.34317782521247864 0.46410602331161496
vn -0.88428235054016112 -0.30410104990005492 0.35435473918914796
vn -0.93275433778762816 -0.276115745306015 0.23179617524147032
vn -0.96026343107223504 -0.26023334264755248 0.1008598804473877
vn -0.96581548452377312 -0.25702789425849916 -0.03372175619006157
vn -0.94920969009399408 -0.26661524176597596 -0.16708460450172424
vn -0.91104632616043088 -0.28864887356758116 -0.29440855979919432
vn -0.85270470380783088 -0.32233241200447084 -0.41109183430671688
vn -0.776293396949768 -0.36644849181175232 -0.5129172205924988
vn -0.6845741271972656 -0.4194026291370392 -0.59620440006256104
vn -0.5808619260787964 -0.4792809188365936 -0.65794318914413456
vn -0.46890512108802792 -0.5439192056655884 -0.69590222835540768
vn -0.35275021195411684 -0.610981285572052 -0.70870947837829592
vn -0.23659528791904448 -0.6780433654785156 -0.69590222835540768
vn -0.12463849782943726 -0.742681622505188 -0.65794318914413456
vn -0.02092626318335533 -0.8025599122047424 -0.59620440006256104
vn 0.07079298794269562 -0.85551404953002928 -0.5129172205924988
vn 0.14720427989959716 -0.89963012933731072 -0.41109183430671688
vn 0.20554591715335844 -0.93331372737884528 -0.29440855979919432
vn 0.24370928108692168 -0.9553473591804504 -0.16708460450172424
vn 0.26031506061553956 -0.9649346470832824 -0.03372175619006157
vn 0.25476303696632384 -0.96172922849655152 0.1008598804473877
vn 0.22725391387939452 -0.94584679603576656 0.23179617524147032
vn 0.1787819266319275 -0.91786152124404912 0.35435473918914796
vn 0.1110989823937416 -0.87878471612930304 0.46410602331161496
vn 0.02665132097899914 -0.83002883195877072 0.5570833086967468
vn -0.07150889933109283 -0.773356020450592 0.62992614507675168
vn -0.17983390390872956 -0.7108145356178284 0.68000179529190064
vn -0.29440855979919432 -0.64466482400894168 0.70550042390823368
vn -0.48259294033050536 -0.74925518035888672 0.45356449484825136
vn -0.55625271797180176 -0.70672768354415896 0.4371715188026428
vn -0.62589460611343384 -0.66651988029479984 0.4049779772758484
vn -0.68900156021118168 -0.63008511066436768 0.3581475019454956
vn -0.74329274892807008 -0.59874004125595096 0.29837265610694884
vn -0.78680592775344848 -0.57361769676208496 0.22781381011009216
vn -0.81796848773956304 -0.55562597513198856 0.1490211933851242
vn -0.83565402030944832 -0.54541522264480592 0.06484257429838181
vn -0.83922338485717776 -0.54335445165634152 -0.02167963609099388
vn -0.82854759693145744 -0.54951816797256472 -0.10741828382015228
vn -0.80401247739791872 -0.56368350982666016 -0.18927454948425292
vn -0.7665047645568848 -0.58533859252929688 -0.2642899453639984
vn -0.7173801064491272 -0.6137006878852844 -0.32975322008132936
vn -0.65841406583786008 -0.6477447748184204 -0.38329833745956424
vn -0.591737687587738 -0.68624037504196168 -0.422990083694458
vn -0.51976096630096432 -0.72779619693756096 -0.44739383459091184
vn -0.44508522748947144 -0.77091026306152336 -0.45562762022018432
vn -0.37040951848030088 -0.81402426958084112 -0.44739383459091184
vn -0.29843276739120484 -0.85558009147644048 -0.422990083694458
vn -0.23175641894340516 -0.89407569169998176 -0.38329833745956424
vn -0.17279033362865448 -0.9281197786331176 -0.32975322008132936
vn -0.1236657053232193 -0.95648187398910528 -0.2642899453639984
vn -0.08615800738334656 -0.97813695669174192 -0.18927454948425292
vn -0.06162287294864655 -0.99230235815048224 -0.10741828382015228
vn -0.05094706639647484 -0.99846601486206048 -0.02167963609099388
vn -0.05451644212007523 -0.99640524387359616 0.06484257429838181
vn -0.07220199704170227 -0.9861944913864136 0.1490211933851242
vn -0.1033645123243332 -0.96820276975631712 0.22781381011009216
vn -0.146877720952034 -0.9430804252624512 0.29837265610694884
vn -0.20116890966892244 -0.9117354154586792 0.3581475019454956
vn -0.26427587866783144 -0.87530058622360224 0.4049779772758484
vn -0.33391776680946352 -0.8350927829742432 0.4371715188026428
vn -0.40757754445075992 -0.79256534576416016 0.45356449484825136
vn -0.50672405958175656 -0.8477997779846192 0.15641701221466064
vn -0.53212648630142208 -0.8331336975097656 0.15076369047164916
vn -0.55614328384399416 -0.81926757097244256 0.13966138660907746
vn -0.57790648937225344 -0.8067025542259216 0.12351134419441224
vn -0.59662944078445432 -0.79589289426803584 0.1028972864151001
vn -0.61163544654846192 -0.78722912073135376 0.07856424897909164
vn -0.6223822236061096 -0.78102451562881472 0.05139169842004776
vn -0.62848126888275144 -0.77750319242477424 0.02236171811819076
vn -0.6297122240066528 -0.77679252624511712 -0.00747647508978843
vn -0.62603056430816648 -0.77891814708709712 -0.0370444506406784
vn -0.61756932735443112 -0.78380322456359856 -0.06527353823184967
vn -0.60463434457778928 -0.7912712097167968 -0.09114347398281098
vn -0.58769315481185912 -0.80105221271514896 -0.11371924728155136
vn -0.56735801696777344 -0.812792718410492 -0.13218490779399872
vn -0.5443639159202576 -0.82606840133666992 -0.1458730697631836
vn -0.51954185962677 -0.84039938449859616 -0.15428899228572846
vn -0.49378907680511472 -0.85526776313781744 -0.15712849795818328
vn -0.46803629398345944 -0.87013614177703856 -0.15428899228572846
vn -0.44321426749229432 -0.8844671845436096 -0.1458730697631836
vn -0.42022016644477848 -0.89774280786514288 -0.13218490779399872
vn -0.3998849987983704 -0.90948331356048576 -0.11371924728155136
vn -0.38294380903244016 -0.91926431655883792 -0.09114347398281098
vn -0.37000882625579832 -0.92673236131668096 -0.06527353823184967
vn -0.36154761910438536 -0.9316174387931824 -0.0370444506406784
vn -0.35786592960357668 -0.9337430596351624 -0.00747647508978843
vn -0.35909688472747804 -0.93303233385086064 0.02236171811819076
vn -0.36519593000411984 -0.9295110702514648 0.05139169842004776
vn -0.3759427070617676 -0.92330640554428096 0.07856424897909164
vn -0.39094874262809752 -0.91464269161224368 0.1028972864151001
vn -0.40967169404029848 -0.90383297204971312 0.12351134419441224
vn -0.43143486976623536 -0.89126801490783696 0.13966138660907746
vn -0.45545169711112976 -0.87740188837051392 0.15076369047164916
vn -0.48085412383079528 -0.86273580789566048 0.15641701221466064
vn 0.1183469220995903 -0.24881166219711304 0.96129429340362544
vn 0.30455559492111208 -0.35586670041084288 0.88351839780807488
vn 0.5297753810882568 -0.4864269495010376 0.694785475730896
vn 0.65193331241607664 -0.55659276247024536 0.51496356725692752
vn 0.75627255439758304 -0.61724495887756344 0.21693420410156248
vn 0.77726334333419792 -0.62909239530563352 -0.01022064033895731
vn 0.72893762588500976 -0.60148578882217408 -0.32690182328224184
vn 0.64241296052932736 -0.55134963989257816 -0.53227740526199344
vn 0.51749837398529056 -0.47874742746353152 -0.70922231674194336
vn 0.28839433193206788 -0.34704288840293884 -0.89240682125091552
vn 0.10123161226511002 -0.23859216272830964 -0.96582913398742672
vn -0.17711228132247924 -0.07834140211343765 -0.98106771707534784
vn -0.3695261180400848 0.03305059298872947 -0.92863237857818608
vn -0.61251330375671384 0.17300578951835632 -0.77129530906677248
vn -0.75159716606140144 0.25351718068122864 -0.60895872116088864
vn -0.8545679450035096 0.31348025798797608 -0.4140576720237732
vn -0.92878186702728272 0.35571974515914916 -0.10405642539262772
vn -0.92660158872604368 0.35488343238830568 0.1243673712015152
vn -0.84720164537429808 0.30855149030685424 0.4324873387813568
vn -0.74048173427581792 0.24726869165897368 0.6249359846115112
vn -0.53168576955795288 0.12634755671024322 0.8374643325805664
vn -0.35285446047782896 0.02334070950746536 0.93538707494735712
# 1164 vertex normals

g obj_62751636
s 1
f 1//1 2//1 3//1
f 1//2 4//2 2//2
f 1//3 5//3 4//3
f 1//4 6//4 5//4
f 1//5 7//5 6//5
f 1//6 8//6 7//6
f 1//7 9//7 8//7
f 1//8 10//8 9//8
f 1//9 11//9 10//9
f 1//10 12//10 11//10
f 1//11 13//11 12//11
f 1//12 14//12 13//12
f 1//13 15//13 14//13
f 1//14 16//14 15//14
f 1//15 17//15 16//15
f 1//16 18//16 17//16
f 1//17 19//17 18//17
f 1//18 20//18 19//18
f 1//19 21//19 20//19
f 1//20 3//20 21//20
f 11//21 12//21 22//21
f 10//22 11//22 23//22
f 9//23 10//23 24//23
f 8//24 9//24 25//24
f 7//25 8//25 26//25
f 6//26 7//26 27//26
f 5//27 6//27 28//27
f 4//28 5//28 29//28
f 2//29 4//29 30//29
f 3//30 2//30 31//30
f 21//31 3//31 32//31
f 20//32 21//32 33//32
f 19//33 20//33 34//33
f 18//34 19//34 35//34
f 17//35 18//35 36//35
f 16//36 17//36 37//36
f 15//37 16//37 38//37
f 14//38 15//38 39//38
f 13//39 14//39 40//39
f 12//40 13//40 41//40
f 41//40 22//40 12//40
f 40//39 41//39 13//39
f 39//38 40//38 14//38
f 38//37 39//37 15//37
f 37//36 38//36 16//36
f 36//35 37//35 17//35
f 35//34 36//34 18//34
f 34//33 35//33 19//33
f 33//32 34//32 20//32
f 32//31 33//31 21//31
f 31//30 32//30 3//30
f 30//29 31//29 2//29
f 29//28 30//28 4//28
f 28//27 29//27 5//27
f 27//26 28//26 6//26
f 26//25 27//25 7//25
f 25//24 26//24 8//24
f 24//23 25//23 9//23
f 23//22 24//22 10//22
f 22//21 23//21 11//21
f 42//41 43//41 28//41
f 43//42 44//42 29//42
f 44//43 45//43 30//43
f 45//44 46//44 31//44
f 46//45 47//45 32//45
f 47//46 48//46 33//46
f 48//47 49//47 34//47
f 49//48 50//48 35//48
f 50//49 51//49 36//49
f 51//50 52//50 37//50
f 52//51 53//51 38//51
f 53//52 54//52 39//52
f 54//53 55//53 40//53
f 55//54 56//54 41//54
f 56//55 57//55 22//55
f 57//56 58//56 23//56
f 58//57 59//57 24//57
f 59//58 60//58 25//58
f 60//59 61//59 26//59
f 61//60 42//60 27//60
f 27//60 26//60 61//60
f 26//59 25//59 60//59
f 25//58 24//58 59//58
f 24//57 23//57 58//57
f 23//56 22//56 57//56
f 22//55 41//55 56//55
f 41//54 40//54 55//54
f 40//53 39//53 54//53
f 39//52 38//52 53//52
f 38//51 37//51 52//51
f 37//50 36//50 51//50
f 36//49 35//49 50//49
f 35//48 34//48 49//48
f 34//47 33//47 48//47
f 33//46 32//46 47//46
f 32//45 31//45 46//45
f 31//44 30//44 45//44
f 30//43 29//43 44//43
f 29//42 28//42 43//42
f 28//41 27//41 42//41
f 62//61 52//61 63//61
f 52//61 64//61 63//61
f 63//61 65//61 66//61
f 50//61 67//61 68//61
f 53//61 52//61 62//61
f 52//61 68//61 64//61
f 68//61 52//61 51//61
f 69//61 70//61 71//61
f 72//61 73//61 74//61
f 62//61 75//61 53//61
f 68//61 51//61 50//61
f 76//61 77//61 78//61
f 69//61 79//61 80//61
f 71//61 81//61 69//61
f 70//61 82//61 83//61
f 84//61 85//61 86//61
f 72//61 87//61 88//61
f 72//61 89//61 73//61
f 72//61 90//61 91//61
f 63//61 66//61 62//61
f 78//61 92//61 76//61
f 69//61 93//61 79//61
f 83//61 71//61 70//61
f 86//61 94//61 95//61
f 86//61 96//61 84//61
f 97//61 84//61 96//61
f 98//61 88//61 99//61
f 72//61 100//61 87//61
f 91//61 89//61 72//61
f 90//61 101//61 102//61
f 101//61 54//61 53//61
f 90//61 57//61 56//61
f 103//61 92//61 48//61
f 104//61 105//61 78//61
f 81//61 93//61 69//61
f 70//61 95//61 106//61
f 86//61 107//61 94//61
f 86//61 108//61 96//61
f 109//61 110//61 111//61
f 111//61 110//61 97//61
f 98//61 112//61 113//61
f 98//61 114//61 115//61
f 88//61 98//61 72//61
f 102//61 91//61 90//61
f 50//61 116//61 67//61
f 101//61 56//61 55//61
f 90//61 58//61 57//61
f 90//61 60//61 59//61
f 47//61 117//61 103//61
f 108//61 104//61 118//61
f 104//61 108//61 105//61
f 92//61 119//61 120//61
f 70//61 121//61 82//61
f 95//61 70//61 86//61
f 85//61 122//61 86//61
f 96//61 111//61 97//61
f 115//61 112//61 98//61
f 74//61 100//61 72//61
f 55//61 54//61 101//61
f 59//61 58//61 90//61
f 65//61 63//61 123//61
f 46//61 109//61 124//61
f 47//61 125//61 117//61
f 47//61 124//61 126//61
f 48//61 92//61 127//61
f 49//61 127//61 116//61
f 77//61 104//61 78//61
f 92//61 128//61 119//61
f 106//61 121//61 70//61
f 111//61 129//61 109//61
f 99//61 114//61 98//61
f 56//61 101//61 90//61
f 123//61 130//61 131//61
f 90//61 109//61 43//61
f 109//61 132//61 124//61
f 126//61 125//61 47//61
f 116//61 50//61 49//61
f 118//61 133//61 108//61
f 92//61 103//61 128//61
f 122//61 107//61 86//61
f 69//61 134//61 135//61
f 75//61 101//61 53//61
f 123//61 113//61 130//61
f 90//61 42//61 61//61
f 109//61 44//61 43//61
f 109//61 46//61 45//61
f 109//61 136//61 132//61
f 109//61 137//61 138//61
f 127//61 49//61 48//61
f 120//61 76//61 92//61
f 109//61 139//61 110//61
f 135//61 109//61 69//61
f 123//61 131//61 65//61
f 43//61 42//61 90//61
f 124//61 47//61 46//61
f 109//61 129//61 137//61
f 133//61 96//61 108//61
f 135//61 139//61 109//61
f 61//61 60//61 90//61
f 138//61 136//61 109//61
f 80//61 134//61 69//61
f 45//61 44//61 109//61
f 113//61 123//61 98//61
f 48//61 47//61 103//61
f 140//62 98//62 123//62
f 123//62 141//62 140//62
f 70//63 142//63 143//63
f 143//63 86//63 70//63
f 144//64 116//64 127//64
f 127//64 145//64 144//64
f 108//30 86//30 143//30
f 105//29 108//29 146//29
f 78//28 105//28 147//28
f 92//27 78//27 148//27
f 127//26 92//26 149//26
f 149//26 145//26 127//26
f 148//27 149//27 92//27
f 147//28 148//28 78//28
f 146//29 147//29 105//29
f 143//30 146//30 108//30
f 143//65 150//65 151//65
f 150//66 152//66 153//66
f 152//67 154//67 155//67
f 154//68 156//68 157//68
f 156//69 158//69 159//69
f 146//70 151//70 160//70
f 151//71 153//71 161//71
f 153//72 155//72 162//72
f 155//73 157//73 163//73
f 157//74 159//74 164//74
f 147//75 160//75 165//75
f 160//76 161//76 166//76
f 161//77 162//77 167//77
f 162//78 163//78 168//78
f 163//41 164//41 169//41
f 148//79 165//79 170//79
f 165//80 166//80 171//80
f 166//81 167//81 172//81
f 167//82 168//82 173//82
f 168//83 169//83 174//83
f 145//84 173//84 174//84
f 145//85 172//85 173//85
f 145//86 171//86 172//86
f 145//87 170//87 171//87
f 145//88 149//88 170//88
f 174//83 173//83 168//83
f 173//82 172//82 167//82
f 172//81 171//81 166//81
f 171//80 170//80 165//80
f 170//79 149//79 148//79
f 169//41 168//41 163//41
f 168//78 167//78 162//78
f 167//77 166//77 161//77
f 166//76 165//76 160//76
f 165//75 148//75 147//75
f 164//74 163//74 157//74
f 163//73 162//73 155//73
f 162//72 161//72 153//72
f 161//71 160//71 151//71
f 160//70 147//70 146//70
f 159//69 157//69 156//69
f 157//68 155//68 154//68
f 155//67 153//67 152//67
f 153//66 151//66 150//66
f 151//65 146//65 143//65
f 175//89 176//89 158//89
f 177//90 175//90 156//90
f 178//91 177//91 154//91
f 179//92 178//92 152//92
f 142//93 179//93 150//93
f 150//93 143//93 142//93
f 152//92 150//92 179//92
f 154//91 152//91 178//91
f 156//90 154//90 177//90
f 158//89 156//89 175//89
f 180//61 181//61 158//61
f 158//61 176//61 180//61
f 182//94 140//94 141//94
f 183//95 182//95 184//95
f 185//96 183//96 186//96
f 187//97 185//97 188//97
f 180//98 187//98 189//98
f 189//98 181//98 180//98
f 188//97 189//97 187//97
f 186//96 188//96 185//96
f 184//95 186//95 183//95
f 141//94 184//94 182//94
f 159//99 158//99 181//99
f 164//100 159//100 190//100
f 169//101 164//101 191//101
f 174//102 169//102 192//102
f 145//103 174//103 193//103
f 193//103 144//103 145//103
f 192//102 193//102 174//102
f 191//101 192//101 169//101
f 190//100 191//100 164//100
f 181//99 190//99 159//99
f 194//21 141//21 123//21
f 195//22 194//22 63//22
f 196//23 195//23 64//23
f 197//24 196//24 68//24
f 144//25 197//25 67//25
f 67//25 116//25 144//25
f 68//24 67//24 197//24
f 64//23 68//23 196//23
f 63//22 64//22 195//22
f 123//21 63//21 194//21
f 181//104 189//104 198//104
f 189//105 188//105 199//105
f 188//106 186//106 200//106
f 186//107 184//107 201//107
f 184//108 141//108 194//108
f 190//109 198//109 202//109
f 198//110 199//110 203//110
f 199//111 200//111 204//111
f 200//112 201//112 205//112
f 201//113 194//113 195//113
f 191//60 202//60 206//60
f 202//114 203//114 207//114
f 203//115 204//115 208//115
f 204//116 205//116 209//116
f 205//117 195//117 196//117
f 192//118 206//118 210//118
f 206//119 207//119 211//119
f 207//120 208//120 212//120
f 208//121 209//121 213//121
f 209//122 196//122 197//122
f 144//123 213//123 197//123
f 144//124 212//124 213//124
f 144//125 211//125 212//125
f 144//126 210//126 211//126
f 144//127 193//127 210//127
f 197//122 213//122 209//122
f 213//121 212//121 208//121
f 212//120 211//120 207//120
f 211//119 210//119 206//119
f 210//118 193//118 192//118
f 196//117 209//117 205//117
f 209//116 208//116 204//116
f 208//115 207//115 203//115
f 207//114 206//114 202//114
f 206//60 192//60 191//60
f 195//113 205//113 201//113
f 205//112 204//112 200//112
f 204//111 203//111 199//111
f 203//110 202//110 198//110
f 202//109 191//109 190//109
f 194//108 201//108 184//108
f 201//107 200//107 186//107
f 200//106 199//106 188//106
f 199//105 198//105 189//105
f 198//104 190//104 181//104
f 62//41 66//41 214//41
f 66//42 65//42 215//42
f 65//43 131//43 216//43
f 131//44 130//44 217//44
f 130//45 113//45 218//45
f 113//46 112//46 219//46
f 112//47 115//47 220//47
f 115//48 114//48 221//48
f 114//49 99//49 222//49
f 99//50 88//50 223//50
f 88//51 87//51 224//51
f 87//52 100//52 225//52
f 100//53 74//53 226//53
f 74//54 73//54 227//54
f 73//55 89//55 228//55
f 89//56 91//56 229//56
f 91//57 102//57 230//57
f 102//58 101//58 231//58
f 101//59 75//59 232//59
f 75//60 62//60 233//60
f 233//60 232//60 75//60
f 232//59 231//59 101//59
f 231//58 230//58 102//58
f 230//57 229//57 91//57
f 229//56 228//56 89//56
f 228//55 227//55 73//55
f 227//54 226//54 74//54
f 226//53 225//53 100//53
f 225//52 224//52 87//52
f 224//51 223//51 88//51
f 223//50 222//50 99//50
f 222//49 221//49 114//49
f 221//48 220//48 115//48
f 220//47 219//47 112//47
f 219//46 218//46 113//46
f 218//45 217//45 130//45
f 217//44 216//44 131//44
f 216//43 215//43 65//43
f 215//42 214//42 66//42
f 214//41 233//41 62//41
f 234//21 235//21 228//21
f 236//22 234//22 229//22
f 237//23 236//23 230//23
f 238//24 237//24 231//24
f 239//25 238//25 232//25
f 240//26 239//26 233//26
f 241//27 240//27 214//27
f 242//28 241//28 215//28
f 243//29 242//29 216//29
f 244//30 243//30 217//30
f 245//31 244//31 218//31
f 246//32 245//32 219//32
f 247//33 246//33 220//33
f 248//34 247//34 221//34
f 249//35 248//35 222//35
f 250//36 249//36 223//36
f 251//37 250//37 224//37
f 252//38 251//38 225//38
f 253//39 252//39 226//39
f 235//40 253//40 227//40
f 227//40 228//40 235//40
f 226//39 227//39 253//39
f 225//38 226//38 252//38
f 224//37 225//37 251//37
f 223//36 224//36 250//36
f 222//35 223//35 249//35
f 221//34 222//34 248//34
f 220//33 221//33 247//33
f 219//32 220//32 246//32
f 218//31 219//31 245//31
f 217//30 218//30 244//30
f 216//29 217//29 243//29
f 215//28 216//28 242//28
f 214//27 215//27 241//27
f 233//26 214//26 240//26
f 232//25 233//25 239//25
f 231//24 232//24 238//24
f 230//23 231//23 237//23
f 229//22 230//22 236//22
f 228//21 229//21 234//21
f 254//1 243//1 244//1
f 254//2 242//2 243//2
f 254//3 241//3 242//3
f 254//4 240//4 241//4
f 254//5 239//5 240//5
f 254//6 238//6 239//6
f 254//7 237//7 238//7
f 254//8 236//8 237//8
f 254//9 234//9 236//9
f 254//10 235//10 234//10
f 254//11 253//11 235//11
f 254//12 252//12 253//12
f 254//13 251//13 252//13
f 254//14 250//14 251//14
f 254//15 249//15 250//15
f 254//16 248//16 249//16
f 254//17 247//17 248//17
f 254//18 246//18 247//18
f 254//19 245//19 246//19
f 254//20 244//20 245//20
f 124//41 132//41 255//41
f 132//42 136//42 256//42
f 136//43 138//43 257//43
f 138//44 137//44 258//44
f 137//45 129//45 259//45
f 129//46 111//46 260//46
f 111//47 96//47 261//47
f 96//48 133//48 262//48
f 133//49 118//49 263//49
f 118//50 104//50 264//50
f 104//51 77//51 265//51
f 77//52 76//52 266//52
f 76//53 120//53 267//53
f 120//54 119//54 268//54
f 119//55 128//55 269//55
f 128//56 103//56 270//56
f 103//57 117//57 271//57
f 117//58 125//58 272//58
f 125//59 126//59 273//59
f 126//60 124//60 274//60
f 274//60 273//60 126//60
f 273//59 272//59 125//59
f 272//58 271//58 117//58
f 271//57 270//57 103//57
f 270//56 269//56 128//56
f 269//55 268//55 119//55
f 268//54 267//54 120//54
f 267//53 266//53 76//53
f 266//52 265//52 77//52
f 265//51 264//51 104//51
f 264//50 263//50 118//50
f 263//49 262//49 133//49
f 262//48 261//48 96//48
f 261//47 260//47 111//47
f 260//46 259//46 129//46
f 259//45 258//45 137//45
f 258//44 257//44 138//44
f 257//43 256//43 136//43
f 256//42 255//42 132//42
f 255//41 274//41 124//41
f 275//21 276//21 269//21
f 277//22 275//22 270//22
f 278//23 277//23 271//23
f 279//24 278//24 272//24
f 280//25 279//25 273//25
f 281//26 280//26 274//26
f 282//27 281//27 255//27
f 283//28 282//28 256//28
f 284//29 283//29 257//29
f 285//30 284//30 258//30
f 286//31 285//31 259//31
f 287//32 286//32 260//32
f 288//33 287//33 261//33
f 289//34 288//34 262//34
f 290//35 289//35 263//35
f 291//36 290//36 264//36
f 292//37 291//37 265//37
f 293//38 292//38 266//38
f 294//39 293//39 267//39
f 276//40 294//40 268//40
f 268//40 269//40 276//40
f 267//39 268//39 294//39
f 266//38 267//38 293//38
f 265//37 266//37 292//37
f 264//36 265//36 291//36
f 263//35 264//35 290//35
f 262//34 263//34 289//34
f 261//33 262//33 288//33
f 260//32 261//32 287//32
f 259//31 260//31 286//31
f 258//30 259//30 285//30
f 257//29 258//29 284//29
f 256//28 257//28 283//28
f 255//27 256//27 282//27
f 274//26 255//26 281//26
f 273//25 274//25 280//25
f 272//24 273//24 279//24
f 271//23 272//23 278//23
f 270//22 271//22 277//22
f 269//21 270//21 275//21
f 295//1 284//1 285//1
f 295//2 283//2 284//2
f 295//3 282//3 283//3
f 295//4 281//4 282//4
f 295//5 280//5 281//5
f 295//6 279//6 280//6
f 295//7 278//7 279//7
f 295//8 277//8 278//8
f 295//9 275//9 277//9
f 295//10 276//10 275//10
f 295//11 294//11 276//11
f 295//12 293//12 294//12
f 295//13 292//13 293//13
f 295//14 291//14 292//14
f 295//15 290//15 291//15
f 295//16 289//16 290//16
f 295//17 288//17 289//17
f 295//18 287//18 288//18
f 295//19 286//19 287//19
f 295//20 285//20 286//20
f 84//41 97//41 296//41
f 97//42 110//42 297//42
f 110//43 139//43 298//43
f 139//44 135//44 299//44
f 135//45 134//45 300//45
f 134//46 80//46 301//46
f 80//47 79//47 302//47
f 79//48 93//48 303//48
f 93//49 81//49 304//49
f 81//50 71//50 305//50
f 71//51 83//51 306//51
f 83//52 82//52 307//52
f 82//53 121//53 308//53
f 121//54 106//54 309//54
f 106//55 95//55 310//55
f 95//56 94//56 311//56
f 94//57 107//57 312//57
f 107//58 122//58 313//58
f 122//59 85//59 314//59
f 85//60 84//60 315//60
f 315//60 314//60 85//60
f 314//59 313//59 122//59
f 313//58 312//58 107//58
f 312//57 311//57 94//57
f 311//56 310//56 95//56
f 310//55 309//55 106//55
f 309//54 308//54 121//54
f 308//53 307//53 82//53
f 307//52 306//52 83//52
f 306//51 305//51 71//51
f 305//50 304//50 81//50
f 304//49 303//49 93//49
f 303//48 302//48 79//48
f 302//47 301//47 80//47
f 301//46 300//46 134//46
f 300//45 299//45 135//45
f 299//44 298//44 139//44
f 298//43 297//43 110//43
f 297//42 296//42 97//42
f 296//41 315//41 84//41
f 316//21 317//21 310//21
f 318//22 316//22 311//22
f 319//23 318//23 312//23
f 320//24 319//24 313//24
f 321//25 320//25 314//25
f 322//26 321//26 315//26
f 323//27 322//27 296//27
f 324//28 323//28 297//28
f 325//29 324//29 298//29
f 326//30 325//30 299//30
f 327//31 326//31 300//31
f 328//32 327//32 301//32
f 329//33 328//33 302//33
f 330//34 329//34 303//34
f 331//35 330//35 304//35
f 332//36 331//36 305//36
f 333//37 332//37 306//37
f 334//38 333//38 307//38
f 335//39 334//39 308//39
f 317//40 335//40 309//40
f 309//40 310//40 317//40
f 308//39 309//39 335//39
f 307//38 308//38 334//38
f 306//37 307//37 333//37
f 305//36 306//36 332//36
f 304//35 305//35 331//35
f 303//34 304//34 330//34
f 302//33 303//33 329//33
f 301//32 302//32 328//32
f 300//31 301//31 327//31
f 299//30 300//30 326//30
f 298//29 299//29 325//29
f 297//28 298//28 324//28
f 296//27 297//27 323//27
f 315//26 296//26 322//26
f 314//25 315//25 321//25
f 313//24 314//24 320//24
f 312//23 313//23 319//23
f 311//22 312//22 318//22
f 310//21 311//21 316//21
f 336//1 325//1 326//1
f 336//2 324//2 325//2
f 336//3 323//3 324//3
f 336//4 322//4 323//4
f 336//5 321//5 322//5
f 336//6 320//6 321//6
f 336//7 319//7 320//7
f 336//8 318//8 319//8
f 336//9 316//9 318//9
f 336//10 317//10 316//10
f 336//11 335//11 317//11
f 336//12 334//12 335//12
f 336//13 333//13 334//13
f 336//14 332//14 333//14
f 336//15 331//15 332//15
f 336//16 330//16 331//16
f 336//17 329//17 330//17
f 336//18 328//18 329//18
f 336//19 327//19 328//19
f 336//20 326//20 327//20
f 72//128 337//128 338//128
f 337//129 339//129 338//129
f 337//130 340//130 341//130
f 340//131 342//131 341//131
f 343//132 344//132 345//132
f 345//133 340//133 343//133
f 345//134 342//134 340//134
f 341//135 339//135 337//135
f 338//136 90//136 72//136
f 344//91 346//91 347//91
f 344//91 348//91 346//91
f 349//91 350//91 344//91
f 344//91 350//91 348//91
f 347//91 351//91 344//91
f 344//91 343//91 349//91
f 352//137 345//137 344//137
f 352//138 353//138 342//138
f 353//139 341//139 342//139
f 339//140 341//140 353//140
f 354//141 338//141 339//141
f 90//142 338//142 354//142
f 355//143 352//143 351//143
f 353//144 352//144 355//144
f 354//145 353//145 356//145
f 357//146 358//146 359//146
f 359//147 354//147 357//147
f 360//148 355//148 347//148
f 356//149 355//149 360//149
f 357//150 356//150 361//150
f 357//151 362//151 363//151
f 362//152 364//152 363//152
f 365//153 360//153 346//153
f 361//154 360//154 365//154
f 362//155 361//155 366//155
f 362//156 367//156 368//156
f 367//157 369//157 368//157
f 366//158 365//158 370//158
f 370//159 371//159 366//159
f 367//160 366//160 372//160
f 372//161 373//161 367//161
f 369//162 367//162 374//162
f 365//163 375//163 376//163
f 365//164 348//164 350//164
f 350//165 375//165 365//165
f 376//166 370//166 365//166
f 374//167 377//167 369//167
f 373//168 374//168 367//168
f 371//169 372//169 366//169
f 368//170 364//170 362//170
f 366//171 367//171 362//171
f 365//172 366//172 361//172
f 346//173 348//173 365//173
f 363//174 358//174 357//174
f 361//175 362//175 357//175
f 360//176 361//176 356//176
f 347//177 346//177 360//177
f 359//178 378//178 354//178
f 356//179 357//179 354//179
f 355//180 356//180 353//180
f 351//181 347//181 355//181
f 354//182 378//182 90//182
f 353//183 354//183 339//183
f 342//184 345//184 352//184
f 344//185 351//185 352//185
f 375//186 379//186 380//186
f 379//187 375//187 381//187
f 381//188 382//188 383//188
f 383//189 384//189 381//189
f 381//190 384//190 379//190
f 380//191 376//191 375//191
f 350//192 381//192 375//192
f 385//193 386//193 387//193
f 388//194 387//194 389//194
f 390//195 381//195 350//195
f 390//196 382//196 381//196
f 390//197 391//197 382//197
f 390//198 389//198 391//198
f 350//199 349//199 390//199
f 389//200 390//200 388//200
f 387//201 388//201 385//201
f 392//202 393//202 394//202
f 392//203 395//203 393//203
f 396//204 392//204 397//204
f 398//205 396//205 399//205
f 398//206 400//206 401//206
f 402//207 401//207 387//207
f 397//208 403//208 404//208
f 397//209 394//209 403//209
f 399//210 397//210 405//210
f 400//211 399//211 406//211
f 401//212 400//212 407//212
f 408//213 391//213 389//213
f 389//214 401//214 408//214
f 405//215 404//215 376//215
f 406//216 405//216 380//216
f 407//217 406//217 379//217
f 407//218 384//218 383//218
f 408//219 383//219 382//219
f 382//220 391//220 408//220
f 383//221 408//221 407//221
f 379//217 384//217 407//217
f 380//222 379//222 406//222
f 376//223 380//223 405//223
f 389//224 387//224 401//224
f 407//225 408//225 401//225
f 406//211 407//211 400//211
f 405//226 406//226 399//226
f 404//227 405//227 397//227
f 387//228 386//228 402//228
f 401//229 402//229 398//229
f 399//205 400//205 398//205
f 397//230 399//230 396//230
f 394//231 397//231 392//231
f 409//232 410//232 411//232
f 412//233 409//233 413//233
f 414//234 412//234 415//234
f 416//235 414//235 417//235
f 418//236 416//236 419//236
f 413//237 411//237 395//237
f 415//238 413//238 392//238
f 417//239 415//239 396//239
f 419//240 417//240 398//240
f 420//241 419//241 402//241
f 402//242 386//242 420//242
f 398//243 402//243 419//243
f 396//244 398//244 417//244
f 392//245 396//245 415//245
f 395//246 392//246 413//246
f 419//247 420//247 418//247
f 417//248 419//248 416//248
f 415//249 417//249 414//249
f 413//250 415//250 412//250
f 411//251 413//251 409//251
f 370//252 376//252 404//252
f 403//253 371//253 370//253
f 372//254 371//254 403//254
f 373//255 372//255 394//255
f 394//256 393//256 373//256
f 374//257 373//257 393//257
f 377//258 374//258 395//258
f 395//259 411//259 377//259
f 393//260 395//260 374//260
f 411//261 410//261 377//261
f 403//262 394//262 372//262
f 404//263 403//263 370//263
f 418//264 421//264 422//264
f 418//265 423//265 421//265
f 416//266 424//266 425//266
f 416//267 422//267 424//267
f 414//268 426//268 427//268
f 414//269 425//269 426//269
f 412//270 428//270 429//270
f 412//271 427//271 428//271
f 409//272 430//272 431//272
f 409//273 429//273 430//273
f 431//274 410//274 409//274
f 429//275 409//275 412//275
f 427//276 412//276 414//276
f 425//277 414//277 416//277
f 422//278 416//278 418//278
f 432//279 433//279 368//279
f 368//280 369//280 432//280
f 377//281 434//281 432//281
f 435//282 436//282 363//282
f 363//283 364//283 435//283
f 368//284 433//284 435//284
f 437//285 438//285 359//285
f 359//286 358//286 437//286
f 363//287 436//287 437//287
f 439//288 109//288 90//288
f 90//289 378//289 439//289
f 359//290 438//290 439//290
f 378//291 359//291 439//291
f 358//292 363//292 437//292
f 364//293 368//293 435//293
f 369//294 377//294 432//294
f 69//295 109//295 440//295
f 440//296 441//296 69//296
f 442//297 441//297 443//297
f 441//298 444//298 443//298
f 445//299 442//299 446//299
f 442//300 447//300 446//300
f 446//301 448//301 445//301
f 443//302 447//302 442//302
f 440//303 444//303 441//303
f 449//96 450//96 451//96
f 452//96 448//96 449//96
f 451//96 452//96 449//96
f 453//96 445//96 448//96
f 448//96 454//96 453//96
f 452//96 454//96 448//96
f 455//64 456//64 180//64
f 456//64 187//64 180//64
f 180//64 176//64 455//64
f 455//64 177//64 178//64
f 176//64 175//64 455//64
f 343//64 340//64 337//64
f 385//64 349//64 343//64
f 142//64 453//64 457//64
f 142//64 69//64 441//64
f 175//64 177//64 455//64
f 343//64 72//64 385//64
f 385//64 388//64 390//64
f 457//64 458//64 142//64
f 441//64 442//64 142//64
f 456//64 185//64 187//64
f 140//64 385//64 72//64
f 390//64 349//64 385//64
f 142//64 445//64 453//64
f 142//64 70//64 69//64
f 456//64 183//64 185//64
f 385//64 140//64 182//64
f 337//64 72//64 343//64
f 442//64 445//64 142//64
f 459//64 455//64 179//64
f 456//64 182//64 183//64
f 72//64 98//64 140//64
f 179//64 142//64 459//64
f 182//64 456//64 385//64
f 178//64 179//64 455//64
f 458//64 459//64 142//64
f 455//304 460//304 461//304
f 461//304 456//304 455//304
f 461//304 462//304 456//304
f 410//305 463//305 434//305
f 410//305 464//305 463//305
f 434//305 377//305 410//305
f 410//305 431//305 464//305
f 465//306 466//306 467//306
f 465//307 468//307 466//307
f 469//308 470//308 468//308
f 469//309 471//309 470//309
f 432//310 434//310 471//310
f 472//311 452//311 451//311
f 465//312 472//312 473//312
f 469//313 465//313 474//313
f 469//314 475//314 435//314
f 435//315 433//315 469//315
f 473//316 451//316 450//316
f 474//317 473//317 476//317
f 475//318 474//318 477//318
f 478//319 437//319 436//319
f 436//320 475//320 478//320
f 476//321 450//321 449//321
f 477//322 476//322 479//322
f 478//323 477//323 480//323
f 481//324 439//324 438//324
f 438//325 478//325 481//325
f 479//326 449//326 448//326
f 480//327 479//327 447//327
f 479//328 446//328 447//328
f 480//329 443//329 444//329
f 444//330 481//330 480//330
f 109//331 439//331 481//331
f 472//332 482//332 454//332
f 472//333 467//333 483//333
f 483//334 482//334 472//334
f 454//335 452//335 472//335
f 481//336 440//336 109//336
f 444//337 440//337 481//337
f 447//338 443//338 480//338
f 448//339 446//339 479//339
f 438//340 437//340 478//340
f 480//341 481//341 478//341
f 479//342 480//342 477//342
f 449//343 479//343 476//343
f 436//344 435//344 475//344
f 477//345 478//345 475//345
f 476//346 477//346 474//346
f 450//347 476//347 473//347
f 433//348 432//348 469//348
f 474//349 475//349 469//349
f 473//350 474//350 465//350
f 451//351 473//351 472//351
f 471//352 469//352 432//352
f 468//353 465//353 469//353
f 467//354 472//354 465//354
f 458//355 457//355 484//355
f 459//356 458//356 485//356
f 457//357 453//357 454//357
f 454//358 486//358 457//358
f 486//359 487//359 457//359
f 487//360 488//360 457//360
f 488//361 484//361 457//361
f 485//362 489//362 459//362
f 484//363 485//363 458//363
f 486//364 490//364 491//364
f 492//365 490//365 486//365
f 486//366 482//366 492//366
f 482//367 483//367 493//367
f 493//368 492//368 482//368
f 491//369 487//369 486//369
f 454//370 482//370 486//370
f 494//371 463//371 464//371
f 464//372 495//372 494//372
f 496//373 494//373 497//373
f 497//374 498//374 496//374
f 499//375 496//375 500//375
f 500//376 501//376 499//376
f 502//377 499//377 503//377
f 503//378 504//378 502//378
f 505//379 502//379 506//379
f 506//380 507//380 505//380
f 507//381 508//381 505//381
f 504//382 506//382 502//382
f 501//383 503//383 499//383
f 498//384 500//384 496//384
f 495//385 497//385 494//385
f 509//386 489//386 485//386
f 510//387 509//387 511//387
f 510//388 512//388 513//388
f 514//389 513//389 515//389
f 516//390 515//390 517//390
f 517//391 518//391 516//391
f 519//392 511//392 484//392
f 511//393 485//393 484//393
f 512//394 511//394 519//394
f 513//395 512//395 520//395
f 515//396 513//396 521//396
f 515//397 522//397 523//397
f 523//398 524//398 515//398
f 519//399 488//399 487//399
f 520//400 519//400 491//400
f 520//401 490//401 492//401
f 521//402 492//402 493//402
f 522//403 493//403 483//403
f 483//404 523//404 522//404
f 493//405 522//405 521//405
f 492//401 521//401 520//401
f 491//406 490//406 520//406
f 487//407 491//407 519//407
f 524//408 517//408 515//408
f 521//409 522//409 515//409
f 520//395 521//395 513//395
f 519//410 520//410 512//410
f 484//411 488//411 519//411
f 518//412 525//412 516//412
f 515//413 516//413 514//413
f 513//388 514//388 510//388
f 511//414 512//414 510//414
f 485//415 511//415 509//415
f 526//416 516//416 525//416
f 527//417 514//417 516//417
f 528//418 510//418 514//418
f 529//419 509//419 510//419
f 530//420 489//420 509//420
f 494//421 526//421 531//421
f 496//422 527//422 526//422
f 499//423 528//423 527//423
f 502//424 529//424 528//424
f 505//425 530//425 529//425
f 529//426 502//426 505//426
f 528//427 499//427 502//427
f 527//428 496//428 499//428
f 526//429 494//429 496//429
f 531//430 463//430 494//430
f 509//431 529//431 530//431
f 510//432 528//432 529//432
f 514//433 527//433 528//433
f 516//434 526//434 527//434
f 525//435 531//435 526//435
f 434//436 531//436 525//436
f 471//437 525//437 518//437
f 518//438 470//438 471//438
f 434//439 463//439 531//439
f 470//440 518//440 517//440
f 468//441 517//441 524//441
f 524//442 466//442 468//442
f 467//443 524//443 523//443
f 523//444 483//444 467//444
f 467//445 466//445 524//445
f 517//446 468//446 470//446
f 525//447 471//447 434//447
f 532//63 418//63 420//63
f 418//63 532//63 533//63
f 385//63 456//63 462//63
f 534//63 423//63 533//63
f 533//63 423//63 418//63
f 462//63 532//63 385//63
f 533//63 535//63 534//63
f 532//63 386//63 385//63
f 420//63 386//63 532//63
f 535//63 536//63 534//63
f 459//62 537//62 460//62
f 505//62 508//62 538//62
f 537//62 489//62 530//62
f 459//62 489//62 537//62
f 530//62 505//62 537//62
f 539//62 540//62 538//62
f 538//62 537//62 505//62
f 539//62 541//62 540//62
f 538//62 508//62 539//62
f 460//62 455//62 459//62
f 542//448 543//448 544//448
f 544//449 545//449 542//449
f 546//450 547//450 548//450
f 548//451 542//451 546//451
f 549//452 550//452 551//452
f 551//453 546//453 549//453
f 552//454 553//454 554//454
f 554//455 549//455 552//455
f 552//456 555//456 556//456
f 555//457 557//457 556//457
f 555//458 558//458 559//458
f 558//459 560//459 559//459
f 558//460 561//460 562//460
f 561//461 563//461 562//461
f 561//462 564//462 565//462
f 564//463 566//463 565//463
f 564//464 541//464 567//464
f 564//465 540//465 541//465
f 545//466 568//466 569//466
f 569//467 536//467 545//467
f 536//468 535//468 545//468
f 567//469 566//469 564//469
f 565//470 563//470 561//470
f 562//471 560//471 558//471
f 559//472 557//472 555//472
f 556//473 553//473 552//473
f 554//474 550//474 549//474
f 551//475 547//475 546//475
f 548//476 543//476 542//476
f 544//477 568//477 545//477
f 570//478 569//478 568//478
f 568//479 571//479 570//479
f 571//480 544//480 543//480
f 543//481 572//481 571//481
f 572//482 548//482 547//482
f 547//483 573//483 572//483
f 573//484 551//484 550//484
f 550//485 574//485 573//485
f 574//486 554//486 553//486
f 553//487 575//487 574//487
f 576//488 575//488 557//488
f 575//489 556//489 557//489
f 577//490 576//490 560//490
f 576//491 559//491 560//491
f 578//492 577//492 563//492
f 577//493 562//493 563//493
f 579//494 578//494 566//494
f 578//495 565//495 566//495
f 566//496 567//496 579//496
f 563//497 565//497 578//497
f 560//498 562//498 577//498
f 557//499 559//499 576//499
f 553//500 556//500 575//500
f 550//501 554//501 574//501
f 547//502 551//502 573//502
f 543//503 548//503 572//503
f 568//504 544//504 571//504
f 534//505 536//505 569//505
f 569//505 570//505 534//505
f 539//506 579//506 567//506
f 567//506 541//506 539//506
f 578//507 580//507 581//507
f 582//507 583//507 575//507
f 583//507 584//507 573//507
f 581//507 576//507 577//507
f 575//507 581//507 582//507
f 585//507 504//507 503//507
f 586//507 587//507 431//507
f 588//507 427//507 426//507
f 589//507 590//507 591//507
f 573//507 584//507 592//507
f 573//507 574//507 583//507
f 575//507 576//507 581//507
f 585//507 506//507 504//507
f 431//507 430//507 586//507
f 426//507 425//507 588//507
f 593//507 589//507 594//507
f 589//507 593//507 590//507
f 574//507 575//507 583//507
f 581//507 595//507 582//507
f 596//507 580//507 578//507
f 579//507 539//507 597//507
f 585//507 507//507 506//507
f 585//507 598//507 508//507
f 599//507 497//507 495//507
f 430//507 429//507 586//507
f 586//507 427//507 600//507
f 425//507 424//507 588//507
f 601//507 602//507 603//507
f 591//507 604//507 589//507
f 591//507 605//507 606//507
f 571//507 572//507 607//507
f 581//507 577//507 578//507
f 581//507 608//507 609//507
f 597//507 596//507 579//507
f 508//507 507//507 585//507
f 599//507 498//507 497//507
f 429//507 428//507 586//507
f 427//507 588//507 600//507
f 588//507 421//507 423//507
f 424//507 422//507 588//507
f 601//507 610//507 602//507
f 611//507 612//507 613//507
f 534//507 614//507 612//507
f 603//507 593//507 615//507
f 606//507 604//507 591//507
f 572//507 592//507 607//507
f 609//507 595//507 581//507
f 539//507 616//507 597//507
f 539//507 617//507 618//507
f 619//507 620//507 621//507
f 622//507 603//507 623//507
f 539//507 508//507 624//507
f 508//507 625//507 626//507
f 503//507 501//507 585//507
f 599//507 500//507 498//507
f 599//507 585//507 501//507
f 600//507 591//507 586//507
f 422//507 421//507 588//507
f 534//507 627//507 628//507
f 534//507 611//507 629//507
f 603//507 630//507 601//507
f 612//507 611//507 534//507
f 615//507 631//507 603//507
f 591//507 632//507 605//507
f 633//507 634//507 635//507
f 534//507 636//507 637//507
f 570//507 638//507 636//507
f 638//507 570//507 571//507
f 592//507 572//507 573//507
f 618//507 616//507 539//507
f 539//507 639//507 640//507
f 640//507 639//507 619//507
f 623//507 641//507 622//507
f 623//507 608//507 641//507
f 624//507 642//507 539//507
f 598//507 625//507 508//507
f 501//507 500//507 599//507
f 423//507 643//507 588//507
f 629//507 627//507 534//507
f 613//507 610//507 611//507
f 594//507 615//507 593//507
f 591//507 600//507 644//507
f 645//507 646//507 593//507
f 620//507 647//507 635//507
f 633//507 648//507 634//507
f 637//507 649//507 534//507
f 571//507 650//507 638//507
f 578//507 579//507 596//507
f 621//507 640//507 619//507
f 608//507 651//507 641//507
f 626//507 624//507 508//507
f 464//507 652//507 599//507
f 431//507 653//507 652//507
f 423//507 654//507 643//507
f 601//507 611//507 610//507
f 644//507 632//507 591//507
f 603//507 622//507 645//507
f 635//507 655//507 620//507
f 633//507 656//507 648//507
f 636//507 534//507 570//507
f 640//507 617//507 539//507
f 608//507 657//507 651//507
f 495//507 464//507 599//507
f 431//507 587//507 653//507
f 423//507 658//507 654//507
f 631//507 630//507 603//507
f 645//507 633//507 646//507
f 655//507 659//507 620//507
f 633//507 645//507 656//507
f 607//507 650//507 571//507
f 608//507 581//507 657//507
f 652//507 464//507 431//507
f 423//507 628//507 658//507
f 593//507 603//507 645//507
f 635//507 647//507 633//507
f 428//507 427//507 586//507
f 659//507 621//507 620//507
f 642//507 639//507 539//507
f 649//507 614//507 534//507
f 628//507 423//507 534//507
f 614//508 649//508 660//508
f 649//509 637//509 661//509
f 637//510 636//510 662//510
f 636//511 638//511 663//511
f 638//51 650//51 664//51
f 650//50 607//50 665//50
f 607//512 592//512 666//512
f 592//513 584//513 667//513
f 584//514 583//514 668//514
f 583//515 582//515 669//515
f 582//516 595//516 670//516
f 595//517 609//517 671//517
f 609//518 608//518 672//518
f 608//519 623//519 673//519
f 623//520 603//520 674//520
f 603//521 602//521 675//521
f 602//522 610//522 676//522
f 610//523 613//523 677//523
f 613//524 612//524 678//524
f 612//525 614//525 679//525
f 679//525 678//525 612//525
f 678//524 677//524 613//524
f 677//523 676//523 610//523
f 676//522 675//522 602//522
f 675//521 674//521 603//521
f 674//520 673//520 623//520
f 673//519 672//519 608//519
f 672//518 671//518 609//518
f 671//517 670//517 595//517
f 670//516 669//516 582//516
f 669//515 668//515 583//515
f 668//514 667//514 584//514
f 667//513 666//513 592//513
f 666//512 665//512 607//512
f 665//50 664//50 650//50
f 664//51 663//51 638//51
f 663//511 662//511 636//511
f 662//510 661//510 637//510
f 661//509 660//509 649//509
f 660//508 679//508 614//508
f 678//526 679//526 680//526
f 677//527 678//527 681//527
f 676//528 677//528 682//528
f 675//529 676//529 683//529
f 674//530 675//530 684//530
f 673//531 674//531 685//531
f 672//532 673//532 686//532
f 671//533 672//533 687//533
f 670//534 671//534 688//534
f 669//535 670//535 689//535
f 668//93 669//93 690//93
f 667//92 668//92 691//92
f 666//91 667//91 692//91
f 665//90 666//90 693//90
f 664//89 665//89 694//89
f 663//98 664//98 695//98
f 662//97 663//97 696//97
f 661//96 662//96 697//96
f 660//95 661//95 698//95
f 679//94 660//94 699//94
f 699//94 680//94 679//94
f 698//95 699//95 660//95
f 697//96 698//96 661//96
f 696//97 697//97 662//97
f 695//98 696//98 663//98
f 694//89 695//89 664//89
f 693//90 694//90 665//90
f 692//91 693//91 666//91
f 691//92 692//92 667//92
f 690//93 691//93 668//93
f 689//535 690//535 669//535
f 688//534 689//534 670//534
f 687//533 688//533 671//533
f 686//532 687//532 672//532
f 685//531 686//531 673//531
f 684//530 685//530 674//530
f 683//529 684//529 675//529
f 682//528 683//528 676//528
f 681//527 682//527 677//527
f 680//526 681//526 678//526
f 628//508 627//508 700//508
f 627//509 629//509 701//509
f 629//510 611//510 702//510
f 611//511 601//511 703//511
f 601//51 630//51 704//51
f 630//50 631//50 705//50
f 631//512 615//512 706//512
f 615//513 594//513 707//513
f 594//514 589//514 708//514
f 589//515 604//515 709//515
f 604//516 606//516 710//516
f 606//517 605//517 711//517
f 605//518 632//518 712//518
f 632//519 644//519 713//519
f 644//520 600//520 714//520
f 600//521 588//521 715//521
f 588//522 643//522 716//522
f 643//523 654//523 717//523
f 654//524 658//524 718//524
f 658//525 628//525 719//525
f 719//525 718//525 658//525
f 718//524 717//524 654//524
f 717//523 716//523 643//523
f 716//522 715//522 588//522
f 715//521 714//521 600//521
f 714//520 713//520 644//520
f 713//519 712//519 632//519
f 712//518 711//518 605//518
f 711//517 710//517 606//517
f 710//516 709//516 604//516
f 709//515 708//515 589//515
f 708//514 707//514 594//514
f 707//513 706//513 615//513
f 706//512 705//512 631//512
f 705//50 704//50 630//50
f 704//51 703//51 601//51
f 703//511 702//511 611//511
f 702//510 701//510 629//510
f 701//509 700//509 627//509
f 700//508 719//508 628//508
f 718//526 719//526 720//526
f 717//527 718//527 721//527
f 716//528 717//528 722//528
f 715//529 716//529 723//529
f 714//530 715//530 724//530
f 713//531 714//531 725//531
f 712//532 713//532 726//532
f 711//533 712//533 727//533
f 710//534 711//534 728//534
f 709//535 710//535 729//535
f 708//93 709//93 730//93
f 707//92 708//92 731//92
f 706//91 707//91 732//91
f 705//90 706//90 733//90
f 704//89 705//89 734//89
f 703//98 704//98 735//98
f 702//97 703//97 736//97
f 701//96 702//96 737//96
f 700//95 701//95 738//95
f 719//94 700//94 739//94
f 739//94 720//94 719//94
f 738//95 739//95 700//95
f 737//96 738//96 701//96
f 736//97 737//97 702//97
f 735//98 736//98 703//98
f 734//89 735//89 704//89
f 733//90 734//90 705//90
f 732//91 733//91 706//91
f 731//92 732//92 707//92
f 730//93 731//93 708//93
f 729//535 730//535 709//535
f 728//534 729//534 710//534
f 727//533 728//533 711//533
f 726//532 727//532 712//532
f 725//531 726//531 713//531
f 724//530 725//530 714//530
f 723//529 724//529 715//529
f 722//528 723//528 716//528
f 721//527 722//527 717//527
f 720//526 721//526 718//526
f 622//508 641//508 740//508
f 641//509 651//509 741//509
f 651//510 657//510 742//510
f 657//511 581//511 743//511
f 581//51 580//51 744//51
f 580//50 596//50 745//50
f 596//512 597//512 746//512
f 597//513 616//513 747//513
f 616//514 618//514 748//514
f 618//515 617//515 749//515
f 617//516 640//516 750//516
f 640//517 621//517 751//517
f 621//518 659//518 752//518
f 659//519 655//519 753//519
f 655//520 635//520 754//520
f 635//521 634//521 755//521
f 634//522 648//522 756//522
f 648//523 656//523 757//523
f 656//524 645//524 758//524
f 645//525 622//525 759//525
f 759//525 758//525 645//525
f 758//524 757//524 656//524
f 757//523 756//523 648//523
f 756//522 755//522 634//522
f 755//521 754//521 635//521
f 754//520 753//520 655//520
f 753//519 752//519 659//519
f 752//518 751//518 621//518
f 751//517 750//517 640//517
f 750//516 749//516 617//516
f 749//515 748//515 618//515
f 748//514 747//514 616//514
f 747//513 746//513 597//513
f 746//512 745//512 596//512
f 745//50 744//50 580//50
f 744//51 743//51 581//51
f 743//511 742//511 657//511
f 742//510 741//510 651//510
f 741//509 740//509 641//509
f 740//508 759//508 622//508
f 758//526 759//526 760//526
f 757//527 758//527 761//527
f 756//528 757//528 762//528
f 755//529 756//529 763//529
f 754//530 755//530 764//530
f 753//531 754//531 765//531
f 752//532 753//532 766//532
f 751//533 752//533 767//533
f 750//534 751//534 768//534
f 749//535 750//535 769//535
f 748//93 749//93 770//93
f 747//92 748//92 771//92
f 746//91 747//91 772//91
f 745//90 746//90 773//90
f 744//89 745//89 774//89
f 743//98 744//98 775//98
f 742//97 743//97 776//97
f 741//96 742//96 777//96
f 740//95 741//95 778//95
f 759//94 740//94 779//94
f 779//94 760//94 759//94
f 778//95 779//95 740//95
f 777//96 778//96 741//96
f 776//97 777//97 742//97
f 775//98 776//98 743//98
f 774//89 775//89 744//89
f 773//90 774//90 745//90
f 772//91 773//91 746//91
f 771//92 772//92 747//92
f 770//93 771//93 748//93
f 769//535 770//535 749//535
f 768//534 769//534 750//534
f 767//533 768//533 751//533
f 766//532 767//532 752//532
f 765//531 766//531 753//531
f 764//530 765//530 754//530
f 763//529 764//529 755//529
f 762//528 763//528 756//528
f 761//527 762//527 757//527
f 760//526 761//526 758//526
f 591//508 590//508 780//508
f 590//509 593//509 781//509
f 593//510 646//510 782//510
f 646//511 633//511 783//511
f 633//51 647//51 784//51
f 647//50 620//50 785//50
f 620//512 619//512 786//512
f 619//513 639//513 787//513
f 639//514 642//514 788//514
f 642//515 624//515 789//515
f 624//516 626//516 790//516
f 626//517 625//517 791//517
f 625//518 598//518 792//518
f 598//519 585//519 793//519
f 585//520 599//520 794//520
f 599//521 652//521 795//521
f 652//522 653//522 796//522
f 653//523 587//523 797//523
f 587//524 586//524 798//524
f 586//525 591//525 799//525
f 799//525 798//525 586//525
f 798//524 797//524 587//524
f 797//523 796//523 653//523
f 796//522 795//522 652//522
f 795//521 794//521 599//521
f 794//520 793//520 585//520
f 793//519 792//519 598//519
f 792//518 791//518 625//518
f 791//517 790//517 626//517
f 790//516 789//516 624//516
f 789//515 788//515 642//515
f 788//514 787//514 639//514
f 787//513 786//513 619//513
f 786//512 785//512 620//512
f 785//50 784//50 647//50
f 784//51 783//51 633//51
f 783//511 782//511 646//511
f 782//510 781//510 593//510
f 781//509 780//509 590//509
f 780//508 799//508 591//508
f 798//526 799//526 800//526
f 797//527 798//527 801//527
f 796//528 797//528 802//528
f 795//529 796//529 803//529
f 794//530 795//530 804//530
f 793//531 794//531 805//531
f 792//532 793//532 806//532
f 791//533 792//533 807//533
f 790//534 791//534 808//534
f 789//535 790//535 809//535
f 788//93 789//93 810//93
f 787//92 788//92 811//92
f 786//91 787//91 812//91
f 785//90 786//90 813//90
f 784//89 785//89 814//89
f 783//98 784//98 815//98
f 782//97 783//97 816//97
f 781//96 782//96 817//96
f 780//95 781//95 818//95
f 799//94 780//94 819//94
f 819//94 800//94 799//94
f 818//95 819//95 780//95
f 817//96 818//96 781//96
f 816//97 817//97 782//97
f 815//98 816//98 783//98
f 814//89 815//89 784//89
f 813//90 814//90 785//90
f 812//91 813//91 786//91
f 811//92 812//92 787//92
f 810//93 811//93 788//93
f 809//535 810//535 789//535
f 808//534 809//534 790//534
f 807//533 808//533 791//533
f 806//532 807//532 792//532
f 805//531 806//531 793//531
f 804//530 805//530 794//530
f 803//529 804//529 795//529
f 802//528 803//528 796//528
f 801//527 802//527 797//527
f 800//526 801//526 798//526
f 736//64 735//64 685//64
f 820//64 725//64 724//64
f 821//64 822//64 696//64
f 823//64 824//64 680//64
f 685//64 684//64 736//64
f 825//64 723//64 722//64
f 826//64 724//64 723//64
f 724//64 826//64 820//64
f 827//64 828//64 726//64
f 686//64 685//64 735//64
f 695//64 829//64 821//64
f 822//64 830//64 697//64
f 824//64 681//64 680//64
f 824//64 737//64 682//64
f 683//64 737//64 736//64
f 824//64 831//64 739//64
f 832//64 721//64 720//64
f 833//64 722//64 721//64
f 723//64 825//64 826//64
f 726//64 725//64 827//64
f 735//64 734//64 686//64
f 697//64 696//64 822//64
f 830//64 834//64 698//64
f 682//64 681//64 824//64
f 684//64 683//64 736//64
f 739//64 738//64 824//64
f 721//64 832//64 833//64
f 820//64 827//64 725//64
f 835//64 836//64 728//64
f 836//64 837//64 729//64
f 838//64 687//64 732//64
f 733//64 687//64 686//64
f 838//64 839//64 689//64
f 698//64 697//64 830//64
f 834//64 823//64 699//64
f 683//64 682//64 737//64
f 831//64 720//64 739//64
f 722//64 833//64 825//64
f 828//64 835//64 727//64
f 729//64 728//64 836//64
f 837//64 838//64 730//64
f 840//64 694//64 693//64
f 829//64 695//64 694//64
f 732//64 731//64 838//64
f 734//64 733//64 686//64
f 689//64 688//64 838//64
f 699//64 698//64 834//64
f 738//64 737//64 824//64
f 727//64 726//64 828//64
f 730//64 729//64 837//64
f 841//64 691//64 690//64
f 842//64 692//64 691//64
f 843//64 693//64 692//64
f 694//64 840//64 829//64
f 733//64 732//64 687//64
f 839//64 690//64 689//64
f 680//64 699//64 823//64
f 728//64 727//64 835//64
f 691//64 841//64 842//64
f 693//64 843//64 840//64
f 688//64 687//64 838//64
f 720//64 831//64 832//64
f 692//64 842//64 843//64
f 696//64 695//64 821//64
f 731//64 730//64 838//64
f 690//64 839//64 841//64
f 831//536 844//536 845//536
f 846//537 833//537 832//537
f 847//538 825//538 833//538
f 848//539 826//539 825//539
f 849//540 820//540 826//540
f 850//541 827//541 820//541
f 851//542 828//542 827//542
f 852//543 835//543 828//543
f 853//544 836//544 835//544
f 854//545 837//545 836//545
f 855//546 838//546 837//546
f 837//547 854//547 855//547
f 836//548 853//548 854//548
f 835//549 852//549 853//549
f 828//550 851//550 852//550
f 827//551 850//551 851//551
f 820//552 849//552 850//552
f 826//553 848//553 849//553
f 825//554 847//554 848//554
f 833//555 846//555 847//555
f 832//556 845//556 846//556
f 845//557 832//557 831//557
f 841//558 839//558 856//558
f 842//559 841//559 857//559
f 843//560 842//560 858//560
f 840//561 843//561 859//561
f 829//562 840//562 860//562
f 821//563 829//563 861//563
f 822//564 821//564 862//564
f 830//565 822//565 863//565
f 834//566 830//566 864//566
f 823//567 834//567 865//567
f 824//568 823//568 866//568
f 866//568 867//568 824//568
f 865//567 866//567 823//567
f 864//566 865//566 834//566
f 863//565 864//565 830//565
f 862//564 863//564 822//564
f 861//563 862//563 821//563
f 860//562 861//562 829//562
f 859//561 860//561 840//561
f 858//560 859//560 843//560
f 857//559 858//559 842//559
f 856//558 857//558 841//558
f 867//569 844//569 831//569
f 831//569 824//569 867//569
f 867//570 868//570 869//570
f 869//570 844//570 867//570
f 870//571 871//571 857//571
f 871//572 872//572 858//572
f 872//573 873//573 859//573
f 873//574 874//574 860//574
f 874//575 875//575 861//575
f 875//576 876//576 862//576
f 876//577 877//577 863//577
f 877//578 878//578 864//578
f 878//579 879//579 865//579
f 879//580 880//580 866//580
f 880//581 868//581 867//581
f 867//581 866//581 880//581
f 866//580 865//580 879//580
f 865//579 864//579 878//579
f 864//578 863//578 877//578
f 863//577 862//577 876//577
f 862//576 861//576 875//576
f 861//575 860//575 874//575
f 860//574 859//574 873//574
f 859//573 858//573 872//573
f 858//572 857//572 871//572
f 857//571 856//571 870//571
f 881//582 882//582 846//582
f 882//583 883//583 847//583
f 883//584 884//584 848//584
f 884//585 885//585 849//585
f 885//586 886//586 850//586
f 886//587 887//587 851//587
f 887//588 888//588 852//588
f 888//589 889//589 853//589
f 889//590 890//590 854//590
f 890//591 891//591 855//591
f 869//592 881//592 845//592
f 845//593 844//593 869//593
f 855//591 854//591 890//591
f 854//590 853//590 889//590
f 853//589 852//589 888//589
f 852//588 851//588 887//588
f 851//587 850//587 886//587
f 850//586 849//586 885//586
f 849//585 848//585 884//585
f 848//584 847//584 883//584
f 847//583 846//583 882//583
f 846//582 845//582 881//582
f 839//63 838//63 855//63
f 855//63 856//63 839//63
f 855//28 891//28 870//28
f 870//28 856//28 855//28
f 870//64 892//64 552//64
f 533//64 869//64 868//64
f 892//64 555//64 552//64
f 892//64 893//64 558//64
f 871//64 549//64 546//64
f 533//64 881//64 869//64
f 558//64 555//64 892//64
f 871//64 552//64 549//64
f 545//64 876//64 875//64
f 877//64 876//64 545//64
f 868//64 535//64 533//64
f 546//64 872//64 871//64
f 542//64 874//64 873//64
f 875//64 542//64 545//64
f 535//64 878//64 877//64
f 533//64 882//64 881//64
f 894//64 870//64 891//64
f 546//64 873//64 872//64
f 875//64 874//64 542//64
f 535//64 879//64 878//64
f 868//64 880//64 535//64
f 891//64 895//64 894//64
f 873//64 546//64 542//64
f 880//64 879//64 535//64
f 533//64 896//64 886//64
f 891//64 890//64 895//64
f 545//64 535//64 877//64
f 886//64 885//64 533//64
f 896//64 888//64 887//64
f 890//64 889//64 896//64
f 890//64 897//64 895//64
f 533//64 883//64 882//64
f 885//64 884//64 533//64
f 896//64 889//64 888//64
f 894//64 892//64 870//64
f 884//64 883//64 533//64
f 896//64 897//64 890//64
f 898//64 540//64 564//64
f 887//64 886//64 896//64
f 896//64 899//64 900//64
f 538//64 540//64 901//64
f 564//64 902//64 903//64
f 561//64 904//64 902//64
f 552//64 871//64 870//64
f 896//64 905//64 899//64
f 896//64 538//64 906//64
f 901//64 907//64 538//64
f 540//64 898//64 908//64
f 902//64 564//64 561//64
f 561//64 558//64 909//64
f 900//64 897//64 896//64
f 538//64 910//64 906//64
f 538//64 911//64 912//64
f 907//64 913//64 538//64
f 908//64 914//64 540//64
f 909//64 904//64 561//64
f 906//64 905//64 896//64
f 913//64 911//64 538//64
f 564//64 903//64 898//64
f 912//64 910//64 538//64
f 893//64 909//64 558//64
f 914//64 901//64 540//64
f 901//75 914//75 915//75
f 914//76 908//76 916//76
f 908//77 898//77 917//77
f 898//78 903//78 918//78
f 903//41 902//41 919//41
f 902//60 904//60 920//60
f 904//114 909//114 921//114
f 909//115 893//115 922//115
f 893//116 892//116 923//116
f 892//117 894//117 924//117
f 924//117 923//117 892//117
f 923//116 922//116 893//116
f 922//115 921//115 909//115
f 921//114 920//114 904//114
f 920//60 919//60 902//60
f 919//41 918//41 903//41
f 918//78 917//78 898//78
f 917//77 916//77 908//77
f 916//76 915//76 914//76
f 915//75 925//75 901//75
f 895//594 897//594 926//594
f 897//595 900//595 927//595
f 900//596 899//596 928//596
f 899//597 905//597 929//597
f 905//598 906//598 930//598
f 906//599 910//599 931//599
f 910//600 912//600 932//600
f 912//601 911//601 933//601
f 911//602 913//602 934//602
f 913//603 907//603 935//603
f 935//603 934//603 913//603
f 934//602 933//602 911//602
f 933//601 932//601 912//601
f 932//600 931//600 910//600
f 931//599 930//599 906//599
f 930//598 929//598 905//598
f 929//597 928//597 899//597
f 928//596 927//596 900//596
f 927//595 926//595 897//595
f 926//594 936//594 895//594
f 935//28 907//28 901//28
f 901//28 925//28 935//28
f 937//63 938//63 935//63
f 935//63 925//63 937//63
f 814//64 766//64 765//64
f 939//64 803//64 802//64
f 940//64 804//64 803//64
f 938//64 767//64 812//64
f 765//64 815//64 814//64
f 941//64 776//64 775//64
f 941//64 942//64 777//64
f 764//64 816//64 815//64
f 803//64 939//64 940//64
f 940//64 943//64 805//64
f 767//64 813//64 812//64
f 813//64 767//64 766//64
f 938//64 937//64 769//64
f 777//64 776//64 941//64
f 942//64 944//64 778//64
f 817//64 764//64 763//64
f 764//64 817//64 816//64
f 945//64 819//64 818//64
f 805//64 804//64 940//64
f 943//64 946//64 806//64
f 947//64 807//64 806//64
f 947//64 948//64 808//64
f 814//64 813//64 766//64
f 769//64 768//64 938//64
f 778//64 777//64 942//64
f 949//64 779//64 778//64
f 950//64 760//64 779//64
f 815//64 765//64 764//64
f 818//64 762//64 945//64
f 951//64 802//64 801//64
f 806//64 805//64 943//64
f 808//64 807//64 947//64
f 948//64 952//64 809//64
f 768//64 767//64 938//64
f 778//64 944//64 949//64
f 950//64 761//64 760//64
f 945//64 762//64 761//64
f 818//64 817//64 762//64
f 802//64 951//64 939//64
f 809//64 808//64 948//64
f 953//64 954//64 772//64
f 954//64 955//64 773//64
f 956//64 774//64 773//64
f 956//64 957//64 775//64
f 937//64 770//64 769//64
f 779//64 949//64 950//64
f 763//64 762//64 817//64
f 945//64 958//64 801//64
f 806//64 946//64 947//64
f 938//64 810//64 809//64
f 773//64 772//64 954//64
f 775//64 774//64 956//64
f 812//64 811//64 938//64
f 761//64 950//64 945//64
f 801//64 800//64 945//64
f 809//64 952//64 938//64
f 937//64 953//64 771//64
f 773//64 955//64 956//64
f 775//64 957//64 941//64
f 801//64 958//64 951//64
f 772//64 771//64 953//64
f 800//64 819//64 945//64
f 811//64 810//64 938//64
f 771//64 770//64 937//64
f 953//93 937//93 925//93
f 954//92 953//92 915//92
f 955//91 954//91 916//91
f 956//90 955//90 917//90
f 957//89 956//89 918//89
f 941//98 957//98 919//98
f 942//97 941//97 920//97
f 944//96 942//96 921//96
f 949//95 944//95 922//95
f 950//94 949//94 923//94
f 923//94 924//94 950//94
f 922//95 923//95 949//95
f 921//96 922//96 944//96
f 920//97 921//97 942//97
f 919//98 920//98 941//98
f 918//89 919//89 957//89
f 917//90 918//90 956//90
f 916//91 917//91 955//91
f 915//92 916//92 954//92
f 925//93 915//93 953//93
f 958//526 945//526 936//526
f 951//527 958//527 926//527
f 939//528 951//528 927//528
f 940//529 939//529 928//529
f 943//530 940//530 929//530
f 946//531 943//531 930//531
f 947//532 946//532 931//532
f 948//533 947//533 932//533
f 952//534 948//534 933//534
f 938//535 952//535 934//535
f 934//535 935//535 938//535
f 933//534 934//534 952//534
f 932//533 933//533 948//533
f 931//532 932//532 947//532
f 930//531 931//531 946//531
f 929//530 930//530 943//530
f 928//529 929//529 940//529
f 927//528 928//528 939//528
f 926//527 927//527 951//527
f 936//526 926//526 958//526
f 950//62 924//62 936//62
f 936//62 945//62 950//62
f 895//23 936//23 924//23
f 924//23 894//23 895//23
f 532//604 462//604 959//604
f 462//604 960//604 959//604
f 462//604 961//604 960//604
f 462//604 461//604 962//604
f 963//604 461//604 964//604
f 965//604 966//604 967//604
f 968//604 969//604 970//604
f 968//604 971//604 972//604
f 462//604 973//604 961//604
f 461//604 963//604 962//604
f 461//604 974//604 964//604
f 965//604 964//604 966//604
f 975//604 967//604 976//604
f 972//604 969//604 968//604
f 977//604 978//604 979//604
f 980//604 532//604 981//604
f 532//604 982//604 983//604
f 962//604 973//604 462//604
f 967//604 975//604 965//604
f 970//604 976//604 968//604
f 978//604 972//604 971//604
f 979//604 984//604 977//604
f 981//604 985//604 980//604
f 983//604 986//604 532//604
f 964//604 965//604 963//604
f 971//604 979//604 978//604
f 980//604 987//604 977//604
f 986//604 981//604 532//604
f 976//604 970//604 975//604
f 985//604 987//604 980//604
f 984//604 980//604 977//604
f 532//604 988//604 982//604
f 533//604 532//604 980//604
f 989//604 990//604 991//604
f 992//604 989//604 993//604
f 991//604 994//604 989//604
f 993//604 537//604 992//604
f 995//604 996//604 997//604
f 994//604 998//604 989//604
f 537//604 999//604 992//604
f 538//604 1000//604 999//604
f 538//604 896//604 1001//604
f 980//604 1002//604 1003//604
f 995//604 1004//604 996//604
f 990//604 1005//604 1006//604
f 993//604 1007//604 537//604
f 538//604 1008//604 1000//604
f 1001//604 1009//604 538//604
f 896//604 1010//604 1011//604
f 896//604 1012//604 1013//604
f 1003//604 896//604 980//604
f 980//604 995//604 1014//604
f 995//604 980//604 1004//604
f 1015//604 997//604 1016//604
f 1016//604 1006//604 1017//604
f 1006//604 991//604 990//604
f 999//604 537//604 538//604
f 1011//604 1001//604 896//604
f 1003//604 1012//604 896//604
f 997//604 1015//604 995//604
f 1017//604 1018//604 1016//604
f 998//604 993//604 989//604
f 1013//604 1010//604 896//604
f 1016//604 1018//604 1015//604
f 1009//604 1008//604 538//604
f 1005//604 1017//604 1006//604
f 1019//604 1020//604 1021//604
f 1019//604 1022//604 1023//604
f 1024//604 1025//604 1026//604
f 1019//604 1027//604 1020//604
f 1022//604 1024//604 1023//604
f 1026//604 1028//604 1024//604
f 1023//604 1027//604 1019//604
f 1029//604 1021//604 1030//604
f 1031//604 1032//604 1033//604
f 1031//604 1034//604 1035//604
f 461//604 1036//604 1037//604
f 1028//604 1023//604 1024//604
f 1030//604 1038//604 1029//604
f 1034//604 1039//604 1040//604
f 1035//604 1032//604 1031//604
f 461//604 1041//604 1036//604
f 461//604 1042//604 1043//604
f 461//604 1022//604 1044//604
f 1022//604 1019//604 1045//604
f 1021//604 1029//604 1019//604
f 1040//604 1039//604 1046//604
f 1033//604 974//604 1031//604
f 1043//604 1041//604 461//604
f 461//604 1047//604 1048//604
f 1044//604 1049//604 461//604
f 1022//604 1050//604 1051//604
f 1025//604 1052//604 1026//604
f 1046//604 1030//604 1040//604
f 974//604 1053//604 1031//604
f 1048//604 1042//604 461//604
f 1051//604 1044//604 1022//604
f 1046//604 1038//604 1030//604
f 974//604 1037//604 1053//604
f 1054//604 1055//604 1052//604
f 1049//604 1047//604 461//604
f 1040//604 1035//604 1034//604
f 1052//604 1056//604 1054//604
f 1045//604 1050//604 1022//604
f 461//604 460//604 1057//604
f 1037//604 974//604 461//604
f 460//604 1058//604 1057//604
f 460//604 1059//604 1060//604
f 1061//604 1062//604 1063//604
f 1057//604 1022//604 461//604
f 460//604 1064//604 1059//604
f 537//604 1065//604 1064//604
f 1007//604 1066//604 1067//604
f 1061//604 1007//604 1062//604
f 1068//604 1063//604 1069//604
f 1054//604 1056//604 1070//604
f 1060//604 1058//604 460//604
f 537//604 1071//604 1065//604
f 1067//604 537//604 1007//604
f 1063//604 1068//604 1061//604
f 1070//604 1069//604 1054//604
f 1064//604 460//604 537//604
f 537//604 1072//604 1073//604
f 1007//604 1074//604 1066//604
f 1069//604 1070//604 1068//604
f 1073//604 1071//604 537//604
f 1061//604 1074//604 1007//604
f 1067//604 1072//604 537//604
f 1055//604 1026//604 1052//604
f 1014//604 1002//604 980//604
f 980//604 896//604 533//604
f 959//604 988//604 532//604
f 1075//30 1076//30 969//30
f 1077//29 1075//29 972//29
f 1078//28 1077//28 978//28
f 1079//27 1078//27 977//27
f 1080//26 1079//26 987//26
f 1081//25 1080//25 985//25
f 1082//24 1081//24 981//24
f 1083//23 1082//23 986//23
f 1084//22 1083//22 983//22
f 1085//21 1084//21 982//21
f 1086//40 1085//40 988//40
f 1087//39 1086//39 959//39
f 1088//38 1087//38 960//38
f 1089//37 1088//37 961//37
f 1090//36 1089//36 973//36
f 1091//35 1090//35 962//35
f 1092//34 1091//34 963//34
f 1093//33 1092//33 965//33
f 1094//32 1093//32 975//32
f 1076//31 1094//31 970//31
f 970//31 969//31 1076//31
f 975//32 970//32 1094//32
f 965//33 975//33 1093//33
f 963//34 965//34 1092//34
f 962//35 963//35 1091//35
f 973//36 962//36 1090//36
f 961//37 973//37 1089//37
f 960//38 961//38 1088//38
f 959//39 960//39 1087//39
f 988//40 959//40 1086//40
f 982//21 988//21 1085//21
f 983//22 982//22 1084//22
f 986//23 983//23 1083//23
f 981//24 986//24 1082//24
f 985//25 981//25 1081//25
f 987//26 985//26 1080//26
f 977//27 987//27 1079//27
f 978//28 977//28 1078//28
f 972//29 978//29 1077//29
f 969//30 972//30 1075//30
f 1095//605 1084//605 1085//605
f 1095//606 1083//606 1084//606
f 1095//607 1082//607 1083//607
f 1095//608 1081//608 1082//608
f 1095//609 1080//609 1081//609
f 1095//610 1079//610 1080//610
f 1095//611 1078//611 1079//611
f 1095//612 1077//612 1078//612
f 1095//613 1075//613 1077//613
f 1095//614 1076//614 1075//614
f 1095//615 1094//615 1076//615
f 1095//616 1093//616 1094//616
f 1095//617 1092//617 1093//617
f 1095//618 1091//618 1092//618
f 1095//619 1090//619 1091//619
f 1095//620 1089//620 1090//620
f 1095//621 1088//621 1089//621
f 1095//622 1087//622 1088//622
f 1095//623 1086//623 1087//623
f 1095//624 1085//624 1086//624
f 1096//30 1097//30 999//30
f 1098//29 1096//29 1000//29
f 1099//28 1098//28 1008//28
f 1100//27 1099//27 1009//27
f 1101//26 1100//26 1001//26
f 1102//25 1101//25 1011//25
f 1103//24 1102//24 1010//24
f 1104//23 1103//23 1013//23
f 1105//22 1104//22 1012//22
f 1106//21 1105//21 1003//21
f 1107//40 1106//40 1002//40
f 1108//39 1107//39 1014//39
f 1109//38 1108//38 995//38
f 1110//37 1109//37 1015//37
f 1111//36 1110//36 1018//36
f 1112//35 1111//35 1017//35
f 1113//34 1112//34 1005//34
f 1114//33 1113//33 990//33
f 1115//32 1114//32 989//32
f 1097//31 1115//31 992//31
f 992//31 999//31 1097//31
f 989//32 992//32 1115//32
f 990//33 989//33 1114//33
f 1005//34 990//34 1113//34
f 1017//35 1005//35 1112//35
f 1018//36 1017//36 1111//36
f 1015//37 1018//37 1110//37
f 995//38 1015//38 1109//38
f 1014//39 995//39 1108//39
f 1002//40 1014//40 1107//40
f 1003//21 1002//21 1106//21
f 1012//22 1003//22 1105//22
f 1013//23 1012//23 1104//23
f 1010//24 1013//24 1103//24
f 1011//25 1010//25 1102//25
f 1001//26 1011//26 1101//26
f 1009//27 1001//27 1100//27
f 1008//28 1009//28 1099//28
f 1000//29 1008//29 1098//29
f 999//30 1000//30 1096//30
f 1116//605 1105//605 1106//605
f 1116//606 1104//606 1105//606
f 1116//607 1103//607 1104//607
f 1116//608 1102//608 1103//608
f 1116//609 1101//609 1102//609
f 1116//610 1100//610 1101//610
f 1116//611 1099//611 1100//611
f 1116//612 1098//612 1099//612
f 1116//613 1096//613 1098//613
f 1116//614 1097//614 1096//614
f 1116//615 1115//615 1097//615
f 1116//616 1114//616 1115//616
f 1116//617 1113//617 1114//617
f 1116//618 1112//618 1113//618
f 1116//619 1111//619 1112//619
f 1116//620 1110//620 1111//620
f 1116//621 1109//621 1110//621
f 1116//622 1108//622 1109//622
f 1116//623 1107//623 1108//623
f 1116//624 1106//624 1107//624
f 1117//30 1118//30 1050//30
f 1119//29 1117//29 1045//29
f 1120//28 1119//28 1019//28
f 1121//27 1120//27 1029//27
f 1122//26 1121//26 1038//26
f 1123//25 1122//25 1046//25
f 1124//24 1123//24 1039//24
f 1125//23 1124//23 1034//23
f 1126//22 1125//22 1031//22
f 1127//21 1126//21 1053//21
f 1128//40 1127//40 1037//40
f 1129//39 1128//39 1036//39
f 1130//38 1129//38 1041//38
f 1131//37 1130//37 1043//37
f 1132//36 1131//36 1042//36
f 1133//35 1132//35 1048//35
f 1134//34 1133//34 1047//34
f 1135//33 1134//33 1049//33
f 1136//32 1135//32 1044//32
f 1118//31 1136//31 1051//31
f 1051//31 1050//31 1118//31
f 1044//32 1051//32 1136//32
f 1049//33 1044//33 1135//33
f 1047//34 1049//34 1134//34
f 1048//35 1047//35 1133//35
f 1042//36 1048//36 1132//36
f 1043//37 1042//37 1131//37
f 1041//38 1043//38 1130//38
f 1036//39 1041//39 1129//39
f 1037//40 1036//40 1128//40
f 1053//21 1037//21 1127//21
f 1031//22 1053//22 1126//22
f 1034//23 1031//23 1125//23
f 1039//24 1034//24 1124//24
f 1046//25 1039//25 1123//25
f 1038//26 1046//26 1122//26
f 1029//27 1038//27 1121//27
f 1019//28 1029//28 1120//28
f 1045//29 1019//29 1119//29
f 1050//30 1045//30 1117//30
f 1137//605 1126//605 1127//605
f 1137//606 1125//606 1126//606
f 1137//607 1124//607 1125//607
f 1137//608 1123//608 1124//608
f 1137//609 1122//609 1123//609
f 1137//610 1121//610 1122//610
f 1137//611 1120//611 1121//611
f 1137//612 1119//612 1120//612
f 1137//613 1117//613 1119//613
f 1137//614 1118//614 1117//614
f 1137//615 1136//615 1118//615
f 1137//616 1135//616 1136//616
f 1137//617 1134//617 1135//617
f 1137//618 1133//618 1134//618
f 1137//619 1132//619 1133//619
f 1137//620 1131//620 1132//620
f 1137//621 1130//621 1131//621
f 1137//622 1129//622 1130//622
f 1137//623 1128//623 1129//623
f 1137//624 1127//624 1128//624
f 1138//30 1139//30 1065//30
f 1140//29 1138//29 1071//29
f 1141//28 1140//28 1073//28
f 1142//27 1141//27 1072//27
f 1143//26 1142//26 1067//26
f 1144//25 1143//25 1066//25
f 1145//24 1144//24 1074//24
f 1146//23 1145//23 1061//23
f 1147//22 1146//22 1068//22
f 1148//21 1147//21 1070//21
f 1149//40 1148//40 1056//40
f 1150//39 1149//39 1052//39
f 1151//38 1150//38 1025//38
f 1152//37 1151//37 1024//37
f 1153//36 1152//36 1022//36
f 1154//35 1153//35 1057//35
f 1155//34 1154//34 1058//34
f 1156//33 1155//33 1060//33
f 1157//32 1156//32 1059//32
f 1139//31 1157//31 1064//31
f 1064//31 1065//31 1139//31
f 1059//32 1064//32 1157//32
f 1060//33 1059//33 1156//33
f 1058//34 1060//34 1155//34
f 1057//35 1058//35 1154//35
f 1022//36 1057//36 1153//36
f 1024//37 1022//37 1152//37
f 1025//38 1024//38 1151//38
f 1052//39 1025//39 1150//39
f 1056//40 1052//40 1149//40
f 1070//21 1056//21 1148//21
f 1068//22 1070//22 1147//22
f 1061//23 1068//23 1146//23
f 1074//24 1061//24 1145//24
f 1066//25 1074//25 1144//25
f 1067//26 1066//26 1143//26
f 1072//27 1067//27 1142//27
f 1073//28 1072//28 1141//28
f 1071//29 1073//29 1140//29
f 1065//30 1071//30 1138//30
f 1158//605 1147//605 1148//605
f 1158//606 1146//606 1147//606
f 1158//607 1145//607 1146//607
f 1158//608 1144//608 1145//608
f 1158//609 1143//609 1144//609
f 1158//610 1142//610 1143//610
f 1158//611 1141//611 1142//611
f 1158//612 1140//612 1141//612
f 1158//613 1138//613 1140//613
f 1158//614 1139//614 1138//614
f 1158//615 1157//615 1139//615
f 1158//616 1156//616 1157//616
f 1158//617 1155//617 1156//617
f 1158//618 1154//618 1155//618
f 1158//619 1153//619 1154//619
f 1158//620 1152//620 1153//620
f 1158//621 1151//621 1152//621
f 1158//622 1150//622 1151//622
f 1158//623 1149//623 1150//623
f 1158//624 1148//624 1149//624
f 1159//625 1160//625 1161//625
f 1162//626 1163//626 1164//626
f 1163//627 1161//627 1164//627
f 1162//628 1165//628 1166//628
f 1166//629 1167//629 1162//629
f 1167//630 1168//630 1169//630
f 1170//631 1171//631 1172//631
f 1171//632 1169//632 1172//632
f 1170//633 1173//633 1174//633
f 1174//634 1175//634 1170//634
f 1175//635 1176//635 1177//635
f 1178//636 1179//636 1180//636
f 1179//637 1177//637 1180//637
f 1178//638 1181//638 1182//638
f 1182//639 1183//639 1178//639
f 1183//640 1184//640 1185//640
f 1185//641 1186//641 1183//641
f 1186//642 1187//642 1188//642
f 1189//643 1190//643 1191//643
f 1190//644 1188//644 1191//644
f 1189//645 1192//645 1193//645
f 1193//646 1194//646 1189//646
f 1194//647 1195//647 1196//647
f 1197//648 1198//648 1199//648
f 1198//649 1196//649 1199//649
f 1197//650 1200//650 1201//650
f 1201//651 1202//651 1197//651
f 1202//652 1203//652 1204//652
f 1205//653 1206//653 1207//653
f 1206//654 1204//654 1207//654
f 1205//655 1208//655 1209//655
f 1209//656 1210//656 1205//656
f 1210//657 1211//657 1212//657
f 1213//658 1214//658 1215//658
f 1214//659 1212//659 1215//659
f 1213//660 1216//660 1217//660
f 1217//661 1218//661 1213//661
f 1218//662 1219//662 1220//662
f 1221//663 1222//663 1223//663
f 1222//664 1220//664 1223//664
f 1221//665 1224//665 1225//665
f 1225//666 1226//666 1221//666
f 1226//667 1227//667 1228//667
f 1229//668 1230//668 1231//668
f 1230//669 1228//669 1231//669
f 1229//670 1232//670 1233//670
f 1233//671 1234//671 1229//671
f 1234//672 1235//672 1236//672
f 1237//673 1238//673 1239//673
f 1238//674 1236//674 1239//674
f 1237//675 1240//675 1241//675
f 1241//676 1242//676 1237//676
f 1242//677 1243//677 1244//677
f 1245//678 1246//678 1247//678
f 1246//679 1244//679 1247//679
f 1245//680 1248//680 1249//680
f 1249//681 1159//681 1245//681
f 1250//682 1159//682 1163//682
f 1251//683 1163//683 1162//683
f 1252//684 1162//684 1167//684
f 1253//685 1167//685 1171//685
f 1254//686 1171//686 1170//686
f 1255//687 1170//687 1175//687
f 1256//688 1175//688 1179//688
f 1257//689 1179//689 1178//689
f 1258//690 1178//690 1183//690
f 1259//691 1183//691 1186//691
f 1260//692 1186//692 1190//692
f 1261//693 1190//693 1189//693
f 1262//694 1189//694 1194//694
f 1263//695 1194//695 1198//695
f 1264//696 1198//696 1197//696
f 1265//697 1197//697 1202//697
f 1266//698 1202//698 1206//698
f 1267//699 1206//699 1205//699
f 1268//700 1205//700 1210//700
f 1269//701 1210//701 1214//701
f 1270//702 1214//702 1213//702
f 1271//703 1213//703 1218//703
f 1272//704 1218//704 1222//704
f 1273//705 1222//705 1221//705
f 1274//706 1221//706 1226//706
f 1275//707 1226//707 1230//707
f 1276//708 1230//708 1229//708
f 1277//709 1229//709 1234//709
f 1278//710 1234//710 1238//710
f 1279//711 1238//711 1237//711
f 1280//712 1237//712 1242//712
f 1281//713 1242//713 1246//713
f 1282//714 1246//714 1245//714
f 1283//715 1245//715 1159//715
f 1284//716 1250//716 1251//716
f 1285//717 1251//717 1252//717
f 1286//718 1252//718 1253//718
f 1287//719 1253//719 1254//719
f 1288//720 1254//720 1255//720
f 1289//721 1255//721 1256//721
f 1290//722 1256//722 1257//722
f 1291//723 1257//723 1258//723
f 1292//724 1258//724 1259//724
f 1293//725 1259//725 1260//725
f 1294//726 1260//726 1261//726
f 1295//727 1261//727 1262//727
f 1296//728 1262//728 1263//728
f 1297//729 1263//729 1264//729
f 1298//730 1264//730 1265//730
f 1299//731 1265//731 1266//731
f 1300//732 1266//732 1267//732
f 1301//733 1267//733 1268//733
f 1302//734 1268//734 1269//734
f 1303//735 1269//735 1270//735
f 1304//736 1270//736 1271//736
f 1305//737 1271//737 1272//737
f 1306//738 1272//738 1273//738
f 1307//739 1273//739 1274//739
f 1308//740 1274//740 1275//740
f 1309//741 1275//741 1276//741
f 1310//742 1276//742 1277//742
f 1311//743 1277//743 1278//743
f 1312//744 1278//744 1279//744
f 1313//745 1279//745 1280//745
f 1314//746 1280//746 1281//746
f 1315//747 1281//747 1282//747
f 1316//748 1282//748 1283//748
f 1317//749 1283//749 1250//749
f 1318//750 1284//750 1285//750
f 1319//751 1285//751 1286//751
f 1320//752 1286//752 1287//752
f 1321//753 1287//753 1288//753
f 1322//754 1288//754 1289//754
f 1323//755 1289//755 1290//755
f 1324//756 1290//756 1291//756
f 1325//757 1291//757 1292//757
f 1326//758 1292//758 1293//758
f 1327//759 1293//759 1294//759
f 1328//760 1294//760 1295//760
f 1329//761 1295//761 1296//761
f 1330//762 1296//762 1297//762
f 1331//763 1297//763 1298//763
f 1332//764 1298//764 1299//764
f 1333//765 1299//765 1300//765
f 1334//766 1300//766 1301//766
f 1335//767 1301//767 1302//767
f 1336//768 1302//768 1303//768
f 1337//769 1303//769 1304//769
f 1338//770 1304//770 1305//770
f 1339//771 1305//771 1306//771
f 1340//772 1306//772 1307//772
f 1341//773 1307//773 1308//773
f 1342//774 1308//774 1309//774
f 1343//775 1309//775 1310//775
f 1344//776 1310//776 1311//776
f 1345//777 1311//777 1312//777
f 1346//778 1312//778 1313//778
f 1347//779 1313//779 1314//779
f 1348//780 1314//780 1315//780
f 1349//781 1315//781 1316//781
f 1350//782 1316//782 1317//782
f 1351//783 1317//783 1284//783
f 1054//784 1318//784 1319//784
f 1055//785 1319//785 1320//785
f 1026//786 1320//786 1321//786
f 1028//787 1321//787 1322//787
f 1023//788 1322//788 1323//788
f 1027//789 1323//789 1324//789
f 1020//790 1324//790 1325//790
f 1021//791 1325//791 1326//791
f 1030//792 1326//792 1327//792
f 1040//793 1327//793 1328//793
f 1035//794 1328//794 1329//794
f 1032//795 1329//795 1330//795
f 1331//796 964//796 974//796
f 974//797 1330//797 1331//797
f 964//798 1331//798 1332//798
f 966//799 1332//799 1333//799
f 967//800 1333//800 1334//800
f 976//801 1334//801 1335//801
f 968//802 1335//802 1336//802
f 971//803 1336//803 1337//803
f 979//804 1337//804 1338//804
f 984//805 1338//805 1339//805
f 980//806 1339//806 1340//806
f 1004//807 1340//807 1341//807
f 996//808 1341//808 1342//808
f 997//809 1342//809 1343//809
f 1016//810 1343//810 1344//810
f 1006//811 1344//811 1345//811
f 991//812 1345//812 1346//812
f 994//813 1346//813 1347//813
f 998//814 1347//814 1348//814
f 1349//815 1062//815 1007//815
f 1007//816 1348//816 1349//816
f 1062//817 1349//817 1350//817
f 1063//818 1350//818 1351//818
f 1069//819 1351//819 1318//819
f 1318//819 1054//819 1069//819
f 1351//818 1069//818 1063//818
f 1350//817 1063//817 1062//817
f 1007//820 993//820 1348//820
f 1348//814 993//814 998//814
f 1347//813 998//813 994//813
f 1346//812 994//812 991//812
f 1345//811 991//811 1006//811
f 1344//810 1006//810 1016//810
f 1343//809 1016//809 997//809
f 1342//808 997//808 996//808
f 1341//807 996//807 1004//807
f 1340//806 1004//806 980//806
f 1339//805 980//805 984//805
f 1338//804 984//804 979//804
f 1337//803 979//803 971//803
f 1336//802 971//802 968//802
f 1335//801 968//801 976//801
f 1334//800 976//800 967//800
f 1333//799 967//799 966//799
f 1332//798 966//798 964//798
f 974//821 1033//821 1330//821
f 1330//795 1033//795 1032//795
f 1329//794 1032//794 1035//794
f 1328//793 1035//793 1040//793
f 1327//792 1040//792 1030//792
f 1326//791 1030//791 1021//791
f 1325//790 1021//790 1020//790
f 1324//789 1020//789 1027//789
f 1323//788 1027//788 1023//788
f 1322//787 1023//787 1028//787
f 1321//786 1028//786 1026//786
f 1320//785 1026//785 1055//785
f 1319//784 1055//784 1054//784
f 1284//783 1318//783 1351//783
f 1317//782 1351//782 1350//782
f 1316//781 1350//781 1349//781
f 1315//780 1349//780 1348//780
f 1314//779 1348//779 1347//779
f 1313//778 1347//778 1346//778
f 1312//777 1346//777 1345//777
f 1311//776 1345//776 1344//776
f 1310//775 1344//775 1343//775
f 1309//774 1343//774 1342//774
f 1308//773 1342//773 1341//773
f 1307//772 1341//772 1340//772
f 1306//771 1340//771 1339//771
f 1305//770 1339//770 1338//770
f 1304//769 1338//769 1337//769
f 1303//768 1337//768 1336//768
f 1302//767 1336//767 1335//767
f 1301//766 1335//766 1334//766
f 1300//765 1334//765 1333//765
f 1299//764 1333//764 1332//764
f 1298//763 1332//763 1331//763
f 1297//762 1331//762 1330//762
f 1296//761 1330//761 1329//761
f 1295//760 1329//760 1328//760
f 1294//759 1328//759 1327//759
f 1293//758 1327//758 1326//758
f 1292//757 1326//757 1325//757
f 1291//756 1325//756 1324//756
f 1290//755 1324//755 1323//755
f 1289//754 1323//754 1322//754
f 1288//753 1322//753 1321//753
f 1287//752 1321//752 1320//752
f 1286//751 1320//751 1319//751
f 1285//750 1319//750 1318//750
f 1250//749 1284//749 1317//749
f 1283//748 1317//748 1316//748
f 1282//747 1316//747 1315//747
f 1281//746 1315//746 1314//746
f 1280//745 1314//745 1313//745
f 1279//744 1313//744 1312//744
f 1278//743 1312//743 1311//743
f 1277//742 1311//742 1310//742
f 1276//741 1310//741 1309//741
f 1275//740 1309//740 1308//740
f 1274//739 1308//739 1307//739
f 1273//738 1307//738 1306//738
f 1272//737 1306//737 1305//737
f 1271//736 1305//736 1304//736
f 1270//735 1304//735 1303//735
f 1269//734 1303//734 1302//734
f 1268//733 1302//733 1301//733
f 1267//732 1301//732 1300//732
f 1266//731 1300//731 1299//731
f 1265//730 1299//730 1298//730
f 1264//729 1298//729 1297//729
f 1263//728 1297//728 1296//728
f 1262//727 1296//727 1295//727
f 1261//726 1295//726 1294//726
f 1260//725 1294//725 1293//725
f 1259//724 1293//724 1292//724
f 1258//723 1292//723 1291//723
f 1257//722 1291//722 1290//722
f 1256//721 1290//721 1289//721
f 1255//720 1289//720 1288//720
f 1254//719 1288//719 1287//719
f 1253//718 1287//718 1286//718
f 1252//717 1286//717 1285//717
f 1251//716 1285//716 1284//716
f 1159//715 1250//715 1283//715
f 1245//714 1283//714 1282//714
f 1246//713 1282//713 1281//713
f 1242//712 1281//712 1280//712
f 1237//711 1280//711 1279//711
f 1238//710 1279//710 1278//710
f 1234//709 1278//709 1277//709
f 1229//708 1277//708 1276//708
f 1230//707 1276//707 1275//707
f 1226//706 1275//706 1274//706
f 1221//705 1274//705 1273//705
f 1222//704 1273//704 1272//704
f 1218//703 1272//703 1271//703
f 1213//702 1271//702 1270//702
f 1214//701 1270//701 1269//701
f 1210//700 1269//700 1268//700
f 1205//699 1268//699 1267//699
f 1206//698 1267//698 1266//698
f 1202//697 1266//697 1265//697
f 1197//696 1265//696 1264//696
f 1198//695 1264//695 1263//695
f 1194//694 1263//694 1262//694
f 1189//693 1262//693 1261//693
f 1190//692 1261//692 1260//692
f 1186//691 1260//691 1259//691
f 1183//690 1259//690 1258//690
f 1178//689 1258//689 1257//689
f 1179//688 1257//688 1256//688
f 1175//687 1256//687 1255//687
f 1170//686 1255//686 1254//686
f 1171//685 1254//685 1253//685
f 1167//684 1253//684 1252//684
f 1162//683 1252//683 1251//683
f 1163//682 1251//682 1250//682
f 1249//822 1160//822 1159//822
f 1247//823 1248//823 1245//823
f 1244//677 1246//677 1242//677
f 1241//824 1243//824 1242//824
f 1239//825 1240//825 1237//825
f 1236//672 1238//672 1234//672
f 1233//826 1235//826 1234//826
f 1231//827 1232//827 1229//827
f 1228//667 1230//667 1226//667
f 1225//828 1227//828 1226//828
f 1223//829 1224//829 1221//829
f 1220//662 1222//662 1218//662
f 1217//830 1219//830 1218//830
f 1215//831 1216//831 1213//831
f 1212//657 1214//657 1210//657
f 1209//832 1211//832 1210//832
f 1207//833 1208//833 1205//833
f 1204//652 1206//652 1202//652
f 1201//834 1203//834 1202//834
f 1199//835 1200//835 1197//835
f 1196//647 1198//647 1194//647
f 1193//836 1195//836 1194//836
f 1191//837 1192//837 1189//837
f 1188//642 1190//642 1186//642
f 1185//838 1187//838 1186//838
f 1182//839 1184//839 1183//839
f 1180//840 1181//840 1178//840
f 1177//635 1179//635 1175//635
f 1174//841 1176//841 1175//841
f 1172//842 1173//842 1170//842
f 1169//630 1171//630 1167//630
f 1166//843 1168//843 1167//843
f 1164//844 1165//844 1162//844
f 1161//625 1163//625 1159//625
f 1352//845 1185//845 1184//845
f 1184//846 1353//846 1352//846
f 1184//847 1182//847 1353//847
f 1354//848 1191//848 1188//848
f 1187//849 1355//849 1356//849
f 1356//850 1188//850 1187//850
f 1187//851 1185//851 1355//851
f 1357//852 1193//852 1192//852
f 1192//853 1358//853 1357//853
f 1192//854 1191//854 1358//854
f 1191//855 1354//855 1358//855
f 1359//856 1199//856 1196//856
f 1195//857 1360//857 1361//857
f 1361//858 1196//858 1195//858
f 1195//859 1193//859 1360//859
f 1362//860 1201//860 1200//860
f 1200//861 1363//861 1362//861
f 1200//862 1199//862 1363//862
f 1199//863 1359//863 1363//863
f 1364//864 1207//864 1204//864
f 1203//865 1365//865 1366//865
f 1366//866 1204//866 1203//866
f 1203//867 1201//867 1365//867
f 1367//868 1209//868 1208//868
f 1208//869 1368//869 1367//869
f 1207//870 1364//870 1368//870
f 1368//871 1208//871 1207//871
f 1369//872 1215//872 1212//872
f 1211//873 1370//873 1371//873
f 1371//874 1212//874 1211//874
f 1211//875 1209//875 1370//875
f 1372//876 1217//876 1216//876
f 1215//877 1369//877 1373//877
f 1373//878 1216//878 1215//878
f 1374//879 1223//879 1220//879
f 1375//880 1220//880 1219//880
f 1219//881 1376//881 1375//881
f 1219//882 1217//882 1376//882
f 1217//883 1372//883 1376//883
f 1377//884 1225//884 1224//884
f 1223//885 1374//885 1378//885
f 1378//886 1224//886 1223//886
f 1231//887 1228//887 1379//887
f 1379//888 1228//888 1227//888
f 1227//888 1380//888 1379//888
f 1225//889 1377//889 1380//889
f 1380//890 1227//890 1225//890
f 1233//891 1232//891 1381//891
f 1382//892 1381//892 1232//892
f 1232//893 1231//893 1382//893
f 1383//894 1384//894 1236//894
f 1384//895 1239//895 1236//895
f 1236//896 1235//896 1383//896
f 1385//897 1383//897 1235//897
f 1235//898 1233//898 1385//898
f 1241//899 1240//899 1386//899
f 1387//900 1386//900 1240//900
f 1240//901 1239//901 1387//901
f 1244//902 1243//902 1388//902
f 1389//903 1247//903 1244//903
f 1390//904 1388//904 1243//904
f 1243//905 1241//905 1390//905
f 1249//906 1248//906 1391//906
f 1392//907 1391//907 1248//907
f 1248//908 1247//908 1392//908
f 1247//909 1389//909 1392//909
f 1161//910 1160//910 1393//910
f 1394//911 1164//911 1161//911
f 1395//912 1393//912 1160//912
f 1160//913 1249//913 1395//913
f 1396//914 1397//914 1165//914
f 1397//915 1166//915 1165//915
f 1165//916 1164//916 1396//916
f 1164//917 1394//917 1396//917
f 1169//918 1168//918 1398//918
f 1399//919 1172//919 1169//919
f 1400//920 1398//920 1168//920
f 1168//921 1166//921 1400//921
f 1401//922 1402//922 1173//922
f 1402//923 1174//923 1173//923
f 1173//924 1172//924 1401//924
f 1172//925 1399//925 1401//925
f 1177//926 1176//926 1403//926
f 1404//927 1180//927 1177//927
f 1405//928 1403//928 1176//928
f 1176//929 1174//929 1405//929
f 1406//930 1353//930 1181//930
f 1353//931 1182//931 1181//931
f 1180//932 1404//932 1406//932
f 1181//933 1180//933 1406//933
f 1403//934 1404//934 1177//934
f 1402//935 1405//935 1174//935
f 1398//936 1399//936 1169//936
f 1397//937 1400//937 1166//937
f 1393//938 1394//938 1161//938
f 1391//939 1395//939 1249//939
f 1388//940 1389//940 1244//940
f 1386//941 1390//941 1241//941
f 1384//942 1387//942 1239//942
f 1381//943 1385//943 1233//943
f 1379//944 1382//944 1231//944
f 1224//945 1378//945 1377//945
f 1220//946 1375//946 1374//946
f 1216//947 1373//947 1372//947
f 1212//948 1371//948 1369//948
f 1367//949 1370//949 1209//949
f 1204//950 1366//950 1364//950
f 1362//951 1365//951 1201//951
f 1196//952 1361//952 1359//952
f 1357//953 1360//953 1193//953
f 1188//954 1356//954 1354//954
f 1352//955 1355//955 1185//955
f 1353//956 1406//956 1407//956
f 1408//957 1407//957 1404//957
f 1407//958 1406//958 1404//958
f 1408//959 1403//959 1405//959
f 1405//960 1409//960 1408//960
f 1402//961 1401//961 1410//961
f 1411//962 1410//962 1399//962
f 1410//963 1401//963 1399//963
f 1411//964 1398//964 1400//964
f 1400//965 1412//965 1411//965
f 1397//966 1396//966 1413//966
f 1414//967 1413//967 1394//967
f 1413//968 1396//968 1394//968
f 1414//969 1393//969 1395//969
f 1395//970 1415//970 1414//970
f 1391//971 1392//971 1416//971
f 1417//972 1416//972 1389//972
f 1416//973 1392//973 1389//973
f 1418//974 1417//974 1390//974
f 1417//975 1388//975 1390//975
f 1418//976 1386//976 1387//976
f 1387//977 1419//977 1418//977
f 1384//978 1383//978 1420//978
f 1421//979 1420//979 1385//979
f 1420//980 1383//980 1385//980
f 1421//981 1381//981 1382//981
f 1382//982 1422//982 1421//982
f 1379//983 1380//983 1423//983
f 1424//984 1423//984 1377//984
f 1423//985 1380//985 1377//985
f 1424//986 1378//986 1374//986
f 1374//987 1425//987 1424//987
f 1375//988 1376//988 1426//988
f 1427//989 1426//989 1372//989
f 1426//990 1376//990 1372//990
f 1427//991 1373//991 1369//991
f 1369//992 1428//992 1427//992
f 1428//993 1371//993 1370//993
f 1370//994 1429//994 1428//994
f 1367//995 1368//995 1430//995
f 1431//996 1430//996 1364//996
f 1430//997 1368//997 1364//997
f 1431//998 1366//998 1365//998
f 1365//999 1432//999 1431//999
f 1362//1000 1363//1000 1433//1000
f 1434//1001 1433//1001 1359//1001
f 1433//1002 1363//1002 1359//1002
f 1434//1003 1361//1003 1360//1003
f 1360//1004 1435//1004 1434//1004
f 1357//1005 1358//1005 1436//1005
f 1437//1006 1436//1006 1354//1006
f 1436//1007 1358//1007 1354//1007
f 1437//1008 1356//1008 1355//1008
f 1355//1009 1438//1009 1437//1009
f 1352//1010 1353//1010 1439//1010
f 1439//1011 1407//1011 1440//1011
f 1407//1012 1408//1012 1441//1012
f 1408//1013 1409//1013 1442//1013
f 1409//1014 1410//1014 1443//1014
f 1410//1015 1411//1015 1444//1015
f 1411//1016 1412//1016 1445//1016
f 1412//1017 1413//1017 1446//1017
f 1413//1018 1414//1018 1447//1018
f 1414//1019 1415//1019 1448//1019
f 1415//1020 1416//1020 1449//1020
f 1416//1021 1417//1021 1450//1021
f 1417//1022 1418//1022 1451//1022
f 1418//1023 1419//1023 1452//1023
f 1419//1024 1420//1024 1453//1024
f 1420//1025 1421//1025 1454//1025
f 1421//1026 1422//1026 1455//1026
f 1422//1027 1423//1027 1456//1027
f 1423//1028 1424//1028 1457//1028
f 1424//1029 1425//1029 1458//1029
f 1425//1030 1426//1030 1459//1030
f 1426//1031 1427//1031 1460//1031
f 1427//1032 1428//1032 1461//1032
f 1428//1033 1429//1033 1462//1033
f 1429//1034 1430//1034 1463//1034
f 1430//1035 1431//1035 1464//1035
f 1431//1036 1432//1036 1465//1036
f 1432//1037 1433//1037 1466//1037
f 1433//1038 1434//1038 1467//1038
f 1434//1039 1435//1039 1468//1039
f 1435//1040 1436//1040 1469//1040
f 1436//1041 1437//1041 1470//1041
f 1437//1042 1438//1042 1471//1042
f 1438//1043 1439//1043 1472//1043
f 1472//1044 1440//1044 1473//1044
f 1440//1045 1441//1045 1474//1045
f 1441//1046 1442//1046 1475//1046
f 1442//1047 1443//1047 1476//1047
f 1443//1048 1444//1048 1477//1048
f 1444//1049 1445//1049 1478//1049
f 1445//1050 1446//1050 1479//1050
f 1446//1051 1447//1051 1480//1051
f 1447//1052 1448//1052 1481//1052
f 1448//1053 1449//1053 1482//1053
f 1449//1054 1450//1054 1483//1054
f 1450//1055 1451//1055 1484//1055
f 1451//1056 1452//1056 1485//1056
f 1452//1057 1453//1057 1486//1057
f 1453//1058 1454//1058 1487//1058
f 1454//1059 1455//1059 1488//1059
f 1455//1060 1456//1060 1489//1060
f 1456//1061 1457//1061 1490//1061
f 1457//1062 1458//1062 1491//1062
f 1458//1063 1459//1063 1492//1063
f 1459//1064 1460//1064 1493//1064
f 1460//1065 1461//1065 1494//1065
f 1461//1066 1462//1066 1495//1066
f 1462//1067 1463//1067 1496//1067
f 1463//1068 1464//1068 1497//1068
f 1464//1069 1465//1069 1498//1069
f 1465//1070 1466//1070 1499//1070
f 1466//1071 1467//1071 1500//1071
f 1467//1072 1468//1072 1501//1072
f 1468//1073 1469//1073 1502//1073
f 1469//1074 1470//1074 1503//1074
f 1470//1075 1471//1075 1504//1075
f 1471//1076 1472//1076 1505//1076
f 1505//1077 1473//1077 1506//1077
f 1473//1078 1474//1078 1507//1078
f 1474//1079 1475//1079 1508//1079
f 1475//1080 1476//1080 1509//1080
f 1476//1081 1477//1081 1510//1081
f 1477//1082 1478//1082 1511//1082
f 1478//1083 1479//1083 1512//1083
f 1479//1084 1480//1084 1513//1084
f 1480//1085 1481//1085 1514//1085
f 1481//1086 1482//1086 1515//1086
f 1482//1087 1483//1087 1516//1087
f 1483//1088 1484//1088 1517//1088
f 1484//1089 1485//1089 1518//1089
f 1485//1090 1486//1090 1519//1090
f 1486//1091 1487//1091 1520//1091
f 1487//1092 1488//1092 1521//1092
f 1488//1093 1489//1093 1522//1093
f 1489//1094 1490//1094 1523//1094
f 1490//1095 1491//1095 1524//1095
f 1491//1096 1492//1096 1525//1096
f 1492//1097 1493//1097 1526//1097
f 1493//1098 1494//1098 1527//1098
f 1494//1099 1495//1099 1528//1099
f 1495//1100 1496//1100 1529//1100
f 1496//1101 1497//1101 1530//1101
f 1497//1102 1498//1102 1531//1102
f 1498//1103 1499//1103 1532//1103
f 1499//1104 1500//1104 1533//1104
f 1500//1105 1501//1105 1534//1105
f 1501//1106 1502//1106 1535//1106
f 1502//1107 1503//1107 1536//1107
f 1503//1108 1504//1108 1537//1108
f 1504//1109 1505//1109 1538//1109
f 1538//1110 1506//1110 1539//1110
f 1506//1111 1507//1111 1540//1111
f 1507//1112 1508//1112 1541//1112
f 1508//1113 1509//1113 1542//1113
f 1509//1114 1510//1114 1543//1114
f 1510//1115 1511//1115 1544//1115
f 1511//1116 1512//1116 1545//1116
f 1512//1117 1513//1117 1546//1117
f 1513//1118 1514//1118 1547//1118
f 1514//1119 1515//1119 1548//1119
f 1515//1120 1516//1120 1549//1120
f 1516//1121 1517//1121 1550//1121
f 1517//1122 1518//1122 1551//1122
f 1518//1123 1519//1123 1552//1123
f 1519//1124 1520//1124 1553//1124
f 1520//1125 1521//1125 1554//1125
f 1521//1126 1522//1126 1555//1126
f 1522//1127 1523//1127 1556//1127
f 1523//1128 1524//1128 1557//1128
f 1524//1129 1525//1129 1558//1129
f 1525//1130 1526//1130 1559//1130
f 1526//1131 1527//1131 1560//1131
f 1527//1132 1528//1132 1561//1132
f 1528//1133 1529//1133 1562//1133
f 1529//1134 1530//1134 1563//1134
f 1530//1135 1531//1135 1564//1135
f 1531//1136 1532//1136 1565//1136
f 1532//1137 1533//1137 1566//1137
f 1533//1138 1534//1138 1567//1138
f 1534//1139 1535//1139 1568//1139
f 1535//1140 1536//1140 1569//1140
f 1536//1141 1537//1141 1570//1141
f 1537//1142 1538//1142 1571//1142
f 1571//1142 1570//1142 1537//1142
f 1570//1141 1569//1141 1536//1141
f 1569//1140 1568//1140 1535//1140
f 1568//1139 1567//1139 1534//1139
f 1567//1138 1566//1138 1533//1138
f 1566//1137 1565//1137 1532//1137
f 1565//1136 1564//1136 1531//1136
f 1564//1135 1563//1135 1530//1135
f 1563//1134 1562//1134 1529//1134
f 1562//1133 1561//1133 1528//1133
f 1561//1132 1560//1132 1527//1132
f 1560//1131 1559//1131 1526//1131
f 1559//1130 1558//1130 1525//1130
f 1558//1129 1557//1129 1524//1129
f 1557//1128 1556//1128 1523//1128
f 1556//1127 1555//1127 1522//1127
f 1555//1126 1554//1126 1521//1126
f 1554//1125 1553//1125 1520//1125
f 1553//1124 1552//1124 1519//1124
f 1552//1123 1551//1123 1518//1123
f 1551//1122 1550//1122 1517//1122
f 1550//1121 1549//1121 1516//1121
f 1549//1120 1548//1120 1515//1120
f 1548//1119 1547//1119 1514//1119
f 1547//1118 1546//1118 1513//1118
f 1546//1117 1545//1117 1512//1117
f 1545//1116 1544//1116 1511//1116
f 1544//1115 1543//1115 1510//1115
f 1543//1114 1542//1114 1509//1114
f 1542//1113 1541//1113 1508//1113
f 1541//1112 1540//1112 1507//1112
f 1540//1111 1539//1111 1506//1111
f 1539//1110 1571//1110 1538//1110
f 1538//1109 1537//1109 1504//1109
f 1537//1108 1536//1108 1503//1108
f 1536//1107 1535//1107 1502//1107
f 1535//1106 1534//1106 1501//1106
f 1534//1105 1533//1105 1500//1105
f 1533//1104 1532//1104 1499//1104
f 1532//1103 1531//1103 1498//1103
f 1531//1102 1530//1102 1497//1102
f 1530//1101 1529//1101 1496//1101
f 1529//1100 1528//1100 1495//1100
f 1528//1099 1527//1099 1494//1099
f 1527//1098 1526//1098 1493//1098
f 1526//1097 1525//1097 1492//1097
f 1525//1096 1524//1096 1491//1096
f 1524//1095 1523//1095 1490//1095
f 1523//1094 1522//1094 1489//1094
f 1522//1093 1521//1093 1488//1093
f 1521//1092 1520//1092 1487//1092
f 1520//1091 1519//1091 1486//1091
f 1519//1090 1518//1090 1485//1090
f 1518//1089 1517//1089 1484//1089
f 1517//1088 1516//1088 1483//1088
f 1516//1087 1515//1087 1482//1087
f 1515//1086 1514//1086 1481//1086
f 1514//1085 1513//1085 1480//1085
f 1513//1084 1512//1084 1479//1084
f 1512//1083 1511//1083 1478//1083
f 1511//1082 1510//1082 1477//1082
f 1510//1081 1509//1081 1476//1081
f 1509//1080 1508//1080 1475//1080
f 1508//1079 1507//1079 1474//1079
f 1507//1078 1506//1078 1473//1078
f 1506//1077 1538//1077 1505//1077
f 1505//1076 1504//1076 1471//1076
f 1504//1075 1503//1075 1470//1075
f 1503//1074 1502//1074 1469//1074
f 1502//1073 1501//1073 1468//1073
f 1501//1072 1500//1072 1467//1072
f 1500//1071 1499//1071 1466//1071
f 1499//1070 1498//1070 1465//1070
f 1498//1069 1497//1069 1464//1069
f 1497//1068 1496//1068 1463//1068
f 1496//1067 1495//1067 1462//1067
f 1495//1066 1494//1066 1461//1066
f 1494//1065 1493//1065 1460//1065
f 1493//1064 1492//1064 1459//1064
f 1492//1063 1491//1063 1458//1063
f 1491//1062 1490//1062 1457//1062
f 1490//1061 1489//1061 1456//1061
f 1489//1060 1488//1060 1455//1060
f 1488//1059 1487//1059 1454//1059
f 1487//1058 1486//1058 1453//1058
f 1486//1057 1485//1057 1452//1057
f 1485//1056 1484//1056 1451//1056
f 1484//1055 1483//1055 1450//1055
f 1483//1054 1482//1054 1449//1054
f 1482//1053 1481//1053 1448//1053
f 1481//1052 1480//1052 1447//1052
f 1480//1051 1479//1051 1446//1051
f 1479//1050 1478//1050 1445//1050
f 1478//1049 1477//1049 1444//1049
f 1477//1048 1476//1048 1443//1048
f 1476//1047 1475//1047 1442//1047
f 1475//1046 1474//1046 1441//1046
f 1474//1045 1473//1045 1440//1045
f 1473//1044 1505//1044 1472//1044
f 1472//1043 1471//1043 1438//1043
f 1471//1042 1470//1042 1437//1042
f 1470//1041 1469//1041 1436//1041
f 1469//1040 1468//1040 1435//1040
f 1468//1039 1467//1039 1434//1039
f 1467//1038 1466//1038 1433//1038
f 1466//1037 1465//1037 1432//1037
f 1465//1036 1464//1036 1431//1036
f 1464//1035 1463//1035 1430//1035
f 1463//1034 1462//1034 1429//1034
f 1462//1033 1461//1033 1428//1033
f 1461//1032 1460//1032 1427//1032
f 1460//1031 1459//1031 1426//1031
f 1459//1030 1458//1030 1425//1030
f 1458//1029 1457//1029 1424//1029
f 1457//1028 1456//1028 1423//1028
f 1456//1027 1455//1027 1422//1027
f 1455//1026 1454//1026 1421//1026
f 1454//1025 1453//1025 1420//1025
f 1453//1024 1452//1024 1419//1024
f 1452//1023 1451//1023 1418//1023
f 1451//1022 1450//1022 1417//1022
f 1450//1021 1449//1021 1416//1021
f 1449//1020 1448//1020 1415//1020
f 1448//1019 1447//1019 1414//1019
f 1447//1018 1446//1018 1413//1018
f 1446//1017 1445//1017 1412//1017
f 1445//1016 1444//1016 1411//1016
f 1444//1015 1443//1015 1410//1015
f 1443//1014 1442//1014 1409//1014
f 1442//1013 1441//1013 1408//1013
f 1441//1012 1440//1012 1407//1012
f 1440//1011 1472//1011 1439//1011
f 1439//1010 1438//1010 1352//1010
f 1355//1143 1352//1143 1438//1143
f 1354//1144 1356//1144 1437//1144
f 1436//1005 1435//1005 1357//1005
f 1360//1145 1357//1145 1435//1145
f 1359//1146 1361//1146 1434//1146
f 1433//1000 1432//1000 1362//1000
f 1365//1147 1362//1147 1432//1147
f 1364//1148 1366//1148 1431//1148
f 1430//995 1429//995 1367//995
f 1370//1149 1367//1149 1429//1149
f 1369//1150 1371//1150 1428//1150
f 1372//1151 1373//1151 1427//1151
f 1426//988 1425//988 1375//988
f 1374//1152 1375//1152 1425//1152
f 1377//1153 1378//1153 1424//1153
f 1423//983 1422//983 1379//983
f 1382//1154 1379//1154 1422//1154
f 1385//1155 1381//1155 1421//1155
f 1420//978 1419//978 1384//978
f 1387//1156 1384//1156 1419//1156
f 1390//1157 1386//1157 1418//1157
f 1389//1158 1388//1158 1417//1158
f 1416//971 1415//971 1391//971
f 1395//1159 1391//1159 1415//1159
f 1394//1160 1393//1160 1414//1160
f 1413//966 1412//966 1397//966
f 1400//1161 1397//1161 1412//1161
f 1399//1162 1398//1162 1411//1162
f 1410//961 1409//961 1402//961
f 1405//1163 1402//1163 1409//1163
f 1404//1164 1403//1164 1408//1164
f 1407//956 1439//956 1353//956
f 1572//604 1539//604 1540//604
f 1540//604 1541//604 1572//604
f 1541//604 1542//604 1572//604
f 1542//604 1543//604 1572//604
f 1543//604 1544//604 1572//604
f 1544//604 1545//604 1572//604
f 1545//604 1546//604 1572//604
f 1546//604 1547//604 1572//604
f 1547//604 1548//604 1572//604
f 1548//604 1549//604 1572//604
f 1549//604 1550//604 1572//604
f 1550//604 1551//604 1572//604
f 1551//604 1552//604 1572//604
f 1552//604 1553//604 1572//604
f 1553//604 1554//604 1572//604
f 1554//604 1555//604 1572//604
f 1555//604 1556//604 1572//604
f 1556//604 1557//604 1572//604
f 1557//604 1558//604 1572//604
f 1558//604 1559//604 1572//604
f 1559//604 1560//604 1572//604
f 1560//604 1561//604 1572//604
f 1561//604 1562//604 1572//604
f 1562//604 1563//604 1572//604
f 1563//604 1564//604 1572//604
f 1564//604 1565//604 1572//604
f 1565//604 1566//604 1572//604
f 1566//604 1567//604 1572//604
f 1567//604 1568//604 1572//604
f 1568//604 1569//604 1572//604
f 1569//604 1570//604 1572//604
f 1570//604 1571//604 1572//604
f 1571//604 1539//604 1572//604
#3156 polygons

